<?xml version="1.0" encoding="UTF-8"?>
<COLLADA xmlns="http://www.collada.org/2005/11/COLLADASchema" version="1.4.1">
<!--
# File generated by ImageToStl.com - Free Image and 3D model conversion tools
-->
  <asset>
    <contributor>
      <author>ImageToStl.com</author>
      <authoring_tool>ImageToStl.com</authoring_tool>
    </contributor>
    <created>2025-07-15T01:10:36</created>
    <modified>2025-07-15T01:10:36</modified>
    <up_axis>Z_UP</up_axis>
  </asset>
  <library_effects>
    <effect id="effect_0">
        <profile_COMMON>
          <technique sid="common">
            <phong>
              <diffuse>
                <color>0.03922 0.03922 0.03922 1</color>
              </diffuse>
              <specular>
                <color>0.05 0.05 0.05 1</color>
              </specular>
              <shininess>
                <float>64</float>
              </shininess>
              <transparency>
                <float>1</float>
              </transparency>
            </phong>
          </technique>
        </profile_COMMON>
    </effect>
  </library_effects>
  <library_materials>
    <material id="mat_0">
      <instance_effect url="#effect_0"/>
    </material>
  </library_materials>
  <library_geometries>
    <geometry id="geometry_e322ed10_901e_44b0_b494_9ec4557bacb0">
      <mesh>
        <source id="pos_0">
          <float_array id="pos_0-array" count="33138">30.45000076 42.79999924 7.4000001 30.54999924 42.90000153 7.4000001 30.44695473 42.79999924 7.27787781 30.64999962 43 7.4000001 30.64670563 43 7.26790857 30.44695473 42.79999924 7.52212238 30.64670563 43 7.53209162 30.63683128 43 7.13614511 30.53732872 42.90000153 7.14610195 30.62040138 43 7.00503778 30.43782616 42.79999924 7.15605879 30.42263603 42.79999924 7.03484631 30.59745789 43 6.87491274 30.49943924 42.90000153 6.89472723 30.5680542 43 6.7460928 30.4014225 42.79999924 6.91454172 30.37423897 42.79999924 6.79544449 30.53226852 43 6.61889887 30.43671036 42.90000153 6.64837408 30.49018478 43 6.49364662 30.3411541 42.79999924 6.67784977 30.30224609 42.79999924 6.56205082 30.34976387 42.90000153 6.40949106 30.4419117 43 6.37064791 30.38756752 43 6.2502079 30.25761604 42.79999924 6.44833469 30.20737457 42.79999924 6.33698463 30.23946571 42.90000153 6.18045235 30.32728767 43 6.13262701 30.26122093 43 6.01819658 30.15164375 42.79999924 6.22827768 30.09056282 42.79999924 6.12248373 30.18953323 43 5.90720177 30.1069088 42.90000153 5.96353388 30.11240196 43 5.79991817 30.02428436 42.79999924 6.01986599 29.95297432 42.79999924 5.92067909 30.03001785 43 5.69661283 29.95341301 42.90000153 5.76089144 29.9425869 43 5.59754229 29.87680817 42.79999924 5.82517052 29.79597664 42.79999924 5.73357677 29.78050423 42.90000153 5.57453966 29.85032845 43 5.50295305 29.75346756 43 5.41307974 29.71068001 42.79999924 5.64612627 29.62112999 42.79999924 5.56303596 29.58989906 42.90000153 5.40632963 29.52754974 42.79999924 5.48451281 29.43017197 42.79999924 5.41075182 29.65224838 43 5.32814646 29.54692078 43 5.24836445 29.32923889 42.79999924 5.34193659 29.38349342 42.90000153 5.25793409 29.22500038 42.79999924 5.27823782 29.43774796 43 5.17393112 29.32500076 43 5.10503244 29.16333771 42.90000153 5.13082695 29.11771584 42.79999924 5.2198143 29.00765419 42.79999924 5.16681051 29.20895767 43 5.0418396 29.08991051 43 4.98450947 28.93161964 42.90000153 5.02627182 28.89508629 42.79999924 5.11935949 28.78029251 42.79999924 5.07757807 28.968153 43 4.93318462 28.84399033 43 4.88799238 28.66355896 42.79999924 5.04157066 28.69064331 42.90000153 4.94530821 28.54517555 42.79999924 5.01142645 28.71772766 43 4.84904575 28.58967972 43 4.81644106 28.42543793 42.79999924 4.98722124 28.44280243 42.90000153 4.88874006 28.30464172 42.79999924 4.96901417 28.46016693 43 4.79025936 28.32951164 43 4.77056599 28.19056129 42.90000153 4.85713053 28.1830883 42.79999924 4.95685053 28.06108093 42.79999924 4.95076132 28.19803429 43 4.75741005 28.06606674 43 4.7508235 27.93642616 42.90000153 4.85079241 27.93891907 42.79999924 4.95076132 27.8169117 42.79999924 4.95685053 27.93393326 43 4.7508235 27.80196571 43 4.75741005 27.69535828 42.79999924 4.96901417 27.68292427 42.90000153 4.86979008 27.57456207 42.79999924 4.98722124 27.67048836 43 4.77056599 27.53983307 43 4.79025936 27.45482445 42.79999924 5.01142645 27.43257141 42.90000153 4.91393375 27.33644104 42.79999924 5.04157066 27.41032028 43 4.81644106 27.28227234 43 4.84904575 27.21970749 42.79999924 5.07757807 27.18785858 42.90000153 4.98278522 27.10491371 42.79999924 5.11935949 27.15600967 43 4.88799238 27.031847 43 4.93318462 26.99234581 42.79999924 5.16681051 26.95121765 42.90000153 5.07566023 26.88228416 42.79999924 5.2198143 26.91008949 43 4.98450947 26.79104233 43 5.0418396 26.77499962 42.79999924 5.27823782 26.72500038 42.90000153 5.19163513 26.67076111 42.79999924 5.34193659 26.67499924 43 5.10503244 26.56225204 43 5.17393112 26.51145363 42.90000153 5.3295579 26.56982803 42.79999924 5.41075182 26.47245026 42.79999924 5.48451281 26.45307922 43 5.24836445 26.34775162 43 5.32814646 26.37887001 42.79999924 5.56303596 26.31270027 42.90000153 5.48805809 26.28931999 42.79999924 5.64612627 26.24653244 43 5.41307974 26.14967155 43 5.50295305 26.20402336 42.79999924 5.73357677 26.13071823 42.90000153 5.66555929 26.12319183 42.79999924 5.82517052 26.0574131 43 5.59754229 25.96998215 43 5.69661283 26.04702568 42.79999924 5.92067909 25.96731186 42.90000153 5.86029863 25.97571564 42.79999924 6.01986599 25.88759804 43 5.79991817 25.81046677 43 5.90720177 25.90943718 42.79999924 6.12248373 25.82410812 42.90000153 6.07034016 25.84835625 42.79999924 6.22827768 25.73877907 43 6.01819658 25.67271233 43 6.13262701 25.79262543 42.79999924 6.33698463 25.70252991 42.90000153 6.29359627 25.74238396 42.79999924 6.44833469 25.61243248 43 6.2502079 25.5580883 43 6.37064791 25.60378456 42.90000153 6.52784872 25.69775391 42.79999924 6.56205082 25.6588459 42.79999924 6.67784977 25.50981522 43 6.49364662 25.46773148 43 6.61889887 25.62576103 42.79999924 6.79544449 25.52885246 42.90000153 6.77076864 25.5985775 42.79999924 6.91454172 25.4319458 43 6.7460928 25.40254211 43 6.87491274 25.57736397 42.79999924 7.03484631 25.47848129 42.90000153 7.01994228 25.56217384 42.79999924 7.15605879 25.37959862 43 7.00503778 25.36316872 43 7.13614511 25.55304527 42.79999924 7.27787781 25.45317078 42.90000153 7.27289295 25.54999924 42.79999924 7.4000001 25.35329437 43 7.26790857 25.35000038 43 7.4000001 25.45317078 42.90000153 7.52710724 25.55304527 42.79999924 7.52212238 25.56217384 42.79999924 7.6439414 25.35329437 43 7.53209162 25.36316872 43 7.6638546 25.57736397 42.79999924 7.76515341 25.47848129 42.90000153 7.78005791 25.5985775 42.79999924 7.88545799 25.37959862 43 7.79496193 25.40254211 43 7.92508745 25.52885246 42.90000153 8.02923107 25.62576103 42.79999924 8.0045557 25.6588459 42.79999924 8.12215042 25.4319458 43 8.05390739 25.46773148 43 8.18110085 25.69775391 42.79999924 8.23794937 25.60378456 42.90000153 8.27215099 25.74238396 42.79999924 8.3516655 25.50981522 43 8.30635357 25.5580883 43 8.42935181 25.61243248 43 8.54979229 25.70252991 42.90000153 8.50640392 25.67271233 43 8.6673727 25.79262543 42.79999924 8.46301556 25.84835625 42.79999924 8.57172203 25.73877907 43 8.78180313 25.82410812 42.90000153 8.72966003 25.81046677 43 8.89279842 25.90943718 42.79999924 8.67751598 25.97571564 42.79999924 8.7801342 25.88759804 43 9.00008202 25.96731186 42.90000153 8.93970108 25.96998215 43 9.10338688 26.04702568 42.79999924 8.8793211 26.12319183 42.79999924 8.97482967 26.0574131 43 9.20245743 26.13071823 42.90000153 9.13444042 26.14967155 43 9.29704762 26.20402336 42.79999924 9.06642342 26.28931999 42.79999924 9.15387344 26.24653244 43 9.38691998 26.31270027 42.90000153 9.3119421 26.34775162 43 9.47185326 26.37887001 42.79999924 9.23696423 26.47245026 42.79999924 9.31548691 26.56982803 42.79999924 9.38924789 26.51145363 42.90000153 9.47044182 26.67076111 42.79999924 9.45806313 26.45307922 43 9.55163574 26.56225204 43 9.62606907 26.72500038 42.90000153 9.60836506 26.77499962 42.79999924 9.52176189 26.88228416 42.79999924 9.58018589 26.67499924 43 9.69496727 26.79104233 43 9.75816059 26.99234581 42.79999924 9.6331892 26.95121765 42.90000153 9.72433949 27.10491371 42.79999924 9.68064022 26.91008949 43 9.81549072 27.031847 43 9.86681557 27.21970749 42.79999924 9.72242165 27.18785858 42.90000153 9.81721497 27.33644104 42.79999924 9.75842953 27.15600967 43 9.91200733 27.28227234 43 9.95095444 27.45482445 42.79999924 9.78857327 27.43257141 42.90000153 9.88606644 27.57456207 42.79999924 9.81277943 27.41032028 43 9.98355865 27.53983307 43 10.00974083 27.67048836 43 10.0294342 27.68292427 42.90000153 9.93021011 27.80196571 43 10.04259014 27.69535828 42.79999924 9.83098602 27.8169117 42.79999924 9.84314919 27.93393326 43 10.04917622 27.93642616 42.90000153 9.94920731 28.06606674 43 10.04917622 27.93891907 42.79999924 9.8492384 28.06108093 42.79999924 9.8492384 28.19803429 43 10.04259014 28.19056129 42.90000153 9.94287014 28.32951164 43 10.0294342 28.1830883 42.79999924 9.84314919 28.30464172 42.79999924 9.83098602 28.44280243 42.90000153 9.91125965 28.46016693 43 10.00974083 28.58967972 43 9.98355865 28.42543793 42.79999924 9.81277943 28.54517555 42.79999924 9.78857327 28.69064331 42.90000153 9.85469151 28.71772766 43 9.95095444 28.84399033 43 9.91200733 28.66355896 42.79999924 9.75842953 28.78029251 42.79999924 9.72242165 28.968153 43 9.86681557 28.93161964 42.90000153 9.77372837 29.08991051 43 9.81549072 28.89508629 42.79999924 9.68064022 29.00765419 42.79999924 9.6331892 29.20895767 43 9.75816059 29.16333771 42.90000153 9.66917324 29.32500076 43 9.69496727 29.11771584 42.79999924 9.58018589 29.22500038 42.79999924 9.52176189 29.43774796 43 9.62606907 29.38349342 42.90000153 9.54206657 29.54692078 43 9.55163574 29.32923889 42.79999924 9.45806313 29.43017197 42.79999924 9.38924789 29.65224838 43 9.47185326 29.58989906 42.90000153 9.39367008 29.75346756 43 9.38691998 29.52754974 42.79999924 9.31548691 29.62112999 42.79999924 9.23696423 29.85032845 43 9.29704762 29.78050423 42.90000153 9.22546005 29.9425869 43 9.20245743 29.71068001 42.79999924 9.15387344 29.79597664 42.79999924 9.06642342 29.95341301 42.90000153 9.03910828 30.03001785 43 9.10338688 30.11240196 43 9.00008202 29.87680817 42.79999924 8.97482967 29.95297432 42.79999924 8.8793211 30.1069088 42.90000153 8.83646584 30.18953323 43 8.89279842 30.26122093 43 8.78180313 30.02428436 42.79999924 8.7801342 30.09056282 42.79999924 8.67751598 30.23946571 42.90000153 8.61954784 30.32728767 43 8.6673727 30.38756752 43 8.54979229 30.15164375 42.79999924 8.57172203 30.20737457 42.79999924 8.46301556 30.34976387 42.90000153 8.39050865 30.4419117 43 8.42935181 30.49018478 43 8.30635357 30.25761604 42.79999924 8.3516655 30.30224609 42.79999924 8.23794937 30.53226852 43 8.18110085 30.43671036 42.90000153 8.15162563 30.5680542 43 8.05390739 30.3411541 42.79999924 8.12215042 30.37423897 42.79999924 8.0045557 30.59745789 43 7.92508745 30.49943924 42.90000153 7.90527248 30.62040138 43 7.79496193 30.4014225 42.79999924 7.88545799 30.42263603 42.79999924 7.76515341 30.53732872 42.90000153 7.65389824 30.63683128 43 7.6638546 30.43782616 42.79999924 7.6439414 35 43 0.5 35 43 14.10000038 10.58994961 43 4.61005068 10.63733196 43 4.6598177 10.54018211 43 4.56266832 10.4881506 43 4.51778555 10.68221474 43 4.71184921 10.43397903 43 4.47550964 10.72449017 43 4.76602077 10.37779808 43 4.43594265 10.76405716 43 4.82220173 10.31974411 43 4.39917994 10.80082035 43 4.88025618 10.25995541 43 4.36531019 10.83469009 43 4.9400444 10.86558533 43 5.00142288 10.19857693 43 4.33441496 10.13575649 43 4.30656862 10.89343166 43 5.06424332 10.07164574 43 4.28183842 10.91816139 43 5.12835407 10.0063982 43 4.26028347 10.93971634 43 5.19360161 9.9401722 43 4.24195623 10.95804405 43 5.25982761 9.87312603 43 4.22690058 10.97309971 43 5.32687378 9.80542278 43 4.21515274 10.98484707 43 5.3945775 9.73722363 43 4.20674133 10.99325848 43 5.46277618 9.6686945 43 4.20168638 10.9983139 43 5.53130531 9.60000038 43 4.19999981 11 43 5.5999999 11 43 9.19999981 10.9983139 43 9.26869488 10.99325848 43 9.33722401 10.98484707 43 9.40542221 10.97309971 43 9.47312641 10.95804405 43 9.54017258 10.93971634 43 9.60639858 10.91816139 43 9.67164612 10.89343166 43 9.73575687 10.86558533 43 9.79857731 10.83469009 43 9.85995579 10.80082035 43 9.91974354 10.76405716 43 9.97779846 10.72449017 43 10.03397942 10.68221474 43 10.08815098 10.63733196 43 10.1401825 10.58994961 43 10.18994904 10.54018211 43 10.23733139 10.4881506 43 10.28221416 10.43397903 43 10.32449055 10.37779808 43 10.36405754 10.31974411 43 10.40081978 10.25995541 43 10.43468952 10.19857693 43 10.46558475 10.13575649 43 10.49343109 10.07164574 43 10.51816177 10.0063982 43 10.53971672 9.9401722 43 10.55804348 9.87312603 43 10.57309914 -26.14967155 43 5.50295305 -10.68221474 43 4.71184921 -10.63733196 43 4.6598177 -26.0574131 43 5.59754229 -10.72449017 43 4.76602077 -10.76405716 43 4.82220173 -26.24653244 43 5.41307974 -10.58994961 43 4.61005068 -25.96998215 43 5.69661283 -10.80082035 43 4.88025618 -26.34775162 43 5.32814646 -10.54018211 43 4.56266832 -25.88759804 43 5.79991817 -10.83469009 43 4.9400444 -26.45307922 43 5.24836445 -10.4881506 43 4.51778555 -25.81046677 43 5.90720177 -10.86558533 43 5.00142288 -26.56225204 43 5.17393112 -10.43397903 43 4.47550964 -25.73877907 43 6.01819658 -10.89343166 43 5.06424332 -26.67499924 43 5.10503244 -10.37779808 43 4.43594265 -25.67271233 43 6.13262701 -10.91816139 43 5.12835407 -26.79104233 43 5.0418396 -10.31974411 43 4.39917994 -25.61243248 43 6.2502079 -10.93971634 43 5.19360161 -26.91008949 43 4.98450947 -10.25995541 43 4.36531019 -25.5580883 43 6.37064791 -10.95804405 43 5.25982761 -10.97309971 43 5.32687378 -27.031847 43 4.93318462 -10.19857693 43 4.33441496 -25.50981522 43 6.49364662 -10.98484707 43 5.3945775 -27.15600967 43 4.88799238 -10.13575649 43 4.30656862 -25.46773148 43 6.61889887 -10.99325848 43 5.46277618 -25.4319458 43 6.7460928 -10.9983139 43 5.53130531 -25.40254211 43 6.87491274 -11 43 5.5999999 -25.37959862 43 7.00503778 -25.36316872 43 7.13614511 -25.35329437 43 7.26790857 -25.35000038 43 7.4000001 -11 43 9.19999981 -25.35329437 43 7.53209162 -25.36316872 43 7.6638546 -25.37959862 43 7.79496193 -25.40254211 43 7.92508745 -10.9983139 43 9.26869488 -25.4319458 43 8.05390739 -10.99325848 43 9.33722401 -25.46773148 43 8.18110085 -10.98484707 43 9.40542221 -25.50981522 43 8.30635357 -10.97309971 43 9.47312641 -25.5580883 43 8.42935181 -10.95804405 43 9.54017258 -10.93971634 43 9.60639858 -25.61243248 43 8.54979229 -10.91816139 43 9.67164612 -25.67271233 43 8.6673727 -10.89343166 43 9.73575687 -25.73877907 43 8.78180313 -10.86558533 43 9.79857731 -25.81046677 43 8.89279842 -10.83469009 43 9.85995579 -25.88759804 43 9.00008202 -10.80082035 43 9.91974354 -25.96998215 43 9.10338688 -10.76405716 43 9.97779846 -26.0574131 43 9.20245743 -10.72449017 43 10.03397942 -10.68221474 43 10.08815098 -26.14967155 43 9.29704762 -10.63733196 43 10.1401825 -35 43 0.5 -9.6686945 43 4.20168638 -9.60000038 43 4.19999981 -27.28227234 43 4.84904575 -9.73722363 43 4.20674133 -27.41032028 43 4.81644106 -9.80542278 43 4.21515274 -27.53983307 43 4.79025936 -9.87312603 43 4.22690058 -9.9401722 43 4.24195623 -27.67048836 43 4.77056599 -10.0063982 43 4.26028347 -27.80196571 43 4.75741005 -10.07164574 43 4.28183842 -27.93393326 43 4.7508235 -28.06606674 43 4.7508235 -28.19803429 43 4.75741005 -28.32951164 43 4.77056599 -28.46016693 43 4.79025936 -28.58967972 43 4.81644106 -28.71772766 43 4.84904575 -28.84399033 43 4.88799238 -28.968153 43 4.93318462 -29.08991051 43 4.98450947 -29.20895767 43 5.0418396 -29.32500076 43 5.10503244 -29.43774796 43 5.17393112 -29.54692078 43 5.24836445 -29.65224838 43 5.32814646 -29.75346756 43 5.41307974 -29.85032845 43 5.50295305 -29.9425869 43 5.59754229 -26.24653244 43 9.38691998 -10.58994961 43 10.18994904 -30.03001785 43 5.69661283 -26.34775162 43 9.47185326 -10.54018211 43 10.23733139 -30.11240196 43 5.79991817 -26.45307922 43 9.55163574 -10.4881506 43 10.28221416 -30.18953323 43 5.90720177 -26.56225204 43 9.62606907 -10.43397903 43 10.32449055 -30.26122093 43 6.01819658 -26.67499924 43 9.69496727 -10.37779808 43 10.36405754 -30.32728767 43 6.13262701 -26.79104233 43 9.75816059 -10.31974411 43 10.40081978 -30.38756752 43 6.2502079 -26.91008949 43 9.81549072 -10.25995541 43 10.43468952 -30.4419117 43 6.37064791 -27.031847 43 9.86681557 -10.19857693 43 10.46558475 -30.49018478 43 6.49364662 -27.15600967 43 9.91200733 -10.13575649 43 10.49343109 -30.53226852 43 6.61889887 -30.5680542 43 6.7460928 -30.59745789 43 6.87491274 -30.62040138 43 7.00503778 -30.63683128 43 7.13614511 -30.64670563 43 7.26790857 -30.64999962 43 7.4000001 -35 43 14.10000038 -27.67048836 43 10.0294342 -27.80196571 43 10.04259014 -27.53983307 43 10.00974083 -27.41032028 43 9.98355865 -27.28227234 43 9.95095444 -10.07164574 43 10.51816177 -10.0063982 43 10.53971672 -9.9401722 43 10.55804348 -9.87312603 43 10.57309914 -30.64670563 43 7.53209162 -30.63683128 43 7.6638546 -30.62040138 43 7.79496193 -30.59745789 43 7.92508745 -30.5680542 43 8.05390739 -30.53226852 43 8.18110085 -30.49018478 43 8.30635357 -30.4419117 43 8.42935181 -30.38756752 43 8.54979229 -30.32728767 43 8.6673727 -30.26122093 43 8.78180313 -30.18953323 43 8.89279842 -30.11240196 43 9.00008202 -30.03001785 43 9.10338688 -29.9425869 43 9.20245743 -29.85032845 43 9.29704762 -29.75346756 43 9.38691998 -29.65224838 43 9.47185326 -29.54692078 43 9.55163574 -29.43774796 43 9.62606907 -29.32500076 43 9.69496727 -29.20895767 43 9.75816059 -29.08991051 43 9.81549072 -28.968153 43 9.86681557 -28.84399033 43 9.91200733 -28.71772766 43 9.95095444 -28.58967972 43 9.98355865 -28.46016693 43 10.00974083 -28.32951164 43 10.0294342 -28.19803429 43 10.04259014 -28.06606674 43 10.04917622 -27.93393326 43 10.04917622 9.60000038 43 10.60000038 9.6686945 43 10.59831333 9.73722363 43 10.59325886 9.80542278 43 10.58484745 -9.60000038 43 10.60000038 -9.6686945 43 10.59831333 -9.73722363 43 10.59325886 -9.80542278 43 10.58484745 25.54999924 32.79999924 7.4000001 25.55304527 32.79999924 7.27787781 25.56217384 32.79999924 7.15605879 25.57736397 32.79999924 7.03484631 25.5985775 32.79999924 6.91454172 25.62576103 32.79999924 6.79544449 25.6588459 32.79999924 6.67784977 25.69775391 32.79999924 6.56205082 25.74238396 32.79999924 6.44833469 25.79262543 32.79999924 6.33698463 25.84835625 32.79999924 6.22827768 25.90943718 32.79999924 6.12248373 25.97571564 32.79999924 6.01986599 26.04702568 32.79999924 5.92067909 26.12319183 32.79999924 5.82517052 26.20402336 32.79999924 5.73357677 26.28931999 32.79999924 5.64612627 26.37887001 32.79999924 5.56303596 26.47245026 32.79999924 5.48451281 26.56982803 32.79999924 5.41075182 26.67076111 32.79999924 5.34193659 26.77499962 32.79999924 5.27823782 26.88228416 32.79999924 5.2198143 26.99234581 32.79999924 5.16681051 27.10491371 32.79999924 5.11935949 27.21970749 32.79999924 5.07757807 27.33644104 32.79999924 5.04157066 27.45482445 32.79999924 5.01142645 27.57456207 32.79999924 4.98722124 27.69535828 32.79999924 4.96901417 27.8169117 32.79999924 4.95685053 27.93891907 32.79999924 4.95076132 28.06108093 32.79999924 4.95076132 28.1830883 32.79999924 4.95685053 28.30464172 32.79999924 4.96901417 28.42543793 32.79999924 4.98722124 28.54517555 32.79999924 5.01142645 28.66355896 32.79999924 5.04157066 28.78029251 32.79999924 5.07757807 28.89508629 32.79999924 5.11935949 29.00765419 32.79999924 5.16681051 29.11771584 32.79999924 5.2198143 29.22500038 32.79999924 5.27823782 29.32923889 32.79999924 5.34193659 29.43017197 32.79999924 5.41075182 29.52754974 32.79999924 5.48451281 29.62112999 32.79999924 5.56303596 29.71068001 32.79999924 5.64612627 29.79597664 32.79999924 5.73357677 29.87680817 32.79999924 5.82517052 29.95297432 32.79999924 5.92067909 30.02428436 32.79999924 6.01986599 30.09056282 32.79999924 6.12248373 30.15164375 32.79999924 6.22827768 30.20737457 32.79999924 6.33698463 30.25761604 32.79999924 6.44833469 30.30224609 32.79999924 6.56205082 30.3411541 32.79999924 6.67784977 30.37423897 32.79999924 6.79544449 30.4014225 32.79999924 6.91454172 30.42263603 32.79999924 7.03484631 30.43782616 32.79999924 7.15605879 30.44695473 32.79999924 7.27787781 30.45000076 32.79999924 7.4000001 30.44695473 32.79999924 7.52212238 30.43782616 32.79999924 7.6439414 30.42263603 32.79999924 7.76515341 30.4014225 32.79999924 7.88545799 30.37423897 32.79999924 8.0045557 30.3411541 32.79999924 8.12215042 30.30224609 32.79999924 8.23794937 30.25761604 32.79999924 8.3516655 30.20737457 32.79999924 8.46301556 30.15164375 32.79999924 8.57172203 30.09056282 32.79999924 8.67751598 30.02428436 32.79999924 8.7801342 29.95297432 32.79999924 8.8793211 29.87680817 32.79999924 8.97482967 29.79597664 32.79999924 9.06642342 29.71068001 32.79999924 9.15387344 29.62112999 32.79999924 9.23696423 29.52754974 32.79999924 9.31548691 29.43017197 32.79999924 9.38924789 29.32923889 32.79999924 9.45806313 29.22500038 32.79999924 9.52176189 29.11771584 32.79999924 9.58018589 29.00765419 32.79999924 9.6331892 28.89508629 32.79999924 9.68064022 28.78029251 32.79999924 9.72242165 28.66355896 32.79999924 9.75842953 28.54517555 32.79999924 9.78857327 28.42543793 32.79999924 9.81277943 28.30464172 32.79999924 9.83098602 28.1830883 32.79999924 9.84314919 28.06108093 32.79999924 9.8492384 27.93891907 32.79999924 9.8492384 27.8169117 32.79999924 9.84314919 27.69535828 32.79999924 9.83098602 27.57456207 32.79999924 9.81277943 27.45482445 32.79999924 9.78857327 27.33644104 32.79999924 9.75842953 27.21970749 32.79999924 9.72242165 27.10491371 32.79999924 9.68064022 26.99234581 32.79999924 9.6331892 26.88228416 32.79999924 9.58018589 26.77499962 32.79999924 9.52176189 26.67076111 32.79999924 9.45806313 26.56982803 32.79999924 9.38924789 26.47245026 32.79999924 9.31548691 26.37887001 32.79999924 9.23696423 26.28931999 32.79999924 9.15387344 26.20402336 32.79999924 9.06642342 26.12319183 32.79999924 8.97482967 26.04702568 32.79999924 8.8793211 25.97571564 32.79999924 8.7801342 25.90943718 32.79999924 8.67751598 25.84835625 32.79999924 8.57172203 25.79262543 32.79999924 8.46301556 25.74238396 32.79999924 8.3516655 25.69775391 32.79999924 8.23794937 25.6588459 32.79999924 8.12215042 25.62576103 32.79999924 8.0045557 25.5985775 32.79999924 7.88545799 25.57736397 32.79999924 7.76515341 25.56217384 32.79999924 7.6439414 25.55304527 32.79999924 7.52212238 -25.54999924 42.79999924 7.4000001 -25.45000076 42.90000153 7.4000001 -25.55304527 42.79999924 7.27787781 -25.55304527 42.79999924 7.52212238 -25.46267128 42.90000153 7.14610195 -25.56217384 42.79999924 7.15605879 -25.57736397 42.79999924 7.03484631 -25.50056076 42.90000153 6.89472723 -25.5985775 42.79999924 6.91454172 -25.62576103 42.79999924 6.79544449 -25.56328964 42.90000153 6.64837408 -25.6588459 42.79999924 6.67784977 -25.69775391 42.79999924 6.56205082 -25.65023613 42.90000153 6.40949106 -25.74238396 42.79999924 6.44833469 -25.79262543 42.79999924 6.33698463 -25.76053429 42.90000153 6.18045235 -25.84835625 42.79999924 6.22827768 -25.90943718 42.79999924 6.12248373 -25.8930912 42.90000153 5.96353388 -25.97571564 42.79999924 6.01986599 -26.04702568 42.79999924 5.92067909 -26.04658699 42.90000153 5.76089144 -26.12319183 42.79999924 5.82517052 -26.20402336 42.79999924 5.73357677 -26.21949577 42.90000153 5.57453966 -26.28931999 42.79999924 5.64612627 -26.37887001 42.79999924 5.56303596 -26.41010094 42.90000153 5.40632963 -26.47245026 42.79999924 5.48451281 -26.56982803 42.79999924 5.41075182 -26.67076111 42.79999924 5.34193659 -26.61650658 42.90000153 5.25793409 -26.77499962 42.79999924 5.27823782 -26.83666229 42.90000153 5.13082695 -26.88228416 42.79999924 5.2198143 -26.99234581 42.79999924 5.16681051 -27.06838036 42.90000153 5.02627182 -27.10491371 42.79999924 5.11935949 -27.21970749 42.79999924 5.07757807 -27.33644104 42.79999924 5.04157066 -27.30935669 42.90000153 4.94530821 -27.45482445 42.79999924 5.01142645 -27.57456207 42.79999924 4.98722124 -27.55719757 42.90000153 4.88874006 -27.69535828 42.79999924 4.96901417 -27.80943871 42.90000153 4.85713053 -27.8169117 42.79999924 4.95685053 -27.93891907 42.79999924 4.95076132 -28.06357384 42.90000153 4.85079241 -28.06108093 42.79999924 4.95076132 -28.1830883 42.79999924 4.95685053 -28.30464172 42.79999924 4.96901417 -28.31707573 42.90000153 4.86979008 -28.42543793 42.79999924 4.98722124 -28.54517555 42.79999924 5.01142645 -28.56742859 42.90000153 4.91393375 -28.66355896 42.79999924 5.04157066 -28.81214142 42.90000153 4.98278522 -28.78029251 42.79999924 5.07757807 -28.89508629 42.79999924 5.11935949 -29.00765419 42.79999924 5.16681051 -29.04878235 42.90000153 5.07566023 -29.11771584 42.79999924 5.2198143 -29.22500038 42.79999924 5.27823782 -29.27499962 42.90000153 5.19163513 -29.32923889 42.79999924 5.34193659 -29.48854637 42.90000153 5.3295579 -29.43017197 42.79999924 5.41075182 -29.52754974 42.79999924 5.48451281 -29.62112999 42.79999924 5.56303596 -29.68729973 42.90000153 5.48805809 -29.71068001 42.79999924 5.64612627 -29.79597664 42.79999924 5.73357677 -29.86928177 42.90000153 5.66555929 -29.87680817 42.79999924 5.82517052 -29.95297432 42.79999924 5.92067909 -30.03268814 42.90000153 5.86029863 -30.02428436 42.79999924 6.01986599 -30.09056282 42.79999924 6.12248373 -30.17589188 42.90000153 6.07034016 -30.15164375 42.79999924 6.22827768 -30.20737457 42.79999924 6.33698463 -30.29747009 42.90000153 6.29359627 -30.25761604 42.79999924 6.44833469 -30.39621544 42.90000153 6.52784872 -30.30224609 42.79999924 6.56205082 -30.3411541 42.79999924 6.67784977 -30.37423897 42.79999924 6.79544449 -30.47114754 42.90000153 6.77076864 -30.4014225 42.79999924 6.91454172 -30.42263603 42.79999924 7.03484631 -30.52151871 42.90000153 7.01994228 -30.43782616 42.79999924 7.15605879 -30.44695473 42.79999924 7.27787781 -30.54682922 42.90000153 7.27289295 -30.45000076 42.79999924 7.4000001 -30.54682922 42.90000153 7.52710724 -30.44695473 42.79999924 7.52212238 -30.43782616 42.79999924 7.6439414 -30.42263603 42.79999924 7.76515341 -30.52151871 42.90000153 7.78005791 -30.4014225 42.79999924 7.88545799 -30.37423897 42.79999924 8.0045557 -30.47114754 42.90000153 8.02923107 -30.3411541 42.79999924 8.12215042 -30.30224609 42.79999924 8.23794937 -30.39621544 42.90000153 8.27215099 -30.25761604 42.79999924 8.3516655 -30.29747009 42.90000153 8.50640392 -30.20737457 42.79999924 8.46301556 -30.15164375 42.79999924 8.57172203 -30.17589188 42.90000153 8.72966003 -30.09056282 42.79999924 8.67751598 -30.02428436 42.79999924 8.7801342 -30.03268814 42.90000153 8.93970108 -29.95297432 42.79999924 8.8793211 -29.87680817 42.79999924 8.97482967 -29.86928177 42.90000153 9.13444042 -29.79597664 42.79999924 9.06642342 -29.71068001 42.79999924 9.15387344 -29.68729973 42.90000153 9.3119421 -29.62112999 42.79999924 9.23696423 -29.52754974 42.79999924 9.31548691 -29.43017197 42.79999924 9.38924789 -29.48854637 42.90000153 9.47044182 -29.32923889 42.79999924 9.45806313 -29.27499962 42.90000153 9.60836506 -29.22500038 42.79999924 9.52176189 -29.11771584 42.79999924 9.58018589 -29.00765419 42.79999924 9.6331892 -29.04878235 42.90000153 9.72433949 -28.89508629 42.79999924 9.68064022 -28.78029251 42.79999924 9.72242165 -28.81214142 42.90000153 9.81721497 -28.66355896 42.79999924 9.75842953 -28.54517555 42.79999924 9.78857327 -28.56742859 42.90000153 9.88606644 -28.42543793 42.79999924 9.81277943 -28.31707573 42.90000153 9.93021011 -28.30464172 42.79999924 9.83098602 -28.1830883 42.79999924 9.84314919 -28.06357384 42.90000153 9.94920731 -28.06108093 42.79999924 9.8492384 -27.93891907 42.79999924 9.8492384 -27.80943871 42.90000153 9.94287014 -27.8169117 42.79999924 9.84314919 -27.69535828 42.79999924 9.83098602 -27.55719757 42.90000153 9.91125965 -27.57456207 42.79999924 9.81277943 -27.45482445 42.79999924 9.78857327 -27.30935669 42.90000153 9.85469151 -27.33644104 42.79999924 9.75842953 -27.21970749 42.79999924 9.72242165 -27.06838036 42.90000153 9.77372837 -27.10491371 42.79999924 9.68064022 -26.99234581 42.79999924 9.6331892 -26.83666229 42.90000153 9.66917324 -26.88228416 42.79999924 9.58018589 -26.77499962 42.79999924 9.52176189 -26.61650658 42.90000153 9.54206657 -26.67076111 42.79999924 9.45806313 -26.56982803 42.79999924 9.38924789 -26.41010094 42.90000153 9.39367008 -26.47245026 42.79999924 9.31548691 -26.37887001 42.79999924 9.23696423 -26.21949577 42.90000153 9.22546005 -26.28931999 42.79999924 9.15387344 -26.20402336 42.79999924 9.06642342 -26.04658699 42.90000153 9.03910828 -26.12319183 42.79999924 8.97482967 -26.04702568 42.79999924 8.8793211 -25.8930912 42.90000153 8.83646584 -25.97571564 42.79999924 8.7801342 -25.90943718 42.79999924 8.67751598 -25.76053429 42.90000153 8.61954784 -25.84835625 42.79999924 8.57172203 -25.79262543 42.79999924 8.46301556 -25.65023613 42.90000153 8.39050865 -25.74238396 42.79999924 8.3516655 -25.69775391 42.79999924 8.23794937 -25.56328964 42.90000153 8.15162563 -25.6588459 42.79999924 8.12215042 -25.62576103 42.79999924 8.0045557 -25.50056076 42.90000153 7.90527248 -25.5985775 42.79999924 7.88545799 -25.57736397 42.79999924 7.76515341 -25.46267128 42.90000153 7.65389824 -25.56217384 42.79999924 7.6439414 -30.45000076 32.79999924 7.4000001 -30.44695473 32.79999924 7.27787781 -30.43782616 32.79999924 7.15605879 -30.42263603 32.79999924 7.03484631 -30.4014225 32.79999924 6.91454172 -30.37423897 32.79999924 6.79544449 -30.3411541 32.79999924 6.67784977 -30.30224609 32.79999924 6.56205082 -30.25761604 32.79999924 6.44833469 -30.20737457 32.79999924 6.33698463 -30.15164375 32.79999924 6.22827768 -30.09056282 32.79999924 6.12248373 -30.02428436 32.79999924 6.01986599 -29.95297432 32.79999924 5.92067909 -29.87680817 32.79999924 5.82517052 -29.79597664 32.79999924 5.73357677 -29.71068001 32.79999924 5.64612627 -29.62112999 32.79999924 5.56303596 -29.52754974 32.79999924 5.48451281 -29.43017197 32.79999924 5.41075182 -29.32923889 32.79999924 5.34193659 -29.22500038 32.79999924 5.27823782 -29.11771584 32.79999924 5.2198143 -29.00765419 32.79999924 5.16681051 -28.89508629 32.79999924 5.11935949 -28.78029251 32.79999924 5.07757807 -28.66355896 32.79999924 5.04157066 -28.54517555 32.79999924 5.01142645 -28.42543793 32.79999924 4.98722124 -28.30464172 32.79999924 4.96901417 -28.1830883 32.79999924 4.95685053 -28.06108093 32.79999924 4.95076132 -27.93891907 32.79999924 4.95076132 -27.8169117 32.79999924 4.95685053 -27.69535828 32.79999924 4.96901417 -27.57456207 32.79999924 4.98722124 -27.45482445 32.79999924 5.01142645 -27.33644104 32.79999924 5.04157066 -27.21970749 32.79999924 5.07757807 -27.10491371 32.79999924 5.11935949 -26.99234581 32.79999924 5.16681051 -26.88228416 32.79999924 5.2198143 -26.77499962 32.79999924 5.27823782 -26.67076111 32.79999924 5.34193659 -26.56982803 32.79999924 5.41075182 -26.47245026 32.79999924 5.48451281 -26.37887001 32.79999924 5.56303596 -26.28931999 32.79999924 5.64612627 -26.20402336 32.79999924 5.73357677 -26.12319183 32.79999924 5.82517052 -26.04702568 32.79999924 5.92067909 -25.97571564 32.79999924 6.01986599 -25.90943718 32.79999924 6.12248373 -25.84835625 32.79999924 6.22827768 -25.79262543 32.79999924 6.33698463 -25.74238396 32.79999924 6.44833469 -25.69775391 32.79999924 6.56205082 -25.6588459 32.79999924 6.67784977 -25.62576103 32.79999924 6.79544449 -25.5985775 32.79999924 6.91454172 -25.57736397 32.79999924 7.03484631 -25.56217384 32.79999924 7.15605879 -25.55304527 32.79999924 7.27787781 -25.54999924 32.79999924 7.4000001 -25.55304527 32.79999924 7.52212238 -25.56217384 32.79999924 7.6439414 -25.57736397 32.79999924 7.76515341 -25.5985775 32.79999924 7.88545799 -25.62576103 32.79999924 8.0045557 -25.6588459 32.79999924 8.12215042 -25.69775391 32.79999924 8.23794937 -25.74238396 32.79999924 8.3516655 -25.79262543 32.79999924 8.46301556 -25.84835625 32.79999924 8.57172203 -25.90943718 32.79999924 8.67751598 -25.97571564 32.79999924 8.7801342 -26.04702568 32.79999924 8.8793211 -26.12319183 32.79999924 8.97482967 -26.20402336 32.79999924 9.06642342 -26.28931999 32.79999924 9.15387344 -26.37887001 32.79999924 9.23696423 -26.47245026 32.79999924 9.31548691 -26.56982803 32.79999924 9.38924789 -26.67076111 32.79999924 9.45806313 -26.77499962 32.79999924 9.52176189 -26.88228416 32.79999924 9.58018589 -26.99234581 32.79999924 9.6331892 -27.10491371 32.79999924 9.68064022 -27.21970749 32.79999924 9.72242165 -27.33644104 32.79999924 9.75842953 -27.45482445 32.79999924 9.78857327 -27.57456207 32.79999924 9.81277943 -27.69535828 32.79999924 9.83098602 -27.8169117 32.79999924 9.84314919 -27.93891907 32.79999924 9.8492384 -28.06108093 32.79999924 9.8492384 -28.1830883 32.79999924 9.84314919 -28.30464172 32.79999924 9.83098602 -28.42543793 32.79999924 9.81277943 -28.54517555 32.79999924 9.78857327 -28.66355896 32.79999924 9.75842953 -28.78029251 32.79999924 9.72242165 -28.89508629 32.79999924 9.68064022 -29.00765419 32.79999924 9.6331892 -29.11771584 32.79999924 9.58018589 -29.22500038 32.79999924 9.52176189 -29.32923889 32.79999924 9.45806313 -29.43017197 32.79999924 9.38924789 -29.52754974 32.79999924 9.31548691 -29.62112999 32.79999924 9.23696423 -29.71068001 32.79999924 9.15387344 -29.79597664 32.79999924 9.06642342 -29.87680817 32.79999924 8.97482967 -29.95297432 32.79999924 8.8793211 -30.02428436 32.79999924 8.7801342 -30.09056282 32.79999924 8.67751598 -30.15164375 32.79999924 8.57172203 -30.20737457 32.79999924 8.46301556 -30.25761604 32.79999924 8.3516655 -30.30224609 32.79999924 8.23794937 -30.3411541 32.79999924 8.12215042 -30.37423897 32.79999924 8.0045557 -30.4014225 32.79999924 7.88545799 -30.42263603 32.79999924 7.76515341 -30.43782616 32.79999924 7.6439414 -30.44695473 32.79999924 7.52212238 -42.79999924 27 9.85000038 -42.90000153 27 9.94999981 -42.79999924 27.12212181 9.84695435 -43 27 10.05000019 -43 27.13209152 10.0467062 -42.79999924 26.87787819 9.84695435 -43 26.86790848 10.0467062 -43 27.26385498 10.03683186 -42.90000153 27.25389862 9.93732834 -43 27.39496231 10.02040195 -42.79999924 27.24394035 9.83782578 -42.79999924 27.36515427 9.82263565 -43 27.52508736 9.9974575 -42.90000153 27.50527191 9.89943981 -43 27.65390778 9.96805477 -42.79999924 27.48545837 9.80142212 -42.79999924 27.60455513 9.77423954 -43 27.78110123 9.93226814 -42.90000153 27.75162506 9.83671093 -43 27.906353 9.89018536 -42.79999924 27.7221508 9.74115372 -42.79999924 27.83794975 9.70224667 -42.90000153 27.99050903 9.74976444 -43 28.02935219 9.84191227 -43 28.14979172 9.78756714 -42.79999924 27.95166588 9.65761662 -42.79999924 28.06301498 9.60737419 -42.90000153 28.21954727 9.63946533 -43 28.26737213 9.72728729 -43 28.38180351 9.66122055 -42.79999924 28.17172241 9.55164242 -42.79999924 28.27751541 9.49056244 -43 28.49279785 9.58953285 -42.90000153 28.43646622 9.50690842 -43 28.6000824 9.51240158 -42.79999924 28.38013458 9.42428493 -42.79999924 28.47932053 9.35297489 -43 28.70338631 9.43001747 -42.90000153 28.63910866 9.35341358 -43 28.80245781 9.34258747 -42.79999924 28.5748291 9.27680874 -42.79999924 28.6664238 9.19597721 -42.90000153 28.82546043 9.18050385 -43 28.89704704 9.25032711 -43 28.9869194 9.15346718 -42.79999924 28.75387383 9.11068058 -42.79999924 28.83696365 9.02113056 -42.90000153 28.99366951 8.98989868 -42.79999924 28.91548729 8.92755032 -42.79999924 28.98924828 8.83017159 -43 29.07185364 9.052248 -43 29.15163612 8.94692039 -42.79999924 29.05806351 8.72923851 -42.90000153 29.14206696 8.78349304 -42.79999924 29.12176132 8.625 -43 29.2260685 8.83774757 -43 29.29496765 8.72500038 -42.90000153 29.26917267 8.56333733 -42.79999924 29.18018532 8.51771641 -42.79999924 29.23318863 8.40765381 -43 29.35816002 8.60895824 -43 29.4154911 8.48991108 -42.90000153 29.3737278 8.33161926 -42.79999924 29.28064156 8.29508591 -42.79999924 29.32242203 8.18029213 -43 29.46681595 8.36815357 -43 29.51200676 8.24398994 -42.79999924 29.35842896 8.06355953 -42.90000153 29.45469093 8.09064293 -42.79999924 29.38857269 7.94517612 -43 29.55095482 8.11772728 -43 29.58355904 7.98968029 -42.79999924 29.41277885 7.82543802 -42.90000153 29.51125908 7.842803 -42.79999924 29.4309864 7.7046423 -43 29.60974121 7.8601675 -43 29.62943459 7.72951078 -42.90000153 29.54286957 7.59056187 -42.79999924 29.44314957 7.58308887 -42.79999924 29.44923782 7.46108007 -43 29.64258957 7.59803486 -43 29.64917564 7.46606636 -42.90000153 29.54920769 7.33642673 -42.79999924 29.44923782 7.33891964 -42.79999924 29.44314957 7.21691132 -43 29.64917564 7.33393383 -43 29.64258957 7.20196533 -42.79999924 29.4309864 7.09535789 -42.90000153 29.53021049 7.08292341 -42.79999924 29.41277885 6.97456217 -43 29.62943459 7.07048941 -43 29.60974121 6.93983221 -42.79999924 29.38857269 6.85482359 -42.90000153 29.48606682 6.83257151 -42.79999924 29.35842896 6.73644066 -43 29.58355904 6.81031942 -43 29.55095482 6.68227291 -42.79999924 29.32242203 6.61970758 -42.90000153 29.41721535 6.58785915 -42.79999924 29.28064156 6.50491428 -43 29.51200676 6.55601025 -43 29.46681595 6.43184614 -42.79999924 29.23318863 6.39234638 -42.90000153 29.32434082 6.35121775 -42.79999924 29.18018532 6.28228378 -43 29.4154911 6.31008911 -43 29.35816002 6.19104195 -42.79999924 29.12176132 6.17500019 -42.90000153 29.20836449 6.125 -42.79999924 29.05806351 6.07076168 -43 29.29496765 6.07499981 -43 29.2260685 5.96225262 -42.90000153 29.0704422 5.91145372 -42.79999924 28.98924828 5.96982813 -42.79999924 28.91548729 5.87244987 -43 29.15163612 5.85307932 -43 29.07185364 5.74775219 -42.79999924 28.83696365 5.77886963 -42.90000153 28.91194153 5.71270132 -42.79999924 28.75387383 5.68931961 -43 28.9869194 5.64653254 -43 28.89704704 5.5496726 -42.79999924 28.6664238 5.60402298 -42.90000153 28.73443985 5.53071785 -42.79999924 28.5748291 5.52319098 -43 28.80245781 5.45741272 -43 28.70338631 5.36998224 -42.79999924 28.47932053 5.4470253 -42.90000153 28.53970146 5.36731195 -42.79999924 28.38013458 5.37571478 -43 28.6000824 5.28759909 -43 28.49279785 5.21046734 -42.79999924 28.27751541 5.30943727 -42.90000153 28.32966042 5.22410822 -42.79999924 28.17172241 5.2483573 -43 28.38180351 5.13877916 -43 28.26737213 5.0727129 -42.79999924 28.06301498 5.19262648 -42.90000153 28.10640335 5.10252953 -42.79999924 27.95166588 5.1423831 -43 28.14979172 5.01243258 -43 28.02935219 4.95808792 -42.90000153 27.87215042 5.0037837 -42.79999924 27.83794975 5.09775305 -42.79999924 27.7221508 5.05884647 -43 27.906353 4.90981436 -43 27.78110123 4.86773205 -42.79999924 27.60455513 5.02576065 -42.90000153 27.6292305 4.92885303 -42.79999924 27.48545837 4.99857759 -43 27.65390778 4.83194542 -43 27.52508736 4.80254269 -42.79999924 27.36515427 4.97736454 -42.90000153 27.38005829 4.87848139 -42.79999924 27.24394035 4.96217442 -43 27.39496231 4.77959824 -43 27.26385498 4.76316833 -42.79999924 27.12212181 4.95304537 -42.90000153 27.12710762 4.85316992 -42.79999924 27 4.94999981 -43 27.13209152 4.75329399 -43 27 4.75 -42.90000153 26.87289238 4.85316992 -42.79999924 26.87787819 4.95304537 -42.79999924 26.75605965 4.96217442 -43 26.86790848 4.75329399 -43 26.73614502 4.76316833 -42.79999924 26.63484573 4.97736454 -42.90000153 26.61994171 4.87848139 -42.79999924 26.51454163 4.99857759 -43 26.60503769 4.77959824 -43 26.47491264 4.80254269 -42.79999924 26.39544487 5.02576065 -42.90000153 26.3707695 4.92885303 -42.79999924 26.2778492 5.05884647 -43 26.34609222 4.83194542 -43 26.21889877 4.86773205 -42.79999924 26.16205025 5.09775305 -42.90000153 26.12784958 5.0037837 -42.79999924 26.04833412 5.1423831 -43 26.093647 4.90981436 -43 25.97064781 4.95808792 -43 25.85020828 5.01243258 -42.90000153 25.89359665 5.10252953 -43 25.73262787 5.0727129 -42.79999924 25.93698502 5.19262648 -42.79999924 25.82827759 5.2483573 -43 25.61819649 5.13877916 -42.90000153 25.67033958 5.22410822 -43 25.50720215 5.21046734 -42.79999924 25.72248459 5.30943727 -42.79999924 25.61986542 5.37571478 -43 25.3999176 5.28759909 -42.90000153 25.46029854 5.36731195 -43 25.29661369 5.36998224 -42.79999924 25.52067947 5.4470253 -42.79999924 25.4251709 5.52319098 -43 25.19754219 5.45741272 -42.90000153 25.26556015 5.53071785 -43 25.10295296 5.5496726 -42.79999924 25.3335762 5.60402298 -42.79999924 25.24612617 5.68931961 -43 25.0130806 5.64653254 -42.90000153 25.08805847 5.71270132 -43 24.92814636 5.74775219 -42.79999924 25.16303635 5.77886963 -42.79999924 25.08451271 5.87244987 -42.79999924 25.01075172 5.96982813 -42.90000153 24.9295578 5.91145372 -42.79999924 24.94193649 6.07076168 -43 24.84836388 5.85307932 -43 24.7739315 5.96225262 -42.90000153 24.79163551 6.125 -42.79999924 24.87823868 6.17500019 -42.79999924 24.81981468 6.28228378 -43 24.70503235 6.07499981 -43 24.64183998 6.19104195 -42.79999924 24.76681137 6.39234638 -42.90000153 24.67565918 6.35121775 -42.79999924 24.71935844 6.50491428 -43 24.5845089 6.31008911 -43 24.53318405 6.43184614 -42.79999924 24.67757797 6.61970758 -42.90000153 24.58278465 6.58785915 -42.79999924 24.64157104 6.73644066 -43 24.48799324 6.55601025 -43 24.44904518 6.68227291 -42.79999924 24.61142731 6.85482359 -42.90000153 24.51393318 6.83257151 -42.79999924 24.58722115 6.97456217 -43 24.41644096 6.81031942 -43 24.39025879 6.93983221 -43 24.37056541 7.07048941 -42.90000153 24.46978951 7.08292341 -43 24.35741043 7.20196533 -42.79999924 24.5690136 7.09535789 -42.79999924 24.55685043 7.21691132 -43 24.35082436 7.33393383 -42.90000153 24.45079231 7.33642673 -43 24.35082436 7.46606636 -42.79999924 24.55076218 7.33891964 -42.79999924 24.55076218 7.46108007 -43 24.35741043 7.59803486 -42.90000153 24.45713043 7.59056187 -43 24.37056541 7.72951078 -42.79999924 24.55685043 7.58308887 -42.79999924 24.5690136 7.7046423 -42.90000153 24.48874092 7.842803 -43 24.39025879 7.8601675 -43 24.41644096 7.98968029 -42.79999924 24.58722115 7.82543802 -42.79999924 24.61142731 7.94517612 -42.90000153 24.54530907 8.09064293 -43 24.44904518 8.11772728 -43 24.48799324 8.24398994 -42.79999924 24.64157104 8.06355953 -42.79999924 24.67757797 8.18029213 -43 24.53318405 8.36815357 -42.90000153 24.6262722 8.33161926 -43 24.5845089 8.48991108 -42.79999924 24.71935844 8.29508591 -42.79999924 24.76681137 8.40765381 -43 24.64183998 8.60895824 -42.90000153 24.73082733 8.56333733 -43 24.70503235 8.72500038 -42.79999924 24.81981468 8.51771641 -42.79999924 24.87823868 8.625 -43 24.7739315 8.83774757 -42.90000153 24.85793304 8.78349304 -43 24.84836388 8.94692039 -42.79999924 24.94193649 8.72923851 -42.79999924 25.01075172 8.83017159 -43 24.92814636 9.052248 -42.90000153 25.00633049 8.98989868 -43 25.0130806 9.15346718 -42.79999924 25.08451271 8.92755032 -42.79999924 25.16303635 9.02113056 -43 25.10295296 9.25032711 -42.90000153 25.17453957 9.18050385 -43 25.19754219 9.34258747 -42.79999924 25.24612617 9.11068058 -42.79999924 25.3335762 9.19597721 -42.90000153 25.36089134 9.35341358 -43 25.29661369 9.43001747 -43 25.3999176 9.51240158 -42.79999924 25.4251709 9.27680874 -42.79999924 25.52067947 9.35297489 -42.90000153 25.56353378 9.50690842 -43 25.50720215 9.58953285 -43 25.61819649 9.66122055 -42.79999924 25.61986542 9.42428493 -42.79999924 25.72248459 9.49056244 -42.90000153 25.78045273 9.63946533 -43 25.73262787 9.72728729 -43 25.85020828 9.78756714 -42.79999924 25.82827759 9.55164242 -42.79999924 25.93698502 9.60737419 -42.90000153 26.00949097 9.74976444 -43 25.97064781 9.84191227 -43 26.093647 9.89018536 -42.79999924 26.04833412 9.65761662 -42.79999924 26.16205025 9.70224667 -43 26.21889877 9.93226814 -42.90000153 26.24837494 9.83671093 -43 26.34609222 9.96805477 -42.79999924 26.2778492 9.74115372 -42.79999924 26.39544487 9.77423954 -43 26.47491264 9.9974575 -42.90000153 26.49472809 9.89943981 -43 26.60503769 10.02040195 -42.79999924 26.51454163 9.80142212 -42.79999924 26.63484573 9.82263565 -42.90000153 26.74610138 9.93732834 -43 26.73614502 10.03683186 -42.79999924 26.75605965 9.83782578 -43 35 0.5 -43 35 14.10000038 -43 18.18994904 4.61005068 -43 18.23733139 4.6598177 -43 18.1401825 4.56266832 -43 18.28221512 4.71184921 -43 18.08815002 4.51778555 -43 18.03397942 4.47550964 -43 18.32448959 4.76602077 -43 18.36405754 4.82220173 -43 17.97779846 4.43594265 -43 18.40081978 4.88025618 -43 17.91974449 4.39917994 -43 17.85995483 4.36531019 -43 18.43469048 4.9400444 -43 17.79857635 4.33441496 -43 18.46558571 5.00142288 -43 17.73575592 4.30656862 -43 18.49343109 5.06424332 -43 17.67164612 4.28183842 -43 18.51816177 5.12835407 -43 17.60639763 4.26028347 -43 18.53971672 5.19360161 -43 17.54017258 4.24195623 -43 18.55804443 5.25982761 -43 17.47312737 4.22690058 -43 18.57309914 5.32687378 -43 17.40542221 4.21515274 -43 18.5848465 5.3945775 -43 17.33722305 4.20674133 -43 18.5932579 5.46277618 -43 17.26869392 4.20168638 -43 18.59831429 5.53130531 -43 17.20000076 4.19999981 -43 18.60000038 5.5999999 -43 13.60000038 4.19999981 -43 18.60000038 9.19999981 -43 13.53130531 4.20168638 -43 18.59831429 9.26869488 -43 13.46277618 4.20674133 -43 18.5932579 9.33722401 -43 18.5848465 9.40542221 -43 18.57309914 9.47312641 -43 18.55804443 9.54017258 -43 18.53971672 9.60639858 -43 18.51816177 9.67164612 -43 18.49343109 9.73575687 -43 18.46558571 9.79857731 -43 18.43469048 9.85995579 -43 18.40081978 9.91974354 -43 18.36405754 9.97779846 -43 18.32448959 10.03397942 -43 18.28221512 10.08815098 -43 18.23733139 10.1401825 -43 18.18994904 10.18994904 -43 18.1401825 10.23733139 -43 18.08815002 10.28221416 -43 18.03397942 10.32449055 -43 17.97779846 10.36405754 -43 17.91974449 10.40081978 -43 17.85995483 10.43468952 -43 17.79857635 10.46558475 -43 17.73575592 10.49343109 -43 17.67164612 10.51816177 -43 17.60639763 10.53971672 -43 17.54017258 10.55804348 -43 17.47312737 10.57309914 -43 17.40542221 10.58484745 -43 17.33722305 10.59325886 -43 17.26869392 10.59831333 -43 -12.5626688 4.6598177 -43 12.6100502 4.61005068 -43 -12.6100502 4.61005068 -43 12.5626688 4.6598177 -43 12.51778507 4.71184921 -43 -12.6598177 4.56266832 -43 12.6598177 4.56266832 -43 -12.71184921 4.51778555 -43 12.71184921 4.51778555 -43 12.76602077 4.47550964 -43 -12.51778507 4.71184921 -43 -12.47550964 4.76602077 -43 12.47550964 4.76602077 -43 -12.76602077 4.47550964 -43 -12.82220173 4.43594265 -43 12.82220173 4.43594265 -43 -12.43594265 4.82220173 -43 12.43594265 4.82220173 -43 -12.8802557 4.39917994 -43 12.8802557 4.39917994 -43 -12.39918041 4.88025618 -43 12.39918041 4.88025618 -43 -12.9400444 4.36531019 -43 12.9400444 4.36531019 -43 13.00142288 4.33441496 -43 -12.36531067 4.9400444 -43 12.36531067 4.9400444 -43 -12.33441544 5.00142288 -43 12.33441544 5.00142288 -43 12.3065691 5.06424332 -43 -13.00142288 4.33441496 -43 -13.06424332 4.30656862 -43 13.06424332 4.30656862 -43 -12.3065691 5.06424332 -43 -13.12835407 4.28183842 -43 13.12835407 4.28183842 -43 -12.28183842 5.12835407 -43 12.28183842 5.12835407 -43 -12.26028347 5.19360161 -43 12.26028347 5.19360161 -43 -13.19360161 4.26028347 -43 13.19360161 4.26028347 -43 -12.24195671 5.25982761 -43 12.24195671 5.25982761 -43 12.22690105 5.32687378 -43 -13.25982761 4.24195623 -43 13.25982761 4.24195623 -43 -13.32687378 4.22690058 -43 13.32687378 4.22690058 -43 13.39457703 4.21515274 -43 -12.22690105 5.32687378 -43 -12.21515274 5.3945775 -43 12.21515274 5.3945775 -43 -13.39457703 4.21515274 -43 -13.46277618 4.20674133 -43 -12.20674133 5.46277618 -43 12.20674133 5.46277618 -43 -12.20168591 5.53130531 -43 12.20168591 5.53130531 -43 12.19999981 5.5999999 -43 -12.19999981 5.5999999 -43 -12.19999981 9.19999981 -43 12.19999981 9.19999981 -43 -12.20168591 9.26869488 -43 12.20168591 9.26869488 -43 -12.20674133 9.33722401 -43 12.20674133 9.33722401 -43 12.21515274 9.40542221 -43 -12.21515274 9.40542221 -43 -12.22690105 9.47312641 -43 12.22690105 9.47312641 -43 -12.24195671 9.54017258 -43 12.24195671 9.54017258 -43 12.26028347 9.60639858 -43 -12.26028347 9.60639858 -43 12.28183842 9.67164612 -43 -12.28183842 9.67164612 -43 -12.3065691 9.73575687 -43 12.3065691 9.73575687 -43 -12.33441544 9.79857731 -43 12.33441544 9.79857731 -43 12.36531067 9.85995579 -43 -12.36531067 9.85995579 -43 -12.39918041 9.91974354 -43 12.39918041 9.91974354 -43 -12.43594265 9.97779846 -43 12.43594265 9.97779846 -43 12.47550964 10.03397942 -43 -12.47550964 10.03397942 -43 -12.51778507 10.08815098 -43 12.51778507 10.08815098 -43 -12.5626688 10.1401825 -43 12.5626688 10.1401825 -43 -12.6100502 10.18994904 -43 12.6100502 10.18994904 -43 12.6598177 10.23733139 -43 -12.6598177 10.23733139 -43 -12.71184921 10.28221416 -43 12.71184921 10.28221416 -43 -12.76602077 10.32449055 -43 12.76602077 10.32449055 -43 -12.82220173 10.36405754 -43 12.82220173 10.36405754 -43 -12.8802557 10.40081978 -43 12.8802557 10.40081978 -43 -12.9400444 10.43468952 -43 12.9400444 10.43468952 -43 -13.00142288 10.46558475 -43 13.00142288 10.46558475 -43 13.06424332 10.49343109 -43 -13.06424332 10.49343109 -43 -13.12835407 10.51816177 -43 13.12835407 10.51816177 -43 -25.10295296 5.5496726 -43 -18.40081978 4.88025618 -43 -18.36405754 4.82220173 -43 -25.19754219 5.45741272 -43 -18.32448959 4.76602077 -43 -25.0130806 5.64653254 -43 -18.43469048 4.9400444 -43 -25.29661369 5.36998224 -43 -18.28221512 4.71184921 -43 -18.23733139 4.6598177 -43 -24.92814636 5.74775219 -43 -18.46558571 5.00142288 -43 -18.49343109 5.06424332 -43 -25.3999176 5.28759909 -43 -18.18994904 4.61005068 -43 -24.84836388 5.85307932 -43 -18.51816177 5.12835407 -43 -25.50720215 5.21046734 -43 -18.1401825 4.56266832 -43 -24.7739315 5.96225262 -43 -18.53971672 5.19360161 -43 -25.61819649 5.13877916 -43 -18.08815002 4.51778555 -43 -24.70503235 6.07499981 -43 -18.55804443 5.25982761 -43 -25.73262787 5.0727129 -43 -18.03397942 4.47550964 -43 -24.64183998 6.19104195 -43 -18.57309914 5.32687378 -43 -18.5848465 5.3945775 -43 -25.85020828 5.01243258 -43 -17.97779846 4.43594265 -43 -24.5845089 6.31008911 -43 -18.5932579 5.46277618 -43 -25.97064781 4.95808792 -43 -17.91974449 4.39917994 -43 -17.85995483 4.36531019 -43 -24.53318405 6.43184614 -43 -18.59831429 5.53130531 -43 -26.093647 4.90981436 -43 -17.79857635 4.33441496 -43 -24.48799324 6.55601025 -43 -18.60000038 5.5999999 -43 -26.21889877 4.86773205 -43 -17.73575592 4.30656862 -43 -24.44904518 6.68227291 -43 -26.34609222 4.83194542 -43 -17.67164612 4.28183842 -43 -24.41644096 6.81031942 -43 -26.47491264 4.80254269 -43 -17.60639763 4.26028347 -43 -24.39025879 6.93983221 -43 -24.37056541 7.07048941 -43 -24.35741043 7.20196533 -43 -24.35082436 7.33393383 -43 -24.35082436 7.46606636 -43 -18.60000038 9.19999981 -43 -24.35741043 7.59803486 -43 -24.37056541 7.72951078 -43 -24.39025879 7.8601675 -43 -24.41644096 7.98968029 -43 -24.44904518 8.11772728 -43 -24.48799324 8.24398994 -43 -18.59831429 9.26869488 -43 -24.53318405 8.36815357 -43 -18.5932579 9.33722401 -43 -24.5845089 8.48991108 -43 -18.5848465 9.40542221 -43 -24.64183998 8.60895824 -43 -18.57309914 9.47312641 -43 -18.55804443 9.54017258 -43 -24.70503235 8.72500038 -43 -18.53971672 9.60639858 -43 -24.7739315 8.83774757 -43 -18.51816177 9.67164612 -43 -24.84836388 8.94692039 -43 -18.49343109 9.73575687 -43 -24.92814636 9.052248 -43 -18.46558571 9.79857731 -43 -18.43469048 9.85995579 -43 -25.0130806 9.15346718 -43 -18.40081978 9.91974354 -43 -25.10295296 9.25032711 -43 -18.36405754 9.97779846 -43 -25.19754219 9.34258747 -43 -18.32448959 10.03397942 -43 -25.29661369 9.43001747 -43 -18.28221512 10.08815098 -43 -18.23733139 10.1401825 -43 -25.3999176 9.51240158 -43 -18.18994904 10.18994904 -43 -25.50720215 9.58953285 -43 -18.1401825 10.23733139 -43 -25.61819649 9.66122055 -43 -18.08815002 10.28221416 -43 -25.73262787 9.72728729 -43 -18.03397942 10.32449055 -43 -35 0.5 -43 -17.26869392 4.20168638 -43 -17.20000076 4.19999981 -43 -17.33722305 4.20674133 -43 -17.40542221 4.21515274 -43 -17.47312737 4.22690058 -43 -17.54017258 4.24195623 -43 -13.60000038 4.19999981 -43 -26.60503769 4.77959824 -43 -26.73614502 4.76316833 -43 -26.86790848 4.75329399 -43 -27 4.75 -43 -27.13209152 4.75329399 -43 -27.26385498 4.76316833 -43 -27.39496231 4.77959824 -43 -27.52508736 4.80254269 -43 -27.65390778 4.83194542 -43 -27.78110123 4.86773205 -43 -27.906353 4.90981436 -43 -28.02935219 4.95808792 -43 -28.14979172 5.01243258 -43 -28.26737213 5.0727129 -43 -28.38180351 5.13877916 -43 -28.49279785 5.21046734 -43 -28.6000824 5.28759909 -43 -28.70338631 5.36998224 -43 -28.80245781 5.45741272 -43 -28.89704704 5.5496726 -43 -28.9869194 5.64653254 -43 -29.07185364 5.74775219 -43 -29.15163612 5.85307932 -43 -29.2260685 5.96225262 -43 -29.29496765 6.07499981 -43 -13.53130531 4.20168638 -43 -29.35816002 6.19104195 -43 -25.85020828 9.78756714 -43 -17.97779846 10.36405754 -43 -29.4154911 6.31008911 -43 -25.97064781 9.84191227 -43 -17.91974449 10.40081978 -43 -17.85995483 10.43468952 -43 -29.46681595 6.43184614 -43 -26.093647 9.89018536 -43 -17.79857635 10.46558475 -43 -29.51200676 6.55601025 -43 -26.21889877 9.93226814 -43 -17.73575592 10.49343109 -43 -29.55095482 6.68227291 -43 -26.34609222 9.96805477 -43 -17.67164612 10.51816177 -43 -29.58355904 6.81031942 -43 -26.47491264 9.9974575 -43 -17.60639763 10.53971672 -43 -29.60974121 6.93983221 -43 -29.62943459 7.07048941 -43 -29.64258957 7.20196533 -43 -29.64917564 7.33393383 -43 -35 14.10000038 -43 -29.62943459 7.72951078 -43 -29.64258957 7.59803486 -43 -29.60974121 7.8601675 -43 -29.58355904 7.98968029 -43 -29.55095482 8.11772728 -43 -29.51200676 8.24398994 -43 -26.86790848 10.0467062 -43 -27 10.05000019 -43 -29.46681595 8.36815357 -43 -26.73614502 10.03683186 -43 -29.4154911 8.48991108 -43 -26.60503769 10.02040195 -43 -29.35816002 8.60895824 -43 -29.29496765 8.72500038 -43 -29.2260685 8.83774757 -43 -29.15163612 8.94692039 -43 -29.07185364 9.052248 -43 -28.9869194 9.15346718 -43 -28.89704704 9.25032711 -43 -28.80245781 9.34258747 -43 -28.70338631 9.43001747 -43 -28.6000824 9.51240158 -43 -28.49279785 9.58953285 -43 -28.38180351 9.66122055 -43 -28.26737213 9.72728729 -43 -28.14979172 9.78756714 -43 -28.02935219 9.84191227 -43 -27.906353 9.89018536 -43 -27.78110123 9.93226814 -43 -27.65390778 9.96805477 -43 -27.52508736 9.9974575 -43 -27.39496231 10.02040195 -43 -27.26385498 10.03683186 -43 -27.13209152 10.0467062 -43 -17.54017258 10.55804348 -43 -17.47312737 10.57309914 -43 -17.40542221 10.58484745 -43 -17.33722305 10.59325886 -43 -17.26869392 10.59831333 -43 -29.64917564 7.46606636 -43 -17.20000076 10.60000038 -43 -13.60000038 10.60000038 -43 -13.53130531 10.59831333 -43 -13.46277618 10.59325886 -43 -13.39457703 10.58484745 -43 -13.32687378 10.57309914 -43 -13.25982761 10.55804348 -43 -13.19360161 10.53971672 -43 13.46277618 10.59325886 -43 13.53130531 10.59831333 -43 13.60000038 10.60000038 -43 17.20000076 10.60000038 -43 13.39457703 10.58484745 -43 13.32687378 10.57309914 -43 13.25982761 10.55804348 -43 13.19360161 10.53971672 -32.79999924 27 4.94999981 -32.79999924 27.12212181 4.95304537 -32.79999924 27.24394035 4.96217442 -32.79999924 27.36515427 4.97736454 -32.79999924 27.48545837 4.99857759 -32.79999924 27.60455513 5.02576065 -32.79999924 27.7221508 5.05884647 -32.79999924 27.83794975 5.09775305 -32.79999924 27.95166588 5.1423831 -32.79999924 28.06301498 5.19262648 -32.79999924 28.17172241 5.2483573 -32.79999924 28.27751541 5.30943727 -32.79999924 28.38013458 5.37571478 -32.79999924 28.47932053 5.4470253 -32.79999924 28.5748291 5.52319098 -32.79999924 28.6664238 5.60402298 -32.79999924 28.75387383 5.68931961 -32.79999924 28.83696365 5.77886963 -32.79999924 28.91548729 5.87244987 -32.79999924 28.98924828 5.96982813 -32.79999924 29.05806351 6.07076168 -32.79999924 29.12176132 6.17500019 -32.79999924 29.18018532 6.28228378 -32.79999924 29.23318863 6.39234638 -32.79999924 29.28064156 6.50491428 -32.79999924 29.32242203 6.61970758 -32.79999924 29.35842896 6.73644066 -32.79999924 29.38857269 6.85482359 -32.79999924 29.41277885 6.97456217 -32.79999924 29.4309864 7.09535789 -32.79999924 29.44314957 7.21691132 -32.79999924 29.44923782 7.33891964 -32.79999924 29.44923782 7.46108007 -32.79999924 29.44314957 7.58308887 -32.79999924 29.4309864 7.7046423 -32.79999924 29.41277885 7.82543802 -32.79999924 29.38857269 7.94517612 -32.79999924 29.35842896 8.06355953 -32.79999924 29.32242203 8.18029213 -32.79999924 29.28064156 8.29508591 -32.79999924 29.23318863 8.40765381 -32.79999924 29.18018532 8.51771641 -32.79999924 29.12176132 8.625 -32.79999924 29.05806351 8.72923851 -32.79999924 28.98924828 8.83017159 -32.79999924 28.91548729 8.92755032 -32.79999924 28.83696365 9.02113056 -32.79999924 28.75387383 9.11068058 -32.79999924 28.6664238 9.19597721 -32.79999924 28.5748291 9.27680874 -32.79999924 28.47932053 9.35297489 -32.79999924 28.38013458 9.42428493 -32.79999924 28.27751541 9.49056244 -32.79999924 28.17172241 9.55164242 -32.79999924 28.06301498 9.60737419 -32.79999924 27.95166588 9.65761662 -32.79999924 27.83794975 9.70224667 -32.79999924 27.7221508 9.74115372 -32.79999924 27.60455513 9.77423954 -32.79999924 27.48545837 9.80142212 -32.79999924 27.36515427 9.82263565 -32.79999924 27.24394035 9.83782578 -32.79999924 27.12212181 9.84695435 -32.79999924 27 9.85000038 -32.79999924 26.87787819 9.84695435 -32.79999924 26.75605965 9.83782578 -32.79999924 26.63484573 9.82263565 -32.79999924 26.51454163 9.80142212 -32.79999924 26.39544487 9.77423954 -32.79999924 26.2778492 9.74115372 -32.79999924 26.16205025 9.70224667 -32.79999924 26.04833412 9.65761662 -32.79999924 25.93698502 9.60737419 -32.79999924 25.82827759 9.55164242 -32.79999924 25.72248459 9.49056244 -32.79999924 25.61986542 9.42428493 -32.79999924 25.52067947 9.35297489 -32.79999924 25.4251709 9.27680874 -32.79999924 25.3335762 9.19597721 -32.79999924 25.24612617 9.11068058 -32.79999924 25.16303635 9.02113056 -32.79999924 25.08451271 8.92755032 -32.79999924 25.01075172 8.83017159 -32.79999924 24.94193649 8.72923851 -32.79999924 24.87823868 8.625 -32.79999924 24.81981468 8.51771641 -32.79999924 24.76681137 8.40765381 -32.79999924 24.71935844 8.29508591 -32.79999924 24.67757797 8.18029213 -32.79999924 24.64157104 8.06355953 -32.79999924 24.61142731 7.94517612 -32.79999924 24.58722115 7.82543802 -32.79999924 24.5690136 7.7046423 -32.79999924 24.55685043 7.58308887 -32.79999924 24.55076218 7.46108007 -32.79999924 24.55076218 7.33891964 -32.79999924 24.55685043 7.21691132 -32.79999924 24.5690136 7.09535789 -32.79999924 24.58722115 6.97456217 -32.79999924 24.61142731 6.85482359 -32.79999924 24.64157104 6.73644066 -32.79999924 24.67757797 6.61970758 -32.79999924 24.71935844 6.50491428 -32.79999924 24.76681137 6.39234638 -32.79999924 24.81981468 6.28228378 -32.79999924 24.87823868 6.17500019 -32.79999924 24.94193649 6.07076168 -32.79999924 25.01075172 5.96982813 -32.79999924 25.08451271 5.87244987 -32.79999924 25.16303635 5.77886963 -32.79999924 25.24612617 5.68931961 -32.79999924 25.3335762 5.60402298 -32.79999924 25.4251709 5.52319098 -32.79999924 25.52067947 5.4470253 -32.79999924 25.61986542 5.37571478 -32.79999924 25.72248459 5.30943727 -32.79999924 25.82827759 5.2483573 -32.79999924 25.93698502 5.19262648 -32.79999924 26.04833412 5.1423831 -32.79999924 26.16205025 5.09775305 -32.79999924 26.2778492 5.05884647 -32.79999924 26.39544487 5.02576065 -32.79999924 26.51454163 4.99857759 -32.79999924 26.63484573 4.97736454 -32.79999924 26.75605965 4.96217442 -32.79999924 26.87787819 4.95304537 -42.79999924 -27 9.85000038 -42.90000153 -27 9.94999981 -42.79999924 -26.87787819 9.84695435 -42.79999924 -27.12212181 9.84695435 -42.90000153 -26.74610138 9.93732834 -42.79999924 -26.75605965 9.83782578 -42.79999924 -26.63484573 9.82263565 -42.90000153 -26.49472809 9.89943981 -42.79999924 -26.51454163 9.80142212 -42.79999924 -26.39544487 9.77423954 -42.90000153 -26.24837494 9.83671093 -42.79999924 -26.2778492 9.74115372 -42.79999924 -26.16205025 9.70224667 -42.90000153 -26.00949097 9.74976444 -42.79999924 -26.04833412 9.65761662 -42.79999924 -25.93698502 9.60737419 -42.90000153 -25.78045273 9.63946533 -42.79999924 -25.82827759 9.55164242 -42.79999924 -25.72248459 9.49056244 -42.90000153 -25.56353378 9.50690842 -42.79999924 -25.61986542 9.42428493 -42.79999924 -25.52067947 9.35297489 -42.90000153 -25.36089134 9.35341358 -42.79999924 -25.4251709 9.27680874 -42.79999924 -25.3335762 9.19597721 -42.90000153 -25.17453957 9.18050385 -42.79999924 -25.24612617 9.11068058 -42.79999924 -25.16303635 9.02113056 -42.90000153 -25.00633049 8.98989868 -42.79999924 -25.08451271 8.92755032 -42.79999924 -25.01075172 8.83017159 -42.79999924 -24.94193649 8.72923851 -42.90000153 -24.85793304 8.78349304 -42.79999924 -24.87823868 8.625 -42.90000153 -24.73082733 8.56333733 -42.79999924 -24.81981468 8.51771641 -42.79999924 -24.76681137 8.40765381 -42.90000153 -24.6262722 8.33161926 -42.79999924 -24.71935844 8.29508591 -42.79999924 -24.67757797 8.18029213 -42.79999924 -24.64157104 8.06355953 -42.90000153 -24.54530907 8.09064293 -42.79999924 -24.61142731 7.94517612 -42.79999924 -24.58722115 7.82543802 -42.90000153 -24.48874092 7.842803 -42.79999924 -24.5690136 7.7046423 -42.90000153 -24.45713043 7.59056187 -42.79999924 -24.55685043 7.58308887 -42.79999924 -24.55076218 7.46108007 -42.90000153 -24.45079231 7.33642673 -42.79999924 -24.55076218 7.33891964 -42.79999924 -24.55685043 7.21691132 -42.79999924 -24.5690136 7.09535789 -42.90000153 -24.46978951 7.08292341 -42.79999924 -24.58722115 6.97456217 -42.79999924 -24.61142731 6.85482359 -42.90000153 -24.51393318 6.83257151 -42.79999924 -24.64157104 6.73644066 -42.79999924 -24.67757797 6.61970758 -42.90000153 -24.58278465 6.58785915 -42.79999924 -24.71935844 6.50491428 -42.79999924 -24.76681137 6.39234638 -42.90000153 -24.67565918 6.35121775 -42.79999924 -24.81981468 6.28228378 -42.79999924 -24.87823868 6.17500019 -42.90000153 -24.79163551 6.125 -42.79999924 -24.94193649 6.07076168 -42.90000153 -24.9295578 5.91145372 -42.79999924 -25.01075172 5.96982813 -42.79999924 -25.08451271 5.87244987 -42.79999924 -25.16303635 5.77886963 -42.90000153 -25.08805847 5.71270132 -42.79999924 -25.24612617 5.68931961 -42.79999924 -25.3335762 5.60402298 -42.90000153 -25.26556015 5.53071785 -42.79999924 -25.4251709 5.52319098 -42.79999924 -25.52067947 5.4470253 -42.90000153 -25.46029854 5.36731195 -42.79999924 -25.61986542 5.37571478 -42.79999924 -25.72248459 5.30943727 -42.90000153 -25.67033958 5.22410822 -42.79999924 -25.82827759 5.2483573 -42.79999924 -25.93698502 5.19262648 -42.90000153 -25.89359665 5.10252953 -42.79999924 -26.04833412 5.1423831 -42.90000153 -26.12784958 5.0037837 -42.79999924 -26.16205025 5.09775305 -42.79999924 -26.2778492 5.05884647 -42.79999924 -26.39544487 5.02576065 -42.90000153 -26.3707695 4.92885303 -42.79999924 -26.51454163 4.99857759 -42.79999924 -26.63484573 4.97736454 -42.90000153 -26.61994171 4.87848139 -42.79999924 -26.75605965 4.96217442 -42.79999924 -26.87787819 4.95304537 -42.90000153 -26.87289238 4.85316992 -42.79999924 -27 4.94999981 -42.90000153 -27.12710762 4.85316992 -42.79999924 -27.12212181 4.95304537 -42.79999924 -27.24394035 4.96217442 -42.79999924 -27.36515427 4.97736454 -42.90000153 -27.38005829 4.87848139 -42.79999924 -27.48545837 4.99857759 -42.79999924 -27.60455513 5.02576065 -42.90000153 -27.6292305 4.92885303 -42.79999924 -27.7221508 5.05884647 -42.79999924 -27.83794975 5.09775305 -42.90000153 -27.87215042 5.0037837 -42.79999924 -27.95166588 5.1423831 -42.90000153 -28.10640335 5.10252953 -42.79999924 -28.06301498 5.19262648 -42.79999924 -28.17172241 5.2483573 -42.90000153 -28.32966042 5.22410822 -42.79999924 -28.27751541 5.30943727 -42.79999924 -28.38013458 5.37571478 -42.90000153 -28.53970146 5.36731195 -42.79999924 -28.47932053 5.4470253 -42.79999924 -28.5748291 5.52319098 -42.90000153 -28.73443985 5.53071785 -42.79999924 -28.6664238 5.60402298 -42.79999924 -28.75387383 5.68931961 -42.90000153 -28.91194153 5.71270132 -42.79999924 -28.83696365 5.77886963 -42.79999924 -28.91548729 5.87244987 -42.79999924 -28.98924828 5.96982813 -42.90000153 -29.0704422 5.91145372 -42.79999924 -29.05806351 6.07076168 -42.90000153 -29.20836449 6.125 -42.79999924 -29.12176132 6.17500019 -42.79999924 -29.18018532 6.28228378 -42.79999924 -29.23318863 6.39234638 -42.90000153 -29.32434082 6.35121775 -42.79999924 -29.28064156 6.50491428 -42.79999924 -29.32242203 6.61970758 -42.90000153 -29.41721535 6.58785915 -42.79999924 -29.35842896 6.73644066 -42.79999924 -29.38857269 6.85482359 -42.90000153 -29.48606682 6.83257151 -42.79999924 -29.41277885 6.97456217 -42.90000153 -29.53021049 7.08292341 -42.79999924 -29.4309864 7.09535789 -42.79999924 -29.44314957 7.21691132 -42.90000153 -29.54920769 7.33642673 -42.79999924 -29.44923782 7.33891964 -42.79999924 -29.44923782 7.46108007 -42.90000153 -29.54286957 7.59056187 -42.79999924 -29.44314957 7.58308887 -42.79999924 -29.4309864 7.7046423 -42.90000153 -29.51125908 7.842803 -42.79999924 -29.41277885 7.82543802 -42.79999924 -29.38857269 7.94517612 -42.90000153 -29.45469093 8.09064293 -42.79999924 -29.35842896 8.06355953 -42.79999924 -29.32242203 8.18029213 -42.90000153 -29.3737278 8.33161926 -42.79999924 -29.28064156 8.29508591 -42.79999924 -29.23318863 8.40765381 -42.90000153 -29.26917267 8.56333733 -42.79999924 -29.18018532 8.51771641 -42.79999924 -29.12176132 8.625 -42.90000153 -29.14206696 8.78349304 -42.79999924 -29.05806351 8.72923851 -42.79999924 -28.98924828 8.83017159 -42.90000153 -28.99366951 8.98989868 -42.79999924 -28.91548729 8.92755032 -42.79999924 -28.83696365 9.02113056 -42.90000153 -28.82546043 9.18050385 -42.79999924 -28.75387383 9.11068058 -42.79999924 -28.6664238 9.19597721 -42.90000153 -28.63910866 9.35341358 -42.79999924 -28.5748291 9.27680874 -42.79999924 -28.47932053 9.35297489 -42.90000153 -28.43646622 9.50690842 -42.79999924 -28.38013458 9.42428493 -42.79999924 -28.27751541 9.49056244 -42.90000153 -28.21954727 9.63946533 -42.79999924 -28.17172241 9.55164242 -42.79999924 -28.06301498 9.60737419 -42.90000153 -27.99050903 9.74976444 -42.79999924 -27.95166588 9.65761662 -42.79999924 -27.83794975 9.70224667 -42.90000153 -27.75162506 9.83671093 -42.79999924 -27.7221508 9.74115372 -42.79999924 -27.60455513 9.77423954 -42.90000153 -27.50527191 9.89943981 -42.79999924 -27.48545837 9.80142212 -42.79999924 -27.36515427 9.82263565 -42.90000153 -27.25389862 9.93732834 -42.79999924 -27.24394035 9.83782578 -32.79999924 -27 4.94999981 -32.79999924 -26.87787819 4.95304537 -32.79999924 -26.75605965 4.96217442 -32.79999924 -26.63484573 4.97736454 -32.79999924 -26.51454163 4.99857759 -32.79999924 -26.39544487 5.02576065 -32.79999924 -26.2778492 5.05884647 -32.79999924 -26.16205025 5.09775305 -32.79999924 -26.04833412 5.1423831 -32.79999924 -25.93698502 5.19262648 -32.79999924 -25.82827759 5.2483573 -32.79999924 -25.72248459 5.30943727 -32.79999924 -25.61986542 5.37571478 -32.79999924 -25.52067947 5.4470253 -32.79999924 -25.4251709 5.52319098 -32.79999924 -25.3335762 5.60402298 -32.79999924 -25.24612617 5.68931961 -32.79999924 -25.16303635 5.77886963 -32.79999924 -25.08451271 5.87244987 -32.79999924 -25.01075172 5.96982813 -32.79999924 -24.94193649 6.07076168 -32.79999924 -24.87823868 6.17500019 -32.79999924 -24.81981468 6.28228378 -32.79999924 -24.76681137 6.39234638 -32.79999924 -24.71935844 6.50491428 -32.79999924 -24.67757797 6.61970758 -32.79999924 -24.64157104 6.73644066 -32.79999924 -24.61142731 6.85482359 -32.79999924 -24.58722115 6.97456217 -32.79999924 -24.5690136 7.09535789 -32.79999924 -24.55685043 7.21691132 -32.79999924 -24.55076218 7.33891964 -32.79999924 -24.55076218 7.46108007 -32.79999924 -24.55685043 7.58308887 -32.79999924 -24.5690136 7.7046423 -32.79999924 -24.58722115 7.82543802 -32.79999924 -24.61142731 7.94517612 -32.79999924 -24.64157104 8.06355953 -32.79999924 -24.67757797 8.18029213 -32.79999924 -24.71935844 8.29508591 -32.79999924 -24.76681137 8.40765381 -32.79999924 -24.81981468 8.51771641 -32.79999924 -24.87823868 8.625 -32.79999924 -24.94193649 8.72923851 -32.79999924 -25.01075172 8.83017159 -32.79999924 -25.08451271 8.92755032 -32.79999924 -25.16303635 9.02113056 -32.79999924 -25.24612617 9.11068058 -32.79999924 -25.3335762 9.19597721 -32.79999924 -25.4251709 9.27680874 -32.79999924 -25.52067947 9.35297489 -32.79999924 -25.61986542 9.42428493 -32.79999924 -25.72248459 9.49056244 -32.79999924 -25.82827759 9.55164242 -32.79999924 -25.93698502 9.60737419 -32.79999924 -26.04833412 9.65761662 -32.79999924 -26.16205025 9.70224667 -32.79999924 -26.2778492 9.74115372 -32.79999924 -26.39544487 9.77423954 -32.79999924 -26.51454163 9.80142212 -32.79999924 -26.63484573 9.82263565 -32.79999924 -26.75605965 9.83782578 -32.79999924 -26.87787819 9.84695435 -32.79999924 -27 9.85000038 -32.79999924 -27.12212181 9.84695435 -32.79999924 -27.24394035 9.83782578 -32.79999924 -27.36515427 9.82263565 -32.79999924 -27.48545837 9.80142212 -32.79999924 -27.60455513 9.77423954 -32.79999924 -27.7221508 9.74115372 -32.79999924 -27.83794975 9.70224667 -32.79999924 -27.95166588 9.65761662 -32.79999924 -28.06301498 9.60737419 -32.79999924 -28.17172241 9.55164242 -32.79999924 -28.27751541 9.49056244 -32.79999924 -28.38013458 9.42428493 -32.79999924 -28.47932053 9.35297489 -32.79999924 -28.5748291 9.27680874 -32.79999924 -28.6664238 9.19597721 -32.79999924 -28.75387383 9.11068058 -32.79999924 -28.83696365 9.02113056 -32.79999924 -28.91548729 8.92755032 -32.79999924 -28.98924828 8.83017159 -32.79999924 -29.05806351 8.72923851 -32.79999924 -29.12176132 8.625 -32.79999924 -29.18018532 8.51771641 -32.79999924 -29.23318863 8.40765381 -32.79999924 -29.28064156 8.29508591 -32.79999924 -29.32242203 8.18029213 -32.79999924 -29.35842896 8.06355953 -32.79999924 -29.38857269 7.94517612 -32.79999924 -29.41277885 7.82543802 -32.79999924 -29.4309864 7.7046423 -32.79999924 -29.44314957 7.58308887 -32.79999924 -29.44923782 7.46108007 -32.79999924 -29.44923782 7.33891964 -32.79999924 -29.44314957 7.21691132 -32.79999924 -29.4309864 7.09535789 -32.79999924 -29.41277885 6.97456217 -32.79999924 -29.38857269 6.85482359 -32.79999924 -29.35842896 6.73644066 -32.79999924 -29.32242203 6.61970758 -32.79999924 -29.28064156 6.50491428 -32.79999924 -29.23318863 6.39234638 -32.79999924 -29.18018532 6.28228378 -32.79999924 -29.12176132 6.17500019 -32.79999924 -29.05806351 6.07076168 -32.79999924 -28.98924828 5.96982813 -32.79999924 -28.91548729 5.87244987 -32.79999924 -28.83696365 5.77886963 -32.79999924 -28.75387383 5.68931961 -32.79999924 -28.6664238 5.60402298 -32.79999924 -28.5748291 5.52319098 -32.79999924 -28.47932053 5.4470253 -32.79999924 -28.38013458 5.37571478 -32.79999924 -28.27751541 5.30943727 -32.79999924 -28.17172241 5.2483573 -32.79999924 -28.06301498 5.19262648 -32.79999924 -27.95166588 5.1423831 -32.79999924 -27.83794975 5.09775305 -32.79999924 -27.7221508 5.05884647 -32.79999924 -27.60455513 5.02576065 -32.79999924 -27.48545837 4.99857759 -32.79999924 -27.36515427 4.97736454 -32.79999924 -27.24394035 4.96217442 -32.79999924 -27.12212181 4.95304537 42.79999924 27 4.94999981 42.90000153 27 4.8499999 42.79999924 27.12212181 4.95304537 43 27 4.75 43 27.13209152 4.75329399 42.79999924 26.87787819 4.95304537 43 26.86790848 4.75329399 43 27.26385498 4.76316833 42.90000153 27.25389862 4.86267138 43 27.39496231 4.77959824 42.79999924 27.24394035 4.96217442 42.79999924 27.36515427 4.97736454 43 27.52508736 4.80254269 42.90000153 27.50527191 4.90056038 43 27.65390778 4.83194542 42.79999924 27.48545837 4.99857759 42.79999924 27.60455513 5.02576065 43 27.78110123 4.86773205 42.90000153 27.75162506 4.96328926 43 27.906353 4.90981436 42.79999924 27.7221508 5.05884647 42.79999924 27.83794975 5.09775305 42.90000153 27.99050903 5.05023575 43 28.02935219 4.95808792 43 28.14979172 5.01243258 42.79999924 27.95166588 5.1423831 42.79999924 28.06301498 5.19262648 42.90000153 28.21954727 5.16053486 43 28.26737213 5.0727129 43 28.38180351 5.13877916 42.79999924 28.17172241 5.2483573 42.79999924 28.27751541 5.30943727 43 28.49279785 5.21046734 42.90000153 28.43646622 5.2930913 43 28.6000824 5.28759909 42.79999924 28.38013458 5.37571478 42.79999924 28.47932053 5.4470253 43 28.70338631 5.36998224 42.90000153 28.63910866 5.44658661 43 28.80245781 5.45741272 42.79999924 28.5748291 5.52319098 42.79999924 28.6664238 5.60402298 42.90000153 28.82546043 5.61949635 43 28.89704704 5.5496726 43 28.9869194 5.64653254 42.79999924 28.75387383 5.68931961 42.79999924 28.83696365 5.77886963 42.90000153 28.99366951 5.81010103 42.79999924 28.91548729 5.87244987 42.79999924 28.98924828 5.96982813 43 29.07185364 5.74775219 43 29.15163612 5.85307932 42.79999924 29.05806351 6.07076168 42.90000153 29.14206696 6.01650715 42.79999924 29.12176132 6.17500019 43 29.2260685 5.96225262 43 29.29496765 6.07499981 42.90000153 29.26917267 6.23666286 42.79999924 29.18018532 6.28228378 42.79999924 29.23318863 6.39234638 43 29.35816002 6.19104195 43 29.4154911 6.31008911 42.90000153 29.3737278 6.46838045 42.79999924 29.28064156 6.50491428 42.79999924 29.32242203 6.61970758 43 29.46681595 6.43184614 43 29.51200676 6.55601025 42.79999924 29.35842896 6.73644066 42.90000153 29.45469093 6.70935678 42.79999924 29.38857269 6.85482359 43 29.55095482 6.68227291 43 29.58355904 6.81031942 42.79999924 29.41277885 6.97456217 42.90000153 29.51125908 6.95719719 42.79999924 29.4309864 7.09535789 43 29.60974121 6.93983221 43 29.62943459 7.07048941 42.90000153 29.54286957 7.20943832 42.79999924 29.44314957 7.21691132 42.79999924 29.44923782 7.33891964 43 29.64258957 7.20196533 43 29.64917564 7.33393383 42.90000153 29.54920769 7.46357346 42.79999924 29.44923782 7.46108007 42.79999924 29.44314957 7.58308887 43 29.64917564 7.46606636 43 29.64258957 7.59803486 42.79999924 29.4309864 7.7046423 42.90000153 29.53021049 7.7170763 42.79999924 29.41277885 7.82543802 43 29.62943459 7.72951078 43 29.60974121 7.8601675 42.79999924 29.38857269 7.94517612 42.90000153 29.48606682 7.96742821 42.79999924 29.35842896 8.06355953 43 29.58355904 7.98968029 43 29.55095482 8.11772728 42.79999924 29.32242203 8.18029213 42.90000153 29.41721535 8.21214104 42.79999924 29.28064156 8.29508591 43 29.51200676 8.24398994 43 29.46681595 8.36815357 42.79999924 29.23318863 8.40765381 42.90000153 29.32434082 8.44878197 42.79999924 29.18018532 8.51771641 43 29.4154911 8.48991108 43 29.35816002 8.60895824 42.79999924 29.12176132 8.625 42.90000153 29.20836449 8.67500019 42.79999924 29.05806351 8.72923851 43 29.29496765 8.72500038 43 29.2260685 8.83774757 42.90000153 29.0704422 8.88854599 42.79999924 28.98924828 8.83017159 42.79999924 28.91548729 8.92755032 43 29.15163612 8.94692039 43 29.07185364 9.052248 42.79999924 28.83696365 9.02113056 42.90000153 28.91194153 9.08729935 42.79999924 28.75387383 9.11068058 43 28.9869194 9.15346718 43 28.89704704 9.25032711 42.79999924 28.6664238 9.19597721 42.90000153 28.73443985 9.26928234 42.79999924 28.5748291 9.27680874 43 28.80245781 9.34258747 43 28.70338631 9.43001747 42.79999924 28.47932053 9.35297489 42.90000153 28.53970146 9.43268776 42.79999924 28.38013458 9.42428493 43 28.6000824 9.51240158 43 28.49279785 9.58953285 42.79999924 28.27751541 9.49056244 42.90000153 28.32966042 9.57589149 42.79999924 28.17172241 9.55164242 43 28.38180351 9.66122055 43 28.26737213 9.72728729 42.79999924 28.06301498 9.60737419 42.90000153 28.10640335 9.69747066 42.79999924 27.95166588 9.65761662 43 28.14979172 9.78756714 43 28.02935219 9.84191227 42.90000153 27.87215042 9.79621601 42.79999924 27.83794975 9.70224667 42.79999924 27.7221508 9.74115372 43 27.906353 9.89018536 43 27.78110123 9.93226814 42.79999924 27.60455513 9.77423954 42.90000153 27.6292305 9.87114716 42.79999924 27.48545837 9.80142212 43 27.65390778 9.96805477 43 27.52508736 9.9974575 42.79999924 27.36515427 9.82263565 42.90000153 27.38005829 9.92151833 42.79999924 27.24394035 9.83782578 43 27.39496231 10.02040195 43 27.26385498 10.03683186 42.79999924 27.12212181 9.84695435 42.90000153 27.12710762 9.9468298 42.79999924 27 9.85000038 43 27.13209152 10.0467062 43 27 10.05000019 42.90000153 26.87289238 9.9468298 42.79999924 26.87787819 9.84695435 42.79999924 26.75605965 9.83782578 43 26.86790848 10.0467062 43 26.73614502 10.03683186 42.79999924 26.63484573 9.82263565 42.90000153 26.61994171 9.92151833 42.79999924 26.51454163 9.80142212 43 26.60503769 10.02040195 43 26.47491264 9.9974575 42.79999924 26.39544487 9.77423954 42.90000153 26.3707695 9.87114716 42.79999924 26.2778492 9.74115372 43 26.34609222 9.96805477 43 26.21889877 9.93226814 42.79999924 26.16205025 9.70224667 42.90000153 26.12784958 9.79621601 42.79999924 26.04833412 9.65761662 43 26.093647 9.89018536 43 25.97064781 9.84191227 43 25.85020828 9.78756714 42.90000153 25.89359665 9.69747066 43 25.73262787 9.72728729 42.79999924 25.93698502 9.60737419 42.79999924 25.82827759 9.55164242 43 25.61819649 9.66122055 42.90000153 25.67033958 9.57589149 43 25.50720215 9.58953285 42.79999924 25.72248459 9.49056244 42.79999924 25.61986542 9.42428493 43 25.3999176 9.51240158 42.90000153 25.46029854 9.43268776 43 25.29661369 9.43001747 42.79999924 25.52067947 9.35297489 42.79999924 25.4251709 9.27680874 43 25.19754219 9.34258747 42.90000153 25.26556015 9.26928234 43 25.10295296 9.25032711 42.79999924 25.3335762 9.19597721 42.79999924 25.24612617 9.11068058 43 25.0130806 9.15346718 42.90000153 25.08805847 9.08729935 43 24.92814636 9.052248 42.79999924 25.16303635 9.02113056 42.79999924 25.08451271 8.92755032 42.79999924 25.01075172 8.83017159 42.90000153 24.9295578 8.88854599 42.79999924 24.94193649 8.72923851 43 24.84836388 8.94692039 43 24.7739315 8.83774757 42.90000153 24.79163551 8.67500019 42.79999924 24.87823868 8.625 42.79999924 24.81981468 8.51771641 43 24.70503235 8.72500038 43 24.64183998 8.60895824 42.79999924 24.76681137 8.40765381 42.90000153 24.67565918 8.44878197 42.79999924 24.71935844 8.29508591 43 24.5845089 8.48991108 43 24.53318405 8.36815357 42.79999924 24.67757797 8.18029213 42.90000153 24.58278465 8.21214104 42.79999924 24.64157104 8.06355953 43 24.48799324 8.24398994 43 24.44904518 8.11772728 42.79999924 24.61142731 7.94517612 42.90000153 24.51393318 7.96742821 42.79999924 24.58722115 7.82543802 43 24.41644096 7.98968029 43 24.39025879 7.8601675 43 24.37056541 7.72951078 42.90000153 24.46978951 7.7170763 43 24.35741043 7.59803486 42.79999924 24.5690136 7.7046423 42.79999924 24.55685043 7.58308887 43 24.35082436 7.46606636 42.90000153 24.45079231 7.46357346 43 24.35082436 7.33393383 42.79999924 24.55076218 7.46108007 42.79999924 24.55076218 7.33891964 43 24.35741043 7.20196533 42.90000153 24.45713043 7.20943832 43 24.37056541 7.07048941 42.79999924 24.55685043 7.21691132 42.79999924 24.5690136 7.09535789 42.90000153 24.48874092 6.95719719 43 24.39025879 6.93983221 43 24.41644096 6.81031942 42.79999924 24.58722115 6.97456217 42.79999924 24.61142731 6.85482359 42.90000153 24.54530907 6.70935678 43 24.44904518 6.68227291 43 24.48799324 6.55601025 42.79999924 24.64157104 6.73644066 42.79999924 24.67757797 6.61970758 43 24.53318405 6.43184614 42.90000153 24.6262722 6.46838045 43 24.5845089 6.31008911 42.79999924 24.71935844 6.50491428 42.79999924 24.76681137 6.39234638 43 24.64183998 6.19104195 42.90000153 24.73082733 6.23666286 43 24.70503235 6.07499981 42.79999924 24.81981468 6.28228378 42.79999924 24.87823868 6.17500019 43 24.7739315 5.96225262 42.90000153 24.85793304 6.01650715 43 24.84836388 5.85307932 42.79999924 24.94193649 6.07076168 42.79999924 25.01075172 5.96982813 43 24.92814636 5.74775219 42.90000153 25.00633049 5.81010103 43 25.0130806 5.64653254 42.79999924 25.08451271 5.87244987 42.79999924 25.16303635 5.77886963 43 25.10295296 5.5496726 42.90000153 25.17453957 5.61949635 43 25.19754219 5.45741272 42.79999924 25.24612617 5.68931961 42.79999924 25.3335762 5.60402298 42.90000153 25.36089134 5.44658661 43 25.29661369 5.36998224 43 25.3999176 5.28759909 42.79999924 25.4251709 5.52319098 42.79999924 25.52067947 5.4470253 42.90000153 25.56353378 5.2930913 43 25.50720215 5.21046734 43 25.61819649 5.13877916 42.79999924 25.61986542 5.37571478 42.79999924 25.72248459 5.30943727 42.90000153 25.78045273 5.16053486 43 25.73262787 5.0727129 43 25.85020828 5.01243258 42.79999924 25.82827759 5.2483573 42.79999924 25.93698502 5.19262648 42.90000153 26.00949097 5.05023575 43 25.97064781 4.95808792 43 26.093647 4.90981436 42.79999924 26.04833412 5.1423831 42.79999924 26.16205025 5.09775305 43 26.21889877 4.86773205 42.90000153 26.24837494 4.96328926 43 26.34609222 4.83194542 42.79999924 26.2778492 5.05884647 42.79999924 26.39544487 5.02576065 43 26.47491264 4.80254269 42.90000153 26.49472809 4.90056038 43 26.60503769 4.77959824 42.79999924 26.51454163 4.99857759 42.79999924 26.63484573 4.97736454 42.90000153 26.74610138 4.86267138 43 26.73614502 4.76316833 42.79999924 26.75605965 4.96217442 43 -28.80245781 5.45741272 43 -28.89704704 5.5496726 43 -35 0.5 43 -28.9869194 5.64653254 43 -28.70338631 5.36998224 43 -29.07185364 5.74775219 43 -28.6000824 5.28759909 43 -29.15163612 5.85307932 43 -28.49279785 5.21046734 43 -29.2260685 5.96225262 43 -28.38180351 5.13877916 43 -29.29496765 6.07499981 43 -28.26737213 5.0727129 43 -29.35816002 6.19104195 43 -28.14979172 5.01243258 43 -29.4154911 6.31008911 43 -28.02935219 4.95808792 43 -29.46681595 6.43184614 43 -27.906353 4.90981436 43 -29.51200676 6.55601025 43 -27.78110123 4.86773205 43 -29.55095482 6.68227291 43 -27.65390778 4.83194542 43 -29.58355904 6.81031942 43 -27.52508736 4.80254269 43 -29.60974121 6.93983221 43 -27.39496231 4.77959824 43 -29.62943459 7.07048941 43 -27.26385498 4.76316833 43 -29.64258957 7.20196533 43 -27.13209152 4.75329399 43 -29.64917564 7.33393383 43 -27 4.75 43 -26.86790848 4.75329399 43 -26.73614502 4.76316833 43 -26.60503769 4.77959824 43 -26.47491264 4.80254269 43 -35 14.10000038 43 -29.46681595 8.36815357 43 -29.4154911 8.48991108 43 -29.51200676 8.24398994 43 -29.55095482 8.11772728 43 -29.58355904 7.98968029 43 -29.60974121 7.8601675 43 -29.62943459 7.72951078 43 -29.64258957 7.59803486 43 -29.64917564 7.46606636 43 -29.35816002 8.60895824 43 -29.29496765 8.72500038 43 -29.2260685 8.83774757 43 -29.15163612 8.94692039 43 -29.07185364 9.052248 43 -28.9869194 9.15346718 43 -28.89704704 9.25032711 43 -28.80245781 9.34258747 43 -28.70338631 9.43001747 43 -28.6000824 9.51240158 43 -28.49279785 9.58953285 43 -28.38180351 9.66122055 43 -28.26737213 9.72728729 43 -28.14979172 9.78756714 43 -28.02935219 9.84191227 43 -27.906353 9.89018536 43 -27.78110123 9.93226814 43 -27.65390778 9.96805477 43 -27.52508736 9.9974575 43 -27.39496231 10.02040195 43 -27.26385498 10.03683186 43 -27.13209152 10.0467062 43 -27 10.05000019 43 -26.86790848 10.0467062 43 -26.73614502 10.03683186 43 -26.60503769 10.02040195 43 -26.47491264 9.9974575 43 -18.18994904 4.61005068 43 -25.3999176 5.28759909 43 -25.50720215 5.21046734 43 -18.23733139 4.6598177 43 -25.29661369 5.36998224 43 -18.1401825 4.56266832 43 -25.61819649 5.13877916 43 -18.28221512 4.71184921 43 -18.08815002 4.51778555 43 -25.73262787 5.0727129 43 -18.03397942 4.47550964 43 -25.85020828 5.01243258 43 -18.32448959 4.76602077 43 -25.19754219 5.45741272 43 -18.36405754 4.82220173 43 -25.10295296 5.5496726 43 -17.97779846 4.43594265 43 -25.97064781 4.95808792 43 -18.40081978 4.88025618 43 -25.0130806 5.64653254 43 -17.91974449 4.39917994 43 -17.85995483 4.36531019 43 -26.093647 4.90981436 43 -18.43469048 4.9400444 43 -24.92814636 5.74775219 43 -17.79857635 4.33441496 43 -26.21889877 4.86773205 43 -18.46558571 5.00142288 43 -17.73575592 4.30656862 43 -26.34609222 4.83194542 43 -18.49343109 5.06424332 43 -24.84836388 5.85307932 43 -17.67164612 4.28183842 43 -18.51816177 5.12835407 43 -24.7739315 5.96225262 43 -17.60639763 4.26028347 43 -18.53971672 5.19360161 43 -24.70503235 6.07499981 43 -17.54017258 4.24195623 43 -18.55804443 5.25982761 43 -24.64183998 6.19104195 43 -17.47312737 4.22690058 43 -18.57309914 5.32687378 43 -17.40542221 4.21515274 43 -18.5848465 5.3945775 43 -24.5845089 6.31008911 43 -17.33722305 4.20674133 43 -18.5932579 5.46277618 43 -24.53318405 6.43184614 43 -17.26869392 4.20168638 43 -18.59831429 5.53130531 43 -24.48799324 6.55601025 43 -17.20000076 4.19999981 43 -18.60000038 5.5999999 43 -24.44904518 6.68227291 43 -24.41644096 6.81031942 43 -24.39025879 6.93983221 43 -24.37056541 7.07048941 43 -24.35741043 7.20196533 43 -24.35082436 7.33393383 43 -13.60000038 4.19999981 43 -18.60000038 9.19999981 43 -24.35082436 7.46606636 43 -24.35741043 7.59803486 43 -24.37056541 7.72951078 43 -24.39025879 7.8601675 43 -24.41644096 7.98968029 43 -24.44904518 8.11772728 43 -24.48799324 8.24398994 43 -13.53130531 4.20168638 43 -18.59831429 9.26869488 43 -24.53318405 8.36815357 43 -13.46277618 4.20674133 43 -18.5932579 9.33722401 43 -24.5845089 8.48991108 43 -18.5848465 9.40542221 43 -24.64183998 8.60895824 43 -18.57309914 9.47312641 43 -18.55804443 9.54017258 43 -24.70503235 8.72500038 43 -18.53971672 9.60639858 43 -24.7739315 8.83774757 43 -18.51816177 9.67164612 43 -24.84836388 8.94692039 43 -18.49343109 9.73575687 43 -24.92814636 9.052248 43 -18.46558571 9.79857731 43 -18.43469048 9.85995579 43 -25.0130806 9.15346718 43 -18.40081978 9.91974354 43 -25.10295296 9.25032711 43 -18.36405754 9.97779846 43 -25.19754219 9.34258747 43 -18.32448959 10.03397942 43 -25.29661369 9.43001747 43 -18.28221512 10.08815098 43 -18.23733139 10.1401825 43 -25.3999176 9.51240158 43 -18.18994904 10.18994904 43 -25.50720215 9.58953285 43 -18.1401825 10.23733139 43 -25.61819649 9.66122055 43 -18.08815002 10.28221416 43 -25.73262787 9.72728729 43 -18.03397942 10.32449055 43 -25.85020828 9.78756714 43 -17.97779846 10.36405754 43 -25.97064781 9.84191227 43 -17.91974449 10.40081978 43 -17.85995483 10.43468952 43 -26.093647 9.89018536 43 -17.79857635 10.46558475 43 -26.21889877 9.93226814 43 -17.73575592 10.49343109 43 -26.34609222 9.96805477 43 -17.67164612 10.51816177 43 -17.60639763 10.53971672 43 -17.54017258 10.55804348 43 -17.47312737 10.57309914 43 -17.40542221 10.58484745 43 -17.33722305 10.59325886 43 -17.26869392 10.59831333 43 12.5626688 4.6598177 43 -12.6100502 4.61005068 43 12.6100502 4.61005068 43 -12.5626688 4.6598177 43 -12.51778507 4.71184921 43 12.6598177 4.56266832 43 -12.6598177 4.56266832 43 12.71184921 4.51778555 43 -12.71184921 4.51778555 43 -12.76602077 4.47550964 43 12.51778507 4.71184921 43 12.47550964 4.76602077 43 -12.47550964 4.76602077 43 12.76602077 4.47550964 43 12.82220173 4.43594265 43 -12.82220173 4.43594265 43 12.43594265 4.82220173 43 -12.43594265 4.82220173 43 12.8802557 4.39917994 43 -12.8802557 4.39917994 43 12.39918041 4.88025618 43 -12.39918041 4.88025618 43 12.9400444 4.36531019 43 -12.9400444 4.36531019 43 -13.00142288 4.33441496 43 12.36531067 4.9400444 43 -12.36531067 4.9400444 43 12.33441544 5.00142288 43 -12.33441544 5.00142288 43 -12.3065691 5.06424332 43 13.00142288 4.33441496 43 13.06424332 4.30656862 43 -13.06424332 4.30656862 43 12.3065691 5.06424332 43 13.12835407 4.28183842 43 -13.12835407 4.28183842 43 12.28183842 5.12835407 43 -12.28183842 5.12835407 43 12.26028347 5.19360161 43 -12.26028347 5.19360161 43 13.19360161 4.26028347 43 -13.19360161 4.26028347 43 12.24195671 5.25982761 43 -12.24195671 5.25982761 43 -12.22690105 5.32687378 43 13.25982761 4.24195623 43 -13.25982761 4.24195623 43 13.32687378 4.22690058 43 -13.32687378 4.22690058 43 -13.39457703 4.21515274 43 12.22690105 5.32687378 43 12.21515274 5.3945775 43 -12.21515274 5.3945775 43 13.39457703 4.21515274 43 13.46277618 4.20674133 43 12.20674133 5.46277618 43 -12.20674133 5.46277618 43 12.20168591 5.53130531 43 -12.20168591 5.53130531 43 -12.19999981 5.5999999 43 12.19999981 5.5999999 43 12.19999981 9.19999981 43 -12.19999981 9.19999981 43 12.20168591 9.26869488 43 -12.20168591 9.26869488 43 12.20674133 9.33722401 43 -12.20674133 9.33722401 43 -12.21515274 9.40542221 43 12.21515274 9.40542221 43 12.22690105 9.47312641 43 -12.22690105 9.47312641 43 12.24195671 9.54017258 43 -12.24195671 9.54017258 43 -12.26028347 9.60639858 43 12.26028347 9.60639858 43 -12.28183842 9.67164612 43 12.28183842 9.67164612 43 12.3065691 9.73575687 43 -12.3065691 9.73575687 43 12.33441544 9.79857731 43 -12.33441544 9.79857731 43 -12.36531067 9.85995579 43 12.36531067 9.85995579 43 12.39918041 9.91974354 43 -12.39918041 9.91974354 43 12.43594265 9.97779846 43 -12.43594265 9.97779846 43 -12.47550964 10.03397942 43 12.47550964 10.03397942 43 12.51778507 10.08815098 43 -12.51778507 10.08815098 43 12.5626688 10.1401825 43 -12.5626688 10.1401825 43 12.6100502 10.18994904 43 -12.6100502 10.18994904 43 -12.6598177 10.23733139 43 12.6598177 10.23733139 43 12.71184921 10.28221416 43 -12.71184921 10.28221416 43 12.76602077 10.32449055 43 -12.76602077 10.32449055 43 12.82220173 10.36405754 43 -12.82220173 10.36405754 43 12.8802557 10.40081978 43 -12.8802557 10.40081978 43 12.9400444 10.43468952 43 -12.9400444 10.43468952 43 13.00142288 10.46558475 43 -13.00142288 10.46558475 43 -13.06424332 10.49343109 43 13.06424332 10.49343109 43 13.12835407 10.51816177 43 -13.12835407 10.51816177 43 18.40081978 4.88025618 43 18.36405754 4.82220173 43 18.32448959 4.76602077 43 18.43469048 4.9400444 43 18.28221512 4.71184921 43 18.23733139 4.6598177 43 18.46558571 5.00142288 43 18.49343109 5.06424332 43 18.18994904 4.61005068 43 18.51816177 5.12835407 43 18.1401825 4.56266832 43 18.53971672 5.19360161 43 18.08815002 4.51778555 43 18.55804443 5.25982761 43 18.03397942 4.47550964 43 18.57309914 5.32687378 43 18.5848465 5.3945775 43 17.97779846 4.43594265 43 18.5932579 5.46277618 43 17.91974449 4.39917994 43 17.85995483 4.36531019 43 18.59831429 5.53130531 43 17.79857635 4.33441496 43 18.60000038 5.5999999 43 17.73575592 4.30656862 43 17.67164612 4.28183842 43 17.60639763 4.26028347 43 18.60000038 9.19999981 43 18.59831429 9.26869488 43 18.5932579 9.33722401 43 18.5848465 9.40542221 43 18.57309914 9.47312641 43 18.55804443 9.54017258 43 18.53971672 9.60639858 43 18.51816177 9.67164612 43 18.49343109 9.73575687 43 18.46558571 9.79857731 43 18.43469048 9.85995579 43 18.40081978 9.91974354 43 18.36405754 9.97779846 43 18.32448959 10.03397942 43 18.28221512 10.08815098 43 18.23733139 10.1401825 43 18.18994904 10.18994904 43 18.1401825 10.23733139 43 18.08815002 10.28221416 43 18.03397942 10.32449055 43 35 0.5 43 17.26869392 4.20168638 43 17.20000076 4.19999981 43 17.33722305 4.20674133 43 17.40542221 4.21515274 43 17.47312737 4.22690058 43 17.54017258 4.24195623 43 13.60000038 4.19999981 43 13.53130531 4.20168638 43 17.97779846 10.36405754 43 17.91974449 10.40081978 43 17.85995483 10.43468952 43 17.79857635 10.46558475 43 17.73575592 10.49343109 43 17.67164612 10.51816177 43 17.60639763 10.53971672 43 35 14.10000038 43 17.54017258 10.55804348 43 17.47312737 10.57309914 43 17.40542221 10.58484745 43 17.33722305 10.59325886 43 17.26869392 10.59831333 43 17.20000076 10.60000038 43 13.60000038 10.60000038 43 13.53130531 10.59831333 43 13.46277618 10.59325886 43 13.39457703 10.58484745 43 13.32687378 10.57309914 43 13.25982761 10.55804348 43 13.19360161 10.53971672 43 -13.46277618 10.59325886 43 -13.53130531 10.59831333 43 -13.60000038 10.60000038 43 -17.20000076 10.60000038 43 -13.39457703 10.58484745 43 -13.32687378 10.57309914 43 -13.25982761 10.55804348 43 -13.19360161 10.53971672 32.79999924 27 9.85000038 32.79999924 27.12212181 9.84695435 32.79999924 27.24394035 9.83782578 32.79999924 27.36515427 9.82263565 32.79999924 27.48545837 9.80142212 32.79999924 27.60455513 9.77423954 32.79999924 27.7221508 9.74115372 32.79999924 27.83794975 9.70224667 32.79999924 27.95166588 9.65761662 32.79999924 28.06301498 9.60737419 32.79999924 28.17172241 9.55164242 32.79999924 28.27751541 9.49056244 32.79999924 28.38013458 9.42428493 32.79999924 28.47932053 9.35297489 32.79999924 28.5748291 9.27680874 32.79999924 28.6664238 9.19597721 32.79999924 28.75387383 9.11068058 32.79999924 28.83696365 9.02113056 32.79999924 28.91548729 8.92755032 32.79999924 28.98924828 8.83017159 32.79999924 29.05806351 8.72923851 32.79999924 29.12176132 8.625 32.79999924 29.18018532 8.51771641 32.79999924 29.23318863 8.40765381 32.79999924 29.28064156 8.29508591 32.79999924 29.32242203 8.18029213 32.79999924 29.35842896 8.06355953 32.79999924 29.38857269 7.94517612 32.79999924 29.41277885 7.82543802 32.79999924 29.4309864 7.7046423 32.79999924 29.44314957 7.58308887 32.79999924 29.44923782 7.46108007 32.79999924 29.44923782 7.33891964 32.79999924 29.44314957 7.21691132 32.79999924 29.4309864 7.09535789 32.79999924 29.41277885 6.97456217 32.79999924 29.38857269 6.85482359 32.79999924 29.35842896 6.73644066 32.79999924 29.32242203 6.61970758 32.79999924 29.28064156 6.50491428 32.79999924 29.23318863 6.39234638 32.79999924 29.18018532 6.28228378 32.79999924 29.12176132 6.17500019 32.79999924 29.05806351 6.07076168 32.79999924 28.98924828 5.96982813 32.79999924 28.91548729 5.87244987 32.79999924 28.83696365 5.77886963 32.79999924 28.75387383 5.68931961 32.79999924 28.6664238 5.60402298 32.79999924 28.5748291 5.52319098 32.79999924 28.47932053 5.4470253 32.79999924 28.38013458 5.37571478 32.79999924 28.27751541 5.30943727 32.79999924 28.17172241 5.2483573 32.79999924 28.06301498 5.19262648 32.79999924 27.95166588 5.1423831 32.79999924 27.83794975 5.09775305 32.79999924 27.7221508 5.05884647 32.79999924 27.60455513 5.02576065 32.79999924 27.48545837 4.99857759 32.79999924 27.36515427 4.97736454 32.79999924 27.24394035 4.96217442 32.79999924 27.12212181 4.95304537 32.79999924 27 4.94999981 32.79999924 26.87787819 4.95304537 32.79999924 26.75605965 4.96217442 32.79999924 26.63484573 4.97736454 32.79999924 26.51454163 4.99857759 32.79999924 26.39544487 5.02576065 32.79999924 26.2778492 5.05884647 32.79999924 26.16205025 5.09775305 32.79999924 26.04833412 5.1423831 32.79999924 25.93698502 5.19262648 32.79999924 25.82827759 5.2483573 32.79999924 25.72248459 5.30943727 32.79999924 25.61986542 5.37571478 32.79999924 25.52067947 5.4470253 32.79999924 25.4251709 5.52319098 32.79999924 25.3335762 5.60402298 32.79999924 25.24612617 5.68931961 32.79999924 25.16303635 5.77886963 32.79999924 25.08451271 5.87244987 32.79999924 25.01075172 5.96982813 32.79999924 24.94193649 6.07076168 32.79999924 24.87823868 6.17500019 32.79999924 24.81981468 6.28228378 32.79999924 24.76681137 6.39234638 32.79999924 24.71935844 6.50491428 32.79999924 24.67757797 6.61970758 32.79999924 24.64157104 6.73644066 32.79999924 24.61142731 6.85482359 32.79999924 24.58722115 6.97456217 32.79999924 24.5690136 7.09535789 32.79999924 24.55685043 7.21691132 32.79999924 24.55076218 7.33891964 32.79999924 24.55076218 7.46108007 32.79999924 24.55685043 7.58308887 32.79999924 24.5690136 7.7046423 32.79999924 24.58722115 7.82543802 32.79999924 24.61142731 7.94517612 32.79999924 24.64157104 8.06355953 32.79999924 24.67757797 8.18029213 32.79999924 24.71935844 8.29508591 32.79999924 24.76681137 8.40765381 32.79999924 24.81981468 8.51771641 32.79999924 24.87823868 8.625 32.79999924 24.94193649 8.72923851 32.79999924 25.01075172 8.83017159 32.79999924 25.08451271 8.92755032 32.79999924 25.16303635 9.02113056 32.79999924 25.24612617 9.11068058 32.79999924 25.3335762 9.19597721 32.79999924 25.4251709 9.27680874 32.79999924 25.52067947 9.35297489 32.79999924 25.61986542 9.42428493 32.79999924 25.72248459 9.49056244 32.79999924 25.82827759 9.55164242 32.79999924 25.93698502 9.60737419 32.79999924 26.04833412 9.65761662 32.79999924 26.16205025 9.70224667 32.79999924 26.2778492 9.74115372 32.79999924 26.39544487 9.77423954 32.79999924 26.51454163 9.80142212 32.79999924 26.63484573 9.82263565 32.79999924 26.75605965 9.83782578 32.79999924 26.87787819 9.84695435 42.79999924 -27 4.94999981 42.90000153 -27 4.8499999 42.79999924 -26.87787819 4.95304537 42.79999924 -27.12212181 4.95304537 42.90000153 -26.74610138 4.86267138 42.79999924 -26.75605965 4.96217442 42.79999924 -26.63484573 4.97736454 42.90000153 -26.49472809 4.90056038 42.79999924 -26.51454163 4.99857759 42.79999924 -26.39544487 5.02576065 42.90000153 -26.24837494 4.96328926 42.79999924 -26.2778492 5.05884647 42.79999924 -26.16205025 5.09775305 42.90000153 -26.00949097 5.05023575 42.79999924 -26.04833412 5.1423831 42.79999924 -25.93698502 5.19262648 42.90000153 -25.78045273 5.16053486 42.79999924 -25.82827759 5.2483573 42.79999924 -25.72248459 5.30943727 42.90000153 -25.56353378 5.2930913 42.79999924 -25.61986542 5.37571478 42.79999924 -25.52067947 5.4470253 42.90000153 -25.36089134 5.44658661 42.79999924 -25.4251709 5.52319098 42.79999924 -25.3335762 5.60402298 42.90000153 -25.17453957 5.61949635 42.79999924 -25.24612617 5.68931961 42.79999924 -25.16303635 5.77886963 42.90000153 -25.00633049 5.81010103 42.79999924 -25.08451271 5.87244987 42.79999924 -25.01075172 5.96982813 42.79999924 -24.94193649 6.07076168 42.90000153 -24.85793304 6.01650715 42.79999924 -24.87823868 6.17500019 42.90000153 -24.73082733 6.23666286 42.79999924 -24.81981468 6.28228378 42.79999924 -24.76681137 6.39234638 42.90000153 -24.6262722 6.46838045 42.79999924 -24.71935844 6.50491428 42.79999924 -24.67757797 6.61970758 42.79999924 -24.64157104 6.73644066 42.90000153 -24.54530907 6.70935678 42.79999924 -24.61142731 6.85482359 42.79999924 -24.58722115 6.97456217 42.90000153 -24.48874092 6.95719719 42.79999924 -24.5690136 7.09535789 42.90000153 -24.45713043 7.20943832 42.79999924 -24.55685043 7.21691132 42.79999924 -24.55076218 7.33891964 42.90000153 -24.45079231 7.46357346 42.79999924 -24.55076218 7.46108007 42.79999924 -24.55685043 7.58308887 42.79999924 -24.5690136 7.7046423 42.90000153 -24.46978951 7.7170763 42.79999924 -24.58722115 7.82543802 42.79999924 -24.61142731 7.94517612 42.90000153 -24.51393318 7.96742821 42.79999924 -24.64157104 8.06355953 42.79999924 -24.67757797 8.18029213 42.90000153 -24.58278465 8.21214104 42.79999924 -24.71935844 8.29508591 42.79999924 -24.76681137 8.40765381 42.90000153 -24.67565918 8.44878197 42.79999924 -24.81981468 8.51771641 42.79999924 -24.87823868 8.625 42.90000153 -24.79163551 8.67500019 42.79999924 -24.94193649 8.72923851 42.90000153 -24.9295578 8.88854599 42.79999924 -25.01075172 8.83017159 42.79999924 -25.08451271 8.92755032 42.79999924 -25.16303635 9.02113056 42.90000153 -25.08805847 9.08729935 42.79999924 -25.24612617 9.11068058 42.79999924 -25.3335762 9.19597721 42.90000153 -25.26556015 9.26928234 42.79999924 -25.4251709 9.27680874 42.79999924 -25.52067947 9.35297489 42.90000153 -25.46029854 9.43268776 42.79999924 -25.61986542 9.42428493 42.79999924 -25.72248459 9.49056244 42.90000153 -25.67033958 9.57589149 42.79999924 -25.82827759 9.55164242 42.79999924 -25.93698502 9.60737419 42.90000153 -25.89359665 9.69747066 42.79999924 -26.04833412 9.65761662 42.90000153 -26.12784958 9.79621601 42.79999924 -26.16205025 9.70224667 42.79999924 -26.2778492 9.74115372 42.79999924 -26.39544487 9.77423954 42.90000153 -26.3707695 9.87114716 42.79999924 -26.51454163 9.80142212 42.79999924 -26.63484573 9.82263565 42.90000153 -26.61994171 9.92151833 42.79999924 -26.75605965 9.83782578 42.79999924 -26.87787819 9.84695435 42.90000153 -26.87289238 9.9468298 42.79999924 -27 9.85000038 42.90000153 -27.12710762 9.9468298 42.79999924 -27.12212181 9.84695435 42.79999924 -27.24394035 9.83782578 42.79999924 -27.36515427 9.82263565 42.90000153 -27.38005829 9.92151833 42.79999924 -27.48545837 9.80142212 42.79999924 -27.60455513 9.77423954 42.90000153 -27.6292305 9.87114716 42.79999924 -27.7221508 9.74115372 42.79999924 -27.83794975 9.70224667 42.90000153 -27.87215042 9.79621601 42.79999924 -27.95166588 9.65761662 42.90000153 -28.10640335 9.69747066 42.79999924 -28.06301498 9.60737419 42.79999924 -28.17172241 9.55164242 42.90000153 -28.32966042 9.57589149 42.79999924 -28.27751541 9.49056244 42.79999924 -28.38013458 9.42428493 42.90000153 -28.53970146 9.43268776 42.79999924 -28.47932053 9.35297489 42.79999924 -28.5748291 9.27680874 42.90000153 -28.73443985 9.26928234 42.79999924 -28.6664238 9.19597721 42.79999924 -28.75387383 9.11068058 42.90000153 -28.91194153 9.08729935 42.79999924 -28.83696365 9.02113056 42.79999924 -28.91548729 8.92755032 42.79999924 -28.98924828 8.83017159 42.90000153 -29.0704422 8.88854599 42.79999924 -29.05806351 8.72923851 42.90000153 -29.20836449 8.67500019 42.79999924 -29.12176132 8.625 42.79999924 -29.18018532 8.51771641 42.79999924 -29.23318863 8.40765381 42.90000153 -29.32434082 8.44878197 42.79999924 -29.28064156 8.29508591 42.79999924 -29.32242203 8.18029213 42.90000153 -29.41721535 8.21214104 42.79999924 -29.35842896 8.06355953 42.79999924 -29.38857269 7.94517612 42.90000153 -29.48606682 7.96742821 42.79999924 -29.41277885 7.82543802 42.90000153 -29.53021049 7.7170763 42.79999924 -29.4309864 7.7046423 42.79999924 -29.44314957 7.58308887 42.90000153 -29.54920769 7.46357346 42.79999924 -29.44923782 7.46108007 42.79999924 -29.44923782 7.33891964 42.90000153 -29.54286957 7.20943832 42.79999924 -29.44314957 7.21691132 42.79999924 -29.4309864 7.09535789 42.90000153 -29.51125908 6.95719719 42.79999924 -29.41277885 6.97456217 42.79999924 -29.38857269 6.85482359 42.90000153 -29.45469093 6.70935678 42.79999924 -29.35842896 6.73644066 42.79999924 -29.32242203 6.61970758 42.90000153 -29.3737278 6.46838045 42.79999924 -29.28064156 6.50491428 42.79999924 -29.23318863 6.39234638 42.90000153 -29.26917267 6.23666286 42.79999924 -29.18018532 6.28228378 42.79999924 -29.12176132 6.17500019 42.90000153 -29.14206696 6.01650715 42.79999924 -29.05806351 6.07076168 42.79999924 -28.98924828 5.96982813 42.90000153 -28.99366951 5.81010103 42.79999924 -28.91548729 5.87244987 42.79999924 -28.83696365 5.77886963 42.90000153 -28.82546043 5.61949635 42.79999924 -28.75387383 5.68931961 42.79999924 -28.6664238 5.60402298 42.90000153 -28.63910866 5.44658661 42.79999924 -28.5748291 5.52319098 42.79999924 -28.47932053 5.4470253 42.90000153 -28.43646622 5.2930913 42.79999924 -28.38013458 5.37571478 42.79999924 -28.27751541 5.30943727 42.90000153 -28.21954727 5.16053486 42.79999924 -28.17172241 5.2483573 42.79999924 -28.06301498 5.19262648 42.90000153 -27.99050903 5.05023575 42.79999924 -27.95166588 5.1423831 42.79999924 -27.83794975 5.09775305 42.90000153 -27.75162506 4.96328926 42.79999924 -27.7221508 5.05884647 42.79999924 -27.60455513 5.02576065 42.90000153 -27.50527191 4.90056038 42.79999924 -27.48545837 4.99857759 42.79999924 -27.36515427 4.97736454 42.90000153 -27.25389862 4.86267138 42.79999924 -27.24394035 4.96217442 32.79999924 -27 9.85000038 32.79999924 -26.87787819 9.84695435 32.79999924 -26.75605965 9.83782578 32.79999924 -26.63484573 9.82263565 32.79999924 -26.51454163 9.80142212 32.79999924 -26.39544487 9.77423954 32.79999924 -26.2778492 9.74115372 32.79999924 -26.16205025 9.70224667 32.79999924 -26.04833412 9.65761662 32.79999924 -25.93698502 9.60737419 32.79999924 -25.82827759 9.55164242 32.79999924 -25.72248459 9.49056244 32.79999924 -25.61986542 9.42428493 32.79999924 -25.52067947 9.35297489 32.79999924 -25.4251709 9.27680874 32.79999924 -25.3335762 9.19597721 32.79999924 -25.24612617 9.11068058 32.79999924 -25.16303635 9.02113056 32.79999924 -25.08451271 8.92755032 32.79999924 -25.01075172 8.83017159 32.79999924 -24.94193649 8.72923851 32.79999924 -24.87823868 8.625 32.79999924 -24.81981468 8.51771641 32.79999924 -24.76681137 8.40765381 32.79999924 -24.71935844 8.29508591 32.79999924 -24.67757797 8.18029213 32.79999924 -24.64157104 8.06355953 32.79999924 -24.61142731 7.94517612 32.79999924 -24.58722115 7.82543802 32.79999924 -24.5690136 7.7046423 32.79999924 -24.55685043 7.58308887 32.79999924 -24.55076218 7.46108007 32.79999924 -24.55076218 7.33891964 32.79999924 -24.55685043 7.21691132 32.79999924 -24.5690136 7.09535789 32.79999924 -24.58722115 6.97456217 32.79999924 -24.61142731 6.85482359 32.79999924 -24.64157104 6.73644066 32.79999924 -24.67757797 6.61970758 32.79999924 -24.71935844 6.50491428 32.79999924 -24.76681137 6.39234638 32.79999924 -24.81981468 6.28228378 32.79999924 -24.87823868 6.17500019 32.79999924 -24.94193649 6.07076168 32.79999924 -25.01075172 5.96982813 32.79999924 -25.08451271 5.87244987 32.79999924 -25.16303635 5.77886963 32.79999924 -25.24612617 5.68931961 32.79999924 -25.3335762 5.60402298 32.79999924 -25.4251709 5.52319098 32.79999924 -25.52067947 5.4470253 32.79999924 -25.61986542 5.37571478 32.79999924 -25.72248459 5.30943727 32.79999924 -25.82827759 5.2483573 32.79999924 -25.93698502 5.19262648 32.79999924 -26.04833412 5.1423831 32.79999924 -26.16205025 5.09775305 32.79999924 -26.2778492 5.05884647 32.79999924 -26.39544487 5.02576065 32.79999924 -26.51454163 4.99857759 32.79999924 -26.63484573 4.97736454 32.79999924 -26.75605965 4.96217442 32.79999924 -26.87787819 4.95304537 32.79999924 -27 4.94999981 32.79999924 -27.12212181 4.95304537 32.79999924 -27.24394035 4.96217442 32.79999924 -27.36515427 4.97736454 32.79999924 -27.48545837 4.99857759 32.79999924 -27.60455513 5.02576065 32.79999924 -27.7221508 5.05884647 32.79999924 -27.83794975 5.09775305 32.79999924 -27.95166588 5.1423831 32.79999924 -28.06301498 5.19262648 32.79999924 -28.17172241 5.2483573 32.79999924 -28.27751541 5.30943727 32.79999924 -28.38013458 5.37571478 32.79999924 -28.47932053 5.4470253 32.79999924 -28.5748291 5.52319098 32.79999924 -28.6664238 5.60402298 32.79999924 -28.75387383 5.68931961 32.79999924 -28.83696365 5.77886963 32.79999924 -28.91548729 5.87244987 32.79999924 -28.98924828 5.96982813 32.79999924 -29.05806351 6.07076168 32.79999924 -29.12176132 6.17500019 32.79999924 -29.18018532 6.28228378 32.79999924 -29.23318863 6.39234638 32.79999924 -29.28064156 6.50491428 32.79999924 -29.32242203 6.61970758 32.79999924 -29.35842896 6.73644066 32.79999924 -29.38857269 6.85482359 32.79999924 -29.41277885 6.97456217 32.79999924 -29.4309864 7.09535789 32.79999924 -29.44314957 7.21691132 32.79999924 -29.44923782 7.33891964 32.79999924 -29.44923782 7.46108007 32.79999924 -29.44314957 7.58308887 32.79999924 -29.4309864 7.7046423 32.79999924 -29.41277885 7.82543802 32.79999924 -29.38857269 7.94517612 32.79999924 -29.35842896 8.06355953 32.79999924 -29.32242203 8.18029213 32.79999924 -29.28064156 8.29508591 32.79999924 -29.23318863 8.40765381 32.79999924 -29.18018532 8.51771641 32.79999924 -29.12176132 8.625 32.79999924 -29.05806351 8.72923851 32.79999924 -28.98924828 8.83017159 32.79999924 -28.91548729 8.92755032 32.79999924 -28.83696365 9.02113056 32.79999924 -28.75387383 9.11068058 32.79999924 -28.6664238 9.19597721 32.79999924 -28.5748291 9.27680874 32.79999924 -28.47932053 9.35297489 32.79999924 -28.38013458 9.42428493 32.79999924 -28.27751541 9.49056244 32.79999924 -28.17172241 9.55164242 32.79999924 -28.06301498 9.60737419 32.79999924 -27.95166588 9.65761662 32.79999924 -27.83794975 9.70224667 32.79999924 -27.7221508 9.74115372 32.79999924 -27.60455513 9.77423954 32.79999924 -27.48545837 9.80142212 32.79999924 -27.36515427 9.82263565 32.79999924 -27.24394035 9.83782578 32.79999924 -27.12212181 9.84695435 42.5 35 0 42.5 -35 0 42.4909668 35.36800766 0 42.99036407 35.39253998 0.5 42.46388626 35.73513031 0 42.96147919 35.78413773 0.5 42.41882324 36.10047913 0 42.91341019 36.17384338 0.5 42.35588837 36.46317673 0 42.84628296 36.56072235 0.5 42.27523422 36.82234955 0 42.76025009 36.94384003 0.5 42.17705154 37.17713547 0 42.65552139 37.32227707 0.5 42.06158066 37.52667236 0 42.53235245 37.69511795 0.5 41.92909622 37.87012482 0 42.39103699 38.06146622 0.5 41.77991867 38.20666504 0 42.23191452 38.42044067 0.5 41.6144104 38.53547668 0 42.05537033 38.77117538 0.5 41.43296432 38.85577011 0 41.86182785 39.11282349 0.5 41.23602295 39.16677856 0 41.65175629 39.444561 0.5 41.02405548 39.46774292 0 41.42565918 39.76559448 0.5 40.7975769 39.75794983 0 41.18408203 40.07514572 0.5 40.55713272 40.03669357 0 40.92760849 40.37247086 0.5 40.30330276 40.30330276 0 40.65685272 40.65685272 0.5 40.03669357 40.55713272 0 40.37247086 40.92760849 0.5 39.75794983 40.7975769 0 40.07514572 41.18408203 0.5 39.46774292 41.02405548 0 39.76559448 41.42565918 0.5 39.16677856 41.23602295 0 39.444561 41.65175629 0.5 38.85577011 41.43296432 0 39.11282349 41.86182785 0.5 38.53547668 41.6144104 0 38.77117538 42.05537033 0.5 38.20666504 41.77991867 0 38.42044067 42.23191452 0.5 37.87012482 41.92909622 0 38.06146622 42.39103699 0.5 37.52667236 42.06158066 0 37.69511795 42.53235245 0.5 37.17713547 42.17705154 0 37.32227707 42.65552139 0.5 36.82234955 42.27523422 0 36.94384003 42.76025009 0.5 36.46317673 42.35588837 0 36.56072235 42.84628296 0.5 36.10047913 42.41882324 0 36.17384338 42.91341019 0.5 35.73513031 42.46388626 0 35.78413773 42.96147919 0.5 35.39253998 42.99036407 0.5 35.36800766 42.4909668 0 35 42.5 0 -35 42.5 0 -35.36800766 42.4909668 0 -35.39253998 42.99036407 0.5 -35.73513031 42.46388626 0 -35.78413773 42.96147919 0.5 -36.10047913 42.41882324 0 -36.17384338 42.91341019 0.5 -36.46317673 42.35588837 0 -36.56072235 42.84628296 0.5 -36.82234955 42.27523422 0 -36.94384003 42.76025009 0.5 -37.17713547 42.17705154 0 -37.32227707 42.65552139 0.5 -37.52667236 42.06158066 0 -37.69511795 42.53235245 0.5 -37.87012482 41.92909622 0 -38.06146622 42.39103699 0.5 -38.20666504 41.77991867 0 -38.42044067 42.23191452 0.5 -38.53547668 41.6144104 0 -38.77117538 42.05537033 0.5 -38.85577011 41.43296432 0 -39.11282349 41.86182785 0.5 -39.16677856 41.23602295 0 -39.444561 41.65175629 0.5 -39.46774292 41.02405548 0 -39.76559448 41.42565918 0.5 -39.75794983 40.7975769 0 -40.07514572 41.18408203 0.5 -40.03669357 40.55713272 0 -40.37247086 40.92760849 0.5 -40.30330276 40.30330276 0 -40.65685272 40.65685272 0.5 -40.55713272 40.03669357 0 -40.92760849 40.37247086 0.5 -40.7975769 39.75794983 0 -41.18408203 40.07514572 0.5 -41.02405548 39.46774292 0 -41.42565918 39.76559448 0.5 -41.23602295 39.16677856 0 -41.65175629 39.444561 0.5 -41.43296432 38.85577011 0 -41.86182785 39.11282349 0.5 -41.6144104 38.53547668 0 -42.05537033 38.77117538 0.5 -41.77991867 38.20666504 0 -42.23191452 38.42044067 0.5 -41.92909622 37.87012482 0 -42.39103699 38.06146622 0.5 -42.06158066 37.52667236 0 -42.53235245 37.69511795 0.5 -42.17705154 37.17713547 0 -42.65552139 37.32227707 0.5 -42.27523422 36.82234955 0 -42.76025009 36.94384003 0.5 -42.35588837 36.46317673 0 -42.84628296 36.56072235 0.5 -42.41882324 36.10047913 0 -42.91341019 36.17384338 0.5 -42.46388626 35.73513031 0 -42.96147919 35.78413773 0.5 -42.99036407 35.39253998 0.5 -42.4909668 35.36800766 0 -42.5 35 0 -42.5 -35 0 -42.4909668 -35.36800766 0 -42.99036407 -35.39253998 0.5 -42.46388626 -35.73513031 0 -42.96147919 -35.78413773 0.5 -42.41882324 -36.10047913 0 -42.91341019 -36.17384338 0.5 -42.35588837 -36.46317673 0 -42.84628296 -36.56072235 0.5 -42.27523422 -36.82234955 0 -42.76025009 -36.94384003 0.5 -42.17705154 -37.17713547 0 -42.65552139 -37.32227707 0.5 -42.06158066 -37.52667236 0 -42.53235245 -37.69511795 0.5 -41.92909622 -37.87012482 0 -42.39103699 -38.06146622 0.5 -41.77991867 -38.20666504 0 -42.23191452 -38.42044067 0.5 -41.6144104 -38.53547668 0 -42.05537033 -38.77117538 0.5 -41.43296432 -38.85577011 0 -41.86182785 -39.11282349 0.5 -41.23602295 -39.16677856 0 -41.65175629 -39.444561 0.5 -41.02405548 -39.46774292 0 -41.42565918 -39.76559448 0.5 -40.7975769 -39.75794983 0 -41.18408203 -40.07514572 0.5 -40.55713272 -40.03669357 0 -40.92760849 -40.37247086 0.5 -40.30330276 -40.30330276 0 -40.65685272 -40.65685272 0.5 -40.03669357 -40.55713272 0 -40.37247086 -40.92760849 0.5 -39.75794983 -40.7975769 0 -40.07514572 -41.18408203 0.5 -39.46774292 -41.02405548 0 -39.76559448 -41.42565918 0.5 -39.16677856 -41.23602295 0 -39.444561 -41.65175629 0.5 -38.85577011 -41.43296432 0 -39.11282349 -41.86182785 0.5 -38.53547668 -41.6144104 0 -38.77117538 -42.05537033 0.5 -38.20666504 -41.77991867 0 -38.42044067 -42.23191452 0.5 -37.87012482 -41.92909622 0 -38.06146622 -42.39103699 0.5 -37.52667236 -42.06158066 0 -37.69511795 -42.53235245 0.5 -37.17713547 -42.17705154 0 -37.32227707 -42.65552139 0.5 -36.82234955 -42.27523422 0 -36.94384003 -42.76025009 0.5 -36.46317673 -42.35588837 0 -36.56072235 -42.84628296 0.5 -36.10047913 -42.41882324 0 -36.17384338 -42.91341019 0.5 -35.73513031 -42.46388626 0 -35.78413773 -42.96147919 0.5 -35.39253998 -42.99036407 0.5 -35.36800766 -42.4909668 0 -35 -42.5 0 -35 -43 0.5 35 -42.5 0 35 -43 0.5 35.36800766 -42.4909668 0 35.39253998 -42.99036407 0.5 35.73513031 -42.46388626 0 35.78413773 -42.96147919 0.5 36.10047913 -42.41882324 0 36.17384338 -42.91341019 0.5 36.46317673 -42.35588837 0 36.56072235 -42.84628296 0.5 36.82234955 -42.27523422 0 36.94384003 -42.76025009 0.5 37.17713547 -42.17705154 0 37.32227707 -42.65552139 0.5 37.52667236 -42.06158066 0 37.69511795 -42.53235245 0.5 37.87012482 -41.92909622 0 38.06146622 -42.39103699 0.5 38.20666504 -41.77991867 0 38.42044067 -42.23191452 0.5 38.53547668 -41.6144104 0 38.77117538 -42.05537033 0.5 38.85577011 -41.43296432 0 39.11282349 -41.86182785 0.5 39.16677856 -41.23602295 0 39.444561 -41.65175629 0.5 39.46774292 -41.02405548 0 39.76559448 -41.42565918 0.5 39.75794983 -40.7975769 0 40.07514572 -41.18408203 0.5 40.03669357 -40.55713272 0 40.37247086 -40.92760849 0.5 40.30330276 -40.30330276 0 40.65685272 -40.65685272 0.5 40.55713272 -40.03669357 0 40.92760849 -40.37247086 0.5 40.7975769 -39.75794983 0 41.18408203 -40.07514572 0.5 41.02405548 -39.46774292 0 41.42565918 -39.76559448 0.5 41.23602295 -39.16677856 0 41.65175629 -39.444561 0.5 41.43296432 -38.85577011 0 41.86182785 -39.11282349 0.5 41.6144104 -38.53547668 0 42.05537033 -38.77117538 0.5 41.77991867 -38.20666504 0 42.23191452 -38.42044067 0.5 41.92909622 -37.87012482 0 42.39103699 -38.06146622 0.5 42.06158066 -37.52667236 0 42.53235245 -37.69511795 0.5 42.17705154 -37.17713547 0 42.65552139 -37.32227707 0.5 42.27523422 -36.82234955 0 42.76025009 -36.94384003 0.5 42.35588837 -36.46317673 0 42.84628296 -36.56072235 0.5 42.41882324 -36.10047913 0 42.91341019 -36.17384338 0.5 42.46388626 -35.73513031 0 42.96147919 -35.78413773 0.5 42.99036407 -35.39253998 0.5 42.4909668 -35.36800766 0 -42.99036407 -35.39253998 14.10000038 -42.96147919 -35.78413773 14.10000038 -42.91341019 -36.17384338 14.10000038 -42.84628296 -36.56072235 14.10000038 -42.76025009 -36.94384003 14.10000038 -42.65552139 -37.32227707 14.10000038 -42.53235245 -37.69511795 14.10000038 -42.39103699 -38.06146622 14.10000038 -42.23191452 -38.42044067 14.10000038 -42.05537033 -38.77117538 14.10000038 -41.86182785 -39.11282349 14.10000038 -41.65175629 -39.444561 14.10000038 -41.42565918 -39.76559448 14.10000038 -41.18408203 -40.07514572 14.10000038 -40.92760849 -40.37247086 14.10000038 -40.65685272 -40.65685272 14.10000038 -40.37247086 -40.92760849 14.10000038 -40.07514572 -41.18408203 14.10000038 -39.76559448 -41.42565918 14.10000038 -39.444561 -41.65175629 14.10000038 -39.11282349 -41.86182785 14.10000038 -38.77117538 -42.05537033 14.10000038 -38.42044067 -42.23191452 14.10000038 -38.06146622 -42.39103699 14.10000038 -37.69511795 -42.53235245 14.10000038 -37.32227707 -42.65552139 14.10000038 -36.94384003 -42.76025009 14.10000038 -36.56072235 -42.84628296 14.10000038 -36.17384338 -42.91341019 14.10000038 -35.78413773 -42.96147919 14.10000038 -35.39253998 -42.99036407 14.10000038 -35 -43 14.10000038 35 -43 14.10000038 35.39253998 -42.99036407 14.10000038 35.78413773 -42.96147919 14.10000038 36.17384338 -42.91341019 14.10000038 36.56072235 -42.84628296 14.10000038 36.94384003 -42.76025009 14.10000038 37.32227707 -42.65552139 14.10000038 37.69511795 -42.53235245 14.10000038 38.06146622 -42.39103699 14.10000038 38.42044067 -42.23191452 14.10000038 38.77117538 -42.05537033 14.10000038 39.11282349 -41.86182785 14.10000038 39.444561 -41.65175629 14.10000038 39.76559448 -41.42565918 14.10000038 40.07514572 -41.18408203 14.10000038 40.37247086 -40.92760849 14.10000038 40.65685272 -40.65685272 14.10000038 40.92760849 -40.37247086 14.10000038 41.18408203 -40.07514572 14.10000038 41.42565918 -39.76559448 14.10000038 41.65175629 -39.444561 14.10000038 41.86182785 -39.11282349 14.10000038 42.05537033 -38.77117538 14.10000038 42.23191452 -38.42044067 14.10000038 42.39103699 -38.06146622 14.10000038 42.53235245 -37.69511795 14.10000038 42.65552139 -37.32227707 14.10000038 42.76025009 -36.94384003 14.10000038 42.84628296 -36.56072235 14.10000038 42.91341019 -36.17384338 14.10000038 42.96147919 -35.78413773 14.10000038 42.99036407 -35.39253998 14.10000038 -19.97915649 -32.83638 0 -19.87471008 -32.94346237 0 -19.76505661 -33.04520798 0 -20.07813263 -32.72422791 0 -19.65046883 -33.14135742 0 -20.17139816 -32.60727692 0 -19.53123093 -33.23167801 0 -20.25871658 -32.48582458 0 -19.40763855 -33.31594086 0 -20.33987236 -32.36016846 0 -19.28000069 -33.39393997 0 -20.41466522 -32.23062515 0 -19.14863205 -33.46547699 0 -20.48290634 -32.09751511 0 -19.0138607 -33.53038025 0 -20.54442787 -31.96116829 0 -18.87602234 -33.58848572 0 -20.59907722 -31.82192421 0 -18.73546028 -33.63964462 0 -20.64671898 -31.6801281 0 -18.59252167 -33.68373489 0 -20.68723106 -31.53613472 0 -18.44756317 -33.7206459 0 -20.72051811 -31.39030266 0 -18.30094528 -33.7502861 0 -20.74649239 -31.24299049 0 -18.1530304 -33.77257919 0 -20.76509285 -31.09456635 0 -18.00419044 -33.78747559 0 -20.77626991 -30.94540024 0 -17.85479164 -33.7949295 0 -20.78000069 -30.79586411 0 -17.70520782 -33.7949295 0 -20.77626991 -30.64632607 0 -17.55580902 -33.78747559 0 -20.76509285 -30.49715996 0 -17.40696907 -33.77257919 0 -20.74649239 -30.34873581 0 -17.25905609 -33.7502861 0 -20.72051811 -30.20142555 0 -17.11243629 -33.7206459 0 -20.68723106 -30.05559158 0 -16.9674778 -33.68373489 0 -20.41466522 -29.36110115 0 -21.42817879 -21.70427704 0 -20.33987236 -29.23155785 0 -20.48290634 -29.4942112 0 -21.61966133 -21.50795937 0 -21.22714806 -21.8908062 0 -20.25871658 -29.10590363 0 -21.80112076 -21.30234146 0 -20.54442787 -29.63055992 0 -20.59907722 -29.76980209 0 -21.01707077 -22.06708145 0 -20.17139816 -28.98444939 0 -20.07813263 -28.86750031 0 -20.64671898 -29.91159821 0 -21.97210503 -21.08793259 0 -20.79846764 -22.23266792 0 -19.97915649 -28.75534439 0 -22.1321907 -20.86526871 0 -20.57188034 -22.38715172 0 -19.87471008 -28.64826202 0 -22.28097725 -20.63490295 0 -20.33787727 -22.53014755 0 -19.76505661 -28.54652023 0 -19.65046883 -28.45036888 0 -22.41809464 -20.39740562 0 -20.09703445 -22.66130447 0 -19.53123093 -28.3600502 0 -22.54320526 -20.1533699 0 -19.40763855 -28.27578545 0 -19.84995651 -22.7802906 0 -19.28000069 -28.19778633 0 -22.65599632 -19.90340042 0 -19.59725189 -22.88681412 0 -19.14863205 -28.12624741 0 -22.75618553 -19.64811897 0 -19.33955383 -22.98060989 0 -19.0138607 -28.06134605 0 -22.84352684 -19.38816261 0 -19.07749939 -23.06144142 0 -18.87602234 -28.00324249 0 -18.73546028 -27.95208168 0 -22.9178009 -19.12417412 0 -18.81174088 -23.12911224 0 -18.59252167 -27.90799141 0 -22.97882462 -18.85681343 0 -18.54294205 -23.1834507 0 -18.44756317 -27.8710804 0 -18.30094528 -27.8414402 0 -23.02644539 -18.58674049 0 -18.27176666 -23.22432518 0 -18.1530304 -27.8191452 0 -23.06054497 -18.31463242 0 -18.00419044 -27.80425262 0 -17.99889183 -23.25162888 0 -17.85479164 -27.79679489 0 -23.08103943 -18.04116058 0 -17.72499466 -23.26529884 0 -17.70520782 -27.79679489 0 -17.45075798 -23.26529884 0 -17.55580902 -27.80425262 0 -17.40696907 -27.8191452 0 -17.17686081 -23.25162888 0 -17.25905609 -27.8414402 0 -16.90398598 -23.22432518 0 -17.11243629 -27.8710804 0 -16.9674778 -27.90799141 0 -16.6328125 -23.1834507 0 -16.82453918 -27.95208168 0 -37.75915527 -2.04051828 0 -37.65470886 -2.14760065 0 -37.5450592 -2.24934363 0 -37.85813522 -1.92836285 0 -37.43046951 -2.34549451 0 -37.95139694 -1.81141329 0 -37.31122971 -2.4358139 0 -38.03871536 -1.68996012 0 -37.18763733 -2.52007771 0 -38.11987305 -1.56430566 0 -37.06000137 -2.59807611 0 -38.194664 -1.43476188 0 -36.92863083 -2.66961551 0 -38.26290512 -1.30165124 0 -36.79386139 -2.73451757 0 -16.36401176 -23.12911224 0 -16.68397713 -28.00324249 0 -16.54613876 -28.06134605 0 -38.32442856 -1.16530442 0 -36.65602493 -2.79262114 0 -38.37907791 -1.02606046 0 -36.51546097 -2.84378195 0 -38.42671967 -0.88426554 0 -36.37252045 -2.8878727 0 -38.46723175 -0.74027216 0 -16.09825325 -23.06144142 0 -16.41136742 -28.12624741 0 -36.22756195 -2.92478371 0 -38.5005188 -0.59443843 0 -36.08094406 -2.95442319 0 -23.08787727 -17.76700783 0 -38.52649307 -0.44712681 0 -35.93303299 -2.97671771 0 -23.08103943 -17.49285698 0 -38.54509354 -0.29870355 0 -15.83619976 -22.98060989 0 -16.28000069 -28.19778633 0 -35.78419113 -2.99161148 0 -23.06054497 -17.21938515 0 -38.5562706 -0.14953765 0 -35.63479233 -2.99906754 0 -38.56000137 0 0 -35.4852066 -2.99906754 0 -23.02644539 -16.94727707 0 -16.15236092 -28.27578545 0 -15.57850075 -22.88681412 0 -16.02876854 -28.3600502 0 -35.33581161 -2.99161148 0 -22.97882462 -16.67720413 0 -35.18696976 -2.97671771 0 -22.9178009 -16.40984344 0 -15.32579708 -22.7802906 0 -15.90953064 -28.45036888 0 -35.03905487 -2.95442319 0 -22.84352684 -16.14585495 0 -34.89243698 -2.92478371 0 -22.75618553 -15.88589764 0 -15.79494286 -28.54652023 0 -15.07871819 -22.66130447 0 -15.68528938 -28.64826202 0 -34.74747849 -2.8878727 0 -34.60454178 -2.84378195 0 -22.65599632 -15.63061714 0 -14.83787632 -22.53014755 0 -15.58084393 -28.75534439 0 -34.46397781 -2.79262114 0 -22.54320526 -15.38064861 0 -34.32613754 -2.73451757 0 -22.41809464 -15.13661194 0 -14.6038723 -22.38715172 0 -15.48186684 -28.86750031 0 -34.1913681 -2.66961551 0 -22.28097725 -14.89911556 0 -34.06000137 -2.59807611 0 -22.1321907 -14.66874886 0 -15.38860226 -28.98444939 0 -14.37728596 -22.23266792 0 -15.30128384 -29.10590363 0 -33.9323616 -2.52007771 0 -33.80876923 -2.4358139 0 -21.97210503 -14.44608402 0 -14.15868282 -22.06708145 0 -15.22012711 -29.23155785 0 -33.68952942 -2.34549451 0 -21.80112076 -14.23167706 0 -13.94860458 -21.8908062 0 -15.1453352 -29.36110115 0 -33.57494354 -2.24934363 0 -21.61966133 -14.0260582 0 -33.46529007 -2.14760065 0 -13.74757385 -21.70427704 0 -15.07709312 -29.4942112 0 -33.36084366 -2.04051828 0 -21.42817879 -13.82974148 0 -15.01557159 -29.63055992 0 -13.55609131 -21.50795937 0 -14.96092224 -29.76980209 0 -33.26186752 -1.92836285 0 -21.22714806 -13.64321232 0 -33.16860199 -1.81141329 0 -13.37463188 -21.30234146 0 -14.91328144 -29.91159821 0 -33.08128357 -1.68996012 0 -21.01707077 -13.46693516 0 -13.20364761 -21.08793259 0 -14.8727684 -30.05559158 0 -33.00012589 -1.56430566 0 -20.79846764 -13.30134964 0 -13.04356289 -20.86526871 0 -14.83948231 -30.20142555 0 -32.92533493 -1.43476188 0 -20.57188034 -13.14686584 0 -12.89477634 -20.63490295 0 -14.81350708 -30.34873581 0 -32.85709381 -1.30165124 0 -20.33787727 -13.00386906 0 -32.79557037 -1.16530442 0 -20.09703445 -12.87271404 0 -32.74092102 -1.02606046 0 -32.69328308 -0.88426554 0 -19.84995651 -12.75372696 0 -32.65276718 -0.74027216 0 -19.59725189 -12.64720345 0 -32.61948395 -0.59443843 0 -19.33955383 -12.55340862 0 -19.07749939 -12.47257519 0 -32.59350586 -0.44712681 0 -32.57490921 -0.29870355 0 -18.81174088 -12.40490532 0 -32.56372833 -0.14953765 0 -32.56000137 0 0 -18.54294205 -12.35056591 0 -18.27176666 -12.30969334 0 -36.79386139 2.73451757 0 -35.74576187 7.7682662 0 -36.65602493 2.79262114 0 -35.81539154 7.83965445 0 -36.92863083 2.66961551 0 -35.67266083 7.70043755 0 -36.51546097 2.84378195 0 -35.88137817 7.9144249 0 -35.5962677 7.6363368 0 -36.37252045 2.8878727 0 -35.94355392 7.99239111 0 -37.06000137 2.59807611 0 -35.51677704 7.57612419 0 -36.22756195 2.92478371 0 -36.0017662 8.07335949 0 -37.18763733 2.52007771 0 -35.43437958 7.51994801 0 -36.05587006 8.15712929 0 -37.31122971 2.4358139 0 -35.34928894 7.46794939 0 -36.08094406 2.95442319 0 -36.10573196 8.24349213 0 -37.43046951 2.34549451 0 -35.26171112 7.42025661 0 -35.93303299 2.97671771 0 -36.15122604 8.33223248 0 -37.5450592 2.24934363 0 -35.17186356 7.37698841 0 -35.78419113 2.99161148 0 -36.19224167 8.42313004 0 -37.65470886 2.14760065 0 -35.07997131 7.33825254 0 -35.63479233 2.99906754 0 -37.75915527 2.04051828 0 -36.22867203 8.51595974 0 -34.98626328 7.30414534 0 -36.2604332 8.61048985 0 -34.89096832 7.27475166 0 -35.4852066 2.99906754 0 -37.85813522 1.92836285 0 -36.28744125 8.70648479 0 -34.7943306 7.250144 0 -35.33581161 2.99161148 0 -37.95139694 1.81141329 0 -36.30963135 8.80370808 0 -34.69658279 7.23038435 0 -35.18696976 2.97671771 0 -36.32695007 8.90191555 0 -38.03871536 1.68996012 0 -34.59797668 7.21552181 0 -35.03905487 2.95442319 0 -38.11987305 1.56430566 0 -36.33935165 9.00086403 0 -34.49874878 7.20559263 0 -38.194664 1.43476188 0 -36.34680176 9.10030842 0 -34.39915085 7.2006216 0 -34.89243698 2.92478371 0 -38.26290512 1.30165124 0 -36.34928894 9.19999981 0 -34.29942703 7.2006216 0 -34.74747849 2.8878727 0 -38.32442856 1.16530442 0 -36.34680176 9.29969215 0 -34.1998291 7.20559263 0 -34.60454178 2.84378195 0 -36.33935165 9.39913559 0 -38.37907791 1.02606046 0 -34.1006012 7.21552181 0 -34.46397781 2.79262114 0 -34.00199127 7.23038435 0 -33.90424728 7.250144 0 -34.32613754 2.73451757 0 -33.80760574 7.27475166 0 -34.1913681 2.66961551 0 -33.71231461 7.30414534 0 -34.06000137 2.59807611 0 -33.61860657 7.33825254 0 -33.9323616 2.52007771 0 -33.52671432 7.37698841 0 -33.80876923 2.4358139 0 -33.43686676 7.42025661 0 -33.34928894 7.46794939 0 -33.68952942 2.34549451 0 -33.26419449 7.51994801 0 -33.57494354 2.24934363 0 -33.18180084 7.57612419 0 -33.46529007 2.14760065 0 -33.10231018 7.6363368 0 -33.36084366 2.04051828 0 -33.02591705 7.70043755 0 -33.26186752 1.92836285 0 -32.95281601 7.7682662 0 -33.16860199 1.81141329 0 -32.88318634 7.83965445 0 -32.81719971 7.9144249 0 -33.08128357 1.68996012 0 -32.75502396 7.99239111 0 -33.00012589 1.56430566 0 -32.69681168 8.07335949 0 -32.92533493 1.43476188 0 -32.64270782 8.15712929 0 -32.85709381 1.30165124 0 -32.59284592 8.24349213 0 -32.79557037 1.16530442 0 -32.54735184 8.33223248 0 -15.68528938 -32.94346237 0 15.68528938 -32.94346237 0 -15.79494286 -33.04520798 0 -15.58084393 -32.83638 0 15.58084393 -32.83638 0 15.79494286 -33.04520798 0 15.48186684 -32.72422791 0 -15.48186684 -32.72422791 0 15.90953064 -33.14135742 0 -15.90953064 -33.14135742 0 -15.38860226 -32.60727692 0 15.38860226 -32.60727692 0 -16.02876854 -33.23167801 0 16.02876854 -33.23167801 0 -16.15236092 -33.31594086 0 -15.30128384 -32.48582458 0 15.30128384 -32.48582458 0 16.15236092 -33.31594086 0 -16.28000069 -33.39393997 0 -15.22012711 -32.36016846 0 15.22012711 -32.36016846 0 16.28000069 -33.39393997 0 -16.41136742 -33.46547699 0 -15.1453352 -32.23062515 0 15.1453352 -32.23062515 0 16.41136742 -33.46547699 0 -16.54613876 -33.53038025 0 -15.07709312 -32.09751511 0 15.07709312 -32.09751511 0 16.54613876 -33.53038025 0 -16.68397713 -33.58848572 0 -15.01557159 -31.96116829 0 15.01557159 -31.96116829 0 16.68397713 -33.58848572 0 -14.96092224 -31.82192421 0 14.96092224 -31.82192421 0 16.82453918 -33.63964462 0 -16.82453918 -33.63964462 0 -14.91328144 -31.6801281 0 14.91328144 -31.6801281 0 16.9674778 -33.68373489 0 -14.8727684 -31.53613472 0 14.8727684 -31.53613472 0 -14.83948231 -31.39030266 0 14.83948231 -31.39030266 0 14.81350708 -31.24299049 0 -14.81350708 -31.24299049 0 -14.79490757 -31.09456635 0 14.79490757 -31.09456635 0 -14.78372955 -30.94540024 0 14.78372955 -30.94540024 0 14.77999973 -30.79586411 0 -14.77999973 -30.79586411 0 -14.78372955 -30.64632607 0 14.78372955 -30.64632607 0 -14.79490757 -30.49715996 0 14.79490757 -30.49715996 0 14.81350708 -30.34873581 0 -12.757658 -20.39740562 0 -32.35177612 9.29969215 0 -21.60719681 13.65072346 0 -32.34928894 9.19999981 0 -32.35177612 9.10030842 0 -32.35922623 9.39913559 0 -21.79868126 13.84704113 0 -21.40616798 13.4641943 0 -32.35922623 9.00086403 0 -32.37162781 9.49808407 0 -21.98013878 14.05265903 0 -21.19608879 13.28791809 0 -32.37162781 8.90191555 0 -32.38894272 8.80370808 0 -32.38894272 9.5962925 0 -22.15112305 14.26706696 0 -32.41113281 9.69351482 0 -20.97748566 13.12233257 0 -32.41113281 8.70648479 0 -32.43814087 9.78951073 0 -22.31120872 14.48973083 0 -20.75090027 12.96784878 0 -32.43814087 8.61048985 0 -32.46990204 9.88403988 0 -22.45999527 14.72009754 0 -32.50633621 9.97686958 0 -32.46990204 8.51595974 0 -20.51689529 12.82485199 0 -32.50633621 8.42313004 0 -32.54735184 10.06776714 0 -22.59711456 14.95759487 0 15.1453352 -29.36110115 0 13.92636871 -21.52548409 0 15.22012711 -29.23155785 0 15.07709312 -29.4942112 0 13.73488617 -21.32916832 0 15.01557159 -29.63055992 0 14.12739944 -21.71201324 0 15.30128384 -29.10590363 0 -20.27605438 12.69369602 0 -32.74092102 1.02606046 0 13.55342674 -21.12354851 0 14.96092224 -29.76980209 0 14.33747768 -21.88829041 0 15.38860226 -28.98444939 0 13.38244247 -20.90914154 0 14.91328144 -29.91159821 0 -32.59284592 10.15650749 0 -22.72222328 15.20163059 0 -32.64270782 10.24287033 0 -34.49874878 11.19440746 0 -34.39915085 11.19937801 0 -34.59797668 11.18447876 0 -34.69658279 11.16961575 0 -34.7943306 11.14985561 0 -34.89096832 11.12524891 0 -34.98626328 11.09585476 0 -35.07997131 11.06174755 0 -35.17186356 11.02301216 0 -35.26171112 10.97974396 0 -35.34928894 10.9320507 0 -38.42671967 0.88426554 0 -35.43437958 10.88005161 0 -38.46723175 0.74027216 0 -35.51677704 10.82387638 0 -38.5005188 0.59443843 0 -35.5962677 10.76366329 0 -38.52649307 0.44712681 0 -35.67266083 10.69956207 0 -38.54509354 0.29870355 0 -35.74576187 10.63173389 0 -38.5562706 0.14953765 0 -35.81539154 10.56034565 0 -35.88137817 10.48557568 0 -35.94355392 10.40760899 0 -36.0017662 10.32664013 0 -36.05587006 10.24287033 0 -36.10573196 10.15650749 0 -36.15122604 10.06776714 0 -36.19224167 9.97686958 0 -36.22867203 9.88403988 0 -36.2604332 9.78951073 0 -36.28744125 9.69351482 0 -36.30963135 9.5962925 0 -36.32695007 9.49808407 0 19.40763855 -33.31594086 0 19.28000069 -33.39393997 0 19.53123093 -33.23167801 0 19.65046883 -33.14135742 0 19.76505661 -33.04520798 0 19.87471008 -32.94346237 0 19.97915649 -32.83638 0 20.07813263 -32.72422791 0 20.17139816 -32.60727692 0 20.25871658 -32.48582458 0 17.11243629 -33.7206459 0 20.33987236 -32.36016846 0 17.25905609 -33.7502861 0 20.41466522 -32.23062515 0 17.40696907 -33.77257919 0 20.48290634 -32.09751511 0 17.55580902 -33.78747559 0 20.54442787 -31.96116829 0 17.70520782 -33.7949295 0 20.59907722 -31.82192421 0 17.85479164 -33.7949295 0 20.64671898 -31.6801281 0 20.68723106 -31.53613472 0 18.00419044 -33.78747559 0 20.72051811 -31.39030266 0 18.1530304 -33.77257919 0 20.74649239 -31.24299049 0 18.30094528 -33.7502861 0 20.76509285 -31.09456635 0 18.44756317 -33.7206459 0 20.77626991 -30.94540024 0 18.59252167 -33.68373489 0 18.73546028 -33.63964462 0 18.87602234 -33.58848572 0 19.0138607 -33.53038025 0 19.14863205 -33.46547699 0 14.55608082 -22.05387688 0 15.48186684 -28.86750031 0 13.22235775 -20.68647766 0 14.8727684 -30.05559158 0 14.83948231 -30.20142555 0 -20.02897453 12.57470894 0 -32.69328308 0.88426554 0 15.58084393 -28.75534439 0 14.78266716 -22.20836067 0 15.68528938 -28.64826202 0 -32.69681168 10.32664013 0 -22.83501434 15.45160007 0 13.07357121 -20.45611 0 15.01667118 -22.35135651 0 15.79494286 -28.54652023 0 -19.77626991 12.46818542 0 -32.65276718 0.74027216 0 -12.63254738 -20.1533699 0 12.93645287 -20.21861458 0 -22.93520546 15.70688057 0 -32.75502396 10.40760899 0 -32.81719971 10.48557568 0 15.25751305 -22.48251152 0 15.90953064 -28.45036888 0 -12.51975727 -19.90340042 0 12.81134224 -19.97457695 0 -19.51857185 12.3743906 0 -32.61948395 0.59443843 0 15.50459194 -22.60149956 0 16.02876854 -28.3600502 0 16.15236092 -28.27578545 0 -32.88318634 10.56034565 0 -23.02254486 15.96683788 0 12.69855213 -19.72460938 0 -12.41956711 -19.64811897 0 -19.25651741 12.29355812 0 -32.59350586 0.44712681 0 15.75729561 -22.70802307 0 16.28000069 -28.19778633 0 12.59836197 -19.46932793 0 -12.3322258 -19.38816261 0 -23.09682083 16.23082542 0 -32.95281601 10.63173389 0 -33.02591705 10.69956207 0 16.01499557 -22.80181694 0 16.41136742 -28.12624741 0 16.54613876 -28.06134605 0 -32.57490921 0.29870355 0 -18.9907608 12.22588825 0 -32.56372833 0.14953765 0 -12.25795174 -19.12417412 0 12.51102066 -19.20937157 0 -33.10231018 10.76366329 0 -23.15784454 16.49818802 0 16.27704811 -22.88265038 0 16.68397713 -28.00324249 0 -18.72196007 12.17154884 0 12.4367466 -18.94538307 0 -12.19692802 -18.85681343 0 -33.18180084 10.82387638 0 -23.20546532 16.76825905 0 16.54280663 -22.9503212 0 16.82453918 -27.95208168 0 16.9674778 -27.90799141 0 -18.45078468 12.13067532 0 12.37572289 -18.67802048 0 -12.14930725 -18.58674049 0 -23.2395649 17.04036903 0 -33.26419449 10.88005161 0 -33.34928894 10.9320507 0 16.81160545 -23.00465965 0 17.11243629 -27.8710804 0 12.32810211 -18.40794945 0 -12.11520767 -18.31463242 0 -18.17790985 12.10337067 0 -17.99889183 -12.28238773 0 17.25905609 -27.8414402 0 17.08278084 -23.04553223 0 17.40696907 -27.8191452 0 -33.43686676 10.97974396 0 -23.26005745 17.31383896 0 -12.09471321 -18.04116058 0 12.29400253 -18.13584137 0 -17.90401459 12.0897007 0 -17.72499466 -12.26871777 0 17.35565567 -23.07283783 0 17.55580902 -27.80425262 0 -33.52671432 11.02301216 0 -23.26689529 17.58799171 0 -33.61860657 11.06174755 0 12.27350807 -17.86236954 0 -12.08787632 -17.76700783 0 -17.629776 12.0897007 0 -17.45075798 -12.26871777 0 17.62955284 -23.0865078 0 17.70520782 -27.79679489 0 -23.26005745 17.86214447 0 -33.71231461 11.09585476 0 -12.09471321 -17.49285698 0 12.26667118 -17.58821678 0 -17.35587883 12.10337067 0 -17.17686081 -12.28238773 0 17.85479164 -27.79679489 0 17.90378952 -23.0865078 0 18.00419044 -27.80425262 0 -23.2395649 18.1356144 0 -33.80760574 11.12524891 0 12.27350807 -17.31406403 0 -12.11520767 -17.21938515 0 -17.083004 12.13067532 0 -16.90398598 -12.30969334 0 18.17768669 -23.07283783 0 18.1530304 -27.8191452 0 -23.20546532 18.40772438 0 -33.90424728 11.14985561 0 -34.00199127 11.16961575 0 -12.14930725 -16.94727707 0 12.29400253 -17.0405941 0 -16.81183052 12.17154884 0 -16.6328125 -12.35056591 0 18.45056152 -23.04553223 0 18.30094528 -27.8414402 0 18.44756317 -27.8710804 0 -34.1006012 11.18447876 0 -23.15784454 18.67779541 0 -12.19692802 -16.67720413 0 12.32810211 -16.76848412 0 -16.54302979 12.22588825 0 -16.36401176 -12.40490532 0 18.72173691 -23.00465965 0 18.59252167 -27.90799141 0 -23.09682083 18.9451561 0 -34.1998291 11.19440746 0 12.37572289 -16.49841309 0 -12.25795174 -16.40984344 0 -16.27727318 12.29355812 0 -16.09825325 -12.47257519 0 18.99053574 -22.9503212 0 18.73546028 -27.95208168 0 18.87602234 -28.00324249 0 -23.02254486 19.20914459 0 -34.29942703 11.19937801 0 12.4367466 -16.2310524 0 -12.3322258 -16.14585495 0 -16.01521873 12.3743906 0 -15.83619976 -12.55340862 0 19.25629425 -22.88265038 0 19.0138607 -28.06134605 0 -22.93520546 19.46910286 0 12.51102066 -15.9670639 0 -12.41956711 -15.88589764 0 -15.75751972 12.46818542 0 -15.57850075 -12.64720345 0 19.51834869 -22.80181694 0 19.14863205 -28.12624741 0 19.28000069 -28.19778633 0 -22.83501434 19.7243824 0 12.59836197 -15.70710659 0 -12.51975727 -15.63061714 0 19.77604675 -22.70802307 0 19.40763855 -28.27578545 0 -15.50481606 12.57470894 0 -15.32579708 -12.75372696 0 -12.63254738 -15.38064861 0 12.69855213 -15.4518261 0 -22.72222328 19.97435188 0 20.02875137 -22.60149956 0 19.53123093 -28.3600502 0 -15.25773621 12.69369602 0 -15.07871819 -12.87271404 0 -12.757658 -15.13661194 0 12.81134224 -15.20185661 0 -22.59711456 20.2183876 0 20.27582932 -22.48251152 0 19.65046883 -28.45036888 0 19.76505661 -28.54652023 0 -15.01689529 12.82485199 0 -14.83787632 -13.00386906 0 -12.89477634 -14.89911556 0 12.93645287 -14.95782089 0 -22.45999527 20.45588493 0 20.51667213 -22.35135651 0 19.87471008 -28.64826202 0 -14.78289032 12.96784878 0 -14.6038723 -13.14686584 0 -13.04356289 -14.66874886 0 13.07357121 -14.72032356 0 -22.31120872 20.68625069 0 20.7506752 -22.20836067 0 19.97915649 -28.75534439 0 -14.55630493 13.12233257 0 -14.37728596 -13.30134964 0 -13.20364761 -14.44608402 0 13.22235775 -14.48995686 0 20.9772625 -22.05387688 0 20.07813263 -28.86750031 0 20.17139816 -28.98444939 0 -14.33770084 13.28791809 0 -14.15868282 -13.46693516 0 -13.37463188 -14.23167706 0 13.38244247 -14.26729298 0 21.19586563 -21.88829041 0 20.25871658 -29.10590363 0 -14.1276226 13.4641943 0 -13.94860458 -13.64321232 0 13.55342674 -14.05288506 0 -13.55609131 -14.0260582 0 21.40594292 -21.71201324 0 20.33987236 -29.23155785 0 -13.92659283 13.65072346 0 -13.74757385 -13.82974148 0 13.73488617 -13.84726715 0 20.41466522 -29.36110115 0 21.60697365 -21.52548409 0 20.48290634 -29.4942112 0 13.92636871 -13.65094948 0 21.79845619 -21.32916832 0 20.54442787 -29.63055992 0 21.97991562 -21.12354851 0 20.59907722 -29.76980209 0 22.15089989 -20.90914154 0 20.64671898 -29.91159821 0 22.31098557 -20.68647766 0 20.68723106 -30.05559158 0 23.09659576 -18.94538307 0 23.0223217 -19.20937157 0 23.15761948 -18.67802048 0 23.20524025 -18.40794945 0 23.23933983 -18.13584137 0 23.25983429 -17.86236954 0 20.78000069 -30.79586411 0 20.77626991 -30.64632607 0 20.76509285 -30.49715996 0 20.74649239 -30.34873581 0 20.72051811 -30.20142555 0 22.45977211 -20.45611 0 22.5968895 -20.21861458 0 22.72200012 -19.97457695 0 22.83479118 -19.72460938 0 22.93498039 -19.46932793 0 -20.75090027 22.2081337 0 -19.87471008 28.64826202 0 -20.51689529 22.35113144 0 -19.97915649 28.75534439 0 -20.97748566 22.0536499 0 -19.76505661 28.54652023 0 -20.27605438 22.48228645 0 -20.07813263 28.86750031 0 -19.65046883 28.45036888 0 -21.19608879 21.88806534 0 -20.17139816 28.98444939 0 -19.53123093 28.3600502 0 -20.02897453 22.60127258 0 -21.40616798 21.71178818 0 -20.25871658 29.10590363 0 -19.40763855 28.27578545 0 -19.77626991 22.7077961 0 -21.60719681 21.52525902 0 -20.33987236 29.23155785 0 -19.28000069 28.19778633 0 -19.51857185 22.80159187 0 -20.41466522 29.36110115 0 -19.14863205 28.12624741 0 -21.79868126 21.32894135 0 -20.48290634 29.4942112 0 -19.0138607 28.06134605 0 -19.25651741 22.88242531 0 -21.98013878 21.12332344 0 -20.54442787 29.63055992 0 -18.87602234 28.00324249 0 -18.9907608 22.95009422 0 -22.15112305 20.90891647 0 -20.59907722 29.76980209 0 -18.73546028 27.95208168 0 -20.64671898 29.91159821 0 -18.59252167 27.90799141 0 -18.72196007 23.00443459 0 -20.68723106 30.05559158 0 -18.44756317 27.8710804 0 -18.45078468 23.04530716 0 -20.72051811 30.20142555 0 -18.30094528 27.8414402 0 -20.74649239 30.34873581 0 -18.1530304 27.8191452 0 -18.17790985 23.07261276 0 -20.76509285 30.49715996 0 -18.00419044 27.80425262 0 -17.90401459 23.08628273 0 -20.77626991 30.64632607 0 -17.85479164 27.79679489 0 -20.78000069 30.79586411 0 -17.70520782 27.79679489 0 -17.629776 23.08628273 0 -20.77626991 30.94540024 0 -17.55580902 27.80425262 0 -17.35587883 23.07261276 0 -20.76509285 31.09456635 0 -17.40696907 27.8191452 0 -17.083004 23.04530716 0 -20.74649239 31.24299049 0 -17.25905609 27.8414402 0 -20.72051811 31.39030266 0 -17.11243629 27.8710804 0 -16.81183052 23.00443459 0 -20.68723106 31.53613472 0 -16.9674778 27.90799141 0 -16.54302979 22.95009422 0 -20.64671898 31.6801281 0 -16.82453918 27.95208168 0 -20.59907722 31.82192421 0 -16.68397713 28.00324249 0 -16.27727318 22.88242531 0 -20.54442787 31.96116829 0 -16.54613876 28.06134605 0 -16.01521873 22.80159187 0 -20.48290634 32.09751511 0 -16.41136742 28.12624741 0 -20.41466522 32.23062515 0 -16.28000069 28.19778633 0 -15.75751972 22.7077961 0 -20.33987236 32.36016846 0 -16.15236092 28.27578545 0 -15.50481606 22.60127258 0 -20.25871658 32.48582458 0 -16.02876854 28.3600502 0 -20.17139816 32.60727692 0 -15.90953064 28.45036888 0 -15.25773621 22.48228645 0 -20.07813263 32.72422791 0 -15.79494286 28.54652023 0 -15.01689529 22.35113144 0 -19.97915649 32.83638 0 -15.68528938 28.64826202 0 -14.78289032 22.2081337 0 -19.87471008 32.94346237 0 -15.58084393 28.75534439 0 -19.76505661 33.04520798 0 -15.48186684 28.86750031 0 -14.55630493 22.0536499 0 -19.65046883 33.14135742 0 -15.38860226 28.98444939 0 -14.33770084 21.88806534 0 -19.53123093 33.23167801 0 -15.30128384 29.10590363 0 -14.1276226 21.71178818 0 -19.40763855 33.31594086 0 -15.22012711 29.23155785 0 -13.92659283 21.52525902 0 -19.28000069 33.39393997 0 -15.1453352 29.36110115 0 -19.14863205 33.46547699 0 -15.07709312 29.4942112 0 -13.73511028 21.32894135 0 -19.0138607 33.53038025 0 -15.01557159 29.63055992 0 -13.55365086 21.12332344 0 -18.87602234 33.58848572 0 -14.96092224 29.76980209 0 -13.38266659 20.90891647 0 -18.73546028 33.63964462 0 -14.91328144 29.91159821 0 -13.22258186 20.68625069 0 -18.59252167 33.68373489 0 -14.8727684 30.05559158 0 -18.44756317 33.7206459 0 -14.83948231 30.20142555 0 -13.07379532 20.45588493 0 -18.30094528 33.7502861 0 -14.81350708 30.34873581 0 -18.1530304 33.77257919 0 -18.00419044 33.78747559 0 -17.85479164 33.7949295 0 -17.70520782 33.7949295 0 -17.55580902 33.78747559 0 -17.40696907 33.77257919 0 -17.25905609 33.7502861 0 -17.11243629 33.7206459 0 13.74780273 13.82951546 0 -13.73511028 13.84704113 0 13.55631924 14.02583218 0 -13.55365086 14.05265903 0 13.94883251 13.6429863 0 14.12739944 -13.46442032 0 13.37486076 14.23145103 0 -13.38266659 14.26706696 0 14.15891075 13.46670914 0 14.33747768 -13.28814411 0 13.2038765 14.445858 0 -13.22258186 14.48973083 0 14.37751484 13.30112362 0 14.55608082 -13.12255859 0 -13.07379532 14.72009754 0 13.04379177 14.66852283 0 14.60410023 13.14663982 0 14.78266716 -12.9680748 0 12.89500523 14.89888859 0 -12.93667603 14.95759487 0 14.8381052 13.00364304 0 15.01667118 -12.82507801 0 -12.81156635 15.20163059 0 12.75788593 15.13638592 0 15.07894611 12.87248802 0 15.25751305 -12.69392204 0 -12.69877625 15.45160007 0 12.63277626 15.38042164 0 15.32602596 12.75350094 0 15.50459194 -12.57493496 0 12.51998615 15.63039112 0 -12.59858608 15.70688057 0 15.57872963 12.64697742 0 15.75729561 -12.46841145 0 12.41979504 15.88567162 0 -12.51124477 15.96683788 0 15.83642864 12.5531826 0 16.01499557 -12.37461662 0 12.33245468 16.14562988 0 -12.43696976 16.23082542 0 16.09848213 12.47234917 0 16.27704811 -12.29378414 0 12.25817966 16.40961647 0 -12.37594604 16.49818802 0 16.36424065 12.4046793 0 16.54280663 -12.22611427 0 12.19715595 16.67697906 0 -12.32832527 16.76825905 0 16.63303947 12.35033989 0 16.81160545 -12.17177486 0 12.14953518 16.94705009 0 -12.29422569 17.04036903 0 16.90421486 12.30946732 0 17.08278084 -12.13090134 0 12.1154356 17.21916008 0 -12.27373219 17.31383896 0 17.17708969 12.28216171 0 17.35565567 -12.10359669 0 -12.26689529 17.58799171 0 12.09494209 17.49263 0 17.45098686 12.26849174 0 17.62955284 -12.08992672 0 12.0881052 17.76678276 0 -12.27373219 17.86214447 0 17.72522354 12.26849174 0 17.90378952 -12.08992672 0 -12.29422569 18.1356144 0 12.09494209 18.04093552 0 17.99912071 12.28216171 0 18.17768669 -12.10359669 0 -12.32832527 18.40772438 0 12.1154356 18.31440544 0 18.27199554 12.30946732 0 18.45056152 -12.13090134 0 -12.37594604 18.67779541 0 12.14953518 18.58651543 0 -12.43696976 18.9451561 0 12.19715595 18.85658646 0 21.60697365 -13.65094948 0 33.46529007 -2.14760065 0 21.79845619 -13.84726715 0 33.36084366 -2.04051828 0 21.40594292 -13.46442032 0 33.57494354 -2.24934363 0 21.97991562 -14.05288506 0 33.26186752 -1.92836285 0 33.68952942 -2.34549451 0 22.15089989 -14.26729298 0 33.16860199 -1.81141329 0 21.19586563 -13.28814411 0 33.80876923 -2.4358139 0 22.31098557 -14.48995686 0 -12.51124477 19.20914459 0 12.25817966 19.12394905 0 33.08128357 -1.68996012 0 20.9772625 -13.12255859 0 33.9323616 -2.52007771 0 20.7506752 -12.9680748 0 33.00012589 -1.56430566 0 34.06000137 -2.59807611 0 22.45977211 -14.72032356 0 20.51667213 -12.82507801 0 32.92533493 -1.43476188 0 34.1913681 -2.66961551 0 22.5968895 -14.95782089 0 32.85709381 -1.30165124 0 34.32613754 -2.73451757 0 22.72200012 -15.20185661 0 20.27582932 -12.69392204 0 32.79557037 -1.16530442 0 34.46397781 -2.79262114 0 22.83479118 -15.4518261 0 20.02875137 -12.57493496 0 32.74092102 -1.02606046 0 12.33245468 19.38793564 0 -12.59858608 19.46910286 0 34.60454178 -2.84378195 0 19.77604675 -12.46841145 0 32.69328308 -0.88426554 0 34.74747849 -2.8878727 0 22.93498039 -15.70710659 0 19.51834869 -12.37461662 0 32.65276718 -0.74027216 0 34.89243698 -2.92478371 0 23.0223217 -15.9670639 0 19.25629425 -12.29378414 0 32.61948395 -0.59443843 0 -12.69877625 19.7243824 0 12.41979504 19.64789391 0 35.03905487 -2.95442319 0 23.09659576 -16.2310524 0 18.99053574 -12.22611427 0 32.59350586 -0.44712681 0 35.18696976 -2.97671771 0 23.15761948 -16.49841309 0 32.57490921 -0.29870355 0 35.33581161 -2.99161148 0 23.20524025 -16.76848412 0 18.72173691 -12.17177486 0 32.56372833 -0.14953765 0 12.51998615 19.90317345 0 -12.81156635 19.97435188 0 35.4852066 -2.99906754 0 23.23933983 -17.0405941 0 18.54316902 12.35033989 0 32.56000137 -0 0 35.63479233 -2.99906754 0 18.81196976 12.4046793 0 32.56372833 0.14953765 0 12.63277626 20.15314293 0 -12.93667603 20.2183876 0 35.78419113 -2.99161148 0 23.25983429 -17.31406403 0 32.57490921 0.29870355 0 35.93303299 -2.97671771 0 23.26667213 -17.58821678 0 19.07772827 12.47234917 0 32.59350586 0.44712681 0 36.08094406 -2.95442319 0 12.75788593 20.39717865 0 19.33978081 12.5531826 0 32.61948395 0.59443843 0 36.22756195 -2.92478371 0 19.59748077 12.64697742 0 32.65276718 0.74027216 0 36.37252045 -2.8878727 0 12.89500523 20.63467598 0 19.85018349 12.75350094 0 32.69328308 0.88426554 0 36.51546097 -2.84378195 0 20.09726334 12.87248802 0 32.74092102 1.02606046 0 36.65602493 -2.79262114 0 36.79386139 -2.73451757 0 36.92863083 -2.66961551 0 37.06000137 -2.59807611 0 37.18763733 -2.52007771 0 37.31122971 -2.4358139 0 37.43046951 -2.34549451 0 37.5450592 -2.24934363 0 37.65470886 -2.14760065 0 37.75915527 -2.04051828 0 37.85813522 -1.92836285 0 37.95139694 -1.81141329 0 38.03871536 -1.68996012 0 38.11987305 -1.56430566 0 38.194664 -1.43476188 0 38.26290512 -1.30165124 0 38.32442856 -1.16530442 0 38.37907791 -1.02606046 0 38.42671967 -0.88426554 0 38.46723175 -0.74027216 0 38.5005188 -0.59443843 0 38.52649307 -0.44712681 0 38.54509354 -0.29870355 0 38.5562706 -0.14953765 0 38.56000137 0 0 33.16860199 1.81141329 0 32.95281601 7.7682662 0 33.26186752 1.92836285 0 32.88318634 7.83965445 0 33.02591705 7.70043755 0 33.36084366 2.04051828 0 32.81719971 7.9144249 0 33.08128357 1.68996012 0 33.10231018 7.6363368 0 33.46529007 2.14760065 0 33.00012589 1.56430566 0 32.75502396 7.99239111 0 33.18180084 7.57612419 0 33.57494354 2.24934363 0 32.92533493 1.43476188 0 32.69681168 8.07335949 0 33.26419449 7.51994801 0 33.68952942 2.34549451 0 32.85709381 1.30165124 0 32.64270782 8.15712929 0 33.34928894 7.46794939 0 33.80876923 2.4358139 0 32.79557037 1.16530442 0 32.59284592 8.24349213 0 33.43686676 7.42025661 0 32.54735184 8.33223248 0 33.52671432 7.37698841 0 33.9323616 2.52007771 0 32.50633621 8.42313004 0 33.61860657 7.33825254 0 34.06000137 2.59807611 0 20.33810425 13.00364304 0 32.46990204 8.51595974 0 33.71231461 7.30414534 0 34.1913681 2.66961551 0 20.57210922 13.14663982 0 32.43814087 8.61048985 0 33.80760574 7.27475166 0 34.32613754 2.73451757 0 20.79869461 13.30112362 0 32.41113281 8.70648479 0 33.90424728 7.250144 0 34.46397781 2.79262114 0 32.38894272 8.80370808 0 34.00199127 7.23038435 0 32.37162781 8.90191555 0 21.01729965 13.46670914 0 34.1006012 7.21552181 0 34.60454178 2.84378195 0 21.22737694 13.6429863 0 32.35922623 9.00086403 0 34.1998291 7.20559263 0 34.74747849 2.8878727 0 21.42840767 13.82951546 0 32.35177612 9.10030842 0 34.29942703 7.2006216 0 34.89243698 2.92478371 0 32.34928894 9.19999981 0 34.39915085 7.2006216 0 35.03905487 2.95442319 0 32.35177612 9.29969215 0 21.61989021 14.02583218 0 34.49874878 7.20559263 0 32.35922623 9.39913559 0 21.80134964 14.23145103 0 34.59797668 7.21552181 0 35.18696976 2.97671771 0 32.37162781 9.49808407 0 34.69658279 7.23038435 0 35.33581161 2.99161148 0 21.97233391 14.445858 0 32.38894272 9.5962925 0 34.7943306 7.250144 0 35.4852066 2.99906754 0 32.41113281 9.69351482 0 22.13241768 14.66852283 0 34.89096832 7.27475166 0 35.63479233 2.99906754 0 32.43814087 9.78951073 0 34.98626328 7.30414534 0 22.28120422 14.89888859 0 32.46990204 9.88403988 0 35.07997131 7.33825254 0 35.78419113 2.99161148 0 22.41832352 15.13638592 0 32.50633621 9.97686958 0 35.17186356 7.37698841 0 35.93303299 2.97671771 0 22.54343414 15.38042164 0 32.54735184 10.06776714 0 35.26171112 7.42025661 0 36.08094406 2.95442319 0 32.59284592 10.15650749 0 35.34928894 7.46794939 0 36.22756195 2.92478371 0 22.6562233 15.63039112 0 32.64270782 10.24287033 0 35.43437958 7.51994801 0 22.75641441 15.88567162 0 32.69681168 10.32664013 0 35.51677704 7.57612419 0 36.37252045 2.8878727 0 32.75502396 10.40760899 0 35.5962677 7.6363368 0 36.51546097 2.84378195 0 22.84375572 16.14562988 0 32.81719971 10.48557568 0 35.67266083 7.70043755 0 36.65602493 2.79262114 0 22.91802979 16.40961647 0 32.88318634 10.56034565 0 35.74576187 7.7682662 0 36.79386139 2.73451757 0 32.95281601 10.63173389 0 35.81539154 7.83965445 0 36.92863083 2.66961551 0 22.9790535 16.67697906 0 33.02591705 10.69956207 0 35.88137817 7.9144249 0 23.02667427 16.94705009 0 33.10231018 10.76366329 0 35.94355392 7.99239111 0 37.06000137 2.59807611 0 33.18180084 10.82387638 0 36.0017662 8.07335949 0 37.18763733 2.52007771 0 23.06077385 17.21916008 0 33.26419449 10.88005161 0 36.05587006 8.15712929 0 37.31122971 2.4358139 0 33.34928894 10.9320507 0 23.08126831 17.49263 0 14.8381052 22.52992249 0 15.68528938 28.64826202 0 15.07894611 22.6610775 0 15.58084393 28.75534439 0 14.60410023 22.38692474 0 15.79494286 28.54652023 0 36.10573196 8.24349213 0 37.43046951 2.34549451 0 15.48186684 28.86750031 0 14.37751484 22.23244095 0 15.90953064 28.45036888 0 15.32602596 22.78006554 0 15.38860226 28.98444939 0 16.02876854 28.3600502 0 15.57872963 22.88658905 0 15.30128384 29.10590363 0 14.15891075 22.06685638 0 23.08810425 17.76678276 0 33.43686676 10.97974396 0 16.15236092 28.27578545 0 15.22012711 29.23155785 0 13.94883251 21.89057922 0 16.28000069 28.19778633 0 15.83642864 22.98038292 0 36.15122604 8.33223248 0 37.5450592 2.24934363 0 13.74780273 21.70405006 0 15.1453352 29.36110115 0 16.41136742 28.12624741 0 16.09848213 23.06121635 0 33.52671432 11.02301216 0 13.55631924 21.50773239 0 15.07709312 29.4942112 0 16.54613876 28.06134605 0 16.36424065 23.12888527 0 36.19224167 8.42313004 0 37.65470886 2.14760065 0 15.01557159 29.63055992 0 33.61860657 11.06174755 0 23.08126831 18.04093552 0 16.68397713 28.00324249 0 13.37486076 21.30211449 0 14.96092224 29.76980209 0 36.22867203 8.51595974 0 37.75915527 2.04051828 0 16.82453918 27.95208168 0 16.63303947 23.18322563 0 23.06077385 18.31440544 0 33.71231461 11.09585476 0 14.91328144 29.91159821 0 13.2038765 21.08770752 0 36.2604332 8.61048985 0 16.9674778 27.90799141 0 16.90421486 23.22409821 0 14.8727684 30.05559158 0 13.04379177 20.86504364 0 23.02667427 18.58651543 0 33.80760574 11.12524891 0 17.11243629 27.8710804 0 36.28744125 8.70648479 0 37.85813522 1.92836285 0 14.83948231 30.20142555 0 33.90424728 11.14985561 0 17.25905609 27.8414402 0 17.17708969 23.25140381 0 36.30963135 8.80370808 0 37.95139694 1.81141329 0 14.81350708 30.34873581 0 22.9790535 18.85658646 0 34.00199127 11.16961575 0 17.40696907 27.8191452 0 17.45098686 23.26507378 0 36.32695007 8.90191555 0 38.03871536 1.68996012 0 22.91802979 19.12394905 0 34.1006012 11.18447876 0 -14.79490757 30.49715996 0 14.79490757 30.49715996 0 -14.78372955 30.64632607 0 36.33935165 9.00086403 0 38.11987305 1.56430566 0 17.55580902 27.80425262 0 22.84375572 19.38793564 0 34.1998291 11.19440746 0 14.78372955 30.64632607 0 -14.77999973 30.79586411 0 36.34680176 9.10030842 0 38.194664 1.43476188 0 34.29942703 11.19937801 0 17.70520782 27.79679489 0 17.72522354 23.26507378 0 36.34928894 9.19999981 0 38.26290512 1.30165124 0 -14.78372955 30.94540024 0 14.77999973 30.79586411 0 22.75641441 19.64789391 0 34.39915085 11.19937801 0 36.34680176 9.29969215 0 38.32442856 1.16530442 0 17.85479164 27.79679489 0 17.99912071 23.25140381 0 14.78372955 30.94540024 0 36.33935165 9.39913559 0 38.37907791 1.02606046 0 18.00419044 27.80425262 0 -14.79490757 31.09456635 0 14.79490757 31.09456635 0 18.1530304 27.8191452 0 18.27199554 23.22409821 0 -14.81350708 31.24299049 0 14.81350708 31.24299049 0 18.30094528 27.8414402 0 18.54316902 23.18322563 0 -14.83948231 31.39030266 0 14.83948231 31.39030266 0 18.44756317 27.8710804 0 14.8727684 31.53613472 0 -14.8727684 31.53613472 0 18.59252167 27.90799141 0 18.81196976 23.12888527 0 -14.91328144 31.6801281 0 14.91328144 31.6801281 0 18.73546028 27.95208168 0 19.07772827 23.06121635 0 -14.96092224 31.82192421 0 14.96092224 31.82192421 0 -15.01557159 31.96116829 0 18.87602234 28.00324249 0 15.01557159 31.96116829 0 19.0138607 28.06134605 0 19.33978081 22.98038292 0 -15.07709312 32.09751511 0 15.07709312 32.09751511 0 19.14863205 28.12624741 0 19.59748077 22.88658905 0 -15.1453352 32.23062515 0 15.1453352 32.23062515 0 19.28000069 28.19778633 0 19.85018349 22.78006554 0 -15.22012711 32.36016846 0 15.22012711 32.36016846 0 19.40763855 28.27578545 0 -15.30128384 32.48582458 0 15.30128384 32.48582458 0 -15.38860226 32.60727692 0 19.53123093 28.3600502 0 20.09726334 22.6610775 0 15.38860226 32.60727692 0 19.65046883 28.45036888 0 20.33810425 22.52992249 0 -15.48186684 32.72422791 0 15.48186684 32.72422791 0 19.76505661 28.54652023 0 15.58084393 32.83638 0 -15.58084393 32.83638 0 19.87471008 28.64826202 0 20.57210922 22.38692474 0 -15.68528938 32.94346237 0 15.68528938 32.94346237 0 19.97915649 28.75534439 0 20.79869461 22.23244095 0 -15.79494286 33.04520798 0 15.79494286 33.04520798 0 20.07813263 28.86750031 0 21.01729965 22.06685638 0 -15.90953064 33.14135742 0 15.90953064 33.14135742 0 20.17139816 28.98444939 0 -16.02876854 33.23167801 0 16.02876854 33.23167801 0 20.25871658 29.10590363 0 21.22737694 21.89057922 0 -16.15236092 33.31594086 0 16.15236092 33.31594086 0 20.33987236 29.23155785 0 21.42840767 21.70405006 0 -16.28000069 33.39393997 0 16.28000069 33.39393997 0 -16.41136742 33.46547699 0 20.41466522 29.36110115 0 21.61989021 21.50773239 0 16.41136742 33.46547699 0 20.48290634 29.4942112 0 21.80134964 21.30211449 0 16.54613876 33.53038025 0 -16.54613876 33.53038025 0 20.54442787 29.63055992 0 16.68397713 33.58848572 0 -16.68397713 33.58848572 0 20.59907722 29.76980209 0 21.97233391 21.08770752 0 20.64671898 29.91159821 0 22.13241768 20.86504364 0 20.68723106 30.05559158 0 22.28120422 20.63467598 0 19.14863205 33.46547699 0 19.28000069 33.39393997 0 19.0138607 33.53038025 0 18.87602234 33.58848572 0 18.73546028 33.63964462 0 18.59252167 33.68373489 0 20.76509285 31.09456635 0 20.77626991 30.94540024 0 18.44756317 33.7206459 0 20.74649239 31.24299049 0 18.30094528 33.7502861 0 18.1530304 33.77257919 0 20.72051811 31.39030266 0 18.00419044 33.78747559 0 20.68723106 31.53613472 0 17.85479164 33.7949295 0 20.64671898 31.6801281 0 17.70520782 33.7949295 0 20.59907722 31.82192421 0 17.55580902 33.78747559 0 20.54442787 31.96116829 0 17.40696907 33.77257919 0 20.48290634 32.09751511 0 17.25905609 33.7502861 0 20.41466522 32.23062515 0 17.11243629 33.7206459 0 20.33987236 32.36016846 0 20.25871658 32.48582458 0 20.17139816 32.60727692 0 20.07813263 32.72422791 0 19.97915649 32.83638 0 19.87471008 32.94346237 0 19.76505661 33.04520798 0 19.65046883 33.14135742 0 19.53123093 33.23167801 0 19.40763855 33.31594086 0 20.72051811 30.20142555 0 20.74649239 30.34873581 0 20.76509285 30.49715996 0 20.77626991 30.64632607 0 20.78000069 30.79586411 0 22.6562233 19.90317345 0 22.54343414 20.15314293 0 22.41832352 20.39717865 0 36.32695007 9.49808407 0 36.30963135 9.5962925 0 36.28744125 9.69351482 0 36.2604332 9.78951073 0 36.22867203 9.88403988 0 36.19224167 9.97686958 0 36.15122604 10.06776714 0 36.10573196 10.15650749 0 36.05587006 10.24287033 0 36.0017662 10.32664013 0 35.94355392 10.40760899 0 35.88137817 10.48557568 0 35.81539154 10.56034565 0 35.74576187 10.63173389 0 35.67266083 10.69956207 0 35.5962677 10.76366329 0 35.51677704 10.82387638 0 35.43437958 10.88005161 0 35.34928894 10.9320507 0 35.26171112 10.97974396 0 35.17186356 11.02301216 0 35.07997131 11.06174755 0 34.98626328 11.09585476 0 38.5562706 0.14953765 0 34.89096832 11.12524891 0 38.54509354 0.29870355 0 34.7943306 11.14985561 0 38.52649307 0.44712681 0 34.69658279 11.16961575 0 38.5005188 0.59443843 0 34.59797668 11.18447876 0 34.49874878 11.19440746 0 38.46723175 0.74027216 0 38.42671967 0.88426554 0 -16.9674778 33.68373489 0 -16.82453918 33.63964462 0 16.9674778 33.68373489 0 16.82453918 33.63964462 0 42.5 35 14.60000038 42.5 -35 14.60000038 35 42.5 14.60000038 35.36800766 42.4909668 14.60000038 35.39253998 42.99036407 14.10000038 35.73513031 42.46388626 14.60000038 35.78413773 42.96147919 14.10000038 36.10047913 42.41882324 14.60000038 36.17384338 42.91341019 14.10000038 36.46317673 42.35588837 14.60000038 36.56072235 42.84628296 14.10000038 36.82234955 42.27523422 14.60000038 36.94384003 42.76025009 14.10000038 37.17713547 42.17705154 14.60000038 37.32227707 42.65552139 14.10000038 37.52667236 42.06158066 14.60000038 37.69511795 42.53235245 14.10000038 37.87012482 41.92909622 14.60000038 38.06146622 42.39103699 14.10000038 38.20666504 41.77991867 14.60000038 38.42044067 42.23191452 14.10000038 38.53547668 41.6144104 14.60000038 38.77117538 42.05537033 14.10000038 38.85577011 41.43296432 14.60000038 39.11282349 41.86182785 14.10000038 39.16677856 41.23602295 14.60000038 39.444561 41.65175629 14.10000038 39.46774292 41.02405548 14.60000038 39.76559448 41.42565918 14.10000038 39.75794983 40.7975769 14.60000038 40.07514572 41.18408203 14.10000038 40.03669357 40.55713272 14.60000038 40.37247086 40.92760849 14.10000038 40.30330276 40.30330276 14.60000038 40.65685272 40.65685272 14.10000038 40.55713272 40.03669357 14.60000038 40.92760849 40.37247086 14.10000038 40.7975769 39.75794983 14.60000038 41.18408203 40.07514572 14.10000038 41.02405548 39.46774292 14.60000038 41.42565918 39.76559448 14.10000038 41.23602295 39.16677856 14.60000038 41.65175629 39.444561 14.10000038 41.43296432 38.85577011 14.60000038 41.86182785 39.11282349 14.10000038 41.6144104 38.53547668 14.60000038 42.05537033 38.77117538 14.10000038 41.77991867 38.20666504 14.60000038 42.23191452 38.42044067 14.10000038 41.92909622 37.87012482 14.60000038 42.39103699 38.06146622 14.10000038 42.06158066 37.52667236 14.60000038 42.53235245 37.69511795 14.10000038 42.17705154 37.17713547 14.60000038 42.65552139 37.32227707 14.10000038 42.27523422 36.82234955 14.60000038 42.76025009 36.94384003 14.10000038 42.35588837 36.46317673 14.60000038 42.84628296 36.56072235 14.10000038 42.41882324 36.10047913 14.60000038 42.91341019 36.17384338 14.10000038 42.46388626 35.73513031 14.60000038 42.96147919 35.78413773 14.10000038 42.99036407 35.39253998 14.10000038 42.4909668 35.36800766 14.60000038 -35 42.5 14.60000038 -42.5 35 14.60000038 -42.4909668 35.36800766 14.60000038 -42.99036407 35.39253998 14.10000038 -42.46388626 35.73513031 14.60000038 -42.96147919 35.78413773 14.10000038 -42.41882324 36.10047913 14.60000038 -42.91341019 36.17384338 14.10000038 -42.35588837 36.46317673 14.60000038 -42.84628296 36.56072235 14.10000038 -42.27523422 36.82234955 14.60000038 -42.76025009 36.94384003 14.10000038 -42.17705154 37.17713547 14.60000038 -42.65552139 37.32227707 14.10000038 -42.06158066 37.52667236 14.60000038 -42.53235245 37.69511795 14.10000038 -41.92909622 37.87012482 14.60000038 -42.39103699 38.06146622 14.10000038 -41.77991867 38.20666504 14.60000038 -42.23191452 38.42044067 14.10000038 -41.6144104 38.53547668 14.60000038 -42.05537033 38.77117538 14.10000038 -41.43296432 38.85577011 14.60000038 -41.86182785 39.11282349 14.10000038 -41.23602295 39.16677856 14.60000038 -41.65175629 39.444561 14.10000038 -41.02405548 39.46774292 14.60000038 -41.42565918 39.76559448 14.10000038 -40.7975769 39.75794983 14.60000038 -41.18408203 40.07514572 14.10000038 -40.55713272 40.03669357 14.60000038 -40.92760849 40.37247086 14.10000038 -40.30330276 40.30330276 14.60000038 -40.65685272 40.65685272 14.10000038 -40.03669357 40.55713272 14.60000038 -40.37247086 40.92760849 14.10000038 -39.75794983 40.7975769 14.60000038 -40.07514572 41.18408203 14.10000038 -39.46774292 41.02405548 14.60000038 -39.76559448 41.42565918 14.10000038 -39.16677856 41.23602295 14.60000038 -39.444561 41.65175629 14.10000038 -38.85577011 41.43296432 14.60000038 -39.11282349 41.86182785 14.10000038 -38.53547668 41.6144104 14.60000038 -38.77117538 42.05537033 14.10000038 -38.20666504 41.77991867 14.60000038 -38.42044067 42.23191452 14.10000038 -37.87012482 41.92909622 14.60000038 -38.06146622 42.39103699 14.10000038 -37.52667236 42.06158066 14.60000038 -37.69511795 42.53235245 14.10000038 -37.17713547 42.17705154 14.60000038 -37.32227707 42.65552139 14.10000038 -36.82234955 42.27523422 14.60000038 -36.94384003 42.76025009 14.10000038 -36.46317673 42.35588837 14.60000038 -36.56072235 42.84628296 14.10000038 -36.10047913 42.41882324 14.60000038 -36.17384338 42.91341019 14.10000038 -35.73513031 42.46388626 14.60000038 -35.78413773 42.96147919 14.10000038 -35.39253998 42.99036407 14.10000038 -35.36800766 42.4909668 14.60000038 -42.5 -35 14.60000038 -35 -42.5 14.60000038 -35.36800766 -42.4909668 14.60000038 -35.73513031 -42.46388626 14.60000038 -36.10047913 -42.41882324 14.60000038 -36.46317673 -42.35588837 14.60000038 -36.82234955 -42.27523422 14.60000038 -37.17713547 -42.17705154 14.60000038 -37.52667236 -42.06158066 14.60000038 -37.87012482 -41.92909622 14.60000038 -38.20666504 -41.77991867 14.60000038 -38.53547668 -41.6144104 14.60000038 -38.85577011 -41.43296432 14.60000038 -39.16677856 -41.23602295 14.60000038 -39.46774292 -41.02405548 14.60000038 -39.75794983 -40.7975769 14.60000038 -40.03669357 -40.55713272 14.60000038 -40.30330276 -40.30330276 14.60000038 -40.55713272 -40.03669357 14.60000038 -40.7975769 -39.75794983 14.60000038 -41.02405548 -39.46774292 14.60000038 -41.23602295 -39.16677856 14.60000038 -41.43296432 -38.85577011 14.60000038 -41.6144104 -38.53547668 14.60000038 -41.77991867 -38.20666504 14.60000038 -41.92909622 -37.87012482 14.60000038 -42.06158066 -37.52667236 14.60000038 -42.17705154 -37.17713547 14.60000038 -42.27523422 -36.82234955 14.60000038 -42.35588837 -36.46317673 14.60000038 -42.41882324 -36.10047913 14.60000038 -42.46388626 -35.73513031 14.60000038 -42.4909668 -35.36800766 14.60000038 35 -42.5 14.60000038 42.4909668 -35.36800766 14.60000038 42.46388626 -35.73513031 14.60000038 42.41882324 -36.10047913 14.60000038 42.35588837 -36.46317673 14.60000038 42.27523422 -36.82234955 14.60000038 42.17705154 -37.17713547 14.60000038 42.06158066 -37.52667236 14.60000038 41.92909622 -37.87012482 14.60000038 41.77991867 -38.20666504 14.60000038 41.6144104 -38.53547668 14.60000038 41.43296432 -38.85577011 14.60000038 41.23602295 -39.16677856 14.60000038 41.02405548 -39.46774292 14.60000038 40.7975769 -39.75794983 14.60000038 40.55713272 -40.03669357 14.60000038 40.30330276 -40.30330276 14.60000038 40.03669357 -40.55713272 14.60000038 39.75794983 -40.7975769 14.60000038 39.46774292 -41.02405548 14.60000038 39.16677856 -41.23602295 14.60000038 38.85577011 -41.43296432 14.60000038 38.53547668 -41.6144104 14.60000038 38.20666504 -41.77991867 14.60000038 37.87012482 -41.92909622 14.60000038 37.52667236 -42.06158066 14.60000038 37.17713547 -42.17705154 14.60000038 36.82234955 -42.27523422 14.60000038 36.46317673 -42.35588837 14.60000038 36.10047913 -42.41882324 14.60000038 35.73513031 -42.46388626 14.60000038 35.36800766 -42.4909668 14.60000038 -21.51856422 -34.2647438 14.60000038 -21.34100723 -34.44678497 14.60000038 -21.15459824 -34.61974716 14.60000038 -21.68682671 -34.07408142 14.60000038 -20.95979881 -34.78320312 14.60000038 -21.84537506 -33.87526703 14.60000038 -20.75709343 -34.9367485 14.60000038 -21.99381828 -33.66879654 14.60000038 -20.54698563 -35.0799942 14.60000038 -22.13178444 -33.45518112 14.60000038 -20.32999992 -35.21259308 14.60000038 -22.25893021 -33.23495865 14.60000038 -20.10667419 -35.33420944 14.60000038 -22.37494087 -33.00867081 14.60000038 -19.87756348 -35.44454193 14.60000038 -22.47952843 -32.77688217 14.60000038 -19.64323997 -35.5433197 14.60000038 -22.57243156 -32.54016495 14.60000038 -19.40428162 -35.63029099 14.60000038 -22.6534214 -32.29911423 14.60000038 -19.16128731 -35.70524597 14.60000038 -22.72229385 -32.0543251 14.60000038 -18.91485596 -35.76799393 14.60000038 -22.77887917 -31.80640793 14.60000038 -18.66560555 -35.81838226 14.60000038 -22.8230381 -31.55597878 14.60000038 -18.41415215 -35.8562851 14.60000038 -22.85465622 -31.30365944 14.60000038 -18.16112328 -35.88160324 14.60000038 -22.87366104 -31.05007744 14.60000038 -17.90714645 -35.89427948 14.60000038 -22.87999916 -30.79586411 14.60000038 -17.65285301 -35.89427948 14.60000038 -22.87366104 -30.54164886 14.60000038 -17.39887619 -35.88160324 14.60000038 -22.85465622 -30.28806686 14.60000038 -17.14584732 -35.8562851 14.60000038 -22.8230381 -30.03574753 14.60000038 -16.89439392 -35.81838226 14.60000038 -22.77887917 -29.78531837 14.60000038 -16.64514351 -35.76799393 14.60000038 -22.72229385 -29.5374012 14.60000038 -22.6534214 -29.29261208 14.60000038 -21.12166405 -21.65497208 14.60000038 -21.51856422 -27.3269825 14.60000038 -21.34100723 -27.14494324 14.60000038 -21.15459824 -26.97197914 14.60000038 -20.95979881 -26.80852318 14.60000038 -20.75709343 -26.65497971 14.60000038 -39.29856491 -3.46888089 14.60000038 -39.12100601 -3.65092087 14.60000038 -38.93459702 -3.82388425 14.60000038 -22.17481995 -20.57522583 14.60000038 -21.99381828 -27.92293167 14.60000038 -21.84537506 -27.71646118 14.60000038 -21.68682671 -27.51764679 14.60000038 -39.46682739 -3.27821684 14.60000038 -38.7397995 -3.98734045 14.60000038 -39.62537766 -3.07940245 14.60000038 -20.01599693 -22.6808815 14.60000038 -20.54698563 -26.5117321 14.60000038 -20.32999992 -26.37913322 14.60000038 -20.10667419 -26.25751686 14.60000038 -19.87756348 -26.14718437 14.60000038 -38.53709412 -4.14088392 14.60000038 -39.77381897 -2.8729322 14.60000038 -23.17284393 -19.44432449 14.60000038 -22.37494087 -28.5830555 14.60000038 -22.25893021 -28.35676765 14.60000038 -22.13178444 -28.13654327 14.60000038 -38.32698441 -4.284132 14.60000038 -39.91178513 -2.65931964 14.60000038 -38.11000061 -4.41672945 14.60000038 -18.86056709 -23.65040207 14.60000038 -19.64323997 -26.0484066 14.60000038 -19.40428162 -25.96143341 14.60000038 -19.16128731 -25.88648033 14.60000038 -18.91485596 -25.82373047 14.60000038 -18.66560555 -25.77334404 14.60000038 -40.03892899 -2.43909526 14.60000038 -37.88667297 -4.53834629 14.60000038 -24.11325836 -18.26508331 14.60000038 -22.57243156 -29.05156136 14.60000038 -22.47952843 -28.81484604 14.60000038 -40.15494156 -2.21280718 14.60000038 -37.65756607 -4.64867973 14.60000038 -40.25952911 -1.98101747 14.60000038 -17.65824699 -24.5611248 14.60000038 -18.41415215 -25.73544312 14.60000038 -18.16112328 -25.71012306 14.60000038 -17.90714645 -25.69744873 14.60000038 -17.65285301 -25.69744873 14.60000038 -17.39887619 -25.71012306 14.60000038 -17.14584732 -25.73544312 14.60000038 -37.42324066 -4.74745607 14.60000038 -40.35243225 -1.74430275 14.60000038 -24.99372292 -17.04043198 14.60000038 -37.1842804 -4.83442926 14.60000038 -40.43342209 -1.50325143 14.60000038 -36.94128799 -4.90938377 14.60000038 -16.41202354 -25.41078377 14.60000038 -16.89439392 -25.77334404 14.60000038 -16.64514351 -25.82373047 14.60000038 -16.39871407 -25.88648033 14.60000038 -16.15571785 -25.96143341 14.60000038 -15.91676044 -26.0484066 14.60000038 -15.68243599 -26.14718437 14.60000038 -40.50229263 -1.25846279 14.60000038 -25.81204987 -15.77341461 14.60000038 -40.55887985 -1.01054537 14.60000038 -40.60303879 -0.76011556 14.60000038 -15.125 -26.19726753 14.60000038 -15.45332527 -26.25751686 14.60000038 -15.22999954 -26.37913322 14.60000038 -15.01301384 -26.5117321 14.60000038 -14.80290699 -26.65497971 14.60000038 -40.63465881 -0.50779599 14.60000038 -26.56620216 -14.46718311 14.60000038 -13.80037212 -26.91862297 14.60000038 -14.60020161 -26.80852318 14.60000038 -14.40540218 -26.97197914 14.60000038 -14.21899223 -27.14494324 14.60000038 -14.04143524 -27.3269825 14.60000038 -13.87317371 -27.51764679 14.60000038 -13.7146244 -27.71646118 14.60000038 -27.2543087 -13.12498283 14.60000038 -36.69485855 -4.97213221 14.60000038 -12.44143486 -27.57305145 14.60000038 -13.56618214 -27.92293167 14.60000038 -13.42821693 -28.13654327 14.60000038 -13.30107021 -28.35676765 14.60000038 -13.18505859 -28.5830555 14.60000038 -13.08047104 -28.81484604 14.60000038 -12.9875679 -29.05156136 14.60000038 -27.87465477 -11.75015259 14.60000038 -35.94112396 -5.08573914 14.60000038 -36.19415283 -5.06042004 14.60000038 -36.44560623 -5.02251959 14.60000038 -11.05156612 -28.15893173 14.60000038 -12.90657902 -29.29261208 14.60000038 -12.83770561 -29.5374012 14.60000038 -12.7811203 -29.78531837 14.60000038 -12.73696232 -30.03574753 14.60000038 -12.70534325 -30.28806686 14.60000038 -28.42570114 -10.34610939 14.60000038 -35.17887497 -5.08573914 14.60000038 -35.4328537 -5.0984149 14.60000038 -35.68714523 -5.0984149 14.60000038 -9.63422108 -28.67480278 14.60000038 -12.68633938 -30.54164886 14.60000038 -12.68000031 -30.79586411 14.60000038 -12.68633938 -31.05007744 14.60000038 -12.70534325 -31.30365944 14.60000038 -28.90607643 -8.91634369 14.60000038 -34.4251442 -4.97213221 14.60000038 -34.6743927 -5.02251959 14.60000038 -34.9258461 -5.06042004 14.60000038 -8.1929245 -29.11938286 14.60000038 -12.73696232 -31.55597878 14.60000038 -12.7811203 -31.80640793 14.60000038 -12.83770561 -32.0543251 14.60000038 -12.90657902 -32.29911423 14.60000038 -29.31458855 -7.46441126 14.60000038 -33.46243668 -4.64867973 14.60000038 -33.69676208 -4.74745607 14.60000038 -33.93571854 -4.83442926 14.60000038 -34.17871475 -4.90938377 14.60000038 -6.73125839 -29.49156952 14.60000038 -12.9875679 -32.54016495 14.60000038 -13.08047104 -32.77688217 14.60000038 -13.18505859 -33.00867081 14.60000038 -29.65021706 -5.9939208 14.60000038 -32.58290863 -4.14088392 14.60000038 -32.79301453 -4.284132 14.60000038 -33.00999832 -4.41672945 14.60000038 -33.23332596 -4.53834629 14.60000038 -5.25285721 -29.79043388 14.60000038 -13.30107021 -33.23495865 14.60000038 -13.42821693 -33.45518112 14.60000038 -13.56618214 -33.66879654 14.60000038 -29.91213226 -4.50852871 14.60000038 -31.65317345 -3.27821684 14.60000038 -31.82143593 -3.46888089 14.60000038 -31.99899292 -3.65092087 14.60000038 -32.18540192 -3.82388425 14.60000038 -32.38020325 -3.98734045 14.60000038 -3.76139712 -30.0152359 14.60000038 -13.7146244 -33.87526703 14.60000038 -13.87317371 -34.07408142 14.60000038 -14.04143524 -34.2647438 14.60000038 -30.09968185 -3.01192737 14.60000038 -30.96505928 -2.21280718 14.60000038 -31.08106995 -2.43909526 14.60000038 -31.20821571 -2.65931964 14.60000038 -31.34618187 -2.8729322 14.60000038 -31.49462509 -3.07940245 14.60000038 -30.86047173 -1.98101747 14.60000038 -2.26058531 -30.16541481 14.60000038 -14.21899223 -34.44678497 14.60000038 -14.40540218 -34.61974716 14.60000038 -30.21239662 -1.50783801 14.60000038 -30.6177063 -1.25846279 14.60000038 -30.68657875 -1.50325143 14.60000038 -30.76756668 -1.74430275 14.60000038 -30.56112099 -1.01054537 14.60000038 -30.51696205 -0.76011556 14.60000038 -0.75415343 -30.24059868 14.60000038 -14.60020161 -34.78320312 14.60000038 -14.80290699 -34.9367485 14.60000038 -30.48534393 -0.50779599 14.60000038 -30.25 0 14.60000038 -30.45999908 0 14.60000038 -30.46633911 -0.25421402 14.60000038 -30.46633911 0.25421402 14.60000038 -30.48534393 0.50779599 14.60000038 0.75415343 -30.24059868 14.60000038 -30.21239662 1.50783801 14.60000038 -30.86047173 1.98101747 14.60000038 -30.76756668 1.74430275 14.60000038 -30.68657875 1.50325143 14.60000038 -30.6177063 1.25846279 14.60000038 -30.56112099 1.01054537 14.60000038 -30.51696205 0.76011556 14.60000038 -30.09968185 3.01192737 14.60000038 -31.65317345 3.27821684 14.60000038 -31.49462509 3.07940245 14.60000038 -31.34618187 2.8729322 14.60000038 -31.20821571 2.65931964 14.60000038 -31.08106995 2.43909526 14.60000038 -30.96505928 2.21280718 14.60000038 -29.91213226 4.50852871 14.60000038 -32.58290863 4.14088392 14.60000038 -32.38020325 3.98734045 14.60000038 -32.18540192 3.82388425 14.60000038 -31.99899292 3.65092087 14.60000038 -31.82143593 3.46888089 14.60000038 -29.65021706 5.9939208 14.60000038 -33.23332596 4.53834629 14.60000038 -33.00999832 4.41672945 14.60000038 -32.79301453 4.284132 14.60000038 -33.46243668 4.64867973 14.60000038 -29.31458855 7.46441126 14.60000038 -34.4251442 4.97213221 14.60000038 -34.17871475 4.90938377 14.60000038 -33.93571854 4.83442926 14.60000038 -33.69676208 4.74745607 14.60000038 14.04143524 -34.2647438 14.60000038 3.76139712 -30.0152359 14.60000038 2.26058531 -30.16541481 14.60000038 14.21899223 -34.44678497 14.60000038 14.40540218 -34.61974716 14.60000038 13.87317371 -34.07408142 14.60000038 14.60020161 -34.78320312 14.60000038 13.7146244 -33.87526703 14.60000038 14.80290699 -34.9367485 14.60000038 13.56618214 -33.66879654 14.60000038 5.25285721 -29.79043388 14.60000038 15.01301384 -35.0799942 14.60000038 -15.01301384 -35.0799942 14.60000038 13.42821693 -33.45518112 14.60000038 -28.90607643 8.91634369 14.60000038 -35.17887497 5.08573914 14.60000038 -34.9258461 5.06042004 14.60000038 -34.6743927 5.02251959 14.60000038 15.22999954 -35.21259308 14.60000038 -15.22999954 -35.21259308 14.60000038 13.30107021 -33.23495865 14.60000038 15.45332527 -35.33420944 14.60000038 -15.45332527 -35.33420944 14.60000038 13.18505859 -33.00867081 14.60000038 6.73125839 -29.49156952 14.60000038 15.68243599 -35.44454193 14.60000038 -15.68243599 -35.44454193 14.60000038 13.08047104 -32.77688217 14.60000038 15.91676044 -35.5433197 14.60000038 -15.91676044 -35.5433197 14.60000038 12.9875679 -32.54016495 14.60000038 16.15571785 -35.63029099 14.60000038 -16.15571785 -35.63029099 14.60000038 12.90657902 -32.29911423 14.60000038 8.1929245 -29.11938286 14.60000038 16.39871407 -35.70524597 14.60000038 -16.39871407 -35.70524597 14.60000038 12.83770561 -32.0543251 14.60000038 16.64514351 -35.76799393 14.60000038 12.7811203 -31.80640793 14.60000038 12.73696232 -31.55597878 14.60000038 12.70534325 -31.30365944 14.60000038 9.63422108 -28.67480278 14.60000038 12.68633938 -31.05007744 14.60000038 12.68000031 -30.79586411 14.60000038 -28.42570114 10.34610939 14.60000038 -35.94112396 5.08573914 14.60000038 -35.68714523 5.0984149 14.60000038 -35.4328537 5.0984149 14.60000038 12.68633938 -30.54164886 14.60000038 12.70534325 -30.28806686 14.60000038 11.05156612 -28.15893173 14.60000038 12.73696232 -30.03574753 14.60000038 12.7811203 -29.78531837 14.60000038 12.83770561 -29.5374012 14.60000038 12.90657902 -29.29261208 14.60000038 -27.87465477 11.75015259 14.60000038 -36.69485855 4.97213221 14.60000038 -36.44560623 5.02251959 14.60000038 -36.19415283 5.06042004 14.60000038 12.9875679 -29.05156136 14.60000038 12.44143486 -27.57305145 14.60000038 13.08047104 -28.81484604 14.60000038 13.18505859 -28.5830555 14.60000038 13.30107021 -28.35676765 14.60000038 13.42821693 -28.13654327 14.60000038 13.56618214 -27.92293167 14.60000038 -27.2543087 13.12498283 14.60000038 -36.94128799 4.90938377 14.60000038 13.7146244 -27.71646118 14.60000038 13.80037212 -26.91862297 14.60000038 13.87317371 -27.51764679 14.60000038 14.04143524 -27.3269825 14.60000038 14.21899223 -27.14494324 14.60000038 14.40540218 -26.97197914 14.60000038 14.60020161 -26.80852318 14.60000038 14.80290699 -26.65497971 14.60000038 15.125 -26.19726753 14.60000038 15.01301384 -26.5117321 14.60000038 15.22999954 -26.37913322 14.60000038 15.45332527 -26.25751686 14.60000038 15.68243599 -26.14718437 14.60000038 16.41202354 -25.41078377 14.60000038 15.91676044 -26.0484066 14.60000038 16.15571785 -25.96143341 14.60000038 16.39871407 -25.88648033 14.60000038 16.64514351 -25.82373047 14.60000038 16.89439392 -25.77334404 14.60000038 17.14584732 -25.73544312 14.60000038 22.8230381 -31.55597878 14.60000038 22.77887917 -31.80640793 14.60000038 22.72229385 -32.0543251 14.60000038 22.6534214 -32.29911423 14.60000038 22.57243156 -32.54016495 14.60000038 22.47952843 -32.77688217 14.60000038 22.37494087 -33.00867081 14.60000038 22.25893021 -33.23495865 14.60000038 22.13178444 -33.45518112 14.60000038 21.99381828 -33.66879654 14.60000038 21.84537506 -33.87526703 14.60000038 21.68682671 -34.07408142 14.60000038 21.51856422 -34.2647438 14.60000038 21.34100723 -34.44678497 14.60000038 21.15459824 -34.61974716 14.60000038 20.95979881 -34.78320312 14.60000038 20.75709343 -34.9367485 14.60000038 20.54698563 -35.0799942 14.60000038 20.32999992 -35.21259308 14.60000038 20.10667419 -35.33420944 14.60000038 19.87756348 -35.44454193 14.60000038 19.64323997 -35.5433197 14.60000038 19.40428162 -35.63029099 14.60000038 19.16128731 -35.70524597 14.60000038 18.91485596 -35.76799393 14.60000038 18.66560555 -35.81838226 14.60000038 18.41415215 -35.8562851 14.60000038 18.16112328 -35.88160324 14.60000038 17.90714645 -35.89427948 14.60000038 17.65285301 -35.89427948 14.60000038 17.39887619 -35.88160324 14.60000038 17.14584732 -35.8562851 14.60000038 16.89439392 -35.81838226 14.60000038 -39.12100601 3.65092087 14.60000038 -38.93459702 3.82388425 14.60000038 -38.7397995 3.98734045 14.60000038 -38.53709412 4.14088392 14.60000038 -38.32698441 4.284132 14.60000038 -38.11000061 4.41672945 14.60000038 -26.56620216 14.46718311 14.60000038 -25.81204987 15.77341461 14.60000038 -24.99372292 17.04043198 14.60000038 -37.88667297 4.53834629 14.60000038 -37.65756607 4.64867973 14.60000038 -37.42324066 4.74745607 14.60000038 -37.1842804 4.83442926 14.60000038 -40.65365982 0.25421402 14.60000038 -40.63465881 0.50779599 14.60000038 -40.60303879 0.76011556 14.60000038 -40.55887985 1.01054537 14.60000038 -40.50229263 1.25846279 14.60000038 -40.43342209 1.50325143 14.60000038 -40.35243225 1.74430275 14.60000038 -40.25952911 1.98101747 14.60000038 -40.15494156 2.21280718 14.60000038 -40.03892899 2.43909526 14.60000038 -39.91178513 2.65931964 14.60000038 -39.77381897 2.8729322 14.60000038 -39.62537766 3.07940245 14.60000038 -39.46682739 3.27821684 14.60000038 -39.29856491 3.46888089 14.60000038 17.65824699 -24.5611248 14.60000038 17.39887619 -25.71012306 14.60000038 17.65285301 -25.69744873 14.60000038 17.90714645 -25.69744873 14.60000038 18.16112328 -25.71012306 14.60000038 18.41415215 -25.73544312 14.60000038 18.66560555 -25.77334404 14.60000038 -24.11325836 18.26508331 14.60000038 18.86056709 -23.65040207 14.60000038 18.91485596 -25.82373047 14.60000038 19.16128731 -25.88648033 14.60000038 19.40428162 -25.96143341 14.60000038 19.64323997 -26.0484066 14.60000038 19.87756348 -26.14718437 14.60000038 20.01599693 -22.6808815 14.60000038 20.10667419 -26.25751686 14.60000038 20.32999992 -26.37913322 14.60000038 20.54698563 -26.5117321 14.60000038 20.75709343 -26.65497971 14.60000038 21.12166405 -21.65497208 14.60000038 20.95979881 -26.80852318 14.60000038 21.15459824 -26.97197914 14.60000038 21.34100723 -27.14494324 14.60000038 21.51856422 -27.3269825 14.60000038 22.17481995 -20.57522583 14.60000038 21.68682671 -27.51764679 14.60000038 21.84537506 -27.71646118 14.60000038 21.99381828 -27.92293167 14.60000038 23.17284393 -19.44432449 14.60000038 22.13178444 -28.13654327 14.60000038 22.25893021 -28.35676765 14.60000038 22.37494087 -28.5830555 14.60000038 -21.51856422 27.3269825 14.60000038 -21.12166405 21.65497208 14.60000038 -21.34100723 27.14494324 14.60000038 -22.17481995 20.57522583 14.60000038 -21.15459824 26.97197914 14.60000038 -21.68682671 27.51764679 14.60000038 24.11325836 -18.26508331 14.60000038 22.47952843 -28.81484604 14.60000038 22.57243156 -29.05156136 14.60000038 22.6534214 -29.29261208 14.60000038 -20.95979881 26.80852318 14.60000038 -21.84537506 27.71646118 14.60000038 -20.75709343 26.65497971 14.60000038 -20.01599693 22.6808815 14.60000038 -21.99381828 27.92293167 14.60000038 -23.17284393 19.44432449 14.60000038 -20.54698563 26.5117321 14.60000038 -22.13178444 28.13654327 14.60000038 -20.32999992 26.37913322 14.60000038 -22.25893021 28.35676765 14.60000038 -20.10667419 26.25751686 14.60000038 -22.37494087 28.5830555 14.60000038 -19.87756348 26.14718437 14.60000038 -18.86056709 23.65040207 14.60000038 -22.47952843 28.81484604 14.60000038 -19.64323997 26.0484066 14.60000038 -22.57243156 29.05156136 14.60000038 -19.40428162 25.96143341 14.60000038 -22.6534214 29.29261208 14.60000038 -19.16128731 25.88648033 14.60000038 -22.72229385 29.5374012 14.60000038 -18.91485596 25.82373047 14.60000038 -22.77887917 29.78531837 14.60000038 -18.66560555 25.77334404 14.60000038 -17.65824699 24.5611248 14.60000038 -22.8230381 30.03574753 14.60000038 -18.41415215 25.73544312 14.60000038 -22.85465622 30.28806686 14.60000038 22.72229385 -29.5374012 14.60000038 22.77887917 -29.78531837 14.60000038 22.8230381 -30.03574753 14.60000038 22.85465622 -30.28806686 14.60000038 22.87366104 -30.54164886 14.60000038 22.87999916 -30.79586411 14.60000038 22.87366104 -31.05007744 14.60000038 22.85465622 -31.30365944 14.60000038 -18.16112328 25.71012306 14.60000038 -22.87366104 30.54164886 14.60000038 -17.90714645 25.69744873 14.60000038 -22.87999916 30.79586411 14.60000038 24.99372292 -17.04043198 14.60000038 -17.65285301 25.69744873 14.60000038 -22.87366104 31.05007744 14.60000038 -17.39887619 25.71012306 14.60000038 -22.85465622 31.30365944 14.60000038 -17.14584732 25.73544312 14.60000038 -22.8230381 31.55597878 14.60000038 -16.41202354 25.41078377 14.60000038 -16.89439392 25.77334404 14.60000038 -22.77887917 31.80640793 14.60000038 -16.64514351 25.82373047 14.60000038 -22.72229385 32.0543251 14.60000038 -16.39871407 25.88648033 14.60000038 -22.6534214 32.29911423 14.60000038 -16.15571785 25.96143341 14.60000038 -22.57243156 32.54016495 14.60000038 25.81204987 -15.77341461 14.60000038 -15.91676044 26.0484066 14.60000038 -22.47952843 32.77688217 14.60000038 -15.68243599 26.14718437 14.60000038 -22.37494087 33.00867081 14.60000038 -22.25893021 33.23495865 14.60000038 -15.125 26.19726753 14.60000038 -15.45332527 26.25751686 14.60000038 -15.22999954 26.37913322 14.60000038 -22.13178444 33.45518112 14.60000038 -15.01301384 26.5117321 14.60000038 -21.99381828 33.66879654 14.60000038 -14.80290699 26.65497971 14.60000038 -21.84537506 33.87526703 14.60000038 26.56620216 -14.46718311 14.60000038 -21.68682671 34.07408142 14.60000038 -21.51856422 34.2647438 14.60000038 -21.34100723 34.44678497 14.60000038 -13.80037212 26.91862297 14.60000038 -14.21899223 27.14494324 14.60000038 -14.40540218 26.97197914 14.60000038 -14.60020161 26.80852318 14.60000038 -14.04143524 27.3269825 14.60000038 -21.15459824 34.61974716 14.60000038 -13.87317371 27.51764679 14.60000038 -20.95979881 34.78320312 14.60000038 -13.7146244 27.71646118 14.60000038 27.2543087 -13.12498283 14.60000038 -20.75709343 34.9367485 14.60000038 -20.54698563 35.0799942 14.60000038 -20.32999992 35.21259308 14.60000038 -12.44143486 27.57305145 14.60000038 -13.30107021 28.35676765 14.60000038 -13.42821693 28.13654327 14.60000038 -13.56618214 27.92293167 14.60000038 -20.10667419 35.33420944 14.60000038 -13.18505859 28.5830555 14.60000038 -19.87756348 35.44454193 14.60000038 -13.08047104 28.81484604 14.60000038 -19.64323997 35.5433197 14.60000038 -12.9875679 29.05156136 14.60000038 -19.40428162 35.63029099 14.60000038 -19.16128731 35.70524597 14.60000038 -18.91485596 35.76799393 14.60000038 -11.05156612 28.15893173 14.60000038 -12.7811203 29.78531837 14.60000038 -12.83770561 29.5374012 14.60000038 -12.90657902 29.29261208 14.60000038 -18.66560555 35.81838226 14.60000038 -12.73696232 30.03574753 14.60000038 -18.41415215 35.8562851 14.60000038 -12.70534325 30.28806686 14.60000038 -18.16112328 35.88160324 14.60000038 -17.90714645 35.89427948 14.60000038 -17.65285301 35.89427948 14.60000038 -17.39887619 35.88160324 14.60000038 -17.14584732 35.8562851 14.60000038 -9.63422108 28.67480278 14.60000038 -12.70534325 31.30365944 14.60000038 -12.68633938 31.05007744 14.60000038 -12.68000031 30.79586411 14.60000038 -12.68633938 30.54164886 14.60000038 -8.1929245 29.11938286 14.60000038 -12.90657902 32.29911423 14.60000038 -12.83770561 32.0543251 14.60000038 -12.7811203 31.80640793 14.60000038 -12.73696232 31.55597878 14.60000038 -6.73125839 29.49156952 14.60000038 -13.18505859 33.00867081 14.60000038 -13.08047104 32.77688217 14.60000038 -12.9875679 32.54016495 14.60000038 -5.25285721 29.79043388 14.60000038 -13.56618214 33.66879654 14.60000038 -13.42821693 33.45518112 14.60000038 -13.30107021 33.23495865 14.60000038 -3.76139712 30.0152359 14.60000038 -14.04143524 34.2647438 14.60000038 -13.87317371 34.07408142 14.60000038 -13.7146244 33.87526703 14.60000038 -2.26058531 30.16541481 14.60000038 -14.40540218 34.61974716 14.60000038 -14.21899223 34.44678497 14.60000038 31.82143593 -3.46888089 14.60000038 29.91213226 -4.50852871 14.60000038 31.99899292 -3.65092087 14.60000038 32.18540192 -3.82388425 14.60000038 31.65317345 -3.27821684 14.60000038 30.09968185 -3.01192737 14.60000038 32.38020325 -3.98734045 14.60000038 31.49462509 -3.07940245 14.60000038 32.58290863 -4.14088392 14.60000038 29.65021706 -5.9939208 14.60000038 31.34618187 -2.8729322 14.60000038 32.79301453 -4.284132 14.60000038 31.20821571 -2.65931964 14.60000038 33.00999832 -4.41672945 14.60000038 31.08106995 -2.43909526 14.60000038 33.23332596 -4.53834629 14.60000038 30.96505928 -2.21280718 14.60000038 33.46243668 -4.64867973 14.60000038 29.31458855 -7.46441126 14.60000038 30.86047173 -1.98101747 14.60000038 30.21239662 -1.50783801 14.60000038 33.69676208 -4.74745607 14.60000038 30.76756668 -1.74430275 14.60000038 33.93571854 -4.83442926 14.60000038 30.68657875 -1.50325143 14.60000038 34.17871475 -4.90938377 14.60000038 30.6177063 -1.25846279 14.60000038 34.4251442 -4.97213221 14.60000038 28.90607643 -8.91634369 14.60000038 -0.75415343 30.24059868 14.60000038 -14.80290699 34.9367485 14.60000038 -14.60020161 34.78320312 14.60000038 30.56112099 -1.01054537 14.60000038 34.6743927 -5.02251959 14.60000038 30.51696205 -0.76011556 14.60000038 34.9258461 -5.06042004 14.60000038 30.48534393 -0.50779599 14.60000038 35.17887497 -5.08573914 14.60000038 28.42570114 -10.34610939 14.60000038 30.25 -0 14.60000038 30.46633911 -0.25421402 14.60000038 35.4328537 -5.0984149 14.60000038 30.45999908 -0 14.60000038 35.68714523 -5.0984149 14.60000038 30.46633911 0.25421402 14.60000038 35.94112396 -5.08573914 14.60000038 27.87465477 -11.75015259 14.60000038 30.48534393 0.50779599 14.60000038 36.19415283 -5.06042004 14.60000038 36.44560623 -5.02251959 14.60000038 30.21239662 1.50783801 14.60000038 30.51696205 0.76011556 14.60000038 30.56112099 1.01054537 14.60000038 36.69485855 -4.97213221 14.60000038 30.6177063 1.25846279 14.60000038 36.94128799 -4.90938377 14.60000038 30.68657875 1.50325143 14.60000038 37.1842804 -4.83442926 14.60000038 30.76756668 1.74430275 14.60000038 37.42324066 -4.74745607 14.60000038 30.86047173 1.98101747 14.60000038 37.65756607 -4.64867973 14.60000038 30.09968185 3.01192737 14.60000038 30.96505928 2.21280718 14.60000038 37.88667297 -4.53834629 14.60000038 31.08106995 2.43909526 14.60000038 38.11000061 -4.41672945 14.60000038 31.20821571 2.65931964 14.60000038 38.32698441 -4.284132 14.60000038 31.34618187 2.8729322 14.60000038 38.53709412 -4.14088392 14.60000038 31.49462509 3.07940245 14.60000038 38.7397995 -3.98734045 14.60000038 31.65317345 3.27821684 14.60000038 29.91213226 4.50852871 14.60000038 38.93459702 -3.82388425 14.60000038 31.82143593 3.46888089 14.60000038 39.12100601 -3.65092087 14.60000038 31.99899292 3.65092087 14.60000038 39.29856491 -3.46888089 14.60000038 32.18540192 3.82388425 14.60000038 39.46682739 -3.27821684 14.60000038 32.38020325 3.98734045 14.60000038 39.62537766 -3.07940245 14.60000038 32.58290863 4.14088392 14.60000038 29.65021706 5.9939208 14.60000038 39.77381897 -2.8729322 14.60000038 32.79301453 4.284132 14.60000038 39.91178513 -2.65931964 14.60000038 33.00999832 4.41672945 14.60000038 40.03892899 -2.43909526 14.60000038 33.23332596 4.53834629 14.60000038 40.15494156 -2.21280718 14.60000038 33.46243668 4.64867973 14.60000038 29.31458855 7.46441126 14.60000038 40.25952911 -1.98101747 14.60000038 33.69676208 4.74745607 14.60000038 40.35243225 -1.74430275 14.60000038 33.93571854 4.83442926 14.60000038 40.43342209 -1.50325143 14.60000038 34.17871475 4.90938377 14.60000038 40.50229263 -1.25846279 14.60000038 34.4251442 4.97213221 14.60000038 28.90607643 8.91634369 14.60000038 40.55887985 -1.01054537 14.60000038 34.6743927 5.02251959 14.60000038 40.60303879 -0.76011556 14.60000038 34.9258461 5.06042004 14.60000038 40.63465881 -0.50779599 14.60000038 35.17887497 5.08573914 14.60000038 28.42570114 10.34610939 14.60000038 35.4328537 5.0984149 14.60000038 35.68714523 5.0984149 14.60000038 35.94112396 5.08573914 14.60000038 27.87465477 11.75015259 14.60000038 36.19415283 5.06042004 14.60000038 14.04143524 27.3269825 14.60000038 13.80037212 26.91862297 14.60000038 14.21899223 27.14494324 14.60000038 14.40540218 26.97197914 14.60000038 13.87317371 27.51764679 14.60000038 14.60020161 26.80852318 14.60000038 13.7146244 27.71646118 14.60000038 12.44143486 27.57305145 14.60000038 14.80290699 26.65497971 14.60000038 15.125 26.19726753 14.60000038 36.44560623 5.02251959 14.60000038 13.56618214 27.92293167 14.60000038 15.01301384 26.5117321 14.60000038 13.42821693 28.13654327 14.60000038 15.22999954 26.37913322 14.60000038 13.30107021 28.35676765 14.60000038 36.69485855 4.97213221 14.60000038 27.2543087 13.12498283 14.60000038 15.45332527 26.25751686 14.60000038 13.18505859 28.5830555 14.60000038 15.68243599 26.14718437 14.60000038 16.41202354 25.41078377 14.60000038 36.94128799 4.90938377 14.60000038 13.08047104 28.81484604 14.60000038 15.91676044 26.0484066 14.60000038 12.9875679 29.05156136 14.60000038 11.05156612 28.15893173 14.60000038 16.15571785 25.96143341 14.60000038 12.90657902 29.29261208 14.60000038 16.39871407 25.88648033 14.60000038 12.83770561 29.5374012 14.60000038 16.64514351 25.82373047 14.60000038 12.7811203 29.78531837 14.60000038 16.89439392 25.77334404 14.60000038 12.73696232 30.03574753 14.60000038 17.14584732 25.73544312 14.60000038 17.65824699 24.5611248 14.60000038 12.70534325 30.28806686 14.60000038 9.63422108 28.67480278 14.60000038 17.39887619 25.71012306 14.60000038 12.68633938 30.54164886 14.60000038 17.65285301 25.69744873 14.60000038 12.68000031 30.79586411 14.60000038 17.90714645 25.69744873 14.60000038 12.68633938 31.05007744 14.60000038 18.16112328 25.71012306 14.60000038 12.70534325 31.30365944 14.60000038 8.1929245 29.11938286 14.60000038 18.41415215 25.73544312 14.60000038 12.73696232 31.55597878 14.60000038 18.66560555 25.77334404 14.60000038 18.86056709 23.65040207 14.60000038 12.7811203 31.80640793 14.60000038 18.91485596 25.82373047 14.60000038 12.83770561 32.0543251 14.60000038 19.16128731 25.88648033 14.60000038 12.90657902 32.29911423 14.60000038 6.73125839 29.49156952 14.60000038 19.40428162 25.96143341 14.60000038 12.9875679 32.54016495 14.60000038 19.64323997 26.0484066 14.60000038 13.08047104 32.77688217 14.60000038 19.87756348 26.14718437 14.60000038 20.01599693 22.6808815 14.60000038 13.18505859 33.00867081 14.60000038 5.25285721 29.79043388 14.60000038 20.10667419 26.25751686 14.60000038 13.30107021 33.23495865 14.60000038 20.32999992 26.37913322 14.60000038 13.42821693 33.45518112 14.60000038 20.54698563 26.5117321 14.60000038 13.56618214 33.66879654 14.60000038 3.76139712 30.0152359 14.60000038 20.75709343 26.65497971 14.60000038 21.12166405 21.65497208 14.60000038 13.7146244 33.87526703 14.60000038 20.95979881 26.80852318 14.60000038 13.87317371 34.07408142 14.60000038 21.15459824 26.97197914 14.60000038 14.04143524 34.2647438 14.60000038 2.26058531 30.16541481 14.60000038 21.34100723 27.14494324 14.60000038 14.21899223 34.44678497 14.60000038 21.51856422 27.3269825 14.60000038 22.17481995 20.57522583 14.60000038 14.40540218 34.61974716 14.60000038 0.75415343 30.24059868 14.60000038 21.68682671 27.51764679 14.60000038 14.60020161 34.78320312 14.60000038 21.84537506 27.71646118 14.60000038 14.80290699 34.9367485 14.60000038 -15.01301384 35.0799942 14.60000038 21.99381828 27.92293167 14.60000038 23.17284393 19.44432449 14.60000038 15.01301384 35.0799942 14.60000038 -15.22999954 35.21259308 14.60000038 22.13178444 28.13654327 14.60000038 15.22999954 35.21259308 14.60000038 -15.45332527 35.33420944 14.60000038 22.25893021 28.35676765 14.60000038 15.45332527 35.33420944 14.60000038 -15.68243599 35.44454193 14.60000038 22.37494087 28.5830555 14.60000038 24.11325836 18.26508331 14.60000038 15.68243599 35.44454193 14.60000038 -15.91676044 35.5433197 14.60000038 22.47952843 28.81484604 14.60000038 15.91676044 35.5433197 14.60000038 -16.15571785 35.63029099 14.60000038 22.57243156 29.05156136 14.60000038 16.15571785 35.63029099 14.60000038 22.6534214 29.29261208 14.60000038 40.03892899 2.43909526 14.60000038 40.15494156 2.21280718 14.60000038 40.25952911 1.98101747 14.60000038 40.35243225 1.74430275 14.60000038 40.43342209 1.50325143 14.60000038 40.50229263 1.25846279 14.60000038 40.55887985 1.01054537 14.60000038 40.60303879 0.76011556 14.60000038 40.63465881 0.50779599 14.60000038 40.65365982 0.25421402 14.60000038 22.87999916 30.79586411 14.60000038 22.87366104 30.54164886 14.60000038 22.85465622 30.28806686 14.60000038 22.8230381 30.03574753 14.60000038 22.77887917 29.78531837 14.60000038 22.72229385 29.5374012 14.60000038 22.8230381 31.55597878 14.60000038 22.85465622 31.30365944 14.60000038 22.87366104 31.05007744 14.60000038 24.99372292 17.04043198 14.60000038 25.81204987 15.77341461 14.60000038 26.56620216 14.46718311 14.60000038 37.1842804 4.83442926 14.60000038 37.42324066 4.74745607 14.60000038 37.65756607 4.64867973 14.60000038 37.88667297 4.53834629 14.60000038 38.11000061 4.41672945 14.60000038 38.32698441 4.284132 14.60000038 38.53709412 4.14088392 14.60000038 38.7397995 3.98734045 14.60000038 38.93459702 3.82388425 14.60000038 39.12100601 3.65092087 14.60000038 39.29856491 3.46888089 14.60000038 39.46682739 3.27821684 14.60000038 39.62537766 3.07940245 14.60000038 39.77381897 2.8729322 14.60000038 39.91178513 2.65931964 14.60000038 17.14584732 35.8562851 14.60000038 17.39887619 35.88160324 14.60000038 17.65285301 35.89427948 14.60000038 17.90714645 35.89427948 14.60000038 18.16112328 35.88160324 14.60000038 18.41415215 35.8562851 14.60000038 18.66560555 35.81838226 14.60000038 18.91485596 35.76799393 14.60000038 19.16128731 35.70524597 14.60000038 19.40428162 35.63029099 14.60000038 19.64323997 35.5433197 14.60000038 19.87756348 35.44454193 14.60000038 20.10667419 35.33420944 14.60000038 20.32999992 35.21259308 14.60000038 20.54698563 35.0799942 14.60000038 20.75709343 34.9367485 14.60000038 20.95979881 34.78320312 14.60000038 21.15459824 34.61974716 14.60000038 21.34100723 34.44678497 14.60000038 21.51856422 34.2647438 14.60000038 21.68682671 34.07408142 14.60000038 21.84537506 33.87526703 14.60000038 21.99381828 33.66879654 14.60000038 22.13178444 33.45518112 14.60000038 22.25893021 33.23495865 14.60000038 22.37494087 33.00867081 14.60000038 22.47952843 32.77688217 14.60000038 22.57243156 32.54016495 14.60000038 22.6534214 32.29911423 14.60000038 22.72229385 32.0543251 14.60000038 22.77887917 31.80640793 14.60000038 40.65999985 0 14.60000038 40.65365982 -0.25421402 14.60000038 16.89439392 35.81838226 14.60000038 16.64514351 35.76799393 14.60000038 16.39871407 35.70524597 14.60000038 -16.89439392 35.81838226 14.60000038 -16.64514351 35.76799393 14.60000038 -16.39871407 35.70524597 14.60000038 -40.65999985 -0 14.60000038 -40.65365982 -0.25421402 14.60000038 30.21239662 -1.50783801 20.29999924 29.75 0 20.79999924 29.71301842 -1.48291504 20.79999924 30.25 0 20.29999924 30.09968185 -3.01192737 20.29999924 29.60216522 -2.96214342 20.79999924 29.91213226 -4.50852871 20.29999924 29.41771698 -4.43400764 20.79999924 29.65021706 -5.9939208 20.29999924 29.16013145 -5.89484787 20.79999924 29.31458855 -7.46441126 20.29999924 28.83004951 -7.34103251 20.79999924 28.90607643 -8.91634369 20.29999924 28.42829132 -8.76896667 20.79999924 28.42570114 -10.34610939 20.29999924 27.95585632 -10.17509937 20.79999924 27.87465477 -11.75015259 20.29999924 27.41391754 -11.55593491 20.79999924 27.2543087 -13.12498283 20.29999924 26.80382347 -12.908041 20.79999924 26.56620216 -14.46718311 20.29999924 26.12709236 -14.22805595 20.79999924 25.81204987 -15.77341461 20.29999924 25.38540459 -15.51269722 20.79999924 24.99372292 -17.04043198 20.29999924 24.58060265 -16.7587719 20.79999924 24.11325836 -18.26508331 20.29999924 23.71469116 -17.96318054 20.79999924 23.17284393 -19.44432449 20.29999924 22.78982162 -19.12293053 20.79999924 22.17481995 -20.57522583 20.29999924 21.80829239 -20.23513985 20.79999924 21.12166405 -21.65497208 20.29999924 20.77254486 -21.29703903 20.79999924 20.01599693 -22.6808815 20.29999924 19.68515396 -22.30599022 20.79999924 18.86056709 -23.65040207 20.29999924 18.5488224 -23.25948715 20.79999924 17.65824699 -24.5611248 20.29999924 17.36637497 -24.15515518 20.79999924 16.41202354 -25.41078377 20.29999924 16.14075089 -24.99077034 20.79999924 15.125 -26.19726753 20.29999924 14.875 -25.76425552 20.79999924 13.80037212 -26.91862297 20.29999924 13.57226753 -26.47368622 20.79999924 12.44143486 -27.57305145 20.29999924 12.23579121 -27.11730003 20.79999924 11.05156612 -28.15893173 20.29999924 10.86889553 -27.6934948 20.79999924 9.63422108 -28.67480278 20.29999924 9.47497749 -28.20083809 20.79999924 8.1929245 -29.11938286 20.29999924 8.0575037 -28.63807106 20.79999924 6.73125839 -29.49156952 20.29999924 6.61999798 -29.00410461 20.79999924 5.25285721 -29.79043388 20.29999924 5.16603327 -29.29803085 20.79999924 3.76139712 -30.0152359 20.29999924 3.69922519 -29.51911545 20.79999924 2.26058531 -30.16541481 20.29999924 2.22322035 -29.6668129 20.79999924 0.75415343 -30.24059868 20.29999924 0.74168807 -29.74075317 20.79999924 -0.75415343 -30.24059868 20.29999924 -0.74168807 -29.74075317 20.79999924 -2.26058531 -30.16541481 20.29999924 -2.22322035 -29.6668129 20.79999924 -3.76139712 -30.0152359 20.29999924 -3.69922519 -29.51911545 20.79999924 -5.25285721 -29.79043388 20.29999924 -5.16603327 -29.29803085 20.79999924 -6.73125839 -29.49156952 20.29999924 -6.61999798 -29.00410461 20.79999924 -8.1929245 -29.11938286 20.29999924 -8.0575037 -28.63807106 20.79999924 -9.63422108 -28.67480278 20.29999924 -9.47497749 -28.20083809 20.79999924 -11.05156612 -28.15893173 20.29999924 -10.86889553 -27.6934948 20.79999924 -12.44143486 -27.57305145 20.29999924 -12.23579121 -27.11730003 20.79999924 -13.80037212 -26.91862297 20.29999924 -13.57226753 -26.47368622 20.79999924 -15.125 -26.19726753 20.29999924 -14.875 -25.76425552 20.79999924 -16.41202354 -25.41078377 20.29999924 -16.14075089 -24.99077034 20.79999924 -17.65824699 -24.5611248 20.29999924 -17.36637497 -24.15515518 20.79999924 -18.86056709 -23.65040207 20.29999924 -18.5488224 -23.25948715 20.79999924 -20.01599693 -22.6808815 20.29999924 -19.68515396 -22.30599022 20.79999924 -21.12166405 -21.65497208 20.29999924 -20.77254486 -21.29703903 20.79999924 -22.17481995 -20.57522583 20.29999924 -21.80829239 -20.23513985 20.79999924 -23.17284393 -19.44432449 20.29999924 -22.78982162 -19.12293053 20.79999924 -24.11325836 -18.26508331 20.29999924 -23.71469116 -17.96318054 20.79999924 -24.99372292 -17.04043198 20.29999924 -24.58060265 -16.7587719 20.79999924 -25.81204987 -15.77341461 20.29999924 -25.38540459 -15.51269722 20.79999924 -26.56620216 -14.46718311 20.29999924 -26.12709236 -14.22805595 20.79999924 -27.2543087 -13.12498283 20.29999924 -26.80382347 -12.908041 20.79999924 -27.87465477 -11.75015259 20.29999924 -27.41391754 -11.55593491 20.79999924 -28.42570114 -10.34610939 20.29999924 -27.95585632 -10.17509937 20.79999924 -28.90607643 -8.91634369 20.29999924 -28.42829132 -8.76896667 20.79999924 -29.31458855 -7.46441126 20.29999924 -28.83004951 -7.34103251 20.79999924 -29.65021706 -5.9939208 20.29999924 -29.16013145 -5.89484787 20.79999924 -29.91213226 -4.50852871 20.29999924 -29.41771698 -4.43400764 20.79999924 -30.09968185 -3.01192737 20.29999924 -29.60216522 -2.96214342 20.79999924 -30.21239662 -1.50783801 20.29999924 -29.71301842 -1.48291504 20.79999924 -29.75 0 20.79999924 -30.25 0 20.29999924 -30.21239662 1.50783801 20.29999924 -29.71301842 1.48291504 20.79999924 -30.09968185 3.01192737 20.29999924 -29.60216522 2.96214342 20.79999924 -29.91213226 4.50852871 20.29999924 -29.41771698 4.43400764 20.79999924 -29.65021706 5.9939208 20.29999924 -29.16013145 5.89484787 20.79999924 -29.31458855 7.46441126 20.29999924 -28.83004951 7.34103251 20.79999924 -28.90607643 8.91634369 20.29999924 -28.42829132 8.76896667 20.79999924 -28.42570114 10.34610939 20.29999924 -27.95585632 10.17509937 20.79999924 -27.87465477 11.75015259 20.29999924 -27.41391754 11.55593491 20.79999924 -27.2543087 13.12498283 20.29999924 -26.80382347 12.908041 20.79999924 -26.56620216 14.46718311 20.29999924 -26.12709236 14.22805595 20.79999924 -25.81204987 15.77341461 20.29999924 -25.38540459 15.51269722 20.79999924 -24.99372292 17.04043198 20.29999924 -24.58060265 16.7587719 20.79999924 -24.11325836 18.26508331 20.29999924 -23.71469116 17.96318054 20.79999924 -23.17284393 19.44432449 20.29999924 -22.78982162 19.12293053 20.79999924 -22.17481995 20.57522583 20.29999924 -21.80829239 20.23513985 20.79999924 -21.12166405 21.65497208 20.29999924 -20.77254486 21.29703903 20.79999924 -20.01599693 22.6808815 20.29999924 -19.68515396 22.30599022 20.79999924 -18.86056709 23.65040207 20.29999924 -18.5488224 23.25948715 20.79999924 -17.65824699 24.5611248 20.29999924 -17.36637497 24.15515518 20.79999924 -16.41202354 25.41078377 20.29999924 -16.14075089 24.99077034 20.79999924 -15.125 26.19726753 20.29999924 -14.875 25.76425552 20.79999924 -13.80037212 26.91862297 20.29999924 -13.57226753 26.47368622 20.79999924 -12.44143486 27.57305145 20.29999924 -12.23579121 27.11730003 20.79999924 -10.86889553 27.6934948 20.79999924 -11.05156612 28.15893173 20.29999924 -9.63422108 28.67480278 20.29999924 -9.47497749 28.20083809 20.79999924 -8.1929245 29.11938286 20.29999924 -8.0575037 28.63807106 20.79999924 -6.73125839 29.49156952 20.29999924 -6.61999798 29.00410461 20.79999924 -5.25285721 29.79043388 20.29999924 -5.16603327 29.29803085 20.79999924 -3.76139712 30.0152359 20.29999924 -3.69922519 29.51911545 20.79999924 -2.26058531 30.16541481 20.29999924 -2.22322035 29.6668129 20.79999924 -0.75415343 30.24059868 20.29999924 -0.74168807 29.74075317 20.79999924 0.75415343 30.24059868 20.29999924 0.74168807 29.74075317 20.79999924 2.26058531 30.16541481 20.29999924 2.22322035 29.6668129 20.79999924 3.76139712 30.0152359 20.29999924 3.69922519 29.51911545 20.79999924 5.25285721 29.79043388 20.29999924 5.16603327 29.29803085 20.79999924 6.73125839 29.49156952 20.29999924 6.61999798 29.00410461 20.79999924 8.1929245 29.11938286 20.29999924 8.0575037 28.63807106 20.79999924 9.63422108 28.67480278 20.29999924 9.47497749 28.20083809 20.79999924 10.86889553 27.6934948 20.79999924 11.05156612 28.15893173 20.29999924 12.44143486 27.57305145 20.29999924 12.23579121 27.11730003 20.79999924 13.80037212 26.91862297 20.29999924 13.57226753 26.47368622 20.79999924 15.125 26.19726753 20.29999924 14.875 25.76425552 20.79999924 16.41202354 25.41078377 20.29999924 16.14075089 24.99077034 20.79999924 17.65824699 24.5611248 20.29999924 17.36637497 24.15515518 20.79999924 18.86056709 23.65040207 20.29999924 18.5488224 23.25948715 20.79999924 20.01599693 22.6808815 20.29999924 19.68515396 22.30599022 20.79999924 21.12166405 21.65497208 20.29999924 20.77254486 21.29703903 20.79999924 22.17481995 20.57522583 20.29999924 21.80829239 20.23513985 20.79999924 23.17284393 19.44432449 20.29999924 22.78982162 19.12293053 20.79999924 24.11325836 18.26508331 20.29999924 23.71469116 17.96318054 20.79999924 24.99372292 17.04043198 20.29999924 24.58060265 16.7587719 20.79999924 25.81204987 15.77341461 20.29999924 25.38540459 15.51269722 20.79999924 26.56620216 14.46718311 20.29999924 26.12709236 14.22805595 20.79999924 27.2543087 13.12498283 20.29999924 26.80382347 12.908041 20.79999924 27.87465477 11.75015259 20.29999924 27.41391754 11.55593491 20.79999924 28.42570114 10.34610939 20.29999924 27.95585632 10.17509937 20.79999924 28.90607643 8.91634369 20.29999924 28.42829132 8.76896667 20.79999924 29.31458855 7.46441126 20.29999924 28.83004951 7.34103251 20.79999924 29.65021706 5.9939208 20.29999924 29.16013145 5.89484787 20.79999924 29.91213226 4.50852871 20.29999924 29.41771698 4.43400764 20.79999924 30.09968185 3.01192737 20.29999924 29.60216522 2.96214342 20.79999924 29.71301842 1.48291504 20.79999924 30.21239662 1.50783801 20.29999924 -20.15355873 -20.14761353 20.79999924 -20.03170586 -20.27254295 20.79999924 -19.90377617 -20.39124298 20.79999924 -20.26903152 -20.01676559 20.79999924 -19.7700901 -20.50341797 20.79999924 -20.37784004 -19.88032341 20.79999924 -19.63097954 -20.60879135 20.79999924 -20.47971153 -19.73862839 20.79999924 -19.4867878 -20.70709991 20.79999924 -20.57439423 -19.59203148 20.79999924 -19.33787727 -20.79809761 20.79999924 -20.66165161 -19.44089699 20.79999924 -19.18461418 -20.88155937 20.79999924 -20.74126816 -19.28560257 20.79999924 -19.0273819 -20.95727921 20.79999924 -20.81304359 -19.12652969 20.79999924 -18.86656952 -21.02506638 20.79999924 -20.87680054 -18.9640789 20.79999924 -18.7025795 -21.08475494 20.79999924 -20.93238068 -18.79865265 20.79999924 -18.5358181 -21.13619423 20.79999924 -20.97964668 -18.6306591 20.79999924 -18.36669922 -21.17925644 20.79999924 -21.0184803 -18.46051979 20.79999924 -18.19564438 -21.21383667 20.79999924 -21.04878426 -18.28865623 20.79999924 -18.02307892 -21.23984528 20.79999924 -21.07048416 -18.11549568 20.79999924 -17.84943199 -21.25722122 20.79999924 -21.08352661 -17.94146919 20.79999924 -17.67513466 -21.26592064 20.79999924 -21.08787727 -17.76700783 20.79999924 -17.50061989 -21.26592064 20.79999924 -21.08352661 -17.59254837 20.79999924 -17.32632065 -21.25722122 20.79999924 -21.07048416 -17.41852188 20.79999924 -17.15267372 -21.23984528 20.79999924 -21.04878426 -17.24536133 20.79999924 -16.98010826 -21.21383667 20.79999924 -21.0184803 -17.07349777 20.79999924 -16.80905342 -21.17925644 20.79999924 -20.97964668 -16.90335846 20.79999924 -16.63993454 -21.13619423 20.79999924 -20.93238068 -16.73536491 20.79999924 -16.47317314 -21.08475494 20.79999924 -20.87680054 -16.56993866 20.79999924 -16.30918312 -21.02506638 20.79999924 -20.81304359 -16.40748787 20.79999924 -16.14837074 -20.95727921 20.79999924 -20.74126816 -16.24841499 20.79999924 -15.99113941 -20.88155937 20.79999924 -20.66165161 -16.09312057 20.79999924 -15.83787632 -20.79809761 20.79999924 -20.57439423 -15.94198513 20.79999924 -15.68896484 -20.70709991 20.79999924 -20.47971153 -15.79538822 20.79999924 -15.54477406 -20.60879135 20.79999924 -20.37784004 -15.6536932 20.79999924 -15.40566254 -20.50341797 20.79999924 -20.26903152 -15.51725197 20.79999924 -15.27197647 -20.39124298 20.79999924 -20.15355873 -15.38640404 20.79999924 -15.14404774 -20.27254295 20.79999924 -20.03170586 -15.26147461 20.79999924 -15.02219486 -20.14761353 20.79999924 -19.90377617 -15.14277458 20.79999924 -14.90672112 -20.01676559 20.79999924 -19.7700901 -15.03059864 20.79999924 -14.7979126 -19.88032341 20.79999924 -19.63097954 -14.92522526 20.79999924 -14.69604111 -19.73862839 20.79999924 -19.4867878 -14.82691765 20.79999924 -14.60135841 -19.59203148 20.79999924 -19.33787727 -14.73591995 20.79999924 -14.51410103 -19.44089699 20.79999924 -19.18461418 -14.65245724 20.79999924 -14.43448544 -19.28560257 20.79999924 -19.0273819 -14.57673836 20.79999924 -18.86656952 -14.50895023 20.79999924 -2.19915557 -27.04051781 20.79999924 -2.09471035 -27.14760017 20.79999924 -1.98505747 -27.24934387 20.79999924 -2.29813337 -26.92836189 20.79999924 -1.87046945 -27.34549522 20.79999924 -2.39139748 -26.81141281 20.79999924 -1.75123107 -27.4358139 20.79999924 -2.47871637 -26.68996048 20.79999924 -1.62763882 -27.52007866 20.79999924 -2.55987263 -26.56430626 20.79999924 -1.5 -27.59807587 20.79999924 -2.63466477 -26.43476105 20.79999924 -1.36863196 -27.66961479 20.79999924 -2.70290661 -26.301651 20.79999924 -1.23386133 -27.73451805 20.79999924 -2.76442862 -26.16530418 20.79999924 -1.09602308 -27.79262161 20.79999924 -2.81907797 -26.0260601 20.79999924 -0.95545995 -27.84378242 20.79999924 -2.86671853 -25.8842659 20.79999924 -0.8125214 -27.8878727 20.79999924 -2.90723181 -25.74027252 20.79999924 -0.66756278 -27.92478371 20.79999924 -2.94051743 -25.59443855 20.79999924 -0.52094454 -27.9544239 20.79999924 -2.96649241 -25.44712639 20.79999924 -0.37303111 -27.976717 20.79999924 -2.9850924 -25.29870415 20.79999924 -0.22419028 -27.99161148 20.79999924 -2.99627066 -25.14953804 20.79999924 -0.07479207 -27.99906731 20.79999924 -3 -25 20.79999924 0.07479207 -27.99906731 20.79999924 -2.99627066 -24.85046196 20.79999924 0.22419028 -27.99161148 20.79999924 -2.9850924 -24.70129585 20.79999924 0.37303111 -27.976717 20.79999924 -2.96649241 -24.55287361 20.79999924 0.52094454 -27.9544239 20.79999924 -2.94051743 -24.40556145 20.79999924 0.66756278 -27.92478371 20.79999924 -2.90723181 -24.25972748 20.79999924 0.8125214 -27.8878727 20.79999924 -2.86671853 -24.1157341 20.79999924 0.95545995 -27.84378242 20.79999924 -2.81907797 -23.9739399 20.79999924 -14.36271 -19.12652969 20.79999924 1.09602308 -27.79262161 20.79999924 -2.76442862 -23.83469582 20.79999924 -14.2989521 -18.9640789 20.79999924 1.23386133 -27.73451805 20.79999924 -2.70290661 -23.698349 20.79999924 -14.24337196 -18.79865265 20.79999924 1.36863196 -27.66961479 20.79999924 -2.63466477 -23.56523895 20.79999924 1.5 -27.59807587 20.79999924 1.62763882 -27.52007866 20.79999924 1.75123107 -27.4358139 20.79999924 1.87046945 -27.34549522 20.79999924 1.98505747 -27.24934387 20.79999924 2.09471035 -27.14760017 20.79999924 2.19915557 -27.04051781 20.79999924 2.29813337 -26.92836189 20.79999924 2.39139748 -26.81141281 20.79999924 2.47871637 -26.68996048 20.79999924 2.55987263 -26.56430626 20.79999924 2.63466477 -26.43476105 20.79999924 2.70290661 -26.301651 20.79999924 2.76442862 -26.16530418 20.79999924 2.81907797 -26.0260601 20.79999924 2.86671853 -25.8842659 20.79999924 2.96649241 -25.44712639 20.79999924 2.94051743 -25.59443855 20.79999924 2.90723181 -25.74027252 20.79999924 2.9850924 -25.29870415 20.79999924 -10.99722958 -11.2749033 20.79999924 -15.27197647 -15.14277458 20.79999924 -15.14404774 -15.26147461 20.79999924 -15.02219486 -15.38640404 20.79999924 -14.90672112 -15.51725197 20.79999924 -11.54556656 -10.71272087 20.79999924 -15.68896484 -14.82691765 20.79999924 -15.54477406 -14.92522526 20.79999924 -15.40566254 -15.03059864 20.79999924 -10.4215517 -11.80905437 20.79999924 -14.7979126 -15.6536932 20.79999924 -14.69604111 -15.79538822 20.79999924 -14.60135841 -15.94198513 20.79999924 -12.06519985 -10.12390518 20.79999924 -16.14837074 -14.57673836 20.79999924 -15.99113941 -14.65245724 20.79999924 -15.83787632 -14.73591995 20.79999924 -9.81996441 -12.31384563 20.79999924 -14.51410103 -16.09312057 20.79999924 -14.43448544 -16.24841499 20.79999924 -14.36271 -16.40748787 20.79999924 -12.55483723 -9.50991917 20.79999924 -16.47317314 -14.44926262 20.79999924 -16.30918312 -14.50895023 20.79999924 -9.19396305 -12.78802395 20.79999924 -14.2989521 -16.56993866 20.79999924 -14.24337196 -16.73536491 20.79999924 -14.19610596 -16.90335846 20.79999924 -13.01326084 -8.87229061 20.79999924 -16.98010826 -14.32018185 20.79999924 -16.80905342 -14.35476112 20.79999924 -16.63993454 -14.39782429 20.79999924 -8.54510403 -13.23040867 20.79999924 -14.15727329 -17.07349777 20.79999924 -14.12696838 -17.24536133 20.79999924 -13.43933105 -8.21260452 20.79999924 -17.50061989 -14.26809692 20.79999924 -17.32632065 -14.27679539 20.79999924 -17.15267372 -14.29417133 20.79999924 -7.875 -13.63990021 20.79999924 -14.10526848 -17.41852188 20.79999924 -14.09222698 -17.59254837 20.79999924 -14.08787632 -17.76700783 20.79999924 -13.83199024 -7.53250027 20.79999924 -17.84943199 -14.27679539 20.79999924 -17.67513466 -14.26809692 20.79999924 -7.18531799 -14.015481 20.79999924 -14.09222698 -17.94146919 20.79999924 -14.10526848 -18.11549568 20.79999924 -14.19025993 -6.83366871 20.79999924 -18.36669922 -14.35476112 20.79999924 -18.19564438 -14.32018185 20.79999924 -18.02307892 -14.29417133 20.79999924 -6.47777176 -14.35621738 20.79999924 -14.12696838 -18.28865623 20.79999924 -14.15727329 -18.46051979 20.79999924 -14.19610596 -18.6306591 20.79999924 -14.51325035 -6.11784792 20.79999924 -18.7025795 -14.44926262 20.79999924 -18.5358181 -14.39782429 20.79999924 2.9850924 -24.70129585 20.79999924 2.99627066 -24.85046196 20.79999924 3 -25 20.79999924 2.99627066 -25.14953804 20.79999924 -5.7541213 -14.66126156 20.79999924 -2.55987263 -23.43569374 20.79999924 -2.47871637 -23.31003952 20.79999924 -14.8001585 -5.38681746 20.79999924 -5.01616478 -14.92985535 20.79999924 -2.39139748 -23.18858719 20.79999924 -2.29813337 -23.07163811 20.79999924 -15.05027199 -4.64239407 20.79999924 -4.26573753 -15.16133213 20.79999924 -2.19915557 -22.95948219 20.79999924 -2.09471035 -22.85239983 20.79999924 -1.98505747 -22.75065613 20.79999924 -15.26296711 -3.88642907 20.79999924 -3.50470471 -15.35511494 20.79999924 -1.87046945 -22.65450478 20.79999924 -1.75123107 -22.5641861 20.79999924 -1.62763882 -22.47992134 20.79999924 2.90723181 -24.25972748 20.79999924 2.94051743 -24.40556145 20.79999924 2.96649241 -24.55287361 20.79999924 -15.43771648 -3.12080169 20.79999924 -2.73495889 -15.51072216 20.79999924 -1.5 -22.40192413 20.79999924 -1.36863196 -22.33038521 20.79999924 -15.57408524 -2.34741569 20.79999924 -1.95841336 -15.62776756 20.79999924 -1.23386133 -22.26548195 20.79999924 -1.09602308 -22.20737839 20.79999924 -0.95545995 -22.15621758 20.79999924 -15.67173481 -1.56819355 20.79999924 -1.17699897 -15.70596027 20.79999924 -0.8125214 -22.1121273 20.79999924 -0.66756278 -22.07521629 20.79999924 -0.52094454 -22.0455761 20.79999924 2.81907797 -23.9739399 20.79999924 2.86671853 -24.1157341 20.79999924 -15.73042107 -0.78507268 20.79999924 -0.39265838 -15.74510479 20.79999924 -0.37303111 -22.023283 20.79999924 -0.22419028 -22.00838852 20.79999924 -0.07479207 -22.00093269 20.79999924 0.07479207 -22.00093269 20.79999924 -15.75 0 20.79999924 0.39265838 -15.74510479 20.79999924 0.22419028 -22.00838852 20.79999924 0.37303111 -22.023283 20.79999924 0.52094454 -22.0455761 20.79999924 -15.73042107 0.78507268 20.79999924 1.17699897 -15.70596027 20.79999924 0.66756278 -22.07521629 20.79999924 0.8125214 -22.1121273 20.79999924 0.95545995 -22.15621758 20.79999924 -15.67173481 1.56819355 20.79999924 1.95841336 -15.62776756 20.79999924 1.09602308 -22.20737839 20.79999924 1.23386133 -22.26548195 20.79999924 1.36863196 -22.33038521 20.79999924 -15.57408524 2.34741569 20.79999924 2.73495889 -15.51072216 20.79999924 1.5 -22.40192413 20.79999924 1.62763882 -22.47992134 20.79999924 -15.43771648 3.12080169 20.79999924 3.50470471 -15.35511494 20.79999924 1.75123107 -22.5641861 20.79999924 1.87046945 -22.65450478 20.79999924 1.98505747 -22.75065613 20.79999924 -15.26296711 3.88642907 20.79999924 4.26573753 -15.16133213 20.79999924 2.09471035 -22.85239983 20.79999924 2.19915557 -22.95948219 20.79999924 2.29813337 -23.07163811 20.79999924 -15.05027199 4.64239407 20.79999924 5.01616478 -14.92985535 20.79999924 2.39139748 -23.18858719 20.79999924 2.47871637 -23.31003952 20.79999924 -14.8001585 5.38681746 20.79999924 5.7541213 -14.66126156 20.79999924 2.55987263 -23.43569374 20.79999924 2.63466477 -23.56523895 20.79999924 -20.33257675 15.20738697 20.79999924 -20.21072388 15.08245754 20.79999924 -20.0827961 14.96375751 20.79999924 -20.44805145 15.3382349 20.79999924 -19.94911003 14.85158157 20.79999924 -20.55685806 15.47467613 20.79999924 -19.80999756 14.74620819 20.79999924 -20.65873146 15.61637115 20.79999924 -19.66580772 14.64790058 20.79999924 -20.75341415 15.76296806 20.79999924 -19.51689529 14.55690193 20.79999924 -20.84067154 15.91410255 20.79999924 -19.3636322 14.47344017 20.79999924 -20.92028618 16.06939888 20.79999924 -19.20639992 14.39772034 20.79999924 15.20098972 -19.96882248 20.79999924 15.3228426 -20.09375191 20.79999924 -20.99206161 16.22846985 20.79999924 15.45077133 -20.21245193 20.79999924 15.08551598 -19.83797455 20.79999924 15.5844574 -20.32462692 20.79999924 14.97670746 -19.70153236 20.79999924 -19.04558945 14.32993317 20.79999924 15.72356892 -20.43000031 20.79999924 14.87483597 -19.55983734 20.79999924 -21.05581856 16.39092064 20.79999924 15.8677597 -20.52830887 20.79999924 14.78015327 -19.41324043 20.79999924 -18.88159752 14.27024555 20.79999924 16.01667213 -20.61930656 20.79999924 14.69289589 -19.26210594 20.79999924 -21.1114006 16.5563488 20.79999924 16.16993332 -20.70276833 20.79999924 -18.71483612 14.21880627 20.79999924 -14.51325035 6.11784792 20.79999924 14.6132803 -19.10680962 20.79999924 16.3271656 -20.77848816 20.79999924 -21.1586647 16.72434044 20.79999924 14.54150486 -18.94773865 20.79999924 2.76442862 -23.83469582 20.79999924 -18.54571915 14.17574406 20.79999924 16.48797798 -20.84627533 20.79999924 14.47774696 -18.78528786 20.79999924 2.70290661 -23.698349 20.79999924 -21.19749832 16.89447975 20.79999924 16.651968 -20.9059639 20.79999924 -18.37466431 14.14116383 20.79999924 -14.19025993 6.83366871 20.79999924 14.42216682 -18.6198597 20.79999924 -21.22780228 17.06634331 20.79999924 16.8187294 -20.95740128 20.79999924 -18.20209885 14.11515427 20.79999924 14.37490082 -18.45186806 20.79999924 6.47777176 -14.35621738 20.79999924 16.98784828 -21.00046539 20.79999924 -21.24950218 17.23950386 20.79999924 14.3360672 -18.28172874 20.79999924 -18.02845001 14.09777832 20.79999924 -13.83199024 7.53250027 20.79999924 17.15890312 -21.03504372 20.79999924 -21.26254463 17.41353035 20.79999924 14.30576324 -18.10986519 20.79999924 7.18531799 -14.015481 20.79999924 -17.85415268 14.0890789 20.79999924 17.33146858 -21.06105423 20.79999924 -21.26689529 17.58799171 20.79999924 14.28406334 -17.93670464 20.79999924 -17.67963791 14.0890789 20.79999924 17.50511551 -21.07843018 20.79999924 -21.26254463 17.76245117 20.79999924 14.27102184 -17.76267815 20.79999924 7.875 -13.63990021 20.79999924 17.67941475 -21.08712959 20.79999924 -17.50534058 14.09777832 20.79999924 -13.43933105 8.21260452 20.79999924 14.26667118 -17.58821678 20.79999924 -21.24950218 17.93647957 20.79999924 17.85392952 -21.08712959 20.79999924 -17.33169174 14.11515427 20.79999924 14.27102184 -17.41375732 20.79999924 -21.22780228 18.10964012 20.79999924 18.02822685 -21.07843018 20.79999924 -17.15912628 14.14116383 20.79999924 14.28406334 -17.23972893 20.79999924 8.54510403 -13.23040867 20.79999924 -21.19749832 18.28150368 20.79999924 18.20187378 -21.06105423 20.79999924 -16.98807144 14.17574406 20.79999924 -13.01326084 8.87229061 20.79999924 14.30576324 -17.06657028 20.79999924 -21.1586647 18.45164299 20.79999924 18.37443924 -21.03504372 20.79999924 -16.81895256 14.21880627 20.79999924 14.3360672 -16.89470673 20.79999924 -21.1114006 18.61963463 20.79999924 18.54549408 -21.00046539 20.79999924 -16.65219116 14.27024555 20.79999924 -12.55483723 9.50991917 20.79999924 14.37490082 -16.72456551 20.79999924 9.19396305 -12.78802395 20.79999924 -21.05581856 18.78506088 20.79999924 18.71461296 -20.95740128 20.79999924 -16.48820114 14.32993317 20.79999924 14.42216682 -16.55657387 20.79999924 -20.99206161 18.94751358 20.79999924 18.88137436 -20.9059639 20.79999924 -16.32739067 14.39772034 20.79999924 14.47774696 -16.39114761 20.79999924 9.81996441 -12.31384563 20.79999924 19.04536438 -20.84627533 20.79999924 -16.17015839 14.47344017 20.79999924 -12.06519985 10.12390518 20.79999924 14.54150486 -16.22869492 20.79999924 -20.92028618 19.10658455 20.79999924 -20.84067154 19.26188087 20.79999924 19.20617676 -20.77848816 20.79999924 -16.01689529 14.55690193 20.79999924 14.6132803 -16.06962395 20.79999924 -20.75341415 19.41301537 20.79999924 19.36340904 -20.70276833 20.79999924 14.69289589 -15.91432858 20.79999924 10.4215517 -11.80905437 20.79999924 -15.86798286 14.64790058 20.79999924 19.51667213 -20.61930656 20.79999924 -20.65873146 19.55961227 20.79999924 14.78015327 -15.76319408 20.79999924 -15.72379208 14.74620819 20.79999924 -20.55685806 19.7013073 20.79999924 -11.54556656 10.71272087 20.79999924 14.87483597 -15.61659718 20.79999924 -15.58468056 14.85158157 20.79999924 -20.44805145 19.83774757 20.79999924 19.8097744 -20.43000031 20.79999924 19.66558266 -20.52830887 20.79999924 14.97670746 -15.47490215 20.79999924 -15.45099449 14.96375751 20.79999924 19.94888496 -20.32462692 20.79999924 -20.33257675 19.9685955 20.79999924 10.99722958 -11.2749033 20.79999924 15.08551598 -15.33846092 20.79999924 -15.32306671 15.08245754 20.79999924 20.08257103 -20.21245193 20.79999924 15.20098972 -15.20761299 20.79999924 20.21050072 -20.09375191 20.79999924 15.3228426 -15.08268356 20.79999924 -10.99722958 11.2749033 20.79999924 -15.08573914 15.3382349 20.79999924 -15.20121384 15.20738697 20.79999924 20.33235359 -19.96882248 20.79999924 -14.97693157 15.47467613 20.79999924 -20.21072388 20.09352493 20.79999924 -20.0827961 20.21222496 20.79999924 -19.94911003 20.32440186 20.79999924 -19.80999756 20.42977524 20.79999924 11.54556656 -10.71272087 20.79999924 15.45077133 -14.96398354 20.79999924 15.5844574 -14.85180759 20.79999924 -19.66580772 20.52808189 20.79999924 15.72356892 -14.74643421 20.79999924 -19.51689529 20.61907959 20.79999924 -10.4215517 11.80905437 20.79999924 -14.69312 15.91410255 20.79999924 -14.78037739 15.76296806 20.79999924 -14.87505913 15.61637115 20.79999924 20.5566349 -19.70153236 20.79999924 20.44782639 -19.83797455 20.79999924 20.75318909 -19.41324043 20.79999924 20.65850639 -19.55983734 20.79999924 20.84044647 -19.26210594 20.79999924 20.92006302 -19.10680962 20.79999924 12.06519985 -10.12390518 20.79999924 15.8677597 -14.6481266 20.79999924 16.01667213 -14.55712795 20.79999924 16.16993332 -14.47366619 20.79999924 20.99183846 -18.94773865 20.79999924 -9.81996441 12.31384563 20.79999924 -14.47797108 16.39092064 20.79999924 -14.54172802 16.22846985 20.79999924 -14.61350441 16.06939888 20.79999924 -19.3636322 20.70254326 20.79999924 -19.20639992 20.77826118 20.79999924 -19.04558945 20.84605026 20.79999924 -18.88159752 20.90573692 20.79999924 -18.71483612 20.95717621 20.79999924 -18.54571915 21.00023842 20.79999924 -18.37466431 21.03481865 20.79999924 12.55483723 -9.50991917 20.79999924 16.3271656 -14.39794731 20.79999924 16.48797798 -14.33015919 20.79999924 16.651968 -14.27047157 20.79999924 -9.19396305 12.78802395 20.79999924 -14.37512493 16.72434044 20.79999924 -14.42238998 16.5563488 20.79999924 21.26232147 -17.76267815 20.79999924 21.24927902 -17.93670464 20.79999924 21.22757912 -18.10986519 20.79999924 21.19727516 -18.28172874 20.79999924 21.15844154 -18.45186806 20.79999924 21.11117554 -18.6198597 20.79999924 21.0555954 -18.78528786 20.79999924 13.01326084 -8.87229061 20.79999924 16.8187294 -14.21903229 20.79999924 16.98784828 -14.17597008 20.79999924 -8.54510403 13.23040867 20.79999924 -14.28428745 17.23950386 20.79999924 -14.30598736 17.06634331 20.79999924 -14.33629131 16.89447975 20.79999924 -18.20209885 21.06082916 20.79999924 -18.02845001 21.07820511 20.79999924 -17.85415268 21.08690262 20.79999924 -17.67963791 21.08690262 20.79999924 -17.50534058 21.07820511 20.79999924 -17.33169174 21.06082916 20.79999924 13.43933105 -8.21260452 20.79999924 17.15890312 -14.14138985 20.79999924 17.33146858 -14.11538029 20.79999924 17.50511551 -14.09800434 20.79999924 21.19727516 -16.89470673 20.79999924 21.22757912 -17.06657028 20.79999924 21.24927902 -17.23972893 20.79999924 21.26232147 -17.41375732 20.79999924 21.26667213 -17.58821678 20.79999924 -7.875 13.63990021 20.79999924 -14.27124596 17.76245117 20.79999924 -14.26689529 17.58799171 20.79999924 -14.27124596 17.41353035 20.79999924 13.83199024 -7.53250027 20.79999924 17.67941475 -14.08930492 20.79999924 17.85392952 -14.08930492 20.79999924 18.02822685 -14.09800434 20.79999924 -17.15912628 21.03481865 20.79999924 -16.98807144 21.00023842 20.79999924 -16.81895256 20.95717621 20.79999924 -16.65219116 20.90573692 20.79999924 -16.48820114 20.84605026 20.79999924 -7.18531799 14.015481 20.79999924 -14.30598736 18.10964012 20.79999924 -14.28428745 17.93647957 20.79999924 14.19025993 -6.83366871 20.79999924 18.20187378 -14.11538029 20.79999924 18.37443924 -14.14138985 20.79999924 20.84044647 -15.91432858 20.79999924 20.92006302 -16.06962395 20.79999924 20.99183846 -16.22869492 20.79999924 21.0555954 -16.39114761 20.79999924 21.11117554 -16.55657387 20.79999924 21.15844154 -16.72456551 20.79999924 -6.47777176 14.35621738 20.79999924 -14.37512493 18.45164299 20.79999924 -14.33629131 18.28150368 20.79999924 14.51325035 -6.11784792 20.79999924 18.54549408 -14.17597008 20.79999924 18.71461296 -14.21903229 20.79999924 -16.32739067 20.77826118 20.79999924 -16.17015839 20.70254326 20.79999924 -16.01689529 20.61907959 20.79999924 -15.86798286 20.52808189 20.79999924 -15.72379208 20.42977524 20.79999924 -5.7541213 14.66126156 20.79999924 -14.47797108 18.78506088 20.79999924 -14.42238998 18.61963463 20.79999924 14.8001585 -5.38681746 20.79999924 18.88137436 -14.27047157 20.79999924 19.04536438 -14.33015919 20.79999924 20.44782639 -15.33846092 20.79999924 20.5566349 -15.47490215 20.79999924 20.65850639 -15.61659718 20.79999924 20.75318909 -15.76319408 20.79999924 -15.58468056 20.32440186 20.79999924 -15.45099449 20.21222496 20.79999924 -15.32306671 20.09352493 20.79999924 -15.20121384 19.9685955 20.79999924 20.08257103 -14.96398354 20.79999924 20.21050072 -15.08268356 20.79999924 20.33235359 -15.20761299 20.79999924 -14.97693157 19.7013073 20.79999924 -14.87505913 19.55961227 20.79999924 -15.08573914 19.83774757 20.79999924 19.51667213 -14.55712795 20.79999924 19.66558266 -14.6481266 20.79999924 19.8097744 -14.74643421 20.79999924 19.94888496 -14.85180759 20.79999924 -14.78037739 19.41301537 20.79999924 -14.69312 19.26188087 20.79999924 -14.61350441 19.10658455 20.79999924 19.20617676 -14.39794731 20.79999924 19.36340904 -14.47366619 20.79999924 -14.54172802 18.94751358 20.79999924 -5.01616478 14.92985535 20.79999924 -4.26573753 15.16133213 20.79999924 15.05027199 -4.64239407 20.79999924 15.26296711 -3.88642907 20.79999924 -3.50470471 15.35511494 20.79999924 -2.73495889 15.51072216 20.79999924 15.43771648 -3.12080169 20.79999924 -1.95841336 15.62776756 20.79999924 15.67173481 -1.56819355 20.79999924 15.57408524 -2.34741569 20.79999924 -1.17699897 15.70596027 20.79999924 -0.39265838 15.74510479 20.79999924 15.73042107 -0.78507268 20.79999924 0.39265838 15.74510479 20.79999924 15.75 -0 20.79999924 15.02242374 15.38617802 20.79999924 10.99722958 11.2749033 20.79999924 15.14427567 15.26124859 20.79999924 15.2722044 15.14254856 20.79999924 11.54556656 10.71272087 20.79999924 14.90694904 15.51702595 20.79999924 10.4215517 11.80905437 20.79999924 15.40589046 15.03037262 20.79999924 14.79814148 15.65346718 20.79999924 15.54500198 14.92499924 20.79999924 14.69626904 15.7951622 20.79999924 15.68919277 14.82669163 20.79999924 12.06519985 10.12390518 20.79999924 14.60158634 15.94175911 20.79999924 9.81996441 12.31384563 20.79999924 15.8381052 14.73569393 20.79999924 14.51432896 16.0928936 20.79999924 15.99136734 14.65223122 20.79999924 14.43471336 16.24818993 20.79999924 16.14859962 14.57651234 20.79999924 12.55483723 9.50991917 20.79999924 14.36293793 16.40726089 20.79999924 9.19396305 12.78802395 20.79999924 16.309412 14.50872421 20.79999924 14.29918098 16.56971169 20.79999924 16.47340202 14.4490366 20.79999924 13.01326084 8.87229061 20.79999924 14.24359989 16.73513985 20.79999924 16.64016342 14.39759827 20.79999924 14.19633484 16.90313148 20.79999924 8.54510403 13.23040867 20.79999924 16.8092823 14.3545351 20.79999924 15.73042107 0.78507268 20.79999924 14.15750122 17.0732708 20.79999924 16.98033714 14.31995583 20.79999924 13.43933105 8.21260452 20.79999924 14.12719727 17.24513435 20.79999924 7.875 13.63990021 20.79999924 17.1529026 14.29394531 20.79999924 14.10549736 17.41829491 20.79999924 17.32654953 14.27656937 20.79999924 14.09245586 17.5923214 20.79999924 17.50084686 14.2678709 20.79999924 13.83199024 7.53250027 20.79999924 14.0881052 17.76678276 20.79999924 7.18531799 14.015481 20.79999924 1.17699897 15.70596027 20.79999924 1.95841336 15.62776756 20.79999924 17.67536163 14.2678709 20.79999924 14.09245586 17.94124413 20.79999924 17.84966087 14.27656937 20.79999924 14.19025993 6.83366871 20.79999924 14.10549736 18.11527061 20.79999924 6.47777176 14.35621738 20.79999924 18.0233078 14.29394531 20.79999924 14.12719727 18.28843117 20.79999924 18.19587326 14.31995583 20.79999924 15.67173481 1.56819355 20.79999924 14.15750122 18.46029472 20.79999924 18.3669281 14.3545351 20.79999924 14.51325035 6.11784792 20.79999924 14.19633484 18.63043404 20.79999924 5.7541213 14.66126156 20.79999924 18.53604698 14.39759827 20.79999924 14.24359989 18.79842567 20.79999924 18.70280838 14.4490366 20.79999924 14.8001585 5.38681746 20.79999924 2.73495889 15.51072216 20.79999924 14.29918098 18.96385384 20.79999924 5.01616478 14.92985535 20.79999924 18.8667984 14.50872421 20.79999924 15.57408524 2.34741569 20.79999924 3.50470471 15.35511494 20.79999924 15.43771648 3.12080169 20.79999924 4.26573753 15.16133213 20.79999924 15.26296711 3.88642907 20.79999924 15.05027199 4.64239407 20.79999924 19.02760887 14.57651234 20.79999924 14.36293793 19.12630463 20.79999924 14.43471336 19.2853756 20.79999924 14.51432896 19.44067192 20.79999924 19.33810425 14.73569393 20.79999924 19.18484306 14.65223122 20.79999924 14.60158634 19.59180641 20.79999924 14.69626904 19.73840332 20.79999924 19.77031898 15.03037262 20.79999924 19.63120842 14.92499924 20.79999924 19.48701668 14.82669163 20.79999924 14.79814148 19.88009834 20.79999924 14.90694904 20.01653862 20.79999924 15.02242374 20.14738655 20.79999924 15.14427567 20.27231598 20.79999924 20.26926041 15.51702595 20.79999924 20.15378571 15.38617802 20.79999924 20.03193283 15.26124859 20.79999924 19.90400505 15.14254856 20.79999924 15.2722044 20.39101601 20.79999924 15.40589046 20.5031929 20.79999924 15.54500198 20.60856628 20.79999924 15.68919277 20.70687294 20.79999924 20.66188049 16.0928936 20.79999924 20.57462311 15.94175911 20.79999924 20.47994041 15.7951622 20.79999924 20.37806892 15.65346718 20.79999924 15.8381052 20.79787254 20.79999924 15.99136734 20.8813343 20.79999924 16.14859962 20.95705223 20.79999924 16.309412 21.02484131 20.79999924 20.97987556 16.90313148 20.79999924 20.93260956 16.73513985 20.79999924 20.87702942 16.56971169 20.79999924 20.81327248 16.40726089 20.79999924 20.74149513 16.24818993 20.79999924 16.47340202 21.08452797 20.79999924 16.64016342 21.13596725 20.79999924 16.8092823 21.17902946 20.79999924 16.98033714 21.2136097 20.79999924 17.1529026 21.23962021 20.79999924 17.32654953 21.25699615 20.79999924 21.08810425 17.76678276 20.79999924 21.08375359 17.5923214 20.79999924 21.07071304 17.41829491 20.79999924 21.04901314 17.24513435 20.79999924 21.01870918 17.0732708 20.79999924 17.50084686 21.26569557 20.79999924 17.67536163 21.26569557 20.79999924 17.84966087 21.25699615 20.79999924 18.0233078 21.23962021 20.79999924 18.19587326 21.2136097 20.79999924 18.3669281 21.17902946 20.79999924 20.87702942 18.96385384 20.79999924 20.93260956 18.79842567 20.79999924 20.97987556 18.63043404 20.79999924 21.01870918 18.46029472 20.79999924 21.04901314 18.28843117 20.79999924 21.07071304 18.11527061 20.79999924 21.08375359 17.94124413 20.79999924 18.53604698 21.13596725 20.79999924 18.70280838 21.08452797 20.79999924 18.8667984 21.02484131 20.79999924 19.02760887 20.95705223 20.79999924 19.18484306 20.8813343 20.79999924 19.33810425 20.79787254 20.79999924 19.48701668 20.70687294 20.79999924 20.37806892 19.88009834 20.79999924 20.47994041 19.73840332 20.79999924 20.57462311 19.59180641 20.79999924 20.66188049 19.44067192 20.79999924 20.74149513 19.2853756 20.79999924 20.81327248 19.12630463 20.79999924 19.63120842 20.60856628 20.79999924 19.77031898 20.5031929 20.79999924 19.90400505 20.39101601 20.79999924 20.03193283 20.27231598 20.79999924 20.15378571 20.14738655 20.79999924 20.26926041 20.01653862 20.79999924 15.73042107 -0.78507268 23.29999924 15.25 0 23.79999924 15.23104286 -0.76014978 23.79999924 15.75 0 23.29999924 15.67173481 -1.56819355 23.29999924 15.17421913 -1.51840961 23.79999924 15.57408524 -2.34741569 23.29999924 15.07966995 -2.27289462 23.79999924 15.43771648 -3.12080169 23.29999924 14.94763088 -3.02172875 23.79999924 15.26296711 -3.88642907 23.29999924 14.77842903 -3.76305032 23.79999924 15.05027199 -4.64239407 23.29999924 14.57248497 -4.49501657 23.79999924 14.8001585 -5.38681746 23.29999924 14.33031273 -5.21580696 23.79999924 14.51325035 -6.11784792 23.29999924 14.05251217 -5.92363071 23.79999924 14.19025993 -6.83366871 23.29999924 13.73977566 -6.61672688 23.79999924 13.83199024 -7.53250027 23.29999924 13.39287853 -7.29337311 23.79999924 13.43933105 -8.21260452 23.29999924 13.01268578 -7.95188665 23.79999924 13.01326084 -8.87229061 23.29999924 12.60014153 -8.59063053 23.79999924 12.55483723 -9.50991917 23.29999924 12.15627098 -9.20801735 23.79999924 12.06519985 -10.12390518 23.29999924 11.68217754 -9.80251122 23.79999924 11.54556656 -10.71272087 23.29999924 11.17904091 -10.37263393 23.79999924 10.99722958 -11.2749033 23.29999924 10.64811134 -10.9169693 23.79999924 10.4215517 -11.80905437 23.29999924 10.09070873 -11.43416309 23.79999924 9.81996441 -12.31384563 23.29999924 9.50821972 -11.92292976 23.79999924 9.19396305 -12.78802395 23.29999924 8.90209103 -12.38205433 23.79999924 8.54510403 -13.23040867 23.29999924 8.27383041 -12.81039524 23.79999924 7.875 -13.63990021 23.29999924 7.625 -13.20688725 23.79999924 7.18531799 -14.015481 23.29999924 6.95721245 -13.5705452 23.79999924 6.47777176 -14.35621738 23.29999924 6.27212811 -13.90046406 23.79999924 5.7541213 -14.66126156 23.29999924 5.57145071 -14.19582462 23.79999924 5.01616478 -14.92985535 23.29999924 4.8569212 -14.45589161 23.79999924 4.26573753 -15.16133213 23.29999924 4.13031721 -14.68001938 23.79999924 3.50470471 -15.35511494 23.29999924 3.3934443 -14.86765099 23.79999924 2.73495889 -15.51072216 23.29999924 2.64813471 -15.01831818 23.79999924 1.95841336 -15.62776756 23.29999924 1.89624155 -15.13164806 23.79999924 1.17699897 -15.70596027 23.29999924 1.13963389 -15.20735836 23.79999924 0.39265838 -15.74510479 23.29999924 0.38019305 -15.24526024 23.79999924 -0.39265838 -15.74510479 23.29999924 -0.38019305 -15.24526024 23.79999924 -1.17699897 -15.70596027 23.29999924 -1.13963389 -15.20735836 23.79999924 -1.95841336 -15.62776756 23.29999924 -1.89624155 -15.13164806 23.79999924 -2.73495889 -15.51072216 23.29999924 -2.64813471 -15.01831818 23.79999924 -3.50470471 -15.35511494 23.29999924 -3.3934443 -14.86765099 23.79999924 -4.26573753 -15.16133213 23.29999924 -4.13031721 -14.68001938 23.79999924 -5.01616478 -14.92985535 23.29999924 -4.8569212 -14.45589161 23.79999924 -5.7541213 -14.66126156 23.29999924 -5.57145071 -14.19582462 23.79999924 -6.47777176 -14.35621738 23.29999924 -6.27212811 -13.90046406 23.79999924 -7.18531799 -14.015481 23.29999924 -6.95721245 -13.5705452 23.79999924 -7.875 -13.63990021 23.29999924 -7.625 -13.20688725 23.79999924 -8.54510403 -13.23040867 23.29999924 -8.27383041 -12.81039524 23.79999924 -9.19396305 -12.78802395 23.29999924 -8.90209103 -12.38205433 23.79999924 -9.81996441 -12.31384563 23.29999924 -9.50821972 -11.92292976 23.79999924 -10.4215517 -11.80905437 23.29999924 -10.09070873 -11.43416309 23.79999924 -10.99722958 -11.2749033 23.29999924 -10.64811134 -10.9169693 23.79999924 -11.54556656 -10.71272087 23.29999924 -11.17904091 -10.37263393 23.79999924 -12.06519985 -10.12390518 23.29999924 -11.68217754 -9.80251122 23.79999924 -12.55483723 -9.50991917 23.29999924 -12.15627098 -9.20801735 23.79999924 -13.01326084 -8.87229061 23.29999924 -12.60014153 -8.59063053 23.79999924 -13.43933105 -8.21260452 23.29999924 -13.01268578 -7.95188665 23.79999924 -13.83199024 -7.53250027 23.29999924 -13.39287853 -7.29337311 23.79999924 -14.19025993 -6.83366871 23.29999924 -13.73977566 -6.61672688 23.79999924 -14.51325035 -6.11784792 23.29999924 -14.05251217 -5.92363071 23.79999924 -14.8001585 -5.38681746 23.29999924 -14.33031273 -5.21580696 23.79999924 -15.05027199 -4.64239407 23.29999924 -14.57248497 -4.49501657 23.79999924 -15.26296711 -3.88642907 23.29999924 -14.77842903 -3.76305032 23.79999924 -15.43771648 -3.12080169 23.29999924 -14.94763088 -3.02172875 23.79999924 -15.07966995 -2.27289462 23.79999924 -15.57408524 -2.34741569 23.29999924 -15.67173481 -1.56819355 23.29999924 -15.17421913 -1.51840961 23.79999924 -15.73042107 -0.78507268 23.29999924 -15.23104286 -0.76014978 23.79999924 -15.75 0 23.29999924 -15.25 0 23.79999924 -15.73042107 0.78507268 23.29999924 -15.23104286 0.76014978 23.79999924 -15.67173481 1.56819355 23.29999924 -15.17421913 1.51840961 23.79999924 -15.57408524 2.34741569 23.29999924 -15.07966995 2.27289462 23.79999924 -15.43771648 3.12080169 23.29999924 -14.94763088 3.02172875 23.79999924 -15.26296711 3.88642907 23.29999924 -14.77842903 3.76305032 23.79999924 -15.05027199 4.64239407 23.29999924 -14.57248497 4.49501657 23.79999924 -14.8001585 5.38681746 23.29999924 -14.33031273 5.21580696 23.79999924 -14.51325035 6.11784792 23.29999924 -14.05251217 5.92363071 23.79999924 -14.19025993 6.83366871 23.29999924 -13.73977566 6.61672688 23.79999924 -13.83199024 7.53250027 23.29999924 -13.39287853 7.29337311 23.79999924 -13.43933105 8.21260452 23.29999924 -13.01268578 7.95188665 23.79999924 -13.01326084 8.87229061 23.29999924 -12.60014153 8.59063053 23.79999924 -12.55483723 9.50991917 23.29999924 -12.15627098 9.20801735 23.79999924 -12.06519985 10.12390518 23.29999924 -11.68217754 9.80251122 23.79999924 -11.54556656 10.71272087 23.29999924 -11.17904091 10.37263393 23.79999924 -10.99722958 11.2749033 23.29999924 -10.64811134 10.9169693 23.79999924 -10.4215517 11.80905437 23.29999924 -10.09070873 11.43416309 23.79999924 -9.81996441 12.31384563 23.29999924 -9.50821972 11.92292976 23.79999924 -9.19396305 12.78802395 23.29999924 -8.90209103 12.38205433 23.79999924 -8.54510403 13.23040867 23.29999924 -8.27383041 12.81039524 23.79999924 -7.875 13.63990021 23.29999924 -7.625 13.20688725 23.79999924 -7.18531799 14.015481 23.29999924 -6.95721245 13.5705452 23.79999924 -6.47777176 14.35621738 23.29999924 -6.27212811 13.90046406 23.79999924 -5.7541213 14.66126156 23.29999924 -5.57145071 14.19582462 23.79999924 -4.8569212 14.45589161 23.79999924 -5.01616478 14.92985535 23.29999924 -4.26573753 15.16133213 23.29999924 -4.13031721 14.68001938 23.79999924 -3.50470471 15.35511494 23.29999924 -3.3934443 14.86765099 23.79999924 -2.73495889 15.51072216 23.29999924 -2.64813471 15.01831818 23.79999924 -1.95841336 15.62776756 23.29999924 -1.89624155 15.13164806 23.79999924 -1.17699897 15.70596027 23.29999924 -1.13963389 15.20735836 23.79999924 -0.38019305 15.24526024 23.79999924 -0.39265838 15.74510479 23.29999924 0.39265838 15.74510479 23.29999924 0.38019305 15.24526024 23.79999924 1.17699897 15.70596027 23.29999924 1.13963389 15.20735836 23.79999924 1.95841336 15.62776756 23.29999924 1.89624155 15.13164806 23.79999924 2.73495889 15.51072216 23.29999924 2.64813471 15.01831818 23.79999924 3.50470471 15.35511494 23.29999924 3.3934443 14.86765099 23.79999924 4.26573753 15.16133213 23.29999924 4.13031721 14.68001938 23.79999924 5.01616478 14.92985535 23.29999924 4.8569212 14.45589161 23.79999924 5.7541213 14.66126156 23.29999924 5.57145071 14.19582462 23.79999924 6.47777176 14.35621738 23.29999924 6.27212811 13.90046406 23.79999924 7.18531799 14.015481 23.29999924 6.95721245 13.5705452 23.79999924 7.875 13.63990021 23.29999924 7.625 13.20688725 23.79999924 8.54510403 13.23040867 23.29999924 8.27383041 12.81039524 23.79999924 9.19396305 12.78802395 23.29999924 8.90209103 12.38205433 23.79999924 9.81996441 12.31384563 23.29999924 9.50821972 11.92292976 23.79999924 10.4215517 11.80905437 23.29999924 10.09070873 11.43416309 23.79999924 10.99722958 11.2749033 23.29999924 10.64811134 10.9169693 23.79999924 11.54556656 10.71272087 23.29999924 11.17904091 10.37263393 23.79999924 12.06519985 10.12390518 23.29999924 11.68217754 9.80251122 23.79999924 12.55483723 9.50991917 23.29999924 12.15627098 9.20801735 23.79999924 13.01326084 8.87229061 23.29999924 12.60014153 8.59063053 23.79999924 13.43933105 8.21260452 23.29999924 13.01268578 7.95188665 23.79999924 13.83199024 7.53250027 23.29999924 13.39287853 7.29337311 23.79999924 14.19025993 6.83366871 23.29999924 13.73977566 6.61672688 23.79999924 14.51325035 6.11784792 23.29999924 14.05251217 5.92363071 23.79999924 14.33031273 5.21580696 23.79999924 14.8001585 5.38681746 23.29999924 15.05027199 4.64239407 23.29999924 14.57248497 4.49501657 23.79999924 15.26296711 3.88642907 23.29999924 14.77842903 3.76305032 23.79999924 15.43771648 3.12080169 23.29999924 14.94763088 3.02172875 23.79999924 15.57408524 2.34741569 23.29999924 15.07966995 2.27289462 23.79999924 15.67173481 1.56819355 23.29999924 15.17421913 1.51840961 23.79999924 15.73042107 0.78507268 23.29999924 15.23104286 0.76014978 23.79999924 -35 13.60000038 10.60000038 -35 13.53130531 10.59831333 -35 13.46277618 10.59325886 -35 13.39457703 10.58484745 -35 13.32687378 10.57309914 -35 13.25982761 10.55804348 -35 13.19360161 10.53971672 -35 13.12835407 10.51816177 -35 13.06424332 10.49343109 -35 13.00142288 10.46558475 -35 12.9400444 10.43468952 -35 12.8802557 10.40081978 -35 12.82220173 10.36405754 -35 12.76602077 10.32449055 -35 12.71184921 10.28221416 -35 12.6598177 10.23733139 -35 12.6100502 10.18994904 -35 12.5626688 10.1401825 -35 12.51778507 10.08815098 -35 12.47550964 10.03397942 -35 12.43594265 9.97779846 -35 12.39918041 9.91974354 -35 12.36531067 9.85995579 -35 12.33441544 9.79857731 -35 12.3065691 9.73575687 -35 12.28183842 9.67164612 -35 12.26028347 9.60639858 -35 12.24195671 9.54017258 -35 12.22690105 9.47312641 -35 12.21515274 9.40542221 -35 12.20674133 9.33722401 -35 12.20168591 9.26869488 -35 12.19999981 9.19999981 -35 12.19999981 5.5999999 -35 18.60000038 9.19999981 -35 18.59831429 9.26869488 -35 18.5932579 9.33722401 -35 18.5848465 9.40542221 -35 18.57309914 9.47312641 -35 18.55804443 9.54017258 -35 18.53971672 9.60639858 -35 18.51816177 9.67164612 -35 18.49343109 9.73575687 -35 18.46558571 9.79857731 -35 18.43469048 9.85995579 -35 18.40081978 9.91974354 -35 18.36405754 9.97779846 -35 18.32448959 10.03397942 -35 18.28221512 10.08815098 -35 18.23733139 10.1401825 -35 18.18994904 10.18994904 -35 18.1401825 10.23733139 -35 18.08815002 10.28221416 -35 18.03397942 10.32449055 -35 17.97779846 10.36405754 -35 17.91974449 10.40081978 -35 17.85995483 10.43468952 -35 17.79857635 10.46558475 -35 17.73575592 10.49343109 -35 17.67164612 10.51816177 -35 17.60639763 10.53971672 -35 17.54017258 10.55804348 -35 17.47312737 10.57309914 -35 17.40542221 10.58484745 -35 17.33722305 10.59325886 -35 17.26869392 10.59831333 -35 17.20000076 10.60000038 -35 18.18994904 4.61005068 -35 18.28221512 4.71184921 -35 18.23733139 4.6598177 -35 18.1401825 4.56266832 -35 18.08815002 4.51778555 -35 18.03397942 4.47550964 -35 18.36405754 4.82220173 -35 18.43469048 4.9400444 -35 18.40081978 4.88025618 -35 18.32448959 4.76602077 -35 18.46558571 5.00142288 -35 17.85995483 4.36531019 -35 17.73575592 4.30656862 -35 17.91974449 4.39917994 -35 17.79857635 4.33441496 -35 18.51816177 5.12835407 -35 18.49343109 5.06424332 -35 17.67164612 4.28183842 -35 17.60639763 4.26028347 -35 17.47312737 4.22690058 -35 17.97779846 4.43594265 -35 17.54017258 4.24195623 -35 18.55804443 5.25982761 -35 18.5848465 5.3945775 -35 18.57309914 5.32687378 -35 17.40542221 4.21515274 -35 17.33722305 4.20674133 -35 18.59831429 5.53130531 -35 18.5932579 5.46277618 -35 18.53971672 5.19360161 -35 17.20000076 4.19999981 -35 18.60000038 5.5999999 -35 17.26869392 4.20168638 -35 13.60000038 4.19999981 -35 13.53130531 4.20168638 -35 13.46277618 4.20674133 -35 13.39457703 4.21515274 -35 13.32687378 4.22690058 -35 13.25982761 4.24195623 -35 13.19360161 4.26028347 -35 13.12835407 4.28183842 -35 13.06424332 4.30656862 -35 13.00142288 4.33441496 -35 12.9400444 4.36531019 -35 12.8802557 4.39917994 -35 12.82220173 4.43594265 -35 12.76602077 4.47550964 -35 12.71184921 4.51778555 -35 12.6598177 4.56266832 -35 12.6100502 4.61005068 -35 12.5626688 4.6598177 -35 12.51778507 4.71184921 -35 12.47550964 4.76602077 -35 12.43594265 4.82220173 -35 12.39918041 4.88025618 -35 12.36531067 4.9400444 -35 12.33441544 5.00142288 -35 12.28183842 5.12835407 -35 12.26028347 5.19360161 -35 12.3065691 5.06424332 -35 12.24195671 5.25982761 -35 12.22690105 5.32687378 -35 12.20674133 5.46277618 -35 12.21515274 5.3945775 -35 12.20168591 5.53130531 -35 -18.60000038 5.5999999 -35 -18.59831429 5.53130531 -35 -18.5932579 5.46277618 -35 -18.5848465 5.3945775 -35 -18.57309914 5.32687378 -35 -18.55804443 5.25982761 -35 -18.53971672 5.19360161 -35 -18.51816177 5.12835407 -35 -18.49343109 5.06424332 -35 -18.46558571 5.00142288 -35 -18.43469048 4.9400444 -35 -18.40081978 4.88025618 -35 -18.36405754 4.82220173 -35 -18.32448959 4.76602077 -35 -18.28221512 4.71184921 -35 -18.23733139 4.6598177 -35 -18.18994904 4.61005068 -35 -18.1401825 4.56266832 -35 -18.08815002 4.51778555 -35 -18.03397942 4.47550964 -35 -17.97779846 4.43594265 -35 -17.91974449 4.39917994 -35 -17.85995483 4.36531019 -35 -17.79857635 4.33441496 -35 -17.73575592 4.30656862 -35 -17.67164612 4.28183842 -35 -17.60639763 4.26028347 -35 -17.54017258 4.24195623 -35 -17.47312737 4.22690058 -35 -17.40542221 4.21515274 -35 -17.33722305 4.20674133 -35 -17.26869392 4.20168638 -35 -17.20000076 4.19999981 -35 -18.60000038 9.19999981 -35 -13.60000038 4.19999981 -35 -13.53130531 4.20168638 -35 -13.46277618 4.20674133 -35 -13.39457703 4.21515274 -35 -13.32687378 4.22690058 -35 -13.25982761 4.24195623 -35 -13.19360161 4.26028347 -35 -13.12835407 4.28183842 -35 -13.06424332 4.30656862 -35 -13.00142288 4.33441496 -35 -12.9400444 4.36531019 -35 -12.8802557 4.39917994 -35 -12.82220173 4.43594265 -35 -12.76602077 4.47550964 -35 -12.71184921 4.51778555 -35 -12.6598177 4.56266832 -35 -12.6100502 4.61005068 -35 -12.5626688 4.6598177 -35 -12.51778507 4.71184921 -35 -12.47550964 4.76602077 -35 -12.43594265 4.82220173 -35 -12.39918041 4.88025618 -35 -12.36531067 4.9400444 -35 -12.33441544 5.00142288 -35 -12.3065691 5.06424332 -35 -12.28183842 5.12835407 -35 -12.26028347 5.19360161 -35 -12.24195671 5.25982761 -35 -12.22690105 5.32687378 -35 -12.21515274 5.3945775 -35 -12.20674133 5.46277618 -35 -12.20168591 5.53130531 -35 -12.19999981 5.5999999 -35 -12.19999981 9.19999981 -35 -12.20168591 9.26869488 -35 -12.20674133 9.33722401 -35 -12.21515274 9.40542221 -35 -12.22690105 9.47312641 -35 -12.24195671 9.54017258 -35 -12.26028347 9.60639858 -35 -12.28183842 9.67164612 -35 -12.3065691 9.73575687 -35 -12.33441544 9.79857731 -35 -12.36531067 9.85995579 -35 -12.39918041 9.91974354 -35 -12.43594265 9.97779846 -35 -12.47550964 10.03397942 -35 -12.51778507 10.08815098 -35 -12.5626688 10.1401825 -35 -12.6100502 10.18994904 -35 -12.6598177 10.23733139 -35 -12.71184921 10.28221416 -35 -12.76602077 10.32449055 -35 -12.82220173 10.36405754 -35 -12.8802557 10.40081978 -35 -12.9400444 10.43468952 -35 -13.00142288 10.46558475 -35 -13.06424332 10.49343109 -35 -13.12835407 10.51816177 -35 -13.19360161 10.53971672 -35 -13.25982761 10.55804348 -35 -13.32687378 10.57309914 -35 -13.39457703 10.58484745 -35 -13.46277618 10.59325886 -35 -13.53130531 10.59831333 -35 -13.60000038 10.60000038 -35 -17.20000076 10.60000038 -35 -17.26869392 10.59831333 -35 -17.33722305 10.59325886 -35 -17.40542221 10.58484745 -35 -17.47312737 10.57309914 -35 -17.54017258 10.55804348 -35 -17.60639763 10.53971672 -35 -17.67164612 10.51816177 -35 -17.73575592 10.49343109 -35 -17.79857635 10.46558475 -35 -17.85995483 10.43468952 -35 -17.91974449 10.40081978 -35 -17.97779846 10.36405754 -35 -18.03397942 10.32449055 -35 -18.08815002 10.28221416 -35 -18.1401825 10.23733139 -35 -18.18994904 10.18994904 -35 -18.23733139 10.1401825 -35 -18.28221512 10.08815098 -35 -18.32448959 10.03397942 -35 -18.36405754 9.97779846 -35 -18.40081978 9.91974354 -35 -18.43469048 9.85995579 -35 -18.46558571 9.79857731 -35 -18.49343109 9.73575687 -35 -18.51816177 9.67164612 -35 -18.53971672 9.60639858 -35 -18.55804443 9.54017258 -35 -18.57309914 9.47312641 -35 -18.5848465 9.40542221 -35 -18.5932579 9.33722401 -35 -18.59831429 9.26869488 35 -13.60000038 10.60000038 35 -13.53130531 10.59831333 35 -13.46277618 10.59325886 35 -13.39457703 10.58484745 35 -13.32687378 10.57309914 35 -13.25982761 10.55804348 35 -13.19360161 10.53971672 35 -13.12835407 10.51816177 35 -13.06424332 10.49343109 35 -13.00142288 10.46558475 35 -12.9400444 10.43468952 35 -12.8802557 10.40081978 35 -12.82220173 10.36405754 35 -12.76602077 10.32449055 35 -12.71184921 10.28221416 35 -12.6598177 10.23733139 35 -12.6100502 10.18994904 35 -12.5626688 10.1401825 35 -12.51778507 10.08815098 35 -12.47550964 10.03397942 35 -12.43594265 9.97779846 35 -12.39918041 9.91974354 35 -12.36531067 9.85995579 35 -12.33441544 9.79857731 35 -12.3065691 9.73575687 35 -12.28183842 9.67164612 35 -12.26028347 9.60639858 35 -12.24195671 9.54017258 35 -12.22690105 9.47312641 35 -12.21515274 9.40542221 35 -12.20674133 9.33722401 35 -12.20168591 9.26869488 35 -12.19999981 9.19999981 35 -12.19999981 5.5999999 35 -18.60000038 9.19999981 35 -18.59831429 9.26869488 35 -18.5932579 9.33722401 35 -18.5848465 9.40542221 35 -18.57309914 9.47312641 35 -18.55804443 9.54017258 35 -18.53971672 9.60639858 35 -18.51816177 9.67164612 35 -18.49343109 9.73575687 35 -18.46558571 9.79857731 35 -18.43469048 9.85995579 35 -18.40081978 9.91974354 35 -18.36405754 9.97779846 35 -18.32448959 10.03397942 35 -18.28221512 10.08815098 35 -18.23733139 10.1401825 35 -18.18994904 10.18994904 35 -18.1401825 10.23733139 35 -18.08815002 10.28221416 35 -18.03397942 10.32449055 35 -17.97779846 10.36405754 35 -17.91974449 10.40081978 35 -17.85995483 10.43468952 35 -17.79857635 10.46558475 35 -17.73575592 10.49343109 35 -17.67164612 10.51816177 35 -17.60639763 10.53971672 35 -17.54017258 10.55804348 35 -17.47312737 10.57309914 35 -17.40542221 10.58484745 35 -17.33722305 10.59325886 35 -17.26869392 10.59831333 35 -17.20000076 10.60000038 35 -18.18994904 4.61005068 35 -18.28221512 4.71184921 35 -18.23733139 4.6598177 35 -18.1401825 4.56266832 35 -18.08815002 4.51778555 35 -18.03397942 4.47550964 35 -18.36405754 4.82220173 35 -18.43469048 4.9400444 35 -18.40081978 4.88025618 35 -18.32448959 4.76602077 35 -18.46558571 5.00142288 35 -17.85995483 4.36531019 35 -17.73575592 4.30656862 35 -17.91974449 4.39917994 35 -17.79857635 4.33441496 35 -18.51816177 5.12835407 35 -18.49343109 5.06424332 35 -17.67164612 4.28183842 35 -17.60639763 4.26028347 35 -17.47312737 4.22690058 35 -17.97779846 4.43594265 35 -17.54017258 4.24195623 35 -18.55804443 5.25982761 35 -18.5848465 5.3945775 35 -18.57309914 5.32687378 35 -17.40542221 4.21515274 35 -17.33722305 4.20674133 35 -18.59831429 5.53130531 35 -18.5932579 5.46277618 35 -18.53971672 5.19360161 35 -17.20000076 4.19999981 35 -18.60000038 5.5999999 35 -17.26869392 4.20168638 35 -13.60000038 4.19999981 35 -13.53130531 4.20168638 35 -13.46277618 4.20674133 35 -13.39457703 4.21515274 35 -13.32687378 4.22690058 35 -13.25982761 4.24195623 35 -13.19360161 4.26028347 35 -13.12835407 4.28183842 35 -13.06424332 4.30656862 35 -13.00142288 4.33441496 35 -12.9400444 4.36531019 35 -12.8802557 4.39917994 35 -12.82220173 4.43594265 35 -12.76602077 4.47550964 35 -12.71184921 4.51778555 35 -12.6598177 4.56266832 35 -12.6100502 4.61005068 35 -12.5626688 4.6598177 35 -12.51778507 4.71184921 35 -12.47550964 4.76602077 35 -12.43594265 4.82220173 35 -12.39918041 4.88025618 35 -12.36531067 4.9400444 35 -12.33441544 5.00142288 35 -12.28183842 5.12835407 35 -12.26028347 5.19360161 35 -12.3065691 5.06424332 35 -12.24195671 5.25982761 35 -12.22690105 5.32687378 35 -12.20674133 5.46277618 35 -12.21515274 5.3945775 35 -12.20168591 5.53130531 35 18.60000038 5.5999999 35 18.59831429 5.53130531 35 18.5932579 5.46277618 35 18.5848465 5.3945775 35 18.57309914 5.32687378 35 18.55804443 5.25982761 35 18.53971672 5.19360161 35 18.51816177 5.12835407 35 18.49343109 5.06424332 35 18.46558571 5.00142288 35 18.43469048 4.9400444 35 18.40081978 4.88025618 35 18.36405754 4.82220173 35 18.32448959 4.76602077 35 18.28221512 4.71184921 35 18.23733139 4.6598177 35 18.18994904 4.61005068 35 18.1401825 4.56266832 35 18.08815002 4.51778555 35 18.03397942 4.47550964 35 17.97779846 4.43594265 35 17.91974449 4.39917994 35 17.85995483 4.36531019 35 17.79857635 4.33441496 35 17.73575592 4.30656862 35 17.67164612 4.28183842 35 17.60639763 4.26028347 35 17.54017258 4.24195623 35 17.47312737 4.22690058 35 17.40542221 4.21515274 35 17.33722305 4.20674133 35 17.26869392 4.20168638 35 17.20000076 4.19999981 35 18.60000038 9.19999981 35 13.60000038 4.19999981 35 13.53130531 4.20168638 35 13.46277618 4.20674133 35 13.39457703 4.21515274 35 13.32687378 4.22690058 35 13.25982761 4.24195623 35 13.19360161 4.26028347 35 13.12835407 4.28183842 35 13.06424332 4.30656862 35 13.00142288 4.33441496 35 12.9400444 4.36531019 35 12.8802557 4.39917994 35 12.82220173 4.43594265 35 12.76602077 4.47550964 35 12.71184921 4.51778555 35 12.6598177 4.56266832 35 12.6100502 4.61005068 35 12.5626688 4.6598177 35 12.51778507 4.71184921 35 12.47550964 4.76602077 35 12.43594265 4.82220173 35 12.39918041 4.88025618 35 12.36531067 4.9400444 35 12.33441544 5.00142288 35 12.3065691 5.06424332 35 12.28183842 5.12835407 35 12.26028347 5.19360161 35 12.24195671 5.25982761 35 12.22690105 5.32687378 35 12.21515274 5.3945775 35 12.20674133 5.46277618 35 12.20168591 5.53130531 35 12.19999981 5.5999999 35 12.19999981 9.19999981 35 12.20168591 9.26869488 35 12.20674133 9.33722401 35 12.21515274 9.40542221 35 12.22690105 9.47312641 35 12.24195671 9.54017258 35 12.26028347 9.60639858 35 12.28183842 9.67164612 35 12.3065691 9.73575687 35 12.33441544 9.79857731 35 12.36531067 9.85995579 35 12.39918041 9.91974354 35 12.43594265 9.97779846 35 12.47550964 10.03397942 35 12.51778507 10.08815098 35 12.5626688 10.1401825 35 12.6100502 10.18994904 35 12.6598177 10.23733139 35 12.71184921 10.28221416 35 12.76602077 10.32449055 35 12.82220173 10.36405754 35 12.8802557 10.40081978 35 12.9400444 10.43468952 35 13.00142288 10.46558475 35 13.06424332 10.49343109 35 13.12835407 10.51816177 35 13.19360161 10.53971672 35 13.25982761 10.55804348 35 13.32687378 10.57309914 35 13.39457703 10.58484745 35 13.46277618 10.59325886 35 13.53130531 10.59831333 35 13.60000038 10.60000038 35 17.20000076 10.60000038 35 17.26869392 10.59831333 35 17.33722305 10.59325886 35 17.40542221 10.58484745 35 17.47312737 10.57309914 35 17.54017258 10.55804348 35 17.60639763 10.53971672 35 17.67164612 10.51816177 35 17.73575592 10.49343109 35 17.79857635 10.46558475 35 17.85995483 10.43468952 35 17.91974449 10.40081978 35 17.97779846 10.36405754 35 18.03397942 10.32449055 35 18.08815002 10.28221416 35 18.1401825 10.23733139 35 18.18994904 10.18994904 35 18.23733139 10.1401825 35 18.28221512 10.08815098 35 18.32448959 10.03397942 35 18.36405754 9.97779846 35 18.40081978 9.91974354 35 18.43469048 9.85995579 35 18.46558571 9.79857731 35 18.49343109 9.73575687 35 18.51816177 9.67164612 35 18.53971672 9.60639858 35 18.55804443 9.54017258 35 18.57309914 9.47312641 35 18.5848465 9.40542221 35 18.5932579 9.33722401 35 18.59831429 9.26869488 -11 35 5.5999999 -10.9983139 35 5.53130531 -10.99325848 35 5.46277618 -10.98484707 35 5.3945775 -10.97309971 35 5.32687378 -10.95804405 35 5.25982761 -10.93971634 35 5.19360161 -10.91816139 35 5.12835407 -10.89343166 35 5.06424332 -10.86558533 35 5.00142288 -10.83469009 35 4.9400444 -10.80082035 35 4.88025618 -10.76405716 35 4.82220173 -10.72449017 35 4.76602077 -10.68221474 35 4.71184921 -10.63733196 35 4.6598177 -10.58994961 35 4.61005068 -10.54018211 35 4.56266832 -10.4881506 35 4.51778555 -10.43397903 35 4.47550964 -10.37779808 35 4.43594265 -10.31974411 35 4.39917994 -10.25995541 35 4.36531019 -10.19857693 35 4.33441496 -10.13575649 35 4.30656862 -10.07164574 35 4.28183842 -10.0063982 35 4.26028347 -9.9401722 35 4.24195623 -9.87312603 35 4.22690058 -9.80542278 35 4.21515274 -9.73722363 35 4.20674133 -9.6686945 35 4.20168638 -9.60000038 35 4.19999981 -11 35 9.19999981 9.60000038 35 4.19999981 9.6686945 35 4.20168638 9.73722363 35 4.20674133 9.80542278 35 4.21515274 9.87312603 35 4.22690058 9.9401722 35 4.24195623 10.0063982 35 4.26028347 10.07164574 35 4.28183842 10.13575649 35 4.30656862 10.19857693 35 4.33441496 10.25995541 35 4.36531019 10.31974411 35 4.39917994 10.37779808 35 4.43594265 10.43397903 35 4.47550964 10.4881506 35 4.51778555 10.54018211 35 4.56266832 10.58994961 35 4.61005068 10.63733196 35 4.6598177 10.68221474 35 4.71184921 10.72449017 35 4.76602077 10.76405716 35 4.82220173 10.80082035 35 4.88025618 10.83469009 35 4.9400444 10.86558533 35 5.00142288 10.89343166 35 5.06424332 10.91816139 35 5.12835407 10.93971634 35 5.19360161 10.95804405 35 5.25982761 10.97309971 35 5.32687378 10.98484707 35 5.3945775 10.99325848 35 5.46277618 10.9983139 35 5.53130531 11 35 5.5999999 11 35 9.19999981 10.9983139 35 9.26869488 10.99325848 35 9.33722401 10.98484707 35 9.40542221 10.97309971 35 9.47312641 10.95804405 35 9.54017258 10.93971634 35 9.60639858 10.91816139 35 9.67164612 10.89343166 35 9.73575687 10.86558533 35 9.79857731 10.83469009 35 9.85995579 10.80082035 35 9.91974354 10.76405716 35 9.97779846 10.72449017 35 10.03397942 10.68221474 35 10.08815098 10.63733196 35 10.1401825 10.58994961 35 10.18994904 10.54018211 35 10.23733139 10.4881506 35 10.28221416 10.43397903 35 10.32449055 10.37779808 35 10.36405754 10.31974411 35 10.40081978 10.25995541 35 10.43468952 10.19857693 35 10.46558475 10.13575649 35 10.49343109 10.07164574 35 10.51816177 10.0063982 35 10.53971672 9.9401722 35 10.55804348 9.87312603 35 10.57309914 9.80542278 35 10.58484745 9.73722363 35 10.59325886 9.6686945 35 10.59831333 9.60000038 35 10.60000038 -9.60000038 35 10.60000038 -9.6686945 35 10.59831333 -9.73722363 35 10.59325886 -9.80542278 35 10.58484745 -9.87312603 35 10.57309914 -9.9401722 35 10.55804348 -10.0063982 35 10.53971672 -10.07164574 35 10.51816177 -10.13575649 35 10.49343109 -10.19857693 35 10.46558475 -10.25995541 35 10.43468952 -10.31974411 35 10.40081978 -10.37779808 35 10.36405754 -10.43397903 35 10.32449055 -10.4881506 35 10.28221416 -10.54018211 35 10.23733139 -10.58994961 35 10.18994904 -10.63733196 35 10.1401825 -10.68221474 35 10.08815098 -10.72449017 35 10.03397942 -10.76405716 35 9.97779846 -10.80082035 35 9.91974354 -10.83469009 35 9.85995579 -10.86558533 35 9.79857731 -10.89343166 35 9.73575687 -10.91816139 35 9.67164612 -10.93971634 35 9.60639858 -10.95804405 35 9.54017258 -10.97309971 35 9.47312641 -10.98484707 35 9.40542221 -10.99325848 35 9.33722401 -10.9983139 35 9.26869488 -3 -25 14.80000019 -2.99627066 -24.85046196 14.80000019 -2.9850924 -24.70129585 14.80000019 -2.96649241 -24.55287361 14.80000019 -2.94051743 -24.40556145 14.80000019 -2.90723181 -24.25972748 14.80000019 -2.86671853 -24.1157341 14.80000019 -2.81907797 -23.9739399 14.80000019 -2.76442862 -23.83469582 14.80000019 -2.70290661 -23.698349 14.80000019 -2.63466477 -23.56523895 14.80000019 -2.55987263 -23.43569374 14.80000019 -2.47871637 -23.31003952 14.80000019 -2.39139748 -23.18858719 14.80000019 -2.29813337 -23.07163811 14.80000019 -2.19915557 -22.95948219 14.80000019 -2.09471035 -22.85239983 14.80000019 -1.98505747 -22.75065613 14.80000019 -1.87046945 -22.65450478 14.80000019 -1.75123107 -22.5641861 14.80000019 -1.62763882 -22.47992134 14.80000019 -1.5 -22.40192413 14.80000019 -1.36863196 -22.33038521 14.80000019 -1.23386133 -22.26548195 14.80000019 -1.09602308 -22.20737839 14.80000019 -0.95545995 -22.15621758 14.80000019 -0.8125214 -22.1121273 14.80000019 -0.66756278 -22.07521629 14.80000019 -0.52094454 -22.0455761 14.80000019 -0.37303111 -22.023283 14.80000019 -0.22419028 -22.00838852 14.80000019 -0.07479207 -22.00093269 14.80000019 0.07479207 -22.00093269 14.80000019 0.22419028 -22.00838852 14.80000019 0.37303111 -22.023283 14.80000019 0.52094454 -22.0455761 14.80000019 0.66756278 -22.07521629 14.80000019 0.8125214 -22.1121273 14.80000019 0.95545995 -22.15621758 14.80000019 1.09602308 -22.20737839 14.80000019 1.23386133 -22.26548195 14.80000019 1.36863196 -22.33038521 14.80000019 1.5 -22.40192413 14.80000019 1.62763882 -22.47992134 14.80000019 1.75123107 -22.5641861 14.80000019 1.87046945 -22.65450478 14.80000019 1.98505747 -22.75065613 14.80000019 2.09471035 -22.85239983 14.80000019 2.19915557 -22.95948219 14.80000019 2.29813337 -23.07163811 14.80000019 2.39139748 -23.18858719 14.80000019 2.47871637 -23.31003952 14.80000019 2.55987263 -23.43569374 14.80000019 2.63466477 -23.56523895 14.80000019 2.70290661 -23.698349 14.80000019 2.76442862 -23.83469582 14.80000019 2.81907797 -23.9739399 14.80000019 2.86671853 -24.1157341 14.80000019 2.90723181 -24.25972748 14.80000019 2.94051743 -24.40556145 14.80000019 2.96649241 -24.55287361 14.80000019 2.9850924 -24.70129585 14.80000019 2.99627066 -24.85046196 14.80000019 3 -25 14.80000019 2.99627066 -25.14953804 14.80000019 2.9850924 -25.29870415 14.80000019 2.96649241 -25.44712639 14.80000019 2.94051743 -25.59443855 14.80000019 2.90723181 -25.74027252 14.80000019 2.86671853 -25.8842659 14.80000019 2.81907797 -26.0260601 14.80000019 2.76442862 -26.16530418 14.80000019 2.70290661 -26.301651 14.80000019 2.63466477 -26.43476105 14.80000019 2.55987263 -26.56430626 14.80000019 2.47871637 -26.68996048 14.80000019 2.39139748 -26.81141281 14.80000019 2.29813337 -26.92836189 14.80000019 2.19915557 -27.04051781 14.80000019 2.09471035 -27.14760017 14.80000019 1.98505747 -27.24934387 14.80000019 1.87046945 -27.34549522 14.80000019 1.75123107 -27.4358139 14.80000019 1.62763882 -27.52007866 14.80000019 1.5 -27.59807587 14.80000019 1.36863196 -27.66961479 14.80000019 1.23386133 -27.73451805 14.80000019 1.09602308 -27.79262161 14.80000019 0.95545995 -27.84378242 14.80000019 0.8125214 -27.8878727 14.80000019 0.66756278 -27.92478371 14.80000019 0.52094454 -27.9544239 14.80000019 0.37303111 -27.976717 14.80000019 0.22419028 -27.99161148 14.80000019 0.07479207 -27.99906731 14.80000019 -0.07479207 -27.99906731 14.80000019 -0.22419028 -27.99161148 14.80000019 -0.37303111 -27.976717 14.80000019 -0.52094454 -27.9544239 14.80000019 -0.66756278 -27.92478371 14.80000019 -0.8125214 -27.8878727 14.80000019 -0.95545995 -27.84378242 14.80000019 -1.09602308 -27.79262161 14.80000019 -1.23386133 -27.73451805 14.80000019 -1.36863196 -27.66961479 14.80000019 -1.5 -27.59807587 14.80000019 -1.62763882 -27.52007866 14.80000019 -1.75123107 -27.4358139 14.80000019 -1.87046945 -27.34549522 14.80000019 -1.98505747 -27.24934387 14.80000019 -2.09471035 -27.14760017 14.80000019 -2.19915557 -27.04051781 14.80000019 -2.29813337 -26.92836189 14.80000019 -2.39139748 -26.81141281 14.80000019 -2.47871637 -26.68996048 14.80000019 -2.55987263 -26.56430626 14.80000019 -2.63466477 -26.43476105 14.80000019 -2.70290661 -26.301651 14.80000019 -2.76442862 -26.16530418 14.80000019 -2.81907797 -26.0260601 14.80000019 -2.86671853 -25.8842659 14.80000019 -2.90723181 -25.74027252 14.80000019 -2.94051743 -25.59443855 14.80000019 -2.96649241 -25.44712639 14.80000019 -2.9850924 -25.29870415 14.80000019 -2.99627066 -25.14953804 14.80000019 -38.11000061 4.41672945 9.39999962 -37.88667297 4.53834629 9.39999962 -37.65756607 4.64867973 9.39999962 -37.42324066 4.74745607 9.39999962 -37.1842804 4.83442926 9.39999962 -36.94128799 4.90938377 9.39999962 -36.69485855 4.97213221 9.39999962 -36.44560623 5.02251959 9.39999962 -36.19415283 5.06042004 9.39999962 -35.94112396 5.08573914 9.39999962 -35.68714523 5.0984149 9.39999962 -35.4328537 5.0984149 9.39999962 -35.17887497 5.08573914 9.39999962 -34.9258461 5.06042004 9.39999962 -34.6743927 5.02251959 9.39999962 -34.4251442 4.97213221 9.39999962 -34.17871475 4.90938377 9.39999962 -33.93571854 4.83442926 9.39999962 -33.69676208 4.74745607 9.39999962 -33.46243668 4.64867973 9.39999962 -33.23332596 4.53834629 9.39999962 -33.00999832 4.41672945 9.39999962 -32.79301453 4.284132 9.39999962 -32.58290863 4.14088392 9.39999962 -32.38020325 3.98734045 9.39999962 -32.18540192 3.82388425 9.39999962 -31.99899292 3.65092087 9.39999962 -31.82143593 3.46888089 9.39999962 -31.65317345 3.27821684 9.39999962 -31.49462509 3.07940245 9.39999962 -31.34618187 2.8729322 9.39999962 -31.20821571 2.65931964 9.39999962 -31.08106995 2.43909526 9.39999962 -30.96505928 2.21280718 9.39999962 -30.86047173 1.98101747 9.39999962 -30.76756668 1.74430275 9.39999962 -30.68657875 1.50325143 9.39999962 -30.6177063 1.25846279 9.39999962 -30.56112099 1.01054537 9.39999962 -30.51696205 0.76011556 9.39999962 -30.48534393 0.50779599 9.39999962 -30.46633911 0.25421402 9.39999962 -30.45999908 0 9.39999962 -30.46633911 -0.25421402 9.39999962 -30.48534393 -0.50779599 9.39999962 -30.51696205 -0.76011556 9.39999962 -30.56112099 -1.01054537 9.39999962 -30.6177063 -1.25846279 9.39999962 -30.68657875 -1.50325143 9.39999962 -30.76756668 -1.74430275 9.39999962 -30.86047173 -1.98101747 9.39999962 -30.96505928 -2.21280718 9.39999962 -31.08106995 -2.43909526 9.39999962 -31.20821571 -2.65931964 9.39999962 -31.34618187 -2.8729322 9.39999962 -31.49462509 -3.07940245 9.39999962 -31.65317345 -3.27821684 9.39999962 -31.82143593 -3.46888089 9.39999962 -31.99899292 -3.65092087 9.39999962 -32.18540192 -3.82388425 9.39999962 -32.38020325 -3.98734045 9.39999962 -32.58290863 -4.14088392 9.39999962 -32.79301453 -4.284132 9.39999962 -33.00999832 -4.41672945 9.39999962 -33.23332596 -4.53834629 9.39999962 -33.46243668 -4.64867973 9.39999962 -33.69676208 -4.74745607 9.39999962 -33.93571854 -4.83442926 9.39999962 -34.17871475 -4.90938377 9.39999962 -34.4251442 -4.97213221 9.39999962 -34.6743927 -5.02251959 9.39999962 -34.9258461 -5.06042004 9.39999962 -35.17887497 -5.08573914 9.39999962 -35.4328537 -5.0984149 9.39999962 -35.68714523 -5.0984149 9.39999962 -35.94112396 -5.08573914 9.39999962 -36.19415283 -5.06042004 9.39999962 -36.44560623 -5.02251959 9.39999962 -36.69485855 -4.97213221 9.39999962 -36.94128799 -4.90938377 9.39999962 -37.1842804 -4.83442926 9.39999962 -37.42324066 -4.74745607 9.39999962 -37.65756607 -4.64867973 9.39999962 -37.88667297 -4.53834629 9.39999962 -38.11000061 -4.41672945 9.39999962 -38.32698441 -4.284132 9.39999962 -38.53709412 -4.14088392 9.39999962 -38.7397995 -3.98734045 9.39999962 -38.93459702 -3.82388425 9.39999962 -39.12100601 -3.65092087 9.39999962 -39.29856491 -3.46888089 9.39999962 -39.46682739 -3.27821684 9.39999962 -39.62537766 -3.07940245 9.39999962 -39.77381897 -2.8729322 9.39999962 -39.91178513 -2.65931964 9.39999962 -40.03892899 -2.43909526 9.39999962 -40.15494156 -2.21280718 9.39999962 -40.25952911 -1.98101747 9.39999962 -40.35243225 -1.74430275 9.39999962 -40.43342209 -1.50325143 9.39999962 -40.50229263 -1.25846279 9.39999962 -40.55887985 -1.01054537 9.39999962 -40.60303879 -0.76011556 9.39999962 -40.63465881 -0.50779599 9.39999962 -40.65365982 -0.25421402 9.39999962 -40.65999985 -0 9.39999962 -40.65365982 0.25421402 9.39999962 -40.63465881 0.50779599 9.39999962 -40.60303879 0.76011556 9.39999962 -40.55887985 1.01054537 9.39999962 -40.50229263 1.25846279 9.39999962 -40.43342209 1.50325143 9.39999962 -40.35243225 1.74430275 9.39999962 -40.25952911 1.98101747 9.39999962 -40.15494156 2.21280718 9.39999962 -40.03892899 2.43909526 9.39999962 -39.91178513 2.65931964 9.39999962 -39.77381897 2.8729322 9.39999962 -39.62537766 3.07940245 9.39999962 -39.46682739 3.27821684 9.39999962 -39.29856491 3.46888089 9.39999962 -39.12100601 3.65092087 9.39999962 -38.93459702 3.82388425 9.39999962 -38.7397995 3.98734045 9.39999962 -38.53709412 4.14088392 9.39999962 -38.32698441 4.284132 9.39999962 -38.46723175 0.74027216 9.39999962 -38.42671967 0.88426554 9.39999962 -38.5005188 0.59443843 9.39999962 -38.37907791 1.02606046 9.39999962 -38.52649307 0.44712681 9.39999962 -38.32442856 1.16530442 9.39999962 -38.54509354 0.29870355 9.39999962 -38.26290512 1.30165124 9.39999962 -38.5562706 0.14953765 9.39999962 -38.194664 1.43476188 9.39999962 -38.56000137 0 9.39999962 -38.11987305 1.56430566 9.39999962 -38.5562706 -0.14953765 9.39999962 -38.03871536 1.68996012 9.39999962 -38.54509354 -0.29870355 9.39999962 -37.95139694 1.81141329 9.39999962 -38.52649307 -0.44712681 9.39999962 -37.85813522 1.92836285 9.39999962 -38.5005188 -0.59443843 9.39999962 -37.75915527 2.04051828 9.39999962 -38.46723175 -0.74027216 9.39999962 -37.65470886 2.14760065 9.39999962 -38.42671967 -0.88426554 9.39999962 -37.5450592 2.24934363 9.39999962 -38.37907791 -1.02606046 9.39999962 -37.43046951 2.34549451 9.39999962 -38.32442856 -1.16530442 9.39999962 -37.31122971 2.4358139 9.39999962 -38.26290512 -1.30165124 9.39999962 -37.18763733 2.52007771 9.39999962 -38.194664 -1.43476188 9.39999962 -37.06000137 2.59807611 9.39999962 -38.11987305 -1.56430566 9.39999962 -36.92863083 2.66961551 9.39999962 -38.03871536 -1.68996012 9.39999962 -36.79386139 2.73451757 9.39999962 -37.95139694 -1.81141329 9.39999962 -36.65602493 2.79262114 9.39999962 -37.85813522 -1.92836285 9.39999962 -36.51546097 2.84378195 9.39999962 -37.75915527 -2.04051828 9.39999962 -36.37252045 2.8878727 9.39999962 -37.65470886 -2.14760065 9.39999962 -36.22756195 2.92478371 9.39999962 -37.5450592 -2.24934363 9.39999962 -36.08094406 2.95442319 9.39999962 -37.43046951 -2.34549451 9.39999962 -35.93303299 2.97671771 9.39999962 -37.31122971 -2.4358139 9.39999962 -35.78419113 2.99161148 9.39999962 -37.18763733 -2.52007771 9.39999962 -35.63479233 2.99906754 9.39999962 -37.06000137 -2.59807611 9.39999962 -35.4852066 2.99906754 9.39999962 -36.92863083 -2.66961551 9.39999962 -35.33581161 2.99161148 9.39999962 -36.79386139 -2.73451757 9.39999962 -35.18696976 2.97671771 9.39999962 -36.65602493 -2.79262114 9.39999962 -35.03905487 2.95442319 9.39999962 -36.51546097 -2.84378195 9.39999962 -34.89243698 2.92478371 9.39999962 -36.37252045 -2.8878727 9.39999962 -34.74747849 2.8878727 9.39999962 -36.22756195 -2.92478371 9.39999962 -36.08094406 -2.95442319 9.39999962 -34.60454178 2.84378195 9.39999962 -34.46397781 2.79262114 9.39999962 -35.93303299 -2.97671771 9.39999962 -35.78419113 -2.99161148 9.39999962 -34.32613754 2.73451757 9.39999962 -35.63479233 -2.99906754 9.39999962 -34.1913681 2.66961551 9.39999962 -35.4852066 -2.99906754 9.39999962 -34.06000137 2.59807611 9.39999962 -33.9323616 2.52007771 9.39999962 -35.33581161 -2.99161148 9.39999962 -35.18696976 -2.97671771 9.39999962 -33.80876923 2.4358139 9.39999962 -35.03905487 -2.95442319 9.39999962 -33.68952942 2.34549451 9.39999962 -34.89243698 -2.92478371 9.39999962 -33.57494354 2.24934363 9.39999962 -34.74747849 -2.8878727 9.39999962 -33.46529007 2.14760065 9.39999962 -34.60454178 -2.84378195 9.39999962 -33.36084366 2.04051828 9.39999962 -34.46397781 -2.79262114 9.39999962 -33.26186752 1.92836285 9.39999962 -34.32613754 -2.73451757 9.39999962 -33.16860199 1.81141329 9.39999962 -34.1913681 -2.66961551 9.39999962 -33.08128357 1.68996012 9.39999962 -34.06000137 -2.59807611 9.39999962 -33.00012589 1.56430566 9.39999962 -33.9323616 -2.52007771 9.39999962 -32.92533493 1.43476188 9.39999962 -33.80876923 -2.4358139 9.39999962 -32.85709381 1.30165124 9.39999962 -33.68952942 -2.34549451 9.39999962 -32.79557037 1.16530442 9.39999962 -33.57494354 -2.24934363 9.39999962 -32.74092102 1.02606046 9.39999962 -33.46529007 -2.14760065 9.39999962 -32.69328308 0.88426554 9.39999962 -33.36084366 -2.04051828 9.39999962 -32.65276718 0.74027216 9.39999962 -33.26186752 -1.92836285 9.39999962 -32.61948395 0.59443843 9.39999962 -33.16860199 -1.81141329 9.39999962 -32.59350586 0.44712681 9.39999962 -32.57490921 0.29870355 9.39999962 -33.08128357 -1.68996012 9.39999962 -32.56372833 0.14953765 9.39999962 -33.00012589 -1.56430566 9.39999962 -32.92533493 -1.43476188 9.39999962 -32.56000137 0 9.39999962 -32.56372833 -0.14953765 9.39999962 -32.85709381 -1.30165124 9.39999962 -32.79557037 -1.16530442 9.39999962 -32.57490921 -0.29870355 9.39999962 -32.59350586 -0.44712681 9.39999962 -32.74092102 -1.02606046 9.39999962 -32.61948395 -0.59443843 9.39999962 -32.69328308 -0.88426554 9.39999962 -32.65276718 -0.74027216 9.39999962 -15.22999954 35.21259308 9.39999962 -15.01301384 35.0799942 9.39999962 -14.80290699 34.9367485 9.39999962 -14.60020161 34.78320312 9.39999962 -14.40540218 34.61974716 9.39999962 -14.21899223 34.44678497 9.39999962 -14.04143524 34.2647438 9.39999962 -13.87317371 34.07408142 9.39999962 -13.7146244 33.87526703 9.39999962 -13.56618214 33.66879654 9.39999962 -13.42821693 33.45518112 9.39999962 -13.30107021 33.23495865 9.39999962 -13.18505859 33.00867081 9.39999962 -13.08047104 32.77688217 9.39999962 -12.9875679 32.54016495 9.39999962 -12.90657902 32.29911423 9.39999962 -12.83770561 32.0543251 9.39999962 -12.7811203 31.80640793 9.39999962 -12.73696232 31.55597878 9.39999962 -12.70534325 31.30365944 9.39999962 -12.68633938 31.05007744 9.39999962 -12.68000031 30.79586411 9.39999962 -12.68633938 30.54164886 9.39999962 -12.70534325 30.28806686 9.39999962 -12.73696232 30.03574753 9.39999962 -12.7811203 29.78531837 9.39999962 -12.83770561 29.5374012 9.39999962 -12.90657902 29.29261208 9.39999962 -12.9875679 29.05156136 9.39999962 -13.08047104 28.81484604 9.39999962 -13.18505859 28.5830555 9.39999962 -13.30107021 28.35676765 9.39999962 -13.42821693 28.13654327 9.39999962 -13.56618214 27.92293167 9.39999962 -13.7146244 27.71646118 9.39999962 -13.87317371 27.51764679 9.39999962 -14.04143524 27.3269825 9.39999962 -14.21899223 27.14494324 9.39999962 -14.40540218 26.97197914 9.39999962 -14.60020161 26.80852318 9.39999962 -14.80290699 26.65497971 9.39999962 -15.01301384 26.5117321 9.39999962 -15.22999954 26.37913322 9.39999962 -15.45332527 26.25751686 9.39999962 -15.68243599 26.14718437 9.39999962 -15.91676044 26.0484066 9.39999962 -16.15571785 25.96143341 9.39999962 -16.39871407 25.88648033 9.39999962 -16.64514351 25.82373047 9.39999962 -16.89439392 25.77334404 9.39999962 -17.14584732 25.73544312 9.39999962 -17.39887619 25.71012306 9.39999962 -17.65285301 25.69744873 9.39999962 -17.90714645 25.69744873 9.39999962 -18.16112328 25.71012306 9.39999962 -18.41415215 25.73544312 9.39999962 -18.66560555 25.77334404 9.39999962 -18.91485596 25.82373047 9.39999962 -19.16128731 25.88648033 9.39999962 -19.40428162 25.96143341 9.39999962 -19.64323997 26.0484066 9.39999962 -19.87756348 26.14718437 9.39999962 -20.10667419 26.25751686 9.39999962 -20.32999992 26.37913322 9.39999962 -20.54698563 26.5117321 9.39999962 -20.75709343 26.65497971 9.39999962 -20.95979881 26.80852318 9.39999962 -21.15459824 26.97197914 9.39999962 -21.34100723 27.14494324 9.39999962 -21.51856422 27.3269825 9.39999962 -21.68682671 27.51764679 9.39999962 -21.84537506 27.71646118 9.39999962 -21.99381828 27.92293167 9.39999962 -22.13178444 28.13654327 9.39999962 -22.25893021 28.35676765 9.39999962 -22.37494087 28.5830555 9.39999962 -22.47952843 28.81484604 9.39999962 -22.57243156 29.05156136 9.39999962 -22.6534214 29.29261208 9.39999962 -22.72229385 29.5374012 9.39999962 -22.77887917 29.78531837 9.39999962 -22.8230381 30.03574753 9.39999962 -22.85465622 30.28806686 9.39999962 -22.87366104 30.54164886 9.39999962 -22.87999916 30.79586411 9.39999962 -22.87366104 31.05007744 9.39999962 -22.85465622 31.30365944 9.39999962 -22.8230381 31.55597878 9.39999962 -22.77887917 31.80640793 9.39999962 -22.72229385 32.0543251 9.39999962 -22.6534214 32.29911423 9.39999962 -22.57243156 32.54016495 9.39999962 -22.47952843 32.77688217 9.39999962 -22.37494087 33.00867081 9.39999962 -22.25893021 33.23495865 9.39999962 -22.13178444 33.45518112 9.39999962 -21.99381828 33.66879654 9.39999962 -21.84537506 33.87526703 9.39999962 -21.68682671 34.07408142 9.39999962 -21.51856422 34.2647438 9.39999962 -21.34100723 34.44678497 9.39999962 -21.15459824 34.61974716 9.39999962 -20.95979881 34.78320312 9.39999962 -20.75709343 34.9367485 9.39999962 -20.54698563 35.0799942 9.39999962 -20.32999992 35.21259308 9.39999962 -20.10667419 35.33420944 9.39999962 -19.87756348 35.44454193 9.39999962 -19.64323997 35.5433197 9.39999962 -19.40428162 35.63029099 9.39999962 -19.16128731 35.70524597 9.39999962 -18.91485596 35.76799393 9.39999962 -18.66560555 35.81838226 9.39999962 -18.41415215 35.8562851 9.39999962 -18.16112328 35.88160324 9.39999962 -17.90714645 35.89427948 9.39999962 -17.65285301 35.89427948 9.39999962 -17.39887619 35.88160324 9.39999962 -17.14584732 35.8562851 9.39999962 -16.89439392 35.81838226 9.39999962 -16.64514351 35.76799393 9.39999962 -16.39871407 35.70524597 9.39999962 -16.15571785 35.63029099 9.39999962 -15.91676044 35.5433197 9.39999962 -15.68243599 35.44454193 9.39999962 -15.45332527 35.33420944 9.39999962 -18.59252167 33.68373489 9.39999962 -18.44756317 33.7206459 9.39999962 -18.73546028 33.63964462 9.39999962 -18.30094528 33.7502861 9.39999962 -18.87602234 33.58848572 9.39999962 -18.1530304 33.77257919 9.39999962 -19.0138607 33.53038025 9.39999962 -18.00419044 33.78747559 9.39999962 -19.14863205 33.46547699 9.39999962 -17.85479164 33.7949295 9.39999962 -19.28000069 33.39393997 9.39999962 -17.70520782 33.7949295 9.39999962 -19.40763855 33.31594086 9.39999962 -17.55580902 33.78747559 9.39999962 -19.53123093 33.23167801 9.39999962 -17.40696907 33.77257919 9.39999962 -19.65046883 33.14135742 9.39999962 -17.25905609 33.7502861 9.39999962 -19.76505661 33.04520798 9.39999962 -17.11243629 33.7206459 9.39999962 -19.87471008 32.94346237 9.39999962 -16.9674778 33.68373489 9.39999962 -19.97915649 32.83638 9.39999962 -16.82453918 33.63964462 9.39999962 -20.07813263 32.72422791 9.39999962 -16.68397713 33.58848572 9.39999962 -20.17139816 32.60727692 9.39999962 -16.54613876 33.53038025 9.39999962 -20.25871658 32.48582458 9.39999962 -16.41136742 33.46547699 9.39999962 -20.33987236 32.36016846 9.39999962 -16.28000069 33.39393997 9.39999962 -20.41466522 32.23062515 9.39999962 -16.15236092 33.31594086 9.39999962 -20.48290634 32.09751511 9.39999962 -16.02876854 33.23167801 9.39999962 -20.54442787 31.96116829 9.39999962 -15.90953064 33.14135742 9.39999962 -20.59907722 31.82192421 9.39999962 -15.79494286 33.04520798 9.39999962 -20.64671898 31.6801281 9.39999962 -15.68528938 32.94346237 9.39999962 -20.68723106 31.53613472 9.39999962 -15.58084393 32.83638 9.39999962 -20.72051811 31.39030266 9.39999962 -15.48186684 32.72422791 9.39999962 -20.74649239 31.24299049 9.39999962 -15.38860226 32.60727692 9.39999962 -20.76509285 31.09456635 9.39999962 -15.30128384 32.48582458 9.39999962 -20.77626991 30.94540024 9.39999962 -15.22012711 32.36016846 9.39999962 -20.78000069 30.79586411 9.39999962 -15.1453352 32.23062515 9.39999962 -20.77626991 30.64632607 9.39999962 -15.07709312 32.09751511 9.39999962 -20.76509285 30.49715996 9.39999962 -15.01557159 31.96116829 9.39999962 -20.74649239 30.34873581 9.39999962 -14.96092224 31.82192421 9.39999962 -20.72051811 30.20142555 9.39999962 -14.91328144 31.6801281 9.39999962 -20.68723106 30.05559158 9.39999962 -14.8727684 31.53613472 9.39999962 -14.83948231 31.39030266 9.39999962 -20.64671898 29.91159821 9.39999962 -14.81350708 31.24299049 9.39999962 -20.59907722 29.76980209 9.39999962 -14.79490757 31.09456635 9.39999962 -20.54442787 29.63055992 9.39999962 -14.78372955 30.94540024 9.39999962 -20.48290634 29.4942112 9.39999962 -14.77999973 30.79586411 9.39999962 -20.41466522 29.36110115 9.39999962 -14.78372955 30.64632607 9.39999962 -20.33987236 29.23155785 9.39999962 -14.79490757 30.49715996 9.39999962 -20.25871658 29.10590363 9.39999962 -14.81350708 30.34873581 9.39999962 -20.17139816 28.98444939 9.39999962 -14.83948231 30.20142555 9.39999962 -20.07813263 28.86750031 9.39999962 -14.8727684 30.05559158 9.39999962 -19.97915649 28.75534439 9.39999962 -14.91328144 29.91159821 9.39999962 -19.87471008 28.64826202 9.39999962 -14.96092224 29.76980209 9.39999962 -19.76505661 28.54652023 9.39999962 -15.01557159 29.63055992 9.39999962 -19.65046883 28.45036888 9.39999962 -15.07709312 29.4942112 9.39999962 -19.53123093 28.3600502 9.39999962 -15.1453352 29.36110115 9.39999962 -19.40763855 28.27578545 9.39999962 -15.22012711 29.23155785 9.39999962 -19.28000069 28.19778633 9.39999962 -15.30128384 29.10590363 9.39999962 -19.14863205 28.12624741 9.39999962 -15.38860226 28.98444939 9.39999962 -19.0138607 28.06134605 9.39999962 -15.48186684 28.86750031 9.39999962 -18.87602234 28.00324249 9.39999962 -15.58084393 28.75534439 9.39999962 -18.73546028 27.95208168 9.39999962 -15.68528938 28.64826202 9.39999962 -18.59252167 27.90799141 9.39999962 -15.79494286 28.54652023 9.39999962 -18.44756317 27.8710804 9.39999962 -15.90953064 28.45036888 9.39999962 -18.30094528 27.8414402 9.39999962 -16.02876854 28.3600502 9.39999962 -18.1530304 27.8191452 9.39999962 -16.15236092 28.27578545 9.39999962 -18.00419044 27.80425262 9.39999962 -16.28000069 28.19778633 9.39999962 -17.85479164 27.79679489 9.39999962 -16.41136742 28.12624741 9.39999962 -17.70520782 27.79679489 9.39999962 -16.54613876 28.06134605 9.39999962 -17.55580902 27.80425262 9.39999962 -16.68397713 28.00324249 9.39999962 -17.40696907 27.8191452 9.39999962 -16.82453918 27.95208168 9.39999962 -17.25905609 27.8414402 9.39999962 -16.9674778 27.90799141 9.39999962 -17.11243629 27.8710804 9.39999962 22.87999916 30.79586411 9.39999962 22.87366104 30.54164886 9.39999962 22.85465622 30.28806686 9.39999962 22.8230381 30.03574753 9.39999962 22.77887917 29.78531837 9.39999962 22.72229385 29.5374012 9.39999962 22.6534214 29.29261208 9.39999962 22.57243156 29.05156136 9.39999962 22.47952843 28.81484604 9.39999962 22.37494087 28.5830555 9.39999962 22.25893021 28.35676765 9.39999962 22.13178444 28.13654327 9.39999962 21.99381828 27.92293167 9.39999962 21.84537506 27.71646118 9.39999962 21.68682671 27.51764679 9.39999962 21.51856422 27.3269825 9.39999962 21.34100723 27.14494324 9.39999962 21.15459824 26.97197914 9.39999962 20.95979881 26.80852318 9.39999962 20.75709343 26.65497971 9.39999962 20.54698563 26.5117321 9.39999962 20.32999992 26.37913322 9.39999962 20.10667419 26.25751686 9.39999962 19.87756348 26.14718437 9.39999962 19.64323997 26.0484066 9.39999962 19.40428162 25.96143341 9.39999962 19.16128731 25.88648033 9.39999962 18.91485596 25.82373047 9.39999962 18.66560555 25.77334404 9.39999962 18.41415215 25.73544312 9.39999962 18.16112328 25.71012306 9.39999962 17.90714645 25.69744873 9.39999962 17.65285301 25.69744873 9.39999962 17.39887619 25.71012306 9.39999962 17.14584732 25.73544312 9.39999962 16.89439392 25.77334404 9.39999962 16.64514351 25.82373047 9.39999962 16.39871407 25.88648033 9.39999962 16.15571785 25.96143341 9.39999962 15.91676044 26.0484066 9.39999962 15.68243599 26.14718437 9.39999962 15.45332527 26.25751686 9.39999962 15.22999954 26.37913322 9.39999962 15.01301384 26.5117321 9.39999962 14.80290699 26.65497971 9.39999962 14.60020161 26.80852318 9.39999962 14.40540218 26.97197914 9.39999962 14.21899223 27.14494324 9.39999962 14.04143524 27.3269825 9.39999962 13.87317371 27.51764679 9.39999962 13.7146244 27.71646118 9.39999962 13.56618214 27.92293167 9.39999962 13.42821693 28.13654327 9.39999962 13.30107021 28.35676765 9.39999962 13.18505859 28.5830555 9.39999962 13.08047104 28.81484604 9.39999962 12.9875679 29.05156136 9.39999962 12.90657902 29.29261208 9.39999962 12.83770561 29.5374012 9.39999962 12.7811203 29.78531837 9.39999962 12.73696232 30.03574753 9.39999962 12.70534325 30.28806686 9.39999962 12.68633938 30.54164886 9.39999962 12.68000031 30.79586411 9.39999962 12.68633938 31.05007744 9.39999962 12.70534325 31.30365944 9.39999962 12.73696232 31.55597878 9.39999962 12.7811203 31.80640793 9.39999962 12.83770561 32.0543251 9.39999962 12.90657902 32.29911423 9.39999962 12.9875679 32.54016495 9.39999962 13.08047104 32.77688217 9.39999962 13.18505859 33.00867081 9.39999962 13.30107021 33.23495865 9.39999962 13.42821693 33.45518112 9.39999962 13.56618214 33.66879654 9.39999962 13.7146244 33.87526703 9.39999962 13.87317371 34.07408142 9.39999962 14.04143524 34.2647438 9.39999962 14.21899223 34.44678497 9.39999962 14.40540218 34.61974716 9.39999962 14.60020161 34.78320312 9.39999962 14.80290699 34.9367485 9.39999962 15.01301384 35.0799942 9.39999962 15.22999954 35.21259308 9.39999962 15.45332527 35.33420944 9.39999962 15.68243599 35.44454193 9.39999962 15.91676044 35.5433197 9.39999962 16.15571785 35.63029099 9.39999962 16.39871407 35.70524597 9.39999962 16.64514351 35.76799393 9.39999962 16.89439392 35.81838226 9.39999962 17.14584732 35.8562851 9.39999962 17.39887619 35.88160324 9.39999962 17.65285301 35.89427948 9.39999962 17.90714645 35.89427948 9.39999962 18.16112328 35.88160324 9.39999962 18.41415215 35.8562851 9.39999962 18.66560555 35.81838226 9.39999962 18.91485596 35.76799393 9.39999962 19.16128731 35.70524597 9.39999962 19.40428162 35.63029099 9.39999962 19.64323997 35.5433197 9.39999962 19.87756348 35.44454193 9.39999962 20.10667419 35.33420944 9.39999962 20.32999992 35.21259308 9.39999962 20.54698563 35.0799942 9.39999962 20.75709343 34.9367485 9.39999962 20.95979881 34.78320312 9.39999962 21.15459824 34.61974716 9.39999962 21.34100723 34.44678497 9.39999962 21.51856422 34.2647438 9.39999962 21.68682671 34.07408142 9.39999962 21.84537506 33.87526703 9.39999962 21.99381828 33.66879654 9.39999962 22.13178444 33.45518112 9.39999962 22.25893021 33.23495865 9.39999962 22.37494087 33.00867081 9.39999962 22.47952843 32.77688217 9.39999962 22.57243156 32.54016495 9.39999962 22.6534214 32.29911423 9.39999962 22.72229385 32.0543251 9.39999962 22.77887917 31.80640793 9.39999962 22.8230381 31.55597878 9.39999962 22.85465622 31.30365944 9.39999962 22.87366104 31.05007744 9.39999962 19.87471008 32.94346237 9.39999962 19.97915649 32.83638 9.39999962 19.76505661 33.04520798 9.39999962 20.07813263 32.72422791 9.39999962 19.65046883 33.14135742 9.39999962 20.17139816 32.60727692 9.39999962 19.53123093 33.23167801 9.39999962 20.25871658 32.48582458 9.39999962 19.40763855 33.31594086 9.39999962 20.33987236 32.36016846 9.39999962 19.28000069 33.39393997 9.39999962 20.41466522 32.23062515 9.39999962 19.14863205 33.46547699 9.39999962 20.48290634 32.09751511 9.39999962 19.0138607 33.53038025 9.39999962 20.54442787 31.96116829 9.39999962 18.87602234 33.58848572 9.39999962 20.59907722 31.82192421 9.39999962 18.73546028 33.63964462 9.39999962 20.64671898 31.6801281 9.39999962 18.59252167 33.68373489 9.39999962 20.68723106 31.53613472 9.39999962 18.44756317 33.7206459 9.39999962 20.72051811 31.39030266 9.39999962 18.30094528 33.7502861 9.39999962 20.74649239 31.24299049 9.39999962 18.1530304 33.77257919 9.39999962 20.76509285 31.09456635 9.39999962 18.00419044 33.78747559 9.39999962 20.77626991 30.94540024 9.39999962 17.85479164 33.7949295 9.39999962 20.78000069 30.79586411 9.39999962 17.70520782 33.7949295 9.39999962 20.77626991 30.64632607 9.39999962 17.55580902 33.78747559 9.39999962 20.76509285 30.49715996 9.39999962 17.40696907 33.77257919 9.39999962 20.74649239 30.34873581 9.39999962 17.25905609 33.7502861 9.39999962 20.72051811 30.20142555 9.39999962 17.11243629 33.7206459 9.39999962 20.68723106 30.05559158 9.39999962 16.9674778 33.68373489 9.39999962 20.64671898 29.91159821 9.39999962 16.82453918 33.63964462 9.39999962 20.59907722 29.76980209 9.39999962 16.68397713 33.58848572 9.39999962 20.54442787 29.63055992 9.39999962 16.54613876 33.53038025 9.39999962 20.48290634 29.4942112 9.39999962 16.41136742 33.46547699 9.39999962 20.41466522 29.36110115 9.39999962 16.28000069 33.39393997 9.39999962 20.33987236 29.23155785 9.39999962 16.15236092 33.31594086 9.39999962 20.25871658 29.10590363 9.39999962 16.02876854 33.23167801 9.39999962 20.17139816 28.98444939 9.39999962 15.90953064 33.14135742 9.39999962 20.07813263 28.86750031 9.39999962 15.79494286 33.04520798 9.39999962 19.97915649 28.75534439 9.39999962 15.68528938 32.94346237 9.39999962 19.87471008 28.64826202 9.39999962 15.58084393 32.83638 9.39999962 15.48186684 32.72422791 9.39999962 19.76505661 28.54652023 9.39999962 15.38860226 32.60727692 9.39999962 19.65046883 28.45036888 9.39999962 15.30128384 32.48582458 9.39999962 19.53123093 28.3600502 9.39999962 15.22012711 32.36016846 9.39999962 19.40763855 28.27578545 9.39999962 15.1453352 32.23062515 9.39999962 19.28000069 28.19778633 9.39999962 15.07709312 32.09751511 9.39999962 19.14863205 28.12624741 9.39999962 15.01557159 31.96116829 9.39999962 19.0138607 28.06134605 9.39999962 14.96092224 31.82192421 9.39999962 18.87602234 28.00324249 9.39999962 14.91328144 31.6801281 9.39999962 18.73546028 27.95208168 9.39999962 14.8727684 31.53613472 9.39999962 18.59252167 27.90799141 9.39999962 14.83948231 31.39030266 9.39999962 18.44756317 27.8710804 9.39999962 14.81350708 31.24299049 9.39999962 18.30094528 27.8414402 9.39999962 14.79490757 31.09456635 9.39999962 18.1530304 27.8191452 9.39999962 14.78372955 30.94540024 9.39999962 18.00419044 27.80425262 9.39999962 14.77999973 30.79586411 9.39999962 17.85479164 27.79679489 9.39999962 14.78372955 30.64632607 9.39999962 17.70520782 27.79679489 9.39999962 14.79490757 30.49715996 9.39999962 17.55580902 27.80425262 9.39999962 14.81350708 30.34873581 9.39999962 17.40696907 27.8191452 9.39999962 14.83948231 30.20142555 9.39999962 17.25905609 27.8414402 9.39999962 14.8727684 30.05559158 9.39999962 17.11243629 27.8710804 9.39999962 14.91328144 29.91159821 9.39999962 16.9674778 27.90799141 9.39999962 14.96092224 29.76980209 9.39999962 16.82453918 27.95208168 9.39999962 15.01557159 29.63055992 9.39999962 16.68397713 28.00324249 9.39999962 15.07709312 29.4942112 9.39999962 16.54613876 28.06134605 9.39999962 15.1453352 29.36110115 9.39999962 16.41136742 28.12624741 9.39999962 15.22012711 29.23155785 9.39999962 16.28000069 28.19778633 9.39999962 15.30128384 29.10590363 9.39999962 16.15236092 28.27578545 9.39999962 15.38860226 28.98444939 9.39999962 16.02876854 28.3600502 9.39999962 15.48186684 28.86750031 9.39999962 15.90953064 28.45036888 9.39999962 15.58084393 28.75534439 9.39999962 15.79494286 28.54652023 9.39999962 15.68528938 28.64826202 9.39999962 38.11000061 -4.41672945 9.39999962 37.88667297 -4.53834629 9.39999962 37.65756607 -4.64867973 9.39999962 37.42324066 -4.74745607 9.39999962 37.1842804 -4.83442926 9.39999962 36.94128799 -4.90938377 9.39999962 36.69485855 -4.97213221 9.39999962 36.44560623 -5.02251959 9.39999962 36.19415283 -5.06042004 9.39999962 35.94112396 -5.08573914 9.39999962 35.68714523 -5.0984149 9.39999962 35.4328537 -5.0984149 9.39999962 35.17887497 -5.08573914 9.39999962 34.9258461 -5.06042004 9.39999962 34.6743927 -5.02251959 9.39999962 34.4251442 -4.97213221 9.39999962 34.17871475 -4.90938377 9.39999962 33.93571854 -4.83442926 9.39999962 33.69676208 -4.74745607 9.39999962 33.46243668 -4.64867973 9.39999962 33.23332596 -4.53834629 9.39999962 33.00999832 -4.41672945 9.39999962 32.79301453 -4.284132 9.39999962 32.58290863 -4.14088392 9.39999962 32.38020325 -3.98734045 9.39999962 32.18540192 -3.82388425 9.39999962 31.99899292 -3.65092087 9.39999962 31.82143593 -3.46888089 9.39999962 31.65317345 -3.27821684 9.39999962 31.49462509 -3.07940245 9.39999962 31.34618187 -2.8729322 9.39999962 31.20821571 -2.65931964 9.39999962 31.08106995 -2.43909526 9.39999962 30.96505928 -2.21280718 9.39999962 30.86047173 -1.98101747 9.39999962 30.76756668 -1.74430275 9.39999962 30.68657875 -1.50325143 9.39999962 30.6177063 -1.25846279 9.39999962 30.56112099 -1.01054537 9.39999962 30.51696205 -0.76011556 9.39999962 30.48534393 -0.50779599 9.39999962 30.46633911 -0.25421402 9.39999962 30.45999908 -0 9.39999962 30.46633911 0.25421402 9.39999962 30.48534393 0.50779599 9.39999962 30.51696205 0.76011556 9.39999962 30.56112099 1.01054537 9.39999962 30.6177063 1.25846279 9.39999962 30.68657875 1.50325143 9.39999962 30.76756668 1.74430275 9.39999962 30.86047173 1.98101747 9.39999962 30.96505928 2.21280718 9.39999962 31.08106995 2.43909526 9.39999962 31.20821571 2.65931964 9.39999962 31.34618187 2.8729322 9.39999962 31.49462509 3.07940245 9.39999962 31.65317345 3.27821684 9.39999962 31.82143593 3.46888089 9.39999962 31.99899292 3.65092087 9.39999962 32.18540192 3.82388425 9.39999962 32.38020325 3.98734045 9.39999962 32.58290863 4.14088392 9.39999962 32.79301453 4.284132 9.39999962 33.00999832 4.41672945 9.39999962 33.23332596 4.53834629 9.39999962 33.46243668 4.64867973 9.39999962 33.69676208 4.74745607 9.39999962 33.93571854 4.83442926 9.39999962 34.17871475 4.90938377 9.39999962 34.4251442 4.97213221 9.39999962 34.6743927 5.02251959 9.39999962 34.9258461 5.06042004 9.39999962 35.17887497 5.08573914 9.39999962 35.4328537 5.0984149 9.39999962 35.68714523 5.0984149 9.39999962 35.94112396 5.08573914 9.39999962 36.19415283 5.06042004 9.39999962 36.44560623 5.02251959 9.39999962 36.69485855 4.97213221 9.39999962 36.94128799 4.90938377 9.39999962 37.1842804 4.83442926 9.39999962 37.42324066 4.74745607 9.39999962 37.65756607 4.64867973 9.39999962 37.88667297 4.53834629 9.39999962 38.11000061 4.41672945 9.39999962 38.32698441 4.284132 9.39999962 38.53709412 4.14088392 9.39999962 38.7397995 3.98734045 9.39999962 38.93459702 3.82388425 9.39999962 39.12100601 3.65092087 9.39999962 39.29856491 3.46888089 9.39999962 39.46682739 3.27821684 9.39999962 39.62537766 3.07940245 9.39999962 39.77381897 2.8729322 9.39999962 39.91178513 2.65931964 9.39999962 40.03892899 2.43909526 9.39999962 40.15494156 2.21280718 9.39999962 40.25952911 1.98101747 9.39999962 40.35243225 1.74430275 9.39999962 40.43342209 1.50325143 9.39999962 40.50229263 1.25846279 9.39999962 40.55887985 1.01054537 9.39999962 40.60303879 0.76011556 9.39999962 40.63465881 0.50779599 9.39999962 40.65365982 0.25421402 9.39999962 40.65999985 0 9.39999962 40.65365982 -0.25421402 9.39999962 40.63465881 -0.50779599 9.39999962 40.60303879 -0.76011556 9.39999962 40.55887985 -1.01054537 9.39999962 40.50229263 -1.25846279 9.39999962 40.43342209 -1.50325143 9.39999962 40.35243225 -1.74430275 9.39999962 40.25952911 -1.98101747 9.39999962 40.15494156 -2.21280718 9.39999962 40.03892899 -2.43909526 9.39999962 39.91178513 -2.65931964 9.39999962 39.77381897 -2.8729322 9.39999962 39.62537766 -3.07940245 9.39999962 39.46682739 -3.27821684 9.39999962 39.29856491 -3.46888089 9.39999962 39.12100601 -3.65092087 9.39999962 38.93459702 -3.82388425 9.39999962 38.7397995 -3.98734045 9.39999962 38.53709412 -4.14088392 9.39999962 38.32698441 -4.284132 9.39999962 38.46723175 -0.74027216 9.39999962 38.42671967 -0.88426554 9.39999962 38.5005188 -0.59443843 9.39999962 38.37907791 -1.02606046 9.39999962 38.52649307 -0.44712681 9.39999962 38.32442856 -1.16530442 9.39999962 38.54509354 -0.29870355 9.39999962 38.26290512 -1.30165124 9.39999962 38.5562706 -0.14953765 9.39999962 38.194664 -1.43476188 9.39999962 38.56000137 0 9.39999962 38.11987305 -1.56430566 9.39999962 38.5562706 0.14953765 9.39999962 38.03871536 -1.68996012 9.39999962 38.54509354 0.29870355 9.39999962 37.95139694 -1.81141329 9.39999962 38.52649307 0.44712681 9.39999962 37.85813522 -1.92836285 9.39999962 38.5005188 0.59443843 9.39999962 37.75915527 -2.04051828 9.39999962 38.46723175 0.74027216 9.39999962 37.65470886 -2.14760065 9.39999962 38.42671967 0.88426554 9.39999962 37.5450592 -2.24934363 9.39999962 38.37907791 1.02606046 9.39999962 37.43046951 -2.34549451 9.39999962 38.32442856 1.16530442 9.39999962 37.31122971 -2.4358139 9.39999962 38.26290512 1.30165124 9.39999962 37.18763733 -2.52007771 9.39999962 38.194664 1.43476188 9.39999962 37.06000137 -2.59807611 9.39999962 38.11987305 1.56430566 9.39999962 36.92863083 -2.66961551 9.39999962 38.03871536 1.68996012 9.39999962 36.79386139 -2.73451757 9.39999962 37.95139694 1.81141329 9.39999962 36.65602493 -2.79262114 9.39999962 37.85813522 1.92836285 9.39999962 36.51546097 -2.84378195 9.39999962 37.75915527 2.04051828 9.39999962 36.37252045 -2.8878727 9.39999962 37.65470886 2.14760065 9.39999962 36.22756195 -2.92478371 9.39999962 37.5450592 2.24934363 9.39999962 36.08094406 -2.95442319 9.39999962 37.43046951 2.34549451 9.39999962 35.93303299 -2.97671771 9.39999962 37.31122971 2.4358139 9.39999962 35.78419113 -2.99161148 9.39999962 37.18763733 2.52007771 9.39999962 35.63479233 -2.99906754 9.39999962 37.06000137 2.59807611 9.39999962 35.4852066 -2.99906754 9.39999962 36.92863083 2.66961551 9.39999962 35.33581161 -2.99161148 9.39999962 36.79386139 2.73451757 9.39999962 35.18696976 -2.97671771 9.39999962 36.65602493 2.79262114 9.39999962 35.03905487 -2.95442319 9.39999962 36.51546097 2.84378195 9.39999962 34.89243698 -2.92478371 9.39999962 36.37252045 2.8878727 9.39999962 34.74747849 -2.8878727 9.39999962 36.22756195 2.92478371 9.39999962 36.08094406 2.95442319 9.39999962 34.60454178 -2.84378195 9.39999962 34.46397781 -2.79262114 9.39999962 35.93303299 2.97671771 9.39999962 35.78419113 2.99161148 9.39999962 34.32613754 -2.73451757 9.39999962 35.63479233 2.99906754 9.39999962 34.1913681 -2.66961551 9.39999962 35.4852066 2.99906754 9.39999962 34.06000137 -2.59807611 9.39999962 33.9323616 -2.52007771 9.39999962 35.33581161 2.99161148 9.39999962 35.18696976 2.97671771 9.39999962 33.80876923 -2.4358139 9.39999962 35.03905487 2.95442319 9.39999962 33.68952942 -2.34549451 9.39999962 34.89243698 2.92478371 9.39999962 33.57494354 -2.24934363 9.39999962 34.74747849 2.8878727 9.39999962 33.46529007 -2.14760065 9.39999962 34.60454178 2.84378195 9.39999962 33.36084366 -2.04051828 9.39999962 34.46397781 2.79262114 9.39999962 33.26186752 -1.92836285 9.39999962 34.32613754 2.73451757 9.39999962 33.16860199 -1.81141329 9.39999962 34.1913681 2.66961551 9.39999962 33.08128357 -1.68996012 9.39999962 34.06000137 2.59807611 9.39999962 33.00012589 -1.56430566 9.39999962 33.9323616 2.52007771 9.39999962 32.92533493 -1.43476188 9.39999962 33.80876923 2.4358139 9.39999962 32.85709381 -1.30165124 9.39999962 33.68952942 2.34549451 9.39999962 32.79557037 -1.16530442 9.39999962 33.57494354 2.24934363 9.39999962 32.74092102 -1.02606046 9.39999962 33.46529007 2.14760065 9.39999962 32.69328308 -0.88426554 9.39999962 33.36084366 2.04051828 9.39999962 32.65276718 -0.74027216 9.39999962 33.26186752 1.92836285 9.39999962 32.61948395 -0.59443843 9.39999962 33.16860199 1.81141329 9.39999962 32.59350586 -0.44712681 9.39999962 32.57490921 -0.29870355 9.39999962 33.08128357 1.68996012 9.39999962 32.56372833 -0.14953765 9.39999962 33.00012589 1.56430566 9.39999962 32.92533493 1.43476188 9.39999962 32.56000137 -0 9.39999962 32.56372833 0.14953765 9.39999962 32.85709381 1.30165124 9.39999962 32.79557037 1.16530442 9.39999962 32.57490921 0.29870355 9.39999962 32.59350586 0.44712681 9.39999962 32.74092102 1.02606046 9.39999962 32.61948395 0.59443843 9.39999962 32.69328308 0.88426554 9.39999962 32.65276718 0.74027216 9.39999962 15.22999954 -35.21259308 9.39999962 15.01301384 -35.0799942 9.39999962 14.80290699 -34.9367485 9.39999962 14.60020161 -34.78320312 9.39999962 14.40540218 -34.61974716 9.39999962 14.21899223 -34.44678497 9.39999962 14.04143524 -34.2647438 9.39999962 13.87317371 -34.07408142 9.39999962 13.7146244 -33.87526703 9.39999962 13.56618214 -33.66879654 9.39999962 13.42821693 -33.45518112 9.39999962 13.30107021 -33.23495865 9.39999962 13.18505859 -33.00867081 9.39999962 13.08047104 -32.77688217 9.39999962 12.9875679 -32.54016495 9.39999962 12.90657902 -32.29911423 9.39999962 12.83770561 -32.0543251 9.39999962 12.7811203 -31.80640793 9.39999962 12.73696232 -31.55597878 9.39999962 12.70534325 -31.30365944 9.39999962 12.68633938 -31.05007744 9.39999962 12.68000031 -30.79586411 9.39999962 12.68633938 -30.54164886 9.39999962 12.70534325 -30.28806686 9.39999962 12.73696232 -30.03574753 9.39999962 12.7811203 -29.78531837 9.39999962 12.83770561 -29.5374012 9.39999962 12.90657902 -29.29261208 9.39999962 12.9875679 -29.05156136 9.39999962 13.08047104 -28.81484604 9.39999962 13.18505859 -28.5830555 9.39999962 13.30107021 -28.35676765 9.39999962 13.42821693 -28.13654327 9.39999962 13.56618214 -27.92293167 9.39999962 13.7146244 -27.71646118 9.39999962 13.87317371 -27.51764679 9.39999962 14.04143524 -27.3269825 9.39999962 14.21899223 -27.14494324 9.39999962 14.40540218 -26.97197914 9.39999962 14.60020161 -26.80852318 9.39999962 14.80290699 -26.65497971 9.39999962 15.01301384 -26.5117321 9.39999962 15.22999954 -26.37913322 9.39999962 15.45332527 -26.25751686 9.39999962 15.68243599 -26.14718437 9.39999962 15.91676044 -26.0484066 9.39999962 16.15571785 -25.96143341 9.39999962 16.39871407 -25.88648033 9.39999962 16.64514351 -25.82373047 9.39999962 16.89439392 -25.77334404 9.39999962 17.14584732 -25.73544312 9.39999962 17.39887619 -25.71012306 9.39999962 17.65285301 -25.69744873 9.39999962 17.90714645 -25.69744873 9.39999962 18.16112328 -25.71012306 9.39999962 18.41415215 -25.73544312 9.39999962 18.66560555 -25.77334404 9.39999962 18.91485596 -25.82373047 9.39999962 19.16128731 -25.88648033 9.39999962 19.40428162 -25.96143341 9.39999962 19.64323997 -26.0484066 9.39999962 19.87756348 -26.14718437 9.39999962 20.10667419 -26.25751686 9.39999962 20.32999992 -26.37913322 9.39999962 20.54698563 -26.5117321 9.39999962 20.75709343 -26.65497971 9.39999962 20.95979881 -26.80852318 9.39999962 21.15459824 -26.97197914 9.39999962 21.34100723 -27.14494324 9.39999962 21.51856422 -27.3269825 9.39999962 21.68682671 -27.51764679 9.39999962 21.84537506 -27.71646118 9.39999962 21.99381828 -27.92293167 9.39999962 22.13178444 -28.13654327 9.39999962 22.25893021 -28.35676765 9.39999962 22.37494087 -28.5830555 9.39999962 22.47952843 -28.81484604 9.39999962 22.57243156 -29.05156136 9.39999962 22.6534214 -29.29261208 9.39999962 22.72229385 -29.5374012 9.39999962 22.77887917 -29.78531837 9.39999962 22.8230381 -30.03574753 9.39999962 22.85465622 -30.28806686 9.39999962 22.87366104 -30.54164886 9.39999962 22.87999916 -30.79586411 9.39999962 22.87366104 -31.05007744 9.39999962 22.85465622 -31.30365944 9.39999962 22.8230381 -31.55597878 9.39999962 22.77887917 -31.80640793 9.39999962 22.72229385 -32.0543251 9.39999962 22.6534214 -32.29911423 9.39999962 22.57243156 -32.54016495 9.39999962 22.47952843 -32.77688217 9.39999962 22.37494087 -33.00867081 9.39999962 22.25893021 -33.23495865 9.39999962 22.13178444 -33.45518112 9.39999962 21.99381828 -33.66879654 9.39999962 21.84537506 -33.87526703 9.39999962 21.68682671 -34.07408142 9.39999962 21.51856422 -34.2647438 9.39999962 21.34100723 -34.44678497 9.39999962 21.15459824 -34.61974716 9.39999962 20.95979881 -34.78320312 9.39999962 20.75709343 -34.9367485 9.39999962 20.54698563 -35.0799942 9.39999962 20.32999992 -35.21259308 9.39999962 20.10667419 -35.33420944 9.39999962 19.87756348 -35.44454193 9.39999962 19.64323997 -35.5433197 9.39999962 19.40428162 -35.63029099 9.39999962 19.16128731 -35.70524597 9.39999962 18.91485596 -35.76799393 9.39999962 18.66560555 -35.81838226 9.39999962 18.41415215 -35.8562851 9.39999962 18.16112328 -35.88160324 9.39999962 17.90714645 -35.89427948 9.39999962 17.65285301 -35.89427948 9.39999962 17.39887619 -35.88160324 9.39999962 17.14584732 -35.8562851 9.39999962 16.89439392 -35.81838226 9.39999962 16.64514351 -35.76799393 9.39999962 16.39871407 -35.70524597 9.39999962 16.15571785 -35.63029099 9.39999962 15.91676044 -35.5433197 9.39999962 15.68243599 -35.44454193 9.39999962 15.45332527 -35.33420944 9.39999962 18.59252167 -33.68373489 9.39999962 18.44756317 -33.7206459 9.39999962 18.73546028 -33.63964462 9.39999962 18.30094528 -33.7502861 9.39999962 18.87602234 -33.58848572 9.39999962 18.1530304 -33.77257919 9.39999962 19.0138607 -33.53038025 9.39999962 18.00419044 -33.78747559 9.39999962 19.14863205 -33.46547699 9.39999962 17.85479164 -33.7949295 9.39999962 19.28000069 -33.39393997 9.39999962 17.70520782 -33.7949295 9.39999962 19.40763855 -33.31594086 9.39999962 17.55580902 -33.78747559 9.39999962 19.53123093 -33.23167801 9.39999962 17.40696907 -33.77257919 9.39999962 19.65046883 -33.14135742 9.39999962 17.25905609 -33.7502861 9.39999962 19.76505661 -33.04520798 9.39999962 17.11243629 -33.7206459 9.39999962 19.87471008 -32.94346237 9.39999962 16.9674778 -33.68373489 9.39999962 19.97915649 -32.83638 9.39999962 16.82453918 -33.63964462 9.39999962 20.07813263 -32.72422791 9.39999962 16.68397713 -33.58848572 9.39999962 20.17139816 -32.60727692 9.39999962 16.54613876 -33.53038025 9.39999962 20.25871658 -32.48582458 9.39999962 16.41136742 -33.46547699 9.39999962 20.33987236 -32.36016846 9.39999962 16.28000069 -33.39393997 9.39999962 20.41466522 -32.23062515 9.39999962 16.15236092 -33.31594086 9.39999962 20.48290634 -32.09751511 9.39999962 16.02876854 -33.23167801 9.39999962 20.54442787 -31.96116829 9.39999962 15.90953064 -33.14135742 9.39999962 20.59907722 -31.82192421 9.39999962 15.79494286 -33.04520798 9.39999962 20.64671898 -31.6801281 9.39999962 15.68528938 -32.94346237 9.39999962 20.68723106 -31.53613472 9.39999962 15.58084393 -32.83638 9.39999962 20.72051811 -31.39030266 9.39999962 15.48186684 -32.72422791 9.39999962 20.74649239 -31.24299049 9.39999962 15.38860226 -32.60727692 9.39999962 20.76509285 -31.09456635 9.39999962 15.30128384 -32.48582458 9.39999962 20.77626991 -30.94540024 9.39999962 15.22012711 -32.36016846 9.39999962 20.78000069 -30.79586411 9.39999962 15.1453352 -32.23062515 9.39999962 20.77626991 -30.64632607 9.39999962 15.07709312 -32.09751511 9.39999962 20.76509285 -30.49715996 9.39999962 15.01557159 -31.96116829 9.39999962 20.74649239 -30.34873581 9.39999962 14.96092224 -31.82192421 9.39999962 20.72051811 -30.20142555 9.39999962 14.91328144 -31.6801281 9.39999962 20.68723106 -30.05559158 9.39999962 14.8727684 -31.53613472 9.39999962 14.83948231 -31.39030266 9.39999962 20.64671898 -29.91159821 9.39999962 14.81350708 -31.24299049 9.39999962 20.59907722 -29.76980209 9.39999962 14.79490757 -31.09456635 9.39999962 20.54442787 -29.63055992 9.39999962 14.78372955 -30.94540024 9.39999962 20.48290634 -29.4942112 9.39999962 14.77999973 -30.79586411 9.39999962 20.41466522 -29.36110115 9.39999962 14.78372955 -30.64632607 9.39999962 20.33987236 -29.23155785 9.39999962 14.79490757 -30.49715996 9.39999962 20.25871658 -29.10590363 9.39999962 14.81350708 -30.34873581 9.39999962 20.17139816 -28.98444939 9.39999962 14.83948231 -30.20142555 9.39999962 20.07813263 -28.86750031 9.39999962 14.8727684 -30.05559158 9.39999962 19.97915649 -28.75534439 9.39999962 14.91328144 -29.91159821 9.39999962 19.87471008 -28.64826202 9.39999962 14.96092224 -29.76980209 9.39999962 19.76505661 -28.54652023 9.39999962 15.01557159 -29.63055992 9.39999962 19.65046883 -28.45036888 9.39999962 15.07709312 -29.4942112 9.39999962 19.53123093 -28.3600502 9.39999962 15.1453352 -29.36110115 9.39999962 19.40763855 -28.27578545 9.39999962 15.22012711 -29.23155785 9.39999962 19.28000069 -28.19778633 9.39999962 15.30128384 -29.10590363 9.39999962 19.14863205 -28.12624741 9.39999962 15.38860226 -28.98444939 9.39999962 19.0138607 -28.06134605 9.39999962 15.48186684 -28.86750031 9.39999962 18.87602234 -28.00324249 9.39999962 15.58084393 -28.75534439 9.39999962 18.73546028 -27.95208168 9.39999962 15.68528938 -28.64826202 9.39999962 18.59252167 -27.90799141 9.39999962 15.79494286 -28.54652023 9.39999962 18.44756317 -27.8710804 9.39999962 15.90953064 -28.45036888 9.39999962 18.30094528 -27.8414402 9.39999962 16.02876854 -28.3600502 9.39999962 18.1530304 -27.8191452 9.39999962 16.15236092 -28.27578545 9.39999962 18.00419044 -27.80425262 9.39999962 16.28000069 -28.19778633 9.39999962 17.85479164 -27.79679489 9.39999962 16.41136742 -28.12624741 9.39999962 17.70520782 -27.79679489 9.39999962 16.54613876 -28.06134605 9.39999962 17.55580902 -27.80425262 9.39999962 16.68397713 -28.00324249 9.39999962 17.40696907 -27.8191452 9.39999962 16.82453918 -27.95208168 9.39999962 17.25905609 -27.8414402 9.39999962 16.9674778 -27.90799141 9.39999962 17.11243629 -27.8710804 9.39999962 -22.87999916 -30.79586411 9.39999962 -22.87366104 -30.54164886 9.39999962 -22.85465622 -30.28806686 9.39999962 -22.8230381 -30.03574753 9.39999962 -22.77887917 -29.78531837 9.39999962 -22.72229385 -29.5374012 9.39999962 -22.6534214 -29.29261208 9.39999962 -22.57243156 -29.05156136 9.39999962 -22.47952843 -28.81484604 9.39999962 -22.37494087 -28.5830555 9.39999962 -22.25893021 -28.35676765 9.39999962 -22.13178444 -28.13654327 9.39999962 -21.99381828 -27.92293167 9.39999962 -21.84537506 -27.71646118 9.39999962 -21.68682671 -27.51764679 9.39999962 -21.51856422 -27.3269825 9.39999962 -21.34100723 -27.14494324 9.39999962 -21.15459824 -26.97197914 9.39999962 -20.95979881 -26.80852318 9.39999962 -20.75709343 -26.65497971 9.39999962 -20.54698563 -26.5117321 9.39999962 -20.32999992 -26.37913322 9.39999962 -20.10667419 -26.25751686 9.39999962 -19.87756348 -26.14718437 9.39999962 -19.64323997 -26.0484066 9.39999962 -19.40428162 -25.96143341 9.39999962 -19.16128731 -25.88648033 9.39999962 -18.91485596 -25.82373047 9.39999962 -18.66560555 -25.77334404 9.39999962 -18.41415215 -25.73544312 9.39999962 -18.16112328 -25.71012306 9.39999962 -17.90714645 -25.69744873 9.39999962 -17.65285301 -25.69744873 9.39999962 -17.39887619 -25.71012306 9.39999962 -17.14584732 -25.73544312 9.39999962 -16.89439392 -25.77334404 9.39999962 -16.64514351 -25.82373047 9.39999962 -16.39871407 -25.88648033 9.39999962 -16.15571785 -25.96143341 9.39999962 -15.91676044 -26.0484066 9.39999962 -15.68243599 -26.14718437 9.39999962 -15.45332527 -26.25751686 9.39999962 -15.22999954 -26.37913322 9.39999962 -15.01301384 -26.5117321 9.39999962 -14.80290699 -26.65497971 9.39999962 -14.60020161 -26.80852318 9.39999962 -14.40540218 -26.97197914 9.39999962 -14.21899223 -27.14494324 9.39999962 -14.04143524 -27.3269825 9.39999962 -13.87317371 -27.51764679 9.39999962 -13.7146244 -27.71646118 9.39999962 -13.56618214 -27.92293167 9.39999962 -13.42821693 -28.13654327 9.39999962 -13.30107021 -28.35676765 9.39999962 -13.18505859 -28.5830555 9.39999962 -13.08047104 -28.81484604 9.39999962 -12.9875679 -29.05156136 9.39999962 -12.90657902 -29.29261208 9.39999962 -12.83770561 -29.5374012 9.39999962 -12.7811203 -29.78531837 9.39999962 -12.73696232 -30.03574753 9.39999962 -12.70534325 -30.28806686 9.39999962 -12.68633938 -30.54164886 9.39999962 -12.68000031 -30.79586411 9.39999962 -12.68633938 -31.05007744 9.39999962 -12.70534325 -31.30365944 9.39999962 -12.73696232 -31.55597878 9.39999962 -12.7811203 -31.80640793 9.39999962 -12.83770561 -32.0543251 9.39999962 -12.90657902 -32.29911423 9.39999962 -12.9875679 -32.54016495 9.39999962 -13.08047104 -32.77688217 9.39999962 -13.18505859 -33.00867081 9.39999962 -13.30107021 -33.23495865 9.39999962 -13.42821693 -33.45518112 9.39999962 -13.56618214 -33.66879654 9.39999962 -13.7146244 -33.87526703 9.39999962 -13.87317371 -34.07408142 9.39999962 -14.04143524 -34.2647438 9.39999962 -14.21899223 -34.44678497 9.39999962 -14.40540218 -34.61974716 9.39999962 -14.60020161 -34.78320312 9.39999962 -14.80290699 -34.9367485 9.39999962 -15.01301384 -35.0799942 9.39999962 -15.22999954 -35.21259308 9.39999962 -15.45332527 -35.33420944 9.39999962 -15.68243599 -35.44454193 9.39999962 -15.91676044 -35.5433197 9.39999962 -16.15571785 -35.63029099 9.39999962 -16.39871407 -35.70524597 9.39999962 -16.64514351 -35.76799393 9.39999962 -16.89439392 -35.81838226 9.39999962 -17.14584732 -35.8562851 9.39999962 -17.39887619 -35.88160324 9.39999962 -17.65285301 -35.89427948 9.39999962 -17.90714645 -35.89427948 9.39999962 -18.16112328 -35.88160324 9.39999962 -18.41415215 -35.8562851 9.39999962 -18.66560555 -35.81838226 9.39999962 -18.91485596 -35.76799393 9.39999962 -19.16128731 -35.70524597 9.39999962 -19.40428162 -35.63029099 9.39999962 -19.64323997 -35.5433197 9.39999962 -19.87756348 -35.44454193 9.39999962 -20.10667419 -35.33420944 9.39999962 -20.32999992 -35.21259308 9.39999962 -20.54698563 -35.0799942 9.39999962 -20.75709343 -34.9367485 9.39999962 -20.95979881 -34.78320312 9.39999962 -21.15459824 -34.61974716 9.39999962 -21.34100723 -34.44678497 9.39999962 -21.51856422 -34.2647438 9.39999962 -21.68682671 -34.07408142 9.39999962 -21.84537506 -33.87526703 9.39999962 -21.99381828 -33.66879654 9.39999962 -22.13178444 -33.45518112 9.39999962 -22.25893021 -33.23495865 9.39999962 -22.37494087 -33.00867081 9.39999962 -22.47952843 -32.77688217 9.39999962 -22.57243156 -32.54016495 9.39999962 -22.6534214 -32.29911423 9.39999962 -22.72229385 -32.0543251 9.39999962 -22.77887917 -31.80640793 9.39999962 -22.8230381 -31.55597878 9.39999962 -22.85465622 -31.30365944 9.39999962 -22.87366104 -31.05007744 9.39999962 -19.87471008 -32.94346237 9.39999962 -19.97915649 -32.83638 9.39999962 -19.76505661 -33.04520798 9.39999962 -20.07813263 -32.72422791 9.39999962 -19.65046883 -33.14135742 9.39999962 -20.17139816 -32.60727692 9.39999962 -19.53123093 -33.23167801 9.39999962 -20.25871658 -32.48582458 9.39999962 -19.40763855 -33.31594086 9.39999962 -20.33987236 -32.36016846 9.39999962 -19.28000069 -33.39393997 9.39999962 -20.41466522 -32.23062515 9.39999962 -19.14863205 -33.46547699 9.39999962 -20.48290634 -32.09751511 9.39999962 -19.0138607 -33.53038025 9.39999962 -20.54442787 -31.96116829 9.39999962 -18.87602234 -33.58848572 9.39999962 -20.59907722 -31.82192421 9.39999962 -18.73546028 -33.63964462 9.39999962 -20.64671898 -31.6801281 9.39999962 -18.59252167 -33.68373489 9.39999962 -20.68723106 -31.53613472 9.39999962 -18.44756317 -33.7206459 9.39999962 -20.72051811 -31.39030266 9.39999962 -18.30094528 -33.7502861 9.39999962 -20.74649239 -31.24299049 9.39999962 -18.1530304 -33.77257919 9.39999962 -20.76509285 -31.09456635 9.39999962 -18.00419044 -33.78747559 9.39999962 -20.77626991 -30.94540024 9.39999962 -17.85479164 -33.7949295 9.39999962 -20.78000069 -30.79586411 9.39999962 -17.70520782 -33.7949295 9.39999962 -20.77626991 -30.64632607 9.39999962 -17.55580902 -33.78747559 9.39999962 -20.76509285 -30.49715996 9.39999962 -17.40696907 -33.77257919 9.39999962 -20.74649239 -30.34873581 9.39999962 -17.25905609 -33.7502861 9.39999962 -20.72051811 -30.20142555 9.39999962 -17.11243629 -33.7206459 9.39999962 -20.68723106 -30.05559158 9.39999962 -16.9674778 -33.68373489 9.39999962 -20.64671898 -29.91159821 9.39999962 -16.82453918 -33.63964462 9.39999962 -20.59907722 -29.76980209 9.39999962 -16.68397713 -33.58848572 9.39999962 -20.54442787 -29.63055992 9.39999962 -16.54613876 -33.53038025 9.39999962 -20.48290634 -29.4942112 9.39999962 -16.41136742 -33.46547699 9.39999962 -20.41466522 -29.36110115 9.39999962 -16.28000069 -33.39393997 9.39999962 -20.33987236 -29.23155785 9.39999962 -16.15236092 -33.31594086 9.39999962 -20.25871658 -29.10590363 9.39999962 -16.02876854 -33.23167801 9.39999962 -20.17139816 -28.98444939 9.39999962 -15.90953064 -33.14135742 9.39999962 -20.07813263 -28.86750031 9.39999962 -15.79494286 -33.04520798 9.39999962 -19.97915649 -28.75534439 9.39999962 -15.68528938 -32.94346237 9.39999962 -19.87471008 -28.64826202 9.39999962 -15.58084393 -32.83638 9.39999962 -15.48186684 -32.72422791 9.39999962 -19.76505661 -28.54652023 9.39999962 -15.38860226 -32.60727692 9.39999962 -19.65046883 -28.45036888 9.39999962 -15.30128384 -32.48582458 9.39999962 -19.53123093 -28.3600502 9.39999962 -15.22012711 -32.36016846 9.39999962 -19.40763855 -28.27578545 9.39999962 -15.1453352 -32.23062515 9.39999962 -19.28000069 -28.19778633 9.39999962 -15.07709312 -32.09751511 9.39999962 -19.14863205 -28.12624741 9.39999962 -15.01557159 -31.96116829 9.39999962 -19.0138607 -28.06134605 9.39999962 -14.96092224 -31.82192421 9.39999962 -18.87602234 -28.00324249 9.39999962 -14.91328144 -31.6801281 9.39999962 -18.73546028 -27.95208168 9.39999962 -14.8727684 -31.53613472 9.39999962 -18.59252167 -27.90799141 9.39999962 -14.83948231 -31.39030266 9.39999962 -18.44756317 -27.8710804 9.39999962 -14.81350708 -31.24299049 9.39999962 -18.30094528 -27.8414402 9.39999962 -14.79490757 -31.09456635 9.39999962 -18.1530304 -27.8191452 9.39999962 -14.78372955 -30.94540024 9.39999962 -18.00419044 -27.80425262 9.39999962 -14.77999973 -30.79586411 9.39999962 -17.85479164 -27.79679489 9.39999962 -14.78372955 -30.64632607 9.39999962 -17.70520782 -27.79679489 9.39999962 -14.79490757 -30.49715996 9.39999962 -17.55580902 -27.80425262 9.39999962 -14.81350708 -30.34873581 9.39999962 -17.40696907 -27.8191452 9.39999962 -14.83948231 -30.20142555 9.39999962 -17.25905609 -27.8414402 9.39999962 -14.8727684 -30.05559158 9.39999962 -17.11243629 -27.8710804 9.39999962 -14.91328144 -29.91159821 9.39999962 -16.9674778 -27.90799141 9.39999962 -14.96092224 -29.76980209 9.39999962 -16.82453918 -27.95208168 9.39999962 -15.01557159 -29.63055992 9.39999962 -16.68397713 -28.00324249 9.39999962 -15.07709312 -29.4942112 9.39999962 -16.54613876 -28.06134605 9.39999962 -15.1453352 -29.36110115 9.39999962 -16.41136742 -28.12624741 9.39999962 -15.22012711 -29.23155785 9.39999962 -16.28000069 -28.19778633 9.39999962 -15.30128384 -29.10590363 9.39999962 -16.15236092 -28.27578545 9.39999962 -15.38860226 -28.98444939 9.39999962 -16.02876854 -28.3600502 9.39999962 -15.48186684 -28.86750031 9.39999962 -15.90953064 -28.45036888 9.39999962 -15.58084393 -28.75534439 9.39999962 -15.79494286 -28.54652023 9.39999962 -15.68528938 -28.64826202 9.39999962 36.34928894 9.19999981 7.5 36.34680176 9.29969215 7.5 36.33935165 9.39913559 7.5 36.32695007 9.49808407 7.5 36.30963135 9.5962925 7.5 36.28744125 9.69351482 7.5 36.2604332 9.78951073 7.5 36.22867203 9.88403988 7.5 36.19224167 9.97686958 7.5 36.15122604 10.06776714 7.5 36.10573196 10.15650749 7.5 36.05587006 10.24287033 7.5 36.0017662 10.32664013 7.5 35.94355392 10.40760899 7.5 35.88137817 10.48557568 7.5 35.81539154 10.56034565 7.5 35.74576187 10.63173389 7.5 35.67266083 10.69956207 7.5 35.5962677 10.76366329 7.5 35.51677704 10.82387638 7.5 35.43437958 10.88005161 7.5 35.34928894 10.9320507 7.5 35.26171112 10.97974396 7.5 35.17186356 11.02301216 7.5 35.07997131 11.06174755 7.5 34.98626328 11.09585476 7.5 34.89096832 11.12524891 7.5 34.7943306 11.14985561 7.5 34.69658279 11.16961575 7.5 34.59797668 11.18447876 7.5 34.49874878 11.19440746 7.5 34.39915085 11.19937801 7.5 34.29942703 11.19937801 7.5 34.1998291 11.19440746 7.5 34.1006012 11.18447876 7.5 34.00199127 11.16961575 7.5 33.90424728 11.14985561 7.5 33.80760574 11.12524891 7.5 33.71231461 11.09585476 7.5 33.61860657 11.06174755 7.5 33.52671432 11.02301216 7.5 33.43686676 10.97974396 7.5 33.34928894 10.9320507 7.5 33.26419449 10.88005161 7.5 33.18180084 10.82387638 7.5 33.10231018 10.76366329 7.5 33.02591705 10.69956207 7.5 32.95281601 10.63173389 7.5 32.88318634 10.56034565 7.5 32.81719971 10.48557568 7.5 32.75502396 10.40760899 7.5 32.69681168 10.32664013 7.5 32.64270782 10.24287033 7.5 32.59284592 10.15650749 7.5 32.54735184 10.06776714 7.5 32.50633621 9.97686958 7.5 32.46990204 9.88403988 7.5 32.43814087 9.78951073 7.5 32.41113281 9.69351482 7.5 32.38894272 9.5962925 7.5 32.37162781 9.49808407 7.5 32.35922623 9.39913559 7.5 32.35177612 9.29969215 7.5 32.34928894 9.19999981 7.5 32.35177612 9.10030842 7.5 32.35922623 9.00086403 7.5 32.37162781 8.90191555 7.5 32.38894272 8.80370808 7.5 32.41113281 8.70648479 7.5 32.43814087 8.61048985 7.5 32.46990204 8.51595974 7.5 32.50633621 8.42313004 7.5 32.54735184 8.33223248 7.5 32.59284592 8.24349213 7.5 32.64270782 8.15712929 7.5 32.69681168 8.07335949 7.5 32.75502396 7.99239111 7.5 32.81719971 7.9144249 7.5 32.88318634 7.83965445 7.5 32.95281601 7.7682662 7.5 33.02591705 7.70043755 7.5 33.10231018 7.6363368 7.5 33.18180084 7.57612419 7.5 33.26419449 7.51994801 7.5 33.34928894 7.46794939 7.5 33.43686676 7.42025661 7.5 33.52671432 7.37698841 7.5 33.61860657 7.33825254 7.5 33.71231461 7.30414534 7.5 33.80760574 7.27475166 7.5 33.90424728 7.250144 7.5 34.00199127 7.23038435 7.5 34.1006012 7.21552181 7.5 34.1998291 7.20559263 7.5 34.29942703 7.2006216 7.5 34.39915085 7.2006216 7.5 34.49874878 7.20559263 7.5 34.59797668 7.21552181 7.5 34.69658279 7.23038435 7.5 34.7943306 7.250144 7.5 34.89096832 7.27475166 7.5 34.98626328 7.30414534 7.5 35.07997131 7.33825254 7.5 35.17186356 7.37698841 7.5 35.26171112 7.42025661 7.5 35.34928894 7.46794939 7.5 35.43437958 7.51994801 7.5 35.51677704 7.57612419 7.5 35.5962677 7.6363368 7.5 35.67266083 7.70043755 7.5 35.74576187 7.7682662 7.5 35.81539154 7.83965445 7.5 35.88137817 7.9144249 7.5 35.94355392 7.99239111 7.5 36.0017662 8.07335949 7.5 36.05587006 8.15712929 7.5 36.10573196 8.24349213 7.5 36.15122604 8.33223248 7.5 36.19224167 8.42313004 7.5 36.22867203 8.51595974 7.5 36.2604332 8.61048985 7.5 36.28744125 8.70648479 7.5 36.30963135 8.80370808 7.5 36.32695007 8.90191555 7.5 36.33935165 9.00086403 7.5 36.34680176 9.10030842 7.5 -32.34928894 9.19999981 7.5 -32.35177612 9.29969215 7.5 -32.35922623 9.39913559 7.5 -32.37162781 9.49808407 7.5 -32.38894272 9.5962925 7.5 -32.41113281 9.69351482 7.5 -32.43814087 9.78951073 7.5 -32.46990204 9.88403988 7.5 -32.50633621 9.97686958 7.5 -32.54735184 10.06776714 7.5 -32.59284592 10.15650749 7.5 -32.64270782 10.24287033 7.5 -32.69681168 10.32664013 7.5 -32.75502396 10.40760899 7.5 -32.81719971 10.48557568 7.5 -32.88318634 10.56034565 7.5 -32.95281601 10.63173389 7.5 -33.02591705 10.69956207 7.5 -33.10231018 10.76366329 7.5 -33.18180084 10.82387638 7.5 -33.26419449 10.88005161 7.5 -33.34928894 10.9320507 7.5 -33.43686676 10.97974396 7.5 -33.52671432 11.02301216 7.5 -33.61860657 11.06174755 7.5 -33.71231461 11.09585476 7.5 -33.80760574 11.12524891 7.5 -33.90424728 11.14985561 7.5 -34.00199127 11.16961575 7.5 -34.1006012 11.18447876 7.5 -34.1998291 11.19440746 7.5 -34.29942703 11.19937801 7.5 -34.39915085 11.19937801 7.5 -34.49874878 11.19440746 7.5 -34.59797668 11.18447876 7.5 -34.69658279 11.16961575 7.5 -34.7943306 11.14985561 7.5 -34.89096832 11.12524891 7.5 -34.98626328 11.09585476 7.5 -35.07997131 11.06174755 7.5 -35.17186356 11.02301216 7.5 -35.26171112 10.97974396 7.5 -35.34928894 10.9320507 7.5 -35.43437958 10.88005161 7.5 -35.51677704 10.82387638 7.5 -35.5962677 10.76366329 7.5 -35.67266083 10.69956207 7.5 -35.74576187 10.63173389 7.5 -35.81539154 10.56034565 7.5 -35.88137817 10.48557568 7.5 -35.94355392 10.40760899 7.5 -36.0017662 10.32664013 7.5 -36.05587006 10.24287033 7.5 -36.10573196 10.15650749 7.5 -36.15122604 10.06776714 7.5 -36.19224167 9.97686958 7.5 -36.22867203 9.88403988 7.5 -36.2604332 9.78951073 7.5 -36.28744125 9.69351482 7.5 -36.30963135 9.5962925 7.5 -36.32695007 9.49808407 7.5 -36.33935165 9.39913559 7.5 -36.34680176 9.29969215 7.5 -36.34928894 9.19999981 7.5 -36.34680176 9.10030842 7.5 -36.33935165 9.00086403 7.5 -36.32695007 8.90191555 7.5 -36.30963135 8.80370808 7.5 -36.28744125 8.70648479 7.5 -36.2604332 8.61048985 7.5 -36.22867203 8.51595974 7.5 -36.19224167 8.42313004 7.5 -36.15122604 8.33223248 7.5 -36.10573196 8.24349213 7.5 -36.05587006 8.15712929 7.5 -36.0017662 8.07335949 7.5 -35.94355392 7.99239111 7.5 -35.88137817 7.9144249 7.5 -35.81539154 7.83965445 7.5 -35.74576187 7.7682662 7.5 -35.67266083 7.70043755 7.5 -35.5962677 7.6363368 7.5 -35.51677704 7.57612419 7.5 -35.43437958 7.51994801 7.5 -35.34928894 7.46794939 7.5 -35.26171112 7.42025661 7.5 -35.17186356 7.37698841 7.5 -35.07997131 7.33825254 7.5 -34.98626328 7.30414534 7.5 -34.89096832 7.27475166 7.5 -34.7943306 7.250144 7.5 -34.69658279 7.23038435 7.5 -34.59797668 7.21552181 7.5 -34.49874878 7.20559263 7.5 -34.39915085 7.2006216 7.5 -34.29942703 7.2006216 7.5 -34.1998291 7.20559263 7.5 -34.1006012 7.21552181 7.5 -34.00199127 7.23038435 7.5 -33.90424728 7.250144 7.5 -33.80760574 7.27475166 7.5 -33.71231461 7.30414534 7.5 -33.61860657 7.33825254 7.5 -33.52671432 7.37698841 7.5 -33.43686676 7.42025661 7.5 -33.34928894 7.46794939 7.5 -33.26419449 7.51994801 7.5 -33.18180084 7.57612419 7.5 -33.10231018 7.6363368 7.5 -33.02591705 7.70043755 7.5 -32.95281601 7.7682662 7.5 -32.88318634 7.83965445 7.5 -32.81719971 7.9144249 7.5 -32.75502396 7.99239111 7.5 -32.69681168 8.07335949 7.5 -32.64270782 8.15712929 7.5 -32.59284592 8.24349213 7.5 -32.54735184 8.33223248 7.5 -32.50633621 8.42313004 7.5 -32.46990204 8.51595974 7.5 -32.43814087 8.61048985 7.5 -32.41113281 8.70648479 7.5 -32.38894272 8.80370808 7.5 -32.37162781 8.90191555 7.5 -32.35922623 9.00086403 7.5 -32.35177612 9.10030842 7.5 23.08810425 17.76678276 8 23.08126831 18.04093552 8 23.06077385 18.31440544 8 23.02667427 18.58651543 8 22.9790535 18.85658646 8 22.91802979 19.12394905 8 22.84375572 19.38793564 8 22.75641441 19.64789391 8 22.6562233 19.90317345 8 22.54343414 20.15314293 8 22.41832352 20.39717865 8 22.28120422 20.63467598 8 22.13241768 20.86504364 8 21.97233391 21.08770752 8 21.80134964 21.30211449 8 21.61989021 21.50773239 8 21.42840767 21.70405006 8 21.22737694 21.89057922 8 21.01729965 22.06685638 8 20.79869461 22.23244095 8 20.57210922 22.38692474 8 20.33810425 22.52992249 8 20.09726334 22.6610775 8 19.85018349 22.78006554 8 19.59748077 22.88658905 8 19.33978081 22.98038292 8 19.07772827 23.06121635 8 18.81196976 23.12888527 8 18.54316902 23.18322563 8 18.27199554 23.22409821 8 17.99912071 23.25140381 8 17.72522354 23.26507378 8 17.45098686 23.26507378 8 17.17708969 23.25140381 8 16.90421486 23.22409821 8 16.63303947 23.18322563 8 16.36424065 23.12888527 8 16.09848213 23.06121635 8 15.83642864 22.98038292 8 15.57872963 22.88658905 8 15.32602596 22.78006554 8 15.07894611 22.6610775 8 14.8381052 22.52992249 8 14.60410023 22.38692474 8 14.37751484 22.23244095 8 14.15891075 22.06685638 8 13.94883251 21.89057922 8 13.74780273 21.70405006 8 13.55631924 21.50773239 8 13.37486076 21.30211449 8 13.2038765 21.08770752 8 13.04379177 20.86504364 8 12.89500523 20.63467598 8 12.75788593 20.39717865 8 12.63277626 20.15314293 8 12.51998615 19.90317345 8 12.41979504 19.64789391 8 12.33245468 19.38793564 8 12.25817966 19.12394905 8 12.19715595 18.85658646 8 12.14953518 18.58651543 8 12.1154356 18.31440544 8 12.09494209 18.04093552 8 12.0881052 17.76678276 8 12.09494209 17.49263 8 12.1154356 17.21916008 8 12.14953518 16.94705009 8 12.19715595 16.67697906 8 12.25817966 16.40961647 8 12.33245468 16.14562988 8 12.41979504 15.88567162 8 12.51998615 15.63039112 8 12.63277626 15.38042164 8 12.75788593 15.13638592 8 12.89500523 14.89888859 8 13.04379177 14.66852283 8 13.2038765 14.445858 8 13.37486076 14.23145103 8 13.55631924 14.02583218 8 13.74780273 13.82951546 8 13.94883251 13.6429863 8 14.15891075 13.46670914 8 14.37751484 13.30112362 8 14.60410023 13.14663982 8 14.8381052 13.00364304 8 15.07894611 12.87248802 8 15.32602596 12.75350094 8 15.57872963 12.64697742 8 15.83642864 12.5531826 8 16.09848213 12.47234917 8 16.36424065 12.4046793 8 16.63303947 12.35033989 8 16.90421486 12.30946732 8 17.17708969 12.28216171 8 17.45098686 12.26849174 8 17.72522354 12.26849174 8 17.99912071 12.28216171 8 18.27199554 12.30946732 8 18.54316902 12.35033989 8 18.81196976 12.4046793 8 19.07772827 12.47234917 8 19.33978081 12.5531826 8 19.59748077 12.64697742 8 19.85018349 12.75350094 8 20.09726334 12.87248802 8 20.33810425 13.00364304 8 20.57210922 13.14663982 8 20.79869461 13.30112362 8 21.01729965 13.46670914 8 21.22737694 13.6429863 8 21.42840767 13.82951546 8 21.61989021 14.02583218 8 21.80134964 14.23145103 8 21.97233391 14.445858 8 22.13241768 14.66852283 8 22.28120422 14.89888859 8 22.41832352 15.13638592 8 22.54343414 15.38042164 8 22.6562233 15.63039112 8 22.75641441 15.88567162 8 22.84375572 16.14562988 8 22.91802979 16.40961647 8 22.9790535 16.67697906 8 23.02667427 16.94705009 8 23.06077385 17.21916008 8 23.08126831 17.49263 8 20.03193283 15.26124859 8 20.15378571 15.38617802 8 19.90400505 15.14254856 8 20.26926041 15.51702595 8 19.77031898 15.03037262 8 20.37806892 15.65346718 8 19.63120842 14.92499924 8 20.47994041 15.7951622 8 19.48701668 14.82669163 8 20.57462311 15.94175911 8 19.33810425 14.73569393 8 20.66188049 16.0928936 8 19.18484306 14.65223122 8 20.74149513 16.24818993 8 19.02760887 14.57651234 8 20.81327248 16.40726089 8 18.8667984 14.50872421 8 20.87702942 16.56971169 8 18.70280838 14.4490366 8 20.93260956 16.73513985 8 18.53604698 14.39759827 8 20.97987556 16.90313148 8 18.3669281 14.3545351 8 21.01870918 17.0732708 8 18.19587326 14.31995583 8 21.04901314 17.24513435 8 18.0233078 14.29394531 8 21.07071304 17.41829491 8 17.84966087 14.27656937 8 21.08375359 17.5923214 8 17.67536163 14.2678709 8 21.08810425 17.76678276 8 17.50084686 14.2678709 8 21.08375359 17.94124413 8 17.32654953 14.27656937 8 21.07071304 18.11527061 8 17.1529026 14.29394531 8 21.04901314 18.28843117 8 16.98033714 14.31995583 8 21.01870918 18.46029472 8 16.8092823 14.3545351 8 20.97987556 18.63043404 8 16.64016342 14.39759827 8 20.93260956 18.79842567 8 16.47340202 14.4490366 8 20.87702942 18.96385384 8 16.309412 14.50872421 8 20.81327248 19.12630463 8 16.14859962 14.57651234 8 20.74149513 19.2853756 8 15.99136734 14.65223122 8 20.66188049 19.44067192 8 15.8381052 14.73569393 8 20.57462311 19.59180641 8 15.68919277 14.82669163 8 20.47994041 19.73840332 8 15.54500198 14.92499924 8 20.37806892 19.88009834 8 15.40589046 15.03037262 8 20.26926041 20.01653862 8 15.2722044 15.14254856 8 20.15378571 20.14738655 8 15.14427567 15.26124859 8 20.03193283 20.27231598 8 15.02242374 15.38617802 8 19.90400505 20.39101601 8 14.90694904 15.51702595 8 19.77031898 20.5031929 8 19.63120842 20.60856628 8 14.79814148 15.65346718 8 19.48701668 20.70687294 8 14.69626904 15.7951622 8 19.33810425 20.79787254 8 14.60158634 15.94175911 8 14.51432896 16.0928936 8 19.18484306 20.8813343 8 14.43471336 16.24818993 8 19.02760887 20.95705223 8 14.36293793 16.40726089 8 18.8667984 21.02484131 8 18.70280838 21.08452797 8 14.29918098 16.56971169 8 14.24359989 16.73513985 8 18.53604698 21.13596725 8 18.3669281 21.17902946 8 14.19633484 16.90313148 8 18.19587326 21.2136097 8 14.15750122 17.0732708 8 18.0233078 21.23962021 8 14.12719727 17.24513435 8 17.84966087 21.25699615 8 14.10549736 17.41829491 8 17.67536163 21.26569557 8 14.09245586 17.5923214 8 17.50084686 21.26569557 8 14.0881052 17.76678276 8 14.09245586 17.94124413 8 17.32654953 21.25699615 8 14.10549736 18.11527061 8 17.1529026 21.23962021 8 16.98033714 21.2136097 8 14.12719727 18.28843117 8 14.15750122 18.46029472 8 16.8092823 21.17902946 8 16.64016342 21.13596725 8 14.19633484 18.63043404 8 16.47340202 21.08452797 8 14.24359989 18.79842567 8 16.309412 21.02484131 8 14.29918098 18.96385384 8 14.36293793 19.12630463 8 16.14859962 20.95705223 8 15.99136734 20.8813343 8 14.43471336 19.2853756 8 14.51432896 19.44067192 8 15.8381052 20.79787254 8 15.68919277 20.70687294 8 14.60158634 19.59180641 8 15.54500198 20.60856628 8 14.69626904 19.73840332 8 14.79814148 19.88009834 8 15.40589046 20.5031929 8 14.90694904 20.01653862 8 15.2722044 20.39101601 8 15.14427567 20.27231598 8 15.02242374 20.14738655 8 23.26667213 -17.58821678 8 23.25983429 -17.31406403 8 23.23933983 -17.0405941 8 23.20524025 -16.76848412 8 23.15761948 -16.49841309 8 23.09659576 -16.2310524 8 23.0223217 -15.9670639 8 22.93498039 -15.70710659 8 22.83479118 -15.4518261 8 22.72200012 -15.20185661 8 22.5968895 -14.95782089 8 22.45977211 -14.72032356 8 22.31098557 -14.48995686 8 22.15089989 -14.26729298 8 21.97991562 -14.05288506 8 21.79845619 -13.84726715 8 21.60697365 -13.65094948 8 21.40594292 -13.46442032 8 21.19586563 -13.28814411 8 20.9772625 -13.12255859 8 20.7506752 -12.9680748 8 20.51667213 -12.82507801 8 20.27582932 -12.69392204 8 20.02875137 -12.57493496 8 19.77604675 -12.46841145 8 19.51834869 -12.37461662 8 19.25629425 -12.29378414 8 18.99053574 -12.22611427 8 18.72173691 -12.17177486 8 18.45056152 -12.13090134 8 18.17768669 -12.10359669 8 17.90378952 -12.08992672 8 17.62955284 -12.08992672 8 17.35565567 -12.10359669 8 17.08278084 -12.13090134 8 16.81160545 -12.17177486 8 16.54280663 -12.22611427 8 16.27704811 -12.29378414 8 16.01499557 -12.37461662 8 15.75729561 -12.46841145 8 15.50459194 -12.57493496 8 15.25751305 -12.69392204 8 15.01667118 -12.82507801 8 14.78266716 -12.9680748 8 14.55608082 -13.12255859 8 14.33747768 -13.28814411 8 14.12739944 -13.46442032 8 13.92636871 -13.65094948 8 13.73488617 -13.84726715 8 13.55342674 -14.05288506 8 13.38244247 -14.26729298 8 13.22235775 -14.48995686 8 13.07357121 -14.72032356 8 12.93645287 -14.95782089 8 12.81134224 -15.20185661 8 12.69855213 -15.4518261 8 12.59836197 -15.70710659 8 12.51102066 -15.9670639 8 12.4367466 -16.2310524 8 12.37572289 -16.49841309 8 12.32810211 -16.76848412 8 12.29400253 -17.0405941 8 12.27350807 -17.31406403 8 12.26667118 -17.58821678 8 12.27350807 -17.86236954 8 12.29400253 -18.13584137 8 12.32810211 -18.40794945 8 12.37572289 -18.67802048 8 12.4367466 -18.94538307 8 12.51102066 -19.20937157 8 12.59836197 -19.46932793 8 12.69855213 -19.72460938 8 12.81134224 -19.97457695 8 12.93645287 -20.21861458 8 13.07357121 -20.45611 8 13.22235775 -20.68647766 8 13.38244247 -20.90914154 8 13.55342674 -21.12354851 8 13.73488617 -21.32916832 8 13.92636871 -21.52548409 8 14.12739944 -21.71201324 8 14.33747768 -21.88829041 8 14.55608082 -22.05387688 8 14.78266716 -22.20836067 8 15.01667118 -22.35135651 8 15.25751305 -22.48251152 8 15.50459194 -22.60149956 8 15.75729561 -22.70802307 8 16.01499557 -22.80181694 8 16.27704811 -22.88265038 8 16.54280663 -22.9503212 8 16.81160545 -23.00465965 8 17.08278084 -23.04553223 8 17.35565567 -23.07283783 8 17.62955284 -23.0865078 8 17.90378952 -23.0865078 8 18.17768669 -23.07283783 8 18.45056152 -23.04553223 8 18.72173691 -23.00465965 8 18.99053574 -22.9503212 8 19.25629425 -22.88265038 8 19.51834869 -22.80181694 8 19.77604675 -22.70802307 8 20.02875137 -22.60149956 8 20.27582932 -22.48251152 8 20.51667213 -22.35135651 8 20.7506752 -22.20836067 8 20.9772625 -22.05387688 8 21.19586563 -21.88829041 8 21.40594292 -21.71201324 8 21.60697365 -21.52548409 8 21.79845619 -21.32916832 8 21.97991562 -21.12354851 8 22.15089989 -20.90914154 8 22.31098557 -20.68647766 8 22.45977211 -20.45611 8 22.5968895 -20.21861458 8 22.72200012 -19.97457695 8 22.83479118 -19.72460938 8 22.93498039 -19.46932793 8 23.0223217 -19.20937157 8 23.09659576 -18.94538307 8 23.15761948 -18.67802048 8 23.20524025 -18.40794945 8 23.23933983 -18.13584137 8 23.25983429 -17.86236954 8 20.21050072 -20.09375191 8 20.33235359 -19.96882248 8 20.08257103 -20.21245193 8 20.44782639 -19.83797455 8 19.94888496 -20.32462692 8 20.5566349 -19.70153236 8 19.8097744 -20.43000031 8 20.65850639 -19.55983734 8 19.66558266 -20.52830887 8 20.75318909 -19.41324043 8 19.51667213 -20.61930656 8 20.84044647 -19.26210594 8 19.36340904 -20.70276833 8 20.92006302 -19.10680962 8 19.20617676 -20.77848816 8 20.99183846 -18.94773865 8 19.04536438 -20.84627533 8 21.0555954 -18.78528786 8 18.88137436 -20.9059639 8 21.11117554 -18.6198597 8 18.71461296 -20.95740128 8 21.15844154 -18.45186806 8 18.54549408 -21.00046539 8 21.19727516 -18.28172874 8 18.37443924 -21.03504372 8 21.22757912 -18.10986519 8 18.20187378 -21.06105423 8 21.24927902 -17.93670464 8 18.02822685 -21.07843018 8 21.26232147 -17.76267815 8 17.85392952 -21.08712959 8 21.26667213 -17.58821678 8 17.67941475 -21.08712959 8 21.26232147 -17.41375732 8 17.50511551 -21.07843018 8 21.24927902 -17.23972893 8 17.33146858 -21.06105423 8 21.22757912 -17.06657028 8 17.15890312 -21.03504372 8 21.19727516 -16.89470673 8 16.98784828 -21.00046539 8 21.15844154 -16.72456551 8 16.8187294 -20.95740128 8 21.11117554 -16.55657387 8 16.651968 -20.9059639 8 21.0555954 -16.39114761 8 16.48797798 -20.84627533 8 20.99183846 -16.22869492 8 16.3271656 -20.77848816 8 20.92006302 -16.06962395 8 16.16993332 -20.70276833 8 20.84044647 -15.91432858 8 16.01667213 -20.61930656 8 20.75318909 -15.76319408 8 15.8677597 -20.52830887 8 20.65850639 -15.61659718 8 15.72356892 -20.43000031 8 20.5566349 -15.47490215 8 15.5844574 -20.32462692 8 20.44782639 -15.33846092 8 15.45077133 -20.21245193 8 20.33235359 -15.20761299 8 15.3228426 -20.09375191 8 20.21050072 -15.08268356 8 15.20098972 -19.96882248 8 20.08257103 -14.96398354 8 19.94888496 -14.85180759 8 15.08551598 -19.83797455 8 19.8097744 -14.74643421 8 14.97670746 -19.70153236 8 19.66558266 -14.6481266 8 14.87483597 -19.55983734 8 19.51667213 -14.55712795 8 14.78015327 -19.41324043 8 14.69289589 -19.26210594 8 19.36340904 -14.47366619 8 19.20617676 -14.39794731 8 14.6132803 -19.10680962 8 14.54150486 -18.94773865 8 19.04536438 -14.33015919 8 18.88137436 -14.27047157 8 14.47774696 -18.78528786 8 14.42216682 -18.6198597 8 18.71461296 -14.21903229 8 18.54549408 -14.17597008 8 14.37490082 -18.45186806 8 18.37443924 -14.14138985 8 14.3360672 -18.28172874 8 18.20187378 -14.11538029 8 14.30576324 -18.10986519 8 18.02822685 -14.09800434 8 14.28406334 -17.93670464 8 17.85392952 -14.08930492 8 14.27102184 -17.76267815 8 17.67941475 -14.08930492 8 14.26667118 -17.58821678 8 14.27102184 -17.41375732 8 17.50511551 -14.09800434 8 14.28406334 -17.23972893 8 17.33146858 -14.11538029 8 17.15890312 -14.14138985 8 14.30576324 -17.06657028 8 14.3360672 -16.89470673 8 16.98784828 -14.17597008 8 16.8187294 -14.21903229 8 14.37490082 -16.72456551 8 16.651968 -14.27047157 8 14.42216682 -16.55657387 8 14.47774696 -16.39114761 8 16.48797798 -14.33015919 8 16.3271656 -14.39794731 8 14.54150486 -16.22869492 8 14.6132803 -16.06962395 8 16.16993332 -14.47366619 8 14.69289589 -15.91432858 8 16.01667213 -14.55712795 8 15.8677597 -14.6481266 8 14.78015327 -15.76319408 8 15.72356892 -14.74643421 8 14.87483597 -15.61659718 8 14.97670746 -15.47490215 8 15.5844574 -14.85180759 8 15.08551598 -15.33846092 8 15.45077133 -14.96398354 8 15.20098972 -15.20761299 8 15.3228426 -15.08268356 8 -12.26689529 17.58799171 8 -12.27373219 17.86214447 8 -12.29422569 18.1356144 8 -12.32832527 18.40772438 8 -12.37594604 18.67779541 8 -12.43696976 18.9451561 8 -12.51124477 19.20914459 8 -12.59858608 19.46910286 8 -12.69877625 19.7243824 8 -12.81156635 19.97435188 8 -12.93667603 20.2183876 8 -13.07379532 20.45588493 8 -13.22258186 20.68625069 8 -13.38266659 20.90891647 8 -13.55365086 21.12332344 8 -13.73511028 21.32894135 8 -13.92659283 21.52525902 8 -14.1276226 21.71178818 8 -14.33770084 21.88806534 8 -14.55630493 22.0536499 8 -14.78289032 22.2081337 8 -15.01689529 22.35113144 8 -15.25773621 22.48228645 8 -15.50481606 22.60127258 8 -15.75751972 22.7077961 8 -16.01521873 22.80159187 8 -16.27727318 22.88242531 8 -16.54302979 22.95009422 8 -16.81183052 23.00443459 8 -17.083004 23.04530716 8 -17.35587883 23.07261276 8 -17.629776 23.08628273 8 -17.90401459 23.08628273 8 -18.17790985 23.07261276 8 -18.45078468 23.04530716 8 -18.72196007 23.00443459 8 -18.9907608 22.95009422 8 -19.25651741 22.88242531 8 -19.51857185 22.80159187 8 -19.77626991 22.7077961 8 -20.02897453 22.60127258 8 -20.27605438 22.48228645 8 -20.51689529 22.35113144 8 -20.75090027 22.2081337 8 -20.97748566 22.0536499 8 -21.19608879 21.88806534 8 -21.40616798 21.71178818 8 -21.60719681 21.52525902 8 -21.79868126 21.32894135 8 -21.98013878 21.12332344 8 -22.15112305 20.90891647 8 -22.31120872 20.68625069 8 -22.45999527 20.45588493 8 -22.59711456 20.2183876 8 -22.72222328 19.97435188 8 -22.83501434 19.7243824 8 -22.93520546 19.46910286 8 -23.02254486 19.20914459 8 -23.09682083 18.9451561 8 -23.15784454 18.67779541 8 -23.20546532 18.40772438 8 -23.2395649 18.1356144 8 -23.26005745 17.86214447 8 -23.26689529 17.58799171 8 -23.26005745 17.31383896 8 -23.2395649 17.04036903 8 -23.20546532 16.76825905 8 -23.15784454 16.49818802 8 -23.09682083 16.23082542 8 -23.02254486 15.96683788 8 -22.93520546 15.70688057 8 -22.83501434 15.45160007 8 -22.72222328 15.20163059 8 -22.59711456 14.95759487 8 -22.45999527 14.72009754 8 -22.31120872 14.48973083 8 -22.15112305 14.26706696 8 -21.98013878 14.05265903 8 -21.79868126 13.84704113 8 -21.60719681 13.65072346 8 -21.40616798 13.4641943 8 -21.19608879 13.28791809 8 -20.97748566 13.12233257 8 -20.75090027 12.96784878 8 -20.51689529 12.82485199 8 -20.27605438 12.69369602 8 -20.02897453 12.57470894 8 -19.77626991 12.46818542 8 -19.51857185 12.3743906 8 -19.25651741 12.29355812 8 -18.9907608 12.22588825 8 -18.72196007 12.17154884 8 -18.45078468 12.13067532 8 -18.17790985 12.10337067 8 -17.90401459 12.0897007 8 -17.629776 12.0897007 8 -17.35587883 12.10337067 8 -17.083004 12.13067532 8 -16.81183052 12.17154884 8 -16.54302979 12.22588825 8 -16.27727318 12.29355812 8 -16.01521873 12.3743906 8 -15.75751972 12.46818542 8 -15.50481606 12.57470894 8 -15.25773621 12.69369602 8 -15.01689529 12.82485199 8 -14.78289032 12.96784878 8 -14.55630493 13.12233257 8 -14.33770084 13.28791809 8 -14.1276226 13.4641943 8 -13.92659283 13.65072346 8 -13.73511028 13.84704113 8 -13.55365086 14.05265903 8 -13.38266659 14.26706696 8 -13.22258186 14.48973083 8 -13.07379532 14.72009754 8 -12.93667603 14.95759487 8 -12.81156635 15.20163059 8 -12.69877625 15.45160007 8 -12.59858608 15.70688057 8 -12.51124477 15.96683788 8 -12.43696976 16.23082542 8 -12.37594604 16.49818802 8 -12.32832527 16.76825905 8 -12.29422569 17.04036903 8 -12.27373219 17.31383896 8 -15.32306671 15.08245754 8 -15.20121384 15.20738697 8 -15.45099449 14.96375751 8 -15.08573914 15.3382349 8 -15.58468056 14.85158157 8 -14.97693157 15.47467613 8 -15.72379208 14.74620819 8 -14.87505913 15.61637115 8 -15.86798286 14.64790058 8 -14.78037739 15.76296806 8 -16.01689529 14.55690193 8 -14.69312 15.91410255 8 -16.17015839 14.47344017 8 -14.61350441 16.06939888 8 -16.32739067 14.39772034 8 -14.54172802 16.22846985 8 -16.48820114 14.32993317 8 -14.47797108 16.39092064 8 -16.65219116 14.27024555 8 -14.42238998 16.5563488 8 -16.81895256 14.21880627 8 -14.37512493 16.72434044 8 -16.98807144 14.17574406 8 -14.33629131 16.89447975 8 -17.15912628 14.14116383 8 -14.30598736 17.06634331 8 -17.33169174 14.11515427 8 -14.28428745 17.23950386 8 -17.50534058 14.09777832 8 -14.27124596 17.41353035 8 -17.67963791 14.0890789 8 -14.26689529 17.58799171 8 -17.85415268 14.0890789 8 -14.27124596 17.76245117 8 -18.02845001 14.09777832 8 -14.28428745 17.93647957 8 -18.20209885 14.11515427 8 -14.30598736 18.10964012 8 -18.37466431 14.14116383 8 -14.33629131 18.28150368 8 -18.54571915 14.17574406 8 -14.37512493 18.45164299 8 -18.71483612 14.21880627 8 -14.42238998 18.61963463 8 -18.88159752 14.27024555 8 -14.47797108 18.78506088 8 -19.04558945 14.32993317 8 -14.54172802 18.94751358 8 -19.20639992 14.39772034 8 -14.61350441 19.10658455 8 -19.3636322 14.47344017 8 -14.69312 19.26188087 8 -19.51689529 14.55690193 8 -14.78037739 19.41301537 8 -19.66580772 14.64790058 8 -14.87505913 19.55961227 8 -19.80999756 14.74620819 8 -14.97693157 19.7013073 8 -19.94911003 14.85158157 8 -15.08573914 19.83774757 8 -20.0827961 14.96375751 8 -15.20121384 19.9685955 8 -20.21072388 15.08245754 8 -15.32306671 20.09352493 8 -20.33257675 15.20738697 8 -15.45099449 20.21222496 8 -20.44805145 15.3382349 8 -15.58468056 20.32440186 8 -15.72379208 20.42977524 8 -20.55685806 15.47467613 8 -15.86798286 20.52808189 8 -20.65873146 15.61637115 8 -16.01689529 20.61907959 8 -20.75341415 15.76296806 8 -20.84067154 15.91410255 8 -16.17015839 20.70254326 8 -20.92028618 16.06939888 8 -16.32739067 20.77826118 8 -20.99206161 16.22846985 8 -16.48820114 20.84605026 8 -16.65219116 20.90573692 8 -21.05581856 16.39092064 8 -21.1114006 16.5563488 8 -16.81895256 20.95717621 8 -16.98807144 21.00023842 8 -21.1586647 16.72434044 8 -17.15912628 21.03481865 8 -21.19749832 16.89447975 8 -17.33169174 21.06082916 8 -21.22780228 17.06634331 8 -17.50534058 21.07820511 8 -21.24950218 17.23950386 8 -17.67963791 21.08690262 8 -21.26254463 17.41353035 8 -17.85415268 21.08690262 8 -21.26689529 17.58799171 8 -21.26254463 17.76245117 8 -18.02845001 21.07820511 8 -21.24950218 17.93647957 8 -18.20209885 21.06082916 8 -18.37466431 21.03481865 8 -21.22780228 18.10964012 8 -21.19749832 18.28150368 8 -18.54571915 21.00023842 8 -18.71483612 20.95717621 8 -21.1586647 18.45164299 8 -18.88159752 20.90573692 8 -21.1114006 18.61963463 8 -19.04558945 20.84605026 8 -21.05581856 18.78506088 8 -20.99206161 18.94751358 8 -19.20639992 20.77826118 8 -19.3636322 20.70254326 8 -20.92028618 19.10658455 8 -20.84067154 19.26188087 8 -19.51689529 20.61907959 8 -19.66580772 20.52808189 8 -20.75341415 19.41301537 8 -19.80999756 20.42977524 8 -20.65873146 19.55961227 8 -20.55685806 19.7013073 8 -19.94911003 20.32440186 8 -20.44805145 19.83774757 8 -20.0827961 20.21222496 8 -20.21072388 20.09352493 8 -20.33257675 19.9685955 8 -12.08787632 -17.76700783 8 -12.09471321 -17.49285698 8 -12.11520767 -17.21938515 8 -12.14930725 -16.94727707 8 -12.19692802 -16.67720413 8 -12.25795174 -16.40984344 8 -12.3322258 -16.14585495 8 -12.41956711 -15.88589764 8 -12.51975727 -15.63061714 8 -12.63254738 -15.38064861 8 -12.757658 -15.13661194 8 -12.89477634 -14.89911556 8 -13.04356289 -14.66874886 8 -13.20364761 -14.44608402 8 -13.37463188 -14.23167706 8 -13.55609131 -14.0260582 8 -13.74757385 -13.82974148 8 -13.94860458 -13.64321232 8 -14.15868282 -13.46693516 8 -14.37728596 -13.30134964 8 -14.6038723 -13.14686584 8 -14.83787632 -13.00386906 8 -15.07871819 -12.87271404 8 -15.32579708 -12.75372696 8 -15.57850075 -12.64720345 8 -15.83619976 -12.55340862 8 -16.09825325 -12.47257519 8 -16.36401176 -12.40490532 8 -16.6328125 -12.35056591 8 -16.90398598 -12.30969334 8 -17.17686081 -12.28238773 8 -17.45075798 -12.26871777 8 -17.72499466 -12.26871777 8 -17.99889183 -12.28238773 8 -18.27176666 -12.30969334 8 -18.54294205 -12.35056591 8 -18.81174088 -12.40490532 8 -19.07749939 -12.47257519 8 -19.33955383 -12.55340862 8 -19.59725189 -12.64720345 8 -19.84995651 -12.75372696 8 -20.09703445 -12.87271404 8 -20.33787727 -13.00386906 8 -20.57188034 -13.14686584 8 -20.79846764 -13.30134964 8 -21.01707077 -13.46693516 8 -21.22714806 -13.64321232 8 -21.42817879 -13.82974148 8 -21.61966133 -14.0260582 8 -21.80112076 -14.23167706 8 -21.97210503 -14.44608402 8 -22.1321907 -14.66874886 8 -22.28097725 -14.89911556 8 -22.41809464 -15.13661194 8 -22.54320526 -15.38064861 8 -22.65599632 -15.63061714 8 -22.75618553 -15.88589764 8 -22.84352684 -16.14585495 8 -22.9178009 -16.40984344 8 -22.97882462 -16.67720413 8 -23.02644539 -16.94727707 8 -23.06054497 -17.21938515 8 -23.08103943 -17.49285698 8 -23.08787727 -17.76700783 8 -23.08103943 -18.04116058 8 -23.06054497 -18.31463242 8 -23.02644539 -18.58674049 8 -22.97882462 -18.85681343 8 -22.9178009 -19.12417412 8 -22.84352684 -19.38816261 8 -22.75618553 -19.64811897 8 -22.65599632 -19.90340042 8 -22.54320526 -20.1533699 8 -22.41809464 -20.39740562 8 -22.28097725 -20.63490295 8 -22.1321907 -20.86526871 8 -21.97210503 -21.08793259 8 -21.80112076 -21.30234146 8 -21.61966133 -21.50795937 8 -21.42817879 -21.70427704 8 -21.22714806 -21.8908062 8 -21.01707077 -22.06708145 8 -20.79846764 -22.23266792 8 -20.57188034 -22.38715172 8 -20.33787727 -22.53014755 8 -20.09703445 -22.66130447 8 -19.84995651 -22.7802906 8 -19.59725189 -22.88681412 8 -19.33955383 -22.98060989 8 -19.07749939 -23.06144142 8 -18.81174088 -23.12911224 8 -18.54294205 -23.1834507 8 -18.27176666 -23.22432518 8 -17.99889183 -23.25162888 8 -17.72499466 -23.26529884 8 -17.45075798 -23.26529884 8 -17.17686081 -23.25162888 8 -16.90398598 -23.22432518 8 -16.6328125 -23.1834507 8 -16.36401176 -23.12911224 8 -16.09825325 -23.06144142 8 -15.83619976 -22.98060989 8 -15.57850075 -22.88681412 8 -15.32579708 -22.7802906 8 -15.07871819 -22.66130447 8 -14.83787632 -22.53014755 8 -14.6038723 -22.38715172 8 -14.37728596 -22.23266792 8 -14.15868282 -22.06708145 8 -13.94860458 -21.8908062 8 -13.74757385 -21.70427704 8 -13.55609131 -21.50795937 8 -13.37463188 -21.30234146 8 -13.20364761 -21.08793259 8 -13.04356289 -20.86526871 8 -12.89477634 -20.63490295 8 -12.757658 -20.39740562 8 -12.63254738 -20.1533699 8 -12.51975727 -19.90340042 8 -12.41956711 -19.64811897 8 -12.3322258 -19.38816261 8 -12.25795174 -19.12417412 8 -12.19692802 -18.85681343 8 -12.14930725 -18.58674049 8 -12.11520767 -18.31463242 8 -12.09471321 -18.04116058 8 -15.14404774 -20.27254295 8 -15.02219486 -20.14761353 8 -15.27197647 -20.39124298 8 -14.90672112 -20.01676559 8 -15.40566254 -20.50341797 8 -14.7979126 -19.88032341 8 -15.54477406 -20.60879135 8 -14.69604111 -19.73862839 8 -15.68896484 -20.70709991 8 -14.60135841 -19.59203148 8 -15.83787632 -20.79809761 8 -14.51410103 -19.44089699 8 -15.99113941 -20.88155937 8 -14.43448544 -19.28560257 8 -16.14837074 -20.95727921 8 -14.36271 -19.12652969 8 -16.30918312 -21.02506638 8 -14.2989521 -18.9640789 8 -16.47317314 -21.08475494 8 -14.24337196 -18.79865265 8 -16.63993454 -21.13619423 8 -14.19610596 -18.6306591 8 -16.80905342 -21.17925644 8 -14.15727329 -18.46051979 8 -16.98010826 -21.21383667 8 -14.12696838 -18.28865623 8 -17.15267372 -21.23984528 8 -14.10526848 -18.11549568 8 -17.32632065 -21.25722122 8 -14.09222698 -17.94146919 8 -17.50061989 -21.26592064 8 -14.08787632 -17.76700783 8 -17.67513466 -21.26592064 8 -14.09222698 -17.59254837 8 -17.84943199 -21.25722122 8 -14.10526848 -17.41852188 8 -18.02307892 -21.23984528 8 -14.12696838 -17.24536133 8 -18.19564438 -21.21383667 8 -14.15727329 -17.07349777 8 -18.36669922 -21.17925644 8 -14.19610596 -16.90335846 8 -18.5358181 -21.13619423 8 -14.24337196 -16.73536491 8 -18.7025795 -21.08475494 8 -14.2989521 -16.56993866 8 -18.86656952 -21.02506638 8 -14.36271 -16.40748787 8 -19.0273819 -20.95727921 8 -14.43448544 -16.24841499 8 -19.18461418 -20.88155937 8 -14.51410103 -16.09312057 8 -19.33787727 -20.79809761 8 -14.60135841 -15.94198513 8 -19.4867878 -20.70709991 8 -14.69604111 -15.79538822 8 -19.63097954 -20.60879135 8 -14.7979126 -15.6536932 8 -19.7700901 -20.50341797 8 -14.90672112 -15.51725197 8 -19.90377617 -20.39124298 8 -15.02219486 -15.38640404 8 -20.03170586 -20.27254295 8 -15.14404774 -15.26147461 8 -20.15355873 -20.14761353 8 -15.27197647 -15.14277458 8 -20.26903152 -20.01676559 8 -15.40566254 -15.03059864 8 -15.54477406 -14.92522526 8 -20.37784004 -19.88032341 8 -15.68896484 -14.82691765 8 -20.47971153 -19.73862839 8 -15.83787632 -14.73591995 8 -20.57439423 -19.59203148 8 -20.66165161 -19.44089699 8 -15.99113941 -14.65245724 8 -16.14837074 -14.57673836 8 -20.74126816 -19.28560257 8 -16.30918312 -14.50895023 8 -20.81304359 -19.12652969 8 -16.47317314 -14.44926262 8 -20.87680054 -18.9640789 8 -20.93238068 -18.79865265 8 -16.63993454 -14.39782429 8 -16.80905342 -14.35476112 8 -20.97964668 -18.6306591 8 -21.0184803 -18.46051979 8 -16.98010826 -14.32018185 8 -17.15267372 -14.29417133 8 -21.04878426 -18.28865623 8 -17.32632065 -14.27679539 8 -21.07048416 -18.11549568 8 -17.50061989 -14.26809692 8 -21.08352661 -17.94146919 8 -17.67513466 -14.26809692 8 -21.08787727 -17.76700783 8 -21.08352661 -17.59254837 8 -17.84943199 -14.27679539 8 -21.07048416 -17.41852188 8 -18.02307892 -14.29417133 8 -18.19564438 -14.32018185 8 -21.04878426 -17.24536133 8 -21.0184803 -17.07349777 8 -18.36669922 -14.35476112 8 -18.5358181 -14.39782429 8 -20.97964668 -16.90335846 8 -18.7025795 -14.44926262 8 -20.93238068 -16.73536491 8 -18.86656952 -14.50895023 8 -20.87680054 -16.56993866 8 -19.0273819 -14.57673836 8 -20.81304359 -16.40748787 8 -20.74126816 -16.24841499 8 -19.18461418 -14.65245724 8 -19.33787727 -14.73591995 8 -20.66165161 -16.09312057 8 -19.4867878 -14.82691765 8 -20.57439423 -15.94198513 8 -20.47971153 -15.79538822 8 -19.63097954 -14.92522526 8 -20.37784004 -15.6536932 8 -19.7700901 -15.03059864 8 -20.26903152 -15.51725197 8 -19.90377617 -15.14277458 8 -20.03170586 -15.26147461 8 -20.15355873 -15.38640404 8</float_array>
          <technique_common>
            <accessor source="#pos_0-array" count="33138" stride="3">
              <param name="X" type="float"/>
              <param name="Y" type="float"/>
              <param name="Z" type="float"/>
            </accessor>
          </technique_common>
        </source>
        <source id="uvs_0">
          <float_array id="uvs_0-array" count="0"></float_array>
          <technique_common>
            <accessor source="#uvs_0-array" count="0" stride="2">
              <param name="S" type="float"/>
              <param name="T" type="float"/>
            </accessor>
          </technique_common>
        </source>
        <vertices id="vert_0">
          <input semantic="POSITION" source="#pos_0"/>
        </vertices>
        <triangles count="22128" material="mat_0">
          <input semantic="VERTEX" source="#vert_0" offset="0"/>
          <p>0 1 2 3 4 1 5 1 0 6 3 1 7 8 4 9 8 7 10 8 11 1 8 2 2 8 10 4 8 1 12 13 9 14 13 12 15 13 16 11 13 15 8 13 11 9 13 8 17 18 14 19 18 17 13 18 16 20 18 21 16 18 20 14 18 13 18 22 21 23 22 19 24 22 23 19 22 18 25 22 26 21 22 25 24 27 22 22 27 26 28 27 24 29 27 28 30 27 31 26 27 30 32 33 29 34 33 32 35 33 36 31 33 35 29 33 27 27 33 31 37 38 34 39 38 37 40 38 41 36 38 40 34 38 33 33 38 36 39 42 38 38 42 41 43 42 39 44 42 43 45 42 46 41 42 45 44 47 42 42 47 46 48 47 49 50 47 44 46 47 48 51 47 50 52 53 54 49 53 52 55 53 51 56 53 55 51 53 47 47 53 49 56 57 53 58 57 59 54 57 58 60 57 56 61 57 60 53 57 54 61 62 57 57 62 59 63 62 64 59 62 63 65 62 61 66 62 65 67 68 69 64 68 67 70 68 66 71 68 70 66 68 62 62 68 64 72 73 74 69 73 72 71 73 68 75 73 71 76 73 75 68 73 69 76 77 73 78 77 79 74 77 78 73 77 74 80 77 76 81 77 80 77 82 79 83 82 84 79 82 83 85 82 81 86 82 85 81 82 77 87 88 89 84 88 87 90 88 86 91 88 90 86 88 82 82 88 84 92 93 94 89 93 92 91 93 88 88 93 89 95 93 91 96 93 95 97 98 99 94 98 97 96 98 93 93 98 94 100 98 96 101 98 100 102 103 104 99 103 102 98 103 99 101 103 98 105 103 101 106 103 105 107 108 109 104 108 107 106 108 103 110 108 106 111 108 110 103 108 104 108 112 109 111 112 108 113 112 114 109 112 113 115 112 111 116 112 115 117 118 119 114 118 117 112 118 114 116 118 112 120 118 116 121 118 120 122 123 124 119 123 122 125 123 121 126 123 125 118 123 119 121 123 118 127 128 129 124 128 127 130 128 126 131 128 130 123 128 124 126 128 123 132 133 134 129 133 132 128 133 129 131 133 128 135 133 131 136 133 135 137 138 139 134 138 137 133 138 134 136 138 133 140 138 136 141 138 140 141 142 138 143 142 144 139 142 143 145 142 141 146 142 145 138 142 139 147 148 149 144 148 147 142 148 144 146 148 142 150 148 146 151 148 150 152 153 154 149 153 152 148 153 149 151 153 148 155 153 151 156 153 155 157 158 159 154 158 157 153 158 154 156 158 153 160 158 156 161 158 160 158 162 159 161 162 158 163 162 164 159 162 163 165 162 161 166 162 165 167 168 169 164 168 167 162 168 164 166 168 162 170 168 166 171 168 170 171 172 168 173 172 174 169 172 173 168 172 169 175 172 171 176 172 175 177 178 179 174 178 177 172 178 174 176 178 172 180 178 176 181 178 180 182 183 181 184 183 182 178 183 179 181 183 178 185 183 186 179 183 185 187 188 184 189 188 187 190 188 191 186 188 190 184 188 183 183 188 186 192 193 189 194 193 192 195 193 196 191 193 195 189 193 188 188 193 191 197 198 194 199 198 197 200 198 201 196 198 200 193 198 196 194 198 193 202 203 199 204 203 202 205 203 206 201 203 205 199 203 198 198 203 201 207 208 209 206 208 207 210 208 204 211 208 210 203 208 206 204 208 203 208 212 209 213 212 214 209 212 213 211 212 208 215 212 211 216 212 215 217 218 219 214 218 217 220 218 216 221 218 220 212 218 214 216 218 212 222 223 224 219 223 222 225 223 221 226 223 225 221 223 218 218 223 219 227 228 229 224 228 227 226 228 223 230 228 226 231 228 230 223 228 224 232 233 231 234 233 232 228 233 229 231 233 228 235 233 236 229 233 235 237 238 234 239 238 237 234 238 233 233 238 236 240 238 241 236 238 240 242 243 239 244 243 242 239 243 238 238 243 241 245 243 246 241 243 245 243 247 246 244 247 243 248 247 244 249 247 248 250 247 251 246 247 250 247 252 251 249 252 247 253 252 249 254 252 253 255 252 256 251 252 255 257 258 254 259 258 257 252 258 256 254 258 252 260 258 261 256 258 260 262 263 259 264 263 262 259 263 258 258 263 261 265 263 266 261 263 265 267 268 264 269 268 267 264 268 263 263 268 266 270 268 271 266 268 270 272 273 269 274 273 272 269 273 268 275 273 276 268 273 271 271 273 275 277 278 274 279 278 277 280 278 281 276 278 280 274 278 273 273 278 276 279 282 278 278 282 281 283 282 279 284 282 283 285 282 286 281 282 285 284 287 282 282 287 286 288 287 284 289 287 288 290 287 291 286 287 290 289 292 287 287 292 291 293 292 289 294 292 293 295 292 296 291 292 295 292 297 296 298 297 294 294 297 292 299 297 298 300 297 301 296 297 300 302 303 299 304 303 302 297 303 301 299 303 297 305 303 306 301 303 305 307 308 304 309 308 307 303 308 306 310 308 311 306 308 310 304 308 303 308 312 311 313 312 309 6 312 313 5 312 1 1 312 6 314 312 5 311 312 314 309 312 308 39 315 43 44 43 315 37 315 39 50 44 315 34 315 37 51 50 315 32 315 34 55 51 315 29 315 32 56 55 315 28 315 29 60 56 315 24 315 28 61 60 315 23 315 24 65 61 315 19 315 23 66 65 315 17 315 19 70 66 315 14 315 17 71 70 315 12 315 14 75 71 315 9 315 12 76 75 315 7 315 9 80 76 315 4 315 7 81 80 315 3 315 4 85 81 315 86 85 315 90 86 315 91 90 315 95 91 315 96 95 315 100 96 315 316 315 3 316 284 283 316 288 284 316 289 288 316 293 289 316 294 293 316 298 294 316 299 298 316 302 299 316 304 302 316 307 304 316 309 307 316 313 309 316 6 313 316 3 6 279 316 283 277 316 279 274 316 277 272 316 274 269 316 272 267 316 269 264 316 267 262 316 264 259 316 262 257 316 259 254 316 257 253 316 254 249 316 253 248 316 249 244 316 248 242 316 244 239 316 242 237 316 239 234 316 237 232 316 234 231 316 232 230 316 231 226 316 230 225 316 226 317 120 116 318 121 120 318 120 317 319 116 115 319 317 116 320 115 111 320 319 115 321 125 121 321 121 318 322 111 110 322 320 111 323 125 321 324 110 106 324 322 110 325 126 125 325 125 323 326 106 105 326 324 106 327 130 126 327 126 325 328 326 105 328 105 101 329 130 327 329 131 130 330 135 131 330 131 329 331 328 101 331 101 100 332 331 100 332 100 315 333 136 135 333 135 330 334 332 315 335 140 136 335 136 333 336 334 315 337 141 140 337 140 335 338 336 315 339 141 337 340 338 315 341 145 141 341 141 339 342 340 315 343 146 145 343 145 341 344 342 315 345 150 146 345 146 343 346 344 315 347 151 150 347 150 345 348 346 315 349 151 347 349 155 151 349 156 155 349 160 156 349 161 160 350 165 161 350 166 165 350 170 166 350 171 170 350 161 349 351 175 171 351 171 350 352 176 175 352 175 351 353 180 176 353 176 352 354 180 353 354 181 180 355 181 354 356 181 355 356 182 181 357 182 356 357 184 182 358 184 357 358 187 184 359 189 187 359 187 358 360 189 359 360 192 189 361 194 192 361 192 360 362 194 361 362 197 194 363 197 362 364 197 363 364 199 197 365 199 364 365 202 199 366 202 365 366 204 202 367 204 366 367 210 204 368 210 367 368 211 210 369 211 368 369 215 211 370 216 215 370 215 369 371 216 370 371 220 216 372 221 220 372 220 371 373 225 221 373 221 372 374 225 373 374 316 225 375 316 374 376 316 375 377 316 376 378 316 377 379 380 381 382 380 379 382 383 380 382 384 383 385 379 381 385 381 386 387 388 384 387 384 382 389 385 386 389 386 390 391 388 387 391 392 388 393 389 390 393 390 394 395 392 391 395 396 392 397 393 394 397 394 398 399 400 396 399 396 395 401 398 402 401 397 398 403 404 400 403 400 399 405 401 402 405 402 406 407 404 403 407 408 404 409 405 406 409 406 410 411 408 407 411 412 408 411 413 412 414 409 410 414 410 415 416 413 411 416 417 413 418 415 419 418 414 415 420 417 416 420 421 417 422 421 420 422 423 421 424 423 422 424 425 423 426 425 424 427 425 426 428 425 427 429 430 425 429 425 428 431 430 429 432 430 431 433 430 432 434 430 433 434 435 430 436 435 434 436 437 435 438 437 436 438 439 437 440 439 438 440 441 439 442 443 441 442 444 443 442 441 440 445 446 444 445 444 442 447 448 446 447 446 445 449 448 447 449 450 448 451 452 450 451 450 449 453 454 452 453 452 451 455 456 454 455 454 453 457 458 456 457 459 458 457 456 455 460 461 459 460 459 457 462 463 464 462 464 348 462 465 418 462 466 463 462 467 465 462 468 466 462 469 467 462 470 468 462 471 470 462 472 469 462 473 471 462 474 472 462 475 473 462 476 474 462 419 475 462 477 476 462 478 477 462 479 478 462 480 479 462 481 480 462 418 419 462 482 481 462 483 482 462 484 483 462 485 484 462 486 485 462 487 486 462 488 487 462 489 488 462 490 489 462 491 490 462 492 491 462 348 315 493 492 462 494 495 461 494 461 460 496 493 462 497 498 495 497 495 494 499 496 462 500 501 498 500 498 497 502 499 462 503 501 500 503 504 501 505 502 462 506 507 504 506 504 503 508 505 462 509 510 507 509 507 506 511 508 462 512 513 510 512 510 509 514 511 462 515 516 513 515 513 512 517 514 462 518 519 516 518 516 515 520 517 462 521 520 462 522 521 462 523 522 462 524 523 462 525 524 462 526 525 462 527 528 529 527 530 528 527 531 530 527 532 531 527 518 532 527 533 519 527 534 533 527 535 534 527 536 535 527 526 462 527 519 518 527 537 526 527 538 537 527 539 538 527 540 539 527 541 540 527 542 541 527 543 542 527 544 543 527 545 544 527 546 545 527 547 546 527 548 547 527 549 548 527 550 549 527 551 550 527 552 551 527 553 552 527 554 553 527 555 554 527 556 555 527 557 556 527 558 557 527 559 558 527 560 559 527 561 560 527 562 561 527 563 562 527 564 563 527 565 564 527 566 565 527 567 566 527 568 567 527 529 568 527 316 569 569 316 570 570 316 571 571 316 572 572 316 378 527 569 573 527 573 574 527 574 575 527 575 576 527 576 536 577 578 159 159 578 157 157 578 154 154 579 152 578 579 154 152 580 149 579 580 152 149 581 147 580 581 149 147 582 144 581 582 147 144 583 143 582 583 144 143 584 139 583 584 143 139 585 137 584 585 139 137 586 134 585 586 137 134 587 132 586 587 134 587 588 132 132 588 129 588 589 129 129 589 127 589 590 127 127 590 124 590 591 124 124 591 122 591 592 122 122 592 119 592 593 119 119 593 117 593 594 117 117 594 114 594 595 114 114 595 113 595 596 113 113 596 109 596 597 109 109 597 107 597 598 107 598 599 107 107 599 104 104 599 102 102 600 99 599 600 102 99 601 97 600 601 99 601 602 97 97 603 94 94 603 92 602 603 97 92 604 89 603 604 92 89 605 87 604 605 89 605 606 87 87 607 84 84 607 83 606 607 87 83 608 79 607 608 83 79 609 78 608 609 79 78 610 74 609 610 78 74 611 72 610 611 74 72 612 69 611 612 72 612 613 69 613 614 69 69 614 67 67 614 64 614 615 64 64 615 63 615 616 63 63 616 59 616 617 59 59 617 58 617 618 58 58 618 54 618 619 54 54 619 52 619 620 52 620 621 52 52 621 49 49 621 48 621 622 48 48 622 46 622 623 46 46 623 45 623 624 45 45 624 41 624 625 41 41 625 40 625 626 40 40 626 36 626 627 36 36 627 35 627 628 35 628 629 35 35 629 31 31 629 30 629 630 30 30 630 26 630 631 26 26 631 25 631 632 25 632 633 25 25 633 21 633 634 21 21 634 20 20 634 16 16 635 15 634 635 16 15 636 11 635 636 15 11 637 10 636 637 11 637 638 10 638 639 10 10 639 2 639 640 2 2 640 0 640 641 0 0 641 5 5 641 314 641 642 314 314 642 311 642 643 311 643 644 311 311 644 310 644 645 310 310 645 306 306 645 305 645 646 305 305 646 301 646 647 301 301 647 300 647 648 300 648 649 300 300 649 296 296 649 295 295 650 291 649 650 295 650 651 291 291 652 290 290 652 286 651 652 291 286 653 285 652 653 286 285 654 281 653 654 285 654 655 281 281 656 280 280 656 276 655 656 281 276 657 275 656 657 276 657 658 275 275 659 271 271 659 270 658 659 275 659 660 270 270 661 266 266 661 265 660 661 270 661 662 265 265 663 261 261 663 260 662 663 265 663 664 260 664 665 260 260 665 256 665 666 256 256 666 255 255 666 251 666 667 251 667 668 251 251 668 250 250 669 246 668 669 250 246 670 245 669 670 246 245 671 241 670 671 245 241 672 240 240 672 236 671 672 241 672 673 236 236 674 235 673 674 236 235 675 229 674 675 235 229 676 227 227 676 224 675 676 229 224 677 222 676 677 224 677 678 222 222 679 219 219 679 217 678 679 222 217 680 214 679 680 217 214 681 213 680 681 214 681 682 213 213 683 209 209 683 207 682 683 213 207 684 206 683 684 207 684 685 206 206 686 205 205 686 201 685 686 206 686 687 201 201 688 200 687 688 201 688 689 200 200 689 196 196 689 195 689 690 195 195 691 191 191 691 190 690 691 195 691 692 190 190 693 186 186 693 185 692 693 190 693 694 185 694 695 185 185 695 179 695 696 179 179 696 177 177 696 174 696 697 174 697 698 174 174 698 173 698 699 173 173 699 169 169 699 167 699 700 167 167 700 164 700 701 164 164 702 163 701 702 164 702 577 163 163 577 159 703 704 705 429 428 704 706 704 703 431 429 704 427 707 428 426 707 427 708 707 709 704 707 705 705 707 708 428 707 704 424 710 426 422 710 424 711 710 712 709 710 711 707 710 709 426 710 707 420 713 422 416 713 420 710 713 712 714 713 715 712 713 714 422 713 710 713 716 715 411 716 416 407 716 411 416 716 713 717 716 718 715 716 717 407 719 716 716 719 718 403 719 407 399 719 403 720 719 721 718 719 720 395 722 399 391 722 395 723 722 724 721 722 723 399 722 719 719 722 721 387 725 391 382 725 387 726 725 727 724 725 726 391 725 722 722 725 724 382 728 725 725 728 727 379 728 382 385 728 379 729 728 730 727 728 729 385 731 728 728 731 730 732 731 733 389 731 385 730 731 732 393 731 389 734 735 736 733 735 734 397 735 393 401 735 397 393 735 731 731 735 733 401 737 735 738 737 739 736 737 738 405 737 401 409 737 405 735 737 736 409 740 737 737 740 739 741 740 742 739 740 741 414 740 409 418 740 414 743 744 745 742 744 743 465 744 418 467 744 465 418 744 740 740 744 742 746 747 748 745 747 746 467 747 744 469 747 467 472 747 469 744 747 745 472 749 747 750 749 751 748 749 750 747 749 748 474 749 472 476 749 474 749 752 751 753 752 754 751 752 753 477 752 476 478 752 477 476 752 749 755 756 757 754 756 755 479 756 478 480 756 479 478 756 752 752 756 754 758 759 760 757 759 758 480 759 756 756 759 757 481 759 480 482 759 481 482 761 759 762 761 763 760 761 762 759 761 760 483 761 482 484 761 483 764 765 766 763 765 764 761 765 763 484 765 761 485 765 484 486 765 485 767 768 769 766 768 767 486 768 765 487 768 486 488 768 487 765 768 766 768 770 769 488 770 768 771 770 772 769 770 771 489 770 488 490 770 489 773 774 775 772 774 773 770 774 772 490 774 770 491 774 490 492 774 491 776 777 778 775 777 776 493 777 492 496 777 493 774 777 775 492 777 774 779 780 781 778 780 779 499 780 496 502 780 499 777 780 778 496 780 777 782 783 784 781 783 782 780 783 781 502 783 780 505 783 502 508 783 505 785 786 787 784 786 785 783 786 784 508 786 783 511 786 508 514 786 511 514 788 786 789 788 790 787 788 789 517 788 514 520 788 517 786 788 787 791 792 793 790 792 791 788 792 790 520 792 788 521 792 520 522 792 521 794 795 796 793 795 794 792 795 793 522 795 792 523 795 522 524 795 523 797 798 799 796 798 797 795 798 796 524 798 795 525 798 524 526 798 525 798 800 799 526 800 798 801 800 802 799 800 801 537 800 526 538 800 537 803 804 805 802 804 803 800 804 802 538 804 800 539 804 538 540 804 539 806 807 808 805 807 806 804 807 805 540 807 804 541 807 540 542 807 541 809 810 811 808 810 809 807 810 808 542 810 807 543 810 542 544 810 543 545 812 544 546 812 545 810 812 811 544 812 810 813 812 814 811 812 813 547 815 546 548 815 547 816 815 817 814 815 816 546 815 812 812 815 814 549 818 548 550 818 549 819 818 820 817 818 819 548 818 815 815 818 817 551 821 550 552 821 551 822 821 823 820 821 822 818 821 820 550 821 818 553 824 552 554 824 553 825 824 826 823 824 825 552 824 821 821 824 823 827 828 829 826 828 827 555 828 554 556 828 555 824 828 826 554 828 824 828 830 829 831 830 832 829 830 831 556 830 828 557 830 556 558 830 557 833 834 835 832 834 833 559 834 558 560 834 559 830 834 832 558 834 830 836 837 838 835 837 836 561 837 560 562 837 561 560 837 834 834 837 835 839 840 841 838 840 839 562 840 837 563 840 562 564 840 563 837 840 838 565 842 564 566 842 565 840 842 841 564 842 840 843 842 844 841 842 843 567 845 566 568 845 567 566 845 842 842 845 844 846 845 847 844 845 846 529 848 568 528 848 529 568 848 845 845 848 847 849 848 850 847 848 849 848 851 850 528 851 848 530 851 528 531 851 530 852 851 853 850 851 852 851 854 853 531 854 851 532 854 531 518 854 532 855 854 856 853 854 855 515 857 518 512 857 515 854 857 856 518 857 854 858 857 859 856 857 858 509 860 512 506 860 509 512 860 857 857 860 859 861 860 862 859 860 861 503 863 506 500 863 503 506 863 860 860 863 862 864 863 865 862 863 864 497 866 500 494 866 497 500 866 863 867 866 868 863 866 865 865 866 867 460 869 494 457 869 460 870 869 871 868 869 870 494 869 866 866 869 868 457 872 869 869 872 871 455 872 457 453 872 455 873 872 874 871 872 873 872 875 874 453 875 872 451 875 453 449 875 451 876 875 877 874 875 876 449 878 875 875 878 877 447 878 449 445 878 447 879 878 880 877 878 879 878 881 880 442 881 445 440 881 442 445 881 878 882 881 883 880 881 882 438 884 440 436 884 438 881 884 883 440 884 881 885 884 886 883 884 885 434 887 436 433 887 434 884 887 886 888 887 889 886 887 888 436 887 884 887 890 889 432 890 433 431 890 432 706 890 704 704 890 431 891 890 706 889 890 891 433 890 887 892 893 799 799 893 797 797 893 796 796 894 794 893 894 796 794 895 793 894 895 794 793 896 791 895 896 793 791 897 790 896 897 791 790 898 789 897 898 790 789 899 787 898 899 789 787 900 785 899 900 787 785 901 784 900 901 785 784 902 782 901 902 784 902 903 782 782 903 781 903 904 781 781 904 779 904 905 779 779 905 778 905 906 778 778 906 776 906 907 776 776 907 775 907 908 775 775 908 773 908 909 773 773 909 772 909 910 772 772 910 771 910 911 771 771 911 769 911 912 769 769 912 767 912 913 767 913 914 767 767 914 766 766 914 764 764 915 763 914 915 764 763 916 762 915 916 763 916 917 762 762 918 760 760 918 758 917 918 762 758 919 757 918 919 758 757 920 755 919 920 757 920 921 755 755 922 754 754 922 753 921 922 755 753 923 751 922 923 753 751 924 750 923 924 751 750 925 748 924 925 750 748 926 746 925 926 748 746 927 745 926 927 746 927 928 745 928 929 745 745 929 743 743 929 742 929 930 742 742 930 741 930 931 741 741 931 739 931 932 739 739 932 738 932 933 738 738 933 736 933 934 736 736 934 734 934 935 734 935 936 734 734 936 733 733 936 732 936 937 732 732 937 730 937 938 730 730 938 729 938 939 729 729 939 727 939 940 727 727 940 726 940 941 726 726 941 724 941 942 724 724 942 723 942 943 723 943 944 723 723 944 721 721 944 720 944 945 720 720 945 718 945 946 718 718 946 717 946 947 717 947 948 717 717 948 715 948 949 715 715 949 714 714 949 712 712 950 711 949 950 712 711 951 709 950 951 711 709 952 708 951 952 709 952 953 708 953 954 708 708 954 705 954 955 705 705 955 703 955 956 703 703 956 706 706 956 891 956 957 891 891 957 889 957 958 889 958 959 889 889 959 888 959 960 888 888 960 886 886 960 885 960 961 885 885 961 883 961 962 883 883 962 882 962 963 882 963 964 882 882 964 880 880 964 879 879 965 877 964 965 879 965 966 877 877 967 876 876 967 874 966 967 877 874 968 873 967 968 874 873 969 871 968 969 873 969 970 871 871 971 870 870 971 868 970 971 871 868 972 867 971 972 868 972 973 867 867 974 865 865 974 864 973 974 867 974 975 864 864 976 862 862 976 861 975 976 864 976 977 861 861 978 859 859 978 858 977 978 861 978 979 858 979 980 858 858 980 856 980 981 856 856 981 855 855 981 853 981 982 853 982 983 853 853 983 852 852 984 850 983 984 852 850 985 849 984 985 850 849 986 847 985 986 849 847 987 846 846 987 844 986 987 847 987 988 844 844 989 843 988 989 844 843 990 841 989 990 843 841 991 839 839 991 838 990 991 841 838 992 836 991 992 838 992 993 836 836 994 835 835 994 833 993 994 836 833 995 832 994 995 833 832 996 831 995 996 832 996 997 831 831 998 829 829 998 827 997 998 831 827 999 826 998 999 827 999 1000 826 826 1001 825 825 1001 823 1000 1001 826 1001 1002 823 823 1003 822 1002 1003 823 1003 1004 822 822 1004 820 820 1004 819 1004 1005 819 819 1006 817 817 1006 816 1005 1006 819 1006 1007 816 816 1008 814 814 1008 813 1007 1008 816 1008 1009 813 1009 1010 813 813 1010 811 1010 1011 811 811 1011 809 809 1011 808 1011 1012 808 1012 1013 808 808 1013 806 1013 1014 806 806 1014 805 805 1014 803 1014 1015 803 803 1015 802 1015 1016 802 802 1017 801 1016 1017 802 1017 892 801 801 892 799 1018 1019 1020 1021 1022 1019 1023 1019 1018 1024 1021 1019 1025 1026 1022 1027 1026 1025 1028 1026 1029 1019 1026 1020 1020 1026 1028 1022 1026 1019 1030 1031 1027 1032 1031 1030 1033 1031 1034 1029 1031 1033 1026 1031 1029 1027 1031 1026 1035 1036 1032 1037 1036 1035 1031 1036 1034 1038 1036 1039 1034 1036 1038 1032 1036 1031 1036 1040 1039 1041 1040 1037 1042 1040 1041 1037 1040 1036 1043 1040 1044 1039 1040 1043 1042 1045 1040 1040 1045 1044 1046 1045 1042 1047 1045 1046 1048 1045 1049 1044 1045 1048 1050 1051 1047 1052 1051 1050 1053 1051 1054 1049 1051 1053 1047 1051 1045 1045 1051 1049 1055 1056 1052 1057 1056 1055 1058 1056 1059 1054 1056 1058 1052 1056 1051 1051 1056 1054 1057 1060 1056 1056 1060 1059 1061 1060 1057 1062 1060 1061 1063 1060 1064 1059 1060 1063 1062 1065 1060 1060 1065 1064 1066 1065 1067 1068 1065 1062 1064 1065 1066 1069 1065 1068 1070 1071 1072 1067 1071 1070 1073 1071 1069 1074 1071 1073 1069 1071 1065 1065 1071 1067 1074 1075 1071 1076 1075 1077 1072 1075 1076 1078 1075 1074 1079 1075 1078 1071 1075 1072 1079 1080 1075 1075 1080 1077 1081 1080 1082 1077 1080 1081 1083 1080 1079 1084 1080 1083 1085 1086 1087 1082 1086 1085 1088 1086 1084 1089 1086 1088 1084 1086 1080 1080 1086 1082 1090 1091 1092 1087 1091 1090 1089 1091 1086 1093 1091 1089 1094 1091 1093 1086 1091 1087 1094 1095 1091 1096 1095 1097 1092 1095 1096 1091 1095 1092 1098 1095 1094 1099 1095 1098 1095 1100 1097 1101 1100 1102 1097 1100 1101 1103 1100 1099 1104 1100 1103 1099 1100 1095 1105 1106 1107 1102 1106 1105 1108 1106 1104 1109 1106 1108 1104 1106 1100 1100 1106 1102 1110 1111 1112 1107 1111 1110 1109 1111 1106 1106 1111 1107 1113 1111 1109 1114 1111 1113 1115 1116 1117 1112 1116 1115 1114 1116 1111 1111 1116 1112 1118 1116 1114 1119 1116 1118 1120 1121 1122 1117 1121 1120 1116 1121 1117 1119 1121 1116 1123 1121 1119 1124 1121 1123 1125 1126 1127 1122 1126 1125 1124 1126 1121 1128 1126 1124 1129 1126 1128 1121 1126 1122 1126 1130 1127 1129 1130 1126 1131 1130 1132 1127 1130 1131 1133 1130 1129 1134 1130 1133 1135 1136 1137 1132 1136 1135 1130 1136 1132 1134 1136 1130 1138 1136 1134 1139 1136 1138 1140 1141 1142 1137 1141 1140 1143 1141 1139 1144 1141 1143 1136 1141 1137 1139 1141 1136 1145 1146 1147 1142 1146 1145 1148 1146 1144 1149 1146 1148 1141 1146 1142 1144 1146 1141 1150 1151 1152 1147 1151 1150 1146 1151 1147 1149 1151 1146 1153 1151 1149 1154 1151 1153 1155 1156 1157 1152 1156 1155 1151 1156 1152 1154 1156 1151 1158 1156 1154 1159 1156 1158 1159 1160 1156 1161 1160 1162 1157 1160 1161 1163 1160 1159 1164 1160 1163 1156 1160 1157 1165 1166 1167 1162 1166 1165 1160 1166 1162 1164 1166 1160 1168 1166 1164 1169 1166 1168 1170 1171 1172 1167 1171 1170 1166 1171 1167 1169 1171 1166 1173 1171 1169 1174 1171 1173 1175 1176 1177 1172 1176 1175 1171 1176 1172 1174 1176 1171 1178 1176 1174 1179 1176 1178 1176 1180 1177 1179 1180 1176 1181 1180 1182 1177 1180 1181 1183 1180 1179 1184 1180 1183 1185 1186 1187 1182 1186 1185 1180 1186 1182 1184 1186 1180 1188 1186 1184 1189 1186 1188 1190 1191 1192 1189 1191 1186 1187 1191 1190 1186 1191 1187 1193 1191 1189 1194 1191 1193 1195 1196 1197 1192 1196 1195 1191 1196 1192 1194 1196 1191 1198 1196 1194 1199 1196 1198 1200 1201 1199 1202 1201 1200 1196 1201 1197 1199 1201 1196 1203 1201 1204 1197 1201 1203 1205 1206 1202 1207 1206 1205 1208 1206 1209 1204 1206 1208 1202 1206 1201 1201 1206 1204 1210 1211 1207 1212 1211 1210 1213 1211 1214 1209 1211 1213 1207 1211 1206 1206 1211 1209 1215 1216 1212 1217 1216 1215 1218 1216 1219 1214 1216 1218 1211 1216 1214 1212 1216 1211 1220 1221 1217 1222 1221 1220 1223 1221 1224 1219 1221 1223 1217 1221 1216 1216 1221 1219 1225 1226 1227 1224 1226 1225 1228 1226 1222 1229 1226 1228 1221 1226 1224 1222 1226 1221 1226 1230 1227 1231 1230 1232 1227 1230 1231 1229 1230 1226 1233 1230 1229 1234 1230 1233 1235 1236 1237 1232 1236 1235 1238 1236 1234 1239 1236 1238 1230 1236 1232 1234 1236 1230 1240 1241 1242 1237 1241 1240 1243 1241 1239 1244 1241 1243 1236 1241 1237 1239 1241 1236 1245 1246 1247 1242 1246 1245 1244 1246 1241 1248 1246 1244 1249 1246 1248 1241 1246 1242 1250 1251 1249 1252 1251 1250 1246 1251 1247 1249 1251 1246 1253 1251 1254 1247 1251 1253 1255 1256 1252 1257 1256 1255 1252 1256 1251 1251 1256 1254 1258 1256 1259 1254 1256 1258 1260 1261 1257 1262 1261 1260 1256 1261 1259 1257 1261 1256 1263 1261 1264 1259 1261 1263 1261 1265 1264 1262 1265 1261 1266 1265 1262 1267 1265 1266 1268 1265 1269 1264 1265 1268 1265 1270 1269 1267 1270 1265 1271 1270 1267 1272 1270 1271 1273 1270 1274 1269 1270 1273 1275 1276 1272 1277 1276 1275 1270 1276 1274 1272 1276 1270 1278 1276 1279 1274 1276 1278 1280 1281 1277 1282 1281 1280 1277 1281 1276 1276 1281 1279 1283 1281 1284 1279 1281 1283 1285 1286 1282 1287 1286 1285 1282 1286 1281 1281 1286 1284 1288 1286 1289 1284 1286 1288 1290 1291 1287 1292 1291 1290 1293 1291 1294 1289 1291 1293 1287 1291 1286 1286 1291 1289 1295 1296 1292 1297 1296 1295 1292 1296 1291 1298 1296 1299 1294 1296 1298 1291 1296 1294 1297 1300 1296 1301 1300 1297 1302 1300 1301 1303 1300 1304 1299 1300 1303 1296 1300 1299 1302 1305 1300 1300 1305 1304 1306 1305 1302 1307 1305 1306 1308 1305 1309 1304 1305 1308 1307 1310 1305 1305 1310 1309 1311 1310 1307 1312 1310 1311 1313 1310 1314 1309 1310 1313 1310 1315 1314 1316 1315 1312 1312 1315 1310 1317 1315 1316 1318 1315 1319 1314 1315 1318 1320 1321 1317 1322 1321 1320 1315 1321 1319 1317 1321 1315 1323 1321 1324 1319 1321 1323 1325 1326 1322 1327 1326 1325 1321 1326 1324 1328 1326 1329 1324 1326 1328 1322 1326 1321 1326 1330 1329 1331 1330 1327 1024 1330 1331 1023 1330 1019 1019 1330 1024 1332 1330 1023 1329 1330 1332 1327 1330 1326 1143 1139 1333 1138 1333 1139 1144 1143 1333 1134 1333 1138 1148 1144 1333 1133 1333 1134 1149 1148 1333 1129 1333 1133 1153 1149 1333 1128 1333 1129 1154 1153 1333 1124 1333 1128 1158 1154 1333 1123 1333 1124 1159 1158 1333 1119 1333 1123 1163 1159 1333 1118 1333 1119 1164 1163 1333 1114 1333 1118 1168 1164 1333 1113 1333 1114 1169 1168 1333 1109 1333 1113 1173 1169 1333 1108 1333 1109 1174 1173 1333 1104 1333 1108 1178 1174 1333 1103 1333 1104 1179 1178 1333 1183 1179 1333 1184 1183 1333 1188 1184 1333 1189 1188 1333 1334 1083 1079 1334 1084 1083 1334 1088 1084 1334 1089 1088 1334 1093 1089 1334 1094 1093 1334 1098 1094 1334 1099 1098 1334 1103 1099 1334 1333 1103 1078 1334 1079 1074 1334 1078 1073 1334 1074 1069 1334 1073 1068 1334 1069 1062 1334 1068 1061 1334 1062 1057 1334 1061 1055 1334 1057 1052 1334 1055 1050 1334 1052 1047 1334 1050 1046 1334 1047 1042 1334 1046 1041 1334 1042 1037 1334 1041 1035 1334 1037 1032 1334 1035 1030 1334 1032 1027 1334 1030 1025 1334 1027 1022 1334 1025 1021 1334 1022 1024 1334 1021 1331 1334 1024 1327 1334 1331 1325 1334 1327 1335 1210 1207 1336 1210 1335 1336 1212 1210 1337 1207 1205 1337 1335 1207 1338 1212 1336 1339 1205 1202 1339 1337 1205 1340 1202 1200 1340 1339 1202 1341 1212 1338 1341 1215 1212 1342 1217 1215 1342 1215 1341 1343 1200 1199 1343 1340 1200 1344 1220 1217 1344 1217 1342 1345 1343 1199 1346 1199 1198 1346 1345 1199 1347 1220 1344 1347 1222 1220 1348 1198 1194 1348 1346 1198 1349 1222 1347 1350 1194 1193 1350 1348 1194 1351 1228 1222 1351 1222 1349 1352 1350 1193 1352 1193 1189 1353 1228 1351 1353 1229 1228 1354 1189 1333 1354 1352 1189 1355 1229 1353 1355 1233 1229 1356 1354 1333 1357 1233 1355 1357 1234 1233 1358 1356 1333 1359 1234 1357 1360 1358 1333 1361 1238 1234 1361 1234 1359 1362 1360 1333 1363 1238 1361 1363 1239 1238 1364 1362 1333 1365 1239 1363 1365 1243 1239 1366 1364 1333 1367 1243 1365 1367 1244 1243 1367 1248 1244 1367 1249 1248 1367 1250 1249 1367 1252 1250 1367 1255 1252 1368 1366 1333 1369 1255 1367 1369 1257 1255 1369 1260 1257 1369 1262 1260 1369 1266 1262 1369 1267 1266 1369 1271 1267 1369 1272 1271 1370 1368 1333 1371 1272 1369 1371 1275 1272 1372 1370 1333 1373 1275 1371 1373 1277 1275 1374 1277 1373 1374 1280 1277 1375 1280 1374 1376 1280 1375 1376 1282 1280 1377 1282 1376 1377 1285 1282 1378 1285 1377 1378 1287 1285 1379 1287 1378 1379 1290 1287 1380 1290 1379 1381 1290 1380 1381 1292 1290 1382 1292 1381 1382 1295 1292 1383 1297 1295 1383 1295 1382 1384 1301 1297 1384 1297 1383 1385 1301 1384 1386 1302 1301 1386 1301 1385 1387 1302 1386 1387 1306 1302 1388 1307 1306 1388 1306 1387 1389 1307 1388 1389 1311 1307 1390 1312 1311 1390 1311 1389 1391 1316 1312 1391 1312 1390 1392 1316 1391 1393 1317 1316 1393 1316 1392 1394 1320 1317 1394 1317 1393 1395 1322 1320 1395 1320 1394 1396 1325 1322 1396 1322 1395 1397 1334 1325 1397 1325 1396 1398 1334 1397 1399 1334 1398 1400 1334 1399 1401 1334 1400 1402 1334 1401 1403 1404 1405 1403 1406 1404 1403 1407 1406 1408 1405 1404 1408 1404 1409 1410 1408 1409 1410 1411 1412 1410 1409 1411 1413 1407 1403 1414 1407 1413 1414 1415 1407 1416 1410 1412 1417 1412 1418 1417 1416 1412 1419 1415 1414 1419 1420 1415 1421 1417 1418 1421 1418 1422 1423 1420 1419 1423 1424 1420 1425 1421 1422 1425 1426 1427 1425 1422 1426 1428 1424 1423 1428 1429 1424 1430 1429 1428 1430 1431 1429 1430 1432 1431 1433 1425 1427 1434 1433 1427 1434 1427 1435 1436 1432 1430 1437 1434 1435 1437 1435 1438 1439 1432 1436 1439 1440 1432 1441 1440 1439 1441 1442 1440 1443 1438 1444 1443 1437 1438 1445 1442 1441 1445 1446 1442 1445 1447 1446 1448 1444 1449 1448 1443 1444 1450 1448 1449 1450 1451 1452 1450 1449 1451 1453 1447 1445 1454 1447 1453 1454 1455 1447 1456 1450 1452 1457 1372 1333 1457 1452 1372 1457 1456 1452 1458 1455 1454 1458 1459 1455 1460 1459 1458 1460 1461 1459 1460 1462 1461 1463 1462 1460 1464 1462 1463 1464 1465 1462 1466 1467 1465 1466 1465 1464 1468 1467 1466 1468 1469 1467 1468 1470 1469 1471 1470 1468 1472 1470 1471 1472 1473 1470 1474 1475 1473 1474 1476 1475 1474 1473 1472 1477 1476 1474 1477 1478 1476 1479 1478 1477 1480 1481 1478 1480 1478 1479 1482 1481 1480 1482 1483 1481 1482 1484 1483 1485 1484 1482 1486 1484 1485 1486 1487 1484 1488 1487 1486 1488 1489 1487 1488 1490 1489 1491 1490 1488 1492 1490 1491 1492 1493 1490 1494 1493 1492 1494 1495 1493 1496 1495 1494 1496 1497 1495 1496 1498 1497 1499 1498 1496 1500 1498 1499 1500 1501 1498 1502 1501 1500 1502 1503 1501 1504 1505 1503 1504 1503 1502 1506 1505 1504 1506 1507 1505 1508 1509 1507 1508 1507 1506 1510 1511 1509 1510 1512 1511 1510 1509 1508 1513 1512 1510 1514 1515 1512 1514 1512 1513 1516 1517 1518 1519 1516 1518 1519 1518 1520 1521 1517 1516 1521 1522 1517 1523 1519 1520 1523 1524 1525 1523 1520 1524 1526 1522 1521 1526 1527 1522 1526 1528 1527 1529 1523 1525 1529 1525 1530 1531 1528 1526 1531 1532 1528 1533 1529 1530 1533 1530 1534 1535 1536 1532 1535 1532 1531 1537 1533 1534 1537 1534 1538 1539 1536 1535 1539 1540 1536 1541 1538 1542 1541 1537 1538 1543 1540 1539 1543 1544 1540 1543 1545 1544 1546 1541 1542 1546 1542 1547 1548 1545 1543 1548 1549 1545 1550 1551 1552 1550 1547 1551 1550 1546 1547 1553 1554 1549 1553 1549 1548 1555 1552 1556 1555 1550 1552 1557 1554 1553 1557 1558 1554 1559 1555 1556 1559 1556 1560 1561 1558 1557 1562 1559 1560 1562 1560 1563 1564 1558 1561 1565 1563 1566 1565 1562 1563 1567 1558 1564 1568 1558 1567 1569 1558 1568 1570 1558 1569 1571 1572 1558 1571 1558 1570 1573 1572 1571 1574 1572 1573 1575 1572 1574 1576 1572 1575 1577 1572 1576 1578 1579 1572 1578 1572 1577 1580 1581 1579 1580 1579 1578 1582 1583 1581 1582 1581 1580 1584 1585 1583 1584 1586 1585 1584 1583 1582 1587 1588 1586 1587 1586 1584 1589 1590 1588 1589 1588 1587 1591 1592 1590 1591 1590 1589 1593 1594 1592 1593 1595 1594 1593 1592 1591 1596 1597 1595 1596 1595 1593 1598 1599 1597 1598 1597 1596 1600 1601 1599 1600 1599 1598 1602 1601 1600 1602 1603 1601 1602 1604 1603 1605 1604 1602 1605 1606 1604 1607 1606 1605 1607 1608 1606 1609 1610 1608 1609 1608 1607 1611 1610 1609 1611 1612 1610 1613 1614 1615 1613 1616 1614 1613 1617 1616 1613 1618 1617 1613 1619 1618 1613 1566 1619 1613 1565 1566 1613 1615 1620 1613 1621 1565 1613 1622 1621 1613 1623 1622 1613 1624 1623 1613 1625 1624 1613 1626 1625 1613 1627 1626 1613 1628 1627 1613 1629 1628 1613 1630 1629 1613 1631 1630 1613 1632 1631 1613 1633 1632 1613 1634 1633 1613 1635 1634 1613 1636 1635 1613 1637 1636 1613 1638 1637 1613 1639 1638 1613 1640 1639 1613 1641 1640 1613 1642 1641 1613 1643 1642 1613 1644 1643 1613 1645 1644 1613 1457 1333 1613 1646 1457 1613 1620 1646 1647 1645 1613 1648 1612 1611 1648 1649 1612 1650 1647 1613 1651 1652 1649 1651 1653 1652 1651 1649 1648 1654 1650 1613 1655 1653 1651 1655 1656 1653 1657 1654 1613 1658 1656 1655 1658 1659 1656 1660 1657 1613 1661 1659 1658 1661 1662 1659 1663 1660 1613 1664 1665 1662 1664 1662 1661 1666 1663 1613 1667 1666 1613 1668 1667 1613 1669 1668 1613 1670 1671 1672 1670 1673 1671 1670 1674 1673 1670 1675 1674 1670 1676 1675 1670 1677 1678 1670 1679 1676 1670 1680 1677 1670 1681 1679 1670 1682 1680 1670 1683 1681 1670 1664 1682 1670 1684 1683 1670 1685 1684 1670 1686 1685 1670 1687 1686 1670 1688 1687 1670 1689 1688 1670 1690 1689 1670 1665 1664 1670 1691 1690 1670 1692 1691 1670 1693 1692 1670 1694 1693 1670 1695 1694 1670 1696 1695 1670 1697 1696 1670 1698 1697 1670 1699 1698 1670 1700 1699 1670 1701 1700 1670 1702 1701 1670 1703 1702 1670 1704 1703 1670 1678 1704 1670 1705 1665 1670 1706 1705 1670 1707 1706 1670 1708 1707 1670 1709 1708 1670 1669 1613 1670 1710 1669 1670 1672 1710 1670 1334 1711 1711 1334 1712 1712 1334 1713 1713 1334 1714 1714 1334 1715 1715 1334 1716 1716 1334 1717 1717 1334 1718 1718 1334 1514 1514 1334 1719 1719 1334 1720 1720 1334 1721 1721 1334 1722 1722 1334 1402 1670 1711 1709 1514 1719 1723 1514 1723 1724 1514 1724 1725 1514 1725 1726 1514 1726 1515 1727 1728 1177 1177 1728 1175 1175 1728 1172 1172 1729 1170 1728 1729 1172 1170 1730 1167 1729 1730 1170 1167 1731 1165 1730 1731 1167 1165 1732 1162 1731 1732 1165 1162 1733 1161 1732 1733 1162 1161 1734 1157 1733 1734 1161 1157 1735 1155 1734 1735 1157 1155 1736 1152 1735 1736 1155 1152 1737 1150 1736 1737 1152 1737 1738 1150 1150 1738 1147 1738 1739 1147 1147 1739 1145 1739 1740 1145 1145 1740 1142 1740 1741 1142 1142 1741 1140 1741 1742 1140 1140 1742 1137 1742 1743 1137 1137 1743 1135 1743 1744 1135 1135 1744 1132 1744 1745 1132 1132 1745 1131 1745 1746 1131 1131 1746 1127 1746 1747 1127 1127 1747 1125 1747 1748 1125 1748 1749 1125 1125 1749 1122 1122 1749 1120 1120 1750 1117 1749 1750 1120 1117 1751 1115 1750 1751 1117 1751 1752 1115 1115 1753 1112 1112 1753 1110 1752 1753 1115 1110 1754 1107 1753 1754 1110 1107 1755 1105 1754 1755 1107 1755 1756 1105 1105 1757 1102 1102 1757 1101 1756 1757 1105 1101 1758 1097 1757 1758 1101 1097 1759 1096 1758 1759 1097 1096 1760 1092 1759 1760 1096 1092 1761 1090 1760 1761 1092 1090 1762 1087 1761 1762 1090 1762 1763 1087 1763 1764 1087 1087 1764 1085 1085 1764 1082 1764 1765 1082 1082 1765 1081 1765 1766 1081 1081 1766 1077 1766 1767 1077 1077 1767 1076 1767 1768 1076 1076 1768 1072 1768 1769 1072 1072 1769 1070 1769 1770 1070 1770 1771 1070 1070 1771 1067 1067 1771 1066 1771 1772 1066 1066 1772 1064 1772 1773 1064 1064 1773 1063 1773 1774 1063 1063 1774 1059 1774 1775 1059 1059 1775 1058 1775 1776 1058 1058 1776 1054 1776 1777 1054 1054 1777 1053 1777 1778 1053 1778 1779 1053 1053 1779 1049 1049 1779 1048 1779 1780 1048 1048 1780 1044 1780 1781 1044 1044 1781 1043 1781 1782 1043 1782 1783 1043 1043 1783 1039 1783 1784 1039 1039 1784 1038 1038 1784 1034 1034 1785 1033 1784 1785 1034 1033 1786 1029 1785 1786 1033 1029 1787 1028 1786 1787 1029 1787 1788 1028 1788 1789 1028 1028 1789 1020 1789 1790 1020 1020 1790 1018 1790 1791 1018 1018 1791 1023 1023 1791 1332 1791 1792 1332 1332 1792 1329 1792 1793 1329 1793 1794 1329 1329 1794 1328 1794 1795 1328 1328 1795 1324 1324 1795 1323 1795 1796 1323 1323 1796 1319 1796 1797 1319 1319 1797 1318 1797 1798 1318 1798 1799 1318 1318 1799 1314 1314 1799 1313 1313 1800 1309 1799 1800 1313 1800 1801 1309 1309 1802 1308 1308 1802 1304 1801 1802 1309 1304 1803 1303 1802 1803 1304 1303 1804 1299 1803 1804 1303 1804 1805 1299 1299 1806 1298 1298 1806 1294 1805 1806 1299 1294 1807 1293 1806 1807 1294 1807 1808 1293 1293 1809 1289 1289 1809 1288 1808 1809 1293 1809 1810 1288 1288 1811 1284 1284 1811 1283 1810 1811 1288 1811 1812 1283 1283 1813 1279 1279 1813 1278 1812 1813 1283 1813 1814 1278 1814 1815 1278 1278 1815 1274 1815 1816 1274 1274 1816 1273 1273 1816 1269 1816 1817 1269 1817 1818 1269 1269 1818 1268 1268 1819 1264 1818 1819 1268 1264 1820 1263 1819 1820 1264 1263 1821 1259 1820 1821 1263 1259 1822 1258 1258 1822 1254 1821 1822 1259 1822 1823 1254 1254 1824 1253 1823 1824 1254 1253 1825 1247 1824 1825 1253 1247 1826 1245 1245 1826 1242 1825 1826 1247 1242 1827 1240 1826 1827 1242 1827 1828 1240 1240 1829 1237 1237 1829 1235 1828 1829 1240 1235 1830 1232 1829 1830 1235 1232 1831 1231 1830 1831 1232 1831 1832 1231 1231 1833 1227 1227 1833 1225 1832 1833 1231 1225 1834 1224 1833 1834 1225 1834 1835 1224 1224 1836 1223 1223 1836 1219 1835 1836 1224 1836 1837 1219 1219 1838 1218 1837 1838 1219 1838 1839 1218 1218 1839 1214 1214 1839 1213 1839 1840 1213 1213 1841 1209 1209 1841 1208 1840 1841 1213 1841 1842 1208 1208 1843 1204 1204 1843 1203 1842 1843 1208 1843 1844 1203 1844 1845 1203 1203 1845 1197 1845 1846 1197 1197 1846 1195 1195 1846 1192 1846 1847 1192 1847 1848 1192 1192 1848 1190 1848 1849 1190 1190 1849 1187 1187 1849 1185 1849 1850 1185 1185 1850 1182 1850 1851 1182 1182 1852 1181 1851 1852 1182 1852 1727 1181 1181 1727 1177 1853 1854 1855 1678 1677 1854 1856 1854 1853 1704 1678 1854 1680 1857 1677 1682 1857 1680 1858 1857 1859 1854 1857 1855 1855 1857 1858 1677 1857 1854 1664 1860 1682 1661 1860 1664 1861 1860 1862 1859 1860 1861 1857 1860 1859 1682 1860 1857 1658 1863 1661 1655 1863 1658 1860 1863 1862 1864 1863 1865 1862 1863 1864 1661 1863 1860 1863 1866 1865 1651 1866 1655 1648 1866 1651 1655 1866 1863 1867 1866 1868 1865 1866 1867 1648 1869 1866 1866 1869 1868 1611 1869 1648 1609 1869 1611 1870 1869 1871 1868 1869 1870 1607 1872 1609 1605 1872 1607 1873 1872 1874 1871 1872 1873 1609 1872 1869 1869 1872 1871 1602 1875 1605 1600 1875 1602 1876 1875 1877 1874 1875 1876 1605 1875 1872 1872 1875 1874 1600 1878 1875 1875 1878 1877 1598 1878 1600 1596 1878 1598 1879 1878 1880 1877 1878 1879 1596 1881 1878 1878 1881 1880 1882 1881 1883 1593 1881 1596 1880 1881 1882 1591 1881 1593 1884 1885 1886 1883 1885 1884 1589 1885 1591 1587 1885 1589 1591 1885 1881 1881 1885 1883 1587 1887 1885 1888 1887 1889 1886 1887 1888 1584 1887 1587 1582 1887 1584 1885 1887 1886 1582 1890 1887 1887 1890 1889 1891 1890 1892 1889 1890 1891 1580 1890 1582 1578 1890 1580 1893 1894 1895 1892 1894 1893 1577 1894 1578 1576 1894 1577 1578 1894 1890 1890 1894 1892 1896 1897 1898 1895 1897 1896 1576 1897 1894 1575 1897 1576 1574 1897 1575 1894 1897 1895 1574 1899 1897 1900 1899 1901 1898 1899 1900 1897 1899 1898 1573 1899 1574 1571 1899 1573 1899 1902 1901 1903 1902 1904 1901 1902 1903 1570 1902 1571 1569 1902 1570 1571 1902 1899 1905 1906 1907 1904 1906 1905 1568 1906 1569 1567 1906 1568 1569 1906 1902 1902 1906 1904 1908 1909 1910 1907 1909 1908 1567 1909 1906 1906 1909 1907 1564 1909 1567 1561 1909 1564 1911 1912 1913 1910 1912 1911 1561 1912 1909 1909 1912 1910 1557 1912 1561 1553 1912 1557 1914 1915 1916 1913 1915 1914 1912 1915 1913 1553 1915 1912 1548 1915 1553 1543 1915 1548 1917 1918 1919 1916 1918 1917 1543 1918 1915 1539 1918 1543 1535 1918 1539 1915 1918 1916 1918 1920 1919 1535 1920 1918 1921 1920 1922 1919 1920 1921 1531 1920 1535 1526 1920 1531 1923 1924 1925 1922 1924 1923 1920 1924 1922 1526 1924 1920 1521 1924 1526 1516 1924 1521 1926 1927 1928 1925 1927 1926 1519 1927 1516 1523 1927 1519 1924 1927 1925 1516 1927 1924 1929 1930 1931 1928 1930 1929 1529 1930 1523 1533 1930 1529 1927 1930 1928 1523 1930 1927 1932 1933 1934 1931 1933 1932 1930 1933 1931 1533 1933 1930 1537 1933 1533 1541 1933 1537 1935 1936 1937 1934 1936 1935 1933 1936 1934 1541 1936 1933 1546 1936 1541 1550 1936 1546 1550 1938 1936 1939 1938 1940 1937 1938 1939 1555 1938 1550 1559 1938 1555 1936 1938 1937 1941 1942 1943 1940 1942 1941 1938 1942 1940 1559 1942 1938 1562 1942 1559 1565 1942 1562 1944 1945 1946 1943 1945 1944 1942 1945 1943 1565 1945 1942 1621 1945 1565 1622 1945 1621 1947 1948 1949 1946 1948 1947 1945 1948 1946 1622 1948 1945 1623 1948 1622 1624 1948 1623 1948 1950 1949 1624 1950 1948 1951 1950 1952 1949 1950 1951 1625 1950 1624 1626 1950 1625 1953 1954 1955 1952 1954 1953 1950 1954 1952 1626 1954 1950 1627 1954 1626 1628 1954 1627 1956 1957 1958 1628 1957 1954 1955 1957 1956 1954 1957 1955 1629 1957 1628 1630 1957 1629 1959 1960 1961 1958 1960 1959 1957 1960 1958 1630 1960 1957 1631 1960 1630 1632 1960 1631 1633 1962 1632 1634 1962 1633 1960 1962 1961 1632 1962 1960 1963 1962 1964 1961 1962 1963 1635 1965 1634 1636 1965 1635 1966 1965 1967 1964 1965 1966 1634 1965 1962 1962 1965 1964 1637 1968 1636 1638 1968 1637 1969 1968 1970 1967 1968 1969 1636 1968 1965 1965 1968 1967 1639 1971 1638 1640 1971 1639 1972 1971 1973 1970 1971 1972 1968 1971 1970 1638 1971 1968 1641 1974 1640 1642 1974 1641 1975 1974 1976 1973 1974 1975 1640 1974 1971 1971 1974 1973 1977 1978 1979 1976 1978 1977 1643 1978 1642 1644 1978 1643 1974 1978 1976 1642 1978 1974 1978 1980 1979 1981 1980 1982 1979 1980 1981 1644 1980 1978 1645 1980 1644 1647 1980 1645 1983 1984 1985 1982 1984 1983 1650 1984 1647 1654 1984 1650 1980 1984 1982 1647 1984 1980 1986 1987 1988 1985 1987 1986 1657 1987 1654 1660 1987 1657 1984 1987 1985 1654 1987 1984 1989 1990 1991 1988 1990 1989 1660 1990 1987 1663 1990 1660 1666 1990 1663 1987 1990 1988 1667 1992 1666 1668 1992 1667 1990 1992 1991 1666 1992 1990 1993 1992 1994 1991 1992 1993 1669 1995 1668 1710 1995 1669 1668 1995 1992 1992 1995 1994 1996 1995 1997 1994 1995 1996 1672 1998 1710 1671 1998 1672 1995 1998 1997 1710 1998 1995 1999 1998 2000 1997 1998 1999 1998 2001 2000 1671 2001 1998 1673 2001 1671 1674 2001 1673 2002 2001 2003 2000 2001 2002 2001 2004 2003 1674 2004 2001 1675 2004 1674 1676 2004 1675 2005 2004 2006 2003 2004 2005 1679 2007 1676 1681 2007 1679 2004 2007 2006 1676 2007 2004 2008 2007 2009 2006 2007 2008 1683 2010 1681 1684 2010 1683 1681 2010 2007 2007 2010 2009 2011 2010 2012 2009 2010 2011 1685 2013 1684 1686 2013 1685 1684 2013 2010 2010 2013 2012 2014 2013 2015 2012 2013 2014 1687 2016 1686 1688 2016 1687 2017 2016 2018 2015 2016 2017 1686 2016 2013 2013 2016 2015 1689 2019 1688 1690 2019 1689 1688 2019 2016 2020 2019 2021 2018 2019 2020 2016 2019 2018 1690 2022 2019 1691 2022 1690 1692 2022 1691 2023 2022 2024 2021 2022 2023 2019 2022 2021 1692 2025 2022 2022 2025 2024 1693 2025 1692 1694 2025 1693 2026 2025 2027 2024 2025 2026 1694 2028 2025 2025 2028 2027 1695 2028 1694 1696 2028 1695 2029 2028 2030 2027 2028 2029 2028 2031 2030 1697 2031 1696 1696 2031 2028 1698 2031 1697 2032 2031 2033 2030 2031 2032 1699 2034 1698 1700 2034 1699 2031 2034 2033 1698 2034 2031 2035 2034 2036 2033 2034 2035 1701 2037 1700 1702 2037 1701 2034 2037 2036 2038 2037 2039 2036 2037 2038 1700 2037 2034 2037 2040 2039 1703 2040 1702 1704 2040 1703 1856 2040 1854 1854 2040 1704 2041 2040 1856 2039 2040 2041 1702 2040 2037 2042 2043 1949 1949 2043 1947 1947 2043 1946 1946 2044 1944 2043 2044 1946 1944 2045 1943 2044 2045 1944 1943 2046 1941 2045 2046 1943 1941 2047 1940 2046 2047 1941 1940 2048 1939 2047 2048 1940 1939 2049 1937 2048 2049 1939 1937 2050 1935 2049 2050 1937 1935 2051 1934 2050 2051 1935 1934 2052 1932 2051 2052 1934 2052 2053 1932 1932 2053 1931 2053 2054 1931 1931 2054 1929 2054 2055 1929 1929 2055 1928 2055 2056 1928 1928 2056 1926 2056 2057 1926 1926 2057 1925 2057 2058 1925 1925 2058 1923 2058 2059 1923 1923 2059 1922 2059 2060 1922 1922 2060 1921 2060 2061 1921 1921 2061 1919 2061 2062 1919 1919 2062 1917 2062 2063 1917 2063 2064 1917 1917 2064 1916 1916 2064 1914 1914 2065 1913 2064 2065 1914 1913 2066 1911 2065 2066 1913 2066 2067 1911 1911 2068 1910 1910 2068 1908 2067 2068 1911 1908 2069 1907 2068 2069 1908 1907 2070 1905 2069 2070 1907 2070 2071 1905 1905 2072 1904 1904 2072 1903 2071 2072 1905 1903 2073 1901 2072 2073 1903 1901 2074 1900 2073 2074 1901 1900 2075 1898 2074 2075 1900 1898 2076 1896 2075 2076 1898 1896 2077 1895 2076 2077 1896 2077 2078 1895 2078 2079 1895 1895 2079 1893 1893 2079 1892 2079 2080 1892 1892 2080 1891 2080 2081 1891 1891 2081 1889 2081 2082 1889 1889 2082 1888 2082 2083 1888 1888 2083 1886 2083 2084 1886 1886 2084 1884 2084 2085 1884 2085 2086 1884 1884 2086 1883 1883 2086 1882 2086 2087 1882 1882 2087 1880 2087 2088 1880 1880 2088 1879 2088 2089 1879 1879 2089 1877 2089 2090 1877 1877 2090 1876 2090 2091 1876 1876 2091 1874 2091 2092 1874 1874 2092 1873 2092 2093 1873 2093 2094 1873 1873 2094 1871 1871 2094 1870 2094 2095 1870 1870 2095 1868 2095 2096 1868 1868 2096 1867 2096 2097 1867 2097 2098 1867 1867 2098 1865 2098 2099 1865 1865 2099 1864 1864 2099 1862 1862 2100 1861 2099 2100 1862 1861 2101 1859 2100 2101 1861 1859 2102 1858 2101 2102 1859 2102 2103 1858 2103 2104 1858 1858 2104 1855 2104 2105 1855 1855 2105 1853 2105 2106 1853 1853 2106 1856 1856 2106 2041 2106 2107 2041 2041 2107 2039 2107 2108 2039 2108 2109 2039 2039 2109 2038 2109 2110 2038 2038 2110 2036 2036 2110 2035 2110 2111 2035 2035 2111 2033 2111 2112 2033 2033 2112 2032 2112 2113 2032 2113 2114 2032 2032 2114 2030 2030 2114 2029 2029 2115 2027 2114 2115 2029 2115 2116 2027 2027 2117 2026 2026 2117 2024 2116 2117 2027 2024 2118 2023 2117 2118 2024 2023 2119 2021 2118 2119 2023 2119 2120 2021 2021 2121 2020 2020 2121 2018 2120 2121 2021 2018 2122 2017 2121 2122 2018 2122 2123 2017 2017 2124 2015 2015 2124 2014 2123 2124 2017 2124 2125 2014 2014 2126 2012 2012 2126 2011 2125 2126 2014 2126 2127 2011 2011 2128 2009 2009 2128 2008 2127 2128 2011 2128 2129 2008 2129 2130 2008 2008 2130 2006 2130 2131 2006 2006 2131 2005 2005 2131 2003 2131 2132 2003 2132 2133 2003 2003 2133 2002 2002 2134 2000 2133 2134 2002 2000 2135 1999 2134 2135 2000 1999 2136 1997 2135 2136 1999 1997 2137 1996 1996 2137 1994 2136 2137 1997 2137 2138 1994 1994 2139 1993 2138 2139 1994 1993 2140 1991 2139 2140 1993 1991 2141 1989 1989 2141 1988 2140 2141 1991 1988 2142 1986 2141 2142 1988 2142 2143 1986 1986 2144 1985 1985 2144 1983 2143 2144 1986 1983 2145 1982 2144 2145 1983 1982 2146 1981 2145 2146 1982 2146 2147 1981 1981 2148 1979 1979 2148 1977 2147 2148 1981 1977 2149 1976 2148 2149 1977 2149 2150 1976 1976 2151 1975 1975 2151 1973 2150 2151 1976 2151 2152 1973 1973 2153 1972 2152 2153 1973 2153 2154 1972 1972 2154 1970 1970 2154 1969 2154 2155 1969 1969 2156 1967 1967 2156 1966 2155 2156 1969 2156 2157 1966 1966 2158 1964 1964 2158 1963 2157 2158 1966 2158 2159 1963 2159 2160 1963 1963 2160 1961 2160 2161 1961 1961 2161 1959 1959 2161 1958 2161 2162 1958 2162 2163 1958 1958 2163 1956 2163 2164 1956 1956 2164 1955 1955 2164 1953 2164 2165 1953 1953 2165 1952 2165 2166 1952 1952 2167 1951 2166 2167 1952 2167 2042 1951 1951 2042 1949 2168 2169 2170 2171 2172 2169 2173 2169 2168 2174 2171 2169 2175 2176 2172 2177 2176 2175 2178 2176 2179 2169 2176 2170 2170 2176 2178 2172 2176 2169 2180 2181 2177 2182 2181 2180 2183 2181 2184 2179 2181 2183 2176 2181 2179 2177 2181 2176 2185 2186 2182 2187 2186 2185 2181 2186 2184 2188 2186 2189 2184 2186 2188 2182 2186 2181 2186 2190 2189 2191 2190 2187 2192 2190 2191 2187 2190 2186 2193 2190 2194 2189 2190 2193 2192 2195 2190 2190 2195 2194 2196 2195 2192 2197 2195 2196 2198 2195 2199 2194 2195 2198 2200 2201 2197 2202 2201 2200 2203 2201 2204 2199 2201 2203 2197 2201 2195 2195 2201 2199 2205 2206 2202 2207 2206 2205 2208 2206 2209 2204 2206 2208 2202 2206 2201 2201 2206 2204 2207 2210 2206 2206 2210 2209 2211 2210 2207 2212 2210 2211 2213 2210 2214 2209 2210 2213 2212 2215 2210 2210 2215 2214 2216 2215 2217 2218 2215 2212 2214 2215 2216 2219 2215 2218 2220 2221 2222 2217 2221 2220 2223 2221 2219 2224 2221 2223 2219 2221 2215 2215 2221 2217 2224 2225 2221 2226 2225 2227 2222 2225 2226 2228 2225 2224 2229 2225 2228 2221 2225 2222 2229 2230 2225 2225 2230 2227 2231 2230 2232 2227 2230 2231 2233 2230 2229 2234 2230 2233 2235 2236 2237 2232 2236 2235 2238 2236 2234 2239 2236 2238 2234 2236 2230 2230 2236 2232 2240 2241 2242 2237 2241 2240 2239 2241 2236 2243 2241 2239 2244 2241 2243 2236 2241 2237 2244 2245 2241 2246 2245 2247 2242 2245 2246 2241 2245 2242 2248 2245 2244 2249 2245 2248 2245 2250 2247 2251 2250 2252 2247 2250 2251 2253 2250 2249 2254 2250 2253 2249 2250 2245 2255 2256 2257 2252 2256 2255 2258 2256 2254 2259 2256 2258 2254 2256 2250 2250 2256 2252 2260 2261 2262 2257 2261 2260 2259 2261 2256 2256 2261 2257 2263 2261 2259 2264 2261 2263 2265 2266 2267 2262 2266 2265 2264 2266 2261 2261 2266 2262 2268 2266 2264 2269 2266 2268 2270 2271 2272 2267 2271 2270 2266 2271 2267 2269 2271 2266 2273 2271 2269 2274 2271 2273 2275 2276 2277 2272 2276 2275 2274 2276 2271 2278 2276 2274 2279 2276 2278 2271 2276 2272 2276 2280 2277 2279 2280 2276 2281 2280 2282 2277 2280 2281 2283 2280 2279 2284 2280 2283 2285 2286 2287 2282 2286 2285 2280 2286 2282 2284 2286 2280 2288 2286 2284 2289 2286 2288 2290 2291 2292 2287 2291 2290 2286 2291 2287 2293 2291 2289 2294 2291 2293 2289 2291 2286 2295 2296 2297 2292 2296 2295 2298 2296 2294 2299 2296 2298 2291 2296 2292 2294 2296 2291 2300 2301 2302 2297 2301 2300 2296 2301 2297 2299 2301 2296 2303 2301 2299 2304 2301 2303 2305 2306 2307 2302 2306 2305 2301 2306 2302 2304 2306 2301 2308 2306 2304 2309 2306 2308 2309 2310 2306 2311 2310 2312 2307 2310 2311 2313 2310 2309 2314 2310 2313 2306 2310 2307 2315 2316 2317 2312 2316 2315 2310 2316 2312 2314 2316 2310 2318 2316 2314 2319 2316 2318 2320 2321 2322 2317 2321 2320 2316 2321 2317 2319 2321 2316 2323 2321 2319 2324 2321 2323 2325 2326 2327 2322 2326 2325 2321 2326 2322 2324 2326 2321 2328 2326 2324 2329 2326 2328 2326 2330 2327 2329 2330 2326 2331 2330 2332 2327 2330 2331 2333 2330 2329 2334 2330 2333 2335 2336 2337 2332 2336 2335 2330 2336 2332 2334 2336 2330 2338 2336 2334 2339 2336 2338 2340 2341 2342 2339 2341 2336 2337 2341 2340 2336 2341 2337 2343 2341 2339 2344 2341 2343 2345 2346 2347 2342 2346 2345 2341 2346 2342 2344 2346 2341 2348 2346 2344 2349 2346 2348 2350 2351 2349 2352 2351 2350 2349 2351 2346 2353 2351 2354 2347 2351 2353 2346 2351 2347 2355 2356 2352 2357 2356 2355 2358 2356 2359 2354 2356 2358 2352 2356 2351 2351 2356 2354 2360 2361 2357 2362 2361 2360 2363 2361 2364 2359 2361 2363 2357 2361 2356 2356 2361 2359 2365 2366 2362 2367 2366 2365 2368 2366 2369 2364 2366 2368 2361 2366 2364 2362 2366 2361 2370 2371 2367 2372 2371 2370 2373 2371 2374 2369 2371 2373 2367 2371 2366 2366 2371 2369 2375 2376 2377 2374 2376 2375 2378 2376 2372 2379 2376 2378 2371 2376 2374 2372 2376 2371 2376 2380 2377 2381 2380 2382 2377 2380 2381 2379 2380 2376 2383 2380 2379 2384 2380 2383 2385 2386 2387 2382 2386 2385 2388 2386 2384 2389 2386 2388 2380 2386 2382 2384 2386 2380 2390 2391 2392 2387 2391 2390 2393 2391 2389 2394 2391 2393 2389 2391 2386 2386 2391 2387 2395 2396 2397 2392 2396 2395 2394 2396 2391 2398 2396 2394 2399 2396 2398 2391 2396 2392 2400 2401 2399 2402 2401 2400 2396 2401 2397 2399 2401 2396 2403 2401 2404 2397 2401 2403 2405 2406 2402 2407 2406 2405 2402 2406 2401 2401 2406 2404 2408 2406 2409 2404 2406 2408 2410 2411 2407 2412 2411 2410 2407 2411 2406 2406 2411 2409 2413 2411 2414 2409 2411 2413 2411 2415 2414 2412 2415 2411 2416 2415 2412 2417 2415 2416 2418 2415 2419 2414 2415 2418 2415 2420 2419 2417 2420 2415 2421 2420 2417 2422 2420 2421 2423 2420 2424 2419 2420 2423 2425 2426 2422 2427 2426 2425 2422 2426 2420 2420 2426 2424 2428 2426 2429 2424 2426 2428 2430 2431 2427 2432 2431 2430 2427 2431 2426 2426 2431 2429 2433 2431 2434 2429 2431 2433 2435 2436 2432 2437 2436 2435 2432 2436 2431 2431 2436 2434 2438 2436 2439 2434 2436 2438 2440 2441 2437 2442 2441 2440 2443 2441 2444 2439 2441 2443 2437 2441 2436 2436 2441 2439 2445 2446 2442 2447 2446 2445 2442 2446 2441 2448 2446 2449 2444 2446 2448 2441 2446 2444 2447 2450 2446 2451 2450 2447 2452 2450 2451 2453 2450 2454 2449 2450 2453 2446 2450 2449 2452 2455 2450 2450 2455 2454 2456 2455 2452 2457 2455 2456 2458 2455 2459 2454 2455 2458 2457 2460 2455 2455 2460 2459 2461 2460 2457 2462 2460 2461 2463 2460 2464 2459 2460 2463 2460 2465 2464 2466 2465 2462 2462 2465 2460 2467 2465 2466 2468 2465 2469 2464 2465 2468 2470 2471 2467 2472 2471 2470 2465 2471 2469 2467 2471 2465 2473 2471 2474 2469 2471 2473 2475 2476 2472 2477 2476 2475 2471 2476 2474 2478 2476 2479 2474 2476 2478 2472 2476 2471 2476 2480 2479 2481 2480 2477 2174 2480 2481 2173 2480 2169 2169 2480 2174 2482 2480 2173 2479 2480 2482 2477 2480 2476 2483 2484 2485 2486 2485 2484 2487 2483 2485 2488 2485 2486 2489 2487 2485 2490 2485 2488 2491 2489 2485 2492 2485 2490 2493 2491 2485 2494 2485 2492 2495 2493 2485 2496 2485 2494 2497 2495 2485 2498 2485 2496 2499 2497 2485 2500 2485 2498 2501 2499 2485 2502 2485 2500 2503 2501 2485 2504 2485 2502 2505 2503 2485 2506 2485 2504 2507 2505 2485 2508 2485 2506 2509 2507 2485 2510 2485 2508 2511 2509 2485 2512 2485 2510 2513 2511 2485 2514 2485 2512 2515 2513 2485 2516 2515 2485 2517 2516 2485 2518 2517 2485 2519 2518 2485 2520 2485 2514 2520 2521 2522 2520 2523 2521 2520 2524 2523 2520 2525 2524 2520 2526 2525 2520 2527 2526 2520 2528 2527 2520 2529 2528 2520 2514 2529 2530 2520 2522 2531 2520 2530 2532 2520 2531 2533 2520 2532 2534 2520 2533 2535 2520 2534 2536 2520 2535 2537 2520 2536 2538 2520 2537 2539 2520 2538 2540 2520 2539 2541 2520 2540 2542 2520 2541 2543 2520 2542 2544 2520 2543 2545 2520 2544 2546 2520 2545 2547 2520 2546 2548 2520 2547 2549 2520 2548 2550 2520 2549 2551 2520 2550 2552 2520 2551 2553 2520 2552 2554 2520 2553 2555 2520 2554 2556 2520 2555 2557 2558 2559 2560 2561 2558 2560 2558 2557 2562 2559 2563 2562 2557 2559 2564 2561 2560 2565 2563 2566 2565 2562 2563 2567 2566 2568 2567 2565 2566 2569 2570 2561 2569 2561 2564 2571 2572 2570 2571 2570 2569 2573 2568 2574 2573 2567 2568 2575 2576 2572 2575 2572 2571 2577 2573 2574 2578 2574 2579 2578 2577 2574 2580 2581 2576 2580 2576 2575 2582 2579 2583 2582 2578 2579 2584 2581 2580 2585 2583 2586 2585 2582 2583 2587 2588 2581 2587 2581 2584 2589 2586 2519 2589 2585 2586 2590 2588 2587 2590 2591 2588 2592 2589 2519 2592 2519 2485 2593 2594 2591 2593 2591 2590 2595 2592 2485 2596 2594 2593 2596 2597 2594 2598 2595 2485 2599 2597 2596 2600 2598 2485 2601 2597 2599 2601 2602 2597 2603 2600 2485 2604 2602 2601 2604 2605 2602 2606 2603 2485 2607 2605 2604 2607 2608 2605 2609 2606 2485 2610 2611 2608 2610 2612 2611 2610 2613 2612 2610 2614 2613 2610 2615 2614 2610 2616 2615 2610 2608 2607 2617 2609 2485 2618 2619 2616 2618 2620 2619 2618 2616 2610 2618 2621 2620 2618 2622 2621 2618 2623 2622 2618 2624 2623 2618 2625 2624 2626 2617 2485 2627 2625 2618 2627 2628 2625 2629 2626 2485 2630 2628 2627 2630 2631 2628 2632 2631 2630 2632 2633 2631 2634 2633 2632 2635 2633 2634 2635 2636 2633 2637 2638 2636 2637 2636 2635 2639 2640 2638 2639 2638 2637 2641 2642 2640 2641 2640 2639 2643 2642 2641 2644 2645 2642 2644 2642 2643 2646 2645 2644 2646 2647 2645 2648 2649 2647 2648 2647 2646 2650 2651 2649 2650 2649 2648 2652 2651 2650 2653 2654 2651 2653 2651 2652 2655 2656 2654 2655 2654 2653 2657 2658 2656 2657 2656 2655 2659 2658 2657 2659 2660 2658 2661 2660 2659 2661 2662 2660 2663 2664 2662 2663 2662 2661 2665 2664 2663 2666 2664 2665 2666 2667 2664 2668 2667 2666 2668 2669 2667 2670 2669 2668 2670 2671 2669 2672 2671 2670 2672 2556 2671 2673 2520 2556 2673 2556 2672 2674 2520 2673 2675 2520 2674 2676 2520 2675 2677 2520 2676 2678 2520 2677 2679 2680 2681 2679 2682 2680 2679 2683 2682 2684 2681 2680 2684 2680 2685 2686 2684 2685 2686 2687 2688 2686 2685 2687 2689 2683 2679 2690 2691 2683 2690 2683 2689 2692 2686 2688 2693 2692 2688 2693 2688 2694 2695 2691 2690 2695 2696 2691 2697 2694 2698 2697 2693 2694 2699 2696 2695 2699 2700 2696 2701 2697 2698 2701 2702 2703 2701 2698 2702 2704 2700 2699 2704 2705 2700 2706 2705 2704 2706 2707 2705 2706 2708 2707 2709 2701 2703 2710 2703 2711 2710 2709 2703 2712 2708 2706 2713 2710 2711 2713 2711 2714 2715 2708 2712 2715 2716 2708 2717 2716 2715 2717 2718 2716 2719 2714 2720 2719 2713 2714 2721 2718 2717 2721 2722 2718 2721 2723 2722 2724 2720 2725 2724 2719 2720 2726 2724 2725 2726 2727 2728 2726 2725 2727 2729 2723 2721 2730 2723 2729 2730 2731 2723 2732 2726 2728 2733 2629 2485 2733 2728 2629 2733 2732 2728 2734 2731 2730 2734 2735 2731 2736 2735 2734 2736 2737 2735 2736 2738 2737 2739 2738 2736 2740 2741 2738 2740 2738 2739 2742 2743 2741 2742 2741 2740 2744 2743 2742 2744 2745 2743 2744 2746 2745 2747 2746 2744 2748 2746 2747 2748 2749 2746 2750 2751 2749 2750 2752 2751 2750 2749 2748 2753 2752 2750 2753 2754 2752 2755 2754 2753 2756 2757 2754 2756 2754 2755 2758 2757 2756 2758 2759 2757 2758 2760 2759 2761 2760 2758 2762 2760 2761 2762 2763 2760 2764 2763 2762 2764 2765 2763 2764 2766 2765 2767 2766 2764 2768 2766 2767 2768 2769 2766 2770 2769 2768 2770 2771 2769 2772 2773 2771 2772 2774 2773 2772 2771 2770 2775 2774 2772 2776 2774 2775 2776 2777 2774 2778 2777 2776 2778 2779 2777 2780 2779 2778 2780 2781 2779 2782 2781 2780 2782 2783 2781 2784 2783 2782 2784 2785 2783 2786 2787 2785 2786 2788 2787 2786 2785 2784 2789 2788 2786 2790 2791 2788 2790 2788 2789 2445 2792 2793 2447 2445 2793 2447 2793 2794 2442 2792 2445 2442 2795 2792 2451 2447 2794 2451 2796 2797 2451 2794 2796 2440 2795 2442 2440 2798 2795 2440 2799 2798 2452 2451 2797 2452 2797 2800 2437 2799 2440 2437 2801 2799 2456 2452 2800 2456 2800 2802 2435 2803 2801 2435 2801 2437 2457 2456 2802 2457 2802 2804 2432 2803 2435 2432 2805 2803 2461 2457 2804 2461 2804 2806 2430 2807 2805 2430 2808 2807 2430 2805 2432 2462 2461 2806 2462 2806 2809 2427 2810 2808 2427 2808 2430 2466 2462 2809 2466 2811 2812 2466 2809 2811 2425 2813 2810 2425 2810 2427 2467 2466 2812 2467 2812 2814 2422 2813 2425 2422 2815 2813 2470 2467 2814 2470 2814 2816 2421 2815 2422 2472 2470 2816 2472 2816 2817 2417 2815 2421 2475 2817 2818 2475 2472 2817 2416 2815 2417 2412 2815 2416 2410 2815 2412 2407 2815 2410 2405 2815 2407 2405 2819 2815 2402 2819 2405 2400 2819 2402 2399 2819 2400 2398 2819 2399 2394 2819 2398 2393 2820 2819 2393 2819 2394 2389 2821 2820 2389 2820 2393 2388 2822 2821 2388 2821 2389 2384 2823 2822 2384 2824 2823 2384 2822 2388 2383 2825 2824 2383 2824 2384 2379 2826 2825 2379 2825 2383 2378 2826 2379 2378 2827 2826 2372 2828 2827 2372 2829 2828 2372 2827 2378 2370 2830 2829 2370 2829 2372 2367 2830 2370 2367 2831 2830 2365 2832 2831 2365 2831 2367 2362 2832 2365 2362 2833 2832 2362 2834 2833 2360 2835 2834 2360 2834 2362 2357 2835 2360 2357 2836 2835 2355 2836 2357 2355 2837 2836 2352 2838 2837 2352 2837 2355 2839 2196 2192 2839 2197 2196 2839 2200 2197 2839 2202 2200 2839 2205 2202 2839 2207 2205 2839 2211 2207 2839 2212 2211 2839 2218 2212 2839 2219 2218 2839 2223 2219 2839 2224 2223 2839 2477 2475 2839 2481 2477 2839 2174 2481 2839 2171 2174 2839 2840 2841 2839 2842 2840 2839 2843 2842 2839 2844 2843 2839 2845 2844 2839 2818 2845 2839 2475 2818 2839 2841 2846 2839 2172 2171 2839 2175 2172 2839 2847 2733 2839 2177 2175 2839 2846 2847 2839 2180 2177 2839 2182 2180 2839 2185 2182 2839 2187 2185 2839 2733 2485 2839 2191 2187 2839 2192 2191 2228 2224 2839 2350 2848 2838 2350 2838 2352 2229 2228 2839 2349 2848 2350 2349 2849 2848 2349 2850 2849 2233 2229 2839 2348 2850 2349 2348 2851 2850 2234 2233 2839 2344 2851 2348 2344 2852 2851 2238 2234 2839 2343 2852 2344 2343 2853 2852 2239 2238 2839 2339 2853 2343 2339 2854 2853 2243 2239 2839 2244 2243 2839 2248 2244 2839 2249 2248 2839 2855 2854 2339 2855 2253 2249 2855 2254 2253 2855 2258 2254 2855 2259 2258 2855 2263 2259 2855 2264 2263 2855 2268 2264 2855 2269 2268 2855 2273 2269 2855 2274 2273 2855 2278 2274 2855 2279 2278 2855 2283 2279 2855 2284 2283 2855 2288 2284 2855 2289 2288 2855 2293 2289 2855 2294 2293 2855 2298 2294 2855 2299 2298 2855 2303 2299 2855 2304 2303 2855 2308 2304 2855 2309 2308 2855 2313 2309 2855 2314 2313 2855 2318 2314 2855 2319 2318 2855 2323 2319 2855 2324 2323 2855 2328 2324 2855 2329 2328 2855 2333 2329 2855 2856 2854 2855 2334 2333 2855 2338 2334 2855 2857 2856 2855 2339 2338 2855 2858 2857 2855 2859 2858 2855 2860 2859 2855 2249 2839 2855 2520 2861 2861 2520 2862 2862 2520 2863 2863 2520 2864 2864 2520 2865 2865 2520 2866 2866 2520 2867 2867 2520 2868 2868 2520 2790 2790 2520 2869 2869 2520 2870 2870 2520 2871 2871 2520 2872 2872 2520 2678 2855 2861 2860 2790 2869 2873 2790 2873 2874 2790 2874 2875 2790 2875 2876 2790 2876 2791 2877 2878 2327 2327 2878 2325 2325 2878 2322 2322 2879 2320 2878 2879 2322 2320 2880 2317 2879 2880 2320 2317 2881 2315 2880 2881 2317 2315 2882 2312 2881 2882 2315 2312 2883 2311 2882 2883 2312 2311 2884 2307 2883 2884 2311 2307 2885 2305 2884 2885 2307 2305 2886 2302 2885 2886 2305 2302 2887 2300 2886 2887 2302 2887 2888 2300 2300 2888 2297 2888 2889 2297 2297 2889 2295 2889 2890 2295 2295 2890 2292 2890 2891 2292 2292 2891 2290 2891 2892 2290 2290 2892 2287 2892 2893 2287 2287 2893 2285 2893 2894 2285 2285 2894 2282 2894 2895 2282 2282 2895 2281 2895 2896 2281 2281 2896 2277 2896 2897 2277 2277 2897 2275 2897 2898 2275 2898 2899 2275 2275 2899 2272 2272 2899 2270 2270 2900 2267 2899 2900 2270 2267 2901 2265 2900 2901 2267 2901 2902 2265 2265 2903 2262 2262 2903 2260 2902 2903 2265 2260 2904 2257 2903 2904 2260 2257 2905 2255 2904 2905 2257 2905 2906 2255 2255 2907 2252 2252 2907 2251 2906 2907 2255 2251 2908 2247 2907 2908 2251 2247 2909 2246 2908 2909 2247 2246 2910 2242 2909 2910 2246 2242 2911 2240 2910 2911 2242 2240 2912 2237 2911 2912 2240 2912 2913 2237 2913 2914 2237 2237 2914 2235 2235 2914 2232 2914 2915 2232 2232 2915 2231 2915 2916 2231 2231 2916 2227 2916 2917 2227 2227 2917 2226 2917 2918 2226 2226 2918 2222 2918 2919 2222 2222 2919 2220 2919 2920 2220 2920 2921 2220 2220 2921 2217 2217 2921 2216 2921 2922 2216 2216 2922 2214 2922 2923 2214 2214 2923 2213 2923 2924 2213 2213 2924 2209 2924 2925 2209 2209 2925 2208 2925 2926 2208 2208 2926 2204 2926 2927 2204 2204 2927 2203 2927 2928 2203 2928 2929 2203 2203 2929 2199 2199 2929 2198 2929 2930 2198 2198 2930 2194 2930 2931 2194 2194 2931 2193 2931 2932 2193 2932 2933 2193 2193 2933 2189 2933 2934 2189 2189 2934 2188 2188 2934 2184 2184 2935 2183 2934 2935 2184 2183 2936 2179 2935 2936 2183 2179 2937 2178 2936 2937 2179 2937 2938 2178 2938 2939 2178 2178 2939 2170 2939 2940 2170 2170 2940 2168 2940 2941 2168 2168 2941 2173 2173 2941 2482 2941 2942 2482 2482 2942 2479 2942 2943 2479 2943 2944 2479 2479 2944 2478 2944 2945 2478 2478 2945 2474 2474 2945 2473 2945 2946 2473 2473 2946 2469 2946 2947 2469 2469 2947 2468 2947 2948 2468 2948 2949 2468 2468 2949 2464 2464 2949 2463 2463 2950 2459 2949 2950 2463 2950 2951 2459 2459 2952 2458 2458 2952 2454 2951 2952 2459 2454 2953 2453 2952 2953 2454 2453 2954 2449 2953 2954 2453 2954 2955 2449 2449 2956 2448 2448 2956 2444 2955 2956 2449 2444 2957 2443 2956 2957 2444 2957 2958 2443 2443 2959 2439 2439 2959 2438 2958 2959 2443 2959 2960 2438 2438 2961 2434 2434 2961 2433 2960 2961 2438 2961 2962 2433 2433 2963 2429 2429 2963 2428 2962 2963 2433 2963 2964 2428 2964 2965 2428 2428 2965 2424 2965 2966 2424 2424 2966 2423 2423 2966 2419 2966 2967 2419 2967 2968 2419 2419 2968 2418 2418 2969 2414 2968 2969 2418 2414 2970 2413 2969 2970 2414 2413 2971 2409 2970 2971 2413 2409 2972 2408 2408 2972 2404 2971 2972 2409 2972 2973 2404 2404 2974 2403 2973 2974 2404 2403 2975 2397 2974 2975 2403 2397 2976 2395 2395 2976 2392 2975 2976 2397 2392 2977 2390 2976 2977 2392 2977 2978 2390 2390 2979 2387 2387 2979 2385 2978 2979 2390 2385 2980 2382 2979 2980 2385 2382 2981 2381 2980 2981 2382 2981 2982 2381 2381 2983 2377 2377 2983 2375 2982 2983 2381 2375 2984 2374 2983 2984 2375 2984 2985 2374 2374 2986 2373 2373 2986 2369 2985 2986 2374 2986 2987 2369 2369 2988 2368 2987 2988 2369 2988 2989 2368 2368 2989 2364 2364 2989 2363 2989 2990 2363 2363 2991 2359 2359 2991 2358 2990 2991 2363 2991 2992 2358 2358 2993 2354 2354 2993 2353 2992 2993 2358 2993 2994 2353 2994 2995 2353 2353 2995 2347 2995 2996 2347 2347 2996 2345 2345 2996 2342 2996 2997 2342 2997 2998 2342 2342 2998 2340 2998 2999 2340 2340 2999 2337 2337 2999 2335 2999 3000 2335 2335 3000 2332 3000 3001 2332 2332 3002 2331 3001 3002 2332 3002 2877 2331 2331 2877 2327 3003 3004 3005 2515 2516 3004 3006 3004 3003 2513 2515 3004 2517 3007 2516 2518 3007 2517 3008 3007 3009 3004 3007 3005 3005 3007 3008 2516 3007 3004 2519 3010 2518 2586 3010 2519 3011 3010 3012 3009 3010 3011 3007 3010 3009 2518 3010 3007 2583 3013 2586 2579 3013 2583 3010 3013 3012 3014 3013 3015 3012 3013 3014 2586 3013 3010 3013 3016 3015 2574 3016 2579 2568 3016 2574 2579 3016 3013 3017 3016 3018 3015 3016 3017 2568 3019 3016 3016 3019 3018 2566 3019 2568 2563 3019 2566 3020 3019 3021 3018 3019 3020 2559 3022 2563 2558 3022 2559 3023 3022 3024 3021 3022 3023 2563 3022 3019 3019 3022 3021 2561 3025 2558 2570 3025 2561 3026 3025 3027 3024 3025 3026 2558 3025 3022 3022 3025 3024 2570 3028 3025 3025 3028 3027 2572 3028 2570 2576 3028 2572 3029 3028 3030 3027 3028 3029 2576 3031 3028 3028 3031 3030 3032 3031 3033 2581 3031 2576 3030 3031 3032 2588 3031 2581 3034 3035 3036 3033 3035 3034 2591 3035 2588 2594 3035 2591 2588 3035 3031 3031 3035 3033 2594 3037 3035 3038 3037 3039 3036 3037 3038 2597 3037 2594 2602 3037 2597 3035 3037 3036 2602 3040 3037 3037 3040 3039 3041 3040 3042 3039 3040 3041 2605 3040 2602 2608 3040 2605 3043 3044 3045 3042 3044 3043 2611 3044 2608 2612 3044 2611 2608 3044 3040 3040 3044 3042 3046 3047 3048 3045 3047 3046 2612 3047 3044 2613 3047 2612 2614 3047 2613 3044 3047 3045 2614 3049 3047 3050 3049 3051 3048 3049 3050 3047 3049 3048 2615 3049 2614 2616 3049 2615 3049 3052 3051 3053 3052 3054 3051 3052 3053 2619 3052 2616 2620 3052 2619 2616 3052 3049 3055 3056 3057 3054 3056 3055 2621 3056 2620 2622 3056 2621 2620 3056 3052 3052 3056 3054 3058 3059 3060 3057 3059 3058 2622 3059 3056 3056 3059 3057 2623 3059 2622 2624 3059 2623 3061 3062 3063 3060 3062 3061 2624 3062 3059 3059 3062 3060 2625 3062 2624 2628 3062 2625 3064 3065 3066 3063 3065 3064 3062 3065 3063 2628 3065 3062 2631 3065 2628 2633 3065 2631 3067 3068 3069 3066 3068 3067 2633 3068 3065 2636 3068 2633 2638 3068 2636 3065 3068 3066 3068 3070 3069 2638 3070 3068 3071 3070 3072 3069 3070 3071 2640 3070 2638 2642 3070 2640 3073 3074 3075 3072 3074 3073 3070 3074 3072 2642 3074 3070 2645 3074 2642 2647 3074 2645 3076 3077 3078 3075 3077 3076 3074 3077 3075 2649 3077 2647 2651 3077 2649 2647 3077 3074 3079 3080 3081 3078 3080 3079 2654 3080 2651 2656 3080 2654 3077 3080 3078 2651 3080 3077 3082 3083 3084 3081 3083 3082 3080 3083 3081 2656 3083 3080 2658 3083 2656 2660 3083 2658 3085 3086 3087 3084 3086 3085 3083 3086 3084 2660 3086 3083 2662 3086 2660 2664 3086 2662 2664 3088 3086 3089 3088 3090 3087 3088 3089 2667 3088 2664 2669 3088 2667 3086 3088 3087 3091 3092 3093 3090 3092 3091 3088 3092 3090 2669 3092 3088 2671 3092 2669 2556 3092 2671 3094 3095 3096 3093 3095 3094 3092 3095 3093 2556 3095 3092 2555 3095 2556 2554 3095 2555 3097 3098 3099 3096 3098 3097 3095 3098 3096 2554 3098 3095 2553 3098 2554 2552 3098 2553 3098 3100 3099 2552 3100 3098 3101 3100 3102 3099 3100 3101 2551 3100 2552 2550 3100 2551 3103 3104 3105 3102 3104 3103 3100 3104 3102 2550 3104 3100 2549 3104 2550 2548 3104 2549 3106 3107 3108 2548 3107 3104 3105 3107 3106 3104 3107 3105 2547 3107 2548 2546 3107 2547 3109 3110 3111 3108 3110 3109 3107 3110 3108 2546 3110 3107 2545 3110 2546 2544 3110 2545 2543 3112 2544 2542 3112 2543 2544 3112 3110 3113 3112 3114 3111 3112 3113 3110 3112 3111 2541 3115 2542 2540 3115 2541 3116 3115 3117 3114 3115 3116 2542 3115 3112 3112 3115 3114 2539 3118 2540 2538 3118 2539 3119 3118 3120 3117 3118 3119 2540 3118 3115 3115 3118 3117 2537 3121 2538 2536 3121 2537 3122 3121 3123 3120 3121 3122 3118 3121 3120 2538 3121 3118 2535 3124 2536 2534 3124 2535 3125 3124 3126 3123 3124 3125 2536 3124 3121 3121 3124 3123 3127 3128 3129 3126 3128 3127 2533 3128 2534 2532 3128 2533 3124 3128 3126 2534 3128 3124 3128 3130 3129 3131 3130 3132 3129 3130 3131 2532 3130 3128 2531 3130 2532 2530 3130 2531 3133 3134 3135 3132 3134 3133 2522 3134 2530 2521 3134 2522 3130 3134 3132 2530 3134 3130 3136 3137 3138 3135 3137 3136 2523 3137 2521 2524 3137 2523 2521 3137 3134 3134 3137 3135 3139 3140 3141 3138 3140 3139 2524 3140 3137 2525 3140 2524 2526 3140 2525 3137 3140 3138 2527 3142 2526 2528 3142 2527 3140 3142 3141 2526 3142 3140 3143 3142 3144 3141 3142 3143 2529 3145 2528 2514 3145 2529 2528 3145 3142 3142 3145 3144 3146 3145 3147 3144 3145 3146 2512 3148 2514 2510 3148 2512 2514 3148 3145 3145 3148 3147 3149 3148 3150 3147 3148 3149 3148 3151 3150 2510 3151 3148 2508 3151 2510 2506 3151 2508 3152 3151 3153 3150 3151 3152 3151 3154 3153 2506 3154 3151 2504 3154 2506 2502 3154 2504 3155 3154 3156 3153 3154 3155 2500 3157 2502 2498 3157 2500 2502 3157 3154 3154 3157 3156 3158 3157 3159 3156 3157 3158 2496 3160 2498 2494 3160 2496 2498 3160 3157 3157 3160 3159 3161 3160 3162 3159 3160 3161 2492 3163 2494 2490 3163 2492 2494 3163 3160 3160 3163 3162 3164 3163 3165 3162 3163 3164 2488 3166 2490 2486 3166 2488 3167 3166 3168 3165 3166 3167 2490 3166 3163 3163 3166 3165 2484 3169 2486 2483 3169 2484 2486 3169 3166 3170 3169 3171 3168 3169 3170 3166 3169 3168 2483 3172 3169 2487 3172 2483 2489 3172 2487 3173 3172 3174 3171 3172 3173 3169 3172 3171 2489 3175 3172 3172 3175 3174 2491 3175 2489 2493 3175 2491 3176 3175 3177 3174 3175 3176 2493 3178 3175 3175 3178 3177 2495 3178 2493 2497 3178 2495 3179 3178 3180 3177 3178 3179 3178 3181 3180 2499 3181 2497 2497 3181 3178 2501 3181 2499 3182 3181 3183 3180 3181 3182 2503 3184 2501 2505 3184 2503 3181 3184 3183 2501 3184 3181 3185 3184 3186 3183 3184 3185 2507 3187 2505 2509 3187 2507 3184 3187 3186 3188 3187 3189 3186 3187 3188 2505 3187 3184 3187 3190 3189 2511 3190 2509 2513 3190 2511 3006 3190 3004 3004 3190 2513 3191 3190 3006 3189 3190 3191 2509 3190 3187 3192 3193 3099 3099 3193 3097 3097 3193 3096 3096 3194 3094 3193 3194 3096 3094 3195 3093 3194 3195 3094 3093 3196 3091 3195 3196 3093 3091 3197 3090 3196 3197 3091 3090 3198 3089 3197 3198 3090 3089 3199 3087 3198 3199 3089 3087 3200 3085 3199 3200 3087 3085 3201 3084 3200 3201 3085 3084 3202 3082 3201 3202 3084 3202 3203 3082 3082 3203 3081 3203 3204 3081 3081 3204 3079 3204 3205 3079 3079 3205 3078 3205 3206 3078 3078 3206 3076 3206 3207 3076 3076 3207 3075 3207 3208 3075 3075 3208 3073 3208 3209 3073 3073 3209 3072 3209 3210 3072 3072 3210 3071 3210 3211 3071 3071 3211 3069 3211 3212 3069 3069 3212 3067 3212 3213 3067 3213 3214 3067 3067 3214 3066 3066 3214 3064 3064 3215 3063 3214 3215 3064 3063 3216 3061 3215 3216 3063 3216 3217 3061 3061 3218 3060 3060 3218 3058 3217 3218 3061 3058 3219 3057 3218 3219 3058 3057 3220 3055 3219 3220 3057 3220 3221 3055 3055 3222 3054 3054 3222 3053 3221 3222 3055 3053 3223 3051 3222 3223 3053 3051 3224 3050 3223 3224 3051 3050 3225 3048 3224 3225 3050 3048 3226 3046 3225 3226 3048 3046 3227 3045 3226 3227 3046 3227 3228 3045 3228 3229 3045 3045 3229 3043 3043 3229 3042 3229 3230 3042 3042 3230 3041 3230 3231 3041 3041 3231 3039 3231 3232 3039 3039 3232 3038 3232 3233 3038 3038 3233 3036 3233 3234 3036 3036 3234 3034 3234 3235 3034 3235 3236 3034 3034 3236 3033 3033 3236 3032 3236 3237 3032 3032 3237 3030 3237 3238 3030 3030 3238 3029 3238 3239 3029 3029 3239 3027 3239 3240 3027 3027 3240 3026 3240 3241 3026 3026 3241 3024 3241 3242 3024 3024 3242 3023 3242 3243 3023 3243 3244 3023 3023 3244 3021 3021 3244 3020 3244 3245 3020 3020 3245 3018 3245 3246 3018 3018 3246 3017 3246 3247 3017 3247 3248 3017 3017 3248 3015 3248 3249 3015 3015 3249 3014 3014 3249 3012 3012 3250 3011 3249 3250 3012 3011 3251 3009 3250 3251 3011 3009 3252 3008 3251 3252 3009 3252 3253 3008 3253 3254 3008 3008 3254 3005 3254 3255 3005 3005 3255 3003 3255 3256 3003 3003 3256 3006 3006 3256 3191 3256 3257 3191 3191 3257 3189 3257 3258 3189 3258 3259 3189 3189 3259 3188 3259 3260 3188 3188 3260 3186 3186 3260 3185 3260 3261 3185 3185 3261 3183 3261 3262 3183 3183 3262 3182 3262 3263 3182 3263 3264 3182 3182 3264 3180 3180 3264 3179 3179 3265 3177 3264 3265 3179 3265 3266 3177 3177 3267 3176 3176 3267 3174 3266 3267 3177 3174 3268 3173 3267 3268 3174 3173 3269 3171 3268 3269 3173 3269 3270 3171 3171 3271 3170 3170 3271 3168 3270 3271 3171 3168 3272 3167 3271 3272 3168 3272 3273 3167 3167 3274 3165 3165 3274 3164 3273 3274 3167 3274 3275 3164 3164 3276 3162 3162 3276 3161 3275 3276 3164 3276 3277 3161 3161 3278 3159 3159 3278 3158 3277 3278 3161 3278 3279 3158 3279 3280 3158 3158 3280 3156 3280 3281 3156 3156 3281 3155 3155 3281 3153 3281 3282 3153 3282 3283 3153 3153 3283 3152 3152 3284 3150 3283 3284 3152 3150 3285 3149 3284 3285 3150 3149 3286 3147 3285 3286 3149 3147 3287 3146 3146 3287 3144 3286 3287 3147 3287 3288 3144 3144 3289 3143 3288 3289 3144 3143 3290 3141 3289 3290 3143 3141 3291 3139 3139 3291 3138 3290 3291 3141 3138 3292 3136 3291 3292 3138 3292 3293 3136 3136 3294 3135 3135 3294 3133 3293 3294 3136 3133 3295 3132 3294 3295 3133 3132 3296 3131 3295 3296 3132 3296 3297 3131 3131 3298 3129 3129 3298 3127 3297 3298 3131 3127 3299 3126 3298 3299 3127 3299 3300 3126 3126 3301 3125 3125 3301 3123 3300 3301 3126 3301 3302 3123 3123 3303 3122 3302 3303 3123 3303 3304 3122 3122 3304 3120 3120 3304 3119 3304 3305 3119 3119 3306 3117 3117 3306 3116 3305 3306 3119 3306 3307 3116 3116 3308 3114 3114 3308 3113 3307 3308 3116 3308 3309 3113 3309 3310 3113 3113 3310 3111 3310 3311 3111 3111 3311 3109 3109 3311 3108 3311 3312 3108 3312 3313 3108 3108 3313 3106 3313 3314 3106 3106 3314 3105 3105 3314 3103 3314 3315 3103 3103 3315 3102 3315 3316 3102 3102 3317 3101 3316 3317 3102 3317 3192 3101 3101 3192 3099 3318 2839 2485 3318 2485 3319 2839 3318 3320 3321 3320 3322 3321 2839 3320 3323 3322 3324 3323 3321 3322 3325 3324 3326 3325 3323 3324 3327 3326 3328 3327 3325 3326 3329 3328 3330 3329 3327 3328 3331 3330 3332 3331 3329 3330 3333 3332 3334 3333 3331 3332 3335 3333 3334 3335 3334 3336 3337 3335 3336 3337 3336 3338 3339 3337 3338 3339 3338 3340 3341 3339 3340 3341 3340 3342 3343 3341 3342 3343 3342 3344 3345 3343 3344 3345 3344 3346 3347 3345 3346 3347 3346 3348 3349 3347 3348 3349 3348 3350 3351 3349 3350 3351 3350 3352 3353 3351 3352 3353 3352 3354 3355 3353 3354 3355 3354 3356 3357 3355 3356 3357 3356 3358 3359 3357 3358 3359 3358 3360 3361 3359 3360 3361 3360 3362 3363 3362 3364 3363 3361 3362 3365 3364 3366 3365 3363 3364 3367 3366 3368 3367 3365 3366 3369 3368 3370 3369 3367 3368 3371 3370 3372 3371 3369 3370 3373 3372 3374 3373 3371 3372 3375 3374 3376 3375 3373 3374 3377 3376 3378 3377 3375 3376 3379 3377 3378 3380 3378 3381 3380 3381 3382 3380 3379 3378 315 3380 3382 462 315 3382 462 3382 3383 462 3383 3384 3385 3384 3386 3385 462 3384 3387 3386 3388 3387 3385 3386 3389 3388 3390 3389 3387 3388 3391 3390 3392 3391 3389 3390 3393 3392 3394 3393 3391 3392 3395 3394 3396 3395 3393 3394 3397 3396 3398 3397 3395 3396 3399 3397 3398 3399 3398 3400 3401 3399 3400 3401 3400 3402 3403 3401 3402 3403 3402 3404 3405 3403 3404 3405 3404 3406 3407 3405 3406 3407 3406 3408 3409 3407 3408 3409 3408 3410 3411 3409 3410 3411 3410 3412 3413 3411 3412 3413 3412 3414 3415 3413 3414 3415 3414 3416 3417 3415 3416 3417 3416 3418 3419 3417 3418 3419 3418 3420 3421 3419 3420 3421 3420 3422 3423 3421 3422 3423 3422 3424 3425 3423 3424 3425 3424 3426 3427 3426 3428 3427 3425 3426 3429 3428 3430 3429 3427 3428 3431 3430 3432 3431 3429 3430 3433 3432 3434 3433 3431 3432 3435 3434 3436 3435 3433 3434 3437 3436 3438 3437 3435 3436 3439 3438 3440 3439 3437 3438 3441 3440 3442 3441 3439 3440 3443 3441 3442 3444 3442 3445 3444 3445 3446 3444 3443 3442 1333 3444 3446 1333 3447 1613 1333 3446 3447 1613 3447 3448 3449 3448 3450 3449 1613 3448 3451 3450 3452 3451 3449 3450 3453 3452 3454 3453 3451 3452 3455 3454 3456 3455 3453 3454 3457 3456 3458 3457 3455 3456 3459 3458 3460 3459 3457 3458 3461 3460 3462 3461 3459 3460 3463 3461 3462 3463 3462 3464 3465 3463 3464 3465 3464 3466 3467 3465 3466 3467 3466 3468 3469 3467 3468 3469 3468 3470 3471 3469 3470 3471 3470 3472 3473 3471 3472 3473 3472 3474 3475 3473 3474 3475 3474 3476 3477 3475 3476 3477 3476 3478 3479 3477 3478 3479 3478 3480 3481 3479 3480 3481 3480 3482 3483 3481 3482 3483 3482 3484 3485 3483 3484 3485 3484 3486 3487 3485 3486 3487 3486 3488 3489 3487 3488 3489 3488 3490 3491 3490 3492 3491 3489 3490 3493 3492 3494 3493 3491 3492 3495 3494 3496 3495 3493 3494 3497 3496 3498 3497 3495 3496 3499 3498 3500 3499 3497 3498 3501 3500 3502 3501 3499 3500 3503 3502 3504 3503 3501 3502 3505 3504 3506 3505 3503 3504 3507 3505 3506 3508 3506 3509 3508 3509 3510 3508 3507 3506 3511 3508 3510 3510 3512 3513 3510 3513 3511 3513 3512 3514 3515 3514 3516 3515 3513 3514 3517 3516 3518 3517 3515 3516 3519 3518 3520 3519 3517 3518 3521 3520 3522 3521 3519 3520 3523 3522 3524 3523 3521 3522 3525 3524 3526 3525 3523 3524 3527 3526 3528 3527 3525 3526 3529 3527 3528 3529 3528 3530 3531 3529 3530 3531 3530 3532 3533 3531 3532 3533 3532 3534 3535 3533 3534 3535 3534 3536 3537 3535 3536 3537 3536 3538 3539 3537 3538 3539 3538 3540 3541 3539 3540 3541 3540 3542 3543 3541 3542 3543 3542 3544 3545 3543 3544 3545 3544 3546 3547 3545 3546 3547 3546 3548 3549 3547 3548 3549 3548 3550 3551 3549 3550 3551 3550 3552 3553 3551 3552 3553 3552 3554 3555 3553 3554 3555 3554 3556 3557 3556 3558 3557 3555 3556 3559 3558 3560 3559 3557 3558 3561 3560 3562 3561 3559 3560 3563 3562 3564 3563 3561 3562 3565 3564 3566 3565 3563 3564 3567 3566 3568 3567 3565 3566 3569 3568 3570 3569 3567 3568 3571 3570 3572 3571 3569 3570 3573 3571 3572 3574 3572 3575 3574 3575 3319 3574 3573 3572 2485 3574 3319 3576 1613 3449 3576 1670 1613 3577 3449 3451 3577 3576 3449 3578 3451 3453 3578 3577 3451 3579 3453 3455 3579 3578 3453 3580 3455 3457 3580 3579 3455 3581 3457 3459 3581 3580 3457 3582 3459 3461 3582 3581 3459 3583 3582 3461 3583 3461 3463 3584 3583 3463 3584 3463 3465 3585 3584 3465 3585 3465 3467 3586 3585 3467 3586 3467 3469 3587 3469 3471 3587 3586 3469 3588 3471 3473 3588 3587 3471 3589 3473 3475 3589 3588 3473 3590 3475 3477 3590 3589 3475 3591 3477 3479 3591 3590 3477 3592 3479 3481 3592 3591 3479 3593 3481 3483 3593 3592 3481 3594 3483 3485 3594 3593 3483 3595 3485 3487 3595 3594 3485 3596 3487 3489 3596 3595 3487 3597 3489 3491 3597 3596 3489 3598 3491 3493 3598 3597 3491 3599 3493 3495 3599 3598 3493 3600 3495 3497 3600 3599 3495 3601 3497 3499 3601 3600 3497 3602 3499 3501 3602 3601 3499 3603 3501 3503 3603 3602 3501 3604 3503 3505 3604 3603 3503 3605 3505 3507 3605 3604 3505 3606 3507 3508 3606 3605 3507 3607 3508 3511 3607 3606 3508 3513 3607 3511 3608 3607 3513 3609 3513 3515 3609 3608 3513 3610 3515 3517 3610 3609 3515 3611 3517 3519 3611 3610 3517 3612 3519 3521 3612 3611 3519 3613 3521 3523 3613 3612 3521 3614 3523 3525 3614 3613 3523 3615 3525 3527 3615 3614 3525 3616 3615 3527 3616 3527 3529 3617 3616 3529 3617 3529 3531 3618 3617 3531 3618 3531 3533 3619 3618 3533 3619 3533 3535 3620 3535 3537 3620 3619 3535 3621 3537 3539 3621 3620 3537 3622 3539 3541 3622 3621 3539 3623 3541 3543 3623 3622 3541 3624 3543 3545 3624 3623 3543 3625 3545 3547 3625 3624 3545 3626 3547 3549 3626 3625 3547 3627 3549 3551 3627 3626 3549 3628 3551 3553 3628 3627 3551 3629 3553 3555 3629 3628 3553 3630 3555 3557 3630 3629 3555 3631 3557 3559 3631 3630 3557 3632 3559 3561 3632 3631 3559 3633 3561 3563 3633 3632 3561 3634 3563 3565 3634 3633 3563 3635 3565 3567 3635 3634 3565 3636 3567 3569 3636 3635 3567 3637 3569 3571 3637 3636 3569 3638 3571 3573 3638 3637 3571 3639 3573 3574 3639 3638 3573 2520 3574 2485 2520 3639 3574 3476 3480 3478 3476 3474 3480 3480 3484 3482 3480 3488 3484 3484 3488 3486 3470 3468 3472 3468 3464 3472 3466 3464 3468 3490 3494 3492 3490 3498 3494 3488 3498 3490 3494 3498 3496 3460 3458 3462 3462 3458 3464 3456 3454 3458 3498 3504 3500 3500 3504 3502 3450 3448 3452 3498 3510 3504 3504 3510 3506 3506 3510 3509 3474 3447 3480 3480 3447 3488 3458 3447 3464 3448 3447 3452 3488 3447 3498 3464 3447 3472 3452 3447 3454 3454 3447 3458 3472 3447 3474 3498 3447 3510 3510 3640 3641 3641 3642 3510 3510 3643 3640 3642 3644 3510 3510 3645 3643 3644 3646 3510 3510 3647 3645 3646 3648 3510 3510 3649 3647 3648 3650 3510 3510 3651 3649 3650 3652 3510 3510 3653 3651 3652 3654 3510 3510 3655 3653 3654 3656 3510 3510 3657 3655 3656 3658 3510 3510 3659 3657 3658 3660 3510 3510 3661 3659 3660 3662 3510 3510 3663 3661 3662 3664 3510 3510 3665 3663 3664 3666 3510 3510 3667 3665 3666 3668 3510 3510 3669 3667 3447 3669 3510 3668 3670 3510 3447 3671 3669 3670 3672 3510 3447 3673 3671 3672 3674 3510 3447 3675 3673 3674 3676 3510 3447 3677 3675 3676 3678 3510 3447 3679 3677 3678 3680 3510 3447 3681 3679 3680 3682 3510 3683 3684 3685 3686 3687 3683 3683 3687 3684 3685 3688 3689 3684 3688 3685 3686 3690 3687 3691 3690 3686 3692 3690 3691 3688 3693 3689 3694 3693 3695 3689 3693 3694 3696 3697 3692 3692 3697 3690 3693 3698 3695 3695 3698 3699 3696 3700 3697 3681 3700 3696 3698 3701 3699 3699 3701 3702 3681 3703 3700 3447 3703 3681 3701 3704 3702 3705 3704 3706 3702 3704 3705 3447 3707 3703 3704 3708 3706 3706 3708 3709 3447 3710 3707 3711 3712 3713 3709 3712 3711 3708 3712 3709 3447 3714 3710 3712 3715 3713 3713 3715 3716 3447 3717 3714 3716 3718 3719 3715 3718 3716 3447 3720 3717 3718 3721 3719 3722 3721 3723 3719 3721 3722 3447 3724 3720 3721 3725 3723 3723 3725 3726 3447 3727 3724 3725 3728 3726 3729 3728 3730 3726 3728 3729 3447 3731 3727 3730 3732 3733 3728 3732 3730 3447 3734 3731 3735 3736 3737 3733 3736 3735 3732 3736 3733 3447 3738 3734 3737 3739 3740 3736 3739 3737 3739 3741 3740 3742 3741 3743 3740 3741 3742 3741 3744 3743 3743 3744 3745 3744 3746 3745 3747 3746 3748 3745 3746 3747 3746 3749 3748 3748 3749 3750 3447 3751 3752 3752 3753 3447 3447 3754 3751 3753 3755 3447 3447 3756 3754 3755 3757 3447 3447 3758 3756 3757 3759 3447 3447 3760 3758 3759 3761 3447 3447 3762 3760 3761 3763 3447 3447 3764 3762 3763 3765 3447 3749 3766 3750 3767 3766 3768 3750 3766 3767 3447 3769 3764 3765 3770 3447 3447 3771 3769 3770 3772 3447 3447 3773 3771 3772 3774 3447 3447 3775 3773 3768 3776 3777 3766 3776 3768 3774 3778 3447 3447 3778 3738 3447 3779 3775 3778 3780 3738 3738 3780 3781 3447 3782 3779 3780 3783 3781 3781 3783 3784 3447 3785 3782 3777 3786 3787 3776 3786 3777 3783 3788 3784 3784 3788 3789 3447 3790 3785 3788 3791 3789 3447 3792 3790 3791 3793 3789 3789 3793 3794 3795 3796 3797 3787 3796 3795 3786 3796 3787 3793 3798 3794 3794 3798 3799 3798 3800 3799 3799 3800 3801 3796 3802 3797 3797 3802 3803 3800 3804 3801 3801 3804 3805 3804 3806 3805 3805 3806 3807 3808 3809 3810 3803 3809 3808 3802 3809 3803 3806 3811 3807 3811 3812 3807 3807 3812 3813 3810 3814 3815 3809 3814 3810 3812 3816 3813 3813 3816 3817 3816 3818 3817 3817 3818 3819 3814 3820 3815 3815 3820 3821 3818 3822 3819 3819 3822 3823 3822 3824 3823 3823 3824 3825 3826 3827 3828 3821 3827 3826 3820 3827 3821 3824 3829 3825 3829 3830 3825 3825 3830 3831 3827 3832 3828 3828 3832 3833 3830 3834 3831 3834 3835 3831 3833 3836 3837 3832 3836 3833 3834 3838 3835 3838 3839 3835 3838 3840 3839 3836 3841 3837 3837 3841 3842 3843 3844 3840 3840 3844 3839 3845 3846 3847 3842 3846 3845 3841 3846 3842 3848 3849 3843 3850 3849 3848 3843 3849 3844 3847 3851 3852 3846 3851 3847 3853 3854 3850 3850 3854 3849 3851 3855 3852 3852 3855 3856 3857 3858 3853 3853 3858 3854 3855 3859 3856 3856 3859 3860 3861 3862 3857 3857 3862 3858 3859 3863 3860 3860 3863 3864 3865 3866 3861 3861 3866 3862 3867 3868 3865 3869 3868 3867 3865 3868 3866 3870 3871 3869 3869 3871 3868 3872 3873 3870 3870 3873 3871 3874 3875 3872 3872 3875 3873 3874 3876 3875 3877 3876 3874 3878 3879 3877 3880 3879 3878 3877 3879 3876 3881 3882 3880 3880 3882 3879 3881 3883 3882 3884 3885 3886 3884 3887 3885 3888 3887 3884 3885 3889 3886 3886 3889 3890 3888 3891 3887 3890 3892 3893 3889 3892 3890 3888 3894 3891 3895 3894 3888 3892 3896 3893 3893 3896 3897 3895 3898 3894 3899 3898 3895 3896 3900 3897 3899 3901 3898 3902 3901 3899 3897 3903 3904 3900 3903 3897 3902 3905 3901 3906 3905 3902 3903 3907 3904 3904 3907 3908 3906 3909 3905 3910 3909 3906 3907 3911 3908 3908 3911 3912 3910 3913 3909 3914 3913 3910 3911 3915 3912 3912 3915 3916 3917 3918 3914 3914 3918 3913 3915 3919 3916 3917 3920 3918 3919 3921 3916 3916 3921 3922 3923 3924 3917 3917 3924 3920 3922 3925 3926 3921 3925 3922 3927 3928 3923 3923 3928 3924 3926 3929 3930 3925 3929 3926 3927 3931 3928 3932 3931 3927 3930 3933 3934 3929 3933 3930 3935 3936 3932 3932 3936 3931 3933 3937 3934 3938 3939 3935 3935 3939 3936 3934 3940 3941 3937 3940 3934 3942 3943 3938 3938 3943 3939 3941 3944 3945 3940 3944 3941 3946 3947 3942 3942 3947 3943 3945 3948 3949 3944 3948 3945 3946 3950 3947 3951 3950 3946 3949 3952 3953 3948 3952 3949 3952 3954 3953 3953 3955 3956 3954 3955 3953 3956 3957 3958 3955 3957 3956 3957 3959 3958 3958 3959 3960 3959 3961 3960 3960 3961 3962 3962 3963 3964 3961 3963 3962 3963 3965 3964 3964 3966 3967 3965 3966 3964 3967 3968 3969 3966 3968 3967 3969 3970 3971 3968 3970 3969 3971 3972 3973 3970 3972 3971 3972 3974 3973 3973 3974 3975 3974 3976 3975 3975 3976 3977 3976 3978 3977 3977 3979 3980 3978 3979 3977 3980 3981 3982 3979 3981 3980 3982 3983 3984 3981 3983 3982 3984 3985 3986 3983 3985 3984 3986 3987 3988 3985 3987 3986 3987 3989 3988 3990 3991 3992 3993 3994 3990 3990 3994 3991 3991 3995 3992 3993 3996 3994 3997 3996 3993 3992 3998 3999 3995 3998 3992 4000 4001 3997 3997 4001 3996 4002 4003 4004 3999 4003 4002 3998 4003 3999 4005 4006 4000 4000 4006 4001 4004 4007 4008 4003 4007 4004 4009 4010 4005 4005 4010 4006 4007 4011 4008 4008 4011 4012 4013 4014 4009 4009 4014 4010 4011 4015 4012 4012 4015 4016 4017 4018 4013 4013 4018 4014 4015 4019 4016 4016 4019 4020 4021 4022 4017 4017 4022 4018 4019 4023 4020 4024 4025 4021 4021 4025 4022 4023 4026 4020 4020 4026 4027 4028 4029 4024 4024 4029 4025 4026 4030 4027 3682 4030 3510 4027 4030 3682 4031 4032 4028 4028 4032 4029 4033 4034 4031 4031 4034 4032 4033 4035 4034 4036 4035 4033 4037 4038 4036 4036 4038 4035 4039 4040 4037 4037 4040 4038 4039 4041 4040 4042 4041 4039 4043 4041 4042 4043 4044 4041 4045 4046 4043 4043 4046 4044 3864 4047 4045 3863 4047 3864 4048 4047 3863 4045 4047 4046 4049 4050 4051 4051 4050 4052 4053 4054 4049 4049 4054 4050 4050 4055 4052 4052 4055 4056 4057 4058 4053 4053 4058 4054 4055 4059 4056 4060 4059 4061 4056 4059 4060 4062 4063 4057 4064 4063 4062 4057 4063 4058 4061 4065 4066 4059 4065 4061 4067 4068 4064 4064 4068 4063 4066 4069 4070 4065 4069 4066 4071 4072 4067 4073 4072 4071 4067 4072 4068 4074 4075 4076 4070 4075 4074 4069 4075 4070 4077 4078 4073 4073 4078 4072 4079 4080 4081 4082 4080 4079 4082 4083 4080 4084 4083 4082 4080 4085 4081 4081 4085 4086 3988 4087 4088 4075 4087 4076 4076 4087 3989 3989 4087 3988 4084 4089 4083 4090 4089 4084 4086 4091 4092 4085 4091 4086 4090 4093 4089 4094 4093 4090 4095 4096 4077 4097 4096 4095 4077 4096 4078 3951 3446 3950 4098 3446 4099 4100 3446 4098 4101 3446 4100 4102 3446 4101 4103 3446 4102 4104 3446 4103 4105 3446 4104 4106 3446 4105 4107 3446 4106 4108 3446 4107 4109 3446 3951 4110 3446 4108 4111 3446 4109 4112 3446 4110 4113 3446 4111 4114 3446 4112 4115 3446 4113 4116 3446 4114 4117 3446 4115 4118 3446 4116 4119 3446 4117 4120 3446 4118 3792 3446 4119 4121 3446 4120 4122 3446 4121 4123 3446 4122 4124 3446 4123 4125 3446 4124 4126 3446 4125 4127 3446 4126 4128 3446 4127 4129 3446 4128 4130 3446 4129 4131 3446 4130 4132 3446 4131 3950 3446 4132 4133 3512 4134 4135 3512 4133 4136 3512 4135 4137 3512 4136 4138 3512 4137 4139 3512 4138 4140 3512 4139 4141 3512 4140 4142 3512 4141 4143 3512 4030 4144 3512 4142 4145 3512 4143 4146 3512 4144 4147 3512 4145 4148 3512 4146 4149 3512 4147 4150 3512 4148 4151 3512 4149 4152 3512 4150 4153 3512 4151 4154 3512 4152 4155 3512 4154 4156 3512 4153 4157 3512 4155 4158 3512 4156 4159 3512 4157 4160 3512 4158 4161 3512 4159 4162 3512 4160 4163 3512 4161 4164 3512 4162 4165 3512 4164 4166 3512 4165 4167 3512 4166 4168 3512 4167 4134 3512 4168 4030 3512 3510 4092 4169 4170 4091 4169 4092 4094 4171 4093 4172 4171 4094 4173 4171 4172 4088 4174 4175 4087 4174 4088 4176 4177 4178 4170 4177 4176 4169 4177 4170 4179 4180 4097 4097 4180 4096 4048 4181 4047 4047 4181 4173 4173 4181 4171 4177 4182 4178 4178 4182 4183 4175 4184 4185 4174 4184 4175 4186 4187 4048 4048 4187 4181 4179 4188 4180 4189 4188 4179 4190 4188 4189 4182 4191 4183 4183 4191 4192 4193 4194 4186 4186 4194 4187 4185 4195 4196 4184 4195 4185 4191 4197 4192 4198 4197 4199 4192 4197 4198 4200 4201 4190 4190 4201 4188 4193 4202 4194 4203 4202 4193 4196 4204 4205 4195 4204 4196 4197 4206 4199 4199 4206 4207 4203 4208 4202 4209 4208 4203 4200 4210 4201 4211 4210 4200 4212 4210 4211 4206 4213 4207 4214 4213 4215 4207 4213 4214 4216 4217 4218 4205 4217 4216 4204 4217 4205 3512 3516 3514 4219 4220 4209 4209 4220 4208 4221 4222 4212 4212 4222 4210 4213 4223 4215 4215 4223 4224 4218 4225 3881 4217 4225 4218 4219 4226 4220 4227 4226 4219 4228 4229 4221 4221 4229 4222 4223 4230 4224 4231 4230 4232 4224 4230 4231 4225 4233 3881 3881 4233 3883 3512 3518 3516 3442 3440 3445 3445 3440 3446 4227 4234 4226 4235 4234 4227 4228 4236 4229 4237 4236 4228 4238 4236 4237 4232 4239 4240 4230 4239 4232 4235 4241 4234 4242 4241 4235 4233 4243 3883 3883 4243 4244 4245 4246 4247 4240 4246 4245 4239 4246 4240 4248 4249 4238 4238 4249 4236 3440 3438 3446 4250 4251 4242 4242 4251 4241 4244 4252 4253 4243 4252 4244 4246 4254 4247 4247 4254 4255 4256 4257 4248 4258 4257 4256 4248 4257 4249 4250 4259 4251 4260 4259 4250 4253 4261 4262 4252 4261 4253 4255 4263 4264 4254 4263 4255 3518 3522 3520 3512 3522 3518 4258 4265 4257 4266 4265 4258 4267 4268 4260 4260 4268 4259 4262 4269 4270 4261 4269 4262 4271 4272 4273 4264 4272 4271 4263 4272 4264 4266 4274 4265 4275 4274 4266 4267 4276 4268 4277 4276 4267 3436 3434 3438 4269 4278 4270 4270 4278 4279 4272 4280 4273 4273 4280 4281 4275 4282 4274 4283 4282 4275 4284 4282 4283 4285 4286 4277 4277 4286 4276 4278 4287 4279 4279 4287 4288 4280 4289 4281 4290 4289 4291 4281 4289 4290 3522 3526 3524 3434 3432 3438 4292 4293 4284 4284 4293 4282 4294 4295 4285 4285 4295 4286 4287 4296 4288 4288 4296 4297 4289 4298 4291 4291 4298 4299 4292 4300 4293 4301 4300 4292 4294 4302 4295 4303 4302 4294 3432 3430 3438 3438 3430 3446 4296 4304 4297 4297 4304 4305 4298 4306 4299 4307 4306 4308 4299 4306 4307 4301 4309 4300 4310 4309 4301 4303 4311 4302 4312 4311 4303 4304 4313 4305 4305 4313 4314 4306 4315 4308 4308 4315 4316 4310 4317 4309 4099 4317 4310 3446 4317 4099 4312 4318 4311 4319 4318 4312 4314 4320 4321 4313 4320 4314 4315 4322 4316 4323 4322 4324 4316 4322 4323 3446 4325 4317 4319 4326 4318 4327 4326 4319 3528 3532 3530 3428 3426 3430 4322 4328 4324 4324 4328 4329 4321 4330 4331 4320 4330 4321 4332 4333 4327 4327 4333 4326 3446 4334 4325 3526 3534 3528 3528 3534 3532 3522 3534 3526 3426 3424 3430 4329 4335 4336 4328 4335 4329 4330 4337 4331 4331 4337 4338 4339 4340 4332 4332 4340 4333 3446 4341 4334 4335 4342 4336 4343 4342 4344 4336 4342 4343 4337 4345 4338 4338 4345 4346 3424 3422 3430 4347 4348 4339 4339 4348 4340 3446 4349 4341 4342 4350 4344 4344 4350 4351 4345 4352 4346 4346 4352 4353 4354 4355 4347 4347 4355 4348 3446 4356 4349 3534 3538 3536 4351 4357 4358 4350 4357 4351 4352 4359 4353 4353 4359 4360 4361 4362 4354 4354 4362 4355 4357 4363 4358 4364 4363 4365 4358 4363 4364 4359 4366 4360 4360 4366 4367 3420 3418 3422 4368 4369 4361 4361 4369 4362 4363 4370 4365 4365 4370 4371 4366 4372 4367 4367 4372 4373 3538 3542 3540 3534 3542 3538 3522 3542 3534 3418 3416 3422 4368 4374 4369 4375 4374 4368 4371 4376 4377 4370 4376 4371 4373 4378 4379 4372 4378 4373 4375 4380 4374 4379 4380 4375 3416 3414 3422 3430 3414 3446 3422 3414 3430 4381 4382 4383 4377 4382 4381 4376 4382 4377 4379 4384 4380 4382 4385 4383 4383 4385 4386 3542 3546 3544 3522 3546 3542 3414 3412 3446 4386 4387 4388 4385 4387 4386 4388 4389 4390 4387 4389 4388 3546 3550 3548 3410 3408 3412 4389 4391 4390 4390 4391 4392 3546 3552 3550 3412 3406 3446 3408 3406 3412 3552 3556 3554 3546 3556 3552 3522 3556 3546 3404 3402 3406 3522 3558 3556 3402 3400 3406 3522 3560 3558 3512 3562 3522 3522 3562 3560 3398 3396 3400 3396 3394 3400 3400 3394 3406 3394 3392 3406 3562 3568 3564 3564 3568 3566 3512 3568 3562 3568 3572 3570 3388 3386 3390 3390 3386 3392 3392 3386 3406 3406 3384 3446 3386 3384 3406 4393 3319 4394 4395 3319 4393 4396 3319 4395 4397 3319 4396 4398 3319 4397 3568 3319 3572 4399 3319 4163 4400 3319 4399 4401 3319 4400 4402 3319 4401 4403 3319 4402 4392 3319 4403 3572 3319 3575 4163 3319 3512 3512 3319 3568 4404 3319 4391 4405 3319 4404 4406 3319 4405 4407 3319 4406 4391 3319 4392 4408 3319 4407 4394 3319 4408 3384 3383 3446 4409 4410 4411 4409 4412 4410 4413 4412 4409 4410 4414 4411 4411 4414 4415 4413 4416 4412 4414 4417 4415 4418 4419 4413 4413 4419 4416 4417 4420 4415 4415 4420 4421 4422 4423 4418 4418 4423 4419 4420 4424 4421 4421 4424 4425 4426 4427 4422 4422 4427 4423 4425 4428 4429 4424 4428 4425 4426 4430 4427 4428 4431 4429 4432 4433 4426 4426 4433 4430 4431 4434 4429 4429 4434 4435 4436 4437 4432 4432 4437 4433 4434 4438 4435 4435 4438 4439 4440 4441 4436 4436 4441 4437 4438 4442 4439 4356 4443 4440 4440 4443 4441 4442 4444 4439 4439 4444 4445 4356 4446 4443 3446 4446 4356 4444 4447 4445 4445 4447 4448 3446 4449 4446 4447 4450 4448 3446 4451 4449 4450 4452 4448 4448 4452 4453 3446 4454 4451 4452 4455 4453 4453 4455 4456 3446 4457 4454 4455 4458 4456 3446 4459 4457 4458 4460 4456 4456 4460 4461 3446 4462 4459 3383 4462 3446 4460 4463 4461 4461 4463 4464 3383 4465 4462 4463 4466 4464 4464 4466 4467 3383 4468 4465 4466 4469 4467 3383 4470 4468 4469 4471 4467 4467 4471 4472 3383 4473 4470 4471 4474 4472 4472 4474 4475 3383 4476 4473 4474 4477 4475 3383 4478 4476 4477 4479 4475 4475 4479 4480 3383 4481 4478 4479 4482 4480 4480 4482 4483 3383 4484 4481 4482 4485 4483 3383 4486 4484 4485 4487 4483 4483 4487 4488 3383 4489 4486 4488 4490 4491 4487 4490 4488 3383 4492 4489 4490 4493 4491 3383 4494 4492 4493 4495 4491 4491 4495 4496 3383 4497 4494 4496 4498 4499 4495 4498 4496 3383 4500 4497 4499 4501 4502 4498 4501 4499 3383 4503 4500 4501 4504 4502 3383 4505 4503 4504 4506 4502 4502 4506 4507 3383 4508 4505 4506 4509 4507 4507 4509 4510 3383 4511 4508 4509 4512 4510 4510 4512 4513 3383 4514 4511 4512 4515 4513 4513 4515 4516 3383 4517 4514 4515 4518 4516 3383 4519 4517 4516 4520 4521 4518 4520 4516 3383 4522 4519 4520 4523 4521 4521 4523 4524 3383 4525 4522 4523 4526 4524 4524 4526 4527 3383 4528 4525 4526 4529 4527 4527 4529 4530 3383 4531 4528 4529 4532 4530 3383 4533 4531 4532 4534 4530 4530 4534 4535 3383 4536 4533 4534 4537 4535 3383 4538 4536 3383 4539 4538 3383 4540 4539 3383 4541 4540 3383 4542 4541 3383 4543 4542 3383 4544 4543 3383 4545 4544 4378 4546 4379 4379 4546 4384 4547 4546 4378 4547 4548 4546 4549 4548 4547 4384 4550 4551 4546 4550 4384 4549 4552 4548 4553 4552 4549 4551 4554 4555 4550 4554 4551 4553 4556 4552 4557 4556 4553 4555 4558 4559 4554 4558 4555 4560 4561 4557 4557 4561 4556 4559 4562 4563 4558 4562 4559 4560 4564 4561 4565 4564 4560 4563 4566 4567 4562 4566 4563 4568 4569 4565 4565 4569 4564 4567 4570 4571 4566 4570 4567 4572 4573 4568 4568 4573 4569 4571 4574 4575 4570 4574 4571 4572 4576 4573 4577 4576 4572 4575 4578 4579 4574 4578 4575 4577 4580 4576 4581 4580 4577 4579 4582 4583 4578 4582 4579 4581 4584 4580 4585 4584 4581 4583 4586 4587 4582 4586 4583 4585 4588 4584 4589 4588 4585 4587 4590 4591 4586 4590 4587 4589 4592 4588 4593 4592 4589 4591 4594 4595 4590 4594 4591 4593 4596 4592 4597 4596 4593 4595 4598 4599 4594 4598 4595 4597 4600 4596 4601 4600 4597 4599 4602 4603 4598 4602 4599 4604 4605 4601 4601 4605 4600 4603 4606 4607 4602 4606 4603 4604 4608 4605 4609 4608 4604 4607 4610 4611 4606 4610 4607 4612 4613 4609 4609 4613 4608 4611 4614 4615 4610 4614 4611 4616 4617 4612 4612 4617 4613 4615 4618 4619 4614 4618 4615 4620 4621 4616 4616 4621 4617 4622 4623 4620 4620 4623 4621 4624 4625 4626 4624 4627 4625 4628 4627 4624 4625 4629 4626 4626 4629 4630 4628 4631 4627 4629 4632 4630 4630 4632 4633 4628 4634 4631 4635 4634 4628 4632 4636 4633 4633 4636 4637 4638 4639 4622 4622 4639 4623 4635 4640 4634 4641 4640 4635 4636 4642 4637 4643 4644 4641 4641 4644 4640 4642 4645 4637 4637 4645 4646 4647 4648 4643 4643 4648 4644 4645 4649 4646 4646 4649 4650 4647 4651 4648 4649 4652 4650 4650 4652 4653 4654 4655 4647 4647 4655 4651 4652 4656 4653 4653 4656 4657 4658 4659 4654 4654 4659 4655 4638 4660 4639 4661 4660 4638 4656 4662 4657 4663 4664 4658 4658 4664 4659 4662 4665 4657 4657 4665 4666 4667 4668 4663 4663 4668 4664 4665 4669 4666 4666 4669 4670 4671 4672 4667 4667 4672 4668 4673 4674 4661 4661 4674 4660 4669 4675 4670 4670 4675 4676 4677 4678 4671 4671 4678 4672 4675 4679 4676 4676 4679 4680 4677 4681 4678 4679 4682 4680 4680 4682 4683 4684 4685 4677 4677 4685 4681 4673 4686 4674 4687 4686 4673 4682 4688 4683 4683 4688 4689 4690 4691 4618 4619 4691 4684 4618 4691 4619 4684 4691 4685 4688 4692 4689 4693 4694 4690 4690 4694 4691 4687 4695 4686 4696 4695 4687 4689 4697 4698 4692 4697 4689 4693 4699 4694 4698 4700 4701 4697 4700 4698 4702 4703 4693 4693 4703 4699 4701 4704 4398 4700 4704 4701 4535 4705 4696 4537 4705 4535 4696 4705 4695 4706 4707 4702 4702 4707 4703 4704 4708 4398 4398 4708 3319 4709 4710 4706 4706 4710 4707 4708 4711 3319 4537 4712 4705 4713 4714 4709 4709 4714 4710 4711 4715 3319 4716 4717 4713 4713 4717 4714 4715 4718 3319 4718 4719 3319 4719 4720 3319 4720 4721 3319 4721 4722 3319 4722 4723 3319 4723 4724 3319 4724 4725 3319 4725 4726 3319 4726 4727 3319 4727 4728 3319 4728 4729 3319 4729 4730 3319 4730 4731 3319 4731 4732 3319 4732 4733 3319 4733 4734 3319 4734 4735 3319 4735 4736 3319 4736 4737 3319 4737 4738 3319 4738 4739 3319 4739 4740 3319 4740 4741 3319 4741 4742 3319 4743 4744 4745 4743 4746 4744 4745 4747 4748 4744 4747 4745 4743 4749 4746 4750 4749 4743 4747 4751 4748 4748 4751 4752 4753 4754 4750 4750 4754 4749 4752 4755 4756 4751 4755 4752 4757 4758 4753 4753 4758 4754 4756 4759 4760 4755 4759 4756 4761 4762 4757 4757 4762 4758 4760 4763 4764 4759 4763 4760 4765 4766 4761 4761 4766 4762 4763 4767 4764 4716 4768 4717 4717 4768 4765 4765 4768 4766 4764 4769 4770 4767 4769 4764 4716 4771 4768 4770 4772 4773 4769 4772 4770 4774 4775 4716 4716 4775 4771 4773 4776 4777 4772 4776 4773 4778 4779 4774 4774 4779 4775 4777 4780 4781 4776 4780 4777 4782 4783 4778 4778 4783 4779 4781 4784 4785 4780 4784 4781 4782 4786 4783 4784 4787 4785 4782 4788 4786 4789 4788 4782 4787 4790 4785 4785 4790 4791 4792 4793 4789 4789 4793 4788 4791 4794 4795 4790 4794 4791 4796 4797 4792 4792 4797 4793 4795 4798 4799 4794 4798 4795 4796 4800 4797 4798 4801 4799 4799 4801 4802 4796 4803 4800 4804 4803 4796 4801 4805 4802 4804 4806 4803 4807 4806 4804 4802 4808 4809 4805 4808 4802 4807 4810 4806 4809 4811 4812 4808 4811 4809 4813 4814 4807 4807 4814 4810 4812 4815 4816 4811 4815 4812 4813 4817 4814 4818 4817 4813 4816 4819 4820 4815 4819 4816 4818 4821 4817 4819 4822 4820 4823 4824 4818 4818 4824 4821 4820 4825 4826 4822 4825 4820 4827 4828 4823 4823 4828 4824 4826 4829 4830 4825 4829 4826 4831 4832 4827 4827 4832 4828 4830 4833 4834 4829 4833 4830 4831 4835 4832 4834 4836 4837 4833 4836 4834 4838 4839 4831 4831 4839 4835 4836 4840 4837 4841 4842 4838 4838 4842 4839 4837 4843 4844 4840 4843 4837 4841 4845 4842 4844 4846 4847 4843 4846 4844 4848 4849 4841 4841 4849 4845 4847 4850 4851 4846 4850 4847 4852 4853 4848 4848 4853 4849 4851 4854 4855 4850 4854 4851 4852 4856 4853 4855 4857 4858 4854 4857 4855 4859 4860 4852 4852 4860 4856 4857 4861 4858 4862 4863 4859 4859 4863 4860 4858 4864 4865 4861 4864 4858 4862 4866 4863 4865 4867 4868 4864 4867 4865 4869 4870 4862 4862 4870 4866 4867 4871 4868 4868 4871 4872 4869 4873 4870 4874 4873 4869 4875 4876 4877 4875 4878 4876 4879 4878 4875 4876 4880 4877 4871 4881 4872 4872 4881 4882 4879 4883 4878 4884 4883 4879 4877 4885 4886 4880 4885 4877 4884 4887 4883 4886 4888 4889 4885 4888 4886 4884 4890 4887 4891 4890 4884 4892 4893 4874 4874 4893 4873 4888 4894 4889 4891 4895 4890 4896 4895 4891 4889 4897 4898 4894 4897 4889 4881 4899 4882 4882 4899 4900 4901 4902 4896 4896 4902 4895 4897 4903 4898 4898 4903 4904 4892 4905 4893 4906 4907 4901 4901 4907 4902 4903 4908 4904 4904 4908 4909 4899 4910 4900 4900 4910 4911 4906 4912 4907 4892 4913 4905 4914 4913 4892 4908 4915 4909 4916 4917 4906 4906 4917 4912 4910 4918 4911 4911 4918 4919 4909 4920 4921 4915 4920 4909 4922 4923 4914 4914 4923 4913 4916 4924 4917 4925 4924 4916 4918 4926 4919 4920 4927 4921 4921 4927 4928 4925 4929 4924 4930 4929 4925 4931 4932 4922 4922 4932 4923 4927 4933 4928 4926 4934 4919 4919 4934 4935 4930 4936 4929 4712 4936 4930 4931 4937 4932 4928 4938 4939 4933 4938 4928 4934 4940 4935 4935 4940 4941 4537 4942 4712 4712 4942 4936 4943 4944 4931 4931 4944 4937 4939 4945 4946 4938 4945 4939 4940 4947 4941 4941 4947 4948 4949 4950 4943 4943 4950 4944 4951 4952 4537 4953 4952 4951 4537 4952 4942 4947 4954 4948 4948 4954 4955 4945 4956 4946 4957 4958 4949 4949 4958 4950 4953 4959 4952 4960 4959 4953 4954 4961 4955 4955 4961 4962 4957 4963 4958 4946 4964 4965 4956 4964 4946 4961 4966 4962 4962 4966 4967 4968 4969 4960 4960 4969 4959 4970 4971 4957 4957 4971 4963 4966 4972 4967 4967 4972 4973 4965 4974 4975 4964 4974 4965 4968 4976 4969 4972 4977 4973 4973 4977 4978 4974 4979 4975 4980 4981 4968 4968 4981 4976 4975 4982 4983 4979 4982 4975 4984 4985 4980 4980 4985 4981 4983 4986 4987 4982 4986 4983 4988 4989 4984 4984 4989 4985 4986 4990 4987 4988 4991 4989 4992 4991 4988 4990 4993 4987 4987 4993 4994 4995 4996 4992 4992 4996 4991 4994 4997 4998 4993 4997 4994 4999 5000 4995 5001 5000 4999 4995 5000 4996 4997 5002 4998 5001 5003 5000 4998 5004 5005 5002 5004 4998 5006 5007 5001 5001 5007 5003 5005 5008 5009 5004 5008 5005 5010 5011 5006 5006 5011 5007 5009 5012 5013 5008 5012 5009 5014 5015 5010 5010 5015 5011 5012 5016 5013 5017 5018 5014 5019 5018 5017 5014 5018 5015 5013 5020 5021 5016 5020 5013 5019 5022 5018 5021 5023 5024 5020 5023 5021 5025 5026 5019 5019 5026 5022 5023 5027 5024 5025 5028 5026 5029 5028 5025 5024 5030 5031 5027 5030 5024 5032 5033 5029 5029 5033 5028 5030 5034 5031 5031 5034 5035 5036 5037 5032 5032 5037 5033 5034 5038 5035 5035 5038 5039 5040 5041 5036 5036 5041 5037 5038 5042 5039 5043 5044 5040 5040 5044 5041 5039 5045 5046 5042 5045 5039 5047 5048 5043 5043 5048 5044 5046 5049 5050 5045 5049 5046 5051 5052 5047 5053 5052 5051 5047 5052 5048 5049 5054 5050 5050 5054 5055 5053 5056 5052 5055 5057 5058 5054 5057 5055 5053 5059 5056 5060 5059 5053 5057 5061 5058 5060 5062 5059 5063 5062 5060 5058 5064 5065 5061 5064 5058 5065 5066 5067 5064 5066 5065 5067 5068 5069 5066 5068 5067 5070 3382 5071 5072 3382 5070 5073 3382 5072 5074 3382 5073 5075 3382 5074 5076 3382 5077 5078 3382 5075 5079 3382 5076 5080 3382 5078 5081 3382 5080 5082 3382 5079 5083 3382 5081 5084 3382 5082 5085 3382 5083 5086 3382 5084 5087 3382 5085 5088 3382 5086 5089 3382 5087 5090 3382 5088 5091 3382 5089 5092 3382 5090 5093 3382 5091 5094 3382 5092 5095 3382 5093 5096 3382 5094 5097 3382 5096 5098 3382 5097 5099 3382 5098 5100 3382 5099 5101 3382 5100 5102 3382 5101 5103 3382 5102 5104 3382 5103 5105 3382 5104 5071 3382 5105 5106 3318 5068 5107 3318 5106 5108 3318 5107 5109 3318 5108 5110 3318 5109 5077 3318 5110 5111 3318 4970 5112 3318 5111 5113 3318 5112 5069 3318 5113 3382 3318 5077 5068 3318 5069 5114 3318 4977 5115 3318 5114 5116 3318 5115 5117 3318 5116 5118 3318 5117 5119 3318 5118 5120 3318 5119 5121 3318 5120 5122 3318 5121 5123 3318 5122 5124 3318 5123 5125 3318 5124 5126 3318 5125 5127 3318 5126 4970 3318 4971 5128 3318 5127 5129 3318 5128 5130 3318 5129 5131 3318 5130 5132 3318 5131 5133 3318 5132 5134 3318 5133 5135 3318 5134 5136 3318 5135 5137 3318 4742 5138 3318 5136 5139 3318 5137 5140 3318 5138 5141 3318 5139 5142 3318 5140 5143 3318 5141 5144 3318 5142 5145 3318 5144 5146 3318 5143 4971 3318 5145 5147 3318 5146 4978 3318 5147 4977 3318 4978 3318 3324 3320 3320 3324 3322 3382 3324 3318 3381 3326 3382 3382 3326 3324 3376 3374 3378 3378 3374 3381 3326 3332 3328 3328 3332 3330 3370 3368 3372 3326 3334 3332 3372 3366 3374 3374 3366 3381 3368 3366 3372 3334 3338 3336 3362 3360 3364 3364 3360 3366 3366 3360 3381 3334 3340 3338 3326 3342 3334 3334 3342 3340 3358 3356 3360 3326 3344 3342 3356 3354 3360 3344 3352 3346 3346 3352 3348 3381 3352 3326 3360 3352 3381 3326 3352 3344 3354 3352 3360 3352 3350 3348 3383 3382 4545 4545 3382 5148 5148 3382 5149 5149 3382 5063 5063 3382 5095 5063 5095 5150 5063 5150 5151 5063 5151 5062 3447 3446 3792 3318 3319 4742 2855 5152 5153 2855 5153 2520 316 5154 5155 5156 5155 5157 5156 316 5155 5158 5157 5159 5158 5156 5157 5160 5159 5161 5160 5158 5159 5162 5161 5163 5162 5160 5161 5164 5163 5165 5164 5162 5163 5166 5165 5167 5166 5164 5165 5168 5167 5169 5168 5166 5167 5170 5168 5169 5170 5169 5171 5172 5170 5171 5172 5171 5173 5174 5172 5173 5174 5173 5175 5176 5174 5175 5176 5175 5177 5178 5176 5177 5178 5177 5179 5180 5178 5179 5180 5179 5181 5182 5180 5181 5182 5181 5183 5184 5182 5183 5184 5183 5185 5186 5184 5185 5186 5185 5187 5188 5186 5187 5188 5187 5189 5190 5188 5189 5190 5189 5191 5192 5190 5191 5192 5191 5193 5194 5192 5193 5194 5193 5195 5196 5194 5195 5196 5195 5197 5198 5197 5199 5198 5196 5197 5200 5199 5201 5200 5198 5199 5202 5201 5203 5202 5200 5201 5204 5203 5205 5204 5202 5203 5206 5205 5207 5206 5204 5205 5208 5207 5209 5208 5206 5207 5210 5209 5211 5210 5208 5209 5212 5211 5213 5212 5210 5211 5214 5212 5213 5215 5213 5216 5215 5216 5152 5215 5214 5213 2855 5215 5152 316 527 5217 316 5217 5154 1334 5218 5219 5220 5219 5221 5220 1334 5219 5222 5221 5223 5222 5220 5221 5224 5223 5225 5224 5222 5223 5226 5225 5227 5226 5224 5225 5228 5227 5229 5228 5226 5227 5230 5229 5231 5230 5228 5229 5232 5231 5233 5232 5230 5231 5234 5232 5233 5234 5233 5235 5236 5234 5235 5236 5235 5237 5238 5236 5237 5238 5237 5239 5240 5238 5239 5240 5239 5241 5242 5240 5241 5242 5241 5243 5244 5242 5243 5244 5243 5245 5246 5244 5245 5246 5245 5247 5248 5246 5247 5248 5247 5249 5250 5248 5249 5250 5249 5251 5252 5250 5251 5252 5251 5253 5254 5252 5253 5254 5253 5255 5256 5254 5255 5256 5255 5257 5258 5256 5257 5258 5257 5259 5260 5258 5259 5260 5259 5261 5262 5261 5263 5262 5260 5261 5264 5263 5265 5264 5262 5263 5266 5265 5267 5266 5264 5265 5268 5267 5269 5268 5266 5267 5270 5269 5271 5270 5268 5269 5272 5271 5273 5272 5270 5271 5274 5273 5275 5274 5272 5273 5276 5275 5277 5276 5274 5275 5278 5276 5277 5279 5277 5280 5279 5280 5217 5279 5278 5277 527 5279 5217 5218 1670 5281 5218 1334 1670 3607 5282 5283 3606 5283 5284 3606 3607 5283 3605 5284 5285 3605 3606 5284 3604 5285 5286 3604 3605 5285 3603 5286 5287 3603 3604 5286 3602 5287 5288 3602 3603 5287 3601 5288 5289 3601 3602 5288 3600 5289 5290 3600 3601 5289 3599 3600 5290 3599 5290 5291 3598 3599 5291 3598 5291 5292 3597 3598 5292 3597 5292 5293 3596 3597 5293 3596 5293 5294 3595 3596 5294 3595 5294 5295 3594 3595 5295 3594 5295 5296 3593 3594 5296 3593 5296 5297 3592 3593 5297 3592 5297 5298 3591 3592 5298 3591 5298 5299 3590 3591 5299 3590 5299 5300 3589 3590 5300 3589 5300 5301 3588 3589 5301 3588 5301 5302 3587 3588 5302 3587 5302 5303 3586 3587 5303 3586 5303 5304 3585 5304 5305 3585 3586 5304 3584 5305 5306 3584 3585 5305 3583 5306 5307 3583 3584 5306 3582 5307 5308 3582 3583 5307 3581 5308 5309 3581 3582 5308 3580 5309 5310 3580 3581 5309 3579 5310 5311 3579 3580 5310 3578 5311 5312 3578 3579 5311 3577 3578 5312 3576 5312 5313 3576 5313 5281 3576 3577 5312 1670 3576 5281 5314 5282 3607 5314 3607 3608 2520 5153 5315 3639 5315 5316 3639 2520 5315 3638 5316 5317 3638 3639 5316 3637 5317 5318 3637 3638 5317 3636 5318 5319 3636 3637 5318 3635 5319 5320 3635 3636 5319 3634 5320 5321 3634 3635 5320 3633 5321 5322 3633 3634 5321 3632 3633 5322 3632 5322 5323 3631 3632 5323 3631 5323 5324 3630 3631 5324 3630 5324 5325 3629 3630 5325 3629 5325 5326 3628 3629 5326 3628 5326 5327 3627 3628 5327 3627 5327 5328 3626 3627 5328 3626 5328 5329 3625 3626 5329 3625 5329 5330 3624 3625 5330 3624 5330 5331 3623 3624 5331 3623 5331 5332 3622 3623 5332 3622 5332 5333 3621 3622 5333 3621 5333 5334 3620 3621 5334 3620 5334 5335 3619 3620 5335 3619 5335 5336 3618 5336 5337 3618 3619 5336 3617 5337 5338 3617 3618 5337 3616 5338 5339 3616 3617 5338 3615 5339 5340 3615 3616 5339 3614 5340 5341 3614 3615 5340 3613 5341 5342 3613 3614 5341 3612 5342 5343 3612 3613 5342 3611 5343 5344 3611 3612 5343 3610 3611 5344 3609 5344 5345 3609 5345 5314 3609 3610 5344 3608 3609 5314 5279 462 3385 5279 527 462 5278 3385 3387 5278 5279 3385 5276 3387 3389 5276 5278 3387 5274 3389 3391 5274 5276 3389 5272 3391 3393 5272 5274 3391 5270 3393 3395 5270 5272 3393 5268 3395 3397 5268 5270 3395 5266 5268 3397 5266 3397 3399 5264 5266 3399 5264 3399 3401 5262 5264 3401 5262 3401 3403 5260 5262 3403 5260 3403 3405 5258 3405 3407 5258 5260 3405 5256 3407 3409 5256 5258 3407 5254 3409 3411 5254 5256 3409 5252 3411 3413 5252 5254 3411 5250 3413 3415 5250 5252 3413 5248 3415 3417 5248 5250 3415 5246 3417 3419 5246 5248 3417 5244 3419 3421 5244 5246 3419 5242 3421 3423 5242 5244 3421 5240 3423 3425 5240 5242 3423 5238 3425 3427 5238 5240 3425 5236 3427 3429 5236 5238 3427 5234 3429 3431 5234 5236 3429 5232 3431 3433 5232 5234 3431 5230 3433 3435 5230 5232 3433 5228 3435 3437 5228 5230 3435 5226 3437 3439 5226 5228 3437 5224 3439 3441 5224 5226 3439 5222 3441 3443 5222 5224 3441 5220 3443 3444 5220 5222 3443 1334 3444 1333 1334 5220 3444 5215 2839 3321 5215 2855 2839 5214 3321 3323 5214 5215 3321 5212 3323 3325 5212 5214 3323 5210 3325 3327 5210 5212 3325 5208 3327 3329 5208 5210 3327 5206 3329 3331 5206 5208 3329 5204 3331 3333 5204 5206 3331 5202 5204 3333 5202 3333 3335 5200 5202 3335 5200 3335 3337 5198 5200 3337 5198 3337 3339 5196 5198 3339 5196 3339 3341 5194 3341 3343 5194 5196 3341 5192 3343 3345 5192 5194 3343 5190 3345 3347 5190 5192 3345 5188 3347 3349 5188 5190 3347 5186 3349 3351 5186 5188 3349 5184 3351 3353 5184 5186 3351 5182 3353 3355 5182 5184 3353 5180 3355 3357 5180 5182 3355 5178 3357 3359 5178 5180 3357 5176 3359 3361 5176 5178 3359 5174 3361 3363 5174 5176 3361 5172 3363 3365 5172 5174 3363 5170 3365 3367 5170 5172 3365 5168 3367 3369 5168 5170 3367 5166 3369 3371 5166 5168 3369 5164 3371 3373 5164 5166 3371 5162 3373 3375 5162 5164 3373 5160 3375 3377 5160 5162 3375 5158 3377 3379 5158 5160 3377 5156 3379 3380 5156 5158 3379 316 3380 315 316 5156 3380 5299 5298 5297 5296 5299 5297 5301 5300 5299 5302 5301 5299 5303 5302 5299 5293 5295 5294 5305 5304 5303 5291 5295 5293 5291 5293 5292 5308 5305 5303 5308 5306 5305 5308 5307 5306 5288 5290 5289 5288 5291 5290 5286 5288 5287 5311 5309 5308 5311 5310 5309 5285 5288 5286 5282 5299 5296 5282 5303 5299 5282 5295 5291 5282 5291 5288 5282 5288 5285 5282 5284 5283 5282 5285 5284 5282 5296 5295 5281 5311 5308 5281 5308 5303 5281 5303 5282 5281 5312 5311 5281 5313 5312 5346 5282 5347 5348 5347 5282 5349 5282 5346 5350 5348 5282 5351 5282 5349 5352 5350 5282 5353 5282 5351 5354 5352 5282 5355 5282 5353 5356 5354 5282 5357 5282 5355 5358 5356 5282 5359 5282 5357 5360 5358 5282 5361 5282 5359 5362 5360 5282 5363 5282 5361 5364 5362 5282 5365 5282 5363 5366 5364 5282 5367 5282 5365 5368 5366 5282 5369 5282 5367 5370 5368 5282 5371 5282 5369 5371 5281 5282 5372 5370 5282 5373 5281 5371 5374 5372 5282 5375 5281 5373 5376 5374 5282 5377 5281 5375 5378 5376 5282 5379 5281 5377 5380 5378 5282 5381 5281 5379 5382 5380 5282 5383 5281 5381 5384 5382 5282 5385 5281 5383 5386 5384 5282 5387 5281 5385 5388 5281 5387 5389 5390 5391 5389 5391 5392 5389 5392 5393 5389 5393 5394 5395 5281 5396 5397 5396 5281 5398 5390 5389 5398 5399 5400 5398 5400 5401 5398 5401 5390 5402 5281 5395 5403 5397 5281 5404 5281 5402 5405 5389 5394 5405 5394 5406 5405 5406 5407 5405 5407 5408 5405 5408 5409 5410 5403 5281 5411 5281 5404 5412 5413 5414 5412 5414 5415 5412 5415 5399 5412 5399 5398 5416 5410 5281 5417 5281 5411 5418 5416 5281 5419 5409 5420 5419 5420 5421 5419 5405 5409 5419 5421 5422 5419 5422 5423 5419 5423 5424 5425 5281 5417 5426 5418 5281 5427 5413 5412 5427 5281 5388 5427 5388 5428 5427 5428 5429 5427 5429 5413 5430 5281 5425 5431 5426 5281 5432 5281 5430 5433 5419 5424 5433 5424 5434 5433 5434 5435 5433 5435 5436 5433 5436 5437 5433 5437 5438 5433 5438 5439 5440 5431 5281 5441 5281 5432 5442 5281 5427 5443 5440 5281 5444 5281 5441 5445 5443 5281 5446 5433 5439 5446 5439 5447 5446 5447 5448 5446 5448 5449 5446 5449 5450 5446 5450 5451 5446 5451 5452 5453 5281 5444 5454 5281 5442 5455 5281 5453 5456 5281 5455 5457 5446 5452 5457 5452 5458 5457 5458 5459 5457 5459 5460 5457 5460 5461 5462 5281 5456 5463 5281 5454 5464 5461 5465 5464 5465 5466 5464 5466 5467 5464 5467 5468 5464 5468 5469 5464 5469 5470 5464 5457 5461 5471 5445 5281 5471 5472 5445 5471 5281 5463 5473 5470 5474 5473 5474 5475 5473 5475 5476 5473 5476 5477 5473 5477 5478 5473 5478 5479 5473 5464 5470 5480 5472 5471 5480 5481 5482 5480 5482 5483 5480 5483 5472 5484 5479 5485 5484 5485 5486 5484 5486 5487 5484 5487 5488 5484 5488 5489 5484 5473 5479 5490 5481 5480 5490 5491 5492 5490 5492 5493 5490 5493 5481 5494 5484 5489 5494 5489 5495 5494 5495 5496 5494 5496 5497 5494 5497 5498 5499 5491 5490 5499 5500 5501 5499 5501 5502 5499 5502 5491 5503 5498 5504 5503 5504 5505 5503 5505 5506 5503 5506 5507 5503 5494 5498 5508 5509 5510 5508 5510 5511 5508 5511 5512 5508 5512 5500 5508 5500 5499 5513 5503 5507 5513 5507 5514 5513 5514 5515 5513 5515 5516 5517 5509 5508 5517 5518 5519 5517 5519 5520 5517 5520 5521 5517 5521 5509 5522 5516 5523 5522 5523 5524 5522 5524 5525 5522 5513 5516 5526 5527 5528 5526 5528 5529 5526 5529 5530 5526 5530 5531 5526 5531 5518 5526 5518 5517 5532 5525 5533 5532 5533 5534 5532 5534 5535 5532 5522 5525 5536 5527 5526 5536 5537 5538 5536 5538 5539 5536 5539 5540 5536 5540 5541 5536 5541 5527 5542 5537 5536 5543 5532 5535 5543 5535 5544 5543 5544 5545 5546 5542 5536 5546 5547 5548 5546 5548 5549 5546 5549 5542 5550 5547 5546 5551 5550 5546 5552 5543 5545 5552 5545 5553 5552 5553 5554 5555 5551 5546 5556 5557 5558 5556 5558 5555 5556 5555 5546 5559 5557 5556 5560 5559 5556 5561 5552 5554 5562 5563 5564 5562 5564 5565 5562 5565 5566 5562 5566 5567 5562 5567 5568 5562 5568 5560 5562 5560 5556 5569 5570 5571 5569 5571 5572 5569 5572 5573 5569 5573 5574 5569 5574 5575 5569 5575 5563 5569 5563 5562 5576 5577 5578 5576 5578 5579 5576 5579 5580 5576 5580 5581 5576 5581 5570 5576 5570 5569 5582 5583 5584 5582 5584 5585 5582 5585 5577 5582 5577 5576 5582 5586 5583 5587 5586 5582 5587 5588 5589 5587 5589 5590 5587 5590 5591 5587 5591 5586 5592 5593 5594 5592 5594 5595 5596 5594 5561 5596 5595 5594 5597 5593 5592 5598 5596 5561 5599 5593 5597 5600 5561 5554 5600 5598 5561 5601 5602 5593 5601 5593 5599 5603 5554 5604 5603 5600 5554 5605 5602 5601 5606 5588 5587 5606 5607 5608 5606 5608 5609 5606 5609 5588 5610 5604 5611 5610 5603 5604 5612 5602 5605 5613 5611 5614 5613 5610 5611 5615 5616 5602 5615 5602 5612 5617 5614 5618 5617 5613 5614 5619 5616 5615 5620 5618 5621 5620 5617 5618 5622 5616 5619 5623 5621 5624 5623 5620 5621 5625 5626 5616 5625 5616 5622 5627 5624 5628 5627 5623 5624 5629 5626 5625 5630 5628 5386 5630 5627 5628 5631 5626 5629 5632 5626 5631 5633 5626 5632 5633 5634 5626 5635 5634 5633 5636 5634 5635 5637 5607 5606 5637 5638 5639 5637 5639 5640 5637 5640 5607 5641 5634 5636 5642 5634 5641 5643 5642 5644 5643 5634 5642 5645 5643 5644 5646 5643 5645 5647 5643 5646 5648 5638 5637 5648 5649 5650 5648 5650 5651 5648 5651 5638 5652 5643 5647 5653 5652 5654 5653 5654 5655 5653 5643 5652 5656 5653 5655 5657 5653 5656 5658 5653 5657 5659 5649 5648 5659 5660 5649 5661 5653 5658 5662 5661 5663 5662 5663 5664 5662 5653 5661 5665 5662 5664 5666 5662 5665 5667 5662 5666 5668 5662 5667 5669 5668 5670 5669 5670 5671 5669 5662 5668 5672 5669 5671 5673 5669 5672 5674 5673 5675 5674 5675 5676 5674 5676 5677 5674 5677 5678 5674 5669 5673 5679 5674 5678 5680 5674 5679 5314 5630 5386 5314 5386 5282 5314 5681 5682 5314 5682 5683 5314 5683 5684 5314 5684 5685 5314 5685 5686 5314 5686 5687 5314 5687 5688 5314 5688 5689 5314 5689 5690 5314 5690 5691 5314 5691 5692 5314 5692 5693 5314 5693 5694 5314 5694 5695 5314 5695 5696 5314 5696 5697 5314 5697 5698 5314 5698 5699 5314 5699 5700 5314 5700 5701 5314 5701 5702 5314 5702 5703 5314 5703 5704 5314 5704 5705 5314 5705 5706 5314 5706 5707 5314 5707 5708 5314 5708 5709 5314 5709 5710 5314 5710 5711 5314 5711 5712 5314 5712 5713 5314 5713 5630 5218 5714 5715 5218 5715 5716 5218 5716 5717 5218 5717 5718 5218 5718 5719 5218 5659 5720 5218 5720 5721 5218 5721 5722 5218 5719 5723 5218 5723 5724 5218 5724 5725 5218 5725 5726 5218 5726 5660 5218 5727 5728 5218 5728 5729 5218 5660 5659 5218 5729 5730 5218 5730 5731 5218 5731 5732 5218 5732 5733 5218 5733 5734 5218 5734 5735 5218 5735 5736 5218 5736 5737 5218 5737 5738 5218 5738 5739 5218 5739 5740 5218 5740 5741 5218 5741 5714 5742 5680 5743 5742 5743 5744 5742 5744 5745 5742 5745 5746 5742 5746 5747 5742 5747 5748 5742 5674 5680 5223 5219 5218 5223 5221 5219 5343 5345 5344 5343 5314 5345 5342 5314 5343 5749 5218 5722 5227 5223 5218 5227 5225 5223 5341 5314 5342 5340 5314 5341 5750 5748 5751 5750 5751 5752 5750 5752 5753 5750 5753 5754 5750 5754 5755 5750 5742 5748 5231 5229 5227 5339 5314 5340 5233 5231 5227 5338 5314 5339 5235 5233 5227 5756 5750 5755 5756 5755 5757 5756 5757 5758 5756 5758 5759 5756 5759 5760 5241 5237 5235 5241 5239 5237 5334 5336 5335 5334 5337 5336 5333 5337 5334 5245 5243 5241 5245 5241 5235 5332 5338 5337 5332 5337 5333 5761 5756 5760 5761 5760 5762 5761 5762 5763 5761 5763 5764 5761 5764 5765 5247 5245 5235 5247 5235 5227 5331 5338 5332 5330 5338 5331 5251 5247 5227 5251 5249 5247 5329 5338 5330 5327 5329 5328 5327 5338 5329 5327 5314 5338 5766 5761 5765 5766 5765 5767 5766 5767 5768 5766 5768 5769 5257 5253 5251 5257 5255 5253 5259 5251 5227 5259 5257 5251 5325 5327 5326 5261 5259 5227 5324 5327 5325 5324 5314 5327 5263 5261 5227 5770 5769 5771 5770 5771 5772 5770 5772 5773 5770 5766 5769 5265 5263 5227 5267 5265 5227 5267 5227 5218 5321 5323 5322 5321 5324 5323 5321 5314 5324 5320 5314 5321 5271 5267 5218 5271 5269 5267 5319 5314 5320 5774 5775 5776 5774 5777 5775 5778 5776 5775 5779 5777 5774 5780 5773 5781 5780 5781 5782 5780 5782 5783 5780 5770 5773 5784 5778 5775 5785 5777 5779 5273 5271 5218 5318 5314 5319 5786 5775 5787 5786 5784 5775 5788 5789 5777 5788 5777 5785 5790 5786 5787 5791 5789 5788 5792 5790 5787 5793 5789 5791 5794 5792 5787 5795 5789 5793 5795 5749 5789 5796 5787 5797 5796 5794 5787 5798 5749 5795 5799 5796 5797 5800 5749 5798 5801 5799 5797 5802 5218 5749 5802 5749 5800 5803 5801 5797 5277 5275 5273 5804 5218 5802 5805 5803 5797 5806 5218 5804 5807 5805 5797 5807 5797 5808 5280 5277 5273 5809 5218 5806 5810 5807 5808 5811 5218 5809 5217 5280 5273 5217 5273 5218 5153 5316 5315 5153 5317 5316 5153 5318 5317 5153 5681 5314 5153 5314 5318 5153 5783 5812 5153 5812 5813 5153 5813 5814 5153 5814 5815 5153 5815 5816 5153 5816 5817 5153 5817 5818 5153 5818 5819 5153 5819 5681 5153 5780 5783 5820 5810 5808 5821 5218 5811 5822 5820 5808 5823 5218 5821 5824 5780 5153 5825 5822 5808 5826 5218 5823 5827 5825 5808 5828 5218 5826 5829 5827 5808 5830 5217 5218 5830 5218 5828 5831 5832 5829 5831 5829 5808 5833 5217 5830 5834 5832 5831 5835 5217 5833 5836 5834 5831 5837 5217 5835 5838 5836 5831 5839 5217 5837 5840 5824 5153 5841 5838 5831 5842 5217 5839 5843 5841 5831 5844 5217 5842 5845 5217 5844 5846 5843 5831 5846 5847 5843 5848 5847 5846 5849 5217 5845 5850 5848 5846 5851 5217 5849 5852 5850 5846 5853 5217 5851 5854 5840 5153 5855 5217 5853 5856 5217 5855 5857 5217 5856 5858 5852 5846 5858 5859 5860 5858 5860 5861 5858 5861 5852 5862 5859 5858 5863 5217 5857 5864 5862 5858 5865 5217 5863 5866 5864 5858 5867 5854 5153 5868 5217 5865 5869 5217 5868 5870 5217 5869 5871 5866 5858 5871 5872 5873 5871 5873 5874 5871 5874 5866 5875 5217 5870 5876 5872 5871 5877 5217 5875 5878 5876 5871 5879 5217 5877 5880 5878 5871 5881 5217 5879 5882 5217 5881 5883 5217 5882 5884 5880 5871 5884 5885 5886 5884 5886 5887 5884 5887 5880 5888 5217 5883 5889 5885 5884 5890 5217 5888 5891 5889 5884 5892 5217 5890 5893 5217 5892 5894 5217 5893 5895 5217 5894 5896 5217 5895 5897 5898 5899 5897 5899 5900 5897 5900 5901 5897 5901 5891 5897 5891 5884 5902 5898 5897 5902 5903 5904 5902 5904 5905 5902 5905 5906 5902 5906 5898 5907 5903 5902 5907 5908 5909 5907 5909 5910 5907 5910 5903 5911 5908 5907 5911 5912 5913 5911 5913 5914 5911 5914 5908 5915 5916 5917 5915 5917 5918 5915 5912 5911 5915 5918 5912 5919 5916 5915 5919 5920 5921 5919 5921 5916 5922 5923 5924 5925 5924 5923 5926 5923 5922 5926 5927 5923 5928 5925 5923 5929 5927 5926 5930 5928 5923 5930 5923 5931 5932 5927 5929 5933 5930 5931 5934 5927 5932 5935 5933 5931 5936 5927 5934 5937 5935 5931 5938 5927 5936 5939 5937 5931 5939 5931 5940 5941 5927 5938 5941 5942 5927 5943 5939 5940 5944 5942 5941 5945 5943 5940 5946 5942 5944 5947 5945 5940 5948 5942 5946 5949 5947 5940 5949 5940 5950 5951 5920 5919 5951 5952 5953 5951 5953 5920 5954 5942 5948 5955 5949 5950 5956 5942 5954 5957 5955 5950 5958 5942 5956 5959 5950 5960 5959 5957 5950 5961 5942 5958 5961 5958 5962 5963 5959 5960 5964 5961 5962 5965 5963 5960 5966 5961 5964 5967 5960 5968 5967 5965 5960 5969 5961 5966 5970 5967 5968 5971 5970 5968 5972 5969 5973 5972 5973 5974 5972 5961 5969 5975 5968 5867 5975 5971 5968 5976 5972 5974 5977 5867 5153 5977 5975 5867 5978 5972 5976 5979 5977 5153 5980 5972 5978 5981 5979 5153 5982 5972 5980 5983 5981 5153 5984 5972 5982 5985 5984 5982 5986 5983 5153 5987 5984 5985 5988 5986 5153 5989 5984 5987 5990 5988 5153 5991 5984 5989 5992 5990 5153 5993 5984 5991 5994 5992 5153 5995 5984 5993 5995 5996 5984 5997 5994 5153 5998 5996 5995 5999 5997 5153 6000 5996 5998 6001 5999 5153 6002 5996 6000 6003 6001 5153 6004 5996 6002 6005 6003 5153 6006 5996 6004 6006 6007 5996 6008 6005 5153 6009 6007 6006 6010 6008 5153 6011 6007 6009 6012 6010 5153 6013 6007 6011 6014 6012 5153 6015 6007 6013 6015 6016 6007 6017 6014 5153 6018 6016 6015 6019 6017 5153 6020 6016 6018 6021 6019 5153 6022 6016 6020 6023 6021 5153 6024 6016 6022 6024 6025 6016 6026 6023 5153 6027 6025 6024 6028 6026 5153 6029 6025 6027 6030 6028 5153 6031 6025 6029 6031 6032 6025 6033 6032 6031 6034 6032 6033 6035 6032 6034 6035 6036 6032 6037 6036 6035 6038 6039 6040 6041 6040 6039 6042 6039 6038 6043 6041 6039 6044 6045 6039 6044 6039 6042 6046 6043 6039 6046 6039 6047 6048 6036 6037 6049 6045 6044 6050 6046 6047 6051 6045 6049 6052 6050 6047 6053 6045 6051 6054 6036 6048 6054 6055 6036 6056 6052 6047 6057 6045 6053 6058 6056 6047 6058 6047 6059 6060 6055 6054 6061 6045 6057 6062 6058 6059 6063 6064 6045 6063 6045 6061 6065 6062 6059 6066 6064 6063 6067 6065 6059 6068 6064 6066 6069 6067 6059 6070 6064 6068 6071 6069 6059 6072 6064 6070 6073 6071 6059 6073 6059 6074 6075 6064 6072 6075 6076 6064 6077 6073 6074 6078 6076 6075 6079 6077 6074 6080 6076 6078 6081 6079 6074 6082 6076 6080 6083 6081 6074 6084 6076 6082 6084 6085 6076 6086 6083 6074 6087 6085 6084 6088 6086 6074 6088 6074 6089 6090 6085 6087 6091 6088 6089 6092 6085 6090 6093 6091 6089 6094 6085 6092 6094 6095 6085 6096 6093 6089 6097 6095 6094 6098 6096 6089 6099 6095 6097 6100 6089 6101 6100 6098 6089 6102 6095 6099 6102 6103 6095 6104 6100 6101 6105 6103 6102 6106 6104 6101 6107 6103 6105 6108 6106 6101 6109 6103 6107 6109 6110 6103 6111 6108 6101 6111 6101 6112 6113 6110 6109 6114 6111 6112 6115 6110 6113 6116 6114 6112 6117 6110 6115 6117 6118 6110 6119 6116 6112 6120 6118 6117 6121 6119 6112 6121 6112 6122 6123 6118 6120 6123 6124 6118 6125 6121 6122 6126 6124 6123 6127 6125 6122 6128 6124 6126 6128 5952 5951 6128 6129 5952 6128 5951 6124 6130 6127 6122 6130 6122 6131 6132 6129 6128 6132 6133 6129 6134 6130 6131 6135 6133 6132 6135 6136 6133 6137 6134 6131 6138 6136 6135 6138 6139 6136 6140 6137 6131 6140 6131 6141 6142 6139 6138 6142 6143 6139 6144 6140 6141 6145 6143 6142 6145 6146 6143 6147 6144 6141 6148 6146 6145 6149 6147 6141 5152 6150 6151 5152 6151 6152 5152 6152 6153 5152 6153 6154 5152 6154 6155 5152 6155 6156 5152 6156 6157 5152 6157 6158 5152 6158 6159 5152 6160 6161 5152 6161 6162 5152 6162 6163 5152 6163 6164 5152 6164 6165 5152 6165 6149 5152 6166 6167 5152 6167 6168 5152 6168 6160 5152 6149 6141 5152 6055 6060 5152 6141 6169 5152 6169 6170 5152 6170 6171 5152 6060 6172 5152 6171 6055 5152 6172 6173 5152 6173 6174 5152 6174 6175 5152 6175 6176 5152 6176 6177 5152 6177 6178 5152 6178 6179 5152 6179 6180 5152 6180 6181 5152 6181 6182 5152 6182 6183 5152 6183 6184 5152 6184 6185 5152 6185 6186 5152 6186 6150 5154 6187 6188 5154 6188 6189 5154 6189 6190 5154 6190 6191 5154 6191 6192 5154 6192 6193 5154 6193 6194 5154 6194 6195 5154 6195 6196 5154 6196 6197 5154 6197 6198 5154 6198 6199 5154 6199 6200 5154 6200 6201 5154 6201 6202 5154 6202 6203 5154 6203 6204 5154 6204 6205 5154 6205 6206 5154 6206 6207 5154 6207 6208 5154 6208 6209 5154 6209 6210 5154 6210 6211 5154 6211 6212 5154 6212 6213 5154 6213 6214 5154 6214 6215 5154 6215 6216 5154 6216 6217 5154 6217 6166 5154 6166 5152 5216 5155 5154 5216 5154 5152 5159 5157 5155 5159 5216 5213 5159 5155 5216 5211 5159 5213 5209 5159 5211 5207 5161 5159 5207 5159 5209 5205 5161 5207 5167 5165 5163 5203 5163 5161 5203 5167 5163 5203 5161 5205 5201 5167 5203 5171 5169 5167 5173 5201 5199 5173 5171 5167 5173 5167 5201 5195 5199 5197 5193 5175 5173 5193 5177 5175 5193 5173 5199 5193 5199 5195 5191 5177 5193 5191 5179 5177 5187 5179 5191 5187 5181 5179 5187 5183 5181 5187 5191 5189 5185 5183 5187 5153 5152 6218 6218 5152 6159 5153 6218 6219 5153 6219 6030 5154 5217 6187 6187 5217 6220 6220 5217 6221 6221 5217 6222 6222 5217 6148 6148 5217 5896 6148 5896 6223 6148 6223 6224 6148 6224 6225 6148 6225 6146 5218 5281 6226 6226 5281 6227 6227 5281 5462 5218 6226 5727 6228 6229 6230 6228 6231 6229 6232 6230 6233 6232 6228 6230 6234 6233 6235 6234 6232 6233 6236 6235 6237 6236 6234 6235 6238 6237 6239 6238 6236 6237 6240 6239 6241 6240 6238 6239 6242 6241 6243 6242 6240 6241 6244 6243 6245 6244 6242 6243 6246 6245 6247 6246 6244 6245 6248 6247 6249 6248 6246 6247 6250 6249 6251 6250 6248 6249 6252 6250 6251 6252 6251 6253 6254 6252 6253 6254 6253 6255 6256 6254 6255 6256 6255 6257 6258 6256 6257 6258 6257 6259 6260 6259 6261 6260 6258 6259 6262 6261 6263 6262 6260 6261 6264 6263 6265 6264 6262 6263 6266 6265 6267 6266 6264 6265 6268 6267 6269 6268 6266 6267 6270 6269 6271 6270 6268 6269 6272 6271 6273 6272 6270 6271 6274 6273 6275 6274 6272 6273 6276 6275 6277 6276 6274 6275 6278 6277 6279 6278 6276 6277 6280 6279 6281 6280 6278 6279 6282 6281 6283 6282 6280 6281 6284 6283 6285 6284 6282 6283 6286 6285 6287 6286 6284 6285 6288 6287 6289 6288 6286 6287 6290 6289 6291 6290 6288 6289 6292 6291 6293 6292 6290 6291 6294 6293 6295 6294 6292 6293 6296 6295 6297 6296 6294 6295 6298 6297 6299 6298 6296 6297 6300 6299 6301 6300 6298 6299 6302 6301 6303 6302 6300 6301 6304 6302 6303 6304 6303 6305 6306 6304 6305 6306 6305 6307 6308 6306 6307 6308 6307 6309 6310 6308 6309 6310 6309 6311 6312 6310 6311 6312 6311 6313 6314 6312 6313 6314 6313 6315 6316 6314 6315 6316 6315 6317 6318 6316 6317 6318 6317 6319 6320 6318 6319 6320 6319 6321 6322 6320 6321 6322 6321 6323 6324 6322 6323 6324 6323 6325 6326 6325 6327 6326 6324 6325 6328 6327 6329 6328 6326 6327 6330 6329 6331 6330 6328 6329 6332 6331 6333 6332 6330 6331 6334 6333 6335 6334 6332 6333 6336 6335 6337 6336 6334 6335 6338 6337 6339 6338 6336 6337 6340 6339 6341 6340 6338 6339 6342 6341 6343 6342 6340 6341 6344 6343 6345 6344 6342 6343 6346 6345 6347 6346 6344 6345 6348 6347 6349 6348 6346 6347 6350 6349 6351 6350 6348 6349 6352 6350 6351 6352 6351 6353 6354 6352 6353 6355 6352 6354 6356 6355 6354 6356 6354 6357 6358 6356 6357 6358 6357 6359 6360 6358 6359 6360 6359 6361 6362 6360 6361 6362 6361 6363 6364 6362 6363 6364 6363 6365 6366 6364 6365 6366 6365 6367 6368 6366 6367 6368 6367 6369 6370 6368 6369 6370 6369 6371 6372 6370 6371 6372 6371 6373 6374 6372 6373 6374 6373 6375 6376 6374 6375 6376 6375 6377 6378 6376 6377 6378 6377 6379 6380 6378 6379 6380 6379 6381 6382 6380 6381 6382 6381 6383 6384 6382 6383 6384 6383 6385 6386 6384 6385 6386 6385 6387 6388 6386 6387 6388 6387 6389 6390 6388 6389 6390 6389 6391 6392 6390 6391 6392 6391 6393 6394 6393 6395 6394 6392 6393 6396 6395 6397 6396 6394 6395 6398 6397 6399 6398 6396 6397 6400 6399 6401 6400 6398 6399 6402 6400 6401 6403 6400 6402 6404 6403 6402 6404 6402 6405 6406 6404 6405 6406 6405 6407 6408 6406 6407 6408 6407 6409 6410 6408 6409 6410 6409 6411 6412 6410 6411 6412 6411 6413 6414 6412 6413 6414 6413 6415 6416 6414 6415 6416 6415 6417 6418 6416 6417 6418 6417 6419 6420 6418 6419 6420 6419 6421 6422 6420 6421 6422 6421 6423 6424 6422 6423 6424 6423 6425 6426 6424 6425 6426 6425 6427 6428 6426 6427 6428 6427 6429 6430 6429 6431 6430 6428 6429 6432 6430 6431 6433 6430 6432 6434 6432 6435 6434 6433 6432 6436 6435 6437 6436 6434 6435 6438 6437 6439 6438 6436 6437 6440 6439 6441 6440 6438 6439 6442 6441 6443 6442 6440 6441 6444 6443 6445 6444 6442 6443 6446 6445 6447 6446 6444 6445 6448 6447 6449 6448 6446 6447 6450 6449 6451 6450 6448 6449 6452 6451 6453 6452 6450 6451 6454 6452 6453 6454 6453 6455 6456 6454 6455 6456 6455 6457 6458 6456 6457 6458 6457 6459 6460 6458 6459 6460 6459 6461 6462 6461 6463 6462 6460 6461 6464 6463 6465 6464 6462 6463 6466 6465 6467 6466 6464 6465 6468 6467 6469 6468 6466 6467 6470 6469 6471 6470 6468 6469 6472 6471 6473 6472 6470 6471 6474 6473 6475 6474 6472 6473 6476 6475 6477 6476 6474 6475 6478 6476 6477 6479 6476 6478 6229 6479 6478 6231 6479 6229 6355 5556 5546 6352 5546 5536 6352 6355 5546 6350 5536 5526 6350 6352 5536 6348 5526 5517 6348 6350 5526 6346 5517 5508 6346 6348 5517 6344 5508 5499 6344 6346 5508 6342 5499 5490 6342 6344 5499 6340 5490 5480 6340 6342 5490 6338 5480 5471 6338 6340 5480 6336 5471 5463 6336 6338 5471 6334 5463 5454 6334 6336 5463 6332 6334 5454 6332 5454 5442 6330 6332 5442 6330 5442 5427 6328 6330 5427 6328 5427 5412 6326 6328 5412 6326 5412 5398 6324 6326 5398 6324 5398 5389 6322 6324 5389 6322 5389 5405 6320 6322 5405 6320 5405 5419 6318 6320 5419 6318 5419 5433 6316 5433 5446 6316 6318 5433 6314 5446 5457 6314 6316 5446 6312 5457 5464 6312 6314 5457 6310 5464 5473 6310 6312 5464 6308 5473 5484 6308 6310 5473 6306 5484 5494 6306 6308 5484 6304 5494 5503 6304 6306 5494 6302 5503 5513 6302 6304 5503 6300 5513 5522 6300 6302 5513 6298 5522 5532 6298 6300 5522 6296 5532 5543 6296 6298 5532 6294 5543 5552 6294 6296 5543 6292 5552 5561 6292 6294 5552 6290 5561 5594 6290 6292 5561 6288 5594 5593 6288 6290 5594 6286 5593 5602 6286 6288 5593 6284 5602 5616 6284 6286 5602 6282 5616 5626 6282 6284 5616 6280 6282 5626 6280 5626 5634 6278 6280 5634 6278 5634 5643 6276 6278 5643 6276 5643 5653 6274 5653 5662 6274 6276 5653 6272 5662 5669 6272 6274 5662 6270 5669 5674 6270 6272 5669 6268 5674 5742 6268 6270 5674 6266 6268 5742 6264 5750 5756 6264 5742 5750 6264 6266 5742 6262 6264 5756 6260 5761 5766 6260 5756 5761 6260 6262 5756 6258 5766 5770 6258 6260 5766 6256 5770 5780 6256 6258 5770 6254 5780 5824 6254 6256 5780 6252 5824 5840 6252 6254 5824 6250 6252 5840 6250 5840 5854 6248 6250 5854 6248 5854 5867 6246 6248 5867 6246 5867 5968 6244 6246 5968 6242 6244 5968 6242 5960 5950 6242 5968 5960 6240 6242 5950 6238 6240 5950 6238 5940 5931 6238 5950 5940 6236 6238 5931 6236 5931 5923 6234 6236 5923 6232 5927 5942 6232 5923 5927 6232 6234 5923 6228 5942 5961 6228 6232 5942 6231 6228 5961 6231 5961 5972 6479 6231 5972 6476 6479 5972 6476 5984 5996 6476 5972 5984 6474 6476 5996 6472 6474 5996 6472 6007 6016 6472 5996 6007 6470 6472 6016 6468 6470 6016 6468 6025 6032 6468 6016 6025 6466 6468 6032 6466 6032 6036 6464 6466 6036 6462 6464 6036 6462 6055 6171 6462 6036 6055 6460 6462 6171 6458 6460 6171 6458 6170 6169 6458 6171 6170 6456 6458 6169 6456 6169 6141 6454 6456 6141 6452 6454 6141 6452 6141 6131 6450 6452 6131 6450 6131 6122 6448 6450 6122 6448 6112 6101 6448 6122 6112 6446 6448 6101 6444 6101 6089 6444 6446 6101 6442 6089 6074 6442 6444 6089 6440 6059 6047 6440 6074 6059 6440 6442 6074 6438 6047 6039 6438 6440 6047 6436 6039 6045 6436 6438 6039 6434 6045 6064 6434 6436 6045 6433 6434 6064 6433 6064 6076 6430 6433 6076 6428 6430 6076 6428 6085 6095 6428 6076 6085 6426 6428 6095 6426 6095 6103 6424 6426 6103 6422 6424 6103 6422 6110 6118 6422 6103 6110 6420 6422 6118 6420 6118 6124 6418 6420 6124 6416 6418 6124 6416 6124 5951 6414 6416 5951 6414 5951 5919 6412 6414 5919 6412 5915 5911 6412 5919 5915 6410 6412 5911 6408 6410 5911 6408 5911 5907 6406 5907 5902 6406 6408 5907 6404 5902 5897 6404 6406 5902 6403 5897 5884 6403 6404 5897 6400 5871 5858 6400 5884 5871 6400 6403 5884 6398 6400 5858 6396 5858 5846 6396 6398 5858 6394 5831 5808 6394 5846 5831 6394 6396 5846 6392 6394 5808 6390 5808 5797 6390 6392 5808 6388 5797 5787 6388 6390 5797 6386 5775 5777 6386 5787 5775 6386 6388 5787 6384 6386 5777 6382 5789 5749 6382 5777 5789 6382 6384 5777 6380 6382 5749 6378 6380 5749 6378 5749 5722 6376 6378 5722 6376 5722 5721 6374 6376 5721 6374 5721 5720 6372 6374 5720 6372 5659 5648 6372 5720 5659 6370 6372 5648 6368 6370 5648 6368 5637 5606 6368 5648 5637 6366 6368 5606 6364 5606 5587 6364 6366 5606 6362 5582 5576 6362 5587 5582 6362 6364 5587 6360 6362 5576 6358 5576 5569 6358 6360 5576 6356 5569 5562 6356 6358 5569 6355 5562 5556 6355 6356 5562 6480 6323 6481 6482 6481 6323 6483 6323 6480 6484 6482 6323 6485 6325 6323 6485 6323 6483 6486 6484 6323 6487 6325 6485 6488 6323 6321 6488 6486 6323 6489 6325 6487 6490 6488 6321 6491 6325 6489 6492 6490 6321 6493 6325 6491 6494 6492 6321 6495 6325 6493 6496 6494 6321 6497 6325 6495 6497 6327 6325 6498 6496 6321 6499 6327 6497 6500 6498 6321 6501 6327 6499 6502 6500 6321 6502 6321 6319 6503 6327 6501 6504 6502 6319 6505 6327 6503 6506 6504 6319 6507 6327 6505 6508 6506 6319 6509 6327 6507 6510 6508 6319 6511 6329 6327 6511 6327 6509 6512 6510 6319 6513 6329 6511 6514 6319 6317 6514 6512 6319 6515 6329 6513 6516 6514 6317 6517 6329 6515 6518 6516 6317 6519 6329 6517 6520 6518 6317 6521 6331 6329 6521 6329 6519 6522 6520 6317 6523 6331 6521 6524 6522 6317 6525 6331 6523 6526 6524 6317 6526 6317 6315 6527 6331 6525 6528 6526 6315 6529 6331 6527 6530 6528 6315 6531 6331 6529 6531 6333 6331 6532 6530 6315 6533 6333 6531 6534 6315 6313 6534 6532 6315 6535 6333 6533 6536 6534 6313 6537 6333 6535 6538 6536 6313 6539 6333 6537 6539 6335 6333 6540 6538 6313 6541 6335 6539 6542 6313 6311 6542 6540 6313 6543 6335 6541 6544 6542 6311 6545 6335 6543 6546 6544 6311 6547 6335 6545 6547 6337 6335 6548 6546 6311 6549 6337 6547 6550 6548 6311 6550 6311 6309 6551 6337 6549 6552 6550 6309 6553 6337 6551 6553 6339 6337 6554 6309 6307 6554 6552 6309 6555 6339 6553 6556 6554 6307 6557 6341 6339 6557 6339 6555 6558 6341 6557 6559 6297 6560 6561 6560 6297 6562 6297 6559 6563 6297 6295 6563 6561 6297 6564 6297 6562 6565 6563 6295 6566 6297 6564 6567 6565 6295 6568 6299 6297 6568 6297 6566 6569 6567 6295 6570 6299 6568 6571 6569 6295 6572 6299 6570 6573 6571 6295 6574 6299 6572 6575 6573 6295 6575 6295 6293 6576 6299 6574 6577 6575 6293 6578 6301 6299 6578 6299 6576 6579 6577 6293 6580 6301 6578 6581 6579 6293 6582 6301 6580 6583 6581 6293 6584 6301 6582 6585 6583 6293 6586 6303 6301 6586 6301 6584 6587 6585 6293 6588 6303 6586 6589 6587 6293 6589 6293 6291 6590 6303 6588 6591 6589 6291 6592 6303 6590 6593 6591 6291 6594 6303 6592 6594 6305 6303 6595 6593 6291 6596 6305 6594 6597 6595 6291 6598 6305 6596 6599 6597 6291 6600 6305 6598 6600 6307 6305 6601 6599 6291 6602 6307 6600 6603 6601 6291 6604 6556 6307 6604 6605 6556 6604 6307 6602 6606 6291 6289 6606 6603 6291 6607 6608 6605 6607 6605 6604 6609 6606 6289 6610 6611 6608 6610 6608 6607 6612 6609 6289 6613 6611 6610 6614 6612 6289 6615 6614 6289 6616 6615 6289 6617 6616 6289 6617 6289 6287 6618 6617 6287 6619 6618 6287 6620 6619 6287 6621 6620 6287 6622 6621 6287 6623 6622 6287 6624 6287 6285 6624 6623 6287 6625 6624 6285 6626 6625 6285 6627 6626 6285 6628 6627 6285 6629 6628 6285 6283 6630 6631 6283 6631 6632 6283 6632 6629 6283 6629 6285 6633 6630 6283 6634 6635 6636 6634 6636 6637 6634 6637 6638 6639 6640 6641 6639 6641 6642 6639 6642 6635 6639 6635 6634 6643 6638 6644 6643 6644 6645 6643 6645 6646 6643 6634 6638 6647 6648 6649 6647 6649 6650 6647 6650 6640 6647 6640 6639 6651 6643 6646 6651 6646 6652 6651 6652 6653 6651 6653 6654 6655 6656 6657 6655 6657 6648 6655 6648 6647 6658 6654 6659 6658 6659 6660 6658 6660 6661 6658 6651 6654 6662 6663 6664 6662 6664 6665 6662 6665 6656 6662 6656 6655 6666 6661 6667 6666 6667 6668 6666 6658 6661 6669 6670 6671 6669 6671 6672 6669 6672 6663 6669 6663 6662 6673 6666 6668 6673 6668 6674 6673 6674 6675 6673 6675 6676 6677 6678 6679 6677 6679 6670 6677 6670 6669 6680 6673 6676 6680 6676 6681 6680 6681 6682 6683 6684 6685 6683 6685 6686 6683 6686 6678 6683 6678 6677 6687 6680 6682 6687 6682 6688 6687 6688 6689 6687 6689 6690 6691 6692 6693 6691 6693 6684 6691 6684 6683 6281 6694 6695 6281 6695 6696 6281 6696 6697 6281 6697 6633 6281 6633 6283 6698 6690 6611 6698 6613 6699 6698 6699 6700 6698 6687 6690 6698 6611 6613 6701 6692 6691 6701 6341 6558 6701 6343 6341 6701 6558 6692 6702 6698 6700 6702 6700 6703 6702 6703 6704 6705 6343 6701 6705 6345 6343 6706 6702 6704 6706 6704 6707 6706 6707 6708 6706 6708 6709 6710 6345 6705 6710 6347 6345 6711 6709 6712 6711 6712 6713 6711 6713 6714 6711 6706 6709 6279 6715 6716 6279 6716 6717 6279 6717 6694 6279 6694 6281 6718 6349 6347 6718 6347 6710 6719 6711 6714 6719 6714 6720 6719 6720 6721 6722 6349 6718 6722 6351 6349 6723 6719 6721 6723 6721 6724 6723 6724 6725 6723 6725 6726 6727 6351 6722 6727 6353 6351 6728 6726 6729 6728 6729 6730 6728 6730 6731 6728 6723 6726 6277 6732 6733 6277 6733 6715 6277 6715 6279 6734 6353 6727 6734 6354 6353 6735 6728 6731 6735 6731 6736 6735 6736 6737 6735 6737 6738 6735 6738 6739 6740 6354 6734 6741 6735 6739 6741 6739 6742 6741 6742 6743 6741 6743 6744 6745 6354 6740 6745 6357 6354 6746 6741 6744 6746 6744 6747 6746 6747 6748 6746 6748 6749 6750 6357 6745 6750 6359 6357 6751 6746 6749 6751 6749 6752 6751 6752 6753 6751 6753 6754 6755 6361 6359 6755 6359 6750 6756 6751 6754 6756 6754 6757 6756 6757 6758 6759 6361 6755 6759 6363 6361 6760 6756 6758 6760 6758 6761 6760 6761 6762 6760 6762 6763 6764 6365 6363 6764 6363 6759 6765 6760 6763 6765 6763 6766 6765 6766 6767 6765 6767 6768 6769 6365 6764 6769 6367 6365 6770 6765 6768 6770 6768 6771 6770 6771 6772 6773 6367 6769 6773 6369 6367 6774 6772 6775 6774 6775 6776 6774 6770 6772 6777 6375 6778 6779 6778 6375 6779 6375 6373 6780 6375 6777 6780 6377 6375 6781 6779 6373 6782 6377 6780 6783 6781 6373 6784 6377 6782 6785 6783 6373 6786 6377 6784 6787 6785 6373 6787 6373 6371 6788 6377 6786 6788 6379 6377 6789 6787 6371 6790 6379 6788 6791 6789 6371 6791 6371 6369 6792 6273 6271 6792 6271 6793 6794 6379 6790 6795 6793 6271 6796 6273 6792 6797 6795 6271 6798 6273 6796 6799 6791 6369 6799 6369 6773 6800 6271 6269 6800 6797 6271 6801 6275 6273 6801 6273 6798 6802 6379 6794 6803 6800 6269 6804 6275 6801 6805 6799 6773 6806 6803 6269 6807 6275 6804 6808 6379 6802 6809 6806 6269 6810 6773 6811 6810 6805 6773 6812 6732 6277 6812 6277 6275 6812 6275 6807 6813 6809 6269 6814 6379 6808 6815 6816 6732 6815 6732 6812 6817 6810 6811 6818 6269 6267 6818 6813 6269 6819 6820 6816 6819 6816 6815 6821 6379 6814 6821 6381 6379 6822 6818 6267 6823 6811 6824 6823 6817 6811 6825 6776 6820 6825 6774 6776 6825 6820 6819 6826 6381 6821 6827 6822 6267 6828 6823 6824 6829 6830 6774 6829 6774 6825 6831 6827 6267 6832 6381 6826 6833 6830 6829 6834 6824 6835 6834 6828 6824 6836 6831 6267 6837 6381 6832 6838 6839 6830 6838 6830 6833 6840 6834 6835 6841 6267 6265 6841 6836 6267 6842 6381 6837 6843 6839 6838 6844 6840 6835 6845 6841 6265 6846 6383 6381 6846 6381 6842 6847 6848 6839 6847 6839 6843 6849 6845 6265 6850 6844 6835 6850 6835 6851 6852 6848 6847 6853 6383 6846 6854 6849 6265 6855 6850 6851 6856 6848 6852 6857 6383 6853 6858 6854 6265 6859 6855 6851 6860 6861 6848 6860 6848 6856 6862 6383 6857 6863 6858 6265 6864 6851 6865 6864 6859 6851 6866 6861 6860 6867 6383 6862 6868 6863 6265 6263 6868 6265 6869 6864 6865 6870 6861 6866 6871 6383 6867 6872 6868 6263 6873 6865 6874 6873 6869 6865 6875 6876 6861 6875 6861 6870 6877 6383 6871 6878 6872 6263 6879 6873 6874 6880 6876 6875 6881 6383 6877 6882 6878 6263 6883 6879 6874 6884 6885 6876 6884 6876 6880 6886 6882 6263 6887 6874 6888 6887 6883 6874 6889 6885 6884 6385 6881 6890 6385 6383 6881 6385 6890 6891 6892 6886 6263 6893 6887 6888 6894 6885 6889 6895 6385 6891 6896 6892 6263 6897 6898 6885 6897 6885 6894 6899 6893 6888 6900 6896 6263 6901 6385 6895 6902 6898 6897 6903 6899 6888 6904 6385 6901 6905 6903 6888 6906 6898 6902 6907 6903 6905 6908 6385 6904 6261 6909 6910 6261 6910 6900 6261 6900 6263 6911 6898 6906 6912 6907 6905 6913 6909 6261 6914 6385 6908 6915 6898 6911 6916 6915 6911 6917 6912 6905 6918 6913 6261 6919 6915 6916 6920 6918 6261 6921 6915 6919 6922 6923 6924 6922 6924 6917 6922 6917 6905 6925 6920 6261 6926 6923 6922 6387 6385 6914 6387 6914 6927 6387 6927 6928 6387 6928 6929 6930 6387 6929 6931 6921 6932 6931 6932 6933 6931 6915 6921 6934 6387 6930 6935 6931 6933 6936 6387 6934 6937 6938 6939 6937 6939 6940 6937 6940 6926 6937 6926 6922 6259 6941 6942 6259 6942 6925 6259 6925 6261 6259 6943 6944 6259 6944 6941 6945 6943 6259 6946 6945 6259 6947 6935 6948 6947 6948 6949 6947 6949 6950 6947 6931 6935 6951 6946 6259 6952 6953 6954 6952 6954 6955 6952 6955 6938 6952 6938 6937 6389 6387 6936 6389 6936 6956 6389 6956 6957 6389 6957 6958 6389 6958 6959 6389 6959 6960 6389 6960 6961 6962 6389 6961 6963 6950 6964 6963 6964 6965 6963 6965 6966 6963 6947 6950 6967 6968 6969 6967 6969 6953 6967 6953 6952 6257 6951 6259 6257 6970 6971 6257 6971 6972 6257 6972 6973 6257 6973 6974 6257 6974 6975 6257 6975 6976 6257 6976 6951 6977 6966 6978 6977 6978 6979 6977 6963 6966 6980 6968 6967 6980 6981 6982 6980 6982 6983 6980 6983 6968 6391 6962 6984 6391 6984 6985 6391 6985 6986 6391 6986 6987 6391 6987 6988 6391 6988 6989 6391 6389 6962 6990 6977 6979 6990 6979 6991 6990 6991 6992 6990 6992 6993 6255 6970 6257 6255 6994 6995 6255 6995 6996 6255 6996 6997 6255 6997 6998 6255 6998 6970 6999 7000 7001 6999 7001 7002 6999 7002 6981 6999 6981 6980 7003 6993 7004 7003 7004 7005 7003 7005 7006 7003 6990 6993 6393 6391 6989 6393 6989 7007 6393 7007 7008 6393 7008 7009 6393 7009 7010 6393 7010 7011 7012 7013 7014 7012 7014 7000 7012 7000 6999 7015 7003 7006 7015 7006 7016 7015 7016 7017 6253 6994 6255 6253 7018 7019 6253 7019 7020 6253 7020 7021 6253 7021 7022 6253 7022 7023 6253 7023 6994 7024 7025 7026 7024 7026 7013 7024 7013 7012 7027 7017 7028 7027 7028 7029 7027 7015 7017 6395 6393 7011 6395 7011 7030 6395 7030 7031 6395 7031 7032 6395 7032 7033 6395 7033 7034 7035 7036 7037 7035 7037 7025 7035 7025 7024 7038 7027 7029 7038 7029 7039 7038 7039 7040 6251 7041 7042 6251 7042 7043 6251 7043 7044 6251 7044 7018 6251 7018 6253 6397 6395 7034 6397 7034 7045 6397 7045 7046 6397 7046 7047 6397 7047 7048 6249 7041 6251 6249 7049 7050 6249 7050 7051 6249 7051 7041 6399 7052 7053 6399 6397 7048 6399 7048 7054 6399 7054 7052 6247 7049 6249 6247 7055 7056 6247 7056 7057 6247 7057 7058 6247 7058 7049 6401 7053 7059 6401 7059 7060 6401 7060 7061 6401 6399 7053 6245 7055 6247 6245 7062 7063 6245 7063 7055 6402 7061 7064 6402 7064 7036 6402 6401 7061 6402 7036 7035 6243 7038 7040 6243 7040 7062 6243 7062 6245 6405 7035 7065 6405 7065 7066 6405 6402 7035 6241 7038 6243 6241 7067 7038 6407 6405 7066 6239 7067 6241 6239 7068 7067 6409 7066 7069 6409 7069 7070 6409 6407 7066 6237 7068 6239 6237 7071 7068 6411 6409 7070 6411 7070 7072 6235 7073 7074 6235 7074 7071 6235 7071 6237 6413 6411 7072 6413 7072 7075 6233 7073 6235 6415 7075 7076 6415 6413 7075 6230 7073 6233 6230 7077 7073 6417 7076 7078 6417 6415 7076 6229 7077 6230 6229 7079 7077 7080 7081 7082 7083 7082 7081 7083 7081 7084 7085 7081 7080 7085 7086 7081 7087 7083 7084 7088 7086 7085 7089 7087 7084 6419 6417 7078 7090 7086 7088 7091 7089 7084 7091 7084 7092 7093 7086 7090 7093 7094 7086 7095 7091 7092 7096 7094 7093 7097 7095 7092 7098 7094 7096 7099 7097 7092 7099 7092 7100 7101 7094 7098 7101 7102 7094 7103 7099 7100 7104 7102 7101 7105 7103 7100 7105 7100 7106 7107 7102 7104 7108 7105 7106 7109 7102 7107 7109 7110 7102 7111 7108 7106 6478 7079 6229 6478 7112 7079 7113 7110 7109 7114 7111 7106 7114 7106 7115 7116 7110 7113 7116 7117 7110 7118 7114 7115 7119 7117 7116 7120 7118 7115 7121 7117 7119 7122 7120 7115 7122 7115 7123 7124 7117 7121 7124 7125 7117 6421 6419 7078 6421 7078 7126 6421 7126 7127 7128 7122 7123 7129 7125 7124 7130 7123 7131 7130 7128 7123 7132 7125 7129 7132 7133 7125 7134 7130 7131 7135 7133 7132 7136 7134 7131 6477 7112 6478 6477 7137 7112 7138 7133 7135 7139 7131 7140 7139 7136 7131 7141 7142 7133 7141 7133 7138 7143 7139 7140 7144 7142 7141 7145 7143 7140 7145 7140 7146 6423 7127 7147 6423 6421 7127 7148 7142 7144 7148 7149 7142 7150 7145 7146 6475 7151 7137 6475 7137 6477 6425 6423 7147 6425 7147 7152 6473 7151 6475 6473 7153 7151 6427 6425 7152 6427 7152 7154 6471 7153 6473 6471 7155 7153 6429 6427 7154 6429 7154 7149 6469 7155 6471 6469 7156 7155 6431 7149 7148 6431 6429 7149 6467 7150 7146 6467 7156 6469 6467 7146 7156 6467 7157 7150 6432 7148 7158 6432 7158 7159 6432 7159 7160 6432 6431 7148 6465 7157 6467 6465 7161 7162 6465 7162 7157 6435 7160 7163 6435 7163 7164 6435 6432 7160 6463 7161 6465 6463 7165 7166 6463 7166 7167 6463 7167 7161 6437 7164 7168 6437 7168 7169 6437 7169 7170 6437 7170 7171 6437 6435 7164 6461 7165 6463 6461 7172 7173 6461 7173 7174 6461 7174 7175 6461 7175 7165 6439 7171 7176 6439 7176 7177 6439 7177 7178 6439 7178 7179 6439 6437 7171 6459 7180 7181 6459 7181 7182 6459 7182 7183 6459 7183 7172 6459 7172 6461 6441 7179 7184 6441 7184 7185 6441 7185 7186 6441 7186 7187 6441 6439 7179 6457 7180 6459 6457 7188 7189 6457 7189 7190 6457 7190 7191 6457 7191 7192 6457 7192 7180 6443 6441 7187 6443 7187 7193 6443 7193 7194 6443 7194 7195 6443 7195 7196 6443 7196 7197 6443 7197 7198 6455 7188 6457 6455 7199 7200 6455 7200 7201 6455 7201 7202 6455 7202 7203 6455 7203 7188 6445 7198 7204 6445 7204 7205 6445 7205 7206 6445 7206 7207 6445 7207 7208 6445 7208 7209 6445 6443 7198 6453 7199 6455 6453 7210 7211 6453 7211 7212 6453 7212 7213 6453 7213 7214 6453 7214 7215 6453 7215 7216 6453 7216 7199 6447 7209 7217 6447 7217 7218 6447 7218 7219 6447 7219 7220 6447 7220 7221 6447 7221 7222 6447 7222 7223 6447 6445 7209 6451 7224 7225 6451 7225 7226 6451 7226 7227 6451 7227 7228 6451 7228 7229 6451 7229 7210 6451 7210 6453 6449 6447 7223 6449 7224 6451 6449 7223 7230 6449 7230 7231 6449 7231 7232 6449 7232 7233 6449 7233 7234 6449 7234 7235 6449 7235 7224 7236 7237 7238 7236 7239 7237 7240 7238 7241 7240 7236 7238 7242 7241 7243 7242 7240 7241 7244 7243 7245 7244 7242 7243 7246 7245 7247 7246 7244 7245 7248 7247 7249 7248 7246 7247 7250 7249 7251 7250 7248 7249 7252 7251 7253 7252 7250 7251 7254 7253 7255 7254 7252 7253 7256 7255 7257 7256 7254 7255 7258 7257 7259 7258 7256 7257 7260 7258 7259 7260 7259 7261 7262 7260 7261 7262 7261 7263 7264 7262 7263 7264 7263 7265 7266 7264 7265 7266 7265 7267 7268 7267 7269 7268 7266 7267 7270 7269 7271 7270 7268 7269 7272 7271 7273 7272 7270 7271 7274 7273 7275 7274 7272 7273 7276 7275 7277 7276 7274 7275 7278 7277 7279 7278 7276 7277 7280 7279 7281 7280 7278 7279 7282 7281 7283 7282 7280 7281 7284 7283 7285 7284 7282 7283 7286 7285 7287 7286 7284 7285 7288 7287 7289 7288 7286 7287 7290 7289 7291 7290 7288 7289 7292 7291 7293 7292 7290 7291 7294 7293 7295 7294 7292 7293 7296 7295 7297 7296 7294 7295 7298 7297 7299 7298 7296 7297 7300 7299 7301 7300 7298 7299 7302 7301 7303 7302 7300 7301 7304 7303 7305 7304 7302 7303 7306 7305 7307 7306 7304 7305 7308 7307 7309 7308 7306 7307 7310 7309 7311 7310 7308 7309 7312 7310 7311 7312 7311 7313 7314 7312 7313 7314 7313 7315 7316 7314 7315 7316 7315 7317 7318 7316 7317 7318 7317 7319 7320 7318 7319 7320 7319 7321 7322 7320 7321 7322 7321 7323 7324 7322 7323 7324 7323 7325 7326 7324 7325 7326 7325 7327 7328 7326 7327 7328 7327 7329 7330 7328 7329 7330 7329 7331 7332 7330 7331 7332 7331 7333 7334 7333 7335 7334 7332 7333 7336 7335 7337 7336 7334 7335 7338 7337 7339 7338 7336 7337 7340 7339 7341 7340 7338 7339 7342 7341 7343 7342 7340 7341 7344 7343 7345 7344 7342 7343 7346 7345 7347 7346 7344 7345 7348 7347 7349 7348 7346 7347 7350 7349 7351 7350 7348 7349 7352 7351 7353 7352 7350 7351 7354 7353 7355 7354 7352 7353 7356 7354 7355 7357 7354 7356 7358 7356 7359 7358 7357 7356 7360 7358 7359 7360 7359 7361 7362 7361 7363 7362 7360 7361 7364 7362 7363 7364 7363 7365 7366 7364 7365 7366 7365 7367 7368 7366 7367 7368 7367 7369 7370 7368 7369 7370 7369 7371 7372 7370 7371 7372 7371 7373 7374 7372 7373 7374 7373 7375 7376 7374 7375 7376 7375 7377 7378 7376 7377 7378 7377 7379 7380 7378 7379 7380 7379 7381 7382 7380 7381 7382 7381 7383 7384 7382 7383 7384 7383 7385 7386 7384 7385 7386 7385 7387 7388 7386 7387 7388 7387 7389 7390 7388 7389 7390 7389 7391 7392 7390 7391 7392 7391 7393 7394 7392 7393 7394 7393 7395 7396 7394 7395 7396 7395 7397 7398 7396 7397 7398 7397 7399 7400 7398 7399 7400 7399 7401 7402 7401 7403 7402 7400 7401 7404 7403 7405 7404 7402 7403 7406 7405 7407 7406 7404 7405 7408 7407 7409 7408 7406 7407 7410 7408 7409 7410 7409 7411 7412 7410 7411 7413 7410 7412 7414 7413 7412 7414 7412 7415 7416 7414 7415 7416 7415 7417 7418 7416 7417 7418 7417 7419 7420 7418 7419 7420 7419 7421 7422 7420 7421 7422 7421 7423 7424 7422 7423 7425 7422 7424 7426 7425 7424 7426 7424 7427 7428 7426 7427 7428 7427 7429 7430 7428 7429 7430 7429 7431 7432 7430 7431 7432 7431 7433 7434 7432 7433 7434 7433 7435 7436 7434 7435 7436 7435 7437 7438 7437 7439 7438 7436 7437 7440 7439 7441 7440 7438 7439 7442 7441 7443 7442 7440 7441 7444 7443 7445 7444 7442 7443 7446 7445 7447 7446 7444 7445 7448 7447 7449 7448 7446 7447 7450 7449 7451 7450 7448 7449 7452 7451 7453 7452 7450 7451 7454 7453 7455 7454 7452 7453 7456 7455 7457 7456 7454 7455 7458 7457 7459 7458 7456 7457 7460 7459 7461 7460 7458 7459 7462 7461 7463 7462 7460 7461 7464 7462 7463 7464 7463 7465 7466 7464 7465 7466 7465 7467 7468 7466 7467 7468 7467 7469 7470 7469 7471 7470 7468 7469 7472 7471 7473 7472 7470 7471 7474 7472 7473 7475 7472 7474 7476 7474 7477 7476 7475 7474 7478 7477 7479 7478 7476 7477 7480 7479 7481 7480 7478 7479 7482 7481 7483 7482 7480 7481 7484 7483 7485 7484 7482 7483 7486 7485 7487 7486 7484 7485 7239 7487 7237 7239 7486 7487 7362 6740 6734 7360 6734 6727 7360 7362 6734 7358 6727 6722 7358 7360 6727 7357 6722 6718 7357 7358 6722 7354 6718 6710 7354 7357 6718 7352 6710 6705 7352 7354 6710 7350 6705 6701 7350 7352 6705 7348 6701 6691 7348 7350 6701 7346 6691 6683 7346 7348 6691 7344 6683 6677 7344 7346 6683 7342 6677 6669 7342 7344 6677 7340 7342 6669 7340 6669 6662 7338 7340 6662 7338 6662 6655 7336 7338 6655 7336 6655 6647 7334 7336 6647 7334 6647 6639 7332 7334 6639 7332 6639 6634 7330 7332 6634 7330 6634 6643 7328 7330 6643 7328 6643 6651 7326 7328 6651 7326 6651 6658 7324 6658 6666 7324 7326 6658 7322 7324 6666 7322 6666 6673 7320 6673 6680 7320 7322 6673 7318 6680 6687 7318 7320 6680 7316 6687 6698 7316 7318 6687 7314 6698 6702 7314 7316 6698 7312 6702 6706 7312 7314 6702 7310 6706 6711 7310 7312 6706 7308 6711 6719 7308 7310 6711 7306 6719 6723 7306 7308 6719 7304 6723 6728 7304 7306 6723 7302 6728 6735 7302 7304 6728 7300 6735 6741 7300 7302 6735 7298 6741 6746 7298 7300 6741 7296 6746 6751 7296 7298 6746 7294 6751 6756 7294 7296 6751 7292 6756 6760 7292 7294 6756 7290 7292 6760 7290 6760 6765 7288 7290 6765 7288 6765 6770 7286 7288 6770 7286 6770 6774 7284 6774 6830 7284 7286 6774 7282 6830 6839 7282 7284 6830 7280 7282 6839 7278 6848 6861 7278 6839 6848 7278 7280 6839 7276 6861 6876 7276 7278 6861 7274 6876 6885 7274 7276 6876 7272 7274 6885 7270 6898 6915 7270 6885 6898 7270 7272 6885 7268 6915 6931 7268 7270 6915 7266 6931 6947 7266 7268 6931 7264 7266 6947 7262 6963 6977 7262 6947 6963 7262 7264 6947 7260 6977 6990 7260 7262 6977 7258 7260 6990 7258 6990 7003 7256 7258 7003 7254 7256 7003 7254 7015 7027 7254 7003 7015 7252 7254 7027 7252 7027 7038 7250 7252 7038 7250 7038 7067 7248 7250 7067 7248 7067 7068 7246 7248 7068 7246 7068 7071 7244 7071 7074 7244 7246 7071 7242 7074 7073 7242 7244 7074 7240 7073 7077 7240 7242 7073 7236 7077 7079 7236 7240 7077 7239 7236 7079 7239 7079 7112 7486 7239 7112 7486 7112 7137 7484 7486 7137 7482 7484 7137 7482 7137 7151 7480 7482 7151 7480 7153 7155 7480 7151 7153 7478 7480 7155 7478 7155 7156 7476 7478 7156 7476 7156 7146 7475 7476 7146 7472 7475 7146 7472 7140 7131 7472 7146 7140 7470 7472 7131 7468 7470 7131 7468 7123 7115 7468 7131 7123 7466 7468 7115 7464 7466 7115 7464 7106 7100 7464 7115 7106 7462 7464 7100 7462 7100 7092 7460 7462 7092 7460 7092 7084 7458 7460 7084 7458 7084 7081 7456 7458 7081 7454 7081 7086 7454 7456 7081 7452 7086 7094 7452 7454 7086 7450 7102 7110 7450 7094 7102 7450 7452 7094 7448 7110 7117 7448 7450 7110 7446 7117 7125 7446 7448 7117 7444 7125 7133 7444 7446 7125 7442 7444 7133 7440 7442 7133 7440 7133 7142 7438 7440 7142 7438 7142 7149 7436 7438 7149 7436 7154 7152 7436 7149 7154 7434 7436 7152 7434 7152 7147 7432 7434 7147 7430 7432 7147 7430 7147 7127 7428 7430 7127 7428 7126 7078 7428 7127 7126 7426 7428 7078 7426 7078 7076 7425 7426 7076 7422 7425 7076 7422 7075 7072 7422 7076 7075 7420 7422 7072 7420 7072 7070 7418 7420 7070 7416 7418 7070 7416 7070 7069 7414 7069 7066 7414 7416 7069 7413 7066 7065 7413 7414 7066 7410 7065 7035 7410 7413 7065 7408 7035 7024 7408 7410 7035 7406 7024 7012 7406 7408 7024 7404 6999 6980 7404 7012 6999 7404 7406 7012 7402 6980 6967 7402 7404 6980 7400 7402 6967 7398 6952 6937 7398 6967 6952 7398 7400 6967 7396 6937 6922 7396 7398 6937 7394 7396 6922 7392 6922 6905 7392 7394 6922 7390 6905 6888 7390 7392 6905 7388 7390 6888 7388 6888 6874 7386 7388 6874 7386 6874 6865 7384 7386 6865 7384 6851 6835 7384 6865 6851 7382 7384 6835 7380 7382 6835 7380 6835 6824 7378 7380 6824 7378 6811 6773 7378 6824 6811 7376 7378 6773 7374 7376 6773 7374 6769 6764 7374 6773 6769 7372 7374 6764 7370 6764 6759 7370 7372 6764 7368 6755 6750 7368 6759 6755 7368 7370 6759 7366 7368 6750 7364 6745 6740 7364 6750 6745 7364 7366 6750 7362 7364 6740 7335 7333 7331 7327 7331 7329 7339 7337 7335 7321 7325 7323 7321 7327 7325 7319 7335 7331 7319 7331 7327 7319 7339 7335 7319 7327 7321 7345 7341 7339 7345 7343 7341 7315 7319 7317 7349 7347 7345 7349 7345 7339 7309 7313 7311 7309 7315 7313 7355 7351 7349 7355 7353 7351 7355 7349 7339 7307 7319 7315 7307 7315 7309 7301 7305 7303 7301 7307 7305 7365 7361 7359 7365 7363 7361 7367 7339 7319 7367 7356 7355 7367 7359 7356 7367 7365 7359 7367 7355 7339 7367 7319 7307 7295 7299 7297 7295 7301 7299 7373 7295 7293 7373 7369 7367 7373 7371 7369 7373 7307 7301 7373 7367 7307 7373 7301 7295 7375 7373 7293 7375 7291 7289 7375 7293 7291 7379 7377 7375 7283 7287 7285 7383 7379 7375 7383 7381 7379 7279 7283 7281 7385 7383 7375 7277 7287 7283 7277 7289 7287 7277 7283 7279 7275 7289 7277 7389 7387 7385 7273 7289 7275 7391 7389 7385 7393 7385 7375 7393 7391 7385 7399 7395 7393 7399 7397 7395 7261 7265 7263 7403 7375 7289 7403 7393 7375 7403 7399 7393 7403 7401 7399 7257 7261 7259 7257 7267 7265 7257 7265 7261 7255 7269 7267 7255 7271 7269 7255 7267 7257 7253 7273 7271 7253 7289 7273 7253 7271 7255 7411 7409 7407 7412 7407 7405 7412 7411 7407 7249 7253 7251 7417 7405 7403 7417 7412 7405 7417 7415 7412 7245 7249 7247 7243 7249 7245 7421 7419 7417 7238 7243 7241 7424 7423 7421 7237 7249 7243 7237 7243 7238 7237 7253 7249 7427 7421 7417 7427 7424 7421 7427 7403 7289 7427 7417 7403 7487 7253 7237 7431 7429 7427 7483 7253 7487 7483 7487 7485 7435 7433 7431 7437 7431 7427 7437 7435 7431 7474 7479 7477 7443 7439 7437 7443 7441 7439 7443 7437 7427 7471 7474 7473 7469 7474 7471 7469 7479 7474 7447 7445 7443 7465 7469 7467 7465 7481 7479 7465 7479 7469 7463 7483 7481 7463 7481 7465 7453 7449 7447 7453 7451 7449 7453 7447 7443 7455 7453 7443 7455 7443 7427 7459 7463 7461 7457 7427 7289 7457 7455 7427 7457 7483 7463 7457 7289 7253 7457 7463 7459 7457 7253 7483 7488 7489 1721 1721 7489 1720 1720 7490 1719 7489 7490 1720 1719 7491 1723 7490 7491 1719 1723 7492 1724 7491 7492 1723 1724 7493 1725 7492 7493 1724 1725 7494 1726 7493 7494 1725 1726 7495 1515 7494 7495 1726 7495 7496 1515 1515 7496 1512 7496 7497 1512 1512 7497 1511 7497 7498 1511 1511 7498 1509 7498 7499 1509 1509 7499 1507 7499 7500 1507 1507 7500 1505 1505 7501 1503 7500 7501 1505 1503 7502 1501 7501 7502 1503 1501 7503 1498 7502 7503 1501 1498 7504 1497 7503 7504 1498 1497 7505 1495 7504 7505 1497 1495 7506 1493 7505 7506 1495 1493 7507 1490 7506 7507 1493 1490 7508 1489 7507 7508 1490 1489 7509 1487 7508 7509 1489 1484 7510 1483 1487 7510 1484 7509 7510 1487 7510 7511 1483 1481 7512 1478 1483 7512 1481 7511 7512 1483 7512 7513 1478 1476 7514 1475 1478 7514 1476 7513 7514 1478 7514 7515 1475 1473 7516 1470 1475 7516 1473 7515 7516 1475 7516 7517 1470 1469 7518 1467 1470 7518 1469 7517 7518 1470 7518 7519 1467 1467 7520 1465 7519 7520 1467 1465 7521 1462 7520 7521 1465 7522 7523 1369 1369 7523 1371 1371 7524 1373 7523 7524 1371 1373 7525 1374 7524 7525 1373 1374 7526 1375 7525 7526 1374 1375 7527 1376 7526 7527 1375 1376 7528 1377 7527 7528 1376 1377 7529 1378 7528 7529 1377 7529 7530 1378 1378 7530 1379 7530 7531 1379 1379 7531 1380 7531 7532 1380 1380 7532 1381 7532 7533 1381 1381 7533 1382 7533 7534 1382 1382 7534 1383 1383 7535 1384 7534 7535 1383 1384 7536 1385 7535 7536 1384 1385 7537 1386 7536 7537 1385 1386 7538 1387 7537 7538 1386 1387 7539 1388 7538 7539 1387 1388 7540 1389 7539 7540 1388 1389 7541 1390 7540 7541 1389 1390 7542 1391 7541 7542 1390 1391 7543 1392 7542 7543 1391 1393 7544 1394 1392 7544 1393 7543 7544 1392 7544 7545 1394 1395 7546 1396 1394 7546 1395 7545 7546 1394 7546 7547 1396 1397 7548 1398 1396 7548 1397 7547 7548 1396 7548 7549 1398 1399 7550 1400 1398 7550 1399 7549 7550 1398 7550 7551 1400 1401 7552 1402 1400 7552 1401 7551 7552 1400 7552 7553 1402 1402 7554 1722 7553 7554 1402 7555 7556 7557 7558 7556 7555 7559 7560 7558 7561 7562 7563 7564 7565 7561 7556 7565 7564 7561 7565 7562 7566 7567 7568 7569 7567 7566 7565 7570 7571 7572 7573 7567 7558 7574 7556 7560 7574 7558 7575 7574 7560 7568 7574 7575 7576 7574 7573 7567 7574 7568 7573 7574 7567 7577 7578 7579 7580 7581 7574 7578 7582 7583 7584 7582 7577 7570 7582 7584 7565 7582 7570 7577 7582 7578 7582 7585 7586 7556 7585 7565 7587 7585 7581 7574 7585 7556 7581 7585 7574 7565 7585 7582 7585 7588 7586 7589 7590 7588 7523 7525 7524 7591 7592 7590 7523 7526 7525 7592 7593 7590 7590 7594 7588 7593 7594 7590 7523 7528 7526 7526 7528 7527 7594 7595 7588 7596 7597 7595 7595 7597 7588 7529 7531 7530 7528 7531 7529 7528 7532 7531 7598 7599 7597 7523 7533 7528 7528 7533 7532 7522 7533 7523 7522 7534 7533 7600 7601 7599 7534 7536 7535 7602 7603 7601 7599 7604 7597 7601 7604 7599 7603 7604 7601 7536 7538 7537 7605 7606 7604 7522 7540 7534 7534 7540 7536 7536 7540 7538 7538 7540 7539 7607 7608 7606 7597 7608 7588 7604 7608 7597 7606 7608 7604 7540 7542 7541 7608 7609 7588 7540 7543 7542 7522 7544 7540 7540 7544 7543 7610 7611 7609 7609 7611 7588 7522 7545 7544 7522 7546 7545 7612 7613 7614 7546 7548 7547 7522 7548 7546 7614 7615 7611 7613 7615 7614 7615 7616 7611 7522 7550 7548 7548 7550 7549 7616 7617 7611 7618 7617 7616 7611 7617 7588 7522 7552 7550 7550 7552 7551 7617 7521 7588 7619 7521 7617 7588 7554 7586 7522 7554 7552 7586 7554 7522 7552 7554 7553 7588 7488 7554 7521 7520 7588 7588 7520 7488 7519 7489 7520 7520 7489 7488 7519 7518 7489 7518 7490 7489 7490 7492 7491 7490 7493 7492 7515 7514 7516 7517 7494 7518 7518 7494 7490 7490 7494 7493 7516 7513 7517 7514 7513 7516 7517 7495 7494 7513 7496 7517 7517 7496 7495 7512 7511 7513 7513 7497 7496 7511 7510 7513 7513 7498 7497 7510 7509 7513 7513 7499 7498 7508 7507 7509 7499 7501 7500 7499 7502 7501 7506 7505 7507 7507 7505 7509 7499 7503 7502 7509 7504 7513 7513 7504 7499 7499 7504 7503 7505 7504 7509 7586 7522 1367 1367 7522 1369 7585 7587 1366 1366 7587 1364 1364 7581 1362 7587 7581 1364 1362 7580 1360 7581 7580 1362 1360 7574 1358 7580 7574 1360 1358 7576 1356 7574 7576 1358 1356 7573 1354 7576 7573 1356 1354 7572 1352 7573 7572 1354 7572 7567 1352 1352 7567 1350 7567 7569 1350 1350 7569 1348 7569 7566 1348 1348 7566 1346 7566 7568 1346 1346 7568 1345 7568 7575 1345 1345 7575 1343 1343 7560 1340 7575 7560 1343 1340 7559 1339 7560 7559 1340 1339 7558 1337 7559 7558 1339 1337 7555 1335 7558 7555 1337 1335 7557 1336 7555 7557 1335 1336 7556 1338 7557 7556 1336 1338 7564 1341 7556 7564 1338 1341 7561 1342 7564 7561 1341 1342 7563 1344 7561 7563 1342 1347 7562 1349 1344 7562 1347 7563 7562 1344 7562 7565 1349 1351 7571 1353 1349 7571 1351 7565 7571 1349 7571 7570 1353 1355 7584 1357 1353 7584 1355 7570 7584 1353 7584 7577 1357 1359 7579 1361 1357 7579 1359 7577 7579 1357 7579 7578 1361 1363 7583 1365 1361 7583 1363 7578 7583 1361 7583 7582 1365 1365 7586 1367 7582 7586 1365 7521 7619 1462 1462 7619 1461 1461 7617 1459 7619 7617 1461 1459 7618 1455 7617 7618 1459 1455 7616 1447 7618 7616 1455 1447 7615 1446 7616 7615 1447 1446 7613 1442 7615 7613 1446 1442 7612 1440 7613 7612 1442 7612 7614 1440 1440 7614 1432 7614 7611 1432 1432 7611 1431 7611 7610 1431 1431 7610 1429 7610 7609 1429 1429 7609 1424 7609 7608 1424 1424 7608 1420 1420 7607 1415 7608 7607 1420 1415 7606 1407 7607 7606 1415 1407 7605 1406 7606 7605 1407 1406 7604 1404 7605 7604 1406 1404 7603 1409 7604 7603 1404 1409 7602 1411 7603 7602 1409 1411 7601 1412 7602 7601 1411 1412 7600 1418 7601 7600 1412 1418 7599 1422 7600 7599 1418 1426 7598 1427 1422 7598 1426 7599 7598 1422 7598 7597 1427 1435 7596 1438 1427 7596 1435 7597 7596 1427 7596 7595 1438 1444 7594 1449 1438 7594 1444 7595 7594 1438 7594 7593 1449 1451 7592 1452 1449 7592 1451 7593 7592 1449 7592 7591 1452 1372 7590 1370 1452 7590 1372 7591 7590 1452 7590 7589 1370 1370 7588 1368 7589 7588 1370 7620 7621 1558 1558 7621 1554 1554 7622 1549 7621 7622 1554 1549 7623 1545 7622 7623 1549 1545 7624 1544 7623 7624 1545 1544 7625 1540 7624 7625 1544 1540 7626 1536 7625 7626 1540 1536 7627 1532 7626 7627 1536 7627 7628 1532 1532 7628 1528 7628 7629 1528 1528 7629 1527 7629 7630 1527 1527 7630 1522 7630 7631 1522 1522 7631 1517 7631 7632 1517 1517 7632 1518 1518 7633 1520 7632 7633 1518 1520 7634 1524 7633 7634 1520 1524 7635 1525 7634 7635 1524 1525 7636 1530 7635 7636 1525 1530 7637 1534 7636 7637 1530 1534 7638 1538 7637 7638 1534 1538 7639 1542 7638 7639 1538 1542 7640 1547 7639 7640 1542 1547 7641 1551 7640 7641 1547 1552 7642 1556 1551 7642 1552 7641 7642 1551 7642 7643 1556 1560 7644 1563 1556 7644 1560 7643 7644 1556 7644 7645 1563 1566 7646 1619 1563 7646 1566 7645 7646 1563 7646 7647 1619 1618 7648 1617 1619 7648 1618 7647 7648 1619 7648 7649 1617 1616 7650 1614 1617 7650 1616 7649 7650 1617 7650 7651 1614 1614 7652 1615 7651 7652 1614 7653 7620 1572 1572 7620 1558 7654 7655 1620 1620 7655 1646 1646 7656 1457 7655 7656 1646 1457 7657 1456 7656 7657 1457 1456 7658 1450 7657 7658 1456 1450 7659 1448 7658 7659 1450 1448 7660 1443 7659 7660 1448 1443 7661 1437 7660 7661 1443 7661 7662 1437 1437 7662 1434 7662 7663 1434 1434 7663 1433 7663 7664 1433 1433 7664 1425 7664 7665 1425 1425 7665 1421 7665 7666 1421 1421 7666 1417 1417 7667 1416 7666 7667 1417 1416 7668 1410 7667 7668 1416 1410 7669 1408 7668 7669 1410 1408 7670 1405 7669 7670 1408 1405 7671 1403 7670 7671 1405 1403 7672 1413 7671 7672 1403 1413 7673 1414 7672 7673 1413 1414 7674 1419 7673 7674 1414 1419 7675 1423 7674 7675 1419 1428 7676 1430 1423 7676 1428 7675 7676 1423 7676 7677 1430 1436 7678 1439 1430 7678 1436 7677 7678 1430 7678 7679 1439 1441 7680 1445 1439 7680 1441 7679 7680 1439 7680 7681 1445 1453 7682 1454 1445 7682 1453 7681 7682 1445 7682 7683 1454 1458 7684 1460 1454 7684 1458 7683 7684 1454 7684 7685 1460 1460 7686 1463 7685 7686 1460 1615 7654 1620 7652 7654 1615 7687 7688 1464 1464 7688 1466 1466 7689 1468 7688 7689 1466 1468 7690 1471 7689 7690 1468 1471 7691 1472 7690 7691 1471 1472 7692 1474 7691 7692 1472 1474 7693 1477 7692 7693 1474 1477 7694 1479 7693 7694 1477 7694 7695 1479 1479 7695 1480 7695 7696 1480 1480 7696 1482 7696 7697 1482 1482 7697 1485 7697 7698 1485 1485 7698 1486 7698 7699 1486 1486 7699 1488 1488 7700 1491 7699 7700 1488 1491 7701 1492 7700 7701 1491 1492 7702 1494 7701 7702 1492 1494 7703 1496 7702 7703 1494 1496 7704 1499 7703 7704 1496 1499 7705 1500 7704 7705 1499 1500 7706 1502 7705 7706 1500 1502 7707 1504 7706 7707 1502 1504 7708 1506 7707 7708 1504 1508 7709 1510 1506 7709 1508 7708 7709 1506 7709 7710 1510 1513 7711 1514 1510 7711 1513 7710 7711 1510 7711 7712 1514 1718 7713 1717 1514 7713 1718 7712 7713 1514 7713 7714 1717 1716 7715 1715 1717 7715 1716 7714 7715 1717 7715 7716 1715 1714 7717 1713 1715 7717 1714 7716 7717 1715 7717 7718 1713 1713 7719 1712 7718 7719 1713 1463 7687 1464 7686 7687 1463 7720 7721 1711 1711 7721 1709 1709 7722 1708 7721 7722 1709 1708 7723 1707 7722 7723 1708 1707 7724 1706 7723 7724 1707 1706 7725 1705 7724 7725 1706 1705 7726 1665 7725 7726 1705 1665 7727 1662 7726 7727 1665 7727 7728 1662 1662 7728 1659 7728 7729 1659 1659 7729 1656 7729 7730 1656 1656 7730 1653 7730 7731 1653 1653 7731 1652 7731 7732 1652 1652 7732 1649 1649 7733 1612 7732 7733 1649 1612 7734 1610 7733 7734 1612 1610 7735 1608 7734 7735 1610 1608 7736 1606 7735 7736 1608 1606 7737 1604 7736 7737 1606 1604 7738 1603 7737 7738 1604 1603 7739 1601 7738 7739 1603 1601 7740 1599 7739 7740 1601 1599 7741 1597 7740 7741 1599 1595 7742 1594 1597 7742 1595 7741 7742 1597 7742 7743 1594 1592 7744 1590 1594 7744 1592 7743 7744 1594 7744 7745 1590 1588 7746 1586 1590 7746 1588 7745 7746 1590 7746 7747 1586 1585 7748 1583 1586 7748 1585 7747 7748 1586 7748 7749 1583 1581 7750 1579 1583 7750 1581 7749 7750 1583 1579 7751 1572 7750 7751 1579 7751 7653 1572 1712 7720 1711 7719 7720 1712 7670 7672 7671 7672 7674 7673 7670 7674 7672 7669 7665 7670 7668 7665 7669 7667 7665 7668 7666 7665 7667 7664 7663 7665 7662 7661 7663 7661 7660 7663 7678 7680 7679 7677 7680 7678 7676 7681 7677 7675 7681 7676 7674 7681 7675 7677 7681 7680 7659 7658 7660 7657 7656 7658 7658 7656 7660 7683 7685 7684 7682 7685 7683 7681 7685 7682 7674 7686 7681 7681 7686 7685 7655 7654 7656 7670 7654 7674 7665 7654 7670 7663 7654 7665 7660 7654 7663 7656 7654 7660 7674 7654 7686 7651 7648 7652 7650 7648 7651 7649 7648 7650 7647 7646 7648 7691 7693 7692 7690 7693 7691 7689 7693 7690 7689 7694 7693 7688 7694 7689 7645 7644 7646 7646 7644 7648 7694 7696 7695 7643 7642 7644 7644 7642 7648 7694 7697 7696 7688 7698 7694 7694 7698 7697 7688 7699 7698 7641 7639 7642 7640 7639 7641 7642 7639 7648 7688 7700 7699 7687 7700 7688 7648 7638 7652 7639 7638 7648 7638 7637 7652 7700 7702 7701 7637 7636 7652 7700 7703 7702 7636 7635 7652 7703 7705 7704 7703 7706 7705 7687 7707 7700 7700 7707 7703 7703 7707 7706 7633 7630 7634 7632 7630 7633 7631 7630 7632 7707 7709 7708 7630 7629 7634 7707 7710 7709 7634 7628 7635 7629 7628 7634 7707 7711 7710 7627 7626 7628 7711 7713 7712 7626 7625 7628 7628 7625 7635 7714 7716 7715 7713 7716 7714 7713 7717 7716 7707 7717 7711 7711 7717 7713 7623 7621 7624 7622 7621 7623 7707 7718 7717 7687 7718 7707 7654 7719 7686 7687 7719 7718 7686 7719 7687 7652 7620 7654 7625 7620 7635 7621 7620 7624 7624 7620 7625 7635 7620 7652 7654 7653 7719 7620 7653 7654 7719 7653 7720 7653 7751 7720 7751 7721 7720 7750 7749 7751 7721 7723 7722 7749 7748 7751 7748 7747 7751 7747 7746 7751 7724 7726 7725 7723 7726 7724 7751 7745 7721 7721 7745 7723 7723 7745 7726 7746 7745 7751 7744 7743 7745 7727 7729 7728 7726 7729 7727 7745 7731 7726 7726 7731 7729 7743 7731 7745 7742 7731 7743 7741 7731 7742 7729 7731 7730 7740 7739 7741 7732 7734 7733 7738 7737 7739 7739 7737 7741 7741 7736 7731 7737 7736 7741 7734 7736 7735 7731 7736 7732 7732 7736 7734 7554 7488 1722 1722 7488 1721 7588 7585 1368 1368 7585 1366 7752 7753 2871 2871 7753 2870 2870 7754 2869 7753 7754 2870 2869 7755 2873 7754 7755 2869 2873 7756 2874 7755 7756 2873 2874 7757 2875 7756 7757 2874 2875 7758 2876 7757 7758 2875 2876 7759 2791 7758 7759 2876 7759 7760 2791 2791 7760 2788 7760 7761 2788 2788 7761 2787 7761 7762 2787 2787 7762 2785 7762 7763 2785 2785 7763 2783 7763 7764 2783 2783 7764 2781 2781 7765 2779 7764 7765 2781 2779 7766 2777 7765 7766 2779 2777 7767 2774 7766 7767 2777 2774 7768 2773 7767 7768 2774 2773 7769 2771 7768 7769 2773 2771 7770 2769 7769 7770 2771 2769 7771 2766 7770 7771 2769 2766 7772 2765 7771 7772 2766 2765 7773 2763 7772 7773 2765 2760 7774 2759 2763 7774 2760 7773 7774 2763 7774 7775 2759 2757 7776 2754 2759 7776 2757 7775 7776 2759 7776 7777 2754 2752 7778 2751 2754 7778 2752 7777 7778 2754 7778 7779 2751 2749 7780 2746 2751 7780 2749 7779 7780 2751 7780 7781 2746 2745 7782 2743 2746 7782 2745 7781 7782 2746 7782 7783 2743 2743 7784 2741 7783 7784 2743 2741 7785 2738 7784 7785 2741 7786 7787 2618 2618 7787 2627 2627 7788 2630 7787 7788 2627 2630 7789 2632 7788 7789 2630 2632 7790 2634 7789 7790 2632 2634 7791 2635 7790 7791 2634 2635 7792 2637 7791 7792 2635 2637 7793 2639 7792 7793 2637 7793 7794 2639 2639 7794 2641 7794 7795 2641 2641 7795 2643 7795 7796 2643 2643 7796 2644 7796 7797 2644 2644 7797 2646 7797 7798 2646 2646 7798 2648 2648 7799 2650 7798 7799 2648 2650 7800 2652 7799 7800 2650 2652 7801 2653 7800 7801 2652 2653 7802 2655 7801 7802 2653 2655 7803 2657 7802 7803 2655 2657 7804 2659 7803 7804 2657 2659 7805 2661 7804 7805 2659 2661 7806 2663 7805 7806 2661 2663 7807 2665 7806 7807 2663 2666 7808 2668 2665 7808 2666 7807 7808 2665 7808 7809 2668 2670 7810 2672 2668 7810 2670 7809 7810 2668 7810 7811 2672 2673 7812 2674 2672 7812 2673 7811 7812 2672 7812 7813 2674 2675 7814 2676 2674 7814 2675 7813 7814 2674 7814 7815 2676 2677 7816 2678 2676 7816 2677 7815 7816 2676 7816 7817 2678 2678 7818 2872 7817 7818 2678 7819 7820 7821 7822 7820 7819 7823 7824 7822 7825 7826 7827 7828 7829 7825 7820 7829 7828 7825 7829 7826 7830 7831 7832 7833 7831 7830 7829 7834 7835 7836 7837 7831 7822 7838 7820 7824 7838 7822 7839 7838 7824 7832 7838 7839 7840 7838 7837 7831 7838 7832 7837 7838 7831 7841 7842 7843 7844 7845 7838 7842 7846 7847 7848 7846 7841 7834 7846 7848 7829 7846 7834 7841 7846 7842 7846 7849 7850 7820 7849 7829 7851 7849 7845 7838 7849 7820 7845 7849 7838 7829 7849 7846 7849 7852 7850 7853 7854 7852 7787 7789 7788 7855 7856 7854 7787 7790 7789 7856 7857 7854 7854 7858 7852 7857 7858 7854 7787 7792 7790 7790 7792 7791 7858 7859 7852 7860 7861 7859 7859 7861 7852 7793 7795 7794 7792 7795 7793 7792 7796 7795 7862 7863 7861 7787 7797 7792 7792 7797 7796 7786 7797 7787 7786 7798 7797 7864 7865 7863 7798 7800 7799 7866 7867 7865 7863 7868 7861 7865 7868 7863 7867 7868 7865 7800 7802 7801 7869 7870 7868 7786 7804 7798 7798 7804 7800 7800 7804 7802 7802 7804 7803 7871 7872 7870 7861 7872 7852 7868 7872 7861 7870 7872 7868 7804 7806 7805 7872 7873 7852 7804 7807 7806 7786 7808 7804 7804 7808 7807 7874 7875 7873 7873 7875 7852 7786 7809 7808 7786 7810 7809 7876 7877 7878 7810 7812 7811 7786 7812 7810 7878 7879 7875 7877 7879 7878 7879 7880 7875 7786 7814 7812 7812 7814 7813 7880 7881 7875 7882 7881 7880 7875 7881 7852 7786 7816 7814 7814 7816 7815 7881 7785 7852 7883 7785 7881 7852 7818 7850 7786 7818 7816 7850 7818 7786 7816 7818 7817 7852 7752 7818 7785 7784 7852 7852 7784 7752 7783 7753 7784 7784 7753 7752 7783 7782 7753 7782 7754 7753 7754 7756 7755 7754 7757 7756 7779 7778 7780 7781 7758 7782 7782 7758 7754 7754 7758 7757 7780 7777 7781 7778 7777 7780 7781 7759 7758 7777 7760 7781 7781 7760 7759 7776 7775 7777 7777 7761 7760 7775 7774 7777 7777 7762 7761 7774 7773 7777 7777 7763 7762 7772 7771 7773 7763 7765 7764 7763 7766 7765 7770 7769 7771 7771 7769 7773 7763 7767 7766 7773 7768 7777 7777 7768 7763 7763 7768 7767 7769 7768 7773 7850 7786 2610 2610 7786 2618 7849 7851 2609 2609 7851 2606 2606 7845 2603 7851 7845 2606 2603 7844 2600 7845 7844 2603 2600 7838 2598 7844 7838 2600 2598 7840 2595 7838 7840 2598 2595 7837 2592 7840 7837 2595 2592 7836 2589 7837 7836 2592 7836 7831 2589 2589 7831 2585 7831 7833 2585 2585 7833 2582 7833 7830 2582 2582 7830 2578 7830 7832 2578 2578 7832 2577 7832 7839 2577 2577 7839 2573 2573 7824 2567 7839 7824 2573 2567 7823 2565 7824 7823 2567 2565 7822 2562 7823 7822 2565 2562 7819 2557 7822 7819 2562 2557 7821 2560 7819 7821 2557 2560 7820 2564 7821 7820 2560 2564 7828 2569 7820 7828 2564 2569 7825 2571 7828 7825 2569 2571 7827 2575 7825 7827 2571 2580 7826 2584 2575 7826 2580 7827 7826 2575 7826 7829 2584 2587 7835 2590 2584 7835 2587 7829 7835 2584 7835 7834 2590 2593 7848 2596 2590 7848 2593 7834 7848 2590 7848 7841 2596 2599 7843 2601 2596 7843 2599 7841 7843 2596 7843 7842 2601 2604 7847 2607 2601 7847 2604 7842 7847 2601 7847 7846 2607 2607 7850 2610 7846 7850 2607 7785 7883 2738 2738 7883 2737 2737 7881 2735 7883 7881 2737 2735 7882 2731 7881 7882 2735 2731 7880 2723 7882 7880 2731 2723 7879 2722 7880 7879 2723 2722 7877 2718 7879 7877 2722 2718 7876 2716 7877 7876 2718 7876 7878 2716 2716 7878 2708 7878 7875 2708 2708 7875 2707 7875 7874 2707 2707 7874 2705 7874 7873 2705 2705 7873 2700 7873 7872 2700 2700 7872 2696 2696 7871 2691 7872 7871 2696 2691 7870 2683 7871 7870 2691 2683 7869 2682 7870 7869 2683 2682 7868 2680 7869 7868 2682 2680 7867 2685 7868 7867 2680 2685 7866 2687 7867 7866 2685 2687 7865 2688 7866 7865 2687 2688 7864 2694 7865 7864 2688 2694 7863 2698 7864 7863 2694 2702 7862 2703 2698 7862 2702 7863 7862 2698 7862 7861 2703 2711 7860 2714 2703 7860 2711 7861 7860 2703 7860 7859 2714 2720 7858 2725 2714 7858 2720 7859 7858 2714 7858 7857 2725 2727 7856 2728 2725 7856 2727 7857 7856 2725 7856 7855 2728 2629 7854 2626 2728 7854 2629 7855 7854 2728 7854 7853 2626 2626 7852 2617 7853 7852 2626 7884 7885 2815 2815 7885 2813 2813 7886 2810 7885 7886 2813 2810 7887 2808 7886 7887 2810 2808 7888 2807 7887 7888 2808 2807 7889 2805 7888 7889 2807 2805 7890 2803 7889 7890 2805 2803 7891 2801 7890 7891 2803 7891 7892 2801 2801 7892 2799 7892 7893 2799 2799 7893 2798 7893 7894 2798 2798 7894 2795 7894 7895 2795 2795 7895 2792 7895 7896 2792 2792 7896 2793 2793 7897 2794 7896 7897 2793 2794 7898 2796 7897 7898 2794 2796 7899 2797 7898 7899 2796 2797 7900 2800 7899 7900 2797 2800 7901 2802 7900 7901 2800 2802 7902 2804 7901 7902 2802 2804 7903 2806 7902 7903 2804 2806 7904 2809 7903 7904 2806 2809 7905 2811 7904 7905 2809 2812 7906 2814 2811 7906 2812 7905 7906 2811 7906 7907 2814 2816 7908 2817 2814 7908 2816 7907 7908 2814 7908 7909 2817 2818 7910 2845 2817 7910 2818 7909 7910 2817 7910 7911 2845 2844 7912 2843 2845 7912 2844 7911 7912 2845 7912 7913 2843 2842 7914 2840 2843 7914 2842 7913 7914 2843 7914 7915 2840 2840 7916 2841 7915 7916 2840 7917 7884 2819 2819 7884 2815 7918 7919 2846 2846 7919 2847 2847 7920 2733 7919 7920 2847 2733 7921 2732 7920 7921 2733 2732 7922 2726 7921 7922 2732 2726 7923 2724 7922 7923 2726 2724 7924 2719 7923 7924 2724 2719 7925 2713 7924 7925 2719 7925 7926 2713 2713 7926 2710 7926 7927 2710 2710 7927 2709 7927 7928 2709 2709 7928 2701 7928 7929 2701 2701 7929 2697 7929 7930 2697 2697 7930 2693 2693 7931 2692 7930 7931 2693 2692 7932 2686 7931 7932 2692 2686 7933 2684 7932 7933 2686 2684 7934 2681 7933 7934 2684 2681 7935 2679 7934 7935 2681 2679 7936 2689 7935 7936 2679 2689 7937 2690 7936 7937 2689 2690 7938 2695 7937 7938 2690 2695 7939 2699 7938 7939 2695 2704 7940 2706 2699 7940 2704 7939 7940 2699 7940 7941 2706 2712 7942 2715 2706 7942 2712 7941 7942 2706 7942 7943 2715 2717 7944 2721 2715 7944 2717 7943 7944 2715 7944 7945 2721 2729 7946 2730 2721 7946 2729 7945 7946 2721 7946 7947 2730 2734 7948 2736 2730 7948 2734 7947 7948 2730 7948 7949 2736 2736 7950 2739 7949 7950 2736 2841 7918 2846 7916 7918 2841 7951 7952 2740 2740 7952 2742 2742 7953 2744 7952 7953 2742 2744 7954 2747 7953 7954 2744 2747 7955 2748 7954 7955 2747 2748 7956 2750 7955 7956 2748 2750 7957 2753 7956 7957 2750 2753 7958 2755 7957 7958 2753 7958 7959 2755 2755 7959 2756 7959 7960 2756 2756 7960 2758 7960 7961 2758 2758 7961 2761 7961 7962 2761 2761 7962 2762 7962 7963 2762 2762 7963 2764 2764 7964 2767 7963 7964 2764 2767 7965 2768 7964 7965 2767 2768 7966 2770 7965 7966 2768 2770 7967 2772 7966 7967 2770 2772 7968 2775 7967 7968 2772 2775 7969 2776 7968 7969 2775 2776 7970 2778 7969 7970 2776 2778 7971 2780 7970 7971 2778 2780 7972 2782 7971 7972 2780 2784 7973 2786 2782 7973 2784 7972 7973 2782 7973 7974 2786 2789 7975 2790 2786 7975 2789 7974 7975 2786 7975 7976 2790 2868 7977 2867 2790 7977 2868 7976 7977 2790 7977 7978 2867 2866 7979 2865 2867 7979 2866 7978 7979 2867 7979 7980 2865 2864 7981 2863 2865 7981 2864 7980 7981 2865 7981 7982 2863 2863 7983 2862 7982 7983 2863 2739 7951 2740 7950 7951 2739 7984 7985 2861 2861 7985 2860 2860 7986 2859 7985 7986 2860 2859 7987 2858 7986 7987 2859 2858 7988 2857 7987 7988 2858 2857 7989 2856 7988 7989 2857 2856 7990 2854 7989 7990 2856 2854 7991 2853 7990 7991 2854 7991 7992 2853 2853 7992 2852 7992 7993 2852 2852 7993 2851 7993 7994 2851 2851 7994 2850 7994 7995 2850 2850 7995 2849 7995 7996 2849 2849 7996 2848 2848 7997 2838 7996 7997 2848 2838 7998 2837 7997 7998 2838 2837 7999 2836 7998 7999 2837 2836 8000 2835 7999 8000 2836 2835 8001 2834 8000 8001 2835 2834 8002 2833 8001 8002 2834 2833 8003 2832 8002 8003 2833 2832 8004 2831 8003 8004 2832 2831 8005 2830 8004 8005 2831 2829 8006 2828 2830 8006 2829 8005 8006 2830 8006 8007 2828 2827 8008 2826 2828 8008 2827 8007 8008 2828 8008 8009 2826 2825 8010 2824 2826 8010 2825 8009 8010 2826 8010 8011 2824 2823 8012 2822 2824 8012 2823 8011 8012 2824 8012 8013 2822 2821 8014 2820 2822 8014 2821 8013 8014 2822 2820 8015 2819 8014 8015 2820 8015 7917 2819 2862 7984 2861 7983 7984 2862 7934 7936 7935 7936 7938 7937 7934 7938 7936 7933 7929 7934 7932 7929 7933 7931 7929 7932 7930 7929 7931 7928 7927 7929 7926 7925 7927 7925 7924 7927 7942 7944 7943 7941 7944 7942 7940 7945 7941 7939 7945 7940 7938 7945 7939 7941 7945 7944 7923 7922 7924 7921 7920 7922 7922 7920 7924 7947 7949 7948 7946 7949 7947 7945 7949 7946 7938 7950 7945 7945 7950 7949 7919 7918 7920 7934 7918 7938 7929 7918 7934 7927 7918 7929 7924 7918 7927 7920 7918 7924 7938 7918 7950 7915 7912 7916 7914 7912 7915 7913 7912 7914 7911 7910 7912 7955 7957 7956 7954 7957 7955 7953 7957 7954 7953 7958 7957 7952 7958 7953 7909 7908 7910 7910 7908 7912 7958 7960 7959 7907 7906 7908 7908 7906 7912 7958 7961 7960 7952 7962 7958 7958 7962 7961 7952 7963 7962 7905 7903 7906 7904 7903 7905 7906 7903 7912 7952 7964 7963 7951 7964 7952 7912 7902 7916 7903 7902 7912 7902 7901 7916 7964 7966 7965 7901 7900 7916 7964 7967 7966 7900 7899 7916 7967 7969 7968 7967 7970 7969 7951 7971 7964 7964 7971 7967 7967 7971 7970 7897 7894 7898 7896 7894 7897 7895 7894 7896 7971 7973 7972 7894 7893 7898 7971 7974 7973 7898 7892 7899 7893 7892 7898 7971 7975 7974 7891 7890 7892 7975 7977 7976 7890 7889 7892 7892 7889 7899 7978 7980 7979 7977 7980 7978 7977 7981 7980 7971 7981 7975 7975 7981 7977 7887 7885 7888 7886 7885 7887 7971 7982 7981 7951 7982 7971 7918 7983 7950 7951 7983 7982 7950 7983 7951 7916 7884 7918 7889 7884 7899 7885 7884 7888 7888 7884 7889 7899 7884 7916 7918 7917 7983 7884 7917 7918 7983 7917 7984 7917 8015 7984 8015 7985 7984 8014 8013 8015 7985 7987 7986 8013 8012 8015 8012 8011 8015 8011 8010 8015 7988 7990 7989 7987 7990 7988 8015 8009 7985 7985 8009 7987 7987 8009 7990 8010 8009 8015 8008 8007 8009 7991 7993 7992 7990 7993 7991 8009 7995 7990 7990 7995 7993 8007 7995 8009 8006 7995 8007 8005 7995 8006 7993 7995 7994 8004 8003 8005 7996 7998 7997 8002 8001 8003 8003 8001 8005 8005 8000 7995 8001 8000 8005 7998 8000 7999 7995 8000 7996 7996 8000 7998 7818 7752 2872 2872 7752 2871 7852 7849 2617 2617 7849 2609 8016 8017 425 425 8017 423 423 8018 421 8017 8018 423 421 8019 417 8018 8019 421 417 8020 413 8019 8020 417 413 8021 412 8020 8021 413 412 8022 408 8021 8022 412 408 8023 404 8022 8023 408 8023 8024 404 404 8024 400 8024 8025 400 400 8025 396 8025 8026 396 396 8026 392 8026 8027 392 392 8027 388 8027 8028 388 388 8028 384 384 8029 383 8028 8029 384 383 8030 380 8029 8030 383 380 8031 381 8030 8031 380 381 8032 386 8031 8032 381 386 8033 390 8032 8033 386 390 8034 394 8033 8034 390 394 8035 398 8034 8035 394 398 8036 402 8035 8036 398 402 8037 406 8036 8037 402 410 8038 415 406 8038 410 8037 8038 406 8038 8039 415 419 8040 475 415 8040 419 8039 8040 415 8040 8041 475 473 8042 471 475 8042 473 8041 8042 475 8042 8043 471 470 8044 468 471 8044 470 8043 8044 471 8044 8045 468 466 8046 463 468 8046 466 8045 8046 468 8046 8047 463 463 8048 464 8047 8048 463 8049 8016 430 430 8016 425 8050 8051 348 348 8051 346 346 8052 344 8051 8052 346 344 8053 342 8052 8053 344 342 8054 340 8053 8054 342 340 8055 338 8054 8055 340 338 8056 336 8055 8056 338 336 8057 334 8056 8057 336 8057 8058 334 334 8058 332 8058 8059 332 332 8059 331 8059 8060 331 331 8060 328 8060 8061 328 328 8061 326 8061 8062 326 326 8062 324 324 8063 322 8062 8063 324 322 8064 320 8063 8064 322 320 8065 319 8064 8065 320 319 8066 317 8065 8066 319 317 8067 318 8066 8067 317 318 8068 321 8067 8068 318 321 8069 323 8068 8069 321 323 8070 325 8069 8070 323 325 8071 327 8070 8071 325 329 8072 330 327 8072 329 8071 8072 327 8072 8073 330 333 8074 335 330 8074 333 8073 8074 330 8074 8075 335 337 8076 339 335 8076 337 8075 8076 335 8076 8077 339 341 8078 343 339 8078 341 8077 8078 339 8078 8079 343 345 8080 347 343 8080 345 8079 8080 343 8080 8081 347 347 8082 349 8081 8082 347 8048 348 464 8048 8050 348 8083 8084 350 350 8084 351 351 8085 352 8084 8085 351 352 8086 353 8085 8086 352 353 8087 354 8086 8087 353 354 8088 355 8087 8088 354 355 8089 356 8088 8089 355 356 8090 357 8089 8090 356 8090 8091 357 357 8091 358 8091 8092 358 358 8092 359 8092 8093 359 359 8093 360 8093 8094 360 360 8094 361 8094 8095 361 361 8095 362 362 8096 363 8095 8096 362 363 8097 364 8096 8097 363 364 8098 365 8097 8098 364 365 8099 366 8098 8099 365 366 8100 367 8099 8100 366 367 8101 368 8100 8101 367 368 8102 369 8101 8102 368 369 8103 370 8102 8103 369 370 8104 371 8103 8104 370 372 8105 373 371 8105 372 8104 8105 371 8105 8106 373 374 8107 375 373 8107 374 8106 8107 373 8107 8108 375 376 8109 377 375 8109 376 8108 8109 375 8109 8110 377 378 8111 572 377 8111 378 8110 8111 377 8111 8112 572 571 8113 570 572 8113 571 8112 8113 572 8113 8114 570 570 8115 569 8114 8115 570 349 8083 350 8082 8083 349 8116 8117 573 573 8117 574 574 8118 575 8117 8118 574 575 8119 576 8118 8119 575 576 8120 536 8119 8120 576 536 8121 535 8120 8121 536 535 8122 534 8121 8122 535 534 8123 533 8122 8123 534 8123 8124 533 533 8124 519 8124 8125 519 519 8125 516 8125 8126 516 516 8126 513 8126 8127 513 513 8127 510 8127 8128 510 510 8128 507 507 8129 504 8128 8129 507 504 8130 501 8129 8130 504 501 8131 498 8130 8131 501 498 8132 495 8131 8132 498 495 8133 461 8132 8133 495 461 8134 459 8133 8134 461 459 8135 458 8134 8135 459 458 8136 456 8135 8136 458 456 8137 454 8136 8137 456 452 8138 450 454 8138 452 8137 8138 454 8138 8139 450 448 8140 446 450 8140 448 8139 8140 450 8140 8141 446 444 8142 443 446 8142 444 8141 8142 446 8142 8143 443 441 8144 439 443 8144 441 8143 8144 443 8144 8145 439 437 8146 435 439 8146 437 8145 8146 439 8146 8147 435 435 8049 430 8147 8049 435 8115 573 569 8115 8116 573 8131 8133 8132 8131 8130 8133 8133 8135 8134 8129 8128 8130 8130 8127 8133 8128 8127 8130 8133 8127 8135 8136 8138 8137 8135 8138 8136 8126 8125 8127 8135 8141 8138 8139 8141 8140 8138 8141 8139 8125 8122 8127 8124 8122 8125 8123 8122 8124 8141 8143 8142 8121 8120 8122 8143 8145 8144 8141 8145 8143 8119 8118 8120 8127 8116 8135 8122 8116 8127 8135 8116 8141 8120 8116 8122 8141 8116 8145 8118 8116 8120 8117 8116 8118 8146 8049 8147 8145 8049 8146 8116 8049 8145 8017 8019 8018 8016 8019 8017 8016 8020 8019 8016 8021 8020 8016 8022 8021 8016 8024 8022 8022 8024 8023 8025 8027 8026 8025 8028 8027 8024 8028 8025 8028 8030 8029 8024 8030 8028 8030 8032 8031 8024 8032 8030 8035 8037 8036 8034 8037 8035 8033 8037 8034 8032 8037 8033 8037 8039 8038 8032 8040 8037 8037 8040 8039 8032 8041 8040 8042 8044 8043 8041 8044 8042 8032 8045 8041 8041 8045 8044 8046 8048 8047 8045 8048 8046 8016 8048 8024 8024 8048 8032 8032 8048 8045 8116 8048 8049 8049 8048 8016 8113 8112 8114 8111 8110 8112 8112 8110 8114 8109 8108 8110 8110 8108 8114 8114 8106 8115 8107 8106 8108 8108 8106 8114 8106 8105 8115 8104 8102 8105 8103 8102 8104 8101 8100 8102 8102 8100 8105 8105 8099 8115 8100 8099 8105 8099 8098 8115 8097 8096 8098 8096 8095 8098 8095 8092 8098 8094 8092 8095 8093 8092 8094 8098 8090 8115 8092 8090 8098 8091 8090 8092 8090 8089 8115 8089 8087 8115 8088 8087 8089 8087 8086 8115 8086 8083 8115 8085 8083 8086 8084 8083 8085 8083 8082 8115 8082 8050 8115 8116 8050 8048 8115 8050 8116 8081 8080 8082 8080 8079 8082 8051 8053 8052 8079 8078 8082 8051 8054 8053 8078 8077 8082 8050 8055 8051 8051 8055 8054 8076 8075 8077 8077 8075 8082 8075 8074 8082 8056 8058 8057 8055 8058 8056 8082 8058 8050 8050 8058 8055 8058 8060 8059 8073 8072 8074 8058 8061 8060 8071 8070 8072 8070 8069 8072 8062 8064 8063 8068 8067 8069 8061 8065 8062 8058 8065 8061 8062 8065 8064 8082 8066 8058 8074 8066 8082 8072 8066 8074 8058 8066 8065 8069 8066 8072 8067 8066 8069 8148 8149 6590 6590 8149 6592 6592 8150 6594 8149 8150 6592 6594 8151 6596 8150 8151 6594 6596 8152 6598 6598 8152 6600 8151 8152 6596 8152 8153 6600 6600 8154 6602 6602 8154 6604 8153 8154 6600 8154 8155 6604 6604 8156 6607 8155 8156 6604 6607 8157 6610 8156 8157 6607 6610 8158 6613 8157 8158 6610 8158 8159 6613 6613 8159 6699 6699 8159 6700 8159 8160 6700 6700 8160 6703 8160 8161 6703 8161 8162 6703 6703 8162 6704 8162 8163 6704 6704 8163 6707 8163 8164 6707 6707 8164 6708 6708 8164 6709 8164 8165 6709 6709 8165 6712 8165 8166 6712 8166 8167 6712 6712 8167 6713 8167 8168 6713 6713 8168 6714 6714 8168 6720 8168 8169 6720 8169 8170 6720 6720 8170 6721 6721 8171 6724 8170 8171 6721 6724 8172 6725 8171 8172 6724 6725 8173 6726 6726 8173 6729 8172 8173 6725 6729 8174 6730 8173 8174 6729 8174 8175 6730 6730 8176 6731 8175 8176 6730 6731 8177 6736 8176 8177 6731 6736 8178 6737 6737 8178 6738 8177 8178 6736 8178 8179 6738 6738 8180 6739 6739 8180 6742 8179 8180 6738 8180 8181 6742 6742 8182 6743 8181 8182 6742 6743 8183 6744 6744 8183 6747 8182 8183 6743 8183 8184 6747 8184 8185 6747 6747 8185 6748 8185 8186 6748 6748 8186 6749 8186 8187 6749 6749 8187 6752 8187 8188 6752 6752 8188 6753 8188 8189 6753 6753 8189 6754 6754 8189 6757 8189 8190 6757 8190 8191 6757 6757 8191 6758 8191 8192 6758 6758 8192 6761 8192 8193 6761 6761 8193 6762 8193 8194 6762 6762 8194 6763 6763 8194 6766 8194 8195 6766 8195 8196 6766 6766 8196 6767 8196 8197 6767 6767 8197 6768 8197 8198 6768 6768 8198 6771 8198 8199 6771 6771 8199 6772 8199 8200 6772 6772 8200 6775 8200 8201 6775 6775 8201 6776 6776 8201 6820 8201 8202 6820 8202 8203 6820 6820 8203 6816 6816 8203 6732 8203 8204 6732 8204 8205 6732 6732 8205 6733 6733 8206 6715 8205 8206 6733 6715 8207 6716 8206 8207 6715 6716 8208 6717 6717 8208 6694 8207 8208 6716 8208 8209 6694 8209 8210 6694 6694 8210 6695 8210 8211 6695 6695 8211 6696 8211 8212 6696 6696 8212 6697 8212 8213 6697 6697 8213 6633 8213 8214 6633 6633 8214 6630 8214 8215 6630 6630 8215 6631 8215 8216 6631 6631 8216 6632 8216 8217 6632 6632 8217 6629 8217 8218 6629 6629 8218 6628 6628 8218 6627 8218 8219 6627 8219 8220 6627 6627 8220 6626 8220 8221 6626 6626 8221 6625 6625 8222 6624 8221 8222 6625 6624 8223 6623 8222 8223 6624 6623 8224 6622 8223 8224 6623 6622 8225 6621 8224 8225 6622 6621 8226 6620 8225 8226 6621 6620 8227 6619 8226 8227 6620 6619 8228 6618 8227 8228 6619 6618 8229 6617 8228 8229 6618 6617 8230 6616 8229 8230 6617 6616 8231 6615 8230 8231 6616 6615 8232 6614 8231 8232 6615 6614 8233 6612 8232 8233 6614 6612 8234 6609 8233 8234 6612 6609 8235 6606 8234 8235 6609 8235 8236 6606 6606 8236 6603 8236 8237 6603 6603 8237 6601 8237 8238 6601 6601 8238 6599 8238 8239 6599 6599 8239 6597 6597 8240 6595 8239 8240 6597 6595 8241 6593 8240 8241 6595 6593 8242 6591 8241 8242 6593 6591 8243 6589 8242 8243 6591 6589 8244 6587 8243 8244 6589 6587 8245 6585 8244 8245 6587 6585 8246 6583 8245 8246 6585 6583 8247 6581 8246 8247 6583 6581 8248 6579 8247 8248 6581 6579 8249 6577 8248 8249 6579 6577 8250 6575 8249 8250 6577 6575 8251 6573 8250 8251 6575 6573 8252 6571 8251 8252 6573 6571 8253 6569 8252 8253 6571 6569 8254 6567 6567 8254 6565 8253 8254 6569 8254 8255 6565 6565 8255 6563 8255 8256 6563 6563 8257 6561 8256 8257 6563 6561 8258 6560 6560 8258 6559 8257 8258 6561 8258 8259 6559 8259 8260 6559 6559 8260 6562 8260 8261 6562 6562 8261 6564 8261 8262 6564 6564 8262 6566 6566 8262 6568 8262 8263 6568 6568 8263 6570 8263 8264 6570 8264 8265 6570 6570 8265 6572 6572 8265 6574 8265 8266 6574 8266 8267 6574 6574 8267 6576 8267 8268 6576 6576 8268 6578 6578 8268 6580 8268 8269 6580 8269 8270 6580 6580 8270 6582 6582 8270 6584 8270 8271 6584 8271 8272 6584 6584 8272 6586 8272 8273 6586 6586 8273 6588 8273 8148 6588 6588 8148 6590 8262 8261 8260 8253 8255 8254 8253 8256 8255 8267 8266 8265 8268 8265 8264 8268 8267 8265 8248 8250 8249 8248 8251 8250 8248 8252 8251 8248 8253 8252 8248 8257 8256 8248 8258 8257 8248 8259 8258 8248 8260 8259 8248 8256 8253 8270 8263 8262 8270 8264 8263 8270 8269 8268 8270 8262 8260 8270 8268 8264 8273 8271 8270 8273 8272 8271 8243 8245 8244 8243 8246 8245 8243 8247 8246 8150 8149 8148 8239 8241 8240 8239 8242 8241 8239 8243 8242 8152 8151 8150 8154 8152 8150 8154 8153 8152 8154 8148 8273 8154 8150 8148 8236 8238 8237 8235 8238 8236 8235 8239 8238 8156 8155 8154 8157 8156 8154 8158 8157 8154 8232 8239 8235 8232 8234 8233 8232 8235 8234 8162 8160 8159 8162 8161 8160 8163 8159 8158 8163 8158 8154 8163 8162 8159 8227 8243 8239 8227 8239 8232 8227 8229 8228 8227 8230 8229 8227 8231 8230 8227 8232 8231 8227 8247 8243 8227 8248 8247 8166 8165 8164 8224 8226 8225 8224 8227 8226 8222 8248 8227 8222 8227 8224 8222 8224 8223 8169 8167 8166 8169 8168 8167 8170 8164 8163 8170 8166 8164 8170 8169 8166 8219 8221 8220 8219 8222 8221 8172 8171 8170 8172 8170 8163 8218 8222 8219 8174 8173 8172 8216 8218 8217 8216 8222 8218 8175 8174 8172 8175 8172 8163 8177 8154 8273 8177 8176 8175 8177 8163 8154 8177 8273 8270 8177 8175 8163 8213 8215 8214 8213 8216 8215 8212 8216 8213 8180 8178 8177 8180 8179 8178 8209 8211 8210 8209 8212 8211 8207 8212 8209 8207 8209 8208 8184 8182 8181 8184 8183 8182 8206 8216 8212 8206 8212 8207 8206 8222 8216 8185 8184 8181 8204 8206 8205 8203 8206 8204 8203 8222 8206 8188 8186 8185 8188 8187 8186 8189 8188 8185 8201 8203 8202 8200 8203 8201 8191 8190 8189 8192 8180 8177 8192 8181 8180 8192 8185 8181 8192 8191 8189 8192 8189 8185 8197 8203 8200 8197 8199 8198 8197 8200 8199 8196 8203 8197 8195 8192 8177 8195 8260 8248 8195 8222 8203 8195 8193 8192 8195 8194 8193 8195 8270 8260 8195 8203 8196 8195 8248 8222 8195 8177 8270 2149 2151 2150 2149 2152 2151 2149 2153 2152 2144 2146 2145 2144 2147 2146 2143 2148 2147 2143 2147 2144 2162 2156 2155 2162 2157 2156 2162 2158 2157 2162 2159 2158 2162 2160 2159 2162 2161 2160 2141 2143 2142 2164 2163 2162 2165 2164 2162 2138 2140 2139 2167 2166 2165 2136 2140 2138 2136 2138 2137 2136 2141 2140 2045 2044 2043 2133 2135 2134 2133 2136 2135 2132 2136 2133 2132 2141 2136 2048 2047 2046 2130 2132 2131 2049 2048 2046 2128 2130 2129 2128 2132 2130 2051 2050 2049 2127 2132 2128 2125 2132 2127 2125 2127 2126 2054 2043 2042 2054 2046 2045 2054 2052 2051 2054 2053 2052 2054 2049 2046 2054 2051 2049 2054 2042 2167 2054 2045 2043 2122 2124 2123 2058 2055 2054 2058 2054 2167 2058 2056 2055 2058 2057 2056 2120 2124 2122 2120 2122 2121 2120 2125 2124 2059 2058 2167 2059 2167 2165 2059 2165 2162 2119 2125 2120 2061 2060 2059 2116 2125 2119 2116 2118 2117 2116 2119 2118 2116 2132 2125 2114 2116 2115 2065 2063 2062 2065 2064 2063 2066 2065 2062 2111 2116 2114 2111 2113 2112 2111 2114 2113 2069 2067 2066 2069 2068 2067 2109 2111 2110 2070 2062 2061 2070 2061 2059 2070 2069 2066 2070 2066 2062 2108 2111 2109 2108 2149 2148 2108 2141 2132 2108 2154 2153 2108 2155 2154 2108 2153 2149 2108 2132 2116 2108 2148 2143 2108 2143 2141 2108 2116 2111 2106 2108 2107 2073 2072 2071 2075 2074 2073 2075 2073 2071 2102 2104 2103 2078 2076 2075 2078 2077 2076 2099 2104 2102 2099 2101 2100 2099 2102 2101 2099 2105 2104 2099 2106 2105 2080 2079 2078 2081 2078 2075 2081 2075 2071 2081 2080 2078 2097 2106 2099 2097 2099 2098 2096 2106 2097 2083 2081 2071 2083 2071 2070 2083 2082 2081 2085 2084 2083 2093 2095 2094 2093 2096 2095 2092 2108 2106 2092 2106 2096 2092 2096 2093 2087 2083 2070 2087 2086 2085 2087 2162 2155 2087 2085 2083 2087 2059 2162 2087 2070 2059 2087 2155 2108 2091 2108 2092 2089 2088 2087 2089 2091 2090 2089 2087 2108 2089 2108 2091 1834 1836 1835 1834 1837 1836 1834 1838 1837 1829 1831 1830 1829 1832 1831 1828 1833 1832 1828 1832 1829 1847 1841 1840 1847 1842 1841 1847 1843 1842 1847 1844 1843 1847 1845 1844 1847 1846 1845 1826 1828 1827 1849 1848 1847 1850 1849 1847 1823 1825 1824 1852 1851 1850 1821 1825 1823 1821 1823 1822 1821 1826 1825 1730 1729 1728 1818 1820 1819 1818 1821 1820 1817 1821 1818 1817 1826 1821 1733 1732 1731 1815 1817 1816 1734 1733 1731 1813 1815 1814 1813 1817 1815 1736 1735 1734 1812 1817 1813 1810 1817 1812 1810 1812 1811 1739 1728 1727 1739 1731 1730 1739 1737 1736 1739 1738 1737 1739 1734 1731 1739 1736 1734 1739 1727 1852 1739 1730 1728 1807 1809 1808 1743 1740 1739 1743 1739 1852 1743 1741 1740 1743 1742 1741 1805 1809 1807 1805 1807 1806 1805 1810 1809 1744 1743 1852 1744 1852 1850 1744 1850 1847 1804 1810 1805 1746 1745 1744 1801 1810 1804 1801 1803 1802 1801 1804 1803 1801 1817 1810 1799 1801 1800 1750 1748 1747 1750 1749 1748 1751 1750 1747 1796 1801 1799 1796 1798 1797 1796 1799 1798 1754 1752 1751 1754 1753 1752 1794 1796 1795 1755 1747 1746 1755 1746 1744 1755 1754 1751 1755 1751 1747 1793 1796 1794 1793 1834 1833 1793 1826 1817 1793 1839 1838 1793 1840 1839 1793 1838 1834 1793 1817 1801 1793 1833 1828 1793 1828 1826 1793 1801 1796 1791 1793 1792 1758 1757 1756 1760 1759 1758 1760 1758 1756 1787 1789 1788 1763 1761 1760 1763 1762 1761 1784 1789 1787 1784 1786 1785 1784 1787 1786 1784 1790 1789 1784 1791 1790 1765 1764 1763 1766 1763 1760 1766 1760 1756 1766 1765 1763 1782 1791 1784 1782 1784 1783 1781 1791 1782 1768 1766 1756 1768 1756 1755 1768 1767 1766 1770 1769 1768 1778 1780 1779 1778 1781 1780 1777 1793 1791 1777 1791 1781 1777 1781 1778 1772 1768 1755 1772 1771 1770 1772 1847 1840 1772 1770 1768 1772 1744 1847 1772 1755 1744 1772 1840 1793 1776 1793 1777 1774 1773 1772 1774 1776 1775 1774 1772 1793 1774 1793 1776 2991 2988 2987 2991 2989 2988 2991 2990 2989 2993 2986 2985 2993 2987 2986 2993 2992 2991 2993 2991 2987 2981 2983 2982 2980 2984 2983 2980 2985 2984 2980 2983 2981 2997 2996 2995 2976 2978 2977 2976 2979 2978 3000 2994 2993 3000 2995 2994 3000 2998 2997 3000 2999 2998 3000 2997 2995 2973 2975 2974 2973 2976 2975 3002 3001 3000 2879 2878 2877 2879 2877 3002 2968 2980 2979 2968 2979 2976 2968 2976 2973 2968 2970 2969 2968 2971 2970 2968 2972 2971 2968 2973 2972 2966 2968 2967 2965 2968 2966 2964 2968 2965 2886 2884 2883 2886 2885 2884 2961 2963 2962 2961 2964 2963 2960 2964 2961 2889 2887 2886 2889 2888 2887 2889 2886 2883 2891 2882 2881 2891 2883 2882 2891 2890 2889 2891 2889 2883 2957 2959 2958 2957 2960 2959 2956 2964 2960 2956 2960 2957 2955 2964 2956 2953 2955 2954 2896 2894 2893 2896 2895 2894 2951 2964 2955 2951 2993 2985 2951 2985 2980 2951 2955 2953 2951 2953 2952 2951 2968 2964 2951 2980 2968 2948 2950 2949 2948 2951 2950 2902 2901 2900 2904 2903 2902 2905 2900 2899 2905 2902 2900 2905 2904 2902 2943 2880 2879 2943 2881 2880 2943 3002 3000 2943 2993 2951 2943 2945 2944 2943 2946 2945 2943 2947 2946 2943 2948 2947 2943 3000 2993 2943 2951 2948 2943 2879 3002 2908 2898 2897 2908 2899 2898 2908 2906 2905 2908 2907 2906 2908 2905 2899 2940 2942 2941 2940 2943 2942 2939 2943 2940 2910 2892 2891 2910 2893 2892 2910 2897 2896 2910 2909 2908 2910 2891 2881 2910 2896 2893 2910 2908 2897 2936 2938 2937 2936 2939 2938 2913 2912 2911 2935 2943 2939 2935 2939 2936 2914 2911 2910 2914 2913 2911 2933 2935 2934 2916 2915 2914 2931 2935 2933 2931 2933 2932 2930 2935 2931 2929 2935 2930 2920 2917 2916 2920 2918 2917 2920 2916 2914 2920 2919 2918 2921 2914 2910 2921 2920 2914 2922 2921 2910 2925 2927 2926 2925 2928 2927 2924 2910 2881 2924 2943 2935 2924 2935 2929 2924 2923 2922 2924 2929 2928 2924 2922 2910 2924 2928 2925 2924 2881 2943 3306 3303 3302 3306 3304 3303 3306 3305 3304 3308 3301 3300 3308 3302 3301 3308 3307 3306 3308 3306 3302 3296 3298 3297 3295 3299 3298 3295 3300 3299 3295 3298 3296 3312 3311 3310 3291 3293 3292 3291 3294 3293 3315 3309 3308 3315 3310 3309 3315 3313 3312 3315 3314 3313 3315 3312 3310 3288 3290 3289 3288 3291 3290 3317 3316 3315 3194 3193 3192 3194 3192 3317 3283 3295 3294 3283 3294 3291 3283 3291 3288 3283 3285 3284 3283 3286 3285 3283 3287 3286 3283 3288 3287 3281 3283 3282 3280 3283 3281 3279 3283 3280 3201 3199 3198 3201 3200 3199 3276 3278 3277 3276 3279 3278 3275 3279 3276 3204 3202 3201 3204 3203 3202 3204 3201 3198 3206 3197 3196 3206 3198 3197 3206 3205 3204 3206 3204 3198 3272 3274 3273 3272 3275 3274 3271 3279 3275 3271 3275 3272 3270 3279 3271 3268 3270 3269 3211 3209 3208 3211 3210 3209 3266 3279 3270 3266 3308 3300 3266 3300 3295 3266 3270 3268 3266 3268 3267 3266 3283 3279 3266 3295 3283 3263 3265 3264 3263 3266 3265 3217 3216 3215 3219 3218 3217 3220 3215 3214 3220 3217 3215 3220 3219 3217 3258 3195 3194 3258 3196 3195 3258 3317 3315 3258 3308 3266 3258 3260 3259 3258 3261 3260 3258 3262 3261 3258 3263 3262 3258 3315 3308 3258 3266 3263 3258 3194 3317 3223 3213 3212 3223 3214 3213 3223 3221 3220 3223 3222 3221 3223 3220 3214 3255 3257 3256 3255 3258 3257 3254 3258 3255 3225 3207 3206 3225 3208 3207 3225 3212 3211 3225 3224 3223 3225 3206 3196 3225 3211 3208 3225 3223 3212 3251 3253 3252 3251 3254 3253 3228 3227 3226 3250 3258 3254 3250 3254 3251 3229 3226 3225 3229 3228 3226 3248 3250 3249 3231 3230 3229 3246 3250 3248 3246 3248 3247 3245 3250 3246 3244 3250 3245 3235 3232 3231 3235 3233 3232 3235 3231 3229 3235 3234 3233 3236 3229 3225 3236 3235 3229 3237 3236 3225 3240 3242 3241 3240 3243 3242 3239 3225 3196 3239 3258 3250 3239 3250 3244 3239 3238 3237 3239 3244 3243 3239 3237 3225 3239 3243 3240 3239 3196 3258 8274 8275 5719 5719 8275 5723 5723 8276 5724 8275 8276 5723 5724 8277 5725 8276 8277 5724 5725 8278 5726 8277 8278 5725 5726 8279 5660 8278 8279 5726 5660 8280 5649 8279 8280 5660 5649 8281 5650 8280 8281 5649 5650 8282 5651 8281 8282 5650 5651 8283 5638 8282 8283 5651 5638 8284 5639 8283 8284 5638 8284 8285 5639 5639 8285 5640 8285 8286 5640 5640 8286 5607 8286 8287 5607 5607 8287 5608 5608 8287 5609 8287 8288 5609 8288 8289 5609 5609 8289 5588 8289 8290 5588 5588 8290 5589 8290 8291 5589 5589 8291 5590 8291 8292 5590 5590 8292 5591 5591 8292 5586 8292 8293 5586 8293 8294 5586 5586 8294 5583 5583 8294 5584 8294 8295 5584 8295 8296 5584 5584 8296 5585 5585 8296 5577 8296 8297 5577 5577 8298 5578 5578 8298 5579 8297 8298 5577 8298 8299 5579 5579 8300 5580 5580 8300 5581 8299 8300 5579 8300 8301 5581 5581 8302 5570 5570 8302 5571 8301 8302 5581 8302 8303 5571 5571 8304 5572 8303 8304 5571 5572 8305 5573 8304 8305 5572 5573 8306 5574 5574 8306 5575 8305 8306 5573 8306 8307 5575 5575 8308 5563 5563 8308 5564 8307 8308 5575 8308 8309 5564 8309 8310 5564 5564 8310 5565 8310 8311 5565 5565 8311 5566 5566 8311 5567 8311 8312 5567 8312 8313 5567 5567 8313 5568 5568 8313 5560 8313 8314 5560 5560 8314 5559 8314 8315 5559 8315 8316 5559 5559 8316 5557 8316 8317 5557 5557 8317 5558 8317 8318 5558 5558 8318 5555 8318 8319 5555 5555 8319 5551 8319 8320 5551 5551 8320 5550 8320 8321 5550 5550 8321 5547 8321 8322 5547 5547 8322 5548 8322 8323 5548 5548 8323 5549 8323 8324 5549 5549 8324 5542 8324 8325 5542 5542 8325 5537 8325 8326 5537 5537 8326 5538 8326 8327 5538 5538 8327 5539 5539 8327 5540 8327 8328 5540 8328 8329 5540 5540 8329 5541 8329 8330 5541 5541 8330 5527 8330 8331 5527 5527 8331 5528 5528 8332 5529 8331 8332 5528 5529 8333 5530 8332 8333 5529 5530 8334 5531 8333 8334 5530 5531 8335 5518 8334 8335 5531 8335 8336 5518 5518 8336 5519 8336 8337 5519 5519 8337 5520 8337 8338 5520 5520 8338 5521 8338 8339 5521 5521 8339 5509 8339 8340 5509 5509 8340 5510 8340 8341 5510 5510 8341 5511 8341 8342 5511 5511 8342 5512 8342 8343 5512 5512 8343 5500 8343 8344 5500 5500 8344 5501 8344 8345 5501 5501 8345 5502 8345 8346 5502 5502 8346 5491 8346 8347 5491 5491 8347 5492 5492 8348 5493 8347 8348 5492 5493 8349 5481 8348 8349 5493 5481 8350 5482 8349 8350 5481 5482 8351 5483 8350 8351 5482 5483 8352 5472 8351 8352 5483 5472 8353 5445 8352 8353 5472 5445 8354 5443 8353 8354 5445 5443 8355 5440 8354 8355 5443 5440 8356 5431 8355 8356 5440 5431 8357 5426 8356 8357 5431 5426 8358 5418 8357 8358 5426 5418 8359 5416 8358 8359 5418 5416 8360 5410 8359 8360 5416 5410 8361 5403 8360 8361 5410 8361 8362 5403 5403 8362 5397 8362 8363 5397 5397 8363 5396 5396 8363 5395 8363 8364 5395 8364 8365 5395 5395 8365 5402 5402 8365 5404 8365 8366 5404 5404 8367 5411 8366 8367 5404 5411 8368 5417 8367 8368 5411 5417 8369 5425 8368 8369 5417 5425 8370 5430 8369 8370 5425 5430 8371 5432 8370 8371 5430 5432 8372 5441 8371 8372 5432 5441 8373 5444 8372 8373 5441 5444 8374 5453 8373 8374 5444 5453 8375 5455 5455 8375 5456 8374 8375 5453 8375 8376 5456 5456 8377 5462 8376 8377 5456 5462 8378 6227 8377 8378 5462 6227 8379 6226 6226 8379 5727 8378 8379 6227 8379 8380 5727 5727 8381 5728 5728 8381 5729 8380 8381 5727 8381 8382 5729 5729 8383 5730 5730 8383 5731 8382 8383 5729 8383 8384 5731 5731 8385 5732 8384 8385 5731 8385 8386 5732 5732 8386 5733 8386 8387 5733 5733 8387 5734 5734 8387 5735 8387 8388 5735 8388 8389 5735 5735 8389 5736 8389 8390 5736 5736 8390 5737 8390 8391 5737 5737 8391 5738 5738 8391 5739 8391 8392 5739 8392 8393 5739 5739 8393 5740 8393 8394 5740 5740 8394 5741 5741 8394 5714 8394 8395 5714 8395 8396 5714 5714 8396 5715 8396 8397 5715 5715 8397 5716 5716 8397 5717 8397 8398 5717 5717 8399 5718 5718 8399 5719 8398 8399 5717 8399 8274 5719 8400 8385 8384 8401 8385 8400 8401 8386 8385 8402 8384 8383 8402 8400 8384 8403 8387 8386 8403 8386 8401 8404 8383 8382 8404 8402 8383 8405 8388 8387 8405 8387 8403 8406 8382 8381 8406 8404 8382 8407 8389 8388 8407 8388 8405 8408 8381 8380 8408 8406 8381 8409 8390 8389 8409 8389 8407 8410 8380 8379 8410 8408 8380 8411 8391 8390 8411 8390 8409 8412 8379 8378 8412 8410 8379 8413 8392 8391 8413 8391 8411 8414 8378 8377 8414 8412 8378 8415 8393 8392 8415 8392 8413 8416 8377 8376 8416 8414 8377 8417 8394 8393 8417 8393 8415 8418 8376 8375 8418 8416 8376 8419 8395 8394 8419 8394 8417 8420 8375 8374 8420 8418 8375 8421 8396 8395 8421 8395 8419 8422 8420 8374 8422 8374 8373 8423 8397 8396 8423 8396 8421 8424 8422 8373 8424 8373 8372 8425 8398 8397 8425 8397 8423 8426 8424 8372 8426 8372 8371 8427 8399 8398 8427 8398 8425 8428 8426 8371 8428 8371 8370 8429 8274 8399 8429 8399 8427 8430 8370 8369 8430 8428 8370 8431 8275 8274 8431 8274 8429 8432 8430 8369 8432 8369 8368 8433 8276 8275 8433 8275 8431 8434 8432 8368 8434 8368 8367 8435 8277 8276 8435 8276 8433 8436 8434 8367 8436 8367 8366 8437 8278 8277 8437 8277 8435 8438 8436 8366 8438 8366 8365 8439 8279 8278 8439 8278 8437 8440 8438 8365 8440 8365 8364 8441 8280 8279 8441 8279 8439 8442 8440 8364 8442 8364 8363 8443 8281 8280 8443 8280 8441 8444 8442 8363 8444 8363 8362 8445 8282 8281 8445 8281 8443 8446 8444 8362 8446 8362 8361 8447 8283 8282 8447 8282 8445 8448 8446 8361 8448 8361 8360 8449 8283 8447 8449 8284 8283 8450 8448 8360 8450 8360 8359 8451 8285 8284 8451 8284 8449 8452 8450 8359 8452 8359 8358 8453 8286 8285 8453 8285 8451 8454 8452 8358 8454 8358 8357 8455 8287 8286 8455 8286 8453 8456 8454 8357 8456 8357 8356 8457 8288 8287 8457 8287 8455 8458 8356 8355 8458 8456 8356 8459 8288 8457 8289 8288 8459 8460 8458 8355 8460 8355 8354 8461 8289 8459 8462 8460 8354 8462 8354 8353 8290 8289 8461 8290 8461 8463 8464 8462 8353 8352 8464 8353 8465 8464 8352 8291 8290 8463 8291 8463 8466 8351 8465 8352 8292 8466 8467 8292 8291 8466 8350 8465 8351 8350 8468 8465 8350 8469 8468 8293 8467 8470 8293 8292 8467 8349 8469 8350 8349 8471 8469 8294 8470 8472 8294 8293 8470 8348 8471 8349 8348 8473 8471 8295 8472 8474 8295 8294 8472 8347 8473 8348 8296 8474 8475 8296 8295 8474 8346 8473 8347 8346 8476 8473 8346 8477 8476 8297 8475 8478 8297 8296 8475 8345 8479 8477 8345 8477 8346 8298 8478 8480 8298 8297 8478 8344 8481 8479 8344 8479 8345 8299 8480 8482 8299 8298 8480 8343 8483 8481 8343 8481 8344 8300 8482 8484 8300 8299 8482 8342 8485 8483 8342 8483 8343 8301 8484 8486 8301 8300 8484 8341 8485 8342 8341 8487 8485 8302 8486 8488 8302 8301 8486 8340 8487 8341 8340 8489 8487 8303 8488 8490 8303 8302 8488 8339 8489 8340 8339 8491 8489 8304 8490 8492 8304 8303 8490 8338 8493 8491 8338 8491 8339 8305 8304 8492 8305 8492 8494 8337 8495 8493 8337 8493 8338 8306 8305 8494 8306 8494 8496 8336 8497 8495 8336 8495 8337 8307 8306 8496 8307 8496 8498 8335 8497 8336 8335 8499 8497 8308 8498 8500 8308 8307 8498 8334 8501 8499 8334 8499 8335 8309 8308 8500 8309 8500 8502 8333 8503 8501 8333 8501 8334 8310 8309 8502 8310 8502 8504 8332 8503 8333 8332 8505 8503 8311 8310 8504 8311 8504 8506 8331 8507 8505 8331 8505 8332 8312 8311 8506 8312 8506 8508 8330 8507 8331 8330 8509 8507 8313 8312 8508 8313 8508 8510 8329 8509 8330 8314 8313 8510 8314 8510 8511 8328 8509 8329 8328 8512 8509 8315 8314 8511 8315 8511 8513 8327 8512 8328 8327 8514 8512 8327 8515 8514 8316 8315 8513 8316 8513 8516 8326 8515 8327 8317 8316 8516 8317 8516 8517 8325 8515 8326 8325 8518 8515 8325 8519 8518 8318 8317 8517 8318 8517 8520 8324 8519 8325 8319 8318 8520 8319 8520 8521 8323 8519 8324 8323 8522 8519 8320 8319 8521 8320 8521 8523 8322 8522 8323 8322 8524 8522 8322 8525 8524 8321 8525 8322 8321 8320 8523 8321 8523 8525 8526 8527 6133 6133 8527 6129 6129 8528 5952 8527 8528 6129 5952 8529 5953 8528 8529 5952 5953 8530 5920 8529 8530 5953 5920 8531 5921 8530 8531 5920 5921 8532 5916 8531 8532 5921 5916 8533 5917 8532 8533 5916 5917 8534 5918 5918 8534 5912 8533 8534 5917 5912 8535 5913 8534 8535 5912 8535 8536 5913 8536 8537 5913 5913 8537 5914 5914 8537 5908 8537 8538 5908 8538 8539 5908 5908 8539 5909 5909 8539 5910 8539 8540 5910 8540 8541 5910 5910 8541 5903 8541 8542 5903 5903 8542 5904 8542 8543 5904 5904 8543 5905 5905 8543 5906 8543 8544 5906 5906 8544 5898 8544 8545 5898 5898 8545 5899 8545 8546 5899 8546 8547 5899 5899 8547 5900 8547 8548 5900 5900 8548 5901 5901 8549 5891 8548 8549 5901 5891 8550 5889 5889 8550 5885 8549 8550 5891 8550 8551 5885 5885 8552 5886 5886 8552 5887 8551 8552 5885 8552 8553 5887 5887 8554 5880 8553 8554 5887 5880 8555 5878 5878 8555 5876 8554 8555 5880 5876 8556 5872 8555 8556 5876 8556 8557 5872 5872 8558 5873 5873 8558 5874 8557 8558 5872 8558 8559 5874 5874 8560 5866 8559 8560 5874 5866 8561 5864 8560 8561 5866 5864 8562 5862 8561 8562 5864 8562 8563 5862 5862 8563 5859 8563 8564 5859 5859 8564 5860 8564 8565 5860 5860 8565 5861 8565 8566 5861 5861 8566 5852 8566 8567 5852 5852 8567 5850 8567 8568 5850 5850 8568 5848 8568 8569 5848 5848 8569 5847 8569 8570 5847 5847 8570 5843 8570 8571 5843 5843 8571 5841 5841 8571 5838 8571 8572 5838 8572 8573 5838 5838 8573 5836 8573 8574 5836 5836 8574 5834 8574 8575 5834 5834 8575 5832 8575 8576 5832 5832 8576 5829 8576 8577 5829 5829 8577 5827 8577 8578 5827 5827 8578 5825 8578 8579 5825 5825 8579 5822 8579 8580 5822 5822 8580 5820 8580 8581 5820 5820 8581 5810 8581 8582 5810 5810 8582 5807 8582 8583 5807 5807 8583 5805 5805 8584 5803 8583 8584 5805 5803 8585 5801 8584 8585 5803 5801 8586 5799 8585 8586 5801 5799 8587 5796 8586 8587 5799 8587 8588 5796 5796 8588 5794 8588 8589 5794 5794 8589 5792 8589 8590 5792 5792 8590 5790 8590 8591 5790 5790 8591 5786 8591 8592 5786 5786 8592 5784 8592 8593 5784 5784 8593 5778 8593 8594 5778 5778 8594 5776 8594 8595 5776 5776 8595 5774 8595 8596 5774 5774 8596 5779 8596 8597 5779 5779 8597 5785 8597 8598 5785 5785 8598 5788 8598 8599 5788 5788 8599 5791 5791 8600 5793 8599 8600 5791 5793 8601 5795 8600 8601 5793 5795 8602 5798 8601 8602 5795 5798 8603 5800 8602 8603 5798 5800 8604 5802 8603 8604 5800 5802 8605 5804 8604 8605 5802 5804 8606 5806 8605 8606 5804 5806 8607 5809 8606 8607 5806 5809 8608 5811 8607 8608 5809 5811 8609 5821 8608 8609 5811 5821 8610 5823 8609 8610 5821 5823 8611 5826 8610 8611 5823 5826 8612 5828 8611 8612 5826 5828 8613 5830 8612 8613 5828 8613 8614 5830 5830 8614 5833 5833 8614 5835 8614 8615 5835 8615 8616 5835 5835 8616 5837 5837 8616 5839 8616 8617 5839 5839 8618 5842 8617 8618 5839 5842 8619 5844 5844 8619 5845 8618 8619 5842 8619 8620 5845 5845 8621 5849 8620 8621 5845 5849 8622 5851 8621 8622 5849 5851 8623 5853 5853 8623 5855 8622 8623 5851 8623 8624 5855 5855 8625 5856 8624 8625 5855 5856 8626 5857 8625 8626 5856 5857 8627 5863 5863 8627 5865 8626 8627 5857 8627 8628 5865 5865 8629 5868 8628 8629 5865 5868 8630 5869 8629 8630 5868 5869 8631 5870 5870 8631 5875 8630 8631 5869 8631 8632 5875 5875 8633 5877 5877 8633 5879 8632 8633 5875 8633 8634 5879 5879 8635 5881 5881 8635 5882 8634 8635 5879 8635 8636 5882 5882 8637 5883 8636 8637 5882 8637 8638 5883 5883 8638 5888 8638 8639 5888 5888 8639 5890 5890 8639 5892 8639 8640 5892 8640 8641 5892 5892 8641 5893 8641 8642 5893 5893 8642 5894 8642 8643 5894 5894 8643 5895 5895 8643 5896 8643 8644 5896 8644 8645 5896 5896 8645 6223 8645 8646 6223 6223 8646 6224 6224 8646 6225 8646 8647 6225 8647 8648 6225 6225 8648 6146 8648 8649 6146 6146 8649 6143 6143 8649 6139 8649 8650 6139 6139 8651 6136 8650 8651 6139 6136 8526 6133 8651 8526 6136 8652 8636 8635 8653 8637 8636 8653 8636 8652 8654 8635 8634 8654 8652 8635 8655 8638 8637 8655 8637 8653 8656 8634 8633 8656 8654 8634 8657 8639 8638 8657 8638 8655 8658 8633 8632 8658 8656 8633 8659 8639 8657 8659 8640 8639 8660 8632 8631 8660 8658 8632 8661 8641 8640 8661 8640 8659 8662 8631 8630 8662 8660 8631 8663 8642 8641 8663 8641 8661 8664 8630 8629 8664 8662 8630 8665 8643 8642 8665 8642 8663 8666 8629 8628 8666 8664 8629 8667 8644 8643 8667 8643 8665 8668 8628 8627 8668 8666 8628 8669 8645 8644 8669 8644 8667 8670 8627 8626 8670 8668 8627 8671 8646 8645 8671 8645 8669 8672 8670 8626 8672 8626 8625 8673 8647 8646 8673 8646 8671 8674 8672 8625 8674 8625 8624 8675 8648 8647 8675 8647 8673 8676 8674 8624 8676 8624 8623 8677 8649 8648 8677 8648 8675 8678 8676 8623 8678 8623 8622 8679 8650 8649 8679 8649 8677 8680 8622 8621 8680 8678 8622 8681 8651 8650 8681 8650 8679 8682 8621 8620 8682 8680 8621 8683 8526 8651 8683 8651 8681 8684 8682 8620 8684 8620 8619 8685 8527 8526 8685 8526 8683 8686 8684 8619 8686 8619 8618 8687 8527 8685 8687 8528 8527 8688 8686 8618 8688 8618 8617 8689 8529 8528 8689 8528 8687 8690 8688 8617 8690 8617 8616 8691 8530 8529 8691 8529 8689 8692 8690 8616 8692 8616 8615 8693 8531 8530 8693 8530 8691 8694 8692 8615 8694 8615 8614 8695 8532 8531 8695 8531 8693 8696 8694 8614 8696 8614 8613 8697 8533 8532 8697 8532 8695 8698 8696 8613 8698 8613 8612 8699 8534 8533 8699 8533 8697 8700 8698 8612 8700 8612 8611 8701 8535 8534 8701 8534 8699 8702 8700 8611 8702 8611 8610 8703 8536 8535 8703 8535 8701 8704 8702 8610 8704 8610 8609 8705 8537 8536 8705 8536 8703 8706 8704 8609 8706 8609 8608 8707 8538 8537 8707 8537 8705 8708 8706 8608 8708 8608 8607 8709 8539 8538 8709 8538 8707 8710 8708 8607 8606 8710 8607 8711 8540 8539 8711 8539 8709 8712 8710 8606 8713 8541 8540 8713 8540 8711 8605 8712 8606 8714 8712 8605 8715 8541 8713 8542 8541 8715 8716 8542 8715 8604 8717 8714 8604 8714 8605 8543 8542 8716 8718 8543 8716 8603 8719 8717 8603 8717 8604 8544 8718 8720 8544 8543 8718 8602 8719 8603 8602 8721 8719 8545 8720 8722 8545 8544 8720 8601 8721 8602 8601 8723 8721 8546 8722 8724 8546 8545 8722 8600 8723 8601 8600 8725 8723 8547 8724 8726 8547 8546 8724 8599 8725 8600 8599 8727 8725 8548 8726 8728 8548 8547 8726 8598 8727 8599 8598 8729 8727 8549 8728 8730 8549 8548 8728 8597 8731 8729 8597 8729 8598 8550 8730 8732 8550 8549 8730 8596 8733 8731 8596 8731 8597 8551 8732 8734 8551 8550 8732 8595 8735 8733 8595 8733 8596 8552 8734 8736 8552 8551 8734 8594 8735 8595 8594 8737 8735 8553 8736 8738 8553 8552 8736 8593 8737 8594 8593 8739 8737 8554 8738 8740 8554 8553 8738 8592 8739 8593 8592 8741 8739 8555 8740 8742 8555 8554 8740 8591 8741 8592 8591 8743 8741 8556 8555 8742 8556 8742 8744 8590 8745 8743 8590 8743 8591 8557 8556 8744 8557 8744 8746 8589 8747 8745 8589 8745 8590 8558 8557 8746 8558 8746 8748 8588 8749 8747 8588 8747 8589 8559 8558 8748 8559 8748 8750 8587 8751 8749 8587 8749 8588 8560 8750 8752 8560 8559 8750 8586 8753 8751 8586 8751 8587 8561 8752 8754 8561 8560 8752 8585 8755 8753 8585 8753 8586 8562 8561 8754 8562 8754 8756 8584 8755 8585 8584 8757 8755 8563 8562 8756 8563 8756 8758 8583 8757 8584 8583 8759 8757 8564 8563 8758 8564 8758 8760 8582 8761 8759 8582 8759 8583 8565 8564 8760 8565 8760 8762 8581 8761 8582 8581 8763 8761 8566 8565 8762 8566 8762 8764 8580 8763 8581 8580 8765 8763 8567 8566 8764 8567 8764 8766 8579 8765 8580 8579 8767 8765 8568 8567 8766 8568 8766 8768 8578 8767 8579 8578 8769 8767 8569 8568 8768 8569 8768 8770 8577 8769 8578 8577 8771 8769 8570 8569 8770 8570 8770 8772 8576 8771 8577 8576 8773 8771 8571 8570 8772 8571 8772 8774 8575 8773 8576 8575 8775 8773 8572 8571 8774 8572 8774 8776 8574 8775 8575 8574 8777 8775 8573 8572 8776 8573 8777 8574 8573 8776 8777 8778 8779 6160 6160 8779 6161 6161 8780 6162 8779 8780 6161 6162 8781 6163 8780 8781 6162 6163 8782 6164 6164 8782 6165 8781 8782 6163 8782 8783 6165 6165 8784 6149 8783 8784 6165 6149 8785 6147 8784 8785 6149 6147 8786 6144 8785 8786 6147 6144 8787 6140 6140 8787 6137 8786 8787 6144 6137 8788 6134 8787 8788 6137 8788 8789 6134 8789 8790 6134 6134 8790 6130 6130 8790 6127 8790 8791 6127 8791 8792 6127 6127 8792 6125 8792 8793 6125 6125 8793 6121 8793 8794 6121 6121 8794 6119 8794 8795 6119 6119 8795 6116 8795 8796 6116 6116 8796 6114 6114 8796 6111 8796 8797 6111 8797 8798 6111 6111 8798 6108 6108 8798 6106 8798 8799 6106 8799 8800 6106 6106 8800 6104 6104 8800 6100 8800 8801 6100 6100 8802 6098 6098 8802 6096 8801 8802 6100 8802 8803 6096 6096 8804 6093 6093 8804 6091 8803 8804 6096 8804 8805 6091 6091 8806 6088 6088 8806 6086 8805 8806 6091 8806 8807 6086 6086 8808 6083 8807 8808 6086 6083 8809 6081 8808 8809 6083 6081 8810 6079 6079 8810 6077 8809 8810 6081 8810 8811 6077 6077 8812 6073 6073 8812 6071 8811 8812 6077 8812 8813 6071 8813 8814 6071 6071 8814 6069 8814 8815 6069 6069 8815 6067 6067 8815 6065 8815 8816 6065 8816 8817 6065 6065 8817 6062 6062 8817 6058 8817 8818 6058 6058 8818 6056 8818 8819 6056 8819 8820 6056 6056 8820 6052 8820 8821 6052 6052 8821 6050 8821 8822 6050 6050 8822 6046 8822 8823 6046 6046 8823 6043 8823 8824 6043 6043 8824 6041 8824 8825 6041 6041 8825 6040 8825 8826 6040 6040 8826 6038 8826 8827 6038 6038 8827 6042 8827 8828 6042 6042 8828 6044 8828 8829 6044 6044 8829 6049 8829 8830 6049 6049 8830 6051 8830 8831 6051 6051 8831 6053 6053 8831 6057 8831 8832 6057 8832 8833 6057 6057 8833 6061 8833 8834 6061 6061 8834 6063 8834 8835 6063 6063 8835 6066 6066 8836 6068 8835 8836 6066 6068 8837 6070 8836 8837 6068 6070 8838 6072 8837 8838 6070 6072 8839 6075 8838 8839 6072 8839 8840 6075 6075 8840 6078 8840 8841 6078 6078 8841 6080 8841 8842 6080 6080 8842 6082 8842 8843 6082 6082 8843 6084 8843 8844 6084 6084 8844 6087 8844 8845 6087 6087 8845 6090 8845 8846 6090 6090 8846 6092 8846 8847 6092 6092 8847 6094 8847 8848 6094 6094 8848 6097 8848 8849 6097 6097 8849 6099 8849 8850 6099 6099 8850 6102 8850 8851 6102 6102 8851 6105 6105 8852 6107 8851 8852 6105 6107 8853 6109 8852 8853 6107 6109 8854 6113 8853 8854 6109 6113 8855 6115 8854 8855 6113 6115 8856 6117 8855 8856 6115 6117 8857 6120 8856 8857 6117 6120 8858 6123 8857 8858 6120 6123 8859 6126 8858 8859 6123 6126 8860 6128 8859 8860 6126 6128 8861 6132 8860 8861 6128 6132 8862 6135 8861 8862 6132 6135 8863 6138 8862 8863 6135 6138 8864 6142 8863 8864 6138 6142 8865 6145 8864 8865 6142 8865 8866 6145 6145 8866 6148 8866 8867 6148 6148 8867 6222 6222 8867 6221 8867 8868 6221 8868 8869 6221 6221 8869 6220 6220 8869 6187 8869 8870 6187 6187 8871 6188 8870 8871 6187 6188 8872 6189 8871 8872 6188 6189 8873 6190 8872 8873 6189 6190 8874 6191 8873 8874 6190 6191 8875 6192 8874 8875 6191 6192 8876 6193 8875 8876 6192 6193 8877 6194 8876 8877 6193 6194 8878 6195 8877 8878 6194 6195 8879 6196 6196 8879 6197 8878 8879 6195 8879 8880 6197 6197 8881 6198 8880 8881 6197 6198 8882 6199 8881 8882 6198 6199 8883 6200 6200 8883 6201 8882 8883 6199 8883 8884 6201 6201 8885 6202 6202 8885 6203 8884 8885 6201 8885 8886 6203 6203 8887 6204 6204 8887 6205 8886 8887 6203 8887 8888 6205 6205 8889 6206 8888 8889 6205 8889 8890 6206 6206 8890 6207 8890 8891 6207 6207 8891 6208 6208 8891 6209 8891 8892 6209 8892 8893 6209 6209 8893 6210 8893 8894 6210 6210 8894 6211 8894 8895 6211 6211 8895 6212 6212 8895 6213 8895 8896 6213 8896 8897 6213 6213 8897 6214 8897 8898 6214 6214 8898 6215 6215 8898 6216 8898 8899 6216 8899 8900 6216 6216 8900 6217 8900 8901 6217 6217 8901 6166 6166 8901 6167 8901 8902 6167 6167 8903 6168 6168 8903 6160 8902 8903 6167 8903 8778 6160 8904 8889 8888 8905 8889 8904 8905 8890 8889 8906 8888 8887 8906 8904 8888 8907 8891 8890 8907 8890 8905 8908 8887 8886 8908 8906 8887 8909 8892 8891 8909 8891 8907 8910 8886 8885 8910 8908 8886 8911 8893 8892 8911 8892 8909 8912 8885 8884 8912 8910 8885 8913 8894 8893 8913 8893 8911 8914 8912 8884 8914 8884 8883 8915 8895 8894 8915 8894 8913 8916 8883 8882 8916 8914 8883 8917 8896 8895 8917 8895 8915 8918 8882 8881 8918 8916 8882 8919 8897 8896 8919 8896 8917 8920 8881 8880 8920 8918 8881 8921 8898 8897 8921 8897 8919 8922 8880 8879 8922 8920 8880 8923 8899 8898 8923 8898 8921 8924 8879 8878 8924 8922 8879 8925 8900 8899 8925 8899 8923 8926 8924 8878 8926 8878 8877 8927 8901 8900 8927 8900 8925 8928 8926 8877 8928 8877 8876 8929 8902 8901 8929 8901 8927 8930 8928 8876 8930 8876 8875 8931 8903 8902 8931 8902 8929 8932 8930 8875 8932 8875 8874 8933 8778 8903 8933 8903 8931 8934 8874 8873 8934 8932 8874 8935 8779 8778 8935 8778 8933 8936 8934 8873 8936 8873 8872 8937 8780 8779 8937 8779 8935 8938 8936 8872 8938 8872 8871 8939 8781 8780 8939 8780 8937 8940 8938 8871 8940 8871 8870 8941 8782 8781 8941 8781 8939 8942 8940 8870 8942 8870 8869 8943 8783 8782 8943 8782 8941 8944 8942 8869 8944 8869 8868 8945 8784 8783 8945 8783 8943 8946 8944 8868 8946 8868 8867 8947 8785 8784 8947 8784 8945 8948 8946 8867 8948 8867 8866 8949 8786 8785 8949 8785 8947 8950 8948 8866 8950 8866 8865 8951 8787 8786 8951 8786 8949 8952 8950 8865 8952 8865 8864 8953 8788 8787 8953 8787 8951 8954 8952 8864 8954 8864 8863 8955 8789 8788 8955 8788 8953 8956 8954 8863 8956 8863 8862 8957 8790 8789 8957 8789 8955 8958 8956 8862 8958 8862 8861 8959 8791 8790 8959 8790 8957 8960 8958 8861 8960 8861 8860 8961 8792 8791 8961 8791 8959 8962 8860 8859 8962 8960 8860 8963 8792 8961 8793 8792 8963 8964 8962 8859 8964 8859 8858 8965 8793 8963 8966 8858 8857 8966 8964 8858 8794 8965 8967 8794 8793 8965 8968 8966 8857 8856 8968 8857 8969 8968 8856 8795 8794 8967 8795 8967 8970 8855 8969 8856 8855 8971 8969 8796 8970 8972 8796 8795 8970 8854 8971 8855 8854 8973 8971 8797 8972 8974 8797 8796 8972 8853 8973 8854 8853 8975 8973 8798 8974 8976 8798 8797 8974 8852 8975 8853 8852 8977 8975 8799 8976 8978 8799 8798 8976 8851 8977 8852 8851 8979 8977 8800 8799 8978 8800 8978 8980 8850 8979 8851 8850 8981 8979 8801 8980 8982 8801 8800 8980 8849 8983 8981 8849 8981 8850 8802 8982 8984 8802 8801 8982 8848 8985 8983 8848 8983 8849 8803 8984 8986 8803 8802 8984 8847 8987 8985 8847 8985 8848 8804 8986 8988 8804 8803 8986 8846 8987 8847 8846 8989 8987 8805 8988 8990 8805 8804 8988 8845 8989 8846 8845 8991 8989 8806 8990 8992 8806 8805 8990 8844 8991 8845 8844 8993 8991 8807 8992 8994 8807 8806 8992 8843 8993 8844 8843 8995 8993 8808 8994 8996 8808 8807 8994 8842 8997 8995 8842 8995 8843 8809 8808 8996 8809 8996 8998 8841 8999 8997 8841 8997 8842 8810 8809 8998 8810 8998 9000 8840 9001 8999 8840 8999 8841 8811 8810 9000 8811 9000 9002 8839 9003 9001 8839 9001 8840 8812 9002 9004 8812 8811 9002 8838 9005 9003 8838 9003 8839 8813 8812 9004 8813 9004 9006 8837 9007 9005 8837 9005 8838 8814 8813 9006 8814 9006 9008 8836 9007 8837 8836 9009 9007 8815 8814 9008 8815 9008 9010 8835 9009 8836 8835 9011 9009 8816 8815 9010 8816 9010 9012 8834 9011 8835 8834 9013 9011 8817 8816 9012 8817 9012 9014 8833 9013 8834 8833 9015 9013 8818 8817 9014 8818 9014 9016 8832 9017 9015 8832 9015 8833 8819 8818 9016 8819 9016 9018 8831 9017 8832 8831 9019 9017 8820 8819 9018 8820 9018 9020 8830 9019 8831 8830 9021 9019 8821 8820 9020 8821 9020 9022 8829 9021 8830 8829 9023 9021 8822 8821 9022 8822 9022 9024 8828 9023 8829 8828 9025 9023 8823 8822 9024 8823 9024 9026 8827 9025 8828 8827 9027 9025 8824 8823 9026 8824 9026 9028 8826 9027 8827 8826 9029 9027 8825 8824 9028 8825 9029 8826 8825 9028 9029 9030 9031 5988 5988 9031 5986 5986 9032 5983 9031 9032 5986 5983 9033 5981 9032 9033 5983 5981 9034 5979 9033 9034 5981 5979 9035 5977 9034 9035 5979 5977 9036 5975 9035 9036 5977 5975 9037 5971 9036 9037 5975 5971 9038 5970 9037 9038 5971 5970 9039 5967 9038 9039 5970 5967 9040 5965 9039 9040 5967 9040 9041 5965 5965 9041 5963 9041 9042 5963 5963 9042 5959 9042 9043 5959 5959 9043 5957 5957 9043 5955 9043 9044 5955 9044 9045 5955 5955 9045 5949 9045 9046 5949 5949 9046 5947 9046 9047 5947 5947 9047 5945 9047 9048 5945 5945 9048 5943 5943 9048 5939 9048 9049 5939 9049 9050 5939 5939 9050 5937 5937 9050 5935 9050 9051 5935 9051 9052 5935 5935 9052 5933 5933 9052 5930 9052 9053 5930 5930 9054 5928 5928 9054 5925 9053 9054 5930 9054 9055 5925 5925 9056 5924 5924 9056 5922 9055 9056 5925 9056 9057 5922 5922 9058 5926 5926 9058 5929 9057 9058 5922 9058 9059 5929 5929 9060 5932 9059 9060 5929 5932 9061 5934 9060 9061 5932 5934 9062 5936 5936 9062 5938 9061 9062 5934 9062 9063 5938 5938 9064 5941 5941 9064 5944 9063 9064 5938 9064 9065 5944 9065 9066 5944 5944 9066 5946 9066 9067 5946 5946 9067 5948 5948 9067 5954 9067 9068 5954 9068 9069 5954 5954 9069 5956 5956 9069 5958 9069 9070 5958 5958 9070 5962 9070 9071 5962 9071 9072 5962 5962 9072 5964 9072 9073 5964 5964 9073 5966 9073 9074 5966 5966 9074 5969 9074 9075 5969 5969 9075 5973 9075 9076 5973 5973 9076 5974 9076 9077 5974 5974 9077 5976 9077 9078 5976 5976 9078 5978 9078 9079 5978 5978 9079 5980 9079 9080 5980 5980 9080 5982 9080 9081 5982 5982 9081 5985 9081 9082 5985 5985 9082 5987 9082 9083 5987 5987 9083 5989 5989 9083 5991 9083 9084 5991 9084 9085 5991 5991 9085 5993 9085 9086 5993 5993 9086 5995 9086 9087 5995 5995 9087 5998 5998 9088 6000 9087 9088 5998 6000 9089 6002 9088 9089 6000 6002 9090 6004 9089 9090 6002 6004 9091 6006 9090 9091 6004 9091 9092 6006 6006 9092 6009 9092 9093 6009 6009 9093 6011 9093 9094 6011 6011 9094 6013 9094 9095 6013 6013 9095 6015 9095 9096 6015 6015 9096 6018 9096 9097 6018 6018 9097 6020 9097 9098 6020 6020 9098 6022 9098 9099 6022 6022 9099 6024 9099 9100 6024 6024 9100 6027 9100 9101 6027 6027 9101 6029 9101 9102 6029 6029 9102 6031 9102 9103 6031 6031 9103 6033 6033 9104 6034 9103 9104 6033 6034 9105 6035 9104 9105 6034 6035 9106 6037 9105 9106 6035 6037 9107 6048 9106 9107 6037 6048 9108 6054 9107 9108 6048 6054 9109 6060 9108 9109 6054 6060 9110 6172 9109 9110 6060 6172 9111 6173 9110 9111 6172 6173 9112 6174 9111 9112 6173 6174 9113 6175 9112 9113 6174 6175 9114 6176 9113 9114 6175 6176 9115 6177 9114 9115 6176 6177 9116 6178 9115 9116 6177 6178 9117 6179 9116 9117 6178 9117 9118 6179 6179 9118 6180 9118 9119 6180 6180 9119 6181 6181 9119 6182 9119 9120 6182 9120 9121 6182 6182 9121 6183 6183 9121 6184 9121 9122 6184 6184 9123 6185 9122 9123 6184 6185 9124 6186 9123 9124 6185 6186 9125 6150 9124 9125 6186 6150 9126 6151 9125 9126 6150 6151 9127 6152 9126 9127 6151 6152 9128 6153 9127 9128 6152 6153 9129 6154 9128 9129 6153 6154 9130 6155 9129 9130 6154 6155 9131 6156 6156 9131 6157 9130 9131 6155 9131 9132 6157 6157 9133 6158 9132 9133 6157 6158 9134 6159 9133 9134 6158 6159 9135 6218 6218 9135 6219 9134 9135 6159 9135 9136 6219 6219 9137 6030 6030 9137 6028 9136 9137 6219 9137 9138 6028 6028 9139 6026 6026 9139 6023 9138 9139 6028 9139 9140 6023 6023 9141 6021 9140 9141 6023 9141 9142 6021 6021 9142 6019 9142 9143 6019 6019 9143 6017 6017 9143 6014 9143 9144 6014 9144 9145 6014 6014 9145 6012 9145 9146 6012 6012 9146 6010 9146 9147 6010 6010 9147 6008 6008 9147 6005 9147 9148 6005 9148 9149 6005 6005 9149 6003 9149 9150 6003 6003 9150 6001 6001 9150 5999 9150 9151 5999 9151 9152 5999 5999 9152 5997 9152 9153 5997 5997 9153 5994 5994 9153 5992 9153 9154 5992 5992 9155 5990 5990 9155 5988 9154 9155 5992 9155 9030 5988 9156 9141 9140 9157 9141 9156 9157 9142 9141 9158 9140 9139 9158 9156 9140 9159 9143 9142 9159 9142 9157 9160 9139 9138 9160 9158 9139 9161 9144 9143 9161 9143 9159 9162 9138 9137 9162 9160 9138 9163 9145 9144 9163 9144 9161 9164 9137 9136 9164 9162 9137 9165 9146 9145 9165 9145 9163 9166 9136 9135 9166 9164 9136 9167 9147 9146 9167 9146 9165 9168 9135 9134 9168 9166 9135 9169 9148 9147 9169 9147 9167 9170 9134 9133 9170 9168 9134 9171 9149 9148 9171 9148 9169 9172 9133 9132 9172 9170 9133 9173 9150 9149 9173 9149 9171 9174 9132 9131 9174 9172 9132 9175 9151 9150 9175 9150 9173 9176 9131 9130 9176 9174 9131 9177 9152 9151 9177 9151 9175 9178 9176 9130 9178 9130 9129 9179 9153 9152 9179 9152 9177 9180 9178 9129 9180 9129 9128 9181 9154 9153 9181 9153 9179 9182 9180 9128 9182 9128 9127 9183 9155 9154 9183 9154 9181 9184 9182 9127 9184 9127 9126 9185 9030 9155 9185 9155 9183 9186 9126 9125 9186 9184 9126 9187 9031 9030 9187 9030 9185 9188 9186 9125 9188 9125 9124 9189 9032 9031 9189 9031 9187 9190 9188 9124 9190 9124 9123 9191 9033 9032 9191 9032 9189 9192 9190 9123 9192 9123 9122 9193 9034 9033 9193 9033 9191 9194 9192 9122 9194 9122 9121 9195 9035 9034 9195 9034 9193 9196 9194 9121 9196 9121 9120 9197 9036 9035 9197 9035 9195 9198 9196 9120 9198 9120 9119 9199 9037 9036 9199 9036 9197 9200 9198 9119 9200 9119 9118 9201 9038 9037 9201 9037 9199 9202 9200 9118 9202 9118 9117 9203 9039 9038 9203 9038 9201 9204 9202 9117 9204 9117 9116 9205 9039 9203 9205 9040 9039 9206 9204 9116 9206 9116 9115 9207 9041 9040 9207 9040 9205 9208 9206 9115 9208 9115 9114 9209 9042 9041 9209 9041 9207 9210 9208 9114 9210 9114 9113 9211 9043 9042 9211 9042 9209 9212 9210 9113 9212 9113 9112 9213 9044 9043 9213 9043 9211 9214 9112 9111 9214 9212 9112 9215 9044 9213 9045 9044 9215 9216 9214 9111 9216 9111 9110 9217 9045 9215 9218 9216 9110 9218 9110 9109 9046 9045 9217 9046 9217 9219 9220 9218 9109 9108 9220 9109 9221 9220 9108 9047 9046 9219 9047 9219 9222 9107 9221 9108 9048 9222 9223 9048 9047 9222 9106 9221 9107 9106 9224 9221 9106 9225 9224 9049 9223 9226 9049 9048 9223 9105 9225 9106 9105 9227 9225 9050 9226 9228 9050 9049 9226 9104 9227 9105 9104 9229 9227 9051 9228 9230 9051 9050 9228 9103 9229 9104 9052 9230 9231 9052 9051 9230 9102 9229 9103 9102 9232 9229 9102 9233 9232 9053 9231 9234 9053 9052 9231 9101 9235 9233 9101 9233 9102 9054 9234 9236 9054 9053 9234 9100 9237 9235 9100 9235 9101 9055 9236 9238 9055 9054 9236 9099 9239 9237 9099 9237 9100 9056 9238 9240 9056 9055 9238 9098 9241 9239 9098 9239 9099 9057 9240 9242 9057 9056 9240 9097 9241 9098 9097 9243 9241 9058 9242 9244 9058 9057 9242 9096 9243 9097 9096 9245 9243 9059 9244 9246 9059 9058 9244 9095 9245 9096 9095 9247 9245 9060 9246 9248 9060 9059 9246 9094 9249 9247 9094 9247 9095 9061 9060 9248 9061 9248 9250 9093 9251 9249 9093 9249 9094 9062 9061 9250 9062 9250 9252 9092 9253 9251 9092 9251 9093 9063 9062 9252 9063 9252 9254 9091 9253 9092 9091 9255 9253 9064 9254 9256 9064 9063 9254 9090 9257 9255 9090 9255 9091 9065 9064 9256 9065 9256 9258 9089 9259 9257 9089 9257 9090 9066 9065 9258 9066 9258 9260 9088 9259 9089 9088 9261 9259 9067 9066 9260 9067 9260 9262 9087 9263 9261 9087 9261 9088 9068 9067 9262 9068 9262 9264 9086 9263 9087 9086 9265 9263 9069 9068 9264 9069 9264 9266 9085 9265 9086 9070 9069 9266 9070 9266 9267 9084 9265 9085 9084 9268 9265 9071 9070 9267 9071 9267 9269 9083 9268 9084 9083 9270 9268 9083 9271 9270 9072 9071 9269 9072 9269 9272 9082 9271 9083 9073 9072 9272 9073 9272 9273 9081 9271 9082 9081 9274 9271 9081 9275 9274 9074 9073 9273 9074 9273 9276 9080 9275 9081 9075 9074 9276 9075 9276 9277 9079 9275 9080 9079 9278 9275 9076 9075 9277 9076 9277 9279 9078 9278 9079 9078 9280 9278 9078 9281 9280 9077 9281 9078 9077 9076 9279 9077 9279 9281 9282 9283 5610 5610 9283 5603 5603 9284 5600 9283 9284 5603 5600 9285 5598 9284 9285 5600 5598 9286 5596 9285 9286 5598 5596 9287 5595 9286 9287 5596 5595 9288 5592 9287 9288 5595 5592 9289 5597 9288 9289 5592 5597 9290 5599 5599 9290 5601 9289 9290 5597 5601 9291 5605 9290 9291 5601 9291 9292 5605 9292 9293 5605 5605 9293 5612 5612 9293 5615 9293 9294 5615 9294 9295 5615 5615 9295 5619 5619 9295 5622 9295 9296 5622 9296 9297 5622 5622 9297 5625 9297 9298 5625 5625 9298 5629 9298 9299 5629 5629 9299 5631 5631 9299 5632 9299 9300 5632 5632 9300 5633 9300 9301 5633 5633 9301 5635 9301 9302 5635 9302 9303 5635 5635 9303 5636 9303 9304 5636 5636 9304 5641 5641 9305 5642 9304 9305 5641 5642 9306 5644 5644 9306 5645 9305 9306 5642 9306 9307 5645 5645 9308 5646 5646 9308 5647 9307 9308 5645 9308 9309 5647 5647 9310 5652 9309 9310 5647 5652 9311 5654 5654 9311 5655 9310 9311 5652 5655 9312 5656 9311 9312 5655 9312 9313 5656 5656 9314 5657 5657 9314 5658 9313 9314 5656 9314 9315 5658 5658 9316 5661 9315 9316 5658 5661 9317 5663 9316 9317 5661 5663 9318 5664 9317 9318 5663 9318 9319 5664 5664 9319 5665 9319 9320 5665 5665 9320 5666 9320 9321 5666 5666 9321 5667 9321 9322 5667 5667 9322 5668 9322 9323 5668 5668 9323 5670 9323 9324 5670 5670 9324 5671 9324 9325 5671 5671 9325 5672 9325 9326 5672 5672 9326 5673 9326 9327 5673 5673 9327 5675 5675 9327 5676 9327 9328 5676 9328 9329 5676 5676 9329 5677 9329 9330 5677 5677 9330 5678 9330 9331 5678 5678 9331 5679 9331 9332 5679 5679 9332 5680 9332 9333 5680 5680 9333 5743 9333 9334 5743 5743 9334 5744 9334 9335 5744 5744 9335 5745 9335 9336 5745 5745 9336 5746 9336 9337 5746 5746 9337 5747 9337 9338 5747 5747 9338 5748 9338 9339 5748 5748 9339 5751 5751 9340 5752 9339 9340 5751 5752 9341 5753 9340 9341 5752 5753 9342 5754 9341 9342 5753 5754 9343 5755 9342 9343 5754 9343 9344 5755 5755 9344 5757 9344 9345 5757 5757 9345 5758 9345 9346 5758 5758 9346 5759 9346 9347 5759 5759 9347 5760 9347 9348 5760 5760 9348 5762 9348 9349 5762 5762 9349 5763 9349 9350 5763 5763 9350 5764 9350 9351 5764 5764 9351 5765 9351 9352 5765 5765 9352 5767 9352 9353 5767 5767 9353 5768 9353 9354 5768 5768 9354 5769 9354 9355 5769 5769 9355 5771 5771 9356 5772 9355 9356 5771 5772 9357 5773 9356 9357 5772 5773 9358 5781 9357 9358 5773 5781 9359 5782 9358 9359 5781 5782 9360 5783 9359 9360 5782 5783 9361 5812 9360 9361 5783 5812 9362 5813 9361 9362 5812 5813 9363 5814 9362 9363 5813 5814 9364 5815 9363 9364 5814 5815 9365 5816 9364 9365 5815 5816 9366 5817 9365 9366 5816 5817 9367 5818 9366 9367 5817 5818 9368 5819 9367 9368 5818 5819 9369 5681 9368 9369 5819 9369 9370 5681 5681 9370 5682 5682 9370 5683 9370 9371 5683 9371 9372 5683 5683 9372 5684 5684 9372 5685 9372 9373 5685 5685 9374 5686 9373 9374 5685 5686 9375 5687 5687 9375 5688 9374 9375 5686 9375 9376 5688 5688 9377 5689 9376 9377 5688 5689 9378 5690 9377 9378 5689 5690 9379 5691 5691 9379 5692 9378 9379 5690 9379 9380 5692 5692 9381 5693 9380 9381 5692 5693 9382 5694 9381 9382 5693 5694 9383 5695 5695 9383 5696 9382 9383 5694 9383 9384 5696 5696 9385 5697 9384 9385 5696 5697 9386 5698 9385 9386 5697 5698 9387 5699 5699 9387 5700 9386 9387 5698 9387 9388 5700 5700 9389 5701 5701 9389 5702 9388 9389 5700 9389 9390 5702 5702 9391 5703 5703 9391 5704 9390 9391 5702 9391 9392 5704 5704 9393 5705 9392 9393 5704 9393 9394 5705 5705 9394 5706 9394 9395 5706 5706 9395 5707 5707 9395 5708 9395 9396 5708 9396 9397 5708 5708 9397 5709 9397 9398 5709 5709 9398 5710 9398 9399 5710 5710 9399 5711 5711 9399 5712 9399 9400 5712 9400 9401 5712 5712 9401 5713 9401 9402 5713 5713 9402 5630 5630 9402 5627 9402 9403 5627 9403 9404 5627 5627 9404 5623 9404 9405 5623 5623 9405 5620 5620 9405 5617 9405 9406 5617 5617 9407 5613 9406 9407 5617 5613 9282 5610 9407 9282 5613 9408 9392 9391 9409 9393 9392 9409 9392 9408 9410 9391 9390 9410 9408 9391 9411 9394 9393 9411 9393 9409 9412 9390 9389 9412 9410 9390 9413 9395 9394 9413 9394 9411 9414 9389 9388 9414 9412 9389 9415 9395 9413 9415 9396 9395 9416 9388 9387 9416 9414 9388 9417 9397 9396 9417 9396 9415 9418 9387 9386 9418 9416 9387 9419 9398 9397 9419 9397 9417 9420 9386 9385 9420 9418 9386 9421 9399 9398 9421 9398 9419 9422 9385 9384 9422 9420 9385 9423 9400 9399 9423 9399 9421 9424 9384 9383 9424 9422 9384 9425 9401 9400 9425 9400 9423 9426 9383 9382 9426 9424 9383 9427 9402 9401 9427 9401 9425 9428 9426 9382 9428 9382 9381 9429 9403 9402 9429 9402 9427 9430 9428 9381 9430 9381 9380 9431 9404 9403 9431 9403 9429 9432 9430 9380 9432 9380 9379 9433 9405 9404 9433 9404 9431 9434 9432 9379 9434 9379 9378 9435 9406 9405 9435 9405 9433 9436 9378 9377 9436 9434 9378 9437 9407 9406 9437 9406 9435 9438 9377 9376 9438 9436 9377 9439 9282 9407 9439 9407 9437 9440 9438 9376 9440 9376 9375 9441 9283 9282 9441 9282 9439 9442 9440 9375 9442 9375 9374 9443 9283 9441 9443 9284 9283 9444 9442 9374 9444 9374 9373 9445 9285 9284 9445 9284 9443 9446 9444 9373 9446 9373 9372 9447 9286 9285 9447 9285 9445 9448 9446 9372 9448 9372 9371 9449 9287 9286 9449 9286 9447 9450 9448 9371 9450 9371 9370 9451 9288 9287 9451 9287 9449 9452 9450 9370 9452 9370 9369 9453 9289 9288 9453 9288 9451 9454 9452 9369 9454 9369 9368 9455 9290 9289 9455 9289 9453 9456 9454 9368 9456 9368 9367 9457 9291 9290 9457 9290 9455 9458 9456 9367 9458 9367 9366 9459 9292 9291 9459 9291 9457 9460 9458 9366 9460 9366 9365 9461 9293 9292 9461 9292 9459 9462 9460 9365 9462 9365 9364 9463 9294 9293 9463 9293 9461 9464 9462 9364 9464 9364 9363 9465 9295 9294 9465 9294 9463 9466 9464 9363 9362 9466 9363 9467 9296 9295 9467 9295 9465 9468 9466 9362 9469 9297 9296 9469 9296 9467 9361 9468 9362 9470 9468 9361 9471 9297 9469 9298 9297 9471 9472 9298 9471 9360 9473 9470 9360 9470 9361 9299 9298 9472 9474 9299 9472 9359 9475 9473 9359 9473 9360 9300 9474 9476 9300 9299 9474 9358 9475 9359 9358 9477 9475 9301 9476 9478 9301 9300 9476 9357 9477 9358 9357 9479 9477 9302 9478 9480 9302 9301 9478 9356 9479 9357 9356 9481 9479 9303 9480 9482 9303 9302 9480 9355 9481 9356 9355 9483 9481 9304 9482 9484 9304 9303 9482 9354 9483 9355 9354 9485 9483 9305 9484 9486 9305 9304 9484 9353 9487 9485 9353 9485 9354 9306 9486 9488 9306 9305 9486 9352 9489 9487 9352 9487 9353 9307 9488 9490 9307 9306 9488 9351 9491 9489 9351 9489 9352 9308 9490 9492 9308 9307 9490 9350 9491 9351 9350 9493 9491 9309 9492 9494 9309 9308 9492 9349 9493 9350 9349 9495 9493 9310 9494 9496 9310 9309 9494 9348 9495 9349 9348 9497 9495 9311 9496 9498 9311 9310 9496 9347 9497 9348 9347 9499 9497 9312 9311 9498 9312 9498 9500 9346 9501 9499 9346 9499 9347 9313 9312 9500 9313 9500 9502 9345 9503 9501 9345 9501 9346 9314 9313 9502 9314 9502 9504 9344 9505 9503 9344 9503 9345 9315 9314 9504 9315 9504 9506 9343 9507 9505 9343 9505 9344 9316 9506 9508 9316 9315 9506 9342 9509 9507 9342 9507 9343 9317 9508 9510 9317 9316 9508 9341 9511 9509 9341 9509 9342 9318 9317 9510 9318 9510 9512 9340 9511 9341 9340 9513 9511 9319 9318 9512 9319 9512 9514 9339 9513 9340 9339 9515 9513 9320 9319 9514 9320 9514 9516 9338 9517 9515 9338 9515 9339 9321 9320 9516 9321 9516 9518 9337 9517 9338 9337 9519 9517 9322 9321 9518 9322 9518 9520 9336 9519 9337 9336 9521 9519 9323 9322 9520 9323 9520 9522 9335 9521 9336 9335 9523 9521 9324 9323 9522 9324 9522 9524 9334 9523 9335 9334 9525 9523 9325 9324 9524 9325 9524 9526 9333 9525 9334 9333 9527 9525 9326 9325 9526 9326 9526 9528 9332 9527 9333 9332 9529 9527 9327 9326 9528 9327 9528 9530 9331 9529 9332 9331 9531 9529 9328 9327 9530 9328 9530 9532 9330 9531 9331 9330 9533 9531 9329 9328 9532 9329 9533 9330 9329 9532 9533 9534 9535 5377 5377 9535 5379 5379 9536 5381 9535 9536 5379 5381 9537 5383 9536 9537 5381 5383 9538 5385 5385 9538 5387 9537 9538 5383 9538 9539 5387 5387 9540 5388 9539 9540 5387 5388 9541 5428 9540 9541 5388 5428 9542 5429 9541 9542 5428 5429 9543 5413 5413 9543 5414 9542 9543 5429 5414 9544 5415 9543 9544 5414 9544 9545 5415 9545 9546 5415 5415 9546 5399 5399 9546 5400 9546 9547 5400 9547 9548 5400 5400 9548 5401 9548 9549 5401 5401 9549 5390 9549 9550 5390 5390 9550 5391 9550 9551 5391 5391 9551 5392 9551 9552 5392 5392 9552 5393 5393 9552 5394 9552 9553 5394 9553 9554 5394 5394 9554 5406 5406 9554 5407 9554 9555 5407 9555 9556 5407 5407 9556 5408 5408 9556 5409 9556 9557 5409 5409 9558 5420 5420 9558 5421 9557 9558 5409 9558 9559 5421 5421 9560 5422 5422 9560 5423 9559 9560 5421 9560 9561 5423 5423 9562 5424 5424 9562 5434 9561 9562 5423 9562 9563 5434 5434 9564 5435 9563 9564 5434 5435 9565 5436 9564 9565 5435 5436 9566 5437 5437 9566 5438 9565 9566 5436 9566 9567 5438 5438 9568 5439 5439 9568 5447 9567 9568 5438 9568 9569 5447 9569 9570 5447 5447 9570 5448 9570 9571 5448 5448 9571 5449 5449 9571 5450 9571 9572 5450 9572 9573 5450 5450 9573 5451 5451 9573 5452 9573 9574 5452 5452 9574 5458 9574 9575 5458 9575 9576 5458 5458 9576 5459 9576 9577 5459 5459 9577 5460 9577 9578 5460 5460 9578 5461 9578 9579 5461 5461 9579 5465 9579 9580 5465 5465 9580 5466 9580 9581 5466 5466 9581 5467 9581 9582 5467 5467 9582 5468 9582 9583 5468 5468 9583 5469 9583 9584 5469 5469 9584 5470 9584 9585 5470 5470 9585 5474 9585 9586 5474 5474 9586 5475 9586 9587 5475 5475 9587 5476 5476 9587 5477 9587 9588 5477 9588 9589 5477 5477 9589 5478 9589 9590 5478 5478 9590 5479 9590 9591 5479 5479 9591 5485 5485 9592 5486 9591 9592 5485 5486 9593 5487 9592 9593 5486 5487 9594 5488 9593 9594 5487 5488 9595 5489 9594 9595 5488 9595 9596 5489 5489 9596 5495 9596 9597 5495 5495 9597 5496 9597 9598 5496 5496 9598 5497 9598 9599 5497 5497 9599 5498 9599 9600 5498 5498 9600 5504 9600 9601 5504 5504 9601 5505 9601 9602 5505 5505 9602 5506 9602 9603 5506 5506 9603 5507 9603 9604 5507 5507 9604 5514 9604 9605 5514 5514 9605 5515 9605 9606 5515 5515 9606 5516 9606 9607 5516 5516 9607 5523 5523 9608 5524 9607 9608 5523 5524 9609 5525 9608 9609 5524 5525 9610 5533 9609 9610 5525 5533 9611 5534 9610 9611 5533 5534 9612 5535 9611 9612 5534 5535 9613 5544 9612 9613 5535 5544 9614 5545 9613 9614 5544 5545 9615 5553 9614 9615 5545 5553 9616 5554 9615 9616 5553 5554 9617 5604 9616 9617 5554 5604 9618 5611 9617 9618 5604 5611 9619 5614 9618 9619 5611 5614 9620 5618 9619 9620 5614 5618 9621 5621 9620 9621 5618 9621 9622 5621 5621 9622 5624 9622 9623 5624 5624 9623 5628 5628 9623 5386 9623 9624 5386 9624 9625 5386 5386 9625 5384 5384 9625 5382 9625 9626 5382 5382 9627 5380 9626 9627 5382 5380 9628 5378 9627 9628 5380 5378 9629 5376 9628 9629 5378 5376 9630 5374 9629 9630 5376 5374 9631 5372 9630 9631 5374 5372 9632 5370 9631 9632 5372 5370 9633 5368 9632 9633 5370 5368 9634 5366 9633 9634 5368 5366 9635 5364 5364 9635 5362 9634 9635 5366 9635 9636 5362 5362 9637 5360 9636 9637 5362 5360 9638 5358 9637 9638 5360 5358 9639 5356 5356 9639 5354 9638 9639 5358 9639 9640 5354 5354 9641 5352 5352 9641 5350 9640 9641 5354 9641 9642 5350 5350 9643 5348 5348 9643 5347 9642 9643 5350 9643 9644 5347 5347 9645 5346 9644 9645 5347 9645 9646 5346 5346 9646 5349 9646 9647 5349 5349 9647 5351 5351 9647 5353 9647 9648 5353 9648 9649 5353 5353 9649 5355 9649 9650 5355 5355 9650 5357 9650 9651 5357 5357 9651 5359 5359 9651 5361 9651 9652 5361 9652 9653 5361 5361 9653 5363 9653 9654 5363 5363 9654 5365 5365 9654 5367 9654 9655 5367 9655 9656 5367 5367 9656 5369 9656 9657 5369 5369 9657 5371 5371 9657 5373 9657 9658 5373 5373 9659 5375 5375 9659 5377 9658 9659 5373 9659 9534 5377 9660 9645 9644 9661 9645 9660 9661 9646 9645 9662 9644 9643 9662 9660 9644 9663 9647 9646 9663 9646 9661 9664 9643 9642 9664 9662 9643 9665 9648 9647 9665 9647 9663 9666 9642 9641 9666 9664 9642 9667 9649 9648 9667 9648 9665 9668 9641 9640 9668 9666 9641 9669 9650 9649 9669 9649 9667 9670 9668 9640 9670 9640 9639 9671 9651 9650 9671 9650 9669 9672 9639 9638 9672 9670 9639 9673 9652 9651 9673 9651 9671 9674 9638 9637 9674 9672 9638 9675 9653 9652 9675 9652 9673 9676 9637 9636 9676 9674 9637 9677 9654 9653 9677 9653 9675 9678 9636 9635 9678 9676 9636 9679 9655 9654 9679 9654 9677 9680 9635 9634 9680 9678 9635 9681 9656 9655 9681 9655 9679 9682 9680 9634 9682 9634 9633 9683 9657 9656 9683 9656 9681 9684 9682 9633 9684 9633 9632 9685 9658 9657 9685 9657 9683 9686 9684 9632 9686 9632 9631 9687 9659 9658 9687 9658 9685 9688 9686 9631 9688 9631 9630 9689 9534 9659 9689 9659 9687 9690 9630 9629 9690 9688 9630 9691 9535 9534 9691 9534 9689 9692 9690 9629 9692 9629 9628 9693 9536 9535 9693 9535 9691 9694 9692 9628 9694 9628 9627 9695 9537 9536 9695 9536 9693 9696 9694 9627 9696 9627 9626 9697 9538 9537 9697 9537 9695 9698 9696 9626 9698 9626 9625 9699 9539 9538 9699 9538 9697 9700 9698 9625 9700 9625 9624 9701 9540 9539 9701 9539 9699 9702 9700 9624 9702 9624 9623 9703 9541 9540 9703 9540 9701 9704 9702 9623 9704 9623 9622 9705 9542 9541 9705 9541 9703 9706 9704 9622 9706 9622 9621 9707 9543 9542 9707 9542 9705 9708 9706 9621 9708 9621 9620 9709 9544 9543 9709 9543 9707 9710 9708 9620 9710 9620 9619 9711 9545 9544 9711 9544 9709 9712 9710 9619 9712 9619 9618 9713 9546 9545 9713 9545 9711 9714 9712 9618 9714 9618 9617 9715 9547 9546 9715 9546 9713 9716 9714 9617 9716 9617 9616 9717 9548 9547 9717 9547 9715 9718 9616 9615 9718 9716 9616 9719 9548 9717 9549 9548 9719 9720 9718 9615 9720 9615 9614 9721 9549 9719 9722 9614 9613 9722 9720 9614 9550 9721 9723 9550 9549 9721 9724 9722 9613 9612 9724 9613 9725 9724 9612 9551 9550 9723 9551 9723 9726 9611 9725 9612 9611 9727 9725 9552 9726 9728 9552 9551 9726 9610 9727 9611 9610 9729 9727 9553 9728 9730 9553 9552 9728 9609 9729 9610 9609 9731 9729 9554 9730 9732 9554 9553 9730 9608 9731 9609 9608 9733 9731 9555 9732 9734 9555 9554 9732 9607 9733 9608 9607 9735 9733 9556 9555 9734 9556 9734 9736 9606 9735 9607 9606 9737 9735 9557 9736 9738 9557 9556 9736 9605 9739 9737 9605 9737 9606 9558 9738 9740 9558 9557 9738 9604 9741 9739 9604 9739 9605 9559 9740 9742 9559 9558 9740 9603 9743 9741 9603 9741 9604 9560 9742 9744 9560 9559 9742 9602 9743 9603 9602 9745 9743 9561 9744 9746 9561 9560 9744 9601 9745 9602 9601 9747 9745 9562 9746 9748 9562 9561 9746 9600 9747 9601 9600 9749 9747 9563 9748 9750 9563 9562 9748 9599 9749 9600 9599 9751 9749 9564 9750 9752 9564 9563 9750 9598 9753 9751 9598 9751 9599 9565 9564 9752 9565 9752 9754 9597 9755 9753 9597 9753 9598 9566 9565 9754 9566 9754 9756 9596 9757 9755 9596 9755 9597 9567 9566 9756 9567 9756 9758 9595 9759 9757 9595 9757 9596 9568 9758 9760 9568 9567 9758 9594 9761 9759 9594 9759 9595 9569 9568 9760 9569 9760 9762 9593 9763 9761 9593 9761 9594 9570 9569 9762 9570 9762 9764 9592 9763 9593 9592 9765 9763 9571 9570 9764 9571 9764 9766 9591 9765 9592 9591 9767 9765 9572 9571 9766 9572 9766 9768 9590 9767 9591 9590 9769 9767 9573 9572 9768 9573 9768 9770 9589 9769 9590 9589 9771 9769 9574 9573 9770 9574 9770 9772 9588 9773 9771 9588 9771 9589 9575 9574 9772 9575 9772 9774 9587 9773 9588 9587 9775 9773 9576 9575 9774 9576 9774 9776 9586 9775 9587 9586 9777 9775 9577 9576 9776 9577 9776 9778 9585 9777 9586 9585 9779 9777 9578 9577 9778 9578 9778 9780 9584 9779 9585 9584 9781 9779 9579 9578 9780 9579 9780 9782 9583 9781 9584 9583 9783 9781 9580 9579 9782 9580 9782 9784 9582 9783 9583 9582 9785 9783 9581 9580 9784 9581 9785 9582 9581 9784 9785 9418 9420 4134 4134 9420 4133 4133 9422 4135 9420 9422 4133 4135 9424 4136 4136 9424 4137 9422 9424 4135 9424 9426 4137 4137 9428 4138 9426 9428 4137 4138 9430 4139 4139 9430 4140 9428 9430 4138 9430 9432 4140 4140 9434 4141 9432 9434 4140 4141 9436 4142 9434 9436 4141 4142 9438 4144 9436 9438 4142 9438 9440 4144 4144 9440 4146 9440 9442 4146 4146 9442 4148 9442 9444 4148 4148 9444 4150 9444 9446 4150 4150 9446 4152 4152 9446 4154 9446 9448 4154 9448 9450 4154 4154 9450 4155 9450 9452 4155 4155 9452 4157 9452 9454 4157 4157 9454 4159 9454 9456 4159 4159 9456 4161 9456 9458 4161 4161 9458 4163 9458 9460 4163 4163 9460 4399 9460 9462 4399 4399 9462 4400 4400 9464 4401 9462 9464 4400 4401 9466 4402 9464 9466 4401 4402 9468 4403 9466 9468 4402 4403 9470 4392 9468 9470 4403 4392 9473 4390 9470 9473 4392 4390 9475 4388 9473 9475 4390 4388 9477 4386 9475 9477 4388 4386 9479 4383 9477 9479 4386 4383 9481 4381 9479 9481 4383 4381 9483 4377 9481 9483 4381 4377 9485 4371 9483 9485 4377 4371 9487 4365 9485 9487 4371 4365 9489 4364 9487 9489 4365 4364 9491 4358 9489 9491 4364 9491 9493 4358 4358 9493 4351 9493 9495 4351 4351 9495 4344 9495 9497 4344 4344 9497 4343 4343 9497 4336 9497 9499 4336 9499 9501 4336 4336 9501 4329 9501 9503 4329 4329 9503 4324 9503 9505 4324 4324 9505 4323 9505 9507 4323 4323 9507 4316 9507 9509 4316 4316 9509 4308 9509 9511 4308 4308 9511 4307 9511 9513 4307 4307 9513 4299 9513 9515 4299 4299 9515 4291 9515 9517 4291 4291 9517 4290 4290 9517 4281 9517 9519 4281 4281 9519 4273 9519 9521 4273 4273 9521 4271 9521 9523 4271 9523 9525 4271 4271 9525 4264 9525 9527 4264 4264 9527 4255 9527 9529 4255 4255 9529 4247 4247 9529 4245 9529 9531 4245 9531 9533 4245 4245 9533 4240 4240 9533 4232 9533 9532 4232 4232 9530 4231 9532 9530 4232 4231 9528 4224 9530 9528 4231 4224 9526 4215 4215 9526 4214 9528 9526 4224 9526 9524 4214 4214 9524 4207 9524 9522 4207 9522 9520 4207 4207 9520 4199 9520 9518 4199 4199 9518 4198 4198 9518 4192 9518 9516 4192 9516 9514 4192 4192 9514 4183 9514 9512 4183 4183 9512 4178 9512 9510 4178 4178 9510 4176 9510 9508 4176 4176 9508 4170 4170 9508 4092 9508 9506 4092 9506 9504 4092 4092 9504 4086 9504 9502 4086 4086 9502 4081 4081 9500 4079 4079 9500 4082 9502 9500 4081 9500 9498 4082 4082 9496 4084 9498 9496 4082 4084 9494 4090 9496 9494 4084 4090 9492 4094 9494 9492 4090 4094 9490 4172 4172 9490 4173 9492 9490 4094 4173 9488 4047 9490 9488 4173 9488 9486 4047 4047 9484 4046 4046 9484 4044 9486 9484 4047 9484 9482 4044 4044 9480 4041 9482 9480 4044 4041 9478 4040 4040 9478 4038 9480 9478 4041 9478 9476 4038 4038 9474 4035 9476 9474 4038 9474 9472 4035 4035 9472 4034 9472 9471 4034 4034 9471 4032 4032 9471 4029 9471 9469 4029 9469 9467 4029 4029 9467 4025 4025 9467 4022 9467 9465 4022 4022 9465 4018 9465 9463 4018 4018 9461 4014 4014 9461 4010 9463 9461 4018 9461 9459 4010 4010 9457 4006 9459 9457 4010 4006 9455 4001 4001 9455 3996 9457 9455 4006 3996 9453 3994 9455 9453 3996 9453 9451 3994 3994 9449 3991 9451 9449 3994 3991 9447 3995 3995 9447 3998 9449 9447 3991 3998 9445 4003 9447 9445 3998 9445 9443 4003 4003 9441 4007 4007 9441 4011 9443 9441 4003 9441 9439 4011 4011 9437 4015 9439 9437 4011 4015 9435 4019 4019 9435 4023 9437 9435 4015 4023 9433 4026 9435 9433 4023 9433 9431 4026 4026 9429 4030 4030 9429 4143 9431 9429 4026 9429 9427 4143 9427 9425 4143 4143 9425 4145 9425 9423 4145 4145 9423 4147 4147 9423 4149 9423 9421 4149 4149 9421 4151 9421 9419 4151 4151 9419 4153 9419 9417 4153 9417 9415 4153 4153 9415 4156 4156 9415 4158 9415 9413 4158 9413 9411 4158 4158 9411 4160 9411 9409 4160 4160 9409 4162 4162 9409 4164 9409 9408 4164 4164 9408 4165 9408 9410 4165 9410 9412 4165 4165 9412 4166 4166 9412 4167 9412 9414 4167 4167 9416 4168 4168 9416 4134 9414 9416 4167 9416 9418 4134 3650 9670 3652 9670 9672 3652 3652 9674 3654 9672 9674 3652 3654 9676 3656 3656 9676 3658 9674 9676 3654 9676 9678 3658 3658 9680 3660 9678 9680 3658 3660 9682 3662 9680 9682 3660 3662 9684 3664 9682 9684 3662 3664 9686 3666 9684 9686 3664 3666 9688 3668 3668 9688 3670 9686 9688 3666 9688 9690 3670 9690 9692 3670 3670 9692 3672 9692 9694 3672 3672 9694 3674 9694 9696 3674 3674 9696 3676 9696 9698 3676 3676 9698 3678 9698 9700 3678 3678 9700 3680 3680 9700 3682 9700 9702 3682 9702 9704 3682 3682 9704 4027 4027 9704 4020 9704 9706 4020 9706 9708 4020 4020 9708 4016 9708 9710 4016 4016 9710 4012 9710 9712 4012 4012 9712 4008 9712 9714 4008 4008 9714 4004 4004 9716 4002 9714 9716 4004 4002 9716 3999 9716 9718 3999 9718 9720 3999 3999 9720 3992 3992 9722 3990 9720 9722 3992 3990 9724 3993 9722 9724 3990 3993 9725 3997 3997 9725 4000 9724 9725 3993 9725 9727 4000 4000 9729 4005 4005 9729 4009 9727 9729 4000 9729 9731 4009 4009 9733 4013 9731 9733 4009 4013 9735 4017 9733 9735 4013 4017 9737 4021 9735 9737 4017 4021 9739 4024 9737 9739 4021 4024 9741 4028 9739 9741 4024 9741 9743 4028 4028 9743 4031 9743 9745 4031 4031 9745 4033 4033 9745 4036 9745 9747 4036 9747 9749 4036 4036 9749 4037 9749 9751 4037 4037 9751 4039 4039 9751 4042 9751 9753 4042 9753 9755 4042 4042 9755 4043 9755 9757 4043 4043 9757 4045 4045 9757 3864 9757 9759 3864 3864 9759 3860 9759 9761 3860 9761 9763 3860 3860 9763 3856 9763 9765 3856 3856 9765 3852 3852 9765 3847 9765 9767 3847 9767 9769 3847 3847 9769 3845 3845 9769 3842 9769 9771 3842 9771 9773 3842 3842 9773 3837 3837 9773 3833 9773 9775 3833 3833 9775 3828 9775 9777 3828 9777 9779 3828 3828 9779 3826 9779 9781 3826 3826 9781 3821 3821 9781 3815 3815 9783 3810 9781 9783 3815 9783 9785 3810 3810 9784 3808 9785 9784 3810 3808 9782 3803 3803 9782 3797 9784 9782 3808 9782 9780 3797 9780 9778 3797 3797 9778 3795 9778 9776 3795 3795 9776 3787 3787 9776 3777 9776 9774 3777 9774 9772 3777 3777 9772 3768 9772 9770 3768 3768 9770 3767 9770 9768 3767 3767 9768 3750 3750 9768 3748 9768 9766 3748 3748 9766 3747 9766 9764 3747 3747 9764 3745 9764 9762 3745 9762 9760 3745 3745 9760 3743 3743 9760 3742 9760 9758 3742 9758 9756 3742 3742 9756 3740 3740 9754 3737 9756 9754 3740 3737 9752 3735 3735 9752 3733 9754 9752 3737 3733 9750 3730 9752 9750 3733 9750 9748 3730 3730 9746 3729 9748 9746 3730 3729 9744 3726 3726 9744 3723 9746 9744 3729 3723 9742 3722 9744 9742 3723 9742 9740 3722 3722 9738 3719 3719 9738 3716 9740 9738 3722 9738 9736 3716 3716 9734 3713 9736 9734 3716 3713 9732 3711 9734 9732 3713 3711 9730 3709 3709 9730 3706 9732 9730 3711 9730 9728 3706 9728 9726 3706 3706 9726 3705 3705 9726 3702 9726 9723 3702 9723 9721 3702 3702 9721 3699 3699 9721 3695 9721 9719 3695 3695 9717 3694 9719 9717 3695 3694 9715 3689 3689 9715 3685 9717 9715 3694 9715 9713 3685 3685 9713 3683 9713 9711 3683 3683 9709 3686 3686 9709 3691 9711 9709 3683 9709 9707 3691 3691 9705 3692 3692 9705 3696 9707 9705 3691 3696 9703 3681 9705 9703 3696 9703 9701 3681 3681 9699 3679 3679 9699 3677 9701 9699 3681 9699 9697 3677 3677 9695 3675 9697 9695 3677 3675 9693 3673 3673 9693 3671 9695 9693 3675 3671 9691 3669 9693 9691 3671 3669 9689 3667 9691 9689 3669 9689 9687 3667 3667 9685 3665 9687 9685 3667 3665 9683 3663 9685 9683 3665 3663 9681 3661 3661 9681 3659 9683 9681 3663 9681 9679 3659 9679 9677 3659 3659 9677 3657 3657 9677 3655 9677 9675 3655 9675 9673 3655 3655 9673 3653 3653 9673 3651 9673 9671 3651 9671 9669 3651 3651 9669 3649 3649 9669 3647 9669 9667 3647 3647 9667 3645 9667 9665 3645 3645 9665 3643 9665 9663 3643 9663 9661 3643 3643 9661 3640 3640 9661 3641 9661 9660 3641 3641 9660 3642 9660 9662 3642 9662 9664 3642 3642 9664 3644 3644 9666 3646 9664 9666 3644 3646 9666 3648 9666 9668 3648 3648 9668 3650 9668 9670 3650 8410 8412 3792 3792 8412 3790 3790 8414 3785 8412 8414 3790 3785 8416 3782 3782 8416 3779 8414 8416 3785 8416 8418 3779 3779 8420 3775 8418 8420 3779 3775 8422 3773 8420 8422 3775 3773 8424 3771 8422 8424 3773 3771 8426 3769 8424 8426 3771 3769 8428 3764 3764 8428 3762 8426 8428 3769 8428 8430 3762 8430 8432 3762 3762 8432 3760 8432 8434 3760 3760 8434 3758 8434 8436 3758 3758 8436 3756 8436 8438 3756 3756 8438 3754 8438 8440 3754 3754 8440 3751 3751 8440 3752 8440 8442 3752 8442 8444 3752 3752 8444 3753 3753 8444 3755 8444 8446 3755 8446 8448 3755 3755 8448 3757 8448 8450 3757 3757 8450 3759 8450 8452 3759 3759 8452 3761 8452 8454 3761 3761 8454 3763 3763 8456 3765 8454 8456 3763 3765 8456 3770 8456 8458 3770 8458 8460 3770 3770 8460 3772 3772 8462 3774 8460 8462 3772 3774 8464 3778 8462 8464 3774 3778 8465 3780 3780 8465 3783 8464 8465 3778 8465 8468 3783 3783 8469 3788 3788 8469 3791 8468 8469 3783 8469 8471 3791 3791 8473 3793 8471 8473 3791 3793 8476 3798 8473 8476 3793 3798 8477 3800 8476 8477 3798 3800 8479 3804 8477 8479 3800 3804 8481 3806 8479 8481 3804 8481 8483 3806 3806 8483 3811 8483 8485 3811 3811 8485 3812 3812 8485 3816 8485 8487 3816 8487 8489 3816 3816 8489 3818 8489 8491 3818 3818 8491 3822 3822 8491 3824 8491 8493 3824 8493 8495 3824 3824 8495 3829 8495 8497 3829 3829 8497 3830 3830 8497 3834 8497 8499 3834 3834 8499 3838 8499 8501 3838 8501 8503 3838 3838 8503 3840 8503 8505 3840 3840 8505 3843 3843 8505 3848 8505 8507 3848 8507 8509 3848 3848 8509 3850 3850 8509 3853 8509 8512 3853 8512 8514 3853 3853 8514 3857 3857 8514 3861 8514 8515 3861 3861 8515 3865 8515 8518 3865 8518 8519 3865 3865 8519 3867 8519 8522 3867 3867 8522 3869 3869 8522 3870 3870 8524 3872 8522 8524 3870 8524 8525 3872 3872 8523 3874 8525 8523 3872 3874 8521 3877 3877 8521 3878 8523 8521 3874 8521 8520 3878 8520 8517 3878 3878 8517 3880 8517 8516 3880 3880 8516 3881 3881 8516 4218 8516 8513 4218 8513 8511 4218 4218 8511 4216 8511 8510 4216 4216 8510 4205 8510 8508 4205 4205 8508 4196 4196 8508 4185 8508 8506 4185 4185 8506 4175 8506 8504 4175 4175 8504 4088 8504 8502 4088 8502 8500 4088 4088 8500 3988 3988 8500 3986 8500 8498 3986 8498 8496 3986 3986 8496 3984 3984 8494 3982 8496 8494 3984 3982 8492 3980 3980 8492 3977 8494 8492 3982 3977 8490 3975 8492 8490 3977 8490 8488 3975 3975 8486 3973 8488 8486 3975 3973 8484 3971 3971 8484 3969 8486 8484 3973 3969 8482 3967 8484 8482 3969 8482 8480 3967 3967 8478 3964 3964 8478 3962 8480 8478 3967 8478 8475 3962 3962 8474 3960 8475 8474 3962 3960 8472 3958 8474 8472 3960 3958 8470 3956 3956 8470 3953 8472 8470 3958 8470 8467 3953 8467 8466 3953 3953 8466 3949 3949 8466 3945 8466 8463 3945 8463 8461 3945 3945 8461 3941 3941 8461 3934 8461 8459 3934 3934 8457 3930 8459 8457 3934 3930 8455 3926 3926 8455 3922 8457 8455 3930 8455 8453 3922 3922 8453 3916 8453 8451 3916 3916 8449 3912 3912 8449 3908 8451 8449 3916 8449 8447 3908 3908 8445 3904 3904 8445 3897 8447 8445 3908 8445 8443 3897 3897 8441 3893 8443 8441 3897 3893 8439 3890 3890 8439 3886 8441 8439 3893 3886 8437 3884 8439 8437 3886 8437 8435 3884 3884 8433 3888 3888 8433 3895 8435 8433 3884 8433 8431 3895 3895 8429 3899 8431 8429 3895 3899 8427 3902 3902 8427 3906 8429 8427 3899 3906 8425 3910 8427 8425 3906 8425 8423 3910 3910 8421 3914 3914 8421 3917 8423 8421 3910 8421 8419 3917 8419 8417 3917 3917 8417 3923 8417 8415 3923 3923 8415 3927 3927 8415 3932 8415 8413 3932 3932 8413 3935 8413 8411 3935 3935 8411 3938 8411 8409 3938 8409 8407 3938 3938 8407 3942 3942 8407 3946 8407 8405 3946 8405 8403 3946 3946 8403 3951 8403 8401 3951 3951 8401 4109 4109 8401 4111 8401 8400 4111 4111 8400 4113 8400 8402 4113 8402 8404 4113 4113 8404 4115 4115 8404 4117 8404 8406 4117 4117 8408 4119 4119 8408 3792 8406 8408 4117 8408 8410 3792 8662 8664 4517 4517 8664 4514 4514 8666 4511 8664 8666 4514 4511 8668 4508 4508 8668 4505 8666 8668 4511 8668 8670 4505 4505 8672 4503 8670 8672 4505 4503 8674 4500 4500 8674 4497 8672 8674 4503 8674 8676 4497 4497 8678 4494 8676 8678 4497 4494 8680 4492 8678 8680 4494 4492 8682 4489 8680 8682 4492 8682 8684 4489 4489 8684 4486 8684 8686 4486 4486 8686 4484 8686 8688 4484 4484 8688 4481 8688 8690 4481 4481 8690 4478 4478 8690 4476 8690 8692 4476 8692 8694 4476 4476 8694 4473 8694 8696 4473 4473 8696 4470 8696 8698 4470 4470 8698 4468 8698 8700 4468 4468 8700 4465 8700 8702 4465 4465 8702 4462 8702 8704 4462 4462 8704 4459 8704 8706 4459 4459 8706 4457 4457 8708 4454 8706 8708 4457 4454 8710 4451 8708 8710 4454 4451 8712 4449 8710 8712 4451 4449 8714 4446 8712 8714 4449 4446 8717 4443 8714 8717 4446 4443 8719 4441 8717 8719 4443 4441 8721 4437 8719 8721 4441 4437 8723 4433 8721 8723 4437 4433 8725 4430 8723 8725 4433 4430 8727 4427 8725 8727 4430 4427 8729 4423 8727 8729 4427 4423 8731 4419 8729 8731 4423 4419 8733 4416 8731 8733 4419 4416 8735 4412 8733 8735 4416 8735 8737 4412 4412 8737 4410 8737 8739 4410 4410 8739 4414 8739 8741 4414 4414 8741 4417 4417 8741 4420 8741 8743 4420 8743 8745 4420 4420 8745 4424 8745 8747 4424 4424 8747 4428 8747 8749 4428 4428 8749 4431 8749 8751 4431 4431 8751 4434 8751 8753 4434 4434 8753 4438 8753 8755 4438 4438 8755 4442 8755 8757 4442 4442 8757 4444 8757 8759 4444 4444 8759 4447 8759 8761 4447 4447 8761 4450 4450 8761 4452 8761 8763 4452 4452 8763 4455 8763 8765 4455 4455 8765 4458 8765 8767 4458 8767 8769 4458 4458 8769 4460 8769 8771 4460 4460 8771 4463 8771 8773 4463 4463 8773 4466 4466 8773 4469 8773 8775 4469 8775 8777 4469 4469 8777 4471 4471 8777 4474 8777 8776 4474 4474 8774 4477 8776 8774 4474 4477 8772 4479 8774 8772 4477 4479 8770 4482 4482 8770 4485 8772 8770 4479 8770 8768 4485 4485 8768 4487 8768 8766 4487 8766 8764 4487 4487 8764 4490 8764 8762 4490 4490 8762 4493 4493 8762 4495 8762 8760 4495 8760 8758 4495 4495 8758 4498 8758 8756 4498 4498 8756 4501 8756 8754 4501 4501 8754 4504 8754 8752 4504 4504 8752 4506 4506 8752 4509 8752 8750 4509 8750 8748 4509 4509 8748 4512 8748 8746 4512 4512 8746 4515 4515 8744 4518 4518 8744 4520 8746 8744 4515 8744 8742 4520 4520 8740 4523 8742 8740 4520 4523 8738 4526 8740 8738 4523 4526 8736 4529 8738 8736 4526 4529 8734 4532 4532 8734 4534 8736 8734 4529 4534 8732 4537 8734 8732 4534 8732 8730 4537 4537 8728 4951 4951 8728 4953 8730 8728 4537 8728 8726 4953 4953 8724 4960 8726 8724 4953 4960 8722 4968 4968 8722 4980 8724 8722 4960 8722 8720 4980 4980 8718 4984 8720 8718 4980 8718 8716 4984 4984 8716 4988 8716 8715 4988 4988 8715 4992 4992 8715 4995 8715 8713 4995 8713 8711 4995 4995 8711 4999 4999 8711 5001 8711 8709 5001 5001 8709 5006 8709 8707 5006 5006 8705 5010 5010 8705 5014 8707 8705 5006 8705 8703 5014 5014 8701 5017 8703 8701 5014 5017 8699 5019 5019 8699 5025 8701 8699 5017 5025 8697 5029 8699 8697 5025 8697 8695 5029 5029 8693 5032 8695 8693 5029 5032 8691 5036 5036 8691 5040 8693 8691 5032 5040 8689 5043 8691 8689 5040 8689 8687 5043 5043 8685 5047 5047 8685 5051 8687 8685 5043 8685 8683 5051 5051 8681 5053 8683 8681 5051 5053 8679 5060 5060 8679 5063 8681 8679 5053 5063 8677 5149 8679 8677 5063 8677 8675 5149 5149 8673 5148 5148 8673 4545 8675 8673 5149 8673 8671 4545 8671 8669 4545 4545 8669 4544 8669 8667 4544 4544 8667 4543 4543 8667 4542 8667 8665 4542 4542 8665 4541 8665 8663 4541 4541 8663 4540 8663 8661 4540 8661 8659 4540 4540 8659 4539 4539 8659 4538 8659 8657 4538 8657 8655 4538 4538 8655 4536 8655 8653 4536 4536 8653 4533 4533 8653 4531 8653 8652 4531 4531 8652 4528 8652 8654 4528 8654 8656 4528 4528 8656 4525 4525 8656 4522 8656 8658 4522 4522 8660 4519 4519 8660 4517 8658 8660 4522 8660 8662 4517 5071 8914 5070 8914 8916 5070 5070 8918 5072 8916 8918 5070 5072 8920 5073 5073 8920 5074 8918 8920 5072 8920 8922 5074 5074 8924 5075 8922 8924 5074 5075 8926 5078 8924 8926 5075 5078 8928 5080 8926 8928 5078 5080 8930 5081 8928 8930 5080 5081 8932 5083 5083 8932 5085 8930 8932 5081 8932 8934 5085 8934 8936 5085 5085 8936 5087 8936 8938 5087 5087 8938 5089 8938 8940 5089 5089 8940 5091 8940 8942 5091 5091 8942 5093 8942 8944 5093 5093 8944 5095 5095 8944 5150 8944 8946 5150 8946 8948 5150 5150 8948 5151 5151 8948 5062 8948 8950 5062 8950 8952 5062 5062 8952 5059 8952 8954 5059 5059 8954 5056 8954 8956 5056 5056 8956 5052 8956 8958 5052 5052 8958 5048 5048 8960 5044 8958 8960 5048 5044 8960 5041 8960 8962 5041 8962 8964 5041 5041 8964 5037 5037 8966 5033 8964 8966 5037 5033 8968 5028 8966 8968 5033 5028 8969 5026 5026 8969 5022 8968 8969 5028 8969 8971 5022 5022 8973 5018 5018 8973 5015 8971 8973 5022 8973 8975 5015 5015 8977 5011 8975 8977 5015 5011 8979 5007 8977 8979 5011 5007 8981 5003 8979 8981 5007 5003 8983 5000 8981 8983 5003 5000 8985 4996 8983 8985 5000 8985 8987 4996 4996 8987 4991 8987 8989 4991 4991 8989 4989 4989 8989 4985 8989 8991 4985 8991 8993 4985 4985 8993 4981 8993 8995 4981 4981 8995 4976 4976 8995 4969 8995 8997 4969 8997 8999 4969 4969 8999 4959 8999 9001 4959 4959 9001 4952 4952 9001 4942 9001 9003 4942 4942 9003 4936 9003 9005 4936 9005 9007 4936 4936 9007 4929 9007 9009 4929 4929 9009 4924 4924 9009 4917 9009 9011 4917 9011 9013 4917 4917 9013 4912 4912 9013 4907 9013 9015 4907 9015 9017 4907 4907 9017 4902 4902 9017 4895 9017 9019 4895 4895 9019 4890 9019 9021 4890 9021 9023 4890 4890 9023 4887 9023 9025 4887 4887 9025 4883 4883 9025 4878 4878 9027 4876 9025 9027 4878 9027 9029 4876 4876 9028 4880 9029 9028 4876 4880 9026 4885 4885 9026 4888 9028 9026 4880 9026 9024 4888 9024 9022 4888 4888 9022 4894 9022 9020 4894 4894 9020 4897 4897 9020 4903 9020 9018 4903 9018 9016 4903 4903 9016 4908 9016 9014 4908 4908 9014 4915 9014 9012 4915 4915 9012 4920 4920 9012 4927 9012 9010 4927 4927 9010 4933 9010 9008 4933 4933 9008 4938 9008 9006 4938 9006 9004 4938 4938 9004 4945 4945 9004 4956 9004 9002 4956 9002 9000 4956 4956 9000 4964 4964 8998 4974 9000 8998 4964 4974 8996 4979 4979 8996 4982 8998 8996 4974 4982 8994 4986 8996 8994 4982 8994 8992 4986 4986 8990 4990 8992 8990 4986 4990 8988 4993 4993 8988 4997 8990 8988 4990 4997 8986 5002 8988 8986 4997 8986 8984 5002 5002 8982 5004 5004 8982 5008 8984 8982 5002 8982 8980 5008 5008 8978 5012 8980 8978 5008 5012 8976 5016 8978 8976 5012 5016 8974 5020 5020 8974 5023 8976 8974 5016 8974 8972 5023 8972 8970 5023 5023 8970 5027 5027 8970 5030 8970 8967 5030 8967 8965 5030 5030 8965 5034 5034 8965 5038 8965 8963 5038 5038 8961 5042 8963 8961 5038 5042 8959 5045 5045 8959 5049 8961 8959 5042 8959 8957 5049 5049 8957 5054 8957 8955 5054 5054 8953 5057 5057 8953 5061 8955 8953 5054 8953 8951 5061 5061 8949 5064 5064 8949 5066 8951 8949 5061 5066 8947 5068 8949 8947 5066 8947 8945 5068 5068 8943 5106 5106 8943 5107 8945 8943 5068 8943 8941 5107 5107 8939 5108 8941 8939 5107 5108 8937 5109 5109 8937 5110 8939 8937 5108 5110 8935 5077 8937 8935 5110 5077 8933 5076 8935 8933 5077 8933 8931 5076 5076 8929 5079 8931 8929 5076 5079 8927 5082 8929 8927 5079 5082 8925 5084 5084 8925 5086 8927 8925 5082 8925 8923 5086 8923 8921 5086 5086 8921 5088 5088 8921 5090 8921 8919 5090 8919 8917 5090 5090 8917 5092 5092 8917 5094 8917 8915 5094 8915 8913 5094 5094 8913 5096 5096 8913 5097 8913 8911 5097 5097 8911 5098 8911 8909 5098 5098 8909 5099 8909 8907 5099 8907 8905 5099 5099 8905 5100 5100 8905 5101 8905 8904 5101 5101 8904 5102 8904 8906 5102 8906 8908 5102 5102 8908 5103 5103 8910 5104 8908 8910 5103 5104 8910 5105 8910 8912 5105 5105 8912 5071 8912 8914 5071 9166 9168 4742 4742 9168 5137 5137 9170 5139 9168 9170 5137 5139 9172 5141 5141 9172 5143 9170 9172 5139 9172 9174 5143 5143 9176 5146 9174 9176 5143 5146 9178 5147 9176 9178 5146 5147 9180 4978 9178 9180 5147 4978 9182 4973 9180 9182 4978 4973 9184 4967 4967 9184 4962 9182 9184 4973 9184 9186 4962 9186 9188 4962 4962 9188 4955 9188 9190 4955 4955 9190 4948 9190 9192 4948 4948 9192 4941 9192 9194 4941 4941 9194 4935 9194 9196 4935 4935 9196 4919 4919 9196 4911 9196 9198 4911 9198 9200 4911 4911 9200 4900 4900 9200 4882 9200 9202 4882 9202 9204 4882 4882 9204 4872 9204 9206 4872 4872 9206 4868 9206 9208 4868 4868 9208 4865 9208 9210 4865 4865 9210 4858 4858 9212 4855 9210 9212 4858 4855 9212 4851 9212 9214 4851 9214 9216 4851 4851 9216 4847 4847 9218 4844 9216 9218 4847 4844 9220 4837 9218 9220 4844 4837 9221 4834 4834 9221 4830 9220 9221 4837 9221 9224 4830 4830 9225 4826 4826 9225 4820 9224 9225 4830 9225 9227 4820 4820 9229 4816 9227 9229 4820 4816 9232 4812 9229 9232 4816 4812 9233 4809 9232 9233 4812 4809 9235 4802 9233 9235 4809 4802 9237 4799 9235 9237 4802 9237 9239 4799 4799 9239 4795 9239 9241 4795 4795 9241 4791 4791 9241 4785 9241 9243 4785 9243 9245 4785 4785 9245 4781 9245 9247 4781 4781 9247 4777 4777 9247 4773 9247 9249 4773 9249 9251 4773 4773 9251 4770 9251 9253 4770 4770 9253 4764 4764 9253 4760 9253 9255 4760 4760 9255 4756 9255 9257 4756 9257 9259 4756 4756 9259 4752 9259 9261 4752 4752 9261 4748 4748 9261 4745 9261 9263 4745 9263 9265 4745 4745 9265 4743 4743 9265 4750 9265 9268 4750 9268 9270 4750 4750 9270 4753 4753 9270 4757 9270 9271 4757 4757 9271 4761 9271 9274 4761 9274 9275 4761 4761 9275 4765 9275 9278 4765 4765 9278 4717 4717 9278 4714 4714 9280 4710 9278 9280 4714 9280 9281 4710 4710 9279 4707 9281 9279 4710 4707 9277 4703 4703 9277 4699 9279 9277 4707 9277 9276 4699 9276 9273 4699 4699 9273 4694 9273 9272 4694 4694 9272 4691 4691 9272 4685 9272 9269 4685 9269 9267 4685 4685 9267 4681 9267 9266 4681 4681 9266 4678 9266 9264 4678 4678 9264 4672 4672 9264 4668 9264 9262 4668 4668 9262 4664 9262 9260 4664 4664 9260 4659 9260 9258 4659 9258 9256 4659 4659 9256 4655 4655 9256 4651 9256 9254 4651 9254 9252 4651 4651 9252 4648 4648 9250 4644 9252 9250 4648 4644 9248 4640 4640 9248 4634 9250 9248 4644 4634 9246 4631 9248 9246 4634 9246 9244 4631 4631 9242 4627 9244 9242 4631 4627 9240 4625 4625 9240 4629 9242 9240 4627 4629 9238 4632 9240 9238 4629 9238 9236 4632 4632 9234 4636 4636 9234 4642 9236 9234 4632 9234 9231 4642 4642 9230 4645 9231 9230 4642 4645 9228 4649 9230 9228 4645 4649 9226 4652 4652 9226 4656 9228 9226 4649 9226 9223 4656 9223 9222 4656 4656 9222 4662 4662 9222 4665 9222 9219 4665 9219 9217 4665 4665 9217 4669 4669 9217 4675 9217 9215 4675 4675 9213 4679 9215 9213 4675 4679 9211 4682 4682 9211 4688 9213 9211 4679 9211 9209 4688 4688 9209 4692 9209 9207 4692 4692 9205 4697 4697 9205 4700 9207 9205 4692 9205 9203 4700 4700 9201 4704 4704 9201 4708 9203 9201 4700 9201 9199 4708 4708 9197 4711 9199 9197 4708 4711 9195 4715 4715 9195 4718 9197 9195 4711 4718 9193 4719 9195 9193 4718 9193 9191 4719 4719 9189 4720 4720 9189 4721 9191 9189 4719 9189 9187 4721 4721 9185 4722 9187 9185 4721 4722 9183 4723 4723 9183 4724 9185 9183 4722 4724 9181 4725 9183 9181 4724 9181 9179 4725 4725 9177 4726 4726 9177 4727 9179 9177 4725 9177 9175 4727 9175 9173 4727 4727 9173 4728 9173 9171 4728 4728 9171 4729 4729 9171 4730 9171 9169 4730 4730 9169 4731 9169 9167 4731 4731 9167 4732 9167 9165 4732 9165 9163 4732 4732 9163 4733 4733 9163 4734 9163 9161 4734 9161 9159 4734 4734 9159 4735 9159 9157 4735 4735 9157 4736 4736 9157 4737 9157 9156 4737 4737 9156 4738 9156 9158 4738 9158 9160 4738 4738 9160 4739 4739 9160 4740 9160 9162 4740 4740 9164 4741 4741 9164 4742 9162 9164 4740 9164 9166 4742 9786 9787 4966 4966 9787 4972 4972 9788 4977 9787 9788 4972 4977 9789 5114 9788 9789 4977 5114 9790 5115 9789 9790 5114 5115 9791 5116 5116 9791 5117 9790 9791 5115 9791 9792 5117 5117 9793 5118 5118 9793 5119 9792 9793 5117 9793 9794 5119 5119 9795 5120 9794 9795 5119 5120 9796 5121 5121 9796 5122 9795 9796 5120 9796 9797 5122 9797 9798 5122 5122 9798 5123 9798 9799 5123 5123 9799 5124 9799 9800 5124 5124 9800 5125 5125 9800 5126 9800 9801 5126 9801 9802 5126 5126 9802 5127 9802 9803 5127 5127 9803 5128 9803 9804 5128 5128 9804 5129 9804 9805 5129 5129 9805 5130 9805 9806 5130 5130 9806 5131 9806 9807 5131 5131 9807 5132 9807 9808 5132 5132 9808 5133 5133 9809 5134 9808 9809 5133 5134 9809 5135 9809 9810 5135 9810 9811 5135 5135 9811 5136 5136 9812 5138 9811 9812 5136 5138 9813 5140 9812 9813 5138 5140 9814 5142 9813 9814 5140 5142 9815 5144 9814 9815 5142 5144 9816 5145 9815 9816 5144 5145 9817 4971 4971 9817 4963 9816 9817 5145 9817 9818 4963 4963 9819 4958 4958 9819 4950 9818 9819 4963 9819 9820 4950 4950 9821 4944 9820 9821 4950 4944 9822 4937 9821 9822 4944 9822 9823 4937 4937 9823 4932 4932 9823 4923 9823 9824 4923 9824 9825 4923 4923 9825 4913 9825 9826 4913 4913 9826 4905 4905 9826 4893 9826 9827 4893 9827 9828 4893 4893 9828 4873 9828 9829 4873 4873 9829 4870 4870 9829 4866 9829 9830 4866 9830 9831 4866 4866 9831 4863 9831 9832 4863 4863 9832 4860 4860 9832 4856 9832 9833 4856 9833 9834 4856 4856 9834 4853 9834 9835 4853 4853 9835 4849 9835 9836 4849 4849 9836 4845 4845 9836 4842 9836 9837 4842 9837 9838 4842 4842 9838 4839 9838 9839 4839 4839 9839 4835 4835 9839 4832 9839 9840 4832 9840 9841 4832 4832 9841 4828 9841 9842 4828 4828 9842 4824 4824 9842 4821 9842 9843 4821 4821 9844 4817 9843 9844 4821 4817 9845 4814 4814 9845 4810 9844 9845 4817 9845 9846 4810 4810 9847 4806 9846 9847 4810 9847 9848 4806 4806 9848 4803 9848 9849 4803 4803 9849 4800 4800 9849 4797 9849 9850 4797 9850 9851 4797 4797 9851 4793 9851 9852 4793 4793 9852 4788 4788 9852 4786 9852 9853 4786 9853 9854 4786 4786 9854 4783 9854 9855 4783 4783 9855 4779 4779 9855 4775 9855 9856 4775 9856 9857 4775 4775 9857 4771 9857 9858 4771 4771 9858 4768 9858 9859 4768 4768 9859 4766 4766 9860 4762 4762 9860 4758 9859 9860 4766 9860 9861 4758 4758 9862 4754 9861 9862 4758 4754 9863 4749 9862 9863 4754 4749 9864 4746 4746 9864 4744 9863 9864 4749 9864 9865 4744 4744 9866 4747 4747 9866 4751 9865 9866 4744 9866 9867 4751 4751 9868 4755 9867 9868 4751 4755 9869 4759 9868 9869 4755 4759 9870 4763 4763 9870 4767 9869 9870 4759 9870 9871 4767 4767 9872 4769 4769 9872 4772 9871 9872 4767 9872 9873 4772 9873 9874 4772 4772 9874 4776 9874 9875 4776 4776 9875 4780 9875 9876 4780 4780 9876 4784 4784 9876 4787 9876 9877 4787 4787 9878 4790 4790 9878 4794 9877 9878 4787 4794 9879 4798 9878 9879 4794 9879 9880 4798 4798 9881 4801 4801 9881 4805 9880 9881 4798 9881 9882 4805 4805 9883 4808 4808 9883 4811 9882 9883 4805 9883 9884 4811 4811 9885 4815 9884 9885 4811 4815 9886 4819 9885 9886 4815 4819 9887 4822 4822 9887 4825 9886 9887 4819 9887 9888 4825 4825 9889 4829 4829 9889 4833 9888 9889 4825 9889 9890 4833 4833 9891 4836 9890 9891 4833 4836 9892 4840 9891 9892 4836 4840 9893 4843 4843 9893 4846 9892 9893 4840 9893 9894 4846 4846 9895 4850 9894 9895 4846 4850 9896 4854 9895 9896 4850 4854 9897 4857 9896 9897 4854 9897 9898 4857 4857 9898 4861 4861 9898 4864 9898 9899 4864 4864 9900 4867 9899 9900 4864 9900 9901 4867 4867 9901 4871 4871 9901 4881 9901 9902 4881 9902 9903 4881 4881 9903 4899 9903 9904 4899 4899 9904 4910 9904 9905 4910 4910 9905 4918 9905 9906 4918 4918 9906 4926 9906 9907 4926 4926 9907 4934 9907 9908 4934 4934 9908 4940 4940 9908 4947 9908 9909 4947 9909 9910 4947 4947 9910 4954 9910 9911 4954 4954 9911 4961 9911 9786 4961 4961 9786 4966 9895 9897 9896 9901 9900 9899 9903 9902 9901 9889 9891 9890 9889 9892 9891 9887 9889 9888 9887 9892 9889 9885 9887 9886 9885 9893 9892 9885 9894 9893 9885 9892 9887 9908 9907 9906 9788 9787 9786 9877 9879 9878 9877 9880 9879 9791 9789 9788 9791 9790 9789 9791 9788 9786 9874 9876 9875 9874 9877 9876 9874 9880 9877 9874 9881 9880 9874 9882 9881 9874 9883 9882 9793 9792 9791 9794 9793 9791 9870 9872 9871 9870 9873 9872 9870 9874 9873 9869 9874 9870 9868 9874 9869 9799 9795 9794 9799 9796 9795 9799 9797 9796 9799 9798 9797 9799 9794 9791 9867 9874 9868 9865 9867 9866 9802 9791 9786 9802 9800 9799 9802 9801 9800 9802 9904 9903 9802 9905 9904 9802 9906 9905 9802 9799 9791 9802 9909 9908 9802 9910 9909 9802 9911 9910 9802 9786 9911 9802 9903 9901 9802 9908 9906 9864 9867 9865 9862 9874 9867 9862 9867 9864 9862 9864 9863 9805 9804 9803 9806 9805 9803 9860 9895 9894 9860 9883 9874 9860 9874 9862 9860 9894 9885 9860 9862 9861 9860 9884 9883 9860 9885 9884 9807 9803 9802 9807 9806 9803 9808 9807 9802 9858 9860 9859 9857 9860 9858 9810 9809 9808 9811 9810 9808 9855 9857 9856 9855 9860 9857 9812 9811 9808 9854 9860 9855 9814 9813 9812 9815 9814 9812 9851 9853 9852 9849 9851 9850 9848 9851 9849 9846 9851 9848 9846 9848 9847 9821 9816 9815 9821 9817 9816 9821 9818 9817 9821 9819 9818 9821 9820 9819 9823 9822 9821 9823 9821 9815 9842 9853 9851 9842 9851 9846 9842 9844 9843 9842 9845 9844 9842 9846 9845 9842 9854 9853 9825 9815 9812 9825 9823 9815 9825 9824 9823 9841 9898 9897 9841 9897 9895 9841 9854 9842 9841 9895 9860 9841 9860 9854 9839 9841 9840 9829 9826 9825 9829 9827 9826 9829 9828 9827 9830 9829 9825 9836 9838 9837 9836 9839 9838 9836 9841 9839 9831 9830 9825 9833 9899 9898 9833 9898 9841 9833 9825 9812 9833 9901 9899 9833 9832 9831 9833 9835 9834 9833 9836 9835 9833 9802 9901 9833 9841 9836 9833 9831 9825 9833 9808 9802 9833 9812 9808 9912 9913 4051 4051 9913 4049 4049 9914 4053 9913 9914 4049 4053 9915 4057 9914 9915 4053 4057 9916 4062 9915 9916 4057 4062 9917 4064 4064 9917 4067 9916 9917 4062 9917 9918 4067 4067 9919 4071 4071 9919 4073 9918 9919 4067 9919 9920 4073 4073 9921 4077 9920 9921 4073 4077 9922 4095 4095 9922 4097 9921 9922 4077 9922 9923 4097 9923 9924 4097 4097 9924 4179 9924 9925 4179 4179 9925 4189 9925 9926 4189 4189 9926 4190 4190 9926 4200 9926 9927 4200 9927 9928 4200 4200 9928 4211 9928 9929 4211 4211 9929 4212 9929 9930 4212 4212 9930 4221 9930 9931 4221 4221 9931 4228 9931 9932 4228 4228 9932 4237 9932 9933 4237 4237 9933 4238 9933 9934 4238 4238 9934 4248 4248 9935 4256 9934 9935 4248 4256 9935 4258 9935 9936 4258 9936 9937 4258 4258 9937 4266 4266 9938 4275 9937 9938 4266 4275 9939 4283 9938 9939 4275 4283 9940 4284 9939 9940 4283 4284 9941 4292 9940 9941 4284 4292 9942 4301 9941 9942 4292 4301 9943 4310 4310 9943 4099 9942 9943 4301 9943 9944 4099 4099 9945 4098 4098 9945 4100 9944 9945 4099 9945 9946 4100 4100 9947 4101 9946 9947 4100 4101 9948 4102 9947 9948 4101 9948 9949 4102 4102 9949 4103 4103 9949 4104 9949 9950 4104 9950 9951 4104 4104 9951 4105 9951 9952 4105 4105 9952 4106 4106 9952 4107 9952 9953 4107 9953 9954 4107 4107 9954 4108 9954 9955 4108 4108 9955 4110 4110 9955 4112 9955 9956 4112 9956 9957 4112 4112 9957 4114 9957 9958 4114 4114 9958 4116 4116 9958 4118 9958 9959 4118 9959 9960 4118 4118 9960 4120 9960 9961 4120 4120 9961 4121 9961 9962 4121 4121 9962 4122 4122 9962 4123 9962 9963 4123 9963 9964 4123 4123 9964 4124 9964 9965 4124 4124 9965 4125 4125 9965 4126 9965 9966 4126 9966 9967 4126 4126 9967 4127 9967 9968 4127 4127 9968 4128 4128 9968 4129 9968 9969 4129 4129 9970 4130 9969 9970 4129 4130 9971 4131 4131 9971 4132 9970 9971 4130 9971 9972 4132 4132 9973 3950 9972 9973 4132 9973 9974 3950 3950 9974 3947 9974 9975 3947 3947 9975 3943 3943 9975 3939 9975 9976 3939 9976 9977 3939 3939 9977 3936 9977 9978 3936 3936 9978 3931 3931 9978 3928 9978 9979 3928 9979 9980 3928 3928 9980 3924 9980 9981 3924 3924 9981 3920 3920 9981 3918 9981 9982 3918 9982 9983 3918 3918 9983 3913 9983 9984 3913 3913 9984 3909 9984 9985 3909 3909 9985 3905 3905 9986 3901 3901 9986 3898 9985 9986 3905 9986 9987 3898 3898 9988 3894 9987 9988 3898 3894 9989 3891 9988 9989 3894 3891 9990 3887 3887 9990 3885 9989 9990 3891 9990 9991 3885 3885 9992 3889 3889 9992 3892 9991 9992 3885 9992 9993 3892 3892 9994 3896 9993 9994 3892 3896 9995 3900 9994 9995 3896 3900 9996 3903 3903 9996 3907 9995 9996 3900 9996 9997 3907 3907 9998 3911 3911 9998 3915 9997 9998 3907 9998 9999 3915 9999 10000 3915 3915 10000 3919 10000 10001 3919 3919 10001 3921 10001 10002 3921 3921 10002 3925 3925 10002 3929 10002 10003 3929 3929 10004 3933 3933 10004 3937 10003 10004 3929 3937 10005 3940 10004 10005 3937 10005 10006 3940 3940 10007 3944 3944 10007 3948 10006 10007 3940 10007 10008 3948 3948 10009 3952 3952 10009 3954 10008 10009 3948 10009 10010 3954 3954 10011 3955 10010 10011 3954 3955 10012 3957 10011 10012 3955 3957 10013 3959 3959 10013 3961 10012 10013 3957 10013 10014 3961 3961 10015 3963 3963 10015 3965 10014 10015 3961 10015 10016 3965 3965 10017 3966 10016 10017 3965 3966 10018 3968 10017 10018 3966 3968 10019 3970 3970 10019 3972 10018 10019 3968 10019 10020 3972 3972 10021 3974 10020 10021 3972 3974 10022 3976 10021 10022 3974 3976 10023 3978 10022 10023 3976 10023 10024 3978 3978 10024 3979 3979 10024 3981 10024 10025 3981 3981 10026 3983 10025 10026 3981 10026 10027 3983 3983 10027 3985 3985 10027 3987 10027 10028 3987 10028 10029 3987 3987 10029 3989 10029 10030 3989 3989 10030 4076 10030 10031 4076 4076 10031 4074 10031 10032 4074 4074 10032 4070 10032 10033 4070 4070 10033 4066 10033 10034 4066 4066 10034 4061 4061 10034 4060 10034 10035 4060 10035 10036 4060 4060 10036 4056 10036 10037 4056 4056 10037 4052 10037 9912 4052 4052 9912 4051 10021 10023 10022 10027 10026 10025 10029 10028 10027 10015 10017 10016 10015 10018 10017 10013 10015 10014 10013 10018 10015 10011 10013 10012 10011 10019 10018 10011 10020 10019 10011 10018 10013 10034 10033 10032 9914 9913 9912 10003 10005 10004 10003 10006 10005 9917 9915 9914 9917 9916 9915 9917 9914 9912 10000 10002 10001 10000 10003 10002 10000 10006 10003 10000 10007 10006 10000 10008 10007 10000 10009 10008 9919 9918 9917 9920 9919 9917 9996 9998 9997 9996 9999 9998 9996 10000 9999 9995 10000 9996 9994 10000 9995 9925 9921 9920 9925 9922 9921 9925 9923 9922 9925 9924 9923 9925 9920 9917 9993 10000 9994 9991 9993 9992 9928 9917 9912 9928 9926 9925 9928 9927 9926 9928 10030 10029 9928 10031 10030 9928 10032 10031 9928 9925 9917 9928 10035 10034 9928 10036 10035 9928 10037 10036 9928 9912 10037 9928 10029 10027 9928 10034 10032 9990 9993 9991 9988 10000 9993 9988 9993 9990 9988 9990 9989 9931 9930 9929 9932 9931 9929 9986 10021 10020 9986 10009 10000 9986 10000 9988 9986 10020 10011 9986 9988 9987 9986 10010 10009 9986 10011 10010 9933 9929 9928 9933 9932 9929 9934 9933 9928 9984 9986 9985 9983 9986 9984 9936 9935 9934 9937 9936 9934 9981 9983 9982 9981 9986 9983 9938 9937 9934 9980 9986 9981 9940 9939 9938 9941 9940 9938 9977 9979 9978 9975 9977 9976 9974 9977 9975 9972 9977 9974 9972 9974 9973 9947 9942 9941 9947 9943 9942 9947 9944 9943 9947 9945 9944 9947 9946 9945 9949 9948 9947 9949 9947 9941 9968 9979 9977 9968 9977 9972 9968 9970 9969 9968 9971 9970 9968 9972 9971 9968 9980 9979 9951 9941 9938 9951 9949 9941 9951 9950 9949 9967 10024 10023 9967 10023 10021 9967 9980 9968 9967 10021 9986 9967 9986 9980 9965 9967 9966 9955 9952 9951 9955 9953 9952 9955 9954 9953 9956 9955 9951 9962 9964 9963 9962 9965 9964 9962 9967 9965 9957 9956 9951 9959 10025 10024 9959 10024 9967 9959 9951 9938 9959 10027 10025 9959 9958 9957 9959 9961 9960 9959 9962 9961 9959 9928 10027 9959 9967 9962 9959 9957 9951 9959 9934 9928 9959 9938 9934 10038 10039 4892 4892 10039 4914 4914 10039 4922 10039 10040 4922 4922 10041 4931 10040 10041 4922 4931 10042 4943 10041 10042 4931 4943 10043 4949 10042 10043 4943 4949 10044 4957 10043 10044 4949 4957 10045 4970 10044 10045 4957 4970 10046 5111 10045 10046 4970 5111 10047 5112 5112 10047 5113 10046 10047 5111 10047 10048 5113 10048 10049 5113 5113 10049 5069 10049 10050 5069 5069 10050 5067 10050 10051 5067 5067 10051 5065 10051 10052 5065 5065 10052 5058 10052 10053 5058 5058 10053 5055 10053 10054 5055 5055 10054 5050 10054 10055 5050 5050 10055 5046 10055 10056 5046 5046 10056 5039 10056 10057 5039 5039 10057 5035 10057 10058 5035 5035 10058 5031 5031 10058 5024 10058 10059 5024 10059 10060 5024 5024 10060 5021 5021 10061 5013 10060 10061 5021 5013 10062 5009 10061 10062 5013 5009 10063 5005 10062 10063 5009 5005 10064 4998 10063 10064 5005 4998 10065 4994 10064 10065 4998 4994 10066 4987 10065 10066 4994 4987 10067 4983 10066 10067 4987 4983 10068 4975 10067 10068 4983 4975 10069 4965 10068 10069 4975 4965 10070 4946 10069 10070 4965 4946 10071 4939 10070 10071 4946 4939 10072 4928 10071 10072 4939 4928 10073 4921 10072 10073 4928 4921 10074 4909 10073 10074 4921 10074 10075 4909 4909 10075 4904 10075 10076 4904 4904 10076 4898 10076 10077 4898 4898 10077 4889 10077 10078 4889 4889 10078 4886 10078 10079 4886 4886 10079 4877 10079 10080 4877 4877 10080 4875 10080 10081 4875 4875 10081 4879 4879 10081 4884 10081 10082 4884 10082 10083 4884 4884 10083 4891 10083 10084 4891 4891 10084 4896 10084 10085 4896 4896 10085 4901 10085 10086 4901 4901 10086 4906 10086 10087 4906 4906 10087 4916 10087 10088 4916 4916 10088 4925 10088 10089 4925 4925 10089 4930 10089 10090 4930 4930 10090 4712 10090 10091 4712 4712 10091 4705 10091 10092 4705 4705 10092 4695 10092 10093 4695 4695 10093 4686 10093 10094 4686 4686 10094 4674 10094 10095 4674 4674 10095 4660 4660 10096 4639 10095 10096 4660 4639 10097 4623 10096 10097 4639 4623 10098 4621 10097 10098 4623 4621 10099 4617 10098 10099 4621 10099 10100 4617 4617 10100 4613 10100 10101 4613 4613 10101 4608 10101 10102 4608 4608 10102 4605 10102 10103 4605 4605 10103 4600 10103 10104 4600 4600 10104 4596 10104 10105 4596 4596 10105 4592 10105 10106 4592 4592 10106 4588 10106 10107 4588 4588 10107 4584 10107 10108 4584 4584 10108 4580 10108 10109 4580 4580 10109 4576 10109 10110 4576 4576 10110 4573 10110 10111 4573 4573 10111 4569 4569 10112 4564 10111 10112 4569 4564 10113 4561 10112 10113 4564 4561 10114 4556 10113 10114 4561 4556 10115 4552 10114 10115 4556 4552 10116 4548 10115 10116 4552 4548 10117 4546 10116 10117 4548 4546 10118 4550 10117 10118 4546 4550 10119 4554 10118 10119 4550 4554 10120 4558 10119 10120 4554 4558 10121 4562 10120 10121 4558 4562 10122 4566 10121 10122 4562 4566 10123 4570 10122 10123 4566 4570 10124 4574 10123 10124 4570 4574 10125 4578 10124 10125 4574 10125 10126 4578 4578 10126 4582 10126 10127 4582 4582 10127 4586 10127 10128 4586 4586 10128 4590 10128 10129 4590 4590 10129 4594 4594 10130 4598 10129 10130 4594 4598 10131 4602 10130 10131 4598 4602 10132 4606 10131 10132 4602 4606 10133 4610 10132 10133 4606 4610 10134 4614 10133 10134 4610 4614 10135 4618 10134 10135 4614 4618 10136 4690 10135 10136 4618 4690 10137 4693 10136 10137 4690 4693 10138 4702 10137 10138 4693 4702 10139 4706 10138 10139 4702 4706 10140 4709 10139 10140 4706 4709 10141 4713 10140 10141 4709 4713 10142 4716 10141 10142 4713 4716 10143 4774 10142 10143 4716 4774 10144 4778 10143 10144 4774 4778 10145 4782 10144 10145 4778 4782 10146 4789 10145 10146 4782 4789 10147 4792 10146 10147 4789 4792 10148 4796 10147 10148 4792 4796 10149 4804 10148 10149 4796 10149 10150 4804 4804 10150 4807 10150 10151 4807 4807 10151 4813 10151 10152 4813 4813 10152 4818 10152 10153 4818 4818 10153 4823 10153 10154 4823 4823 10154 4827 10154 10155 4827 4827 10155 4831 10155 10156 4831 4831 10156 4838 10156 10157 4838 4838 10157 4841 10157 10158 4841 4841 10158 4848 10158 10159 4848 4848 10159 4852 10159 10160 4852 4852 10160 4859 10160 10161 4859 4859 10161 4862 10161 10162 4862 4862 10162 4869 10162 10163 4869 4869 10163 4874 4874 10038 4892 10163 10038 4874 10164 10148 10147 10165 10148 10164 10165 10149 10148 10166 10147 10146 10166 10164 10147 10167 10150 10149 10167 10149 10165 10168 10146 10145 10168 10166 10146 10169 10150 10167 10169 10151 10150 10170 10145 10144 10170 10168 10145 10171 10152 10151 10171 10151 10169 10172 10144 10143 10172 10170 10144 10173 10153 10152 10173 10152 10171 10174 10143 10142 10174 10172 10143 10175 10154 10153 10175 10153 10173 10176 10142 10141 10176 10174 10142 10177 10155 10154 10177 10154 10175 10178 10141 10140 10178 10176 10141 10179 10155 10177 10179 10156 10155 10180 10140 10139 10180 10178 10140 10181 10157 10156 10181 10156 10179 10182 10139 10138 10182 10180 10139 10183 10158 10157 10183 10157 10181 10184 10182 10138 10184 10138 10137 10185 10159 10158 10185 10158 10183 10186 10184 10137 10186 10137 10136 10187 10160 10159 10187 10159 10185 10188 10186 10136 10188 10136 10135 10189 10161 10160 10189 10160 10187 10190 10188 10135 10190 10135 10134 10191 10162 10161 10191 10161 10189 10192 10190 10134 10192 10134 10133 10193 10163 10162 10193 10162 10191 10194 10133 10132 10194 10192 10133 10195 10038 10163 10195 10163 10193 10196 10194 10132 10196 10132 10131 10197 10039 10038 10197 10038 10195 10198 10196 10131 10198 10131 10130 10199 10040 10039 10199 10039 10197 10200 10198 10130 10200 10130 10129 10201 10041 10040 10201 10040 10199 10202 10200 10129 10202 10129 10128 10203 10042 10041 10203 10041 10201 10204 10202 10128 10204 10128 10127 10205 10043 10042 10205 10042 10203 10206 10204 10127 10206 10127 10126 10207 10044 10043 10207 10043 10205 10208 10206 10126 10208 10126 10125 10209 10045 10044 10209 10044 10207 10210 10208 10125 10210 10125 10124 10211 10046 10045 10211 10045 10209 10212 10210 10124 10212 10124 10123 10213 10047 10046 10213 10046 10211 10214 10212 10123 10214 10123 10122 10215 10048 10047 10215 10047 10213 10216 10214 10122 10216 10122 10121 10217 10049 10048 10217 10048 10215 10218 10216 10121 10218 10121 10120 10219 10050 10049 10219 10049 10217 10220 10218 10120 10220 10120 10119 10221 10051 10050 10221 10050 10219 10222 10220 10119 10118 10222 10119 10223 10052 10051 10223 10051 10221 10224 10222 10118 10225 10053 10052 10225 10052 10223 10117 10224 10118 10226 10224 10117 10054 10053 10225 10054 10225 10227 10116 10226 10117 10116 10228 10226 10229 10054 10227 10055 10054 10229 10115 10230 10228 10115 10228 10116 10056 10055 10229 10056 10231 10232 10056 10229 10231 10114 10230 10115 10114 10233 10230 10057 10056 10232 10057 10232 10234 10113 10233 10114 10113 10235 10233 10058 10057 10234 10058 10234 10236 10112 10235 10113 10112 10237 10235 10059 10058 10236 10111 10237 10112 10111 10238 10237 10060 10059 10236 10060 10236 10239 10110 10240 10238 10110 10238 10111 10061 10239 10241 10061 10060 10239 10109 10242 10240 10109 10240 10110 10062 10243 10244 10062 10241 10243 10062 10061 10241 10108 10245 10242 10108 10242 10109 10063 10062 10244 10107 10246 10245 10107 10245 10108 10064 10247 10248 10064 10244 10247 10064 10063 10244 10106 10249 10246 10106 10246 10107 10065 10064 10248 10065 10248 10250 10105 10251 10249 10105 10249 10106 10066 10065 10250 10066 10250 10252 10104 10251 10105 10104 10253 10251 10067 10066 10252 10067 10252 10254 10103 10253 10104 10103 10255 10253 10068 10254 10256 10068 10067 10254 10102 10257 10255 10102 10255 10103 10069 10256 10258 10069 10068 10256 10101 10259 10257 10101 10257 10102 10070 10069 10258 10100 10260 10259 10100 10259 10101 10071 10258 10261 10071 10070 10258 10099 10262 10260 10099 10260 10100 10072 10263 10264 10072 10261 10263 10072 10071 10261 10098 10265 10262 10098 10262 10099 10073 10072 10264 10097 10266 10265 10097 10265 10098 10074 10073 10264 10074 10267 10268 10074 10264 10267 10096 10266 10097 10096 10269 10266 10075 10074 10268 10075 10268 10270 10095 10271 10269 10095 10269 10096 10076 10075 10270 10076 10270 10272 10094 10271 10095 10094 10273 10271 10077 10076 10272 10093 10273 10094 10093 10274 10273 10078 10077 10272 10078 10275 10276 10078 10272 10275 10092 10274 10093 10092 10277 10274 10079 10078 10276 10091 10277 10092 10091 10278 10277 10080 10279 10280 10080 10276 10279 10080 10079 10276 10090 10281 10278 10090 10278 10091 10081 10080 10280 10081 10280 10282 10089 10281 10090 10089 10283 10281 10082 10081 10282 10088 10284 10283 10088 10283 10089 10083 10082 10282 10083 10282 10285 10087 10284 10088 10087 10286 10284 10084 10287 10288 10084 10285 10287 10084 10083 10285 10086 10289 10286 10086 10286 10087 10085 10084 10288 10085 10288 10289 10085 10289 10086 10290 10291 4701 4701 10291 4698 4698 10291 4689 10291 10292 4689 4689 10293 4683 10292 10293 4689 4683 10294 4680 10293 10294 4683 4680 10295 4676 10294 10295 4680 4676 10296 4670 10295 10296 4676 4670 10297 4666 10296 10297 4670 4666 10298 4657 10297 10298 4666 4657 10299 4653 4653 10299 4650 10298 10299 4657 10299 10300 4650 10300 10301 4650 4650 10301 4646 10301 10302 4646 4646 10302 4637 10302 10303 4637 4637 10303 4633 10303 10304 4633 4633 10304 4630 10304 10305 4630 4630 10305 4626 10305 10306 4626 4626 10306 4624 10306 10307 4624 4624 10307 4628 10307 10308 4628 4628 10308 4635 10308 10309 4635 4635 10309 4641 10309 10310 4641 4641 10310 4643 4643 10310 4647 10310 10311 4647 10311 10312 4647 4647 10312 4654 4654 10313 4658 10312 10313 4654 4658 10314 4663 10313 10314 4658 4663 10315 4667 10314 10315 4663 4667 10316 4671 10315 10316 4667 4671 10317 4677 10316 10317 4671 4677 10318 4684 10317 10318 4677 4684 10319 4619 10318 10319 4684 4619 10320 4615 10319 10320 4619 4615 10321 4611 10320 10321 4615 4611 10322 4607 10321 10322 4611 4607 10323 4603 10322 10323 4607 4603 10324 4599 10323 10324 4603 4599 10325 4595 10324 10325 4599 4595 10326 4591 10325 10326 4595 10326 10327 4591 4591 10327 4587 10327 10328 4587 4587 10328 4583 10328 10329 4583 4583 10329 4579 10329 10330 4579 4579 10330 4575 10330 10331 4575 4575 10331 4571 10331 10332 4571 4571 10332 4567 10332 10333 4567 4567 10333 4563 4563 10333 4559 10333 10334 4559 10334 10335 4559 4559 10335 4555 10335 10336 4555 4555 10336 4551 10336 10337 4551 4551 10337 4384 10337 10338 4384 4384 10338 4380 10338 10339 4380 4380 10339 4374 10339 10340 4374 4374 10340 4369 10340 10341 4369 4369 10341 4362 10341 10342 4362 4362 10342 4355 10342 10343 4355 4355 10343 4348 10343 10344 4348 4348 10344 4340 10344 10345 4340 4340 10345 4333 10345 10346 4333 4333 10346 4326 10346 10347 4326 4326 10347 4318 4318 10348 4311 10347 10348 4318 4311 10349 4302 10348 10349 4311 4302 10350 4295 10349 10350 4302 4295 10351 4286 10350 10351 4295 10351 10352 4286 4286 10352 4276 10352 10353 4276 4276 10353 4268 10353 10354 4268 4268 10354 4259 10354 10355 4259 4259 10355 4251 10355 10356 4251 4251 10356 4241 10356 10357 4241 4241 10357 4234 10357 10358 4234 4234 10358 4226 10358 10359 4226 4226 10359 4220 10359 10360 4220 4220 10360 4208 10360 10361 4208 4208 10361 4202 10361 10362 4202 4202 10362 4194 10362 10363 4194 4194 10363 4187 4187 10364 4181 10363 10364 4187 4181 10365 4171 10364 10365 4181 4171 10366 4093 10365 10366 4171 4093 10367 4089 10366 10367 4093 4089 10368 4083 10367 10368 4089 4083 10369 4080 10368 10369 4083 4080 10370 4085 10369 10370 4080 4085 10371 4091 10370 10371 4085 4091 10372 4169 10371 10372 4091 4169 10373 4177 10372 10373 4169 4177 10374 4182 10373 10374 4177 4182 10375 4191 10374 10375 4182 4191 10376 4197 10375 10376 4191 4197 10377 4206 10376 10377 4197 10377 10378 4206 4206 10378 4213 10378 10379 4213 4213 10379 4223 10379 10380 4223 4223 10380 4230 10380 10381 4230 4230 10381 4239 4239 10382 4246 10381 10382 4239 4246 10383 4254 10382 10383 4246 4254 10384 4263 10383 10384 4254 4263 10385 4272 10384 10385 4263 4272 10386 4280 10385 10386 4272 4280 10387 4289 10386 10387 4280 4289 10388 4298 10387 10388 4289 4298 10389 4306 10388 10389 4298 4306 10390 4315 10389 10390 4306 4315 10391 4322 10390 10391 4315 4322 10392 4328 10391 10392 4322 4328 10393 4335 10392 10393 4328 4335 10394 4342 10393 10394 4335 4342 10395 4350 10394 10395 4342 4350 10396 4357 10395 10396 4350 4357 10397 4363 10396 10397 4357 4363 10398 4370 10397 10398 4363 4370 10399 4376 10398 10399 4370 4376 10400 4382 10399 10400 4376 4382 10401 4385 10400 10401 4382 10401 10402 4385 4385 10402 4387 10402 10403 4387 4387 10403 4389 10403 10404 4389 4389 10404 4391 10404 10405 4391 4391 10405 4404 10405 10406 4404 4404 10406 4405 10406 10407 4405 4405 10407 4406 10407 10408 4406 4406 10408 4407 10408 10409 4407 4407 10409 4408 10409 10410 4408 4408 10410 4394 10410 10411 4394 4394 10411 4393 10411 10412 4393 4393 10412 4395 10412 10413 4395 4395 10413 4396 10413 10414 4396 4396 10414 4397 10414 10415 4397 4397 10415 4398 4398 10290 4701 10415 10290 4398 10416 10400 10399 10417 10401 10400 10417 10400 10416 10418 10399 10398 10418 10416 10399 10419 10402 10401 10419 10401 10417 10420 10398 10397 10420 10418 10398 10421 10403 10402 10421 10402 10419 10422 10397 10396 10422 10420 10397 10423 10404 10403 10423 10403 10421 10424 10396 10395 10424 10422 10396 10425 10404 10423 10425 10405 10404 10426 10395 10394 10426 10424 10395 10427 10406 10405 10427 10405 10425 10428 10394 10393 10428 10426 10394 10429 10407 10406 10429 10406 10427 10430 10393 10392 10430 10428 10393 10431 10408 10407 10431 10407 10429 10432 10392 10391 10432 10430 10392 10433 10409 10408 10433 10408 10431 10434 10391 10390 10434 10432 10391 10435 10410 10409 10435 10409 10433 10436 10434 10390 10436 10390 10389 10437 10411 10410 10437 10410 10435 10438 10436 10389 10438 10389 10388 10439 10412 10411 10439 10411 10437 10440 10438 10388 10440 10388 10387 10441 10413 10412 10441 10412 10439 10442 10440 10387 10442 10387 10386 10443 10414 10413 10443 10413 10441 10444 10442 10386 10444 10386 10385 10445 10415 10414 10445 10414 10443 10446 10385 10384 10446 10444 10385 10447 10290 10415 10447 10415 10445 10448 10446 10384 10448 10384 10383 10449 10291 10290 10449 10290 10447 10450 10448 10383 10450 10383 10382 10451 10292 10291 10451 10291 10449 10452 10450 10382 10452 10382 10381 10453 10293 10292 10453 10292 10451 10454 10452 10381 10454 10381 10380 10455 10294 10293 10455 10293 10453 10456 10454 10380 10456 10380 10379 10457 10295 10294 10457 10294 10455 10458 10456 10379 10458 10379 10378 10459 10296 10295 10459 10295 10457 10460 10458 10378 10460 10378 10377 10461 10297 10296 10461 10296 10459 10462 10460 10377 10462 10377 10376 10463 10298 10297 10463 10297 10461 10464 10462 10376 10464 10376 10375 10465 10299 10298 10465 10298 10463 10466 10464 10375 10466 10375 10374 10467 10300 10299 10467 10299 10465 10468 10466 10374 10468 10374 10373 10469 10301 10300 10469 10300 10467 10470 10468 10373 10470 10373 10372 10471 10302 10301 10471 10301 10469 10472 10470 10372 10472 10372 10371 10473 10303 10302 10473 10302 10471 10474 10472 10371 10370 10474 10371 10475 10304 10303 10475 10303 10473 10476 10474 10370 10477 10305 10304 10477 10304 10475 10369 10476 10370 10478 10476 10369 10306 10477 10479 10306 10305 10477 10368 10478 10369 10368 10480 10478 10307 10306 10479 10307 10479 10481 10482 10307 10481 10367 10483 10480 10367 10480 10368 10308 10307 10482 10308 10482 10484 10366 10483 10367 10366 10485 10483 10309 10308 10484 10309 10484 10486 10365 10485 10366 10365 10487 10485 10310 10309 10486 10310 10486 10488 10364 10489 10487 10364 10487 10365 10311 10310 10488 10363 10490 10489 10363 10489 10364 10312 10311 10488 10312 10491 10492 10312 10488 10491 10362 10493 10490 10362 10490 10363 10313 10312 10492 10361 10494 10493 10361 10493 10362 10314 10495 10496 10314 10492 10495 10314 10313 10492 10360 10497 10494 10360 10494 10361 10315 10314 10496 10359 10498 10497 10359 10497 10360 10316 10315 10496 10316 10499 10500 10316 10496 10499 10358 10501 10498 10358 10498 10359 10317 10316 10500 10317 10500 10502 10357 10503 10501 10357 10501 10358 10318 10317 10502 10318 10502 10504 10356 10503 10357 10356 10505 10503 10319 10318 10504 10319 10504 10506 10355 10507 10505 10355 10505 10356 10320 10506 10508 10320 10319 10506 10354 10509 10507 10354 10507 10355 10321 10508 10510 10321 10320 10508 10353 10511 10509 10353 10509 10354 10322 10321 10510 10352 10512 10511 10352 10511 10353 10323 10510 10513 10323 10322 10510 10351 10514 10512 10351 10512 10352 10324 10515 10516 10324 10513 10515 10324 10323 10513 10350 10517 10514 10350 10514 10351 10325 10324 10516 10349 10518 10517 10349 10517 10350 10326 10325 10516 10326 10519 10520 10326 10516 10519 10348 10521 10518 10348 10518 10349 10327 10326 10520 10327 10520 10522 10347 10523 10521 10347 10521 10348 10328 10327 10522 10346 10523 10347 10346 10524 10523 10329 10328 10522 10329 10525 10526 10329 10522 10525 10345 10524 10346 10345 10527 10524 10330 10329 10526 10344 10528 10527 10344 10527 10345 10331 10526 10529 10331 10330 10526 10343 10528 10344 10343 10530 10528 10332 10331 10529 10332 10531 10532 10332 10529 10531 10342 10533 10530 10342 10530 10343 10333 10332 10532 10333 10532 10534 10341 10533 10342 10341 10535 10533 10334 10333 10534 10340 10536 10535 10340 10535 10341 10335 10334 10534 10335 10534 10537 10339 10536 10340 10339 10538 10536 10336 10537 10539 10336 10335 10537 10338 10540 10538 10338 10538 10339 10337 10541 10540 10337 10539 10541 10337 10540 10338 10337 10336 10539 10542 10543 4604 4604 10543 4609 4609 10543 4612 10543 10544 4612 4612 10545 4616 10544 10545 4612 4616 10546 4620 10545 10546 4616 4620 10547 4622 10546 10547 4620 4622 10548 4638 10547 10548 4622 4638 10549 4661 10548 10549 4638 4661 10550 4673 10549 10550 4661 4673 10551 4687 4687 10551 4696 10550 10551 4673 10551 10552 4696 10552 10553 4696 4696 10553 4535 10553 10554 4535 4535 10554 4530 10554 10555 4530 4530 10555 4527 10555 10556 4527 4527 10556 4524 10556 10557 4524 4524 10557 4521 10557 10558 4521 4521 10558 4516 10558 10559 4516 4516 10559 4513 10559 10560 4513 4513 10560 4510 10560 10561 4510 4510 10561 4507 10561 10562 4507 4507 10562 4502 4502 10562 4499 10562 10563 4499 10563 10564 4499 4499 10564 4496 4496 10565 4491 10564 10565 4496 4491 10566 4488 10565 10566 4491 4488 10567 4483 10566 10567 4488 4483 10568 4480 10567 10568 4483 4480 10569 4475 10568 10569 4480 4475 10570 4472 10569 10570 4475 4472 10571 4467 10570 10571 4472 4467 10572 4464 10571 10572 4467 4464 10573 4461 10572 10573 4464 4461 10574 4456 10573 10574 4461 4456 10575 4453 10574 10575 4456 4453 10576 4448 10575 10576 4453 4448 10577 4445 10576 10577 4448 4445 10578 4439 10577 10578 4445 10578 10579 4439 4439 10579 4435 10579 10580 4435 4435 10580 4429 10580 10581 4429 4429 10581 4425 10581 10582 4425 4425 10582 4421 10582 10583 4421 4421 10583 4415 10583 10584 4415 4415 10584 4411 10584 10585 4411 4411 10585 4409 4409 10585 4413 10585 10586 4413 10586 10587 4413 4413 10587 4418 10587 10588 4418 4418 10588 4422 10588 10589 4422 4422 10589 4426 10589 10590 4426 4426 10590 4432 10590 10591 4432 4432 10591 4436 10591 10592 4436 4436 10592 4440 10592 10593 4440 4440 10593 4356 10593 10594 4356 4356 10594 4349 10594 10595 4349 4349 10595 4341 10595 10596 4341 4341 10596 4334 10596 10597 4334 4334 10597 4325 10597 10598 4325 4325 10598 4317 10598 10599 4317 4317 10599 4309 4309 10600 4300 10599 10600 4309 4300 10601 4293 10600 10601 4300 4293 10602 4282 10601 10602 4293 4282 10603 4274 10602 10603 4282 10603 10604 4274 4274 10604 4265 10604 10605 4265 4265 10605 4257 10605 10606 4257 4257 10606 4249 10606 10607 4249 4249 10607 4236 10607 10608 4236 4236 10608 4229 10608 10609 4229 4229 10609 4222 10609 10610 4222 4222 10610 4210 10610 10611 4210 4210 10611 4201 10611 10612 4201 4201 10612 4188 10612 10613 4188 4188 10613 4180 10613 10614 4180 4180 10614 4096 10614 10615 4096 4096 10615 4078 4078 10616 4072 10615 10616 4078 4072 10617 4068 10616 10617 4072 4068 10618 4063 10617 10618 4068 4063 10619 4058 10618 10619 4063 4058 10620 4054 10619 10620 4058 4054 10621 4050 10620 10621 4054 4050 10622 4055 10621 10622 4050 4055 10623 4059 10622 10623 4055 4059 10624 4065 10623 10624 4059 4065 10625 4069 10624 10625 4065 4069 10626 4075 10625 10626 4069 4075 10627 4087 10626 10627 4075 4087 10628 4174 10627 10628 4087 4174 10629 4184 10628 10629 4174 10629 10630 4184 4184 10630 4195 10630 10631 4195 4195 10631 4204 10631 10632 4204 4204 10632 4217 10632 10633 4217 4217 10633 4225 4225 10634 4233 10633 10634 4225 4233 10635 4243 10634 10635 4233 4243 10636 4252 10635 10636 4243 4252 10637 4261 10636 10637 4252 4261 10638 4269 10637 10638 4261 4269 10639 4278 10638 10639 4269 4278 10640 4287 10639 10640 4278 4287 10641 4296 10640 10641 4287 4296 10642 4304 10641 10642 4296 4304 10643 4313 10642 10643 4304 4313 10644 4320 10643 10644 4313 4320 10645 4330 10644 10645 4320 4330 10646 4337 10645 10646 4330 4337 10647 4345 10646 10647 4337 4345 10648 4352 10647 10648 4345 4352 10649 4359 10648 10649 4352 4359 10650 4366 10649 10650 4359 4366 10651 4372 10650 10651 4366 4372 10652 4378 10651 10652 4372 4378 10653 4547 10652 10653 4378 10653 10654 4547 4547 10654 4549 10654 10655 4549 4549 10655 4553 10655 10656 4553 4553 10656 4557 10656 10657 4557 4557 10657 4560 10657 10658 4560 4560 10658 4565 10658 10659 4565 4565 10659 4568 10659 10660 4568 4568 10660 4572 10660 10661 4572 4572 10661 4577 10661 10662 4577 4577 10662 4581 10662 10663 4581 4581 10663 4585 10663 10664 4585 4585 10664 4589 10664 10665 4589 4589 10665 4593 10665 10666 4593 4593 10666 4597 10666 10667 4597 4597 10667 4601 4601 10542 4604 10667 10542 4601 10668 10652 10651 10669 10652 10668 10669 10653 10652 10670 10651 10650 10670 10668 10651 10671 10654 10653 10671 10653 10669 10672 10650 10649 10672 10670 10650 10673 10654 10671 10673 10655 10654 10674 10649 10648 10674 10672 10649 10675 10656 10655 10675 10655 10673 10676 10648 10647 10676 10674 10648 10677 10657 10656 10677 10656 10675 10678 10647 10646 10678 10676 10647 10679 10658 10657 10679 10657 10677 10680 10646 10645 10680 10678 10646 10681 10659 10658 10681 10658 10679 10682 10645 10644 10682 10680 10645 10683 10659 10681 10683 10660 10659 10684 10644 10643 10684 10682 10644 10685 10661 10660 10685 10660 10683 10686 10643 10642 10686 10684 10643 10687 10662 10661 10687 10661 10685 10688 10686 10642 10688 10642 10641 10689 10663 10662 10689 10662 10687 10690 10688 10641 10690 10641 10640 10691 10664 10663 10691 10663 10689 10692 10690 10640 10692 10640 10639 10693 10665 10664 10693 10664 10691 10694 10692 10639 10694 10639 10638 10695 10666 10665 10695 10665 10693 10696 10694 10638 10696 10638 10637 10697 10667 10666 10697 10666 10695 10698 10637 10636 10698 10696 10637 10699 10542 10667 10699 10667 10697 10700 10698 10636 10700 10636 10635 10701 10543 10542 10701 10542 10699 10702 10700 10635 10702 10635 10634 10703 10544 10543 10703 10543 10701 10704 10702 10634 10704 10634 10633 10705 10545 10544 10705 10544 10703 10706 10704 10633 10706 10633 10632 10707 10546 10545 10707 10545 10705 10708 10706 10632 10708 10632 10631 10709 10547 10546 10709 10546 10707 10710 10708 10631 10710 10631 10630 10711 10548 10547 10711 10547 10709 10712 10710 10630 10712 10630 10629 10713 10549 10548 10713 10548 10711 10714 10712 10629 10714 10629 10628 10715 10550 10549 10715 10549 10713 10716 10714 10628 10716 10628 10627 10717 10551 10550 10717 10550 10715 10718 10716 10627 10718 10627 10626 10719 10552 10551 10719 10551 10717 10720 10718 10626 10720 10626 10625 10721 10553 10552 10721 10552 10719 10722 10720 10625 10722 10625 10624 10723 10554 10553 10723 10553 10721 10724 10722 10624 10724 10624 10623 10725 10555 10554 10725 10554 10723 10726 10724 10623 10622 10726 10623 10727 10556 10555 10727 10555 10725 10728 10726 10622 10729 10557 10556 10729 10556 10727 10621 10728 10622 10730 10728 10621 10558 10557 10729 10558 10729 10731 10620 10730 10621 10620 10732 10730 10733 10558 10731 10559 10558 10733 10619 10734 10732 10619 10732 10620 10560 10559 10733 10560 10735 10736 10560 10733 10735 10618 10734 10619 10618 10737 10734 10561 10560 10736 10561 10736 10738 10617 10737 10618 10617 10739 10737 10562 10561 10738 10562 10738 10740 10616 10739 10617 10616 10741 10739 10563 10562 10740 10615 10741 10616 10615 10742 10741 10564 10563 10740 10564 10740 10743 10614 10744 10742 10614 10742 10615 10565 10743 10745 10565 10564 10743 10613 10746 10744 10613 10744 10614 10566 10747 10748 10566 10745 10747 10566 10565 10745 10612 10749 10746 10612 10746 10613 10567 10566 10748 10611 10750 10749 10611 10749 10612 10568 10751 10752 10568 10748 10751 10568 10567 10748 10610 10753 10750 10610 10750 10611 10569 10568 10752 10569 10752 10754 10609 10755 10753 10609 10753 10610 10570 10569 10754 10570 10754 10756 10608 10755 10609 10608 10757 10755 10571 10570 10756 10571 10756 10758 10607 10757 10608 10607 10759 10757 10572 10758 10760 10572 10571 10758 10606 10761 10759 10606 10759 10607 10573 10760 10762 10573 10572 10760 10605 10763 10761 10605 10761 10606 10574 10573 10762 10604 10764 10763 10604 10763 10605 10575 10762 10765 10575 10574 10762 10603 10766 10764 10603 10764 10604 10576 10767 10768 10576 10765 10767 10576 10575 10765 10602 10769 10766 10602 10766 10603 10577 10576 10768 10601 10770 10769 10601 10769 10602 10578 10577 10768 10578 10771 10772 10578 10768 10771 10600 10770 10601 10600 10773 10770 10579 10578 10772 10579 10772 10774 10599 10775 10773 10599 10773 10600 10580 10579 10774 10580 10774 10776 10598 10775 10599 10598 10777 10775 10581 10580 10776 10597 10777 10598 10597 10778 10777 10582 10581 10776 10582 10779 10780 10582 10776 10779 10596 10778 10597 10596 10781 10778 10583 10582 10780 10595 10781 10596 10595 10782 10781 10584 10783 10784 10584 10780 10783 10584 10583 10780 10594 10785 10782 10594 10782 10595 10585 10584 10784 10585 10784 10786 10593 10785 10594 10593 10787 10785 10586 10585 10786 10592 10788 10787 10592 10787 10593 10587 10586 10786 10587 10786 10789 10591 10788 10592 10591 10790 10788 10588 10791 10792 10588 10789 10791 10588 10587 10789 10590 10793 10790 10590 10790 10591 10589 10588 10792 10589 10792 10793 10589 10793 10590 10794 10795 4260 4260 10795 4267 4267 10795 4277 10795 10796 4277 4277 10797 4285 10796 10797 4277 4285 10798 4294 10797 10798 4285 4294 10799 4303 10798 10799 4294 4303 10800 4312 10799 10800 4303 4312 10801 4319 10800 10801 4312 4319 10802 4327 10801 10802 4319 4327 10803 4332 4332 10803 4339 10802 10803 4327 10803 10804 4339 10804 10805 4339 4339 10805 4347 10805 10806 4347 4347 10806 4354 10806 10807 4354 4354 10807 4361 10807 10808 4361 4361 10808 4368 10808 10809 4368 4368 10809 4375 10809 10810 4375 4375 10810 4379 10810 10811 4379 4379 10811 4373 10811 10812 4373 4373 10812 4367 10812 10813 4367 4367 10813 4360 10813 10814 4360 4360 10814 4353 4353 10814 4346 10814 10815 4346 10815 10816 4346 4346 10816 4338 4338 10817 4331 10816 10817 4338 4331 10818 4321 10817 10818 4331 4321 10819 4314 10818 10819 4321 4314 10820 4305 10819 10820 4314 4305 10821 4297 10820 10821 4305 4297 10822 4288 10821 10822 4297 4288 10823 4279 10822 10823 4288 4279 10824 4270 10823 10824 4279 4270 10825 4262 10824 10825 4270 4262 10826 4253 10825 10826 4262 4253 10827 4244 10826 10827 4253 4244 10828 3883 10827 10828 4244 3883 10829 3882 10828 10829 3883 3882 10830 3879 10829 10830 3882 10830 10831 3879 3879 10831 3876 10831 10832 3876 3876 10832 3875 10832 10833 3875 3875 10833 3873 10833 10834 3873 3873 10834 3871 10834 10835 3871 3871 10835 3868 10835 10836 3868 3868 10836 3866 10836 10837 3866 3866 10837 3862 3862 10837 3858 10837 10838 3858 10838 10839 3858 3858 10839 3854 10839 10840 3854 3854 10840 3849 10840 10841 3849 3849 10841 3844 10841 10842 3844 3844 10842 3839 10842 10843 3839 3839 10843 3835 10843 10844 3835 3835 10844 3831 10844 10845 3831 3831 10845 3825 10845 10846 3825 3825 10846 3823 10846 10847 3823 3823 10847 3819 10847 10848 3819 3819 10848 3817 10848 10849 3817 3817 10849 3813 10849 10850 3813 3813 10850 3807 10850 10851 3807 3807 10851 3805 3805 10852 3801 10851 10852 3805 3801 10853 3799 10852 10853 3801 3799 10854 3794 10853 10854 3799 3794 10855 3789 10854 10855 3794 10855 10856 3789 3789 10856 3784 10856 10857 3784 3784 10857 3781 10857 10858 3781 3781 10858 3738 10858 10859 3738 3738 10859 3734 10859 10860 3734 3734 10860 3731 10860 10861 3731 3731 10861 3727 10861 10862 3727 3727 10862 3724 10862 10863 3724 3724 10863 3720 10863 10864 3720 3720 10864 3717 10864 10865 3717 3717 10865 3714 10865 10866 3714 3714 10866 3710 10866 10867 3710 3710 10867 3707 3707 10868 3703 10867 10868 3707 3703 10869 3700 10868 10869 3703 3700 10870 3697 10869 10870 3700 3697 10871 3690 10870 10871 3697 3690 10872 3687 10871 10872 3690 3687 10873 3684 10872 10873 3687 3684 10874 3688 10873 10874 3684 3688 10875 3693 10874 10875 3688 3693 10876 3698 10875 10876 3693 3698 10877 3701 10876 10877 3698 3701 10878 3704 10877 10878 3701 3704 10879 3708 10878 10879 3704 3708 10880 3712 10879 10880 3708 3712 10881 3715 10880 10881 3712 10881 10882 3715 3715 10882 3718 10882 10883 3718 3718 10883 3721 10883 10884 3721 3721 10884 3725 10884 10885 3725 3725 10885 3728 3728 10886 3732 10885 10886 3728 3732 10887 3736 10886 10887 3732 3736 10888 3739 10887 10888 3736 3739 10889 3741 10888 10889 3739 3741 10890 3744 10889 10890 3741 3744 10891 3746 10890 10891 3744 3746 10892 3749 10891 10892 3746 3749 10893 3766 10892 10893 3749 3766 10894 3776 10893 10894 3766 3776 10895 3786 10894 10895 3776 3786 10896 3796 10895 10896 3786 3796 10897 3802 10896 10897 3796 3802 10898 3809 10897 10898 3802 3809 10899 3814 10898 10899 3809 3814 10900 3820 10899 10900 3814 3820 10901 3827 10900 10901 3820 3827 10902 3832 10901 10902 3827 3832 10903 3836 10902 10903 3832 3836 10904 3841 10903 10904 3836 3841 10905 3846 10904 10905 3841 10905 10906 3846 3846 10906 3851 10906 10907 3851 3851 10907 3855 10907 10908 3855 3855 10908 3859 10908 10909 3859 3859 10909 3863 10909 10910 3863 3863 10910 4048 10910 10911 4048 4048 10911 4186 10911 10912 4186 4186 10912 4193 10912 10913 4193 4193 10913 4203 10913 10914 4203 4203 10914 4209 10914 10915 4209 4209 10915 4219 10915 10916 4219 4219 10916 4227 10916 10917 4227 4227 10917 4235 10917 10918 4235 4235 10918 4242 10918 10919 4242 4242 10919 4250 4250 10794 4260 10919 10794 4250 10920 10904 10903 10921 10905 10904 10921 10904 10920 10922 10920 10903 10922 10903 10902 10923 10906 10905 10923 10905 10921 10924 10902 10901 10924 10922 10902 10925 10907 10906 10925 10906 10923 10926 10901 10900 10926 10924 10901 10927 10908 10907 10927 10907 10925 10928 10900 10899 10928 10926 10900 10929 10908 10927 10929 10909 10908 10930 10899 10898 10930 10928 10899 10931 10910 10909 10931 10909 10929 10932 10898 10897 10932 10930 10898 10933 10911 10910 10933 10910 10931 10934 10897 10896 10934 10932 10897 10935 10912 10911 10935 10911 10933 10936 10896 10895 10936 10934 10896 10937 10913 10912 10937 10912 10935 10938 10895 10894 10938 10936 10895 10939 10914 10913 10939 10913 10937 10940 10938 10894 10940 10894 10893 10941 10915 10914 10941 10914 10939 10942 10940 10893 10942 10893 10892 10943 10916 10915 10943 10915 10941 10944 10942 10892 10944 10892 10891 10945 10917 10916 10945 10916 10943 10946 10944 10891 10946 10891 10890 10947 10918 10917 10947 10917 10945 10948 10946 10890 10948 10890 10889 10949 10919 10918 10949 10918 10947 10950 10889 10888 10950 10948 10889 10951 10794 10919 10951 10919 10949 10952 10888 10887 10952 10950 10888 10953 10795 10794 10953 10794 10951 10954 10952 10887 10954 10887 10886 10955 10796 10795 10955 10795 10953 10956 10954 10886 10956 10886 10885 10957 10797 10796 10957 10796 10955 10958 10956 10885 10958 10885 10884 10959 10798 10797 10959 10797 10957 10960 10958 10884 10960 10884 10883 10961 10798 10959 10961 10799 10798 10962 10960 10883 10962 10883 10882 10963 10800 10799 10963 10799 10961 10964 10962 10882 10964 10882 10881 10965 10801 10800 10965 10800 10963 10966 10964 10881 10966 10881 10880 10967 10802 10801 10967 10801 10965 10968 10966 10880 10968 10880 10879 10969 10803 10802 10969 10802 10967 10970 10968 10879 10970 10879 10878 10971 10804 10803 10971 10803 10969 10972 10970 10878 10972 10878 10877 10973 10805 10804 10973 10804 10971 10974 10972 10877 10974 10877 10876 10975 10806 10805 10975 10805 10973 10976 10974 10876 10976 10876 10875 10977 10807 10806 10977 10806 10975 10978 10976 10875 10874 10978 10875 10979 10808 10807 10979 10807 10977 10980 10978 10874 10981 10809 10808 10981 10808 10979 10873 10980 10874 10982 10980 10873 10810 10981 10983 10810 10809 10981 10872 10984 10982 10872 10982 10873 10985 10810 10983 10811 10810 10985 10871 10986 10984 10871 10984 10872 10812 10811 10985 10812 10987 10988 10812 10985 10987 10870 10986 10871 10870 10989 10986 10813 10812 10988 10813 10988 10990 10869 10989 10870 10869 10991 10989 10814 10813 10990 10814 10990 10992 10868 10993 10991 10868 10991 10869 10815 10814 10992 10867 10993 10868 10867 10994 10993 10816 10815 10992 10816 10995 10996 10816 10992 10995 10866 10997 10994 10866 10994 10867 10817 10996 10998 10817 10816 10996 10865 10999 10997 10865 10997 10866 10818 10998 11000 10818 10817 10998 10864 11001 10999 10864 10999 10865 10819 10818 11000 10863 11002 11001 10863 11001 10864 10820 11003 11004 10820 11000 11003 10820 10819 11000 10862 11005 11002 10862 11002 10863 10821 10820 11004 10861 11006 11005 10861 11005 10862 10822 10821 11004 10822 11007 11008 10822 11004 11007 10860 11006 10861 10860 11009 11006 10823 10822 11008 10823 11008 11010 10859 11009 10860 10859 11011 11009 10824 11010 11012 10824 10823 11010 10858 11013 11011 10858 11011 10859 10825 11012 11014 10825 10824 11012 10857 11015 11013 10857 11013 10858 10826 10825 11014 10856 11016 11015 10856 11015 10857 10827 11014 11017 10827 10826 11014 10855 11018 11016 10855 11016 10856 10828 11019 11020 10828 11017 11019 10828 10827 11017 10854 11021 11018 10854 11018 10855 10829 10828 11020 10853 11022 11021 10853 11021 10854 10830 10829 11020 10830 11023 11024 10830 11020 11023 10852 11022 10853 10852 11025 11022 10831 10830 11024 10831 11024 11026 10851 11025 10852 10851 11027 11025 10832 10831 11026 10832 11026 11028 10850 11029 11027 10850 11027 10851 10833 10832 11028 10833 11028 11030 10849 11031 11029 10849 11029 10850 10834 10833 11030 10848 11031 10849 10848 11032 11031 10835 10834 11030 10835 11033 11034 10835 11030 11033 10847 11032 10848 10847 11035 11032 10836 10835 11034 10836 11034 11036 10846 11037 11035 10846 11035 10847 10837 10836 11036 10845 11037 10846 10845 11038 11037 10838 10837 11036 10838 11036 11039 10844 11040 11038 10844 11038 10845 10839 10838 11039 10839 11039 11041 10843 11040 10844 10843 11042 11040 10840 11043 11044 10840 11041 11043 10840 10839 11041 10842 11045 11042 10842 11042 10843 10841 10840 11044 10841 11044 11045 10841 11045 10842 10511 10512 6852 6852 10512 6856 6856 10514 6860 10512 10514 6856 6860 10517 6866 6866 10517 6870 10514 10517 6860 6870 10518 6875 10517 10518 6870 10518 10521 6875 6875 10523 6880 10521 10523 6875 6880 10524 6884 6884 10524 6889 10523 10524 6880 10524 10527 6889 6889 10528 6894 6894 10528 6897 10527 10528 6889 10528 10530 6897 10530 10533 6897 6897 10533 6902 10533 10535 6902 6902 10535 6906 10535 10536 6906 6906 10536 6911 10536 10538 6911 6911 10538 6916 6916 10538 6919 10538 10540 6919 10540 10541 6919 6919 10541 6921 10541 10539 6921 6921 10539 6932 6932 10539 6933 10539 10537 6933 10537 10534 6933 6933 10534 6935 10534 10532 6935 6935 10532 6948 10532 10531 6948 6948 10531 6949 10531 10529 6949 6949 10529 6950 6950 10526 6964 10529 10526 6950 6964 10525 6965 10526 10525 6964 6965 10522 6966 10525 10522 6965 6966 10520 6978 10522 10520 6966 6978 10519 6979 10520 10519 6978 6979 10516 6991 10519 10516 6979 6991 10515 6992 6992 10515 6993 10516 10515 6991 10515 10513 6993 6993 10510 7004 7004 10510 7005 10513 10510 6993 10510 10508 7005 7005 10506 7006 10508 10506 7005 7006 10504 7016 7016 10504 7017 10506 10504 7006 10504 10502 7017 10502 10500 7017 7017 10500 7028 7028 10500 7029 10500 10499 7029 7029 10496 7039 10499 10496 7029 10496 10495 7039 7039 10495 7040 7040 10495 7062 10495 10492 7062 10492 10491 7062 7062 10491 7063 10491 10488 7063 7063 10488 7055 10488 10486 7055 7055 10486 7056 10486 10484 7056 7056 10484 7057 7057 10484 7058 10484 10482 7058 10482 10481 7058 7058 10481 7049 10481 10479 7049 7049 10479 7050 10479 10477 7050 7050 10477 7051 10477 10475 7051 7051 10475 7041 10475 10473 7041 7041 10473 7042 10473 10471 7042 7042 10471 7043 10471 10469 7043 7043 10469 7044 10469 10467 7044 7044 10467 7018 7018 10467 7019 10467 10465 7019 10465 10463 7019 7019 10463 7020 10463 10461 7020 7020 10461 7021 10461 10459 7021 7021 10459 7022 7022 10457 7023 10459 10457 7022 7023 10455 6994 10457 10455 7023 6994 10453 6995 6995 10453 6996 10455 10453 6994 10453 10451 6996 10451 10449 6996 6996 10449 6997 10449 10447 6997 6997 10447 6998 6998 10447 6970 10447 10445 6970 6970 10445 6971 10445 10443 6971 6971 10443 6972 10443 10441 6972 10441 10439 6972 6972 10439 6973 10439 10437 6973 6973 10437 6974 6974 10437 6975 10437 10435 6975 6975 10435 6976 10435 10433 6976 10433 10431 6976 6976 10431 6951 6951 10431 6946 10431 10429 6946 6946 10429 6945 10429 10427 6945 6945 10425 6943 10427 10425 6945 6943 10423 6944 10425 10423 6943 6944 10421 6941 10423 10421 6944 6941 10419 6942 10421 10419 6941 6942 10417 6925 6925 10417 6920 10419 10417 6942 10417 10416 6920 6920 10418 6918 10416 10418 6920 6918 10420 6913 10418 10420 6918 6913 10422 6909 10420 10422 6913 6909 10424 6910 10422 10424 6909 6910 10426 6900 10424 10426 6910 6900 10428 6896 10426 10428 6900 6896 10430 6892 10428 10430 6896 6892 10432 6886 10430 10432 6892 10432 10434 6886 6886 10434 6882 10434 10436 6882 6882 10436 6878 10436 10438 6878 6878 10438 6872 10438 10440 6872 6872 10440 6868 6868 10442 6863 10440 10442 6868 6863 10444 6858 10442 10444 6863 6858 10446 6854 10444 10446 6858 6854 10448 6849 10446 10448 6854 6849 10450 6845 10448 10450 6849 6845 10452 6841 10450 10452 6845 6841 10454 6836 10452 10454 6841 6836 10456 6831 10454 10456 6836 6831 10458 6827 10456 10458 6831 6827 10460 6822 10458 10460 6827 6822 10462 6818 10460 10462 6822 6818 10464 6813 10462 10464 6818 6813 10466 6809 10464 10466 6813 6809 10468 6806 10466 10468 6809 6806 10470 6803 10468 10470 6806 6803 10472 6800 10470 10472 6803 6800 10474 6797 10472 10474 6800 6797 10476 6795 10474 10476 6797 6795 10478 6793 10476 10478 6795 6793 10480 6792 10478 10480 6793 10480 10483 6792 6792 10483 6796 10483 10485 6796 6796 10485 6798 10485 10487 6798 6798 10487 6801 6801 10487 6804 10487 10489 6804 10489 10490 6804 6804 10490 6807 10490 10493 6807 6807 10493 6812 10493 10494 6812 6812 10494 6815 10494 10497 6815 6815 10497 6819 10497 10498 6819 6819 10498 6825 10498 10501 6825 6825 10501 6829 6829 10501 6833 10501 10503 6833 10503 10505 6833 6833 10505 6838 10505 10507 6838 6838 10507 6843 6843 10507 6847 10507 10509 6847 6847 10509 6852 10509 10511 6852 10259 10260 7124 7124 10260 7129 7129 10262 7132 10260 10262 7129 7132 10265 7135 7135 10265 7138 10262 10265 7132 7138 10266 7141 10265 10266 7138 10266 10269 7141 7141 10271 7144 10269 10271 7141 7144 10273 7148 7148 10273 7158 10271 10273 7144 10273 10274 7158 7158 10277 7159 7159 10277 7160 10274 10277 7158 10277 10278 7160 10278 10281 7160 7160 10281 7163 10281 10283 7163 7163 10283 7164 10283 10284 7164 7164 10284 7168 10284 10286 7168 7168 10286 7169 7169 10286 7170 10286 10289 7170 10289 10288 7170 7170 10288 7171 10288 10287 7171 7171 10287 7176 7176 10287 7177 10287 10285 7177 10285 10282 7177 7177 10282 7178 10282 10280 7178 7178 10280 7179 10280 10279 7179 7179 10279 7184 10279 10276 7184 7184 10276 7185 7185 10275 7186 10276 10275 7185 7186 10272 7187 10275 10272 7186 7187 10270 7193 10272 10270 7187 7193 10268 7194 10270 10268 7193 7194 10267 7195 10268 10267 7194 7195 10264 7196 10267 10264 7195 7196 10263 7197 7197 10263 7198 10264 10263 7196 10263 10261 7198 7198 10258 7204 7204 10258 7205 10261 10258 7198 10258 10256 7205 7205 10254 7206 10256 10254 7205 7206 10252 7207 7207 10252 7208 10254 10252 7206 10252 10250 7208 10250 10248 7208 7208 10248 7209 7209 10248 7217 10248 10247 7217 7217 10244 7218 10247 10244 7217 10244 10243 7218 7218 10243 7219 7219 10243 7220 10243 10241 7220 10241 10239 7220 7220 10239 7221 10239 10236 7221 7221 10236 7222 10236 10234 7222 7222 10234 7223 10234 10232 7223 7223 10232 7230 7230 10232 7231 10232 10231 7231 10231 10229 7231 7231 10229 7232 10229 10227 7232 7232 10227 7233 10227 10225 7233 7233 10225 7234 10225 10223 7234 7234 10223 7235 10223 10221 7235 7235 10221 7224 10221 10219 7224 7224 10219 7225 10219 10217 7225 7225 10217 7226 10217 10215 7226 7226 10215 7227 7227 10215 7228 10215 10213 7228 10213 10211 7228 7228 10211 7229 10211 10209 7229 7229 10209 7210 10209 10207 7210 7210 10207 7211 7211 10205 7212 10207 10205 7211 7212 10203 7213 10205 10203 7212 7213 10201 7214 7214 10201 7215 10203 10201 7213 10201 10199 7215 10199 10197 7215 7215 10197 7216 10197 10195 7216 7216 10195 7199 7199 10195 7200 10195 10193 7200 7200 10193 7201 10193 10191 7201 7201 10191 7202 10191 10189 7202 10189 10187 7202 7202 10187 7203 10187 10185 7203 7203 10185 7188 7188 10185 7189 10185 10183 7189 7189 10183 7190 10183 10181 7190 10181 10179 7190 7190 10179 7191 7191 10179 7192 10179 10177 7192 7192 10177 7180 10177 10175 7180 7180 10173 7181 10175 10173 7180 7181 10171 7182 10173 10171 7181 7182 10169 7183 10171 10169 7182 7183 10167 7172 10169 10167 7183 7172 10165 7173 7173 10165 7174 10167 10165 7172 10165 10164 7174 7174 10166 7175 10164 10166 7174 7175 10168 7165 10166 10168 7175 7165 10170 7166 10168 10170 7165 7166 10172 7167 10170 10172 7166 7167 10174 7161 10172 10174 7167 7161 10176 7162 10174 10176 7161 7162 10178 7157 10176 10178 7162 7157 10180 7150 10178 10180 7157 10180 10182 7150 7150 10182 7145 10182 10184 7145 7145 10184 7143 10184 10186 7143 7143 10186 7139 10186 10188 7139 7139 10188 7136 7136 10190 7134 10188 10190 7136 7134 10192 7130 10190 10192 7134 7130 10194 7128 10192 10194 7130 7128 10196 7122 10194 10196 7128 7122 10198 7120 10196 10198 7122 7120 10200 7118 10198 10200 7120 7118 10202 7114 10200 10202 7118 7114 10204 7111 10202 10204 7114 7111 10206 7108 10204 10206 7111 7108 10208 7105 10206 10208 7108 7105 10210 7103 10208 10210 7105 7103 10212 7099 10210 10212 7103 7099 10214 7097 10212 10214 7099 7097 10216 7095 10214 10216 7097 7095 10218 7091 10216 10218 7095 7091 10220 7089 10218 10220 7091 7089 10222 7087 10220 10222 7089 7087 10224 7083 10222 10224 7087 7083 10226 7082 10224 10226 7083 7082 10228 7080 10226 10228 7082 10228 10230 7080 7080 10230 7085 10230 10233 7085 7085 10233 7088 10233 10235 7088 7088 10235 7090 7090 10235 7093 10235 10237 7093 10237 10238 7093 7093 10238 7096 10238 10240 7096 7096 10240 7098 10240 10242 7098 7098 10242 7101 10242 10245 7101 7101 10245 7104 10245 10246 7104 7104 10246 7107 10246 10249 7107 7107 10249 7109 7109 10249 7113 10249 10251 7113 10251 10253 7113 7113 10253 7116 10253 10255 7116 7116 10255 7119 7119 10255 7121 10255 10257 7121 7121 10257 7124 10257 10259 7124 11015 11016 6511 6511 11016 6513 6513 11018 6515 11016 11018 6513 6515 11021 6517 6517 11021 6519 11018 11021 6515 6519 11022 6521 11021 11022 6519 11022 11025 6521 6521 11027 6523 11025 11027 6521 6523 11029 6525 6525 11029 6527 11027 11029 6523 11029 11031 6527 6527 11032 6529 6529 11032 6531 11031 11032 6527 11032 11035 6531 11035 11037 6531 6531 11037 6533 11037 11038 6533 6533 11038 6535 11038 11040 6535 6535 11040 6537 11040 11042 6537 6537 11042 6539 6539 11042 6541 11042 11045 6541 11045 11044 6541 6541 11044 6543 11044 11043 6543 6543 11043 6545 6545 11043 6547 11043 11041 6547 11041 11039 6547 6547 11039 6549 11039 11036 6549 6549 11036 6551 11036 11034 6551 6551 11034 6553 11034 11033 6553 6553 11033 6555 6555 11030 6557 11033 11030 6555 6557 11028 6558 11030 11028 6557 6558 11026 6692 11028 11026 6558 6692 11024 6693 11026 11024 6692 6693 11023 6684 11024 11023 6693 6684 11020 6685 11023 11020 6684 6685 11019 6686 6686 11019 6678 11020 11019 6685 11019 11017 6678 6678 11014 6679 6679 11014 6670 11017 11014 6678 11014 11012 6670 6670 11010 6671 11012 11010 6670 6671 11008 6672 6672 11008 6663 11010 11008 6671 11008 11007 6663 11007 11004 6663 6663 11004 6664 6664 11004 6665 11004 11003 6665 6665 11000 6656 11003 11000 6665 11000 10998 6656 6656 10998 6657 6657 10998 6648 10998 10996 6648 10996 10995 6648 6648 10995 6649 10995 10992 6649 6649 10992 6650 10992 10990 6650 6650 10990 6640 10990 10988 6640 6640 10988 6641 6641 10988 6642 10988 10987 6642 10987 10985 6642 6642 10985 6635 10985 10983 6635 6635 10983 6636 10983 10981 6636 6636 10981 6637 10981 10979 6637 6637 10979 6638 10979 10977 6638 6638 10977 6644 10977 10975 6644 6644 10975 6645 10975 10973 6645 6645 10973 6646 10973 10971 6646 6646 10971 6652 6652 10971 6653 10971 10969 6653 10969 10967 6653 6653 10967 6654 10967 10965 6654 6654 10965 6659 10965 10963 6659 6659 10963 6660 6660 10961 6661 10963 10961 6660 6661 10959 6667 10961 10959 6661 6667 10957 6668 6668 10957 6674 10959 10957 6667 10957 10955 6674 10955 10953 6674 6674 10953 6675 10953 10951 6675 6675 10951 6676 6676 10951 6681 10951 10949 6681 6681 10949 6682 10949 10947 6682 6682 10947 6688 10947 10945 6688 10945 10943 6688 6688 10943 6689 10943 10941 6689 6689 10941 6690 6690 10941 6611 10941 10939 6611 6611 10939 6608 10939 10937 6608 10937 10935 6608 6608 10935 6605 6605 10935 6556 10935 10933 6556 6556 10933 6554 10933 10931 6554 6554 10929 6552 10931 10929 6554 6552 10927 6550 10929 10927 6552 6550 10925 6548 10927 10925 6550 6548 10923 6546 10925 10923 6548 6546 10921 6544 6544 10921 6542 10923 10921 6546 10921 10920 6542 6542 10922 6540 10920 10922 6542 6540 10924 6538 10922 10924 6540 6538 10926 6536 10924 10926 6538 6536 10928 6534 10926 10928 6536 6534 10930 6532 10928 10930 6534 6532 10932 6530 10930 10932 6532 6530 10934 6528 10932 10934 6530 6528 10936 6526 10934 10936 6528 10936 10938 6526 6526 10938 6524 10938 10940 6524 6524 10940 6522 10940 10942 6522 6522 10942 6520 10942 10944 6520 6520 10944 6518 6518 10946 6516 10944 10946 6518 6516 10948 6514 10946 10948 6516 6514 10950 6512 10948 10950 6514 6512 10952 6510 10950 10952 6512 6510 10954 6508 10952 10954 6510 6508 10956 6506 10954 10956 6508 6506 10958 6504 10956 10958 6506 6504 10960 6502 10958 10960 6504 6502 10962 6500 10960 10962 6502 6500 10964 6498 10962 10964 6500 6498 10966 6496 10964 10966 6498 6496 10968 6494 10966 10968 6496 6494 10970 6492 10968 10970 6494 6492 10972 6490 10970 10972 6492 6490 10974 6488 10972 10974 6490 6488 10976 6486 10974 10976 6488 6486 10978 6484 10976 10978 6486 6484 10980 6482 10978 10980 6484 6482 10982 6481 10980 10982 6482 6481 10984 6480 10982 10984 6481 10984 10986 6480 6480 10986 6483 10986 10989 6483 6483 10989 6485 10989 10991 6485 6485 10991 6487 6487 10991 6489 10991 10993 6489 10993 10994 6489 6489 10994 6491 10994 10997 6491 6491 10997 6493 10997 10999 6493 6493 10999 6495 10999 11001 6495 6495 11001 6497 11001 11002 6497 6497 11002 6499 11002 11005 6499 6499 11005 6501 6501 11005 6503 11005 11006 6503 11006 11009 6503 6503 11009 6505 11009 11011 6505 6505 11011 6507 6507 11011 6509 11011 11013 6509 6509 11013 6511 11013 11015 6511 10763 10764 6842 6842 10764 6846 6846 10766 6853 10764 10766 6846 6853 10769 6857 6857 10769 6862 10766 10769 6853 6862 10770 6867 10769 10770 6862 10770 10773 6867 6867 10775 6871 10773 10775 6867 6871 10777 6877 6877 10777 6881 10775 10777 6871 10777 10778 6881 6881 10781 6890 6890 10781 6891 10778 10781 6881 10781 10782 6891 10782 10785 6891 6891 10785 6895 10785 10787 6895 6895 10787 6901 10787 10788 6901 6901 10788 6904 10788 10790 6904 6904 10790 6908 6908 10790 6914 10790 10793 6914 10793 10792 6914 6914 10792 6927 10792 10791 6927 6927 10791 6928 6928 10791 6929 10791 10789 6929 10789 10786 6929 6929 10786 6930 10786 10784 6930 6930 10784 6934 10784 10783 6934 6934 10783 6936 10783 10780 6936 6936 10780 6956 6956 10779 6957 10780 10779 6956 6957 10776 6958 10779 10776 6957 6958 10774 6959 10776 10774 6958 6959 10772 6960 10774 10772 6959 6960 10771 6961 10772 10771 6960 6961 10768 6962 10771 10768 6961 6962 10767 6984 6984 10767 6985 10768 10767 6962 10767 10765 6985 6985 10762 6986 6986 10762 6987 10765 10762 6985 10762 10760 6987 6987 10758 6988 10760 10758 6987 6988 10756 6989 6989 10756 7007 10758 10756 6988 10756 10754 7007 10754 10752 7007 7007 10752 7008 7008 10752 7009 10752 10751 7009 7009 10748 7010 10751 10748 7009 10748 10747 7010 7010 10747 7011 7011 10747 7030 10747 10745 7030 10745 10743 7030 7030 10743 7031 10743 10740 7031 7031 10740 7032 10740 10738 7032 7032 10738 7033 10738 10736 7033 7033 10736 7034 7034 10736 7045 10736 10735 7045 10735 10733 7045 7045 10733 7046 10733 10731 7046 7046 10731 7047 10731 10729 7047 7047 10729 7048 10729 10727 7048 7048 10727 7054 10727 10725 7054 7054 10725 7052 10725 10723 7052 7052 10723 7053 10723 10721 7053 7053 10721 7059 10721 10719 7059 7059 10719 7060 7060 10719 7061 10719 10717 7061 10717 10715 7061 7061 10715 7064 10715 10713 7064 7064 10713 7036 10713 10711 7036 7036 10711 7037 7037 10709 7025 10711 10709 7037 7025 10707 7026 10709 10707 7025 7026 10705 7013 7013 10705 7014 10707 10705 7026 10705 10703 7014 10703 10701 7014 7014 10701 7000 10701 10699 7000 7000 10699 7001 7001 10699 7002 10699 10697 7002 7002 10697 6981 10697 10695 6981 6981 10695 6982 10695 10693 6982 10693 10691 6982 6982 10691 6983 10691 10689 6983 6983 10689 6968 6968 10689 6969 10689 10687 6969 6969 10687 6953 10687 10685 6953 10685 10683 6953 6953 10683 6954 6954 10683 6955 10683 10681 6955 6955 10681 6938 10681 10679 6938 6938 10677 6939 10679 10677 6938 6939 10675 6940 10677 10675 6939 6940 10673 6926 10675 10673 6940 6926 10671 6923 10673 10671 6926 6923 10669 6924 6924 10669 6917 10671 10669 6923 10669 10668 6917 6917 10670 6912 10668 10670 6917 6912 10672 6907 10670 10672 6912 6907 10674 6903 10672 10674 6907 6903 10676 6899 10674 10676 6903 6899 10678 6893 10676 10678 6899 6893 10680 6887 10678 10680 6893 6887 10682 6883 10680 10682 6887 6883 10684 6879 10682 10684 6883 10684 10686 6879 6879 10686 6873 10686 10688 6873 6873 10688 6869 10688 10690 6869 6869 10690 6864 10690 10692 6864 6864 10692 6859 6859 10694 6855 10692 10694 6859 6855 10696 6850 10694 10696 6855 6850 10698 6844 10696 10698 6850 6844 10700 6840 10698 10700 6844 6840 10702 6834 10700 10702 6840 6834 10704 6828 10702 10704 6834 6828 10706 6823 10704 10706 6828 6823 10708 6817 10706 10708 6823 6817 10710 6810 10708 10710 6817 6810 10712 6805 10710 10712 6810 6805 10714 6799 10712 10714 6805 6799 10716 6791 10714 10716 6799 6791 10718 6789 10716 10718 6791 6789 10720 6787 10718 10720 6789 6787 10722 6785 10720 10722 6787 6785 10724 6783 10722 10724 6785 6783 10726 6781 10724 10726 6783 6781 10728 6779 10726 10728 6781 6779 10730 6778 10728 10730 6779 6778 10732 6777 10730 10732 6778 10732 10734 6777 6777 10734 6780 10734 10737 6780 6780 10737 6782 10737 10739 6782 6782 10739 6784 6784 10739 6786 10739 10741 6786 10741 10742 6786 6786 10742 6788 10742 10744 6788 6788 10744 6790 10744 10746 6790 6790 10746 6794 10746 10749 6794 6794 10749 6802 10749 10750 6802 6802 10750 6808 10750 10753 6808 6808 10753 6814 6814 10753 6821 10753 10755 6821 10755 10757 6821 6821 10757 6826 10757 10759 6826 6826 10759 6832 6832 10759 6837 10759 10761 6837 6837 10761 6842 10761 10763 6842 902 904 903 902 905 904 902 906 905 902 907 906 902 908 907 899 901 900 895 897 896 921 914 913 921 915 914 921 916 915 921 917 916 921 918 917 921 919 918 921 920 919 1017 893 892 926 922 921 926 923 922 926 924 923 926 925 924 1014 1016 1015 1013 894 893 1013 895 894 1013 1017 1016 1013 893 1017 1013 1016 1014 929 927 926 929 928 927 1011 895 1013 1011 898 897 1011 899 898 1011 902 901 1011 1013 1012 1011 901 899 1011 897 895 931 930 929 932 929 926 932 931 929 932 912 911 932 913 912 932 921 913 932 926 921 1008 1010 1009 934 932 911 934 933 932 1005 1007 1006 1005 1010 1008 1005 1008 1007 937 935 934 937 936 935 1003 1005 1004 1003 1010 1005 939 937 934 939 938 937 1002 1010 1003 940 939 934 999 1001 1000 999 1002 1001 999 909 908 999 1011 1010 999 910 909 999 908 902 999 1010 1002 999 902 1011 943 942 941 997 999 998 945 941 940 945 944 943 945 943 941 995 997 996 995 999 997 948 946 945 948 947 946 948 945 940 993 995 994 993 999 995 951 949 948 951 950 949 951 940 934 951 948 940 990 992 991 952 951 934 989 992 990 989 993 992 989 999 993 954 953 952 986 999 989 986 988 987 986 989 988 956 955 954 957 956 954 984 999 986 984 986 985 958 954 952 958 957 954 960 959 958 981 983 982 980 983 981 963 962 961 964 960 958 964 963 961 964 961 960 975 977 976 975 978 977 975 979 978 968 966 965 968 967 966 969 968 965 972 983 980 972 979 975 972 974 973 972 975 974 972 980 979 972 984 983 970 969 965 970 965 964 971 952 934 971 999 984 971 911 910 971 984 972 971 958 952 971 964 958 971 910 999 971 970 964 971 934 911 587 589 588 587 590 589 587 591 590 587 592 591 587 593 592 584 586 585 580 582 581 606 599 598 606 600 599 606 601 600 606 602 601 606 603 602 606 604 603 606 605 604 702 578 577 611 607 606 611 608 607 611 609 608 611 610 609 699 701 700 698 579 578 698 580 579 698 702 701 698 578 702 698 701 699 614 612 611 614 613 612 696 580 698 696 583 582 696 584 583 696 587 586 696 698 697 696 586 584 696 582 580 616 615 614 617 614 611 617 616 614 617 597 596 617 598 597 617 606 598 617 611 606 693 695 694 619 617 596 619 618 617 690 692 691 690 695 693 690 693 692 622 620 619 622 621 620 688 690 689 688 695 690 624 622 619 624 623 622 687 695 688 625 624 619 684 686 685 684 687 686 684 594 593 684 696 695 684 595 594 684 593 587 684 695 687 684 587 696 628 627 626 682 684 683 630 626 625 630 629 628 630 628 626 680 682 681 680 684 682 633 631 630 633 632 631 633 630 625 678 680 679 678 684 680 636 634 633 636 635 634 636 625 619 636 633 625 675 677 676 637 636 619 674 677 675 674 678 677 674 684 678 639 638 637 671 684 674 671 673 672 671 674 673 641 640 639 642 641 639 669 684 671 669 671 670 643 639 637 643 642 639 645 644 643 666 668 667 665 668 666 648 647 646 649 645 643 649 648 646 649 646 645 660 662 661 660 663 662 660 664 663 653 651 650 653 652 651 654 653 650 657 668 665 657 664 660 657 659 658 657 660 659 657 665 664 657 669 668 655 654 650 655 650 649 656 637 619 656 684 669 656 596 595 656 669 657 656 643 637 656 649 643 656 595 684 656 655 649 656 619 596</p>
        </triangles>
      </mesh>
    </geometry>
  </library_geometries>
  <library_visual_scenes>
    <visual_scene id="DefaultScene">
      <node id="node_cacdd6eb_54de_4a88_af29_4b8c7a6f8c36" type="NODE">
        <matrix>1 0 0 0 0 1 0 0 0 0 1 0 0 0 0 1</matrix>
        <node id="node_5f891363_b60a_4f23_9f64_a541a17229bc" type="NODE">
          <matrix>1 0 0 0 0 1 0 0 0 0 1 0 0 0 0 1</matrix>
          <node id="node_5f891363_b60a_4f23_9f64_a541a17229bc_mesh0" type="NODE">
            <matrix>1 0 0 0 0 1 0 0 0 0 1 0 0 0 0 1</matrix>
            <instance_geometry url="#geometry_e322ed10_901e_44b0_b494_9ec4557bacb0">
              <bind_material>
                <technique_common>
                  <instance_material symbol="mat_0" target="#mat_0"/>
                </technique_common>
              </bind_material>
            </instance_geometry>
          </node>
        </node>
      </node>
    </visual_scene>
  </library_visual_scenes>
  <scene>
    <instance_visual_scene url="#DefaultScene"/>
  </scene>
</COLLADA>
