<?xml version="1.0" encoding="utf-8"?>
<COLLADA xmlns="http://www.collada.org/2005/11/COLLADASchema" version="1.4.1">
  <asset>
    <contributor>
      <authoring_tool>Blender COLLADA Exporter</authoring_tool>
    </contributor>
    <up_axis>Z_UP</up_axis>
  </asset>
  <library_effects>
    <effect id="mat_16-effect">
      <profile_COMMON>
        <technique sid="common">
          <lambert>
            <emission>
              <color sid="emission">0 0 0 1</color>
            </emission>
            <diffuse>
              <color sid="diffuse">0.8 0.8 0.8 1</color>
            </diffuse>
          </lambert>
        </technique>
      </profile_COMMON>
    </effect>
  </library_effects>
  <library_materials>
    <material id="mat_16-material" name="mat_16">
      <instance_effect url="#mat_16-effect"/>
    </material>
  </library_materials>
  <library_geometries>
    <geometry id="geometry_01b0d4d9_8c22_48bc_b1f9_2a0e74ea27a6-mesh" name="geometry_01b0d4d9_8c22_48bc_b1f9_2a0e74ea27a6">
      <mesh>
        <source id="geometry_01b0d4d9_8c22_48bc_b1f9_2a0e74ea27a6-mesh-positions">
          <float_array id="geometry_01b0d4d9_8c22_48bc_b1f9_2a0e74ea27a6-mesh-positions-array" count="21468">-459.8 38.3002 -52.0357 -459.8 39.8358 -52.0357 -160.2 39.8358 -52.0357 -160.2 38.3002 -52.0357 -459.8 39.8358 -63.5098 -459.8 38.3 -63.5098 -160.2 38.3 -63.5098 -160.2 39.8358 -63.5098 -459.8 38.3 -63.5099 -160.2 38.3 -63.5099 -161.914 35.2037 -58.3787 -161.919 35.1966 -57.3507 -161.872 35.1916 -56.8775 -161.71 35.1858 -56.4351 -161.442 35.18 -56.049 -161.084 35.1749 -55.7427 -160.661 35.1712 -55.536 -160.2 35.1694 -55.4419 -160.057 35.1693 -55.4365 -160.04 34.807 -55.5709 -160.028 34.4695 -55.7678 -160.018 34.1642 -56.0188 -160.011 33.8984 -56.3154 -160.007 33.6797 -56.6492 -160.004 33.5154 -57.012 -160.003 33.4131 -57.3952 -160.003 33.3801 -57.7905 -160.003 33.4209 -58.1846 -160.004 33.5299 -58.566 -160.007 33.6999 -58.9264 -160.011 33.9233 -59.2572 -160.018 34.1928 -59.5502 -160.028 34.5009 -59.797 -160.04 34.8404 -59.9891 -160.057 35.2037 -60.1182 -160.2 35.2037 -60.1128 -160.528 35.2039 -60.0584 -160.841 35.2044 -59.9468 -161.129 35.2049 -59.7814 -161.383 35.2053 -59.5676 -161.595 35.2056 -59.3119 -161.757 35.2055 -59.0222 -161.865 35.2049 -58.7083 -161.866 35.0858 -58.5051 -161.868 34.9057 -58.0695 -161.871 34.8766 -57.721 -161.864 34.9821 -57.2137 -161.873 35.149 -58.5711 -161.775 35.0968 -58.8529 -161.633 35.0595 -59.1188 -161.453 35.0375 -59.3637 -161.162 35.032 -59.6487 -160.823 35.0545 -59.8744 -160.451 35.1054 -60.0284 -160.421 34.3882 -55.9072 -160.794 34.4188 -56.0413 -161.135 34.4989 -56.2317 -161.43 34.6226 -56.4685 -161.614 34.7403 -56.6704 -161.76 34.8768 -56.8886 -161.864 35.0294 -57.1189 -161.867 35.0819 -57.0415 -161.765 34.9759 -56.7827 -161.62 34.8856 -56.5379 -161.438 34.8123 -56.3117 -161.144 34.7436 -56.047 -160.805 34.7112 -55.8352 -160.433 34.7187 -55.6876 -160.451 35.0745 -55.526 -160.823 35.0256 -55.6806 -161.162 35.0062 -55.9067 -161.453 35.0155 -56.1919 -161.634 35.0409 -56.4366 -161.775 35.0817 -56.7023 -161.873 35.1378 -56.9835 -160.414 34.0921 -56.1776 -160.789 34.1566 -56.2928 -161.132 34.2792 -56.4559 -161.428 34.452 -56.6584 -161.613 34.6096 -56.8308 -161.76 34.7874 -57.0171 -161.868 34.9094 -57.4463 -160.41 33.8395 -56.4917 -160.788 33.9327 -56.5839 -161.133 34.0915 -56.7147 -161.431 34.3061 -56.8773 -161.616 34.4975 -57.0159 -161.763 34.7107 -57.1656 -161.865 34.9416 -57.3236 -160.409 33.6396 -56.8422 -160.79 33.7554 -56.9086 -161.136 33.9427 -57.0032 -161.435 34.1902 -57.1213 -161.62 34.4085 -57.2221 -161.766 34.6498 -57.3311 -161.87 34.8877 -57.9581 -160.409 33.5015 -57.2222 -160.792 33.6329 -57.2607 -161.14 33.8397 -57.3165 -161.44 34.1101 -57.3863 -161.625 34.3469 -57.4462 -161.77 34.6077 -57.511 -161.87 34.8872 -57.5795 -160.41 33.4343 -57.6243 -160.794 33.5732 -57.6345 -161.143 33.7896 -57.6495 -161.443 34.0711 -57.6685 -161.628 34.317 -57.6847 -161.772 34.5873 -57.7023 -161.864 34.9743 -58.3035 -160.41 33.4386 -57.9651 -160.794 33.577 -57.952 -161.143 33.7929 -57.9329 -161.443 34.0737 -57.9087 -161.628 34.3192 -57.8879 -161.772 34.5889 -57.8653 -161.871 34.8777 -57.8413 -160.409 33.4966 -58.2965 -160.793 33.6286 -58.26 -161.141 33.8363 -58.2072 -161.44 34.1078 -58.1411 -161.625 34.3456 -58.0844 -161.77 34.6073 -58.023 -160.409 33.6034 -58.6134 -160.79 33.7235 -58.5539 -161.137 33.9162 -58.4687 -161.437 34.1702 -58.3624 -161.622 34.3938 -58.2716 -161.767 34.6406 -58.1733 -160.409 33.7538 -58.9117 -160.789 33.8571 -58.8302 -161.134 34.0286 -58.7144 -161.433 34.2579 -58.5703 -161.618 34.4614 -58.4474 -161.764 34.6872 -58.3146 -161.866 34.9308 -58.1743 -160.412 34.018 -59.2789 -160.788 34.0915 -59.1705 -161.132 34.2255 -59.017 -161.429 34.4115 -58.8265 -161.614 34.5796 -58.6641 -161.761 34.7684 -58.4887 -160.419 34.3398 -59.5942 -160.793 34.3769 -59.4637 -161.134 34.465 -59.2784 -161.429 34.5978 -59.0479 -161.613 34.7227 -58.8515 -161.76 34.8666 -58.6391 -161.864 35.0267 -58.4148 -160.431 34.7066 -59.8474 -160.804 34.7017 -59.7012 -161.143 34.7371 -59.4913 -161.436 34.809 -59.229 -161.619 34.8848 -59.0047 -161.764 34.9775 -58.7618 -160.2 35.1693 -55.4365 -160.2 35.2037 -60.1182 -160.2 34.9843 -68.6392 -160.2 34.4019 -77.0836 -160.2 33.461 -85.39 -160.2 32.1682 -93.4977 -459.8 32.1682 -93.4977 -459.8 33.461 -85.39 -459.8 34.4019 -77.0836 -459.8 34.9843 -68.6392 -459.8 35.2037 -60.1182 -459.943 35.2037 -60.1182 -459.801 35.2037 -60.1128 -459.34 35.2041 -60.0186 -458.916 35.2048 -59.812 -458.559 35.2054 -59.5056 -458.29 35.2055 -59.1194 -458.129 35.2048 -58.677 -458.081 35.2029 -58.2037 -458.086 35.1949 -57.1757 -458.136 35.1912 -56.8462 -458.243 35.1872 -56.5324 -458.406 35.183 -56.2427 -458.617 35.179 -55.987 -458.871 35.1754 -55.7733 -459.16 35.1725 -55.6079 -459.473 35.1704 -55.4963 -459.801 35.1694 -55.4419 -459.943 35.1693 -55.4365 -459.8 35.1693 -55.4365 -459.8 34.8149 -46.7623 -459.8 34.0852 -38.1743 -459.8 32.9859 -29.7372 -459.8 31.5253 -21.5149 -160.2 31.5253 -21.5149 -160.2 32.9859 -29.7372 -160.2 34.0852 -38.1743 -160.2 34.8149 -46.7623 -359.981 33.2463 -31.4879 -260.019 33.2463 -31.4879 -359.981 35.0815 -52.2044 -260.019 35.0815 -52.2044 -359.981 35.1754 -62.7189 -260.019 35.1754 -62.7189 -359.981 33.7107 -83.4803 -260.019 33.7107 -83.4803 -260.019 35.1976 -57.4607 -359.981 35.1976 -57.4607 -260.019 34.7168 -73.1828 -359.981 34.7168 -73.1828 -359.981 35.015 -67.9644 -260.019 35.015 -67.9644 -260.019 34.2816 -78.3595 -359.981 34.2816 -78.3595 -260.019 33.0055 -88.5311 -359.981 33.0055 -88.5311 -359.981 34.4361 -41.7556 -260.019 34.4361 -41.7556 -260.019 34.8274 -46.9645 -359.981 34.8274 -46.9645 -359.981 33.9086 -36.5919 -260.019 33.9086 -36.5919 -359.981 32.4512 -26.4576 -260.019 32.4512 -26.4576 -160.2 35.7936 -55.3528 -160.2 36.4183 -55.4331 -160.2 37.0012 -55.672 -160.2 37.5026 -56.0531 -160.2 37.8888 -56.5507 -160.2 38.1334 -57.1311 -160.2 38.2199 -57.755 -160.2 38.1426 -58.3801 -160.2 37.9065 -58.9641 -160.2 37.5277 -59.4674 -160.2 37.0319 -59.8558 -160.2 36.4526 -60.1032 -160.2 35.8291 -60.1926 -155 38.22 -57.7728 -155 38.1375 -57.1465 -155 37.8958 -56.5628 -155 37.5112 -56.0616 -155 37.01 -55.677 -155 36.4263 -55.4353 -155 35.8 -55.3528 -155 35.1737 -55.4353 -155 34.59 -55.677 -155 34.0888 -56.0616 -155 33.7042 -56.5628 -155 33.4625 -57.1465 -155 33.38 -57.7728 -155 33.4625 -58.3992 -155 33.7042 -58.9828 -155 34.0888 -59.484 -155 34.59 -59.8686 -155 35.1737 -60.1104 -155 35.8 -60.1928 -155 36.4263 -60.1104 -155 37.01 -59.8686 -155 37.5112 -59.484 -155 37.8958 -58.9828 -155 38.1375 -58.3992 -160.2 32.6524 -22.7194 -160.2 33.6611 -24.0246 -160.2 34.5424 -25.419 -160.2 36.0174 -28.0162 -160.2 37.0035 -30.0476 -160.2 37.7198 -32.1891 -160.2 38.1545 -34.4049 -160.2 38.3002 -36.6583 -160.2 38.3002 -63.5099 -160.2 38.3002 -78.8875 -160.2 38.1545 -81.1408 -160.2 37.7199 -83.3566 -160.2 37.0036 -85.498 -160.2 36.0175 -87.5294 -160.2 34.3528 -90.4607 -160.2 33.6976 -91.5242 -160.2 32.9681 -92.5383 -459.96 34.8395 -59.9891 -459.973 34.4991 -59.7972 -459.983 34.1901 -59.5507 -459.989 33.92 -59.2581 -459.994 33.6964 -58.9275 -459.996 33.5269 -58.5672 -459.997 33.4189 -58.1855 -459.998 33.3801 -57.7907 -459.998 33.4151 -57.3961 -459.996 33.5185 -57.0131 -459.994 33.6831 -56.6503 -459.989 33.9017 -56.3162 -459.983 34.1668 -56.0192 -459.973 34.4713 -55.768 -459.96 34.8079 -55.5709 -458.135 35.0751 -57.0511 -458.132 34.9015 -57.4893 -458.129 34.8774 -57.8382 -458.137 34.9904 -58.3439 -458.128 35.1374 -56.9842 -458.226 35.081 -56.7032 -458.367 35.0398 -56.4379 -458.547 35.0142 -56.1933 -458.839 35.0045 -55.9084 -459.177 35.0237 -55.6824 -459.55 35.0723 -55.5277 -459.58 34.4158 -59.659 -459.206 34.4444 -59.5245 -458.866 34.5217 -59.3329 -458.57 34.6419 -59.0943 -458.386 34.7567 -58.8907 -458.24 34.8899 -58.6705 -458.137 35.0391 -58.438 -458.134 35.0927 -58.5147 -458.236 34.9905 -58.775 -458.38 34.9038 -59.0211 -458.563 34.8339 -59.2484 -458.856 34.769 -59.514 -459.195 34.7398 -59.7263 -459.568 34.7495 -59.8737 -459.55 35.1076 -60.0301 -459.177 35.0565 -59.8762 -458.839 35.0337 -59.6504 -458.547 35.0388 -59.3651 -458.367 35.0606 -59.12 -458.226 35.0975 -58.8538 -458.128 35.1494 -58.5718 -459.587 34.1157 -59.393 -459.211 34.1785 -59.2768 -458.869 34.2988 -59.112 -458.572 34.4686 -58.907 -458.387 34.6235 -58.7322 -458.241 34.7986 -58.5433 -458.133 34.9143 -58.1124 -459.591 33.8585 -59.0827 -459.212 33.9504 -58.989 -458.868 34.1072 -58.8559 -458.57 34.3194 -58.6902 -458.385 34.5088 -58.5489 -458.238 34.7198 -58.396 -458.135 34.9483 -58.2346 -459.592 33.6535 -58.7351 -459.211 33.7683 -58.6671 -458.864 33.9542 -58.5696 -458.565 34.2 -58.4479 -458.38 34.4168 -58.344 -458.234 34.6564 -58.2314 -458.13 34.8851 -57.601 -459.591 33.5098 -58.3572 -459.208 33.6406 -58.3167 -458.86 33.8466 -58.2579 -458.561 34.1159 -58.1841 -458.376 34.3519 -58.1208 -458.231 34.6116 -58.0522 -458.131 34.8901 -57.9796 -459.591 33.4368 -57.9561 -459.207 33.5755 -57.9438 -458.858 33.7916 -57.9257 -458.558 34.0728 -57.9026 -458.373 34.3185 -57.8827 -458.228 34.5885 -57.8611 -458.137 34.9666 -57.2544 -459.591 33.436 -57.6153 -459.207 33.5746 -57.6263 -458.858 33.7907 -57.6423 -458.558 34.0719 -57.6624 -458.373 34.3177 -57.6796 -458.228 34.5877 -57.6982 -458.129 34.8768 -57.7179 -459.591 33.4892 -57.283 -459.208 33.6217 -57.3176 -458.86 33.8302 -57.3673 -458.56 34.1025 -57.4295 -458.375 34.3412 -57.4826 -458.23 34.6037 -57.5402 -459.592 33.5913 -56.9646 -459.21 33.7122 -57.0224 -458.863 33.9062 -57.1047 -458.564 34.1617 -57.2073 -458.379 34.3866 -57.2948 -458.233 34.6348 -57.3894 -459.591 33.7373 -56.6641 -459.212 33.8417 -56.7441 -458.866 34.0149 -56.8574 -458.568 34.2464 -56.9981 -458.383 34.4516 -57.118 -458.236 34.6793 -57.2475 -458.134 34.925 -57.3841 -459.589 33.996 -56.2931 -459.212 34.0711 -56.4004 -458.869 34.2074 -56.5519 -458.572 34.3961 -56.7397 -458.387 34.5666 -56.8996 -458.24 34.758 -57.0722 -459.582 34.3132 -55.9731 -459.208 34.3522 -56.1031 -458.867 34.443 -56.287 -458.571 34.5791 -56.5155 -458.387 34.707 -56.7101 -458.241 34.854 -56.9204 -458.137 35.0174 -57.1422 -459.569 34.6762 -55.7146 -459.197 34.6735 -55.8608 -458.858 34.7119 -56.0701 -458.564 34.7877 -56.3314 -458.382 34.8668 -56.5546 -458.237 34.9631 -56.796 -459.8 35.8291 -60.1926 -459.8 36.4526 -60.1032 -459.8 37.0319 -59.8558 -459.8 37.5277 -59.4674 -459.8 37.9065 -58.9641 -459.8 38.1426 -58.3801 -459.8 38.2199 -57.755 -459.8 38.1334 -57.1311 -459.8 37.8888 -56.5507 -459.8 37.5026 -56.0531 -459.8 37.0012 -55.672 -459.8 36.4183 -55.4331 -459.8 35.7936 -55.3528 -465 33.38 -57.7728 -465 33.4625 -57.1465 -465 33.7042 -56.5628 -465 34.0888 -56.0616 -465 34.59 -55.677 -465 35.1737 -55.4353 -465 35.8 -55.3528 -465 36.4263 -55.4353 -465 37.01 -55.677 -465 37.5112 -56.0616 -465 37.8958 -56.5628 -465 38.1375 -57.1465 -465 38.22 -57.7728 -465 38.1375 -58.3992 -465 37.8958 -58.9828 -465 37.5112 -59.484 -465 37.01 -59.8686 -465 36.4263 -60.1104 -465 35.8 -60.1928 -465 35.1737 -60.1104 -465 34.59 -59.8686 -465 34.0888 -59.484 -465 33.7042 -58.9828 -465 33.4625 -58.3992 -459.8 32.9681 -92.5383 -459.8 33.6976 -91.5242 -459.8 34.3528 -90.4607 -459.8 36.0175 -87.5294 -459.8 37.0036 -85.498 -459.8 37.7199 -83.3566 -459.8 38.1545 -81.1408 -459.8 38.3002 -78.8875 -459.8 38.3002 -63.5099 -459.8 38.3002 -36.6583 -459.8 38.1545 -34.4049 -459.8 37.7198 -32.1891 -459.8 37.0035 -30.0476 -459.8 36.0174 -28.0162 -459.8 34.5424 -25.419 -459.8 33.6611 -24.0246 -459.8 32.6524 -22.7194 -203 38.1545 -34.4049 -245.8 38.1545 -34.4049 -288.6 38.1545 -34.4049 -331.4 38.1545 -34.4049 -374.2 38.1545 -34.4049 -417 38.1545 -34.4049 -203 37.7198 -32.1891 -245.8 37.7198 -32.1891 -288.6 37.7198 -32.1891 -331.4 37.7198 -32.1891 -374.2 37.7198 -32.1891 -417 37.7198 -32.1891 -203 37.0035 -30.0476 -245.8 37.0035 -30.0476 -288.6 37.0035 -30.0476 -331.4 37.0035 -30.0476 -374.2 37.0035 -30.0476 -417 37.0035 -30.0476 -409.867 33.1721 -23.3601 -359.934 33.1721 -23.3601 -310 33.1721 -23.3601 -260.067 33.1721 -23.3601 -210.134 33.1721 -23.3601 -203 37.0036 -85.498 -245.8 37.0036 -85.498 -288.6 37.0036 -85.498 -331.4 37.0036 -85.498 -374.2 37.0036 -85.498 -417 37.0036 -85.498 -203 37.7199 -83.3566 -245.8 37.7199 -83.3566 -288.6 37.7199 -83.3566 -331.4 37.7199 -83.3566 -374.2 37.7199 -83.3566 -417 37.7199 -83.3566 -203 38.1545 -81.1408 -245.8 38.1545 -81.1408 -288.6 38.1545 -81.1408 -331.4 38.1545 -81.1408 -374.2 38.1545 -81.1408 -417 38.1545 -81.1408 -197.65 33.3419 -92.0378 -235.1 33.3419 -92.0378 -272.55 33.3419 -92.0378 -310 33.3419 -92.0378 -347.45 33.3419 -92.0378 -384.9 33.3419 -92.0378 -422.35 33.3419 -92.0378 -573 13.437 -12.4813 -573 13.437 -16.9641 -572.971 13.7297 -17.2568 -572.886 14.0111 -17.5382 -572.747 14.2704 -17.7975 -572.561 14.4977 -18.0248 -572.334 14.6843 -18.2113 -572.074 14.8229 -18.3499 -571.793 14.9082 -18.4353 -571.647 14.9298 -18.4569 -571.5 14.937 -18.4641 -571.5 14.937 -13.9813 -571.647 14.9298 -13.9741 -571.793 14.9082 -13.9525 -572.074 14.8229 -13.8671 -572.334 14.6843 -13.7285 -572.561 14.4977 -13.542 -572.747 14.2704 -13.3147 -572.886 14.0111 -13.0554 -572.971 13.7297 -12.774 -571.5 24.937 -13.9813 -571.5 24.937 -18.4641 -571.647 24.9443 -18.4569 -571.793 24.9659 -18.4353 -572.074 25.0512 -18.3499 -572.334 25.1898 -18.2113 -572.561 25.3764 -18.0248 -572.747 25.6037 -17.7975 -572.886 25.863 -17.5382 -572.971 26.1444 -17.2568 -573 26.437 -16.9641 -573 26.437 -12.4813 -572.971 26.1444 -12.774 -572.886 25.863 -13.0554 -572.747 25.6037 -13.3147 -572.561 25.3764 -13.542 -572.334 25.1898 -13.7285 -572.074 25.0512 -13.8671 -571.793 24.9659 -13.9525 -571.647 24.9443 -13.9741 -571.5 -0.0629005 -5.73702 -571.5 -0.0629005 -17 -571.889 -0.0117912 -17 -572.25 0.13806 -17 -572.561 0.376438 -17 -572.799 0.687099 -17 -572.949 1.04887 -17 -573 1.4371 -17 -573 1.4371 -7.23702 -572.971 1.14446 -6.94439 -572.886 0.863073 -6.663 -572.747 0.603741 -6.40367 -572.561 0.376438 -6.17636 -572.334 0.189892 -5.98982 -572.074 0.0512772 -5.8512 -571.793 -0.0340786 -5.76584 -571.647 -0.0556793 -5.74424 -571.889 -0.0117912 -11.3685 -572.25 0.13806 -11.3685 -572.561 0.376438 -11.3685 -572.799 0.687099 -11.3685 -572.949 1.04887 -11.3685 -571.5 25.6741 -18.4641 -571.5 25.6741 -20 -571.647 25.6813 -19.9927 -571.793 25.7029 -19.9711 -572.074 25.7883 -19.8858 -572.334 25.9269 -19.7472 -572.561 26.1134 -19.5606 -572.747 26.3407 -19.3333 -572.886 26.6001 -19.074 -572.971 26.8815 -18.7926 -573 27.1741 -18.5 -573 27.1741 -16.9641 -572.971 26.8815 -17.2568 -572.886 26.6001 -17.5382 -572.747 26.3407 -17.7975 -572.561 26.1134 -18.0248 -572.334 25.9269 -18.2113 -572.074 25.7883 -18.3499 -571.793 25.7029 -18.4353 -571.647 25.6813 -18.4569 -573 38.4371 -7.23702 -573 38.4371 -17 -572.949 38.8253 -17 -572.799 39.1871 -17 -572.561 39.4978 -17 -572.25 39.7361 -17 -571.889 39.886 -17 -571.5 39.9371 -17 -571.5 39.9371 -5.73702 -571.647 39.9299 -5.74424 -571.793 39.9083 -5.76584 -572.074 39.8229 -5.8512 -572.334 39.6843 -5.98982 -572.561 39.4978 -6.17636 -572.747 39.2705 -6.40367 -572.886 39.0111 -6.663 -572.971 38.7297 -6.94439 -572.949 38.8253 -11.3685 -572.799 39.1871 -11.3685 -572.561 39.4978 -11.3685 -572.25 39.7361 -11.3685 -571.889 39.886 -11.3685 -573 2.97294 7.23708 -573 1.4371 7.23708 -572.971 1.14446 6.94444 -572.886 0.863073 6.66305 -572.747 0.603741 6.40372 -572.561 0.376438 6.17642 -572.334 0.189892 5.98987 -572.074 0.0512772 5.85125 -571.793 -0.0340786 5.7659 -571.647 -0.0556793 5.7443 -571.5 -0.0629005 5.73708 -571.5 1.47294 5.73708 -571.647 1.48017 5.7443 -571.793 1.50177 5.7659 -572.074 1.58712 5.85125 -572.334 1.72574 5.98987 -572.561 1.91228 6.17642 -572.747 2.13959 6.40372 -572.886 2.39892 6.66305 -572.971 2.68031 6.94444 -571.5 38.4013 -5.73702 -571.647 38.394 -5.74424 -571.793 38.3724 -5.76584 -572.074 38.2871 -5.8512 -572.334 38.1485 -5.98982 -572.561 37.9619 -6.17636 -572.747 37.7346 -6.40367 -572.886 37.4753 -6.663 -572.971 37.1939 -6.94439 -573 36.9013 -7.23702 -573 1.4371 17 -572.949 1.04887 17 -572.799 0.687099 17 -572.561 0.376438 17 -572.25 0.13806 17 -571.889 -0.0117912 17 -571.5 -0.0629005 17 -572.949 1.04887 11.3685 -572.799 0.687099 11.3685 -572.561 0.376438 11.3685 -572.25 0.13806 11.3685 -571.889 -0.0117912 11.3685 -573 2.9371 18.5 -572.949 2.9371 18.8883 -572.799 2.9371 19.25 -572.561 2.9371 19.5607 -572.25 2.9371 19.7991 -571.889 2.9371 19.9489 -571.5 2.9371 20 -571.5 2.16064 19.8978 -571.5 1.4371 19.5981 -571.5 0.815777 19.1213 -571.5 0.33902 18.5 -571.5 0.03932 17.7765 -573 1.48821 17.3883 -573 1.63806 17.75 -573 1.87644 18.0607 -573 2.1871 18.2991 -573 2.54887 18.4489 -571.889 2.17387 19.8484 -572.25 2.21265 19.7037 -572.561 2.27435 19.4734 -572.799 2.35476 19.1734 -572.949 2.44839 18.8239 -571.889 1.46265 19.5538 -572.25 1.53758 19.4241 -572.561 1.65677 19.2176 -572.799 1.8121 18.9486 -572.949 1.99298 18.6353 -571.889 0.851917 19.0852 -572.25 0.957878 18.9792 -572.561 1.12644 18.8107 -572.799 1.34611 18.591 -572.949 1.60192 18.3352 -571.889 0.383286 18.4745 -572.25 0.51306 18.3995 -572.561 0.719501 18.2804 -572.799 0.988541 18.125 -572.949 1.30184 17.9441 -571.889 0.0886898 17.7633 -572.25 0.233433 17.7245 -572.561 0.46369 17.6628 -572.799 0.763765 17.5824 -572.949 1.11321 17.4887 -571.5 14.2 20 -573 12.7 18.5 -572.971 12.9926 18.7927 -572.886 13.274 19.0741 -572.747 13.5334 19.3334 -572.561 13.7607 19.5607 -572.334 13.9472 19.7472 -572.074 14.0858 19.8858 -571.793 14.1712 19.9712 -571.647 14.1928 19.9928 -571.889 8.56855 19.9489 -572.25 8.56855 19.7991 -572.561 8.56855 19.5607 -572.799 8.56855 19.25 -572.949 8.56855 18.8883 -571.5 38.4013 5.73708 -571.647 38.394 5.7443 -571.793 38.3724 5.7659 -572.074 38.2871 5.85125 -572.334 38.1485 5.98987 -572.561 37.9619 6.17642 -572.747 37.7346 6.40372 -572.886 37.4753 6.66305 -572.971 37.1939 6.94444 -573 36.9013 7.23708 -571.889 38.3501 2.67029e-05 -572.25 38.2003 2.67029e-05 -572.561 37.9619 2.67029e-05 -572.799 37.6513 2.67029e-05 -572.949 37.2895 2.67029e-05 -573 12.7 16.9642 -572.971 12.9926 17.2568 -572.886 13.274 17.5382 -572.747 13.5334 17.7975 -572.561 13.7607 18.0248 -572.334 13.9472 18.2114 -572.074 14.0858 18.35 -571.793 14.1712 18.4354 -571.647 14.1928 18.457 -571.5 14.2 18.4642 -573 27.1741 18.5 -573 36.9371 18.5 -572.949 36.9371 18.8883 -572.799 36.9371 19.25 -572.561 36.9371 19.5607 -572.25 36.9371 19.7991 -571.889 36.9371 19.9489 -571.5 36.9371 20 -571.5 25.6741 20 -571.647 25.6813 19.9928 -571.793 25.7029 19.9712 -572.074 25.7883 19.8858 -572.334 25.9269 19.7472 -572.561 26.1134 19.5607 -572.747 26.3407 19.3334 -572.886 26.6001 19.0741 -572.971 26.8815 18.7927 -572.949 31.3056 18.8883 -572.799 31.3056 19.25 -572.561 31.3056 19.5607 -572.25 31.3056 19.7991 -571.889 31.3056 19.9489 -573 27.1741 16.9642 -571.5 25.6741 18.4642 -571.647 25.6813 18.457 -571.793 25.7029 18.4354 -572.074 25.7883 18.35 -572.334 25.9269 18.2114 -572.561 26.1134 18.0248 -572.747 26.3407 17.7975 -572.886 26.6001 17.5382 -572.971 26.8815 17.2568 -573 38.4371 17 -572.949 38.8253 17 -572.799 39.1871 17 -572.561 39.4978 17 -572.25 39.7361 17 -571.889 39.886 17 -571.5 39.9371 17 -571.5 39.8349 17.7765 -571.5 39.5352 18.5 -571.5 39.0584 19.1213 -571.5 38.4371 19.5981 -571.5 37.7136 19.8978 -573 37.3253 18.4489 -573 37.6871 18.2991 -573 37.9978 18.0607 -573 38.2361 17.75 -573 38.386 17.3883 -571.889 39.7855 17.7633 -572.25 39.6408 17.7245 -572.561 39.4105 17.6628 -572.799 39.1104 17.5824 -572.949 38.761 17.4887 -571.889 39.4909 18.4745 -572.25 39.3611 18.3995 -572.561 39.1547 18.2804 -572.799 38.8857 18.125 -572.949 38.5724 17.9441 -571.889 39.0223 19.0852 -572.25 38.9163 18.9792 -572.561 38.7478 18.8107 -572.799 38.5281 18.591 -572.949 38.2723 18.3352 -571.889 38.4115 19.5538 -572.25 38.3366 19.4241 -572.561 38.2174 19.2176 -572.799 38.0621 18.9486 -572.949 37.8812 18.6353 -571.889 37.7003 19.8484 -572.25 37.6615 19.7037 -572.561 37.5998 19.4734 -572.799 37.5194 19.1734 -572.949 37.4258 18.8239 -571.5 39.9371 5.73708 -573 38.4371 7.23708 -572.971 38.7297 6.94444 -572.886 39.0111 6.66305 -572.747 39.2705 6.40372 -572.561 39.4978 6.17642 -572.334 39.6843 5.98987 -572.074 39.8229 5.85125 -571.793 39.9083 5.7659 -571.647 39.9299 5.7443 -571.889 39.886 11.3685 -572.25 39.7361 11.3685 -572.561 39.4978 11.3685 -572.799 39.1871 11.3685 -572.949 38.8253 11.3685 -572.799 19.937 17.7142 -572.949 19.937 17.3524 -572.561 19.937 18.0248 -572.25 19.937 18.2632 -571.889 19.937 18.4131 -573 36.9371 -18.5 -572.949 36.9371 -18.8882 -572.799 36.9371 -19.25 -572.561 36.9371 -19.5606 -572.25 36.9371 -19.799 -571.889 36.9371 -19.9489 -571.5 36.9371 -20 -571.5 37.7136 -19.8977 -571.5 38.4371 -19.598 -571.5 39.0584 -19.1213 -571.5 39.5352 -18.5 -571.5 39.8349 -17.7764 -573 38.386 -17.3882 -573 38.2361 -17.75 -573 37.9978 -18.0606 -573 37.6871 -18.299 -573 37.3253 -18.4489 -571.889 37.7003 -19.8484 -572.25 37.6615 -19.7036 -572.561 37.5998 -19.4734 -572.799 37.5194 -19.1733 -572.949 37.4258 -18.8239 -571.889 38.4115 -19.5538 -572.25 38.3366 -19.424 -572.561 38.2174 -19.2176 -572.799 38.0621 -18.9485 -572.949 37.8812 -18.6352 -571.889 39.0223 -19.0851 -572.25 38.9163 -18.9792 -572.561 38.7478 -18.8106 -572.799 38.5281 -18.591 -572.949 38.2723 -18.3351 -571.889 39.4909 -18.4744 -572.25 39.3611 -18.3995 -572.561 39.1547 -18.2803 -572.799 38.8857 -18.125 -572.949 38.5724 -17.9441 -571.889 39.7855 -17.7632 -572.25 39.6408 -17.7244 -572.561 39.4105 -17.6627 -572.799 39.1104 -17.5823 -572.949 38.761 -17.4887 -571.889 31.3056 -19.9489 -572.25 31.3056 -19.799 -572.561 31.3056 -19.5606 -572.799 31.3056 -19.25 -572.949 31.3056 -18.8882 -573 2.97294 -7.23702 -571.5 1.47294 -5.73702 -571.647 1.48017 -5.74424 -571.793 1.50177 -5.76584 -572.074 1.58712 -5.8512 -572.334 1.72574 -5.98982 -572.561 1.91228 -6.17636 -572.747 2.13959 -6.40367 -572.886 2.39892 -6.663 -572.971 2.68031 -6.94439 -572.799 2.22294 2.67029e-05 -572.949 2.58471 2.67029e-05 -572.561 1.91228 2.67029e-05 -572.25 1.6739 2.67029e-05 -571.889 1.52406 2.67029e-05 -571.5 2.9371 -20 -571.889 2.9371 -19.9489 -572.25 2.9371 -19.799 -572.561 2.9371 -19.5606 -572.799 2.9371 -19.25 -572.949 2.9371 -18.8882 -573 2.9371 -18.5 -573 2.54887 -18.4489 -573 2.1871 -18.299 -573 1.87644 -18.0606 -573 1.63806 -17.75 -573 1.48821 -17.3882 -571.5 0.03932 -17.7764 -571.5 0.33902 -18.5 -571.5 0.815777 -19.1213 -571.5 1.4371 -19.598 -571.5 2.16064 -19.8977 -572.949 2.44839 -18.8239 -572.799 2.35476 -19.1733 -572.561 2.27435 -19.4734 -572.25 2.21265 -19.7036 -571.889 2.17387 -19.8484 -572.949 1.99298 -18.6352 -572.799 1.8121 -18.9485 -572.561 1.65677 -19.2176 -572.25 1.53758 -19.424 -571.889 1.46265 -19.5538 -572.949 1.60192 -18.3351 -572.799 1.34611 -18.591 -572.561 1.12644 -18.8106 -572.25 0.957878 -18.9792 -571.889 0.851917 -19.0851 -572.949 1.30184 -17.9441 -572.799 0.988541 -18.125 -572.561 0.719501 -18.2803 -572.25 0.51306 -18.3995 -571.889 0.383286 -18.4744 -572.949 1.11321 -17.4887 -572.799 0.763765 -17.5823 -572.561 0.46369 -17.6627 -572.25 0.233433 -17.7244 -571.889 0.0886898 -17.7632 -573 12.7 -18.5 -571.5 14.2 -20 -571.647 14.1928 -19.9927 -571.793 14.1712 -19.9711 -572.074 14.0858 -19.8858 -572.334 13.9472 -19.7472 -572.561 13.7607 -19.5606 -572.747 13.5334 -19.3333 -572.886 13.274 -19.074 -572.971 12.9926 -18.7926 -572.949 8.56855 -18.8882 -572.799 8.56855 -19.25 -572.561 8.56855 -19.5606 -572.25 8.56855 -19.799 -571.889 8.56855 -19.9489 -573 12.7 -16.9641 -571.5 14.2 -18.4641 -571.647 14.1928 -18.4569 -571.793 14.1712 -18.4353 -572.074 14.0858 -18.3499 -572.334 13.9472 -18.2113 -572.561 13.7607 -18.0248 -572.747 13.5334 -17.7975 -572.886 13.274 -17.5382 -572.971 12.9926 -17.2568 -572.25 19.937 -13.7804 -571.889 19.937 -13.9302 -572.561 19.937 -13.542 -572.799 19.937 -13.2313 -572.949 19.937 -12.8696 -570 14.2 -20 -570 14.2 -18.4641 -570 2.9371 -20 -570 -0.0629005 -17 -570 0.03932 -17.7764 -570 0.33902 -18.5 -570 0.815777 -19.1213 -570 1.4371 -19.598 -570 2.16064 -19.8977 -570 -0.0629005 -5.73702 -570 1.47294 -5.73702 -570 1.47294 5.73708 -570 -0.0629005 5.73708 -570 -0.0629005 17 -570 2.9371 20 -570 2.16064 19.8978 -570 1.4371 19.5981 -570 0.815777 19.1213 -570 0.33902 18.5 -570 0.03932 17.7765 -570 14.2 20 -570 14.2 18.4642 -570 25.6741 18.4642 -570 25.6741 20 -570 36.9371 20 -570 14.937 -13.9813 -570 24.937 -13.9813 -570 24.937 -18.4641 -570 37.7136 19.8978 -570 38.4371 19.5981 -570 39.0584 19.1213 -570 39.5352 18.5 -570 39.8349 17.7765 -570 39.9371 17 -570 39.9371 5.73708 -570 38.4013 5.73708 -570 38.4013 -5.73702 -570 39.9371 -5.73702 -570 39.9371 -17 -570 39.8349 -17.7764 -570 39.5352 -18.5 -570 39.0584 -19.1213 -570 38.4371 -19.598 -570 37.7136 -19.8977 -570 36.9371 -20 -570 25.6741 -20 -570 25.6741 -18.4641 -570 14.937 -18.4641 -570 15.0734 -0.0128288 -570 15.2404 -1.28104 -570 15.7299 -2.46283 -570 16.5086 -3.47765 -570 17.5234 -4.25635 -570 18.7052 -4.74586 -570 19.9734 -4.91283 -570 21.2416 -4.74586 -570 22.4234 -4.25635 -570 23.4382 -3.47765 -570 24.2169 -2.46283 -570 24.7064 -1.28104 -570 24.8734 -0.0128288 -570 24.7064 1.25539 -570 24.2169 2.43718 -570 23.4382 3.452 -570 22.4234 4.23069 -570 21.2416 4.72021 -570 19.9734 4.88717 -570 18.7052 4.72021 -570 17.5234 4.23069 -570 16.5086 3.452 -570 15.7299 2.43718 -570 15.2404 1.25539 -570 36.0062 -12.4309 -570 35.4678 -12.0177 -570 34.8407 -11.758 -570 34.1678 -11.6694 -570 33.4948 -11.758 -570 32.8678 -12.0177 -570 32.3293 -12.4309 -570 31.9161 -12.9694 -570 31.6563 -13.5965 -570 31.5678 -14.2694 -570 31.6563 -14.9423 -570 31.9161 -15.5694 -570 32.3293 -16.1079 -570 32.8678 -16.5211 -570 33.4948 -16.7808 -570 34.1678 -16.8694 -570 34.8407 -16.7808 -570 35.4678 -16.5211 -570 36.0062 -16.1079 -570 36.4194 -15.5694 -570 36.6792 -14.9423 -570 36.7678 -14.2694 -570 36.6792 -13.5965 -570 36.4194 -12.9694 -570 3.8292 12.3922 -570 4.36768 11.979 -570 4.99475 11.7193 -570 5.66768 11.6307 -570 6.34061 11.7193 -570 6.96768 11.979 -570 7.50616 12.3922 -570 7.91934 12.9307 -570 8.17908 13.5578 -570 8.26768 14.2307 -570 8.17908 14.9036 -570 7.91934 15.5307 -570 7.50616 16.0692 -570 6.96768 16.4823 -570 6.34061 16.7421 -570 5.66768 16.8307 -570 4.99475 16.7421 -570 4.36768 16.4823 -570 3.8292 16.0692 -570 3.41601 15.5307 -570 3.15627 14.9036 -570 3.06768 14.2307 -570 3.15627 13.5578 -570 3.41601 12.9307 -570 32.3293 16.0692 -570 31.9161 15.5307 -570 31.6563 14.9036 -570 31.5678 14.2307 -570 31.6563 13.5578 -570 31.9161 12.9307 -570 32.3293 12.3922 -570 32.8678 11.979 -570 33.4948 11.7193 -570 34.1678 11.6307 -570 34.8407 11.7193 -570 35.4678 11.979 -570 36.0062 12.3922 -570 36.4194 12.9307 -570 36.6792 13.5578 -570 36.7678 14.2307 -570 36.6792 14.9036 -570 36.4194 15.5307 -570 36.0062 16.0692 -570 35.4678 16.4823 -570 34.8407 16.7421 -570 34.1678 16.8307 -570 33.4948 16.7421 -570 32.8678 16.4823 -570 7.50616 -16.1079 -570 7.91934 -15.5694 -570 8.17908 -14.9423 -570 8.26768 -14.2694 -570 8.17908 -13.5965 -570 7.91934 -12.9694 -570 7.50616 -12.4309 -570 6.96768 -12.0177 -570 6.34061 -11.758 -570 5.66768 -11.6694 -570 4.99475 -11.758 -570 4.36768 -12.0177 -570 3.8292 -12.4309 -570 3.41601 -12.9694 -570 3.15627 -13.5965 -570 3.06768 -14.2694 -570 3.15627 -14.9423 -570 3.41601 -15.5694 -570 3.8292 -16.1079 -570 4.36768 -16.5211 -570 4.99475 -16.7808 -570 5.66768 -16.8694 -570 6.34061 -16.7808 -570 6.96768 -16.5211 -565 7.50616 -16.1079 -565 7.91934 -15.5694 -565 8.17908 -14.9423 -565 8.26768 -14.2694 -565 8.17908 -13.5965 -565 7.91934 -12.9694 -565 7.50616 -12.4309 -565 6.96768 -12.0177 -565 6.34061 -11.758 -565 5.66768 -11.6694 -565 4.99475 -11.758 -565 4.36768 -12.0177 -565 3.8292 -12.4309 -565 3.41601 -12.9694 -565 3.15627 -13.5965 -565 3.06768 -14.2694 -565 3.15627 -14.9423 -565 3.41601 -15.5694 -565 3.8292 -16.1079 -565 4.36768 -16.5211 -565 4.99475 -16.7808 -565 5.66768 -16.8694 -565 6.34061 -16.7808 -565 6.96768 -16.5211 -565 32.3293 16.0692 -565 31.9161 15.5307 -565 31.6563 14.9036 -565 31.5678 14.2307 -565 31.6563 13.5578 -565 31.9161 12.9307 -565 32.3293 12.3922 -565 32.8678 11.979 -565 33.4948 11.7193 -565 34.1678 11.6307 -565 34.8407 11.7193 -565 35.4678 11.979 -565 36.0062 12.3922 -565 36.4194 12.9307 -565 36.6792 13.5578 -565 36.7678 14.2307 -565 36.6792 14.9036 -565 36.4194 15.5307 -565 36.0062 16.0692 -565 35.4678 16.4823 -565 34.8407 16.7421 -565 34.1678 16.8307 -565 33.4948 16.7421 -565 32.8678 16.4823 -565 36.0062 -12.4309 -565 35.4678 -12.0177 -565 34.8407 -11.758 -565 34.1678 -11.6694 -565 33.4948 -11.758 -565 32.8678 -12.0177 -565 32.3293 -12.4309 -565 31.9161 -12.9694 -565 31.6563 -13.5965 -565 31.5678 -14.2694 -565 31.6563 -14.9423 -565 31.9161 -15.5694 -565 32.3293 -16.1079 -565 32.8678 -16.5211 -565 33.4948 -16.7808 -565 34.1678 -16.8694 -565 34.8407 -16.7808 -565 35.4678 -16.5211 -565 36.0062 -16.1079 -565 36.4194 -15.5694 -565 36.6792 -14.9423 -565 36.7678 -14.2694 -565 36.6792 -13.5965 -565 36.4194 -12.9694 -565 3.8292 12.3922 -565 4.36768 11.979 -565 4.99475 11.7193 -565 5.66768 11.6307 -565 6.34061 11.7193 -565 6.96768 11.979 -565 7.50616 12.3922 -565 7.91934 12.9307 -565 8.17908 13.5578 -565 8.26768 14.2307 -565 8.17908 14.9036 -565 7.91934 15.5307 -565 7.50616 16.0692 -565 6.96768 16.4823 -565 6.34061 16.7421 -565 5.66768 16.8307 -565 4.99475 16.7421 -565 4.36768 16.4823 -565 3.8292 16.0692 -565 3.41601 15.5307 -565 3.15627 14.9036 -565 3.06768 14.2307 -565 3.15627 13.5578 -565 3.41601 12.9307 -565 15.0734 -0.0128288 -565 15.2404 -1.28104 -565 15.7299 -2.46283 -565 16.5086 -3.47765 -565 17.5234 -4.25635 -565 18.7052 -4.74586 -565 19.9734 -4.91283 -565 21.2416 -4.74586 -565 22.4234 -4.25635 -565 23.4382 -3.47765 -565 24.2169 -2.46283 -565 24.7064 -1.28104 -565 24.8734 -0.0128288 -565 24.7064 1.25539 -565 24.2169 2.43718 -565 23.4382 3.452 -565 22.4234 4.23069 -565 21.2416 4.72021 -565 19.9734 4.88717 -565 18.7052 4.72021 -565 17.5234 4.23069 -565 16.5086 3.452 -565 15.7299 2.43718 -565 15.2404 1.25539 -20.0003 5 25 19.9997 5 25 19.9997 5 60 -20.0003 5 60 19.9997 0 60 -20.0003 0 60 19.9997 0 20 -20.0003 0 20 19.9997 40 20 19.9997 40 25 -20.0003 40 20 -20.0003 40 25 -20.0003 5 -25 19.9997 5 -25 19.9997 40 -25 -20.0003 40 -25 19.9997 40 -20 -20.0003 40 -20 19.9997 0 -20 -20.0003 0 -20 19.9997 0 -60 19.9997 5 -60 -20.0003 0 -60 -20.0003 5 -60 -40.1387 -3.1 3.90261 -40.1387 -3.1 -3.7715 -35.8387 -3.1 -3.7715 -35.8387 -3.1 3.90261 -40.1387 0.100002 -3.7715 -35.8387 0.100002 -3.7715 -40.1387 0.100002 3.90261 -35.8387 0.100002 3.90261 -40.1387 -0.999997 -20.6715 -40.1387 -0.741177 -20.6374 -40.1387 -0.499998 -20.5375 -40.1387 -0.292891 -20.3786 -40.1387 -0.133972 -20.1715 -40.1387 -0.0340729 -19.9303 -40.1387 0 -19.6715 -40.1387 0 -5.67149 -40.1387 1.53585 -5.67149 -40.1387 1.53585 5.8026 -40.1387 0 5.8026 -40.1387 0 19.8026 -40.1387 -0.0340729 20.0614 -40.1387 -0.133972 20.3026 -40.1387 -0.292891 20.5097 -40.1387 -0.499998 20.6686 -40.1387 -0.741177 20.7685 -40.1387 -0.999997 20.8026 -40.1387 -17 20.8026 -40.1387 -17 10.8026 -40.1387 -9 10.8026 -40.1387 -9 -10.6715 -40.1387 -17 -10.6715 -40.1387 -17 -20.6715 -20.1387 -3.1 -3.7715 -20.1387 -3.1 3.90261 -24.4388 -3.1 3.90261 -24.4388 -3.1 -3.7715 -20.1387 0.100002 3.90261 -24.4388 0.100002 3.90261 -20.1387 0.100002 -3.7715 -24.4388 0.100002 -3.7715 -20.1387 0 -19.6715 -20.1387 -0.0340729 -19.9303 -20.1387 -0.133972 -20.1715 -20.1387 -0.292891 -20.3786 -20.1387 -0.499998 -20.5375 -20.1387 -0.741177 -20.6374 -20.1387 -0.999997 -20.6715 -20.1387 -17 -20.6715 -20.1387 -17 -10.6715 -20.1387 -9 -10.6715 -20.1387 -9 10.8026 -20.1387 -17 10.8026 -20.1387 -17 20.8026 -20.1387 -0.999997 20.8026 -20.1387 -0.741177 20.7685 -20.1387 -0.499998 20.6686 -20.1387 -0.292891 20.5097 -20.1387 -0.133972 20.3026 -20.1387 -0.0340729 20.0614 -20.1387 0 19.8026 -20.1387 0 5.8026 -20.1387 1.53585 5.8026 -20.1387 1.53585 -5.67149 -20.1387 0 -5.67149 -25.1387 -0.741177 -20.6374 -30.1387 -0.741177 -20.6374 -35.1387 -0.741177 -20.6374 -25.1387 -0.499998 -20.5375 -30.1387 -0.499998 -20.5375 -35.1387 -0.499998 -20.5375 -25.1387 -0.292891 -20.3786 -30.1387 -0.292891 -20.3786 -35.1387 -0.292891 -20.3786 -25.1387 -0.133972 -20.1715 -30.1387 -0.133972 -20.1715 -35.1387 -0.133972 -20.1715 -25.1387 -0.0340729 -19.9303 -30.1387 -0.0340729 -19.9303 -35.1387 -0.0340729 -19.9303 -25.1387 -0.0340729 20.0614 -30.1387 -0.0340729 20.0614 -35.1387 -0.0340729 20.0614 -25.1387 -0.133972 20.3026 -30.1387 -0.133972 20.3026 -35.1387 -0.133972 20.3026 -25.1387 -0.292891 20.5097 -30.1387 -0.292891 20.5097 -35.1387 -0.292891 20.5097 -25.1387 -0.499998 20.6686 -30.1387 -0.499998 20.6686 -35.1387 -0.499998 20.6686 -25.1387 -0.741177 20.7685 -30.1387 -0.741177 20.7685 -35.1387 -0.741177 20.7685 -30.1262 0 13.0776 -30.8315 0 13.1704 -31.4887 0 13.4426 -32.0531 0 13.8757 -32.4861 0 14.4401 -32.7584 0 15.0973 -32.8512 0 15.8026 -32.7584 0 16.5078 -32.4861 0 17.1651 -32.0531 0 17.7294 -31.4887 0 18.1625 -30.8315 0 18.4347 -30.1262 0 18.5276 -29.4209 0 18.4347 -28.7637 0 18.1625 -28.1993 0 17.7294 -27.7663 0 17.1651 -27.494 0 16.5078 -27.4012 0 15.8026 -27.494 0 15.0973 -27.7663 0 14.4401 -28.1993 0 13.8757 -28.7637 0 13.4426 -29.4209 0 13.1704 -30.1387 0 -18.3965 -29.4334 0 -18.3036 -28.7762 0 -18.0314 -28.2119 0 -17.5984 -27.7788 0 -17.034 -27.5066 0 -16.3768 -27.4137 0 -15.6715 -27.5066 0 -14.9662 -27.7788 0 -14.309 -28.2119 0 -13.7446 -28.7762 0 -13.3116 -29.4334 0 -13.0393 -30.1387 0 -12.9465 -30.844 0 -13.0393 -31.5013 0 -13.3116 -32.0656 0 -13.7446 -32.4987 0 -14.309 -32.7709 0 -14.9662 -32.8638 0 -15.6715 -32.7709 0 -16.3768 -32.4987 0 -17.034 -32.0656 0 -17.5984 -31.5013 0 -18.0314 -30.844 0 -18.3036 -30.1387 -17 -18.3965 -30.844 -17 -18.3036 -31.5013 -17 -18.0314 -32.0656 -17 -17.5984 -32.4987 -17 -17.034 -32.7709 -17 -16.3768 -32.8638 -17 -15.6715 -32.7709 -17 -14.9662 -32.4987 -17 -14.309 -32.0656 -17 -13.7446 -31.5013 -17 -13.3116 -30.844 -17 -13.0393 -30.1387 -17 -12.9465 -29.4334 -17 -13.0393 -28.7762 -17 -13.3116 -28.2119 -17 -13.7446 -27.7788 -17 -14.309 -27.5066 -17 -14.9662 -27.4137 -17 -15.6715 -27.5066 -17 -16.3768 -27.7788 -17 -17.034 -28.2119 -17 -17.5984 -28.7762 -17 -18.0314 -29.4334 -17 -18.3036 -30.1387 -8.5 -18.3965 -29.4334 -8.5 -18.3036 -28.7762 -8.5 -18.0314 -28.2119 -8.5 -17.5984 -27.7788 -8.5 -17.034 -27.5066 -8.5 -16.3768 -27.4137 -8.5 -15.6715 -27.5066 -8.5 -14.9662 -27.7788 -8.5 -14.309 -28.2119 -8.5 -13.7446 -28.7762 -8.5 -13.3116 -29.4334 -8.5 -13.0393 -30.1387 -8.5 -12.9465 -30.844 -8.5 -13.0393 -31.5013 -8.5 -13.3116 -32.0656 -8.5 -13.7446 -32.4987 -8.5 -14.309 -32.7709 -8.5 -14.9662 -32.8638 -8.5 -15.6715 -32.7709 -8.5 -16.3768 -32.4987 -8.5 -17.034 -32.0656 -8.5 -17.5984 -31.5013 -8.5 -18.0314 -30.844 -8.5 -18.3036 -30.1262 -17 13.0776 -29.4209 -17 13.1704 -28.7637 -17 13.4426 -28.1993 -17 13.8757 -27.7663 -17 14.4401 -27.494 -17 15.0973 -27.4012 -17 15.8026 -27.494 -17 16.5078 -27.7663 -17 17.1651 -28.1993 -17 17.7294 -28.7637 -17 18.1625 -29.4209 -17 18.4347 -30.1262 -17 18.5276 -30.8315 -17 18.4347 -31.4887 -17 18.1625 -32.0531 -17 17.7294 -32.4861 -17 17.1651 -32.7584 -17 16.5078 -32.8512 -17 15.8026 -32.7584 -17 15.0973 -32.4861 -17 14.4401 -32.0531 -17 13.8757 -31.4887 -17 13.4426 -30.8315 -17 13.1704 -30.1387 -9 6.06553 -31.6917 -9 5.86108 -33.1387 -9 5.26168 -34.3814 -9 4.30817 -35.3349 -9 3.06553 -35.9343 -9 1.61844 -36.1387 -9 0.0655327 -35.9343 -9 -1.48738 -35.3349 -9 -2.93447 -34.3814 -9 -4.17711 -33.1387 -9 -5.13062 -31.6917 -9 -5.73002 -30.1387 -9 -5.93447 -28.5858 -9 -5.73002 -27.1387 -9 -5.13062 -25.8961 -9 -4.17711 -24.9426 -9 -2.93447 -24.3432 -9 -1.48738 -24.1387 -9 0.0655327 -24.3432 -9 1.61844 -24.9426 -9 3.06553 -25.8961 -9 4.30817 -27.1387 -9 5.26168 -28.5858 -9 5.86108 -30.1387 -4 -2.43447 -29.4917 -4 -2.34929 -28.8887 -4 -2.09954 -28.371 -4 -1.70224 -27.9737 -4 -1.18447 -27.7239 -4 -0.581516 -27.6387 -4 0.0655327 -27.7239 -4 0.712574 -27.9737 -4 1.31553 -28.371 -4 1.83329 -28.8887 -4 2.23059 -29.4917 -4 2.48034 -30.1387 -4 2.56553 -30.7858 -4 2.48034 -31.3887 -4 2.23059 -31.9065 -4 1.83329 -32.3038 -4 1.31553 -32.5536 -4 0.712574 -32.6387 -4 0.0655327 -32.5536 -4 -0.581516 -32.3038 -4 -1.18447 -31.9065 -4 -1.70224 -31.3887 -4 -2.09954 -30.7858 -4 -2.34929 -36.1387 -4 0.0655327 -35.9343 -4 1.61844 -35.3349 -4 3.06553 -34.3814 -4 4.30817 -33.1387 -4 5.26168 -31.6917 -4 5.86108 -30.1387 -4 6.06553 -28.5858 -4 5.86108 -27.1387 -4 5.26168 -25.8961 -4 4.30817 -24.9426 -4 3.06553 -24.3432 -4 1.61844 -24.1387 -4 0.0655327 -24.3432 -4 -1.48738 -24.9426 -4 -2.93447 -25.8961 -4 -4.17711 -27.1387 -4 -5.13062 -28.5858 -4 -5.73002 -30.1387 -4 -5.93447 -31.6917 -4 -5.73002 -33.1387 -4 -5.13062 -34.3814 -4 -4.17711 -35.3349 -4 -2.93447 -35.9343 -4 -1.48738 -30.1387 1.53585 -2.43447 -30.7858 1.53585 -2.34929 -31.3887 1.53585 -2.09954 -31.9065 1.53585 -1.70224 -32.3038 1.53585 -1.18447 -32.5536 1.53585 -0.581516 -32.6387 1.53585 0.0655327 -32.5536 1.53585 0.712574 -32.3038 1.53585 1.31553 -31.9065 1.53585 1.83329 -31.3887 1.53585 2.23059 -30.7858 1.53585 2.48034 -30.1387 1.53585 2.56553 -29.4917 1.53585 2.48034 -28.8887 1.53585 2.23059 -28.371 1.53585 1.83329 -27.9737 1.53585 1.31553 -27.7239 1.53585 0.712574 -27.6387 1.53585 0.0655327 -27.7239 1.53585 -0.581516 -27.9737 1.53585 -1.18447 -28.371 1.53585 -1.70224 -28.8887 1.53585 -2.09954 -29.4917 1.53585 -2.34929 -30.1262 -8.5 13.0776 -29.4209 -8.5 13.1704 -28.7637 -8.5 13.4426 -28.1993 -8.5 13.8757 -27.7663 -8.5 14.4401 -27.494 -8.5 15.0973 -27.4012 -8.5 15.8026 -27.494 -8.5 16.5078 -27.7663 -8.5 17.1651 -28.1993 -8.5 17.7294 -28.7637 -8.5 18.1625 -29.4209 -8.5 18.4347 -30.1262 -8.5 18.5276 -30.8315 -8.5 18.4347 -31.4887 -8.5 18.1625 -32.0531 -8.5 17.7294 -32.4861 -8.5 17.1651 -32.7584 -8.5 16.5078 -32.8512 -8.5 15.8026 -32.7584 -8.5 15.0973 -32.4861 -8.5 14.4401 -32.0531 -8.5 13.8757 -31.4887 -8.5 13.4426 -30.8315 -8.5 13.1704 -140 33.3 -57.7728 -140 33.3852 -57.1258 -140 33.6349 -56.5228 -140 34.0322 -56.0051 -140 34.55 -55.6078 -140 35.153 -55.358 -140 35.8 -55.2728 -140 36.4471 -55.358 -140 37.05 -55.6078 -140 37.5678 -56.0051 -140 37.9651 -56.5228 -140 38.2148 -57.1258 -140 38.3 -57.7728 -140 38.2148 -58.4199 -140 37.9651 -59.0228 -140 37.5678 -59.5406 -140 37.05 -59.9379 -140 36.4471 -60.1876 -140 35.8 -60.2728 -140 35.153 -60.1876 -140 34.55 -59.9379 -140 34.0322 -59.5406 -140 33.6349 -59.0228 -140 33.3852 -58.4199 -160 33.3 -57.7728 -160 33.3852 -58.4199 -160 33.6349 -59.0228 -160 34.0322 -59.5406 -160 34.55 -59.9379 -160 35.153 -60.1876 -160 35.8 -60.2728 -160 36.4471 -60.1876 -160 37.05 -59.9379 -160 37.5678 -59.5406 -160 37.9651 -59.0228 -160 38.2148 -58.4199 -160 38.3 -57.7728 -160 38.2148 -57.1258 -160 37.9651 -56.5228 -160 37.5678 -56.0051 -160 37.05 -55.6078 -160 36.4471 -55.358 -160 35.8 -55.2728 -160 35.153 -55.358 -160 34.55 -55.6078 -160 34.0322 -56.0051 -160 33.6349 -56.5228 -160 33.3852 -57.1258 -150 33.3 -57.7728 -150 33.3852 -57.1258 -150 33.6349 -56.5228 -150 34.0322 -56.0051 -150 34.55 -55.6078 -150 35.153 -55.358 -150 35.8 -55.2728 -150 36.4471 -55.358 -150 37.05 -55.6078 -150 37.5678 -56.0051 -150 37.9651 -56.5228 -150 38.2148 -57.1258 -150 38.3 -57.7728 -150 38.2148 -58.4199 -150 37.9651 -59.0228 -150 37.5678 -59.5406 -150 37.05 -59.9379 -150 36.4471 -60.1876 -150 35.8 -60.2728 -150 35.153 -60.1876 -150 34.55 -59.9379 -150 34.0322 -59.5406 -150 33.6349 -59.0228 -150 33.3852 -58.4199 -140 38.3 -65.2728 -140 38.9471 -65.1876 -140 39.55 -64.9379 -140 40.0678 -64.5406 -140 40.4651 -64.0228 -140 40.7148 -63.4199 -140 40.8 -62.7728 -160 40.8 -62.7728 -160 40.7148 -63.4199 -160 40.4651 -64.0228 -160 40.0678 -64.5406 -160 39.55 -64.9379 -160 38.9471 -65.1876 -160 38.3 -65.2728 -150 38.9471 -65.1876 -150 39.55 -64.9379 -150 40.0678 -64.5406 -150 40.4651 -64.0228 -150 40.7148 -63.4199 -140 40.8 -21.0358 -160 40.8 -21.0358 -140 33.3 -65.2728 -140 32.653 -65.1876 -140 32.05 -64.9379 -140 31.5322 -64.5406 -140 31.1349 -64.0228 -140 30.8852 -63.4199 -140 30.8 -62.7728 -140 30.8 -24.0358 -140 9.32595 -24.0358 -140 9.32595 -20.0358 -140 14.3259 -20.0358 -140 14.3259 -18.5 -140 25.8 -18.5 -140 25.8 -20.0358 -140 39.8 -20.0358 -140 40.0588 -20.0699 -140 40.3 -20.1698 -140 40.5071 -20.3287 -140 40.666 -20.5358 -140 40.7659 -20.777 -160 33.3 -65.2728 -160 32.653 -65.1876 -160 32.05 -64.9379 -160 31.5322 -64.5406 -160 31.1349 -64.0228 -160 30.8852 -63.4199 -160 30.8 -62.7728 -150 32.653 -65.1876 -150 32.05 -64.9379 -150 31.5322 -64.5406 -150 31.1349 -64.0228 -150 30.8852 -63.4199 -160 30.8 -24.0358 -160 40.7659 -20.777 -160 40.666 -20.5358 -160 40.5071 -20.3287 -160 40.3 -20.1698 -160 40.0588 -20.0699 -160 39.8 -20.0358 -160 25.8 -20.0358 -160 25.8 -18.5 -160 14.3259 -18.5 -160 14.3259 -20.0358 -160 9.32595 -20.0358 -160 9.32595 -24.0358 -145 40.7659 -20.777 -150 40.7659 -20.777 -155 40.7659 -20.777 -145 40.666 -20.5358 -150 40.666 -20.5358 -155 40.666 -20.5358 -145 40.5071 -20.3287 -150 40.5071 -20.3287 -155 40.5071 -20.3287 -145 40.3 -20.1698 -150 40.3 -20.1698 -155 40.3 -20.1698 -145 40.0588 -20.0699 -150 40.0588 -20.0699 -155 40.0588 -20.0699 -150 22.563 -24.0358 -149.353 22.4778 -24.0358 -148.75 22.228 -24.0358 -148.233 21.8307 -24.0358 -147.835 21.313 -24.0358 -147.585 20.71 -24.0358 -147.5 20.063 -24.0358 -147.585 19.4159 -24.0358 -147.835 18.813 -24.0358 -148.233 18.2952 -24.0358 -148.75 17.8979 -24.0358 -149.353 17.6482 -24.0358 -150 17.563 -24.0358 -150.647 17.6482 -24.0358 -151.25 17.8979 -24.0358 -151.768 18.2952 -24.0358 -152.165 18.813 -24.0358 -152.415 19.4159 -24.0358 -152.5 20.063 -24.0358 -152.415 20.71 -24.0358 -152.165 21.313 -24.0358 -151.768 21.8307 -24.0358 -151.25 22.228 -24.0358 -150.647 22.4778 -24.0358 -150 22.563 -18.5 -150.647 22.4778 -18.5 -151.25 22.228 -18.5 -151.768 21.8307 -18.5 -152.165 21.313 -18.5 -152.415 20.71 -18.5 -152.5 20.063 -18.5 -152.415 19.4159 -18.5 -152.165 18.813 -18.5 -151.768 18.2952 -18.5 -151.25 17.8979 -18.5 -150.647 17.6482 -18.5 -150 17.563 -18.5 -149.353 17.6482 -18.5 -148.75 17.8979 -18.5 -148.233 18.2952 -18.5 -147.835 18.813 -18.5 -147.585 19.4159 -18.5 -147.5 20.063 -18.5 -147.585 20.71 -18.5 -147.835 21.313 -18.5 -148.233 21.8307 -18.5 -148.75 22.228 -18.5 -149.353 22.4778 -18.5 -480.001 14.326 -65.2728 -480.001 12.6486 -64.194 -480.001 11.2501 -62.7722 -480.001 10.199 -61.0774 -480.001 9.54692 -59.1926 -480.001 9.32595 -57.2106 -460.001 9.32595 -57.2106 -460.001 9.32598 -57.2338 -460.001 9.32607 -57.257 -460.001 9.32622 -57.2803 -160 9.32622 -57.2803 -160 9.32607 -57.257 -160 9.32598 -57.2338 -160 9.32595 -57.2106 -140 9.32595 -57.2106 -140 9.54692 -59.1926 -140 10.199 -61.0774 -140 11.2501 -62.7722 -140 12.6486 -64.194 -140 14.326 -65.2728 -437.501 12.6486 -64.194 -395.001 12.6486 -64.194 -352.501 12.6486 -64.194 -310.001 12.6486 -64.194 -267.501 12.6486 -64.194 -225.001 12.6486 -64.194 -182.5 12.6486 -64.194 -437.501 11.2501 -62.7722 -395.001 11.2501 -62.7722 -352.501 11.2501 -62.7722 -310.001 11.2501 -62.7722 -267.501 11.2501 -62.7722 -225.001 11.2501 -62.7722 -182.5 11.2501 -62.7722 -437.501 10.199 -61.0774 -395.001 10.199 -61.0774 -352.501 10.199 -61.0774 -310.001 10.199 -61.0774 -267.501 10.199 -61.0774 -225.001 10.199 -61.0774 -182.5 10.199 -61.0774 -437.501 9.54692 -59.1926 -395.001 9.54692 -59.1926 -352.501 9.54692 -59.1926 -310.001 9.54692 -59.1926 -267.501 9.54692 -59.1926 -225.001 9.54692 -59.1926 -182.5 9.54692 -59.1926 -480.001 14.326 -29.0358 -480.001 30.8 -29.0358 -480.001 30.8 -24.0358 -480.001 9.32595 -24.0358 -140 9.32595 -24.0358 -140 30.8 -24.0358 -140 30.8 -29.0358 -140 14.326 -29.0358 -160 9.32595 -24.0358 -460.001 9.32714 -57.2106 -460.001 9.43333 -56.0793 -460.001 9.70922 -54.977 -460.001 10.1484 -53.9291 -460.001 10.741 -52.9595 -460.001 11.4731 -52.0906 -460.001 12.3282 -51.3422 -460.001 13.2864 -50.7316 -460.001 14.326 -50.2728 -160 14.326 -50.2728 -160 13.2864 -50.7316 -160 12.3282 -51.3422 -160 11.4731 -52.0906 -160 10.741 -52.9595 -160 10.1484 -53.9291 -160 9.70922 -54.977 -160 9.43333 -56.0793 -160 9.32714 -57.2106 -422.501 9.56467 -55.4667 -385.001 9.56467 -55.4667 -347.501 9.56467 -55.4667 -310.001 9.56467 -55.4667 -272.501 9.56467 -55.4667 -235.001 9.56467 -55.4667 -197.5 9.56467 -55.4667 -422.501 10.235 -53.7648 -385.001 10.235 -53.7648 -347.501 10.235 -53.7648 -310.001 10.235 -53.7648 -272.501 10.235 -53.7648 -235.001 10.235 -53.7648 -197.5 10.235 -53.7648 -422.501 11.2974 -52.2758 -385.001 11.2974 -52.2758 -347.501 11.2974 -52.2758 -310.001 11.2974 -52.2758 -272.501 11.2974 -52.2758 -235.001 11.2974 -52.2758 -197.5 11.2974 -52.2758 -422.501 12.6886 -51.0883 -385.001 12.6886 -51.0883 -347.501 12.6886 -51.0883 -310.001 12.6886 -51.0883 -272.501 12.6886 -51.0883 -235.001 12.6886 -51.0883 -197.5 12.6886 -51.0883 -150 17.563 -29.0358 -149.353 17.6482 -29.0358 -148.75 17.8979 -29.0358 -148.233 18.2952 -29.0358 -147.835 18.813 -29.0358 -147.585 19.4159 -29.0358 -147.5 20.063 -29.0358 -147.585 20.71 -29.0358 -147.835 21.313 -29.0358 -148.233 21.8307 -29.0358 -148.75 22.228 -29.0358 -149.353 22.4778 -29.0358 -150 22.563 -29.0358 -150.647 22.4778 -29.0358 -151.25 22.228 -29.0358 -151.768 21.8307 -29.0358 -152.165 21.313 -29.0358 -152.415 20.71 -29.0358 -152.5 20.063 -29.0358 -152.415 19.4159 -29.0358 -152.165 18.813 -29.0358 -151.768 18.2952 -29.0358 -151.25 17.8979 -29.0358 -150.647 17.6482 -29.0358 -150 17.563 -24.0358 -150.647 17.6482 -24.0358 -151.25 17.8979 -24.0358 -151.768 18.2952 -24.0358 -152.165 18.813 -24.0358 -152.415 19.4159 -24.0358 -152.5 20.063 -24.0358 -152.415 20.71 -24.0358 -152.165 21.313 -24.0358 -151.768 21.8307 -24.0358 -151.25 22.228 -24.0358 -150.647 22.4778 -24.0358 -150 22.563 -24.0358 -149.353 22.4778 -24.0358 -148.75 22.228 -24.0358 -148.233 21.8307 -24.0358 -147.835 21.313 -24.0358 -147.585 20.71 -24.0358 -147.5 20.063 -24.0358 -147.585 19.4159 -24.0358 -147.835 18.813 -24.0358 -148.233 18.2952 -24.0358 -148.75 17.8979 -24.0358 -149.353 17.6482 -24.0358 -160 14.326 -29.0358 -160 30.8 -29.0358 -160 30.8 -24.0358 -460.001 14.326 -29.0358 -470 17.563 -29.0358 -469.353 17.6482 -29.0358 -468.75 17.8979 -29.0358 -468.233 18.2952 -29.0358 -467.835 18.813 -29.0358 -467.586 19.4159 -29.0358 -467.5 20.063 -29.0358 -467.586 20.71 -29.0358 -467.835 21.313 -29.0358 -468.233 21.8307 -29.0358 -468.75 22.228 -29.0358 -469.353 22.4778 -29.0358 -470 22.563 -29.0358 -470.647 22.4778 -29.0358 -471.25 22.228 -29.0358 -471.768 21.8307 -29.0358 -472.165 21.313 -29.0358 -472.415 20.71 -29.0358 -472.5 20.063 -29.0358 -472.415 19.4159 -29.0358 -472.165 18.813 -29.0358 -471.768 18.2952 -29.0358 -471.25 17.8979 -29.0358 -470.647 17.6482 -29.0358 -470 17.563 -24.0358 -470.647 17.6482 -24.0358 -471.25 17.8979 -24.0358 -471.768 18.2952 -24.0358 -472.165 18.813 -24.0358 -472.415 19.4159 -24.0358 -472.5 20.063 -24.0358 -472.415 20.71 -24.0358 -472.165 21.313 -24.0358 -471.768 21.8307 -24.0358 -471.25 22.228 -24.0358 -470.647 22.4778 -24.0358 -470 22.563 -24.0358 -469.353 22.4778 -24.0358 -468.75 22.228 -24.0358 -468.233 21.8307 -24.0358 -467.835 21.313 -24.0358 -467.586 20.71 -24.0358 -467.5 20.063 -24.0358 -467.586 19.4159 -24.0358 -467.835 18.813 -24.0358 -468.233 18.2952 -24.0358 -468.75 17.8979 -24.0358 -469.353 17.6482 -24.0358 -460.001 30.8 -29.0358 -460.001 30.8 -24.0358 -460.001 9.32595 -24.0358 -40.1387 -3 -3.6715 -40.1387 -3 3.8026 -36.1387 -3 3.8026 -36.1387 -3 -3.6715 -40.1387 0 3.8026 -36.1387 0 3.8026 -40.1387 0 -3.6715 -36.1387 0 -3.6715 -340.139 -3 3.8026 -340.139 -3 -3.6715 -344.139 -3 -3.6715 -344.139 -3 3.8026 -340.139 0 3.8026 -344.139 0 3.8026 -340.139 0 -3.6715 -344.139 0 -3.6715 -40.1387 -6.77485 36.3235 -40.1387 -5.95763 32.0037 -40.1387 -5.24025 27.6155 -40.1387 -4.11088 18.6712 -40.1387 -3.3963 9.56621 -40.1387 -3.10254 0.377674 -40.1387 -3.23211 -8.81664 -40.1387 -3.78391 -17.9389 -40.1387 -4.75326 -26.9118 -40.1387 -5.39209 -31.3184 -40.1387 -6.13196 -35.6594 -340.139 -6.13196 -35.6594 -340.139 -5.39209 -31.3184 -340.139 -4.75326 -26.9118 -340.139 -3.78391 -17.9389 -340.139 -3.23211 -8.81664 -340.139 -3.10254 0.377674 -340.139 -3.3963 9.56621 -340.139 -4.11088 18.6712 -340.139 -5.24025 27.6155 -340.139 -5.95763 32.0037 -340.139 -6.77485 36.3235 -240.139 -4.39159 21.2465 -140.139 -4.39159 21.2465 -240.139 -3.86406 16.0828 -140.139 -3.86406 16.0828 -240.139 -3.58337 -15.3444 -140.139 -3.58337 -15.3444 -240.139 -4.01856 -20.5211 -140.139 -4.01856 -20.5211 -140.139 -5.849 31.3808 -240.139 -5.849 31.3808 -140.139 -5.05385 26.3505 -240.139 -5.05385 26.3505 -140.139 -3.21864 5.63398 -240.139 -3.21864 5.63398 -240.139 -3.47271 10.8739 -140.139 -3.47271 10.8739 -140.139 -3.12473 -4.88051 -240.139 -3.12473 -4.88051 -240.139 -3.10254 0.377674 -140.139 -3.10254 0.377674 -140.139 -3.28516 -10.126 -240.139 -3.28516 -10.126 -140.139 -5.29461 -30.6927 -240.139 -5.29461 -30.6927 -240.139 -4.5895 -25.642 -140.139 -4.5895 -25.642 -40.1387 0 21.1801 -40.1387 -0.145683 23.4335 -40.1387 -0.580307 25.6493 -40.1387 -1.29664 27.7908 -40.1387 -2.28275 29.8221 -340.139 -2.28275 29.8221 -340.139 -1.29664 27.7908 -340.139 -0.580307 25.6493 -340.139 -0.145683 23.4335 -340.139 0 21.1801 -82.9959 -0.145683 23.4335 -125.853 -0.145683 23.4335 -168.71 -0.145683 23.4335 -211.567 -0.145683 23.4335 -254.424 -0.145683 23.4335 -297.282 -0.145683 23.4335 -82.9959 -0.580307 25.6493 -125.853 -0.580307 25.6493 -168.71 -0.580307 25.6493 -211.567 -0.580307 25.6493 -254.424 -0.580307 25.6493 -297.282 -0.580307 25.6493 -82.9959 -1.29664 27.7908 -125.853 -1.29664 27.7908 -168.71 -1.29664 27.7908 -211.567 -1.29664 27.7908 -254.424 -1.29664 27.7908 -297.282 -1.29664 27.7908 -340.139 -3.75775 32.4194 -340.139 -4.63906 33.8138 -340.139 -5.64775 35.119 -340.139 -5.33203 -34.6999 -340.139 -4.60258 -33.6858 -340.139 -3.94733 -32.6223 -340.139 -2.28264 -29.691 -340.139 -1.29658 -27.6596 -340.139 -0.58028 -25.5182 -340.139 -0.145676 -23.3024 -340.139 0 -21.0491 -340.139 0 -5.67149 -340.139 1.53585 -5.67149 -340.139 1.53585 5.8026 -340.139 0 5.8026 -40.1387 -3.75775 32.4194 -40.1387 -4.63906 33.8138 -40.1387 -5.64775 35.119 -290.139 -5.12802 34.4783 -240.139 -5.12802 34.4783 -190.139 -5.12802 34.4783 -140.139 -5.12802 34.4783 -90.1387 -5.12802 34.4783 -40.1387 -2.28264 -29.691 -40.1387 -1.29658 -27.6596 -40.1387 -0.58028 -25.5182 -40.1387 -0.145676 -23.3024 -40.1387 0 -21.0491 -82.9959 -1.29658 -27.6596 -125.853 -1.29658 -27.6596 -168.71 -1.29658 -27.6596 -211.567 -1.29658 -27.6596 -254.424 -1.29658 -27.6596 -297.282 -1.29658 -27.6596 -82.9959 -0.58028 -25.5182 -125.853 -0.58028 -25.5182 -168.71 -0.58028 -25.5182 -211.567 -0.58028 -25.5182 -254.424 -0.58028 -25.5182 -297.282 -0.58028 -25.5182 -82.9959 -0.145676 -23.3024 -125.853 -0.145676 -23.3024 -168.71 -0.145676 -23.3024 -211.567 -0.145676 -23.3024 -254.424 -0.145676 -23.3024 -297.282 -0.145676 -23.3024 -40.1387 -3.94733 -32.6223 -40.1387 -5.33203 -34.6999 -40.1387 -4.60258 -33.6858 -77.6387 -4.95825 -34.1994 -115.139 -4.95825 -34.1994 -152.639 -4.95825 -34.1994 -190.139 -4.95825 -34.1994 -227.639 -4.95825 -34.1994 -265.139 -4.95825 -34.1994 -302.639 -4.95825 -34.1994 -40.1387 0 5.8026 -40.1387 0 -5.67149 -40.1387 1.53585 -5.67149 -40.1387 1.53585 5.8026 -560.138 -17 -13.4715 -560.707 -17 -13.5464 -561.238 -17 -13.7662 -561.693 -17 -14.1158 -562.043 -17 -14.5715 -562.263 -17 -15.1021 -562.338 -17 -15.6715 -562.263 -17 -16.2409 -562.043 -17 -16.7715 -561.693 -17 -17.2271 -561.238 -17 -17.5767 -560.707 -17 -17.7965 -560.138 -17 -17.8715 -559.568 -17 -17.7965 -559.038 -17 -17.5767 -558.582 -17 -17.2271 -558.232 -17 -16.7715 -558.013 -17 -16.2409 -557.938 -17 -15.6715 -558.013 -17 -15.1021 -558.232 -17 -14.5715 -558.582 -17 -14.1158 -559.038 -17 -13.7662 -559.568 -17 -13.5464 -560.138 -22 -13.4715 -559.568 -22 -13.5464 -559.038 -22 -13.7662 -558.582 -22 -14.1158 -558.232 -22 -14.5715 -558.013 -22 -15.1021 -557.938 -22 -15.6715 -558.013 -22 -16.2409 -558.232 -22 -16.7715 -558.582 -22 -17.2271 -559.038 -22 -17.5767 -559.568 -22 -17.7965 -560.138 -22 -17.8715 -560.707 -22 -17.7965 -561.238 -22 -17.5767 -561.693 -22 -17.2271 -562.043 -22 -16.7715 -562.263 -22 -16.2409 -562.338 -22 -15.6715 -562.263 -22 -15.1021 -562.043 -22 -14.5715 -561.693 -22 -14.1158 -561.238 -22 -13.7662 -560.707 -22 -13.5464 -560.138 -17 18.0026 -560.707 -17 17.9276 -561.238 -17 17.7078 -561.693 -17 17.3582 -562.043 -17 16.9026 -562.263 -17 16.372 -562.338 -17 15.8026 -562.263 -17 15.2332 -562.043 -17 14.7026 -561.693 -17 14.247 -561.238 -17 13.8973 -560.707 -17 13.6775 -560.138 -17 13.6026 -559.568 -17 13.6775 -559.038 -17 13.8973 -558.582 -17 14.247 -558.232 -17 14.7026 -558.013 -17 15.2332 -557.938 -17 15.8026 -558.013 -17 16.372 -558.232 -17 16.9026 -558.582 -17 17.3582 -559.038 -17 17.7078 -559.568 -17 17.9276 -560.138 -22 18.0026 -559.568 -22 17.9276 -559.038 -22 17.7078 -558.582 -22 17.3582 -558.232 -22 16.9026 -558.013 -22 16.372 -557.938 -22 15.8026 -558.013 -22 15.2332 -558.232 -22 14.7026 -558.582 -22 14.247 -559.038 -22 13.8973 -559.568 -22 13.6776 -560.138 -22 13.6026 -560.707 -22 13.6776 -561.238 -22 13.8973 -561.693 -22 14.247 -562.043 -22 14.7026 -562.263 -22 15.2332 -562.338 -22 15.8026 -562.263 -22 16.372 -562.043 -22 16.9026 -561.693 -22 17.3582 -561.238 -22 17.7078 -560.707 -22 17.9276 -350.139 -22.0001 13.6026 -350.667 -22.0001 13.664 -351.166 -22.0001 13.8506 -351.605 -22.0001 14.1514 -351.959 -22.0001 14.5489 -352.207 -22.0001 15.0198 -352.335 -22.0001 15.5365 -352.335 -22.0001 16.0687 -352.207 -22.0001 16.5854 -351.959 -22.0001 17.0563 -351.605 -22.0001 17.4538 -351.166 -22.0001 17.7546 -350.667 -22.0001 17.9412 -350.139 -22.0001 18.0026 -350.139 -17.0001 18.0026 -350.667 -17.0001 17.9412 -351.166 -17.0001 17.7546 -351.605 -17.0001 17.4538 -351.959 -17.0001 17.0563 -352.207 -17.0001 16.5854 -352.335 -17.0001 16.0687 -352.335 -17.0001 15.5365 -352.207 -17.0001 15.0198 -351.959 -17.0001 14.5489 -351.605 -17.0001 14.1514 -351.166 -17.0001 13.8506 -350.667 -17.0001 13.664 -350.139 -17.0001 13.6026 -350.139 -22.0001 -13.4715 -350.139 -17.0001 -13.4715 -350.139 -22.0001 -17.8715 -350.708 -22.0001 -17.7965 -351.239 -22.0001 -17.5767 -351.694 -22.0001 -17.2271 -352.044 -22.0001 -16.7715 -352.264 -22.0001 -16.2409 -352.339 -22.0001 -15.6715 -352.264 -22.0001 -15.1021 -352.044 -22.0001 -14.5715 -351.694 -22.0001 -14.1158 -351.239 -22.0001 -13.7662 -350.708 -22.0001 -13.5464 -350.708 -17.0001 -13.5464 -351.239 -17.0001 -13.7662 -351.694 -17.0001 -14.1158 -352.044 -17.0001 -14.5715 -352.264 -17.0001 -15.1021 -352.339 -17.0001 -15.6715 -352.264 -17.0001 -16.2409 -352.044 -17.0001 -16.7715 -351.694 -17.0001 -17.2271 -351.239 -17.0001 -17.5767 -350.708 -17.0001 -17.7965 -350.139 -17.0001 -17.8715 -350.139 -22.0001 -20.6716 -350.139 -17.0001 -20.6716 -360.139 -22.0001 -20.6716 -360.139 -17.0001 -20.6716 -360.139 -22.0001 -7.43444 -360.139 -17.0001 -7.43444 -550.139 -22 -7.43444 -550.139 -17 -7.43444 -550.139 -22 -20.6714 -550.139 -17 -20.6714 -570.139 -22 -20.6714 -570.139 -17 -20.6714 -570.139 -22 20.8026 -570.139 -17 20.8026 -550.139 -22 20.8026 -550.139 -17 20.8026 -550.139 -22 7.56556 -550.139 -17 7.56556 -360.139 -22.0001 7.56556 -360.139 -17.0001 7.56556 -360.139 -22.0001 20.8026 -360.139 -17.0001 20.8026 -350.139 -22.0001 20.8026 -350.139 -17.0001 20.8026 19.9997 30.05 -11.4642 19.9997 26.0858 -7.49998 19.9997 13.9142 -7.49998 19.9997 9.95 -11.4642 19.9997 9.95 -14 19.9997 15 -14 19.9997 15 -18.5 19.9997 14.2 -18.5 19.9997 14.2 -20 19.9997 3 -20 19.9997 2.22354 -19.8978 19.9997 1.5 -19.5981 19.9997 0.878679 -19.1213 19.9997 0.401924 -18.5 19.9997 0.102222 -17.7764 19.9997 0 -17 19.9997 0 -5.79998 19.9997 1.5 -5.79998 19.9997 1.5 -4.99998 19.9997 6 -4.99998 19.9997 6 -10.05 19.9997 8.53579 -10.05 19.9997 12.5 -6.08577 19.9997 12.5 6.0858 19.9997 8.53579 10.05 19.9997 6 10.05 19.9997 6 5.00002 19.9997 1.5 5.00002 19.9997 1.5 5.80002 19.9997 0 5.80002 19.9997 0 17 19.9997 0.102222 17.7765 19.9997 0.401924 18.5 19.9997 0.878679 19.1213 19.9997 1.5 19.5981 19.9997 2.22354 19.8978 19.9997 3 20 19.9997 14.2 20 19.9997 14.2 18.5 19.9997 15 18.5 19.9997 15 14 19.9997 9.95 14 19.9997 9.95 11.4642 19.9997 13.9142 7.50002 19.9997 26.0858 7.50002 19.9997 30.05 11.4642 19.9997 30.05 14 19.9997 25 14 19.9997 25 18.5 19.9997 25.8 18.5 19.9997 25.8 20 19.9997 37 20 19.9997 37.7765 19.8978 19.9997 38.5 19.5981 19.9997 39.1213 19.1213 19.9997 39.5981 18.5 19.9997 39.8978 17.7765 19.9997 40 17 19.9997 40 5.80002 19.9997 38.5 5.80002 19.9997 38.5 5.00002 19.9997 34 5.00002 19.9997 34 10.05 19.9997 31.4642 10.05 19.9997 27.5 6.0858 19.9997 27.5 -6.08577 19.9997 31.4642 -10.05 19.9997 34 -10.05 19.9997 34 -4.99998 19.9997 38.5 -4.99998 19.9997 38.5 -5.79998 19.9997 40 -5.79998 19.9997 40 -17 19.9997 39.8978 -17.7764 19.9997 39.5981 -18.5 19.9997 39.1213 -19.1213 19.9997 38.5 -19.5981 19.9997 37.7765 -19.8978 19.9997 37 -20 19.9997 25.8 -20 19.9997 25.8 -18.5 19.9997 25 -18.5 19.9997 25 -14 19.9997 30.05 -14 19.9997 28 -15.5 19.9997 28 -18.5 19.9997 34.5 -18.5 19.9997 34.5 -17.25 19.9997 35.2118 -17.1563 19.9997 35.875 -16.8815 19.9997 36.4445 -16.4445 19.9997 36.8816 -15.875 19.9997 37.1563 -15.2117 19.9997 37.25 -14.5 19.9997 38.5 -14.5 19.9997 38.5 -7.99998 19.9997 35.5 -7.99998 19.9997 35.5 -11.75 19.9997 34.5 -11.75 19.9997 33.7882 -11.8437 19.9997 33.125 -12.1184 19.9997 32.5555 -12.5554 19.9997 32.1184 -13.125 19.9997 31.8437 -13.7882 19.9997 31.75 -14.5 19.9997 31.75 -15.5 19.9997 4.5 -7.99998 19.9997 1.5 -7.99998 19.9997 1.5 -14.5 19.9997 2.75 -14.5 19.9997 2.8437 -15.2117 19.9997 3.11843 -15.875 19.9997 3.55546 -16.4445 19.9997 4.125 -16.8815 19.9997 4.78825 -17.1563 19.9997 5.5 -17.25 19.9997 5.5 -18.5 19.9997 12 -18.5 19.9997 12 -15.5 19.9997 8.25 -15.5 19.9997 8.25 -14.5 19.9997 8.1563 -13.7882 19.9997 7.88157 -13.125 19.9997 7.44454 -12.5554 19.9997 6.875 -12.1184 19.9997 6.21175 -11.8437 19.9997 5.5 -11.75 19.9997 4.5 -11.75 19.9997 12 15.5 19.9997 12 18.5 19.9997 5.5 18.5 19.9997 5.5 17.25 19.9997 4.78825 17.1563 19.9997 4.125 16.8816 19.9997 3.55546 16.4446 19.9997 3.11843 15.875 19.9997 2.8437 15.2118 19.9997 2.75 14.5 19.9997 1.5 14.5 19.9997 1.5 8.00002 19.9997 4.5 8.00002 19.9997 4.5 11.75 19.9997 5.5 11.75 19.9997 6.21175 11.8437 19.9997 6.875 12.1185 19.9997 7.44454 12.5555 19.9997 7.88157 13.125 19.9997 8.1563 13.7883 19.9997 8.25 14.5 19.9997 8.25 15.5 19.9997 35.5 8.00002 19.9997 38.5 8.00002 19.9997 38.5 14.5 19.9997 37.25 14.5 19.9997 37.1563 15.2118 19.9997 36.8816 15.875 19.9997 36.4445 16.4446 19.9997 35.875 16.8816 19.9997 35.2118 17.1563 19.9997 34.5 17.25 19.9997 34.5 18.5 19.9997 28 18.5 19.9997 28 15.5 19.9997 31.75 15.5 19.9997 31.75 14.5 19.9997 31.8437 13.7883 19.9997 32.1184 13.125 19.9997 32.5555 12.5555 19.9997 33.125 12.1185 19.9997 33.7882 11.8437 19.9997 34.5 11.75 19.9997 35.5 11.75 19.9997 24.5853 1.99376 19.9997 25.2 2.26104 19.9997 25.2 5.20002 19.9997 22.261 5.20002 19.9997 21.9937 4.58532 19.9997 21.0182 4.89524 19.9997 20 5.00002 19.9997 18.9818 4.89524 19.9997 18.0063 4.58532 19.9997 17.739 5.20002 19.9997 14.8 5.20002 19.9997 14.8 2.26104 19.9997 15.4147 1.99376 19.9997 15.1048 1.01823 19.9997 15 1.90735e-05 19.9997 15.1048 -1.01818 19.9997 15.4147 -1.99372 19.9997 14.8 -2.26101 19.9997 14.8 -5.19998 19.9997 17.739 -5.19998 19.9997 18.0063 -4.58528 19.9997 18.9818 -4.8952 19.9997 20 -4.99998 19.9997 21.0182 -4.8952 19.9997 21.9937 -4.58528 19.9997 22.261 -5.19998 19.9997 25.2 -5.19998 19.9997 25.2 -2.26101 19.9997 24.5853 -1.99372 19.9997 24.8952 -1.01818 19.9997 25 1.90735e-05 19.9997 24.8952 1.01823 -570 15.4147 1.99376 -570 15.1048 1.01823 -570 15 1.90735e-05 -570 15.1048 -1.01818 -570 15.4147 -1.99372 -1.85214 15.1048 -1.01818 -23.704 15.1048 -1.01818 -45.5559 15.1048 -1.01818 -67.4077 15.1048 -1.01818 -89.2596 15.1048 -1.01818 -111.111 15.1048 -1.01818 -132.963 15.1048 -1.01818 -154.815 15.1048 -1.01818 -176.667 15.1048 -1.01818 -198.519 15.1048 -1.01818 -220.371 15.1048 -1.01818 -242.223 15.1048 -1.01818 -264.074 15.1048 -1.01818 -285.926 15.1048 -1.01818 -307.778 15.1048 -1.01818 -329.63 15.1048 -1.01818 -351.482 15.1048 -1.01818 -373.334 15.1048 -1.01818 -395.185 15.1048 -1.01818 -417.037 15.1048 -1.01818 -438.889 15.1048 -1.01818 -460.741 15.1048 -1.01818 -482.593 15.1048 -1.01818 -504.445 15.1048 -1.01818 -526.297 15.1048 -1.01818 -548.148 15.1048 -1.01818 -1.85214 15 1.90735e-05 -23.704 15 1.90735e-05 -45.5559 15 1.90735e-05 -67.4077 15 1.90735e-05 -89.2596 15 1.90735e-05 -111.111 15 1.90735e-05 -132.963 15 1.90735e-05 -154.815 15 1.90735e-05 -176.667 15 1.90735e-05 -198.519 15 1.90735e-05 -220.371 15 1.90735e-05 -242.223 15 1.90735e-05 -264.074 15 1.90735e-05 -285.926 15 1.90735e-05 -307.778 15 1.90735e-05 -329.63 15 1.90735e-05 -351.482 15 1.90735e-05 -373.334 15 1.90735e-05 -395.185 15 1.90735e-05 -417.037 15 1.90735e-05 -438.889 15 1.90735e-05 -460.741 15 1.90735e-05 -482.593 15 1.90735e-05 -504.445 15 1.90735e-05 -526.297 15 1.90735e-05 -548.148 15 1.90735e-05 -1.85214 15.1048 1.01823 -23.704 15.1048 1.01823 -45.5559 15.1048 1.01823 -67.4077 15.1048 1.01823 -89.2596 15.1048 1.01823 -111.111 15.1048 1.01823 -132.963 15.1048 1.01823 -154.815 15.1048 1.01823 -176.667 15.1048 1.01823 -198.519 15.1048 1.01823 -220.371 15.1048 1.01823 -242.223 15.1048 1.01823 -264.074 15.1048 1.01823 -285.926 15.1048 1.01823 -307.778 15.1048 1.01823 -329.63 15.1048 1.01823 -351.482 15.1048 1.01823 -373.334 15.1048 1.01823 -395.185 15.1048 1.01823 -417.037 15.1048 1.01823 -438.889 15.1048 1.01823 -460.741 15.1048 1.01823 -482.593 15.1048 1.01823 -504.445 15.1048 1.01823 -526.297 15.1048 1.01823 -548.148 15.1048 1.01823 -570 14.8 2.26104 -570 14.8 5.20002 -570 17.739 5.20002 -570 18.0063 4.58532 -570 21.9937 4.58532 -570 21.0182 4.89524 -570 20 5.00002 -570 18.9818 4.89524 -1.85214 18.9818 4.89524 -23.704 18.9818 4.89524 -45.5559 18.9818 4.89524 -67.4077 18.9818 4.89524 -89.2596 18.9818 4.89524 -111.111 18.9818 4.89524 -132.963 18.9818 4.89524 -154.815 18.9818 4.89524 -176.667 18.9818 4.89524 -198.519 18.9818 4.89524 -220.371 18.9818 4.89524 -242.223 18.9818 4.89524 -264.074 18.9818 4.89524 -285.926 18.9818 4.89524 -307.778 18.9818 4.89524 -329.63 18.9818 4.89524 -351.482 18.9818 4.89524 -373.334 18.9818 4.89524 -395.185 18.9818 4.89524 -417.037 18.9818 4.89524 -438.889 18.9818 4.89524 -460.741 18.9818 4.89524 -482.593 18.9818 4.89524 -504.445 18.9818 4.89524 -526.297 18.9818 4.89524 -548.148 18.9818 4.89524 -1.85214 20 5.00002 -23.704 20 5.00002 -45.5559 20 5.00002 -67.4077 20 5.00002 -89.2596 20 5.00002 -111.111 20 5.00002 -132.963 20 5.00002 -154.815 20 5.00002 -176.667 20 5.00002 -198.519 20 5.00002 -220.371 20 5.00002 -242.223 20 5.00002 -264.074 20 5.00002 -285.926 20 5.00002 -307.778 20 5.00002 -329.63 20 5.00002 -351.482 20 5.00002 -373.334 20 5.00002 -395.185 20 5.00002 -417.037 20 5.00002 -438.889 20 5.00002 -460.741 20 5.00002 -482.593 20 5.00002 -504.445 20 5.00002 -526.297 20 5.00002 -548.148 20 5.00002 -1.85214 21.0182 4.89524 -23.704 21.0182 4.89524 -45.5559 21.0182 4.89524 -67.4077 21.0182 4.89524 -89.2596 21.0182 4.89524 -111.111 21.0182 4.89524 -132.963 21.0182 4.89524 -154.815 21.0182 4.89524 -176.667 21.0182 4.89524 -198.519 21.0182 4.89524 -220.371 21.0182 4.89524 -242.223 21.0182 4.89524 -264.074 21.0182 4.89524 -285.926 21.0182 4.89524 -307.778 21.0182 4.89524 -329.63 21.0182 4.89524 -351.482 21.0182 4.89524 -373.334 21.0182 4.89524 -395.185 21.0182 4.89524 -417.037 21.0182 4.89524 -438.889 21.0182 4.89524 -460.741 21.0182 4.89524 -482.593 21.0182 4.89524 -504.445 21.0182 4.89524 -526.297 21.0182 4.89524 -548.148 21.0182 4.89524 -570 22.261 5.20002 -570 25.2 5.20002 -570 25.2 2.26104 -570 24.5853 1.99376 -570 34.5 18.5 -570 28 18.5 -570 34.5 17.25 -570 37.25 14.5 -570 37.1563 15.2118 -570 36.8816 15.875 -570 36.4445 16.4446 -570 35.875 16.8816 -570 35.2118 17.1563 4.87149 35.2118 17.1563 -10.2567 35.2118 17.1563 -25.3849 35.2118 17.1563 -40.5131 35.2118 17.1563 -55.6413 35.2118 17.1563 -70.7695 35.2118 17.1563 -85.8978 35.2118 17.1563 -101.026 35.2118 17.1563 -116.154 35.2118 17.1563 -131.282 35.2118 17.1563 -146.411 35.2118 17.1563 -161.539 35.2118 17.1563 -176.667 35.2118 17.1563 -191.795 35.2118 17.1563 -206.923 35.2118 17.1563 -222.052 35.2118 17.1563 -237.18 35.2118 17.1563 -252.308 35.2118 17.1563 -267.436 35.2118 17.1563 -282.564 35.2118 17.1563 -297.693 35.2118 17.1563 -312.821 35.2118 17.1563 -327.949 35.2118 17.1563 -343.077 35.2118 17.1563 -358.205 35.2118 17.1563 -373.334 35.2118 17.1563 -388.462 35.2118 17.1563 -403.59 35.2118 17.1563 -418.718 35.2118 17.1563 -433.846 35.2118 17.1563 -448.975 35.2118 17.1563 -464.103 35.2118 17.1563 -479.231 35.2118 17.1563 -494.359 35.2118 17.1563 -509.487 35.2118 17.1563 -524.616 35.2118 17.1563 -539.744 35.2118 17.1563 -554.872 35.2118 17.1563 4.87149 35.875 16.8816 -10.2567 35.875 16.8816 -25.3849 35.875 16.8816 -40.5131 35.875 16.8816 -55.6413 35.875 16.8816 -70.7695 35.875 16.8816 -85.8978 35.875 16.8816 -101.026 35.875 16.8816 -116.154 35.875 16.8816 -131.282 35.875 16.8816 -146.411 35.875 16.8816 -161.539 35.875 16.8816 -176.667 35.875 16.8816 -191.795 35.875 16.8816 -206.923 35.875 16.8816 -222.052 35.875 16.8816 -237.18 35.875 16.8816 -252.308 35.875 16.8816 -267.436 35.875 16.8816 -282.564 35.875 16.8816 -297.693 35.875 16.8816 -312.821 35.875 16.8816 -327.949 35.875 16.8816 -343.077 35.875 16.8816 -358.205 35.875 16.8816 -373.334 35.875 16.8816 -388.462 35.875 16.8816 -403.59 35.875 16.8816 -418.718 35.875 16.8816 -433.846 35.875 16.8816 -448.975 35.875 16.8816 -464.103 35.875 16.8816 -479.231 35.875 16.8816 -494.359 35.875 16.8816 -509.487 35.875 16.8816 -524.616 35.875 16.8816 -539.744 35.875 16.8816 -554.872 35.875 16.8816 4.87149 36.4445 16.4446 -10.2567 36.4445 16.4446 -25.3849 36.4445 16.4446 -40.5131 36.4445 16.4446 -55.6413 36.4445 16.4446 -70.7695 36.4445 16.4446 -85.8978 36.4445 16.4446 -101.026 36.4445 16.4446 -116.154 36.4445 16.4446 -131.282 36.4445 16.4446 -146.411 36.4445 16.4446 -161.539 36.4445 16.4446 -176.667 36.4445 16.4446 -191.795 36.4445 16.4446 -206.923 36.4445 16.4446 -222.052 36.4445 16.4446 -237.18 36.4445 16.4446 -252.308 36.4445 16.4446 -267.436 36.4445 16.4446 -282.564 36.4445 16.4446 -297.693 36.4445 16.4446 -312.821 36.4445 16.4446 -327.949 36.4445 16.4446 -343.077 36.4445 16.4446 -358.205 36.4445 16.4446 -373.334 36.4445 16.4446 -388.462 36.4445 16.4446 -403.59 36.4445 16.4446 -418.718 36.4445 16.4446 -433.846 36.4445 16.4446 -448.975 36.4445 16.4446 -464.103 36.4445 16.4446 -479.231 36.4445 16.4446 -494.359 36.4445 16.4446 -509.487 36.4445 16.4446 -524.616 36.4445 16.4446 -539.744 36.4445 16.4446 -554.872 36.4445 16.4446 4.87149 36.8816 15.875 -10.2567 36.8816 15.875 -25.3849 36.8816 15.875 -40.5131 36.8816 15.875 -55.6413 36.8816 15.875 -70.7695 36.8816 15.875 -85.8978 36.8816 15.875 -101.026 36.8816 15.875 -116.154 36.8816 15.875 -131.282 36.8816 15.875 -146.411 36.8816 15.875 -161.539 36.8816 15.875 -176.667 36.8816 15.875 -191.795 36.8816 15.875 -206.923 36.8816 15.875 -222.052 36.8816 15.875 -237.18 36.8816 15.875 -252.308 36.8816 15.875 -267.436 36.8816 15.875 -282.564 36.8816 15.875 -297.693 36.8816 15.875 -312.821 36.8816 15.875 -327.949 36.8816 15.875 -343.077 36.8816 15.875 -358.205 36.8816 15.875 -373.334 36.8816 15.875 -388.462 36.8816 15.875 -403.59 36.8816 15.875 -418.718 36.8816 15.875 -433.846 36.8816 15.875 -448.975 36.8816 15.875 -464.103 36.8816 15.875 -479.231 36.8816 15.875 -494.359 36.8816 15.875 -509.487 36.8816 15.875 -524.616 36.8816 15.875 -539.744 36.8816 15.875 -554.872 36.8816 15.875 4.87149 37.1563 15.2118 -10.2567 37.1563 15.2118 -25.3849 37.1563 15.2118 -40.5131 37.1563 15.2118 -55.6413 37.1563 15.2118 -70.7695 37.1563 15.2118 -85.8978 37.1563 15.2118 -101.026 37.1563 15.2118 -116.154 37.1563 15.2118 -131.282 37.1563 15.2118 -146.411 37.1563 15.2118 -161.539 37.1563 15.2118 -176.667 37.1563 15.2118 -191.795 37.1563 15.2118 -206.923 37.1563 15.2118 -222.052 37.1563 15.2118 -237.18 37.1563 15.2118 -252.308 37.1563 15.2118 -267.436 37.1563 15.2118 -282.564 37.1563 15.2118 -297.693 37.1563 15.2118 -312.821 37.1563 15.2118 -327.949 37.1563 15.2118 -343.077 37.1563 15.2118 -358.205 37.1563 15.2118 -373.334 37.1563 15.2118 -388.462 37.1563 15.2118 -403.59 37.1563 15.2118 -418.718 37.1563 15.2118 -433.846 37.1563 15.2118 -448.975 37.1563 15.2118 -464.103 37.1563 15.2118 -479.231 37.1563 15.2118 -494.359 37.1563 15.2118 -509.487 37.1563 15.2118 -524.616 37.1563 15.2118 -539.744 37.1563 15.2118 -554.872 37.1563 15.2118 -570 38.5 14.5 -570 38.5 8.00002 -570 35.5 8.00002 -570 1.5 14.5 -570 1.5 8.00002 -570 2.75 14.5 -570 5.5 17.25 -570 4.78825 17.1563 -570 4.125 16.8816 -570 3.55546 16.4446 -570 3.11843 15.875 -570 2.8437 15.2118 4.87149 2.8437 15.2118 -10.2567 2.8437 15.2118 -25.3849 2.8437 15.2118 -40.5131 2.8437 15.2118 -55.6413 2.8437 15.2118 -70.7695 2.8437 15.2118 -85.8978 2.8437 15.2118 -101.026 2.8437 15.2118 -116.154 2.8437 15.2118 -131.282 2.8437 15.2118 -146.411 2.8437 15.2118 -161.539 2.8437 15.2118 -176.667 2.8437 15.2118 -191.795 2.8437 15.2118 -206.923 2.8437 15.2118 -222.052 2.8437 15.2118 -237.18 2.8437 15.2118 -252.308 2.8437 15.2118 -267.436 2.8437 15.2118 -282.564 2.8437 15.2118 -297.693 2.8437 15.2118 -312.821 2.8437 15.2118 -327.949 2.8437 15.2118 -343.077 2.8437 15.2118 -358.205 2.8437 15.2118 -373.334 2.8437 15.2118 -388.462 2.8437 15.2118 -403.59 2.8437 15.2118 -418.718 2.8437 15.2118 -433.846 2.8437 15.2118 -448.975 2.8437 15.2118 -464.103 2.8437 15.2118 -479.231 2.8437 15.2118 -494.359 2.8437 15.2118 -509.487 2.8437 15.2118 -524.616 2.8437 15.2118 -539.744 2.8437 15.2118 -554.872 2.8437 15.2118 4.87149 3.11843 15.875 -10.2567 3.11843 15.875 -25.3849 3.11843 15.875 -40.5131 3.11843 15.875 -55.6413 3.11843 15.875 -70.7695 3.11843 15.875 -85.8978 3.11843 15.875 -101.026 3.11843 15.875 -116.154 3.11843 15.875 -131.282 3.11843 15.875 -146.411 3.11843 15.875 -161.539 3.11843 15.875 -176.667 3.11843 15.875 -191.795 3.11843 15.875 -206.923 3.11843 15.875 -222.052 3.11843 15.875 -237.18 3.11843 15.875 -252.308 3.11843 15.875 -267.436 3.11843 15.875 -282.564 3.11843 15.875 -297.693 3.11843 15.875 -312.821 3.11843 15.875 -327.949 3.11843 15.875 -343.077 3.11843 15.875 -358.205 3.11843 15.875 -373.334 3.11843 15.875 -388.462 3.11843 15.875 -403.59 3.11843 15.875 -418.718 3.11843 15.875 -433.846 3.11843 15.875 -448.975 3.11843 15.875 -464.103 3.11843 15.875 -479.231 3.11843 15.875 -494.359 3.11843 15.875 -509.487 3.11843 15.875 -524.616 3.11843 15.875 -539.744 3.11843 15.875 -554.872 3.11843 15.875 4.87149 3.55546 16.4446 -10.2567 3.55546 16.4446 -25.3849 3.55546 16.4446 -40.5131 3.55546 16.4446 -55.6413 3.55546 16.4446 -70.7695 3.55546 16.4446 -85.8978 3.55546 16.4446 -101.026 3.55546 16.4446 -116.154 3.55546 16.4446 -131.282 3.55546 16.4446 -146.411 3.55546 16.4446 -161.539 3.55546 16.4446 -176.667 3.55546 16.4446 -191.795 3.55546 16.4446 -206.923 3.55546 16.4446 -222.052 3.55546 16.4446 -237.18 3.55546 16.4446 -252.308 3.55546 16.4446 -267.436 3.55546 16.4446 -282.564 3.55546 16.4446 -297.693 3.55546 16.4446 -312.821 3.55546 16.4446 -327.949 3.55546 16.4446 -343.077 3.55546 16.4446 -358.205 3.55546 16.4446 -373.334 3.55546 16.4446 -388.462 3.55546 16.4446 -403.59 3.55546 16.4446 -418.718 3.55546 16.4446 -433.846 3.55546 16.4446 -448.975 3.55546 16.4446 -464.103 3.55546 16.4446 -479.231 3.55546 16.4446 -494.359 3.55546 16.4446 -509.487 3.55546 16.4446 -524.616 3.55546 16.4446 -539.744 3.55546 16.4446 -554.872 3.55546 16.4446 4.87149 4.125 16.8816 -10.2567 4.125 16.8816 -25.3849 4.125 16.8816 -40.5131 4.125 16.8816 -55.6413 4.125 16.8816 -70.7695 4.125 16.8816 -85.8978 4.125 16.8816 -101.026 4.125 16.8816 -116.154 4.125 16.8816 -131.282 4.125 16.8816 -146.411 4.125 16.8816 -161.539 4.125 16.8816 -176.667 4.125 16.8816 -191.795 4.125 16.8816 -206.923 4.125 16.8816 -222.052 4.125 16.8816 -237.18 4.125 16.8816 -252.308 4.125 16.8816 -267.436 4.125 16.8816 -282.564 4.125 16.8816 -297.693 4.125 16.8816 -312.821 4.125 16.8816 -327.949 4.125 16.8816 -343.077 4.125 16.8816 -358.205 4.125 16.8816 -373.334 4.125 16.8816 -388.462 4.125 16.8816 -403.59 4.125 16.8816 -418.718 4.125 16.8816 -433.846 4.125 16.8816 -448.975 4.125 16.8816 -464.103 4.125 16.8816 -479.231 4.125 16.8816 -494.359 4.125 16.8816 -509.487 4.125 16.8816 -524.616 4.125 16.8816 -539.744 4.125 16.8816 -554.872 4.125 16.8816 4.87149 4.78825 17.1563 -10.2567 4.78825 17.1563 -25.3849 4.78825 17.1563 -40.5131 4.78825 17.1563 -55.6413 4.78825 17.1563 -70.7695 4.78825 17.1563 -85.8978 4.78825 17.1563 -101.026 4.78825 17.1563 -116.154 4.78825 17.1563 -131.282 4.78825 17.1563 -146.411 4.78825 17.1563 -161.539 4.78825 17.1563 -176.667 4.78825 17.1563 -191.795 4.78825 17.1563 -206.923 4.78825 17.1563 -222.052 4.78825 17.1563 -237.18 4.78825 17.1563 -252.308 4.78825 17.1563 -267.436 4.78825 17.1563 -282.564 4.78825 17.1563 -297.693 4.78825 17.1563 -312.821 4.78825 17.1563 -327.949 4.78825 17.1563 -343.077 4.78825 17.1563 -358.205 4.78825 17.1563 -373.334 4.78825 17.1563 -388.462 4.78825 17.1563 -403.59 4.78825 17.1563 -418.718 4.78825 17.1563 -433.846 4.78825 17.1563 -448.975 4.78825 17.1563 -464.103 4.78825 17.1563 -479.231 4.78825 17.1563 -494.359 4.78825 17.1563 -509.487 4.78825 17.1563 -524.616 4.78825 17.1563 -539.744 4.78825 17.1563 -554.872 4.78825 17.1563 -570 5.5 18.5 -570 12 18.5 -570 12 15.5 -570 5.5 -18.5 -570 12 -18.5 -570 5.5 -17.25 -570 2.75 -14.5 -570 2.8437 -15.2117 -570 3.11843 -15.875 -570 3.55546 -16.4445 -570 4.125 -16.8815 -570 4.78825 -17.1563 4.87149 4.78825 -17.1563 -10.2567 4.78825 -17.1563 -25.3849 4.78825 -17.1563 -40.5131 4.78825 -17.1563 -55.6413 4.78825 -17.1563 -70.7695 4.78825 -17.1563 -85.8978 4.78825 -17.1563 -101.026 4.78825 -17.1563 -116.154 4.78825 -17.1563 -131.282 4.78825 -17.1563 -146.411 4.78825 -17.1563 -161.539 4.78825 -17.1563 -176.667 4.78825 -17.1563 -191.795 4.78825 -17.1563 -206.923 4.78825 -17.1563 -222.052 4.78825 -17.1563 -237.18 4.78825 -17.1563 -252.308 4.78825 -17.1563 -267.436 4.78825 -17.1563 -282.564 4.78825 -17.1563 -297.693 4.78825 -17.1563 -312.821 4.78825 -17.1563 -327.949 4.78825 -17.1563 -343.077 4.78825 -17.1563 -358.205 4.78825 -17.1563 -373.334 4.78825 -17.1563 -388.462 4.78825 -17.1563 -403.59 4.78825 -17.1563 -418.718 4.78825 -17.1563 -433.846 4.78825 -17.1563 -448.975 4.78825 -17.1563 -464.103 4.78825 -17.1563 -479.231 4.78825 -17.1563 -494.359 4.78825 -17.1563 -509.487 4.78825 -17.1563 -524.616 4.78825 -17.1563 -539.744 4.78825 -17.1563 -554.872 4.78825 -17.1563 4.87149 4.125 -16.8815 -10.2567 4.125 -16.8815 -25.3849 4.125 -16.8815 -40.5131 4.125 -16.8815 -55.6413 4.125 -16.8815 -70.7695 4.125 -16.8815 -85.8978 4.125 -16.8815 -101.026 4.125 -16.8815 -116.154 4.125 -16.8815 -131.282 4.125 -16.8815 -146.411 4.125 -16.8815 -161.539 4.125 -16.8815 -176.667 4.125 -16.8815 -191.795 4.125 -16.8815 -206.923 4.125 -16.8815 -222.052 4.125 -16.8815 -237.18 4.125 -16.8815 -252.308 4.125 -16.8815 -267.436 4.125 -16.8815 -282.564 4.125 -16.8815 -297.693 4.125 -16.8815 -312.821 4.125 -16.8815 -327.949 4.125 -16.8815 -343.077 4.125 -16.8815 -358.205 4.125 -16.8815 -373.334 4.125 -16.8815 -388.462 4.125 -16.8815 -403.59 4.125 -16.8815 -418.718 4.125 -16.8815 -433.846 4.125 -16.8815 -448.975 4.125 -16.8815 -464.103 4.125 -16.8815 -479.231 4.125 -16.8815 -494.359 4.125 -16.8815 -509.487 4.125 -16.8815 -524.616 4.125 -16.8815 -539.744 4.125 -16.8815 -554.872 4.125 -16.8815 4.87149 3.55546 -16.4445 -10.2567 3.55546 -16.4445 -25.3849 3.55546 -16.4445 -40.5131 3.55546 -16.4445 -55.6413 3.55546 -16.4445 -70.7695 3.55546 -16.4445 -85.8978 3.55546 -16.4445 -101.026 3.55546 -16.4445 -116.154 3.55546 -16.4445 -131.282 3.55546 -16.4445 -146.411 3.55546 -16.4445 -161.539 3.55546 -16.4445 -176.667 3.55546 -16.4445 -191.795 3.55546 -16.4445 -206.923 3.55546 -16.4445 -222.052 3.55546 -16.4445 -237.18 3.55546 -16.4445 -252.308 3.55546 -16.4445 -267.436 3.55546 -16.4445 -282.564 3.55546 -16.4445 -297.693 3.55546 -16.4445 -312.821 3.55546 -16.4445 -327.949 3.55546 -16.4445 -343.077 3.55546 -16.4445 -358.205 3.55546 -16.4445 -373.334 3.55546 -16.4445 -388.462 3.55546 -16.4445 -403.59 3.55546 -16.4445 -418.718 3.55546 -16.4445 -433.846 3.55546 -16.4445 -448.975 3.55546 -16.4445 -464.103 3.55546 -16.4445 -479.231 3.55546 -16.4445 -494.359 3.55546 -16.4445 -509.487 3.55546 -16.4445 -524.616 3.55546 -16.4445 -539.744 3.55546 -16.4445 -554.872 3.55546 -16.4445 4.87149 3.11843 -15.875 -10.2567 3.11843 -15.875 -25.3849 3.11843 -15.875 -40.5131 3.11843 -15.875 -55.6413 3.11843 -15.875 -70.7695 3.11843 -15.875 -85.8978 3.11843 -15.875 -101.026 3.11843 -15.875 -116.154 3.11843 -15.875 -131.282 3.11843 -15.875 -146.411 3.11843 -15.875 -161.539 3.11843 -15.875 -176.667 3.11843 -15.875 -191.795 3.11843 -15.875 -206.923 3.11843 -15.875 -222.052 3.11843 -15.875 -237.18 3.11843 -15.875 -252.308 3.11843 -15.875 -267.436 3.11843 -15.875 -282.564 3.11843 -15.875 -297.693 3.11843 -15.875 -312.821 3.11843 -15.875 -327.949 3.11843 -15.875 -343.077 3.11843 -15.875 -358.205 3.11843 -15.875 -373.334 3.11843 -15.875 -388.462 3.11843 -15.875 -403.59 3.11843 -15.875 -418.718 3.11843 -15.875 -433.846 3.11843 -15.875 -448.975 3.11843 -15.875 -464.103 3.11843 -15.875 -479.231 3.11843 -15.875 -494.359 3.11843 -15.875 -509.487 3.11843 -15.875 -524.616 3.11843 -15.875 -539.744 3.11843 -15.875 -554.872 3.11843 -15.875 4.87149 2.8437 -15.2117 -10.2567 2.8437 -15.2117 -25.3849 2.8437 -15.2117 -40.5131 2.8437 -15.2117 -55.6413 2.8437 -15.2117 -70.7695 2.8437 -15.2117 -85.8978 2.8437 -15.2117 -101.026 2.8437 -15.2117 -116.154 2.8437 -15.2117 -131.282 2.8437 -15.2117 -146.411 2.8437 -15.2117 -161.539 2.8437 -15.2117 -176.667 2.8437 -15.2117 -191.795 2.8437 -15.2117 -206.923 2.8437 -15.2117 -222.052 2.8437 -15.2117 -237.18 2.8437 -15.2117 -252.308 2.8437 -15.2117 -267.436 2.8437 -15.2117 -282.564 2.8437 -15.2117 -297.693 2.8437 -15.2117 -312.821 2.8437 -15.2117 -327.949 2.8437 -15.2117 -343.077 2.8437 -15.2117 -358.205 2.8437 -15.2117 -373.334 2.8437 -15.2117 -388.462 2.8437 -15.2117 -403.59 2.8437 -15.2117 -418.718 2.8437 -15.2117 -433.846 2.8437 -15.2117 -448.975 2.8437 -15.2117 -464.103 2.8437 -15.2117 -479.231 2.8437 -15.2117 -494.359 2.8437 -15.2117 -509.487 2.8437 -15.2117 -524.616 2.8437 -15.2117 -539.744 2.8437 -15.2117 -554.872 2.8437 -15.2117 -570 1.5 -14.5 -570 1.5 -7.99998 -570 4.5 -7.99998 -570 38.5 -14.5 -570 38.5 -7.99998 -570 37.25 -14.5 -570 34.5 -17.25 -570 35.2118 -17.1563 -570 35.875 -16.8815 -570 36.4445 -16.4445 -570 36.8816 -15.875 -570 37.1563 -15.2117 4.87149 37.1563 -15.2117 -10.2567 37.1563 -15.2117 -25.3849 37.1563 -15.2117 -40.5131 37.1563 -15.2117 -55.6413 37.1563 -15.2117 -70.7695 37.1563 -15.2117 -85.8978 37.1563 -15.2117 -101.026 37.1563 -15.2117 -116.154 37.1563 -15.2117 -131.282 37.1563 -15.2117 -146.411 37.1563 -15.2117 -161.539 37.1563 -15.2117 -176.667 37.1563 -15.2117 -191.795 37.1563 -15.2117 -206.923 37.1563 -15.2117 -222.052 37.1563 -15.2117 -237.18 37.1563 -15.2117 -252.308 37.1563 -15.2117 -267.436 37.1563 -15.2117 -282.564 37.1563 -15.2117 -297.693 37.1563 -15.2117 -312.821 37.1563 -15.2117 -327.949 37.1563 -15.2117 -343.077 37.1563 -15.2117 -358.205 37.1563 -15.2117 -373.334 37.1563 -15.2117 -388.462 37.1563 -15.2117 -403.59 37.1563 -15.2117 -418.718 37.1563 -15.2117 -433.846 37.1563 -15.2117 -448.975 37.1563 -15.2117 -464.103 37.1563 -15.2117 -479.231 37.1563 -15.2117 -494.359 37.1563 -15.2117 -509.487 37.1563 -15.2117 -524.616 37.1563 -15.2117 -539.744 37.1563 -15.2117 -554.872 37.1563 -15.2117 4.87149 36.8816 -15.875 -10.2567 36.8816 -15.875 -25.3849 36.8816 -15.875 -40.5131 36.8816 -15.875 -55.6413 36.8816 -15.875 -70.7695 36.8816 -15.875 -85.8978 36.8816 -15.875 -101.026 36.8816 -15.875 -116.154 36.8816 -15.875 -131.282 36.8816 -15.875 -146.411 36.8816 -15.875 -161.539 36.8816 -15.875 -176.667 36.8816 -15.875 -191.795 36.8816 -15.875 -206.923 36.8816 -15.875 -222.052 36.8816 -15.875 -237.18 36.8816 -15.875 -252.308 36.8816 -15.875 -267.436 36.8816 -15.875 -282.564 36.8816 -15.875 -297.693 36.8816 -15.875 -312.821 36.8816 -15.875 -327.949 36.8816 -15.875 -343.077 36.8816 -15.875 -358.205 36.8816 -15.875 -373.334 36.8816 -15.875 -388.462 36.8816 -15.875 -403.59 36.8816 -15.875 -418.718 36.8816 -15.875 -433.846 36.8816 -15.875 -448.975 36.8816 -15.875 -464.103 36.8816 -15.875 -479.231 36.8816 -15.875 -494.359 36.8816 -15.875 -509.487 36.8816 -15.875 -524.616 36.8816 -15.875 -539.744 36.8816 -15.875 -554.872 36.8816 -15.875 4.87149 36.4445 -16.4445 -10.2567 36.4445 -16.4445 -25.3849 36.4445 -16.4445 -40.5131 36.4445 -16.4445 -55.6413 36.4445 -16.4445 -70.7695 36.4445 -16.4445 -85.8978 36.4445 -16.4445 -101.026 36.4445 -16.4445 -116.154 36.4445 -16.4445 -131.282 36.4445 -16.4445 -146.411 36.4445 -16.4445 -161.539 36.4445 -16.4445 -176.667 36.4445 -16.4445 -191.795 36.4445 -16.4445 -206.923 36.4445 -16.4445 -222.052 36.4445 -16.4445 -237.18 36.4445 -16.4445 -252.308 36.4445 -16.4445 -267.436 36.4445 -16.4445 -282.564 36.4445 -16.4445 -297.693 36.4445 -16.4445 -312.821 36.4445 -16.4445 -327.949 36.4445 -16.4445 -343.077 36.4445 -16.4445 -358.205 36.4445 -16.4445 -373.334 36.4445 -16.4445 -388.462 36.4445 -16.4445 -403.59 36.4445 -16.4445 -418.718 36.4445 -16.4445 -433.846 36.4445 -16.4445 -448.975 36.4445 -16.4445 -464.103 36.4445 -16.4445 -479.231 36.4445 -16.4445 -494.359 36.4445 -16.4445 -509.487 36.4445 -16.4445 -524.616 36.4445 -16.4445 -539.744 36.4445 -16.4445 -554.872 36.4445 -16.4445 4.87149 35.875 -16.8815 -10.2567 35.875 -16.8815 -25.3849 35.875 -16.8815 -40.5131 35.875 -16.8815 -55.6413 35.875 -16.8815 -70.7695 35.875 -16.8815 -85.8978 35.875 -16.8815 -101.026 35.875 -16.8815 -116.154 35.875 -16.8815 -131.282 35.875 -16.8815 -146.411 35.875 -16.8815 -161.539 35.875 -16.8815 -176.667 35.875 -16.8815 -191.795 35.875 -16.8815 -206.923 35.875 -16.8815 -222.052 35.875 -16.8815 -237.18 35.875 -16.8815 -252.308 35.875 -16.8815 -267.436 35.875 -16.8815 -282.564 35.875 -16.8815 -297.693 35.875 -16.8815 -312.821 35.875 -16.8815 -327.949 35.875 -16.8815 -343.077 35.875 -16.8815 -358.205 35.875 -16.8815 -373.334 35.875 -16.8815 -388.462 35.875 -16.8815 -403.59 35.875 -16.8815 -418.718 35.875 -16.8815 -433.846 35.875 -16.8815 -448.975 35.875 -16.8815 -464.103 35.875 -16.8815 -479.231 35.875 -16.8815 -494.359 35.875 -16.8815 -509.487 35.875 -16.8815 -524.616 35.875 -16.8815 -539.744 35.875 -16.8815 -554.872 35.875 -16.8815 4.87149 35.2118 -17.1563 -10.2567 35.2118 -17.1563 -25.3849 35.2118 -17.1563 -40.5131 35.2118 -17.1563 -55.6413 35.2118 -17.1563 -70.7695 35.2118 -17.1563 -85.8978 35.2118 -17.1563 -101.026 35.2118 -17.1563 -116.154 35.2118 -17.1563 -131.282 35.2118 -17.1563 -146.411 35.2118 -17.1563 -161.539 35.2118 -17.1563 -176.667 35.2118 -17.1563 -191.795 35.2118 -17.1563 -206.923 35.2118 -17.1563 -222.052 35.2118 -17.1563 -237.18 35.2118 -17.1563 -252.308 35.2118 -17.1563 -267.436 35.2118 -17.1563 -282.564 35.2118 -17.1563 -297.693 35.2118 -17.1563 -312.821 35.2118 -17.1563 -327.949 35.2118 -17.1563 -343.077 35.2118 -17.1563 -358.205 35.2118 -17.1563 -373.334 35.2118 -17.1563 -388.462 35.2118 -17.1563 -403.59 35.2118 -17.1563 -418.718 35.2118 -17.1563 -433.846 35.2118 -17.1563 -448.975 35.2118 -17.1563 -464.103 35.2118 -17.1563 -479.231 35.2118 -17.1563 -494.359 35.2118 -17.1563 -509.487 35.2118 -17.1563 -524.616 35.2118 -17.1563 -539.744 35.2118 -17.1563 -554.872 35.2118 -17.1563 -570 34.5 -18.5 -570 28 -18.5 -570 28 -15.5 -570 9.95 14 -570 9.95 11.4642 -570 15 14 -570 15 18.5 -570 14.2 18.5 -570 14.2 20 -570 3 20 -570 0 17 -570 0.102222 17.7765 -570 0.401924 18.5 -570 0.878679 19.1213 -570 1.5 19.5981 -570 2.22354 19.8978 3.14255 2.22354 19.8978 -13.7146 2.22354 19.8978 -30.5717 2.22354 19.8978 -47.4289 2.22354 19.8978 -64.286 2.22354 19.8978 -81.1432 2.22354 19.8978 -98.0003 2.22354 19.8978 -114.857 2.22354 19.8978 -131.715 2.22354 19.8978 -148.572 2.22354 19.8978 -165.429 2.22354 19.8978 -182.286 2.22354 19.8978 -199.143 2.22354 19.8978 -216 2.22354 19.8978 -232.857 2.22354 19.8978 -249.715 2.22354 19.8978 -266.572 2.22354 19.8978 -283.429 2.22354 19.8978 -300.286 2.22354 19.8978 -317.143 2.22354 19.8978 -334 2.22354 19.8978 -350.857 2.22354 19.8978 -367.715 2.22354 19.8978 -384.572 2.22354 19.8978 -401.429 2.22354 19.8978 -418.286 2.22354 19.8978 -435.143 2.22354 19.8978 -452 2.22354 19.8978 -468.857 2.22354 19.8978 -485.715 2.22354 19.8978 -502.572 2.22354 19.8978 -519.429 2.22354 19.8978 -536.286 2.22354 19.8978 -553.143 2.22354 19.8978 3.14255 1.5 19.5981 -13.7146 1.5 19.5981 -30.5717 1.5 19.5981 -47.4289 1.5 19.5981 -64.286 1.5 19.5981 -81.1432 1.5 19.5981 -98.0003 1.5 19.5981 -114.857 1.5 19.5981 -131.715 1.5 19.5981 -148.572 1.5 19.5981 -165.429 1.5 19.5981 -182.286 1.5 19.5981 -199.143 1.5 19.5981 -216 1.5 19.5981 -232.857 1.5 19.5981 -249.715 1.5 19.5981 -266.572 1.5 19.5981 -283.429 1.5 19.5981 -300.286 1.5 19.5981 -317.143 1.5 19.5981 -334 1.5 19.5981 -350.857 1.5 19.5981 -367.715 1.5 19.5981 -384.572 1.5 19.5981 -401.429 1.5 19.5981 -418.286 1.5 19.5981 -435.143 1.5 19.5981 -452 1.5 19.5981 -468.857 1.5 19.5981 -485.715 1.5 19.5981 -502.572 1.5 19.5981 -519.429 1.5 19.5981 -536.286 1.5 19.5981 -553.143 1.5 19.5981 3.14255 0.878679 19.1213 -13.7146 0.878679 19.1213 -30.5717 0.878679 19.1213 -47.4289 0.878679 19.1213 -64.286 0.878679 19.1213 -81.1432 0.878679 19.1213 -98.0003 0.878679 19.1213 -114.857 0.878679 19.1213 -131.715 0.878679 19.1213 -148.572 0.878679 19.1213 -165.429 0.878679 19.1213 -182.286 0.878679 19.1213 -199.143 0.878679 19.1213 -216 0.878679 19.1213 -232.857 0.878679 19.1213 -249.715 0.878679 19.1213 -266.572 0.878679 19.1213 -283.429 0.878679 19.1213 -300.286 0.878679 19.1213 -317.143 0.878679 19.1213 -334 0.878679 19.1213 -350.857 0.878679 19.1213 -367.715 0.878679 19.1213 -384.572 0.878679 19.1213 -401.429 0.878679 19.1213 -418.286 0.878679 19.1213 -435.143 0.878679 19.1213 -452 0.878679 19.1213 -468.857 0.878679 19.1213 -485.715 0.878679 19.1213 -502.572 0.878679 19.1213 -519.429 0.878679 19.1213 -536.286 0.878679 19.1213 -553.143 0.878679 19.1213 3.14255 0.401924 18.5 -13.7146 0.401924 18.5 -30.5717 0.401924 18.5 -47.4289 0.401924 18.5 -64.286 0.401924 18.5 -81.1432 0.401924 18.5 -98.0003 0.401924 18.5 -114.857 0.401924 18.5 -131.715 0.401924 18.5 -148.572 0.401924 18.5 -165.429 0.401924 18.5 -182.286 0.401924 18.5 -199.143 0.401924 18.5 -216 0.401924 18.5 -232.857 0.401924 18.5 -249.715 0.401924 18.5 -266.572 0.401924 18.5 -283.429 0.401924 18.5 -300.286 0.401924 18.5 -317.143 0.401924 18.5 -334 0.401924 18.5 -350.857 0.401924 18.5 -367.715 0.401924 18.5 -384.572 0.401924 18.5 -401.429 0.401924 18.5 -418.286 0.401924 18.5 -435.143 0.401924 18.5 -452 0.401924 18.5 -468.857 0.401924 18.5 -485.715 0.401924 18.5 -502.572 0.401924 18.5 -519.429 0.401924 18.5 -536.286 0.401924 18.5 -553.143 0.401924 18.5 3.14255 0.102222 17.7765 -13.7146 0.102222 17.7765 -30.5717 0.102222 17.7765 -47.4289 0.102222 17.7765 -64.286 0.102222 17.7765 -81.1432 0.102222 17.7765 -98.0003 0.102222 17.7765 -114.857 0.102222 17.7765 -131.715 0.102222 17.7765 -148.572 0.102222 17.7765 -165.429 0.102222 17.7765 -182.286 0.102222 17.7765 -199.143 0.102222 17.7765 -216 0.102222 17.7765 -232.857 0.102222 17.7765 -249.715 0.102222 17.7765 -266.572 0.102222 17.7765 -283.429 0.102222 17.7765 -300.286 0.102222 17.7765 -317.143 0.102222 17.7765 -334 0.102222 17.7765 -350.857 0.102222 17.7765 -367.715 0.102222 17.7765 -384.572 0.102222 17.7765 -401.429 0.102222 17.7765 -418.286 0.102222 17.7765 -435.143 0.102222 17.7765 -452 0.102222 17.7765 -468.857 0.102222 17.7765 -485.715 0.102222 17.7765 -502.572 0.102222 17.7765 -519.429 0.102222 17.7765 -536.286 0.102222 17.7765 -553.143 0.102222 17.7765 -570 0 5.80002 -570 1.5 5.80002 -570 1.5 5.00002 -570 6 5.00002 -570 6 10.05 -570 8.53579 10.05 -570 12.5 6.0858 -570 12.5 -6.08577 -570 8.53579 -10.05 -570 6 -10.05 -570 6 -4.99998 -570 1.5 -4.99998 -570 1.5 -5.79998 -570 0 -5.79998 -570 0 -17 -570 3 -20 -570 2.22354 -19.8978 -570 1.5 -19.5981 -570 0.878679 -19.1213 -570 0.401924 -18.5 -570 0.102222 -17.7764 3.14255 0.102222 -17.7764 -13.7146 0.102222 -17.7764 -30.5717 0.102222 -17.7764 -47.4289 0.102222 -17.7764 -64.286 0.102222 -17.7764 -81.1432 0.102222 -17.7764 -98.0003 0.102222 -17.7764 -114.857 0.102222 -17.7764 -131.715 0.102222 -17.7764 -148.572 0.102222 -17.7764 -165.429 0.102222 -17.7764 -182.286 0.102222 -17.7764 -199.143 0.102222 -17.7764 -216 0.102222 -17.7764 -232.857 0.102222 -17.7764 -249.715 0.102222 -17.7764 -266.572 0.102222 -17.7764 -283.429 0.102222 -17.7764 -300.286 0.102222 -17.7764 -317.143 0.102222 -17.7764 -334 0.102222 -17.7764 -350.857 0.102222 -17.7764 -367.715 0.102222 -17.7764 -384.572 0.102222 -17.7764 -401.429 0.102222 -17.7764 -418.286 0.102222 -17.7764 -435.143 0.102222 -17.7764 -452 0.102222 -17.7764 -468.857 0.102222 -17.7764 -485.715 0.102222 -17.7764 -502.572 0.102222 -17.7764 -519.429 0.102222 -17.7764 -536.286 0.102222 -17.7764 -553.143 0.102222 -17.7764 3.14255 0.401924 -18.5 -13.7146 0.401924 -18.5 -30.5717 0.401924 -18.5 -47.4289 0.401924 -18.5 -64.286 0.401924 -18.5 -81.1432 0.401924 -18.5 -98.0003 0.401924 -18.5 -114.857 0.401924 -18.5 -131.715 0.401924 -18.5 -148.572 0.401924 -18.5 -165.429 0.401924 -18.5 -182.286 0.401924 -18.5 -199.143 0.401924 -18.5 -216 0.401924 -18.5 -232.857 0.401924 -18.5 -249.715 0.401924 -18.5 -266.572 0.401924 -18.5 -283.429 0.401924 -18.5 -300.286 0.401924 -18.5 -317.143 0.401924 -18.5 -334 0.401924 -18.5 -350.857 0.401924 -18.5 -367.715 0.401924 -18.5 -384.572 0.401924 -18.5 -401.429 0.401924 -18.5 -418.286 0.401924 -18.5 -435.143 0.401924 -18.5 -452 0.401924 -18.5 -468.857 0.401924 -18.5 -485.715 0.401924 -18.5 -502.572 0.401924 -18.5 -519.429 0.401924 -18.5 -536.286 0.401924 -18.5 -553.143 0.401924 -18.5 3.14255 0.878679 -19.1213 -13.7146 0.878679 -19.1213 -30.5717 0.878679 -19.1213 -47.4289 0.878679 -19.1213 -64.286 0.878679 -19.1213 -81.1432 0.878679 -19.1213 -98.0003 0.878679 -19.1213 -114.857 0.878679 -19.1213 -131.715 0.878679 -19.1213 -148.572 0.878679 -19.1213 -165.429 0.878679 -19.1213 -182.286 0.878679 -19.1213 -199.143 0.878679 -19.1213 -216 0.878679 -19.1213 -232.857 0.878679 -19.1213 -249.715 0.878679 -19.1213 -266.572 0.878679 -19.1213 -283.429 0.878679 -19.1213 -300.286 0.878679 -19.1213 -317.143 0.878679 -19.1213 -334 0.878679 -19.1213 -350.857 0.878679 -19.1213 -367.715 0.878679 -19.1213 -384.572 0.878679 -19.1213 -401.429 0.878679 -19.1213 -418.286 0.878679 -19.1213 -435.143 0.878679 -19.1213 -452 0.878679 -19.1213 -468.857 0.878679 -19.1213 -485.715 0.878679 -19.1213 -502.572 0.878679 -19.1213 -519.429 0.878679 -19.1213 -536.286 0.878679 -19.1213 -553.143 0.878679 -19.1213 3.14255 1.5 -19.5981 -13.7146 1.5 -19.5981 -30.5717 1.5 -19.5981 -47.4289 1.5 -19.5981 -64.286 1.5 -19.5981 -81.1432 1.5 -19.5981 -98.0003 1.5 -19.5981 -114.857 1.5 -19.5981 -131.715 1.5 -19.5981 -148.572 1.5 -19.5981 -165.429 1.5 -19.5981 -182.286 1.5 -19.5981 -199.143 1.5 -19.5981 -216 1.5 -19.5981 -232.857 1.5 -19.5981 -249.715 1.5 -19.5981 -266.572 1.5 -19.5981 -283.429 1.5 -19.5981 -300.286 1.5 -19.5981 -317.143 1.5 -19.5981 -334 1.5 -19.5981 -350.857 1.5 -19.5981 -367.715 1.5 -19.5981 -384.572 1.5 -19.5981 -401.429 1.5 -19.5981 -418.286 1.5 -19.5981 -435.143 1.5 -19.5981 -452 1.5 -19.5981 -468.857 1.5 -19.5981 -485.715 1.5 -19.5981 -502.572 1.5 -19.5981 -519.429 1.5 -19.5981 -536.286 1.5 -19.5981 -553.143 1.5 -19.5981 3.14255 2.22354 -19.8978 -13.7146 2.22354 -19.8978 -30.5717 2.22354 -19.8978 -47.4289 2.22354 -19.8978 -64.286 2.22354 -19.8978 -81.1432 2.22354 -19.8978 -98.0003 2.22354 -19.8978 -114.857 2.22354 -19.8978 -131.715 2.22354 -19.8978 -148.572 2.22354 -19.8978 -165.429 2.22354 -19.8978 -182.286 2.22354 -19.8978 -199.143 2.22354 -19.8978 -216 2.22354 -19.8978 -232.857 2.22354 -19.8978 -249.715 2.22354 -19.8978 -266.572 2.22354 -19.8978 -283.429 2.22354 -19.8978 -300.286 2.22354 -19.8978 -317.143 2.22354 -19.8978 -334 2.22354 -19.8978 -350.857 2.22354 -19.8978 -367.715 2.22354 -19.8978 -384.572 2.22354 -19.8978 -401.429 2.22354 -19.8978 -418.286 2.22354 -19.8978 -435.143 2.22354 -19.8978 -452 2.22354 -19.8978 -468.857 2.22354 -19.8978 -485.715 2.22354 -19.8978 -502.572 2.22354 -19.8978 -519.429 2.22354 -19.8978 -536.286 2.22354 -19.8978 -553.143 2.22354 -19.8978 -570 14.2 -20 -570 14.2 -18.5 -570 15 -18.5 -570 15 -14 -570 9.95 -14 -570 9.95 -11.4642 -570 13.9142 -7.49998 -570 26.0858 -7.49998 -570 30.05 -11.4642 -570 14.8 -2.26101 -570 14.8 -5.19998 -570 22.261 -5.19998 -570 25.2 -5.19998 -570 24.5853 -1.99372 -570 24.8952 -1.01818 -570 25 1.90735e-05 -570 24.8952 1.01823 -1.85214 24.8952 1.01823 -23.704 24.8952 1.01823 -45.5559 24.8952 1.01823 -67.4077 24.8952 1.01823 -89.2596 24.8952 1.01823 -111.111 24.8952 1.01823 -132.963 24.8952 1.01823 -154.815 24.8952 1.01823 -176.667 24.8952 1.01823 -198.519 24.8952 1.01823 -220.371 24.8952 1.01823 -242.223 24.8952 1.01823 -264.074 24.8952 1.01823 -285.926 24.8952 1.01823 -307.778 24.8952 1.01823 -329.63 24.8952 1.01823 -351.482 24.8952 1.01823 -373.334 24.8952 1.01823 -395.185 24.8952 1.01823 -417.037 24.8952 1.01823 -438.889 24.8952 1.01823 -460.741 24.8952 1.01823 -482.593 24.8952 1.01823 -504.445 24.8952 1.01823 -526.297 24.8952 1.01823 -548.148 24.8952 1.01823 -1.85214 25 1.90735e-05 -23.704 25 1.90735e-05 -45.5559 25 1.90735e-05 -67.4077 25 1.90735e-05 -89.2596 25 1.90735e-05 -111.111 25 1.90735e-05 -132.963 25 1.90735e-05 -154.815 25 1.90735e-05 -176.667 25 1.90735e-05 -198.519 25 1.90735e-05 -220.371 25 1.90735e-05 -242.223 25 1.90735e-05 -264.074 25 1.90735e-05 -285.926 25 1.90735e-05 -307.778 25 1.90735e-05 -329.63 25 1.90735e-05 -351.482 25 1.90735e-05 -373.334 25 1.90735e-05 -395.185 25 1.90735e-05 -417.037 25 1.90735e-05 -438.889 25 1.90735e-05 -460.741 25 1.90735e-05 -482.593 25 1.90735e-05 -504.445 25 1.90735e-05 -526.297 25 1.90735e-05 -548.148 25 1.90735e-05 -1.85214 24.8952 -1.01818 -23.704 24.8952 -1.01818 -45.5559 24.8952 -1.01818 -67.4077 24.8952 -1.01818 -89.2596 24.8952 -1.01818 -111.111 24.8952 -1.01818 -132.963 24.8952 -1.01818 -154.815 24.8952 -1.01818 -176.667 24.8952 -1.01818 -198.519 24.8952 -1.01818 -220.371 24.8952 -1.01818 -242.223 24.8952 -1.01818 -264.074 24.8952 -1.01818 -285.926 24.8952 -1.01818 -307.778 24.8952 -1.01818 -329.63 24.8952 -1.01818 -351.482 24.8952 -1.01818 -373.334 24.8952 -1.01818 -395.185 24.8952 -1.01818 -417.037 24.8952 -1.01818 -438.889 24.8952 -1.01818 -460.741 24.8952 -1.01818 -482.593 24.8952 -1.01818 -504.445 24.8952 -1.01818 -526.297 24.8952 -1.01818 -548.148 24.8952 -1.01818 -570 21.9937 -4.58528 -570 18.0063 -4.58528 -570 18.9818 -4.8952 -570 20 -4.99998 -570 21.0182 -4.8952 -1.85214 21.0182 -4.8952 -23.704 21.0182 -4.8952 -45.5559 21.0182 -4.8952 -67.4077 21.0182 -4.8952 -89.2596 21.0182 -4.8952 -111.111 21.0182 -4.8952 -132.963 21.0182 -4.8952 -154.815 21.0182 -4.8952 -176.667 21.0182 -4.8952 -198.519 21.0182 -4.8952 -220.371 21.0182 -4.8952 -242.223 21.0182 -4.8952 -264.074 21.0182 -4.8952 -285.926 21.0182 -4.8952 -307.778 21.0182 -4.8952 -329.63 21.0182 -4.8952 -351.482 21.0182 -4.8952 -373.334 21.0182 -4.8952 -395.185 21.0182 -4.8952 -417.037 21.0182 -4.8952 -438.889 21.0182 -4.8952 -460.741 21.0182 -4.8952 -482.593 21.0182 -4.8952 -504.445 21.0182 -4.8952 -526.297 21.0182 -4.8952 -548.148 21.0182 -4.8952 -1.85214 20 -4.99998 -23.704 20 -4.99998 -45.5559 20 -4.99998 -67.4077 20 -4.99998 -89.2596 20 -4.99998 -111.111 20 -4.99998 -132.963 20 -4.99998 -154.815 20 -4.99998 -176.667 20 -4.99998 -198.519 20 -4.99998 -220.371 20 -4.99998 -242.223 20 -4.99998 -264.074 20 -4.99998 -285.926 20 -4.99998 -307.778 20 -4.99998 -329.63 20 -4.99998 -351.482 20 -4.99998 -373.334 20 -4.99998 -395.185 20 -4.99998 -417.037 20 -4.99998 -438.889 20 -4.99998 -460.741 20 -4.99998 -482.593 20 -4.99998 -504.445 20 -4.99998 -526.297 20 -4.99998 -548.148 20 -4.99998 -1.85214 18.9818 -4.8952 -23.704 18.9818 -4.8952 -45.5559 18.9818 -4.8952 -67.4077 18.9818 -4.8952 -89.2596 18.9818 -4.8952 -111.111 18.9818 -4.8952 -132.963 18.9818 -4.8952 -154.815 18.9818 -4.8952 -176.667 18.9818 -4.8952 -198.519 18.9818 -4.8952 -220.371 18.9818 -4.8952 -242.223 18.9818 -4.8952 -264.074 18.9818 -4.8952 -285.926 18.9818 -4.8952 -307.778 18.9818 -4.8952 -329.63 18.9818 -4.8952 -351.482 18.9818 -4.8952 -373.334 18.9818 -4.8952 -395.185 18.9818 -4.8952 -417.037 18.9818 -4.8952 -438.889 18.9818 -4.8952 -460.741 18.9818 -4.8952 -482.593 18.9818 -4.8952 -504.445 18.9818 -4.8952 -526.297 18.9818 -4.8952 -548.148 18.9818 -4.8952 -570 35.5 -7.99998 -570 35.5 -11.75 -570 34.5 -11.75 -570 33.7882 -11.8437 -570 33.125 -12.1184 -570 32.5555 -12.5554 -570 32.1184 -13.125 -570 31.8437 -13.7882 -570 31.75 -14.5 4.87149 31.8437 -13.7882 -10.2567 31.8437 -13.7882 -25.3849 31.8437 -13.7882 -40.5131 31.8437 -13.7882 -55.6413 31.8437 -13.7882 -70.7695 31.8437 -13.7882 -85.8978 31.8437 -13.7882 -101.026 31.8437 -13.7882 -116.154 31.8437 -13.7882 -131.282 31.8437 -13.7882 -146.411 31.8437 -13.7882 -161.539 31.8437 -13.7882 -176.667 31.8437 -13.7882 -191.795 31.8437 -13.7882 -206.923 31.8437 -13.7882 -222.052 31.8437 -13.7882 -237.18 31.8437 -13.7882 -252.308 31.8437 -13.7882 -267.436 31.8437 -13.7882 -282.564 31.8437 -13.7882 -297.693 31.8437 -13.7882 -312.821 31.8437 -13.7882 -327.949 31.8437 -13.7882 -343.077 31.8437 -13.7882 -358.205 31.8437 -13.7882 -373.334 31.8437 -13.7882 -388.462 31.8437 -13.7882 -403.59 31.8437 -13.7882 -418.718 31.8437 -13.7882 -433.846 31.8437 -13.7882 -448.975 31.8437 -13.7882 -464.103 31.8437 -13.7882 -479.231 31.8437 -13.7882 -494.359 31.8437 -13.7882 -509.487 31.8437 -13.7882 -524.616 31.8437 -13.7882 -539.744 31.8437 -13.7882 -554.872 31.8437 -13.7882 4.87149 32.1184 -13.125 -10.2567 32.1184 -13.125 -25.3849 32.1184 -13.125 -40.5131 32.1184 -13.125 -55.6413 32.1184 -13.125 -70.7695 32.1184 -13.125 -85.8978 32.1184 -13.125 -101.026 32.1184 -13.125 -116.154 32.1184 -13.125 -131.282 32.1184 -13.125 -146.411 32.1184 -13.125 -161.539 32.1184 -13.125 -176.667 32.1184 -13.125 -191.795 32.1184 -13.125 -206.923 32.1184 -13.125 -222.052 32.1184 -13.125 -237.18 32.1184 -13.125 -252.308 32.1184 -13.125 -267.436 32.1184 -13.125 -282.564 32.1184 -13.125 -297.693 32.1184 -13.125 -312.821 32.1184 -13.125 -327.949 32.1184 -13.125 -343.077 32.1184 -13.125 -358.205 32.1184 -13.125 -373.334 32.1184 -13.125 -388.462 32.1184 -13.125 -403.59 32.1184 -13.125 -418.718 32.1184 -13.125 -433.846 32.1184 -13.125 -448.975 32.1184 -13.125 -464.103 32.1184 -13.125 -479.231 32.1184 -13.125 -494.359 32.1184 -13.125 -509.487 32.1184 -13.125 -524.616 32.1184 -13.125 -539.744 32.1184 -13.125 -554.872 32.1184 -13.125 4.87149 32.5555 -12.5554 -10.2567 32.5555 -12.5554 -25.3849 32.5555 -12.5554 -40.5131 32.5555 -12.5554 -55.6413 32.5555 -12.5554 -70.7695 32.5555 -12.5554 -85.8978 32.5555 -12.5554 -101.026 32.5555 -12.5554 -116.154 32.5555 -12.5554 -131.282 32.5555 -12.5554 -146.411 32.5555 -12.5554 -161.539 32.5555 -12.5554 -176.667 32.5555 -12.5554 -191.795 32.5555 -12.5554 -206.923 32.5555 -12.5554 -222.052 32.5555 -12.5554 -237.18 32.5555 -12.5554 -252.308 32.5555 -12.5554 -267.436 32.5555 -12.5554 -282.564 32.5555 -12.5554 -297.693 32.5555 -12.5554 -312.821 32.5555 -12.5554 -327.949 32.5555 -12.5554 -343.077 32.5555 -12.5554 -358.205 32.5555 -12.5554 -373.334 32.5555 -12.5554 -388.462 32.5555 -12.5554 -403.59 32.5555 -12.5554 -418.718 32.5555 -12.5554 -433.846 32.5555 -12.5554 -448.975 32.5555 -12.5554 -464.103 32.5555 -12.5554 -479.231 32.5555 -12.5554 -494.359 32.5555 -12.5554 -509.487 32.5555 -12.5554 -524.616 32.5555 -12.5554 -539.744 32.5555 -12.5554 -554.872 32.5555 -12.5554 4.87149 33.125 -12.1184 -10.2567 33.125 -12.1184 -25.3849 33.125 -12.1184 -40.5131 33.125 -12.1184 -55.6413 33.125 -12.1184 -70.7695 33.125 -12.1184 -85.8978 33.125 -12.1184 -101.026 33.125 -12.1184 -116.154 33.125 -12.1184 -131.282 33.125 -12.1184 -146.411 33.125 -12.1184 -161.539 33.125 -12.1184 -176.667 33.125 -12.1184 -191.795 33.125 -12.1184 -206.923 33.125 -12.1184 -222.052 33.125 -12.1184 -237.18 33.125 -12.1184 -252.308 33.125 -12.1184 -267.436 33.125 -12.1184 -282.564 33.125 -12.1184 -297.693 33.125 -12.1184 -312.821 33.125 -12.1184 -327.949 33.125 -12.1184 -343.077 33.125 -12.1184 -358.205 33.125 -12.1184 -373.334 33.125 -12.1184 -388.462 33.125 -12.1184 -403.59 33.125 -12.1184 -418.718 33.125 -12.1184 -433.846 33.125 -12.1184 -448.975 33.125 -12.1184 -464.103 33.125 -12.1184 -479.231 33.125 -12.1184 -494.359 33.125 -12.1184 -509.487 33.125 -12.1184 -524.616 33.125 -12.1184 -539.744 33.125 -12.1184 -554.872 33.125 -12.1184 4.87149 33.7882 -11.8437 -10.2567 33.7882 -11.8437 -25.3849 33.7882 -11.8437 -40.5131 33.7882 -11.8437 -55.6413 33.7882 -11.8437 -70.7695 33.7882 -11.8437 -85.8978 33.7882 -11.8437 -101.026 33.7882 -11.8437 -116.154 33.7882 -11.8437 -131.282 33.7882 -11.8437 -146.411 33.7882 -11.8437 -161.539 33.7882 -11.8437 -176.667 33.7882 -11.8437 -191.795 33.7882 -11.8437 -206.923 33.7882 -11.8437 -222.052 33.7882 -11.8437 -237.18 33.7882 -11.8437 -252.308 33.7882 -11.8437 -267.436 33.7882 -11.8437 -282.564 33.7882 -11.8437 -297.693 33.7882 -11.8437 -312.821 33.7882 -11.8437 -327.949 33.7882 -11.8437 -343.077 33.7882 -11.8437 -358.205 33.7882 -11.8437 -373.334 33.7882 -11.8437 -388.462 33.7882 -11.8437 -403.59 33.7882 -11.8437 -418.718 33.7882 -11.8437 -433.846 33.7882 -11.8437 -448.975 33.7882 -11.8437 -464.103 33.7882 -11.8437 -479.231 33.7882 -11.8437 -494.359 33.7882 -11.8437 -509.487 33.7882 -11.8437 -524.616 33.7882 -11.8437 -539.744 33.7882 -11.8437 -554.872 33.7882 -11.8437 -570 31.75 -15.5 -570 12 -15.5 -570 8.25 -15.5 -570 8.25 -14.5 -570 8.1563 -13.7882 -570 7.88157 -13.125 -570 7.44454 -12.5554 -570 6.875 -12.1184 -570 6.21175 -11.8437 -570 5.5 -11.75 4.87149 6.21175 -11.8437 -10.2567 6.21175 -11.8437 -25.3849 6.21175 -11.8437 -40.5131 6.21175 -11.8437 -55.6413 6.21175 -11.8437 -70.7695 6.21175 -11.8437 -85.8978 6.21175 -11.8437 -101.026 6.21175 -11.8437 -116.154 6.21175 -11.8437 -131.282 6.21175 -11.8437 -146.411 6.21175 -11.8437 -161.539 6.21175 -11.8437 -176.667 6.21175 -11.8437 -191.795 6.21175 -11.8437 -206.923 6.21175 -11.8437 -222.052 6.21175 -11.8437 -237.18 6.21175 -11.8437 -252.308 6.21175 -11.8437 -267.436 6.21175 -11.8437 -282.564 6.21175 -11.8437 -297.693 6.21175 -11.8437 -312.821 6.21175 -11.8437 -327.949 6.21175 -11.8437 -343.077 6.21175 -11.8437 -358.205 6.21175 -11.8437 -373.334 6.21175 -11.8437 -388.462 6.21175 -11.8437 -403.59 6.21175 -11.8437 -418.718 6.21175 -11.8437 -433.846 6.21175 -11.8437 -448.975 6.21175 -11.8437 -464.103 6.21175 -11.8437 -479.231 6.21175 -11.8437 -494.359 6.21175 -11.8437 -509.487 6.21175 -11.8437 -524.616 6.21175 -11.8437 -539.744 6.21175 -11.8437 -554.872 6.21175 -11.8437 4.87149 6.875 -12.1184 -10.2567 6.875 -12.1184 -25.3849 6.875 -12.1184 -40.5131 6.875 -12.1184 -55.6413 6.875 -12.1184 -70.7695 6.875 -12.1184 -85.8978 6.875 -12.1184 -101.026 6.875 -12.1184 -116.154 6.875 -12.1184 -131.282 6.875 -12.1184 -146.411 6.875 -12.1184 -161.539 6.875 -12.1184 -176.667 6.875 -12.1184 -191.795 6.875 -12.1184 -206.923 6.875 -12.1184 -222.052 6.875 -12.1184 -237.18 6.875 -12.1184 -252.308 6.875 -12.1184 -267.436 6.875 -12.1184 -282.564 6.875 -12.1184 -297.693 6.875 -12.1184 -312.821 6.875 -12.1184 -327.949 6.875 -12.1184 -343.077 6.875 -12.1184 -358.205 6.875 -12.1184 -373.334 6.875 -12.1184 -388.462 6.875 -12.1184 -403.59 6.875 -12.1184 -418.718 6.875 -12.1184 -433.846 6.875 -12.1184 -448.975 6.875 -12.1184 -464.103 6.875 -12.1184 -479.231 6.875 -12.1184 -494.359 6.875 -12.1184 -509.487 6.875 -12.1184 -524.616 6.875 -12.1184 -539.744 6.875 -12.1184 -554.872 6.875 -12.1184 4.87149 7.44454 -12.5554 -10.2567 7.44454 -12.5554 -25.3849 7.44454 -12.5554 -40.5131 7.44454 -12.5554 -55.6413 7.44454 -12.5554 -70.7695 7.44454 -12.5554 -85.8978 7.44454 -12.5554 -101.026 7.44454 -12.5554 -116.154 7.44454 -12.5554 -131.282 7.44454 -12.5554 -146.411 7.44454 -12.5554 -161.539 7.44454 -12.5554 -176.667 7.44454 -12.5554 -191.795 7.44454 -12.5554 -206.923 7.44454 -12.5554 -222.052 7.44454 -12.5554 -237.18 7.44454 -12.5554 -252.308 7.44454 -12.5554 -267.436 7.44454 -12.5554 -282.564 7.44454 -12.5554 -297.693 7.44454 -12.5554 -312.821 7.44454 -12.5554 -327.949 7.44454 -12.5554 -343.077 7.44454 -12.5554 -358.205 7.44454 -12.5554 -373.334 7.44454 -12.5554 -388.462 7.44454 -12.5554 -403.59 7.44454 -12.5554 -418.718 7.44454 -12.5554 -433.846 7.44454 -12.5554 -448.975 7.44454 -12.5554 -464.103 7.44454 -12.5554 -479.231 7.44454 -12.5554 -494.359 7.44454 -12.5554 -509.487 7.44454 -12.5554 -524.616 7.44454 -12.5554 -539.744 7.44454 -12.5554 -554.872 7.44454 -12.5554 4.87149 7.88157 -13.125 -10.2567 7.88157 -13.125 -25.3849 7.88157 -13.125 -40.5131 7.88157 -13.125 -55.6413 7.88157 -13.125 -70.7695 7.88157 -13.125 -85.8978 7.88157 -13.125 -101.026 7.88157 -13.125 -116.154 7.88157 -13.125 -131.282 7.88157 -13.125 -146.411 7.88157 -13.125 -161.539 7.88157 -13.125 -176.667 7.88157 -13.125 -191.795 7.88157 -13.125 -206.923 7.88157 -13.125 -222.052 7.88157 -13.125 -237.18 7.88157 -13.125 -252.308 7.88157 -13.125 -267.436 7.88157 -13.125 -282.564 7.88157 -13.125 -297.693 7.88157 -13.125 -312.821 7.88157 -13.125 -327.949 7.88157 -13.125 -343.077 7.88157 -13.125 -358.205 7.88157 -13.125 -373.334 7.88157 -13.125 -388.462 7.88157 -13.125 -403.59 7.88157 -13.125 -418.718 7.88157 -13.125 -433.846 7.88157 -13.125 -448.975 7.88157 -13.125 -464.103 7.88157 -13.125 -479.231 7.88157 -13.125 -494.359 7.88157 -13.125 -509.487 7.88157 -13.125 -524.616 7.88157 -13.125 -539.744 7.88157 -13.125 -554.872 7.88157 -13.125 4.87149 8.1563 -13.7882 -10.2567 8.1563 -13.7882 -25.3849 8.1563 -13.7882 -40.5131 8.1563 -13.7882 -55.6413 8.1563 -13.7882 -70.7695 8.1563 -13.7882 -85.8978 8.1563 -13.7882 -101.026 8.1563 -13.7882 -116.154 8.1563 -13.7882 -131.282 8.1563 -13.7882 -146.411 8.1563 -13.7882 -161.539 8.1563 -13.7882 -176.667 8.1563 -13.7882 -191.795 8.1563 -13.7882 -206.923 8.1563 -13.7882 -222.052 8.1563 -13.7882 -237.18 8.1563 -13.7882 -252.308 8.1563 -13.7882 -267.436 8.1563 -13.7882 -282.564 8.1563 -13.7882 -297.693 8.1563 -13.7882 -312.821 8.1563 -13.7882 -327.949 8.1563 -13.7882 -343.077 8.1563 -13.7882 -358.205 8.1563 -13.7882 -373.334 8.1563 -13.7882 -388.462 8.1563 -13.7882 -403.59 8.1563 -13.7882 -418.718 8.1563 -13.7882 -433.846 8.1563 -13.7882 -448.975 8.1563 -13.7882 -464.103 8.1563 -13.7882 -479.231 8.1563 -13.7882 -494.359 8.1563 -13.7882 -509.487 8.1563 -13.7882 -524.616 8.1563 -13.7882 -539.744 8.1563 -13.7882 -554.872 8.1563 -13.7882 -570 4.5 -11.75 -570 4.5 8.00002 -570 4.5 11.75 -570 5.5 11.75 -570 6.21175 11.8437 -570 6.875 12.1185 -570 7.44454 12.5555 -570 7.88157 13.125 -570 8.1563 13.7883 -570 8.25 14.5 4.87149 8.1563 13.7883 -10.2567 8.1563 13.7883 -25.3849 8.1563 13.7883 -40.5131 8.1563 13.7883 -55.6413 8.1563 13.7883 -70.7695 8.1563 13.7883 -85.8978 8.1563 13.7883 -101.026 8.1563 13.7883 -116.154 8.1563 13.7883 -131.282 8.1563 13.7883 -146.411 8.1563 13.7883 -161.539 8.1563 13.7883 -176.667 8.1563 13.7883 -191.795 8.1563 13.7883 -206.923 8.1563 13.7883 -222.052 8.1563 13.7883 -237.18 8.1563 13.7883 -252.308 8.1563 13.7883 -267.436 8.1563 13.7883 -282.564 8.1563 13.7883 -297.693 8.1563 13.7883 -312.821 8.1563 13.7883 -327.949 8.1563 13.7883 -343.077 8.1563 13.7883 -358.205 8.1563 13.7883 -373.334 8.1563 13.7883 -388.462 8.1563 13.7883 -403.59 8.1563 13.7883 -418.718 8.1563 13.7883 -433.846 8.1563 13.7883 -448.975 8.1563 13.7883 -464.103 8.1563 13.7883 -479.231 8.1563 13.7883 -494.359 8.1563 13.7883 -509.487 8.1563 13.7883 -524.616 8.1563 13.7883 -539.744 8.1563 13.7883 -554.872 8.1563 13.7883 4.87149 7.88157 13.125 -10.2567 7.88157 13.125 -25.3849 7.88157 13.125 -40.5131 7.88157 13.125 -55.6413 7.88157 13.125 -70.7695 7.88157 13.125 -85.8978 7.88157 13.125 -101.026 7.88157 13.125 -116.154 7.88157 13.125 -131.282 7.88157 13.125 -146.411 7.88157 13.125 -161.539 7.88157 13.125 -176.667 7.88157 13.125 -191.795 7.88157 13.125 -206.923 7.88157 13.125 -222.052 7.88157 13.125 -237.18 7.88157 13.125 -252.308 7.88157 13.125 -267.436 7.88157 13.125 -282.564 7.88157 13.125 -297.693 7.88157 13.125 -312.821 7.88157 13.125 -327.949 7.88157 13.125 -343.077 7.88157 13.125 -358.205 7.88157 13.125 -373.334 7.88157 13.125 -388.462 7.88157 13.125 -403.59 7.88157 13.125 -418.718 7.88157 13.125 -433.846 7.88157 13.125 -448.975 7.88157 13.125 -464.103 7.88157 13.125 -479.231 7.88157 13.125 -494.359 7.88157 13.125 -509.487 7.88157 13.125 -524.616 7.88157 13.125 -539.744 7.88157 13.125 -554.872 7.88157 13.125 4.87149 7.44454 12.5555 -10.2567 7.44454 12.5555 -25.3849 7.44454 12.5555 -40.5131 7.44454 12.5555 -55.6413 7.44454 12.5555 -70.7695 7.44454 12.5555 -85.8978 7.44454 12.5555 -101.026 7.44454 12.5555 -116.154 7.44454 12.5555 -131.282 7.44454 12.5555 -146.411 7.44454 12.5555 -161.539 7.44454 12.5555 -176.667 7.44454 12.5555 -191.795 7.44454 12.5555 -206.923 7.44454 12.5555 -222.052 7.44454 12.5555 -237.18 7.44454 12.5555 -252.308 7.44454 12.5555 -267.436 7.44454 12.5555 -282.564 7.44454 12.5555 -297.693 7.44454 12.5555 -312.821 7.44454 12.5555 -327.949 7.44454 12.5555 -343.077 7.44454 12.5555 -358.205 7.44454 12.5555 -373.334 7.44454 12.5555 -388.462 7.44454 12.5555 -403.59 7.44454 12.5555 -418.718 7.44454 12.5555 -433.846 7.44454 12.5555 -448.975 7.44454 12.5555 -464.103 7.44454 12.5555 -479.231 7.44454 12.5555 -494.359 7.44454 12.5555 -509.487 7.44454 12.5555 -524.616 7.44454 12.5555 -539.744 7.44454 12.5555 -554.872 7.44454 12.5555 4.87149 6.875 12.1185 -10.2567 6.875 12.1185 -25.3849 6.875 12.1185 -40.5131 6.875 12.1185 -55.6413 6.875 12.1185 -70.7695 6.875 12.1185 -85.8978 6.875 12.1185 -101.026 6.875 12.1185 -116.154 6.875 12.1185 -131.282 6.875 12.1185 -146.411 6.875 12.1185 -161.539 6.875 12.1185 -176.667 6.875 12.1185 -191.795 6.875 12.1185 -206.923 6.875 12.1185 -222.052 6.875 12.1185 -237.18 6.875 12.1185 -252.308 6.875 12.1185 -267.436 6.875 12.1185 -282.564 6.875 12.1185 -297.693 6.875 12.1185 -312.821 6.875 12.1185 -327.949 6.875 12.1185 -343.077 6.875 12.1185 -358.205 6.875 12.1185 -373.334 6.875 12.1185 -388.462 6.875 12.1185 -403.59 6.875 12.1185 -418.718 6.875 12.1185 -433.846 6.875 12.1185 -448.975 6.875 12.1185 -464.103 6.875 12.1185 -479.231 6.875 12.1185 -494.359 6.875 12.1185 -509.487 6.875 12.1185 -524.616 6.875 12.1185 -539.744 6.875 12.1185 -554.872 6.875 12.1185 4.87149 6.21175 11.8437 -10.2567 6.21175 11.8437 -25.3849 6.21175 11.8437 -40.5131 6.21175 11.8437 -55.6413 6.21175 11.8437 -70.7695 6.21175 11.8437 -85.8978 6.21175 11.8437 -101.026 6.21175 11.8437 -116.154 6.21175 11.8437 -131.282 6.21175 11.8437 -146.411 6.21175 11.8437 -161.539 6.21175 11.8437 -176.667 6.21175 11.8437 -191.795 6.21175 11.8437 -206.923 6.21175 11.8437 -222.052 6.21175 11.8437 -237.18 6.21175 11.8437 -252.308 6.21175 11.8437 -267.436 6.21175 11.8437 -282.564 6.21175 11.8437 -297.693 6.21175 11.8437 -312.821 6.21175 11.8437 -327.949 6.21175 11.8437 -343.077 6.21175 11.8437 -358.205 6.21175 11.8437 -373.334 6.21175 11.8437 -388.462 6.21175 11.8437 -403.59 6.21175 11.8437 -418.718 6.21175 11.8437 -433.846 6.21175 11.8437 -448.975 6.21175 11.8437 -464.103 6.21175 11.8437 -479.231 6.21175 11.8437 -494.359 6.21175 11.8437 -509.487 6.21175 11.8437 -524.616 6.21175 11.8437 -539.744 6.21175 11.8437 -554.872 6.21175 11.8437 -570 8.25 15.5 -570 28 15.5 -570 31.75 15.5 -570 31.75 14.5 -570 31.8437 13.7883 -570 32.1184 13.125 -570 32.5555 12.5555 -570 33.125 12.1185 -570 33.7882 11.8437 -570 34.5 11.75 4.87149 33.7882 11.8437 -10.2567 33.7882 11.8437 -25.3849 33.7882 11.8437 -40.5131 33.7882 11.8437 -55.6413 33.7882 11.8437 -70.7695 33.7882 11.8437 -85.8978 33.7882 11.8437 -101.026 33.7882 11.8437 -116.154 33.7882 11.8437 -131.282 33.7882 11.8437 -146.411 33.7882 11.8437 -161.539 33.7882 11.8437 -176.667 33.7882 11.8437 -191.795 33.7882 11.8437 -206.923 33.7882 11.8437 -222.052 33.7882 11.8437 -237.18 33.7882 11.8437 -252.308 33.7882 11.8437 -267.436 33.7882 11.8437 -282.564 33.7882 11.8437 -297.693 33.7882 11.8437 -312.821 33.7882 11.8437 -327.949 33.7882 11.8437 -343.077 33.7882 11.8437 -358.205 33.7882 11.8437 -373.334 33.7882 11.8437 -388.462 33.7882 11.8437 -403.59 33.7882 11.8437 -418.718 33.7882 11.8437 -433.846 33.7882 11.8437 -448.975 33.7882 11.8437 -464.103 33.7882 11.8437 -479.231 33.7882 11.8437 -494.359 33.7882 11.8437 -509.487 33.7882 11.8437 -524.616 33.7882 11.8437 -539.744 33.7882 11.8437 -554.872 33.7882 11.8437 4.87149 33.125 12.1185 -10.2567 33.125 12.1185 -25.3849 33.125 12.1185 -40.5131 33.125 12.1185 -55.6413 33.125 12.1185 -70.7695 33.125 12.1185 -85.8978 33.125 12.1185 -101.026 33.125 12.1185 -116.154 33.125 12.1185 -131.282 33.125 12.1185 -146.411 33.125 12.1185 -161.539 33.125 12.1185 -176.667 33.125 12.1185 -191.795 33.125 12.1185 -206.923 33.125 12.1185 -222.052 33.125 12.1185 -237.18 33.125 12.1185 -252.308 33.125 12.1185 -267.436 33.125 12.1185 -282.564 33.125 12.1185 -297.693 33.125 12.1185 -312.821 33.125 12.1185 -327.949 33.125 12.1185 -343.077 33.125 12.1185 -358.205 33.125 12.1185 -373.334 33.125 12.1185 -388.462 33.125 12.1185 -403.59 33.125 12.1185 -418.718 33.125 12.1185 -433.846 33.125 12.1185 -448.975 33.125 12.1185 -464.103 33.125 12.1185 -479.231 33.125 12.1185 -494.359 33.125 12.1185 -509.487 33.125 12.1185 -524.616 33.125 12.1185 -539.744 33.125 12.1185 -554.872 33.125 12.1185 4.87149 32.5555 12.5555 -10.2567 32.5555 12.5555 -25.3849 32.5555 12.5555 -40.5131 32.5555 12.5555 -55.6413 32.5555 12.5555 -70.7695 32.5555 12.5555 -85.8978 32.5555 12.5555 -101.026 32.5555 12.5555 -116.154 32.5555 12.5555 -131.282 32.5555 12.5555 -146.411 32.5555 12.5555 -161.539 32.5555 12.5555 -176.667 32.5555 12.5555 -191.795 32.5555 12.5555 -206.923 32.5555 12.5555 -222.052 32.5555 12.5555 -237.18 32.5555 12.5555 -252.308 32.5555 12.5555 -267.436 32.5555 12.5555 -282.564 32.5555 12.5555 -297.693 32.5555 12.5555 -312.821 32.5555 12.5555 -327.949 32.5555 12.5555 -343.077 32.5555 12.5555 -358.205 32.5555 12.5555 -373.334 32.5555 12.5555 -388.462 32.5555 12.5555 -403.59 32.5555 12.5555 -418.718 32.5555 12.5555 -433.846 32.5555 12.5555 -448.975 32.5555 12.5555 -464.103 32.5555 12.5555 -479.231 32.5555 12.5555 -494.359 32.5555 12.5555 -509.487 32.5555 12.5555 -524.616 32.5555 12.5555 -539.744 32.5555 12.5555 -554.872 32.5555 12.5555 4.87149 32.1184 13.125 -10.2567 32.1184 13.125 -25.3849 32.1184 13.125 -40.5131 32.1184 13.125 -55.6413 32.1184 13.125 -70.7695 32.1184 13.125 -85.8978 32.1184 13.125 -101.026 32.1184 13.125 -116.154 32.1184 13.125 -131.282 32.1184 13.125 -146.411 32.1184 13.125 -161.539 32.1184 13.125 -176.667 32.1184 13.125 -191.795 32.1184 13.125 -206.923 32.1184 13.125 -222.052 32.1184 13.125 -237.18 32.1184 13.125 -252.308 32.1184 13.125 -267.436 32.1184 13.125 -282.564 32.1184 13.125 -297.693 32.1184 13.125 -312.821 32.1184 13.125 -327.949 32.1184 13.125 -343.077 32.1184 13.125 -358.205 32.1184 13.125 -373.334 32.1184 13.125 -388.462 32.1184 13.125 -403.59 32.1184 13.125 -418.718 32.1184 13.125 -433.846 32.1184 13.125 -448.975 32.1184 13.125 -464.103 32.1184 13.125 -479.231 32.1184 13.125 -494.359 32.1184 13.125 -509.487 32.1184 13.125 -524.616 32.1184 13.125 -539.744 32.1184 13.125 -554.872 32.1184 13.125 4.87149 31.8437 13.7883 -10.2567 31.8437 13.7883 -25.3849 31.8437 13.7883 -40.5131 31.8437 13.7883 -55.6413 31.8437 13.7883 -70.7695 31.8437 13.7883 -85.8978 31.8437 13.7883 -101.026 31.8437 13.7883 -116.154 31.8437 13.7883 -131.282 31.8437 13.7883 -146.411 31.8437 13.7883 -161.539 31.8437 13.7883 -176.667 31.8437 13.7883 -191.795 31.8437 13.7883 -206.923 31.8437 13.7883 -222.052 31.8437 13.7883 -237.18 31.8437 13.7883 -252.308 31.8437 13.7883 -267.436 31.8437 13.7883 -282.564 31.8437 13.7883 -297.693 31.8437 13.7883 -312.821 31.8437 13.7883 -327.949 31.8437 13.7883 -343.077 31.8437 13.7883 -358.205 31.8437 13.7883 -373.334 31.8437 13.7883 -388.462 31.8437 13.7883 -403.59 31.8437 13.7883 -418.718 31.8437 13.7883 -433.846 31.8437 13.7883 -448.975 31.8437 13.7883 -464.103 31.8437 13.7883 -479.231 31.8437 13.7883 -494.359 31.8437 13.7883 -509.487 31.8437 13.7883 -524.616 31.8437 13.7883 -539.744 31.8437 13.7883 -554.872 31.8437 13.7883 -570 35.5 11.75 -570 17.739 -5.19998 -570 25.2 -2.26101 -570 30.05 -14 -570 25 -14 -570 25 -18.5 -570 25.8 -18.5 -570 25.8 -20 -570 37 -20 -570 40 -17 -570 39.8978 -17.7764 -570 39.5981 -18.5 -570 39.1213 -19.1213 -570 38.5 -19.5981 -570 37.7765 -19.8978 3.14255 37.7765 -19.8978 -13.7146 37.7765 -19.8978 -30.5717 37.7765 -19.8978 -47.4289 37.7765 -19.8978 -64.286 37.7765 -19.8978 -81.1432 37.7765 -19.8978 -98.0003 37.7765 -19.8978 -114.857 37.7765 -19.8978 -131.715 37.7765 -19.8978 -148.572 37.7765 -19.8978 -165.429 37.7765 -19.8978 -182.286 37.7765 -19.8978 -199.143 37.7765 -19.8978 -216 37.7765 -19.8978 -232.857 37.7765 -19.8978 -249.715 37.7765 -19.8978 -266.572 37.7765 -19.8978 -283.429 37.7765 -19.8978 -300.286 37.7765 -19.8978 -317.143 37.7765 -19.8978 -334 37.7765 -19.8978 -350.857 37.7765 -19.8978 -367.715 37.7765 -19.8978 -384.572 37.7765 -19.8978 -401.429 37.7765 -19.8978 -418.286 37.7765 -19.8978 -435.143 37.7765 -19.8978 -452 37.7765 -19.8978 -468.857 37.7765 -19.8978 -485.715 37.7765 -19.8978 -502.572 37.7765 -19.8978 -519.429 37.7765 -19.8978 -536.286 37.7765 -19.8978 -553.143 37.7765 -19.8978 3.14255 38.5 -19.5981 -13.7146 38.5 -19.5981 -30.5717 38.5 -19.5981 -47.4289 38.5 -19.5981 -64.286 38.5 -19.5981 -81.1432 38.5 -19.5981 -98.0003 38.5 -19.5981 -114.857 38.5 -19.5981 -131.715 38.5 -19.5981 -148.572 38.5 -19.5981 -165.429 38.5 -19.5981 -182.286 38.5 -19.5981 -199.143 38.5 -19.5981 -216 38.5 -19.5981 -232.857 38.5 -19.5981 -249.715 38.5 -19.5981 -266.572 38.5 -19.5981 -283.429 38.5 -19.5981 -300.286 38.5 -19.5981 -317.143 38.5 -19.5981 -334 38.5 -19.5981 -350.857 38.5 -19.5981 -367.715 38.5 -19.5981 -384.572 38.5 -19.5981 -401.429 38.5 -19.5981 -418.286 38.5 -19.5981 -435.143 38.5 -19.5981 -452 38.5 -19.5981 -468.857 38.5 -19.5981 -485.715 38.5 -19.5981 -502.572 38.5 -19.5981 -519.429 38.5 -19.5981 -536.286 38.5 -19.5981 -553.143 38.5 -19.5981 3.14255 39.1213 -19.1213 -13.7146 39.1213 -19.1213 -30.5717 39.1213 -19.1213 -47.4289 39.1213 -19.1213 -64.286 39.1213 -19.1213 -81.1432 39.1213 -19.1213 -98.0003 39.1213 -19.1213 -114.857 39.1213 -19.1213 -131.715 39.1213 -19.1213 -148.572 39.1213 -19.1213 -165.429 39.1213 -19.1213 -182.286 39.1213 -19.1213 -199.143 39.1213 -19.1213 -216 39.1213 -19.1213 -232.857 39.1213 -19.1213 -249.715 39.1213 -19.1213 -266.572 39.1213 -19.1213 -283.429 39.1213 -19.1213 -300.286 39.1213 -19.1213 -317.143 39.1213 -19.1213 -334 39.1213 -19.1213 -350.857 39.1213 -19.1213 -367.715 39.1213 -19.1213 -384.572 39.1213 -19.1213 -401.429 39.1213 -19.1213 -418.286 39.1213 -19.1213 -435.143 39.1213 -19.1213 -452 39.1213 -19.1213 -468.857 39.1213 -19.1213 -485.715 39.1213 -19.1213 -502.572 39.1213 -19.1213 -519.429 39.1213 -19.1213 -536.286 39.1213 -19.1213 -553.143 39.1213 -19.1213 3.14255 39.5981 -18.5 -13.7146 39.5981 -18.5 -30.5717 39.5981 -18.5 -47.4289 39.5981 -18.5 -64.286 39.5981 -18.5 -81.1432 39.5981 -18.5 -98.0003 39.5981 -18.5 -114.857 39.5981 -18.5 -131.715 39.5981 -18.5 -148.572 39.5981 -18.5 -165.429 39.5981 -18.5 -182.286 39.5981 -18.5 -199.143 39.5981 -18.5 -216 39.5981 -18.5 -232.857 39.5981 -18.5 -249.715 39.5981 -18.5 -266.572 39.5981 -18.5 -283.429 39.5981 -18.5 -300.286 39.5981 -18.5 -317.143 39.5981 -18.5 -334 39.5981 -18.5 -350.857 39.5981 -18.5 -367.715 39.5981 -18.5 -384.572 39.5981 -18.5 -401.429 39.5981 -18.5 -418.286 39.5981 -18.5 -435.143 39.5981 -18.5 -452 39.5981 -18.5 -468.857 39.5981 -18.5 -485.715 39.5981 -18.5 -502.572 39.5981 -18.5 -519.429 39.5981 -18.5 -536.286 39.5981 -18.5 -553.143 39.5981 -18.5 3.14255 39.8978 -17.7764 -13.7146 39.8978 -17.7764 -30.5717 39.8978 -17.7764 -47.4289 39.8978 -17.7764 -64.286 39.8978 -17.7764 -81.1432 39.8978 -17.7764 -98.0003 39.8978 -17.7764 -114.857 39.8978 -17.7764 -131.715 39.8978 -17.7764 -148.572 39.8978 -17.7764 -165.429 39.8978 -17.7764 -182.286 39.8978 -17.7764 -199.143 39.8978 -17.7764 -216 39.8978 -17.7764 -232.857 39.8978 -17.7764 -249.715 39.8978 -17.7764 -266.572 39.8978 -17.7764 -283.429 39.8978 -17.7764 -300.286 39.8978 -17.7764 -317.143 39.8978 -17.7764 -334 39.8978 -17.7764 -350.857 39.8978 -17.7764 -367.715 39.8978 -17.7764 -384.572 39.8978 -17.7764 -401.429 39.8978 -17.7764 -418.286 39.8978 -17.7764 -435.143 39.8978 -17.7764 -452 39.8978 -17.7764 -468.857 39.8978 -17.7764 -485.715 39.8978 -17.7764 -502.572 39.8978 -17.7764 -519.429 39.8978 -17.7764 -536.286 39.8978 -17.7764 -553.143 39.8978 -17.7764 -570 40 -5.79998 -570 38.5 -5.79998 -570 38.5 -4.99998 -570 34 -4.99998 -570 34 -10.05 -570 31.4642 -10.05 -570 27.5 -6.08577 -570 27.5 6.0858 -570 31.4642 10.05 -570 34 10.05 -570 34 5.00002 -570 38.5 5.00002 -570 38.5 5.80002 -570 40 5.80002 -570 40 17 -570 37 20 -570 37.7765 19.8978 -570 38.5 19.5981 -570 39.1213 19.1213 -570 39.5981 18.5 -570 39.8978 17.7765 3.14255 39.8978 17.7765 -13.7146 39.8978 17.7765 -30.5717 39.8978 17.7765 -47.4289 39.8978 17.7765 -64.286 39.8978 17.7765 -81.1432 39.8978 17.7765 -98.0003 39.8978 17.7765 -114.857 39.8978 17.7765 -131.715 39.8978 17.7765 -148.572 39.8978 17.7765 -165.429 39.8978 17.7765 -182.286 39.8978 17.7765 -199.143 39.8978 17.7765 -216 39.8978 17.7765 -232.857 39.8978 17.7765 -249.715 39.8978 17.7765 -266.572 39.8978 17.7765 -283.429 39.8978 17.7765 -300.286 39.8978 17.7765 -317.143 39.8978 17.7765 -334 39.8978 17.7765 -350.857 39.8978 17.7765 -367.715 39.8978 17.7765 -384.572 39.8978 17.7765 -401.429 39.8978 17.7765 -418.286 39.8978 17.7765 -435.143 39.8978 17.7765 -452 39.8978 17.7765 -468.857 39.8978 17.7765 -485.715 39.8978 17.7765 -502.572 39.8978 17.7765 -519.429 39.8978 17.7765 -536.286 39.8978 17.7765 -553.143 39.8978 17.7765 3.14255 39.5981 18.5 -13.7146 39.5981 18.5 -30.5717 39.5981 18.5 -47.4289 39.5981 18.5 -64.286 39.5981 18.5 -81.1432 39.5981 18.5 -98.0003 39.5981 18.5 -114.857 39.5981 18.5 -131.715 39.5981 18.5 -148.572 39.5981 18.5 -165.429 39.5981 18.5 -182.286 39.5981 18.5 -199.143 39.5981 18.5 -216 39.5981 18.5 -232.857 39.5981 18.5 -249.715 39.5981 18.5 -266.572 39.5981 18.5 -283.429 39.5981 18.5 -300.286 39.5981 18.5 -317.143 39.5981 18.5 -334 39.5981 18.5 -350.857 39.5981 18.5 -367.715 39.5981 18.5 -384.572 39.5981 18.5 -401.429 39.5981 18.5 -418.286 39.5981 18.5 -435.143 39.5981 18.5 -452 39.5981 18.5 -468.857 39.5981 18.5 -485.715 39.5981 18.5 -502.572 39.5981 18.5 -519.429 39.5981 18.5 -536.286 39.5981 18.5 -553.143 39.5981 18.5 3.14255 39.1213 19.1213 -13.7146 39.1213 19.1213 -30.5717 39.1213 19.1213 -47.4289 39.1213 19.1213 -64.286 39.1213 19.1213 -81.1432 39.1213 19.1213 -98.0003 39.1213 19.1213 -114.857 39.1213 19.1213 -131.715 39.1213 19.1213 -148.572 39.1213 19.1213 -165.429 39.1213 19.1213 -182.286 39.1213 19.1213 -199.143 39.1213 19.1213 -216 39.1213 19.1213 -232.857 39.1213 19.1213 -249.715 39.1213 19.1213 -266.572 39.1213 19.1213 -283.429 39.1213 19.1213 -300.286 39.1213 19.1213 -317.143 39.1213 19.1213 -334 39.1213 19.1213 -350.857 39.1213 19.1213 -367.715 39.1213 19.1213 -384.572 39.1213 19.1213 -401.429 39.1213 19.1213 -418.286 39.1213 19.1213 -435.143 39.1213 19.1213 -452 39.1213 19.1213 -468.857 39.1213 19.1213 -485.715 39.1213 19.1213 -502.572 39.1213 19.1213 -519.429 39.1213 19.1213 -536.286 39.1213 19.1213 -553.143 39.1213 19.1213 3.14255 38.5 19.5981 -13.7146 38.5 19.5981 -30.5717 38.5 19.5981 -47.4289 38.5 19.5981 -64.286 38.5 19.5981 -81.1432 38.5 19.5981 -98.0003 38.5 19.5981 -114.857 38.5 19.5981 -131.715 38.5 19.5981 -148.572 38.5 19.5981 -165.429 38.5 19.5981 -182.286 38.5 19.5981 -199.143 38.5 19.5981 -216 38.5 19.5981 -232.857 38.5 19.5981 -249.715 38.5 19.5981 -266.572 38.5 19.5981 -283.429 38.5 19.5981 -300.286 38.5 19.5981 -317.143 38.5 19.5981 -334 38.5 19.5981 -350.857 38.5 19.5981 -367.715 38.5 19.5981 -384.572 38.5 19.5981 -401.429 38.5 19.5981 -418.286 38.5 19.5981 -435.143 38.5 19.5981 -452 38.5 19.5981 -468.857 38.5 19.5981 -485.715 38.5 19.5981 -502.572 38.5 19.5981 -519.429 38.5 19.5981 -536.286 38.5 19.5981 -553.143 38.5 19.5981 3.14255 37.7765 19.8978 -13.7146 37.7765 19.8978 -30.5717 37.7765 19.8978 -47.4289 37.7765 19.8978 -64.286 37.7765 19.8978 -81.1432 37.7765 19.8978 -98.0003 37.7765 19.8978 -114.857 37.7765 19.8978 -131.715 37.7765 19.8978 -148.572 37.7765 19.8978 -165.429 37.7765 19.8978 -182.286 37.7765 19.8978 -199.143 37.7765 19.8978 -216 37.7765 19.8978 -232.857 37.7765 19.8978 -249.715 37.7765 19.8978 -266.572 37.7765 19.8978 -283.429 37.7765 19.8978 -300.286 37.7765 19.8978 -317.143 37.7765 19.8978 -334 37.7765 19.8978 -350.857 37.7765 19.8978 -367.715 37.7765 19.8978 -384.572 37.7765 19.8978 -401.429 37.7765 19.8978 -418.286 37.7765 19.8978 -435.143 37.7765 19.8978 -452 37.7765 19.8978 -468.857 37.7765 19.8978 -485.715 37.7765 19.8978 -502.572 37.7765 19.8978 -519.429 37.7765 19.8978 -536.286 37.7765 19.8978 -553.143 37.7765 19.8978 -570 25.8 20 -570 25.8 18.5 -570 25 18.5 -570 25 14 -570 30.05 14 -570 30.05 11.4642 -570 26.0858 7.50002 -570 13.9142 7.50002 -460 33.3 -57.7728 -460 33.3852 -57.1258 -460 33.6349 -56.5228 -460 34.0322 -56.0051 -460 34.55 -55.6078 -460 35.153 -55.358 -460 35.8 -55.2728 -460 36.4471 -55.358 -460 37.05 -55.6078 -460 37.5678 -56.0051 -460 37.9651 -56.5228 -460 38.2148 -57.1258 -460 38.3 -57.7728 -460 38.2148 -58.4199 -460 37.9651 -59.0228 -460 37.5678 -59.5406 -460 37.05 -59.9379 -460 36.4471 -60.1876 -460 35.8 -60.2728 -460 35.153 -60.1876 -460 34.55 -59.9379 -460 34.0322 -59.5406 -460 33.6349 -59.0228 -460 33.3852 -58.4199 -480 33.3 -57.7728 -480 33.3852 -58.4199 -480 33.6349 -59.0228 -480 34.0322 -59.5406 -480 34.55 -59.9379 -480 35.153 -60.1876 -480 35.8 -60.2728 -480 36.4471 -60.1876 -480 37.05 -59.9379 -480 37.5678 -59.5406 -480 37.9651 -59.0228 -480 38.2148 -58.4199 -480 38.3 -57.7728 -480 38.2148 -57.1258 -480 37.9651 -56.5228 -480 37.5678 -56.0051 -480 37.05 -55.6078 -480 36.4471 -55.358 -480 35.8 -55.2728 -480 35.153 -55.358 -480 34.55 -55.6078 -480 34.0322 -56.0051 -480 33.6349 -56.5228 -480 33.3852 -57.1258 -470 33.3 -57.7728 -470 33.3852 -57.1258 -470 33.6349 -56.5228 -470 34.0322 -56.0051 -470 34.55 -55.6078 -470 35.153 -55.358 -470 35.8 -55.2728 -470 36.4471 -55.358 -470 37.05 -55.6078 -470 37.5678 -56.0051 -470 37.9651 -56.5228 -470 38.2148 -57.1258 -470 38.3 -57.7728 -470 38.2148 -58.4199 -470 37.9651 -59.0228 -470 37.5678 -59.5406 -470 37.05 -59.9379 -470 36.4471 -60.1876 -470 35.8 -60.2728 -470 35.153 -60.1876 -470 34.55 -59.9379 -470 34.0322 -59.5406 -470 33.6349 -59.0228 -470 33.3852 -58.4199 -460 38.3 -65.2728 -460 38.9471 -65.1876 -460 39.55 -64.9379 -460 40.0678 -64.5406 -460 40.4651 -64.0228 -460 40.7148 -63.4199 -460 40.8 -62.7728 -480 40.8 -62.7728 -480 40.7148 -63.4199 -480 40.4651 -64.0228 -480 40.0678 -64.5406 -480 39.55 -64.9379 -480 38.9471 -65.1876 -480 38.3 -65.2728 -470 38.9471 -65.1876 -470 39.55 -64.9379 -470 40.0678 -64.5406 -470 40.4651 -64.0228 -470 40.7148 -63.4199 -460 40.8 -21.0358 -480 40.8 -21.0358 -460 33.3 -65.2728 -460 32.653 -65.1876 -460 32.05 -64.9379 -460 31.5322 -64.5406 -460 31.1349 -64.0228 -460 30.8852 -63.4199 -460 30.8 -62.7728 -460 30.8 -24.0358 -460 9.32595 -24.0358 -460 9.32595 -20.0358 -460 14.3259 -20.0358 -460 14.3259 -18.5 -460 25.8 -18.5 -460 25.8 -20.0358 -460 39.8 -20.0358 -460 40.0588 -20.0699 -460 40.3 -20.1698 -460 40.5071 -20.3287 -460 40.666 -20.5358 -460 40.7659 -20.777 -480 33.3 -65.2728 -480 32.653 -65.1876 -480 32.05 -64.9379 -480 31.5322 -64.5406 -480 31.1349 -64.0228 -480 30.8852 -63.4199 -480 30.8 -62.7728 -470 32.653 -65.1876 -470 32.05 -64.9379 -470 31.5322 -64.5406 -470 31.1349 -64.0228 -470 30.8852 -63.4199 -480 30.8 -24.0358 -480 40.7659 -20.777 -480 40.666 -20.5358 -480 40.5071 -20.3287 -480 40.3 -20.1698 -480 40.0588 -20.0699 -480 39.8 -20.0358 -480 25.8 -20.0358 -480 25.8 -18.5 -480 14.3259 -18.5 -480 14.3259 -20.0358 -480 9.32595 -20.0358 -480 9.32595 -24.0358 -465 40.7659 -20.777 -470 40.7659 -20.777 -475 40.7659 -20.777 -465 40.666 -20.5358 -470 40.666 -20.5358 -475 40.666 -20.5358 -465 40.5071 -20.3287 -470 40.5071 -20.3287 -475 40.5071 -20.3287 -465 40.3 -20.1698 -470 40.3 -20.1698 -475 40.3 -20.1698 -465 40.0588 -20.0699 -470 40.0588 -20.0699 -475 40.0588 -20.0699 -470 22.563 -24.0358 -469.353 22.4778 -24.0358 -468.75 22.228 -24.0358 -468.233 21.8307 -24.0358 -467.835 21.313 -24.0358 -467.586 20.71 -24.0358 -467.5 20.063 -24.0358 -467.586 19.4159 -24.0358 -467.835 18.813 -24.0358 -468.233 18.2952 -24.0358 -468.75 17.8979 -24.0358 -469.353 17.6482 -24.0358 -470 17.563 -24.0358 -470.647 17.6482 -24.0358 -471.25 17.8979 -24.0358 -471.768 18.2952 -24.0358 -472.165 18.813 -24.0358 -472.415 19.4159 -24.0358 -472.5 20.063 -24.0358 -472.415 20.71 -24.0358 -472.165 21.313 -24.0358 -471.768 21.8307 -24.0358 -471.25 22.228 -24.0358 -470.647 22.4778 -24.0358 -470 22.563 -18.5 -470.647 22.4778 -18.5 -471.25 22.228 -18.5 -471.768 21.8307 -18.5 -472.165 21.313 -18.5 -472.415 20.71 -18.5 -472.5 20.063 -18.5 -472.415 19.4159 -18.5 -472.165 18.813 -18.5 -471.768 18.2952 -18.5 -471.25 17.8979 -18.5 -470.647 17.6482 -18.5 -470 17.563 -18.5 -469.353 17.6482 -18.5 -468.75 17.8979 -18.5 -468.233 18.2952 -18.5 -467.835 18.813 -18.5 -467.586 19.4159 -18.5 -467.5 20.063 -18.5 -467.586 20.71 -18.5 -467.835 21.313 -18.5 -468.233 21.8307 -18.5 -468.75 22.228 -18.5 -469.353 22.4778 -18.5 -360.139 -3.1 3.90261 -360.139 -3.1 -3.7715 -355.839 -3.1 -3.7715 -355.839 -3.1 3.90261 -360.139 0.100002 -3.7715 -355.839 0.100002 -3.7715 -360.139 0.100002 3.90261 -355.839 0.100002 3.90261 -360.139 -0.999997 -20.6715 -360.139 -0.741177 -20.6374 -360.139 -0.499998 -20.5375 -360.139 -0.292891 -20.3786 -360.139 -0.133972 -20.1715 -360.139 -0.0340729 -19.9303 -360.139 0 -19.6715 -360.139 0 -5.67149 -360.139 1.53585 -5.67149 -360.139 1.53585 5.8026 -360.139 0 5.8026 -360.139 0 19.8026 -360.139 -0.0340729 20.0614 -360.139 -0.133972 20.3026 -360.139 -0.292891 20.5097 -360.139 -0.499998 20.6686 -360.139 -0.741177 20.7685 -360.139 -0.999997 20.8026 -360.139 -17 20.8026 -360.139 -17 10.8026 -360.139 -9 10.8026 -360.139 -9 -10.6715 -360.139 -17 -10.6715 -360.139 -17 -20.6715 -340.139 -3.1 -3.7715 -340.139 -3.1 3.90261 -344.439 -3.1 3.90261 -344.439 -3.1 -3.7715 -340.139 0.100002 3.90261 -344.439 0.100002 3.90261 -340.139 0.100002 -3.7715 -344.439 0.100002 -3.7715 -340.139 0 -19.6715 -340.139 -0.0340729 -19.9303 -340.139 -0.133972 -20.1715 -340.139 -0.292891 -20.3786 -340.139 -0.499998 -20.5375 -340.139 -0.741177 -20.6374 -340.139 -0.999997 -20.6715 -340.139 -17 -20.6715 -340.139 -17 -10.6715 -340.139 -9 -10.6715 -340.139 -9 10.8026 -340.139 -17 10.8026 -340.139 -17 20.8026 -340.139 -0.999997 20.8026 -340.139 -0.741177 20.7685 -340.139 -0.499998 20.6686 -340.139 -0.292891 20.5097 -340.139 -0.133972 20.3026 -340.139 -0.0340729 20.0614 -340.139 0 19.8026 -340.139 0 5.8026 -340.139 1.53585 5.8026 -340.139 1.53585 -5.67149 -340.139 0 -5.67149 -345.139 -0.741177 -20.6374 -350.139 -0.741177 -20.6374 -355.139 -0.741177 -20.6374 -345.139 -0.499998 -20.5375 -350.139 -0.499998 -20.5375 -355.139 -0.499998 -20.5375 -345.139 -0.292891 -20.3786 -350.139 -0.292891 -20.3786 -355.139 -0.292891 -20.3786 -345.139 -0.133972 -20.1715 -350.139 -0.133972 -20.1715 -355.139 -0.133972 -20.1715 -345.139 -0.0340729 -19.9303 -350.139 -0.0340729 -19.9303 -355.139 -0.0340729 -19.9303 -345.139 -0.0340729 20.0614 -350.139 -0.0340729 20.0614 -355.139 -0.0340729 20.0614 -345.139 -0.133972 20.3026 -350.139 -0.133972 20.3026 -355.139 -0.133972 20.3026 -345.139 -0.292891 20.5097 -350.139 -0.292891 20.5097 -355.139 -0.292891 20.5097 -345.139 -0.499998 20.6686 -350.139 -0.499998 20.6686 -355.139 -0.499998 20.6686 -345.139 -0.741177 20.7685 -350.139 -0.741177 20.7685 -355.139 -0.741177 20.7685 -350.126 0 13.0776 -350.831 0 13.1704 -351.489 0 13.4426 -352.053 0 13.8757 -352.486 0 14.4401 -352.758 0 15.0973 -352.851 0 15.8026 -352.758 0 16.5078 -352.486 0 17.1651 -352.053 0 17.7294 -351.489 0 18.1625 -350.831 0 18.4347 -350.126 0 18.5276 -349.421 0 18.4347 -348.764 0 18.1625 -348.199 0 17.7294 -347.766 0 17.1651 -347.494 0 16.5078 -347.401 0 15.8026 -347.494 0 15.0973 -347.766 0 14.4401 -348.199 0 13.8757 -348.764 0 13.4426 -349.421 0 13.1704 -350.139 0 -18.3965 -349.433 0 -18.3036 -348.776 0 -18.0314 -348.212 0 -17.5984 -347.779 0 -17.034 -347.507 0 -16.3768 -347.414 0 -15.6715 -347.507 0 -14.9662 -347.779 0 -14.309 -348.212 0 -13.7446 -348.776 0 -13.3116 -349.433 0 -13.0393 -350.139 0 -12.9465 -350.844 0 -13.0393 -351.501 0 -13.3116 -352.066 0 -13.7446 -352.499 0 -14.309 -352.771 0 -14.9662 -352.864 0 -15.6715 -352.771 0 -16.3768 -352.499 0 -17.034 -352.066 0 -17.5984 -351.501 0 -18.0314 -350.844 0 -18.3036 -350.139 -17 -18.3965 -350.844 -17 -18.3036 -351.501 -17 -18.0314 -352.066 -17 -17.5984 -352.499 -17 -17.034 -352.771 -17 -16.3768 -352.864 -17 -15.6715 -352.771 -17 -14.9662 -352.499 -17 -14.309 -352.066 -17 -13.7446 -351.501 -17 -13.3116 -350.844 -17 -13.0393 -350.139 -17 -12.9465 -349.433 -17 -13.0393 -348.776 -17 -13.3116 -348.212 -17 -13.7446 -347.779 -17 -14.309 -347.507 -17 -14.9662 -347.414 -17 -15.6715 -347.507 -17 -16.3768 -347.779 -17 -17.034 -348.212 -17 -17.5984 -348.776 -17 -18.0314 -349.433 -17 -18.3036 -350.139 -8.5 -18.3965 -349.433 -8.5 -18.3036 -348.776 -8.5 -18.0314 -348.212 -8.5 -17.5984 -347.779 -8.5 -17.034 -347.507 -8.5 -16.3768 -347.414 -8.5 -15.6715 -347.507 -8.5 -14.9662 -347.779 -8.5 -14.309 -348.212 -8.5 -13.7446 -348.776 -8.5 -13.3116 -349.433 -8.5 -13.0393 -350.139 -8.5 -12.9465 -350.844 -8.5 -13.0393 -351.501 -8.5 -13.3116 -352.066 -8.5 -13.7446 -352.499 -8.5 -14.309 -352.771 -8.5 -14.9662 -352.864 -8.5 -15.6715 -352.771 -8.5 -16.3768 -352.499 -8.5 -17.034 -352.066 -8.5 -17.5984 -351.501 -8.5 -18.0314 -350.844 -8.5 -18.3036 -350.126 -17 13.0776 -349.421 -17 13.1704 -348.764 -17 13.4426 -348.199 -17 13.8757 -347.766 -17 14.4401 -347.494 -17 15.0973 -347.401 -17 15.8026 -347.494 -17 16.5078 -347.766 -17 17.1651 -348.199 -17 17.7294 -348.764 -17 18.1625 -349.421 -17 18.4347 -350.126 -17 18.5276 -350.831 -17 18.4347 -351.489 -17 18.1625 -352.053 -17 17.7294 -352.486 -17 17.1651 -352.758 -17 16.5078 -352.851 -17 15.8026 -352.758 -17 15.0973 -352.486 -17 14.4401 -352.053 -17 13.8757 -351.489 -17 13.4426 -350.831 -17 13.1704 -350.139 -9 6.06553 -351.692 -9 5.86108 -353.139 -9 5.26168 -354.381 -9 4.30817 -355.335 -9 3.06553 -355.934 -9 1.61844 -356.139 -9 0.0655327 -355.934 -9 -1.48738 -355.335 -9 -2.93447 -354.381 -9 -4.17711 -353.139 -9 -5.13062 -351.692 -9 -5.73002 -350.139 -9 -5.93447 -348.586 -9 -5.73002 -347.139 -9 -5.13062 -345.896 -9 -4.17711 -344.943 -9 -2.93447 -344.343 -9 -1.48738 -344.139 -9 0.0655327 -344.343 -9 1.61844 -344.943 -9 3.06553 -345.896 -9 4.30817 -347.139 -9 5.26168 -348.586 -9 5.86108 -350.139 -4 -2.43447 -349.492 -4 -2.34929 -348.889 -4 -2.09954 -348.371 -4 -1.70224 -347.974 -4 -1.18447 -347.724 -4 -0.581516 -347.639 -4 0.0655327 -347.724 -4 0.712574 -347.974 -4 1.31553 -348.371 -4 1.83329 -348.889 -4 2.23059 -349.492 -4 2.48034 -350.139 -4 2.56553 -350.786 -4 2.48034 -351.389 -4 2.23059 -351.906 -4 1.83329 -352.304 -4 1.31553 -352.554 -4 0.712574 -352.639 -4 0.0655327 -352.554 -4 -0.581516 -352.304 -4 -1.18447 -351.906 -4 -1.70224 -351.389 -4 -2.09954 -350.786 -4 -2.34929 -356.139 -4 0.0655327 -355.934 -4 1.61844 -355.335 -4 3.06553 -354.381 -4 4.30817 -353.139 -4 5.26168 -351.692 -4 5.86108 -350.139 -4 6.06553 -348.586 -4 5.86108 -347.139 -4 5.26168 -345.896 -4 4.30817 -344.943 -4 3.06553 -344.343 -4 1.61844 -344.139 -4 0.0655327 -344.343 -4 -1.48738 -344.943 -4 -2.93447 -345.896 -4 -4.17711 -347.139 -4 -5.13062 -348.586 -4 -5.73002 -350.139 -4 -5.93447 -351.692 -4 -5.73002 -353.139 -4 -5.13062 -354.381 -4 -4.17711 -355.335 -4 -2.93447 -355.934 -4 -1.48738 -350.139 1.53585 -2.43447 -350.786 1.53585 -2.34929 -351.389 1.53585 -2.09954 -351.906 1.53585 -1.70224 -352.304 1.53585 -1.18447 -352.554 1.53585 -0.581516 -352.639 1.53585 0.0655327 -352.554 1.53585 0.712574 -352.304 1.53585 1.31553 -351.906 1.53585 1.83329 -351.389 1.53585 2.23059 -350.786 1.53585 2.48034 -350.139 1.53585 2.56553 -349.492 1.53585 2.48034 -348.889 1.53585 2.23059 -348.371 1.53585 1.83329 -347.974 1.53585 1.31553 -347.724 1.53585 0.712574 -347.639 1.53585 0.0655327 -347.724 1.53585 -0.581516 -347.974 1.53585 -1.18447 -348.371 1.53585 -1.70224 -348.889 1.53585 -2.09954 -349.492 1.53585 -2.34929 -350.126 -8.5 13.0776 -349.421 -8.5 13.1704 -348.764 -8.5 13.4426 -348.199 -8.5 13.8757 -347.766 -8.5 14.4401 -347.494 -8.5 15.0973 -347.401 -8.5 15.8026 -347.494 -8.5 16.5078 -347.766 -8.5 17.1651 -348.199 -8.5 17.7294 -348.764 -8.5 18.1625 -349.421 -8.5 18.4347 -350.126 -8.5 18.5276 -350.831 -8.5 18.4347 -351.489 -8.5 18.1625 -352.053 -8.5 17.7294 -352.486 -8.5 17.1651 -352.758 -8.5 16.5078 -352.851 -8.5 15.8026 -352.758 -8.5 15.0973 -352.486 -8.5 14.4401 -352.053 -8.5 13.8757 -351.489 -8.5 13.4426 -350.831 -8.5 13.1704 -570.139 -3.1 3.90261 -570.139 -3.1 -3.7715 -565.839 -3.1 -3.7715 -565.839 -3.1 3.90261 -570.139 0.100002 -3.7715 -565.839 0.100002 -3.7715 -570.139 0.100002 3.90261 -565.839 0.100002 3.90261 -570.139 -0.999997 -20.6715 -570.139 -0.741177 -20.6374 -570.139 -0.499998 -20.5375 -570.139 -0.292891 -20.3786 -570.139 -0.133972 -20.1715 -570.139 -0.0340729 -19.9303 -570.139 0 -19.6715 -570.139 0 -5.67149 -570.139 1.53585 -5.67149 -570.139 1.53585 5.8026 -570.139 0 5.8026 -570.139 0 19.8026 -570.139 -0.0340729 20.0614 -570.139 -0.133972 20.3026 -570.139 -0.292891 20.5097 -570.139 -0.499998 20.6686 -570.139 -0.741177 20.7685 -570.139 -0.999997 20.8026 -570.139 -17 20.8026 -570.139 -17 10.8026 -570.139 -9 10.8026 -570.139 -9 -10.6715 -570.139 -17 -10.6715 -570.139 -17 -20.6715 -550.139 -3.1 -3.7715 -550.139 -3.1 3.90261 -554.439 -3.1 3.90261 -554.439 -3.1 -3.7715 -550.139 0.100002 3.90261 -554.439 0.100002 3.90261 -550.139 0.100002 -3.7715 -554.439 0.100002 -3.7715 -550.139 0 -19.6715 -550.139 -0.0340729 -19.9303 -550.139 -0.133972 -20.1715 -550.139 -0.292891 -20.3786 -550.139 -0.499998 -20.5375 -550.139 -0.741177 -20.6374 -550.139 -0.999997 -20.6715 -550.139 -17 -20.6715 -550.139 -17 -10.6715 -550.139 -9 -10.6715 -550.139 -9 10.8026 -550.139 -17 10.8026 -550.139 -17 20.8026 -550.139 -0.999997 20.8026 -550.139 -0.741177 20.7685 -550.139 -0.499998 20.6686 -550.139 -0.292891 20.5097 -550.139 -0.133972 20.3026 -550.139 -0.0340729 20.0614 -550.139 0 19.8026 -550.139 0 5.8026 -550.139 1.53585 5.8026 -550.139 1.53585 -5.67149 -550.139 0 -5.67149 -555.139 -0.741177 -20.6374 -560.139 -0.741177 -20.6374 -565.139 -0.741177 -20.6374 -555.139 -0.499998 -20.5375 -560.139 -0.499998 -20.5375 -565.139 -0.499998 -20.5375 -555.139 -0.292891 -20.3786 -560.139 -0.292891 -20.3786 -565.139 -0.292891 -20.3786 -555.139 -0.133972 -20.1715 -560.139 -0.133972 -20.1715 -565.139 -0.133972 -20.1715 -555.139 -0.0340729 -19.9303 -560.139 -0.0340729 -19.9303 -565.139 -0.0340729 -19.9303 -555.139 -0.0340729 20.0614 -560.139 -0.0340729 20.0614 -565.139 -0.0340729 20.0614 -555.139 -0.133972 20.3026 -560.139 -0.133972 20.3026 -565.139 -0.133972 20.3026 -555.139 -0.292891 20.5097 -560.139 -0.292891 20.5097 -565.139 -0.292891 20.5097 -555.139 -0.499998 20.6686 -560.139 -0.499998 20.6686 -565.139 -0.499998 20.6686 -555.139 -0.741177 20.7685 -560.139 -0.741177 20.7685 -565.139 -0.741177 20.7685 -560.126 0 13.0776 -560.831 0 13.1704 -561.489 0 13.4426 -562.053 0 13.8757 -562.486 0 14.4401 -562.758 0 15.0973 -562.851 0 15.8026 -562.758 0 16.5078 -562.486 0 17.1651 -562.053 0 17.7294 -561.489 0 18.1625 -560.831 0 18.4347 -560.126 0 18.5276 -559.421 0 18.4347 -558.764 0 18.1625 -558.199 0 17.7294 -557.766 0 17.1651 -557.494 0 16.5078 -557.401 0 15.8026 -557.494 0 15.0973 -557.766 0 14.4401 -558.199 0 13.8757 -558.764 0 13.4426 -559.421 0 13.1704 -560.139 0 -18.3965 -559.433 0 -18.3036 -558.776 0 -18.0314 -558.212 0 -17.5984 -557.779 0 -17.034 -557.507 0 -16.3768 -557.414 0 -15.6715 -557.507 0 -14.9662 -557.779 0 -14.309 -558.212 0 -13.7446 -558.776 0 -13.3116 -559.433 0 -13.0393 -560.139 0 -12.9465 -560.844 0 -13.0393 -561.501 0 -13.3116 -562.066 0 -13.7446 -562.499 0 -14.309 -562.771 0 -14.9662 -562.864 0 -15.6715 -562.771 0 -16.3768 -562.499 0 -17.034 -562.066 0 -17.5984 -561.501 0 -18.0314 -560.844 0 -18.3036 -560.139 -17 -18.3965 -560.844 -17 -18.3036 -561.501 -17 -18.0314 -562.066 -17 -17.5984 -562.499 -17 -17.034 -562.771 -17 -16.3768 -562.864 -17 -15.6715 -562.771 -17 -14.9662 -562.499 -17 -14.309 -562.066 -17 -13.7446 -561.501 -17 -13.3116 -560.844 -17 -13.0393 -560.139 -17 -12.9465 -559.433 -17 -13.0393 -558.776 -17 -13.3116 -558.212 -17 -13.7446 -557.779 -17 -14.309 -557.507 -17 -14.9662 -557.414 -17 -15.6715 -557.507 -17 -16.3768 -557.779 -17 -17.034 -558.212 -17 -17.5984 -558.776 -17 -18.0314 -559.433 -17 -18.3036 -560.139 -8.5 -18.3965 -559.433 -8.5 -18.3036 -558.776 -8.5 -18.0314 -558.212 -8.5 -17.5984 -557.779 -8.5 -17.034 -557.507 -8.5 -16.3768 -557.414 -8.5 -15.6715 -557.507 -8.5 -14.9662 -557.779 -8.5 -14.309 -558.212 -8.5 -13.7446 -558.776 -8.5 -13.3116 -559.433 -8.5 -13.0393 -560.139 -8.5 -12.9465 -560.844 -8.5 -13.0393 -561.501 -8.5 -13.3116 -562.066 -8.5 -13.7446 -562.499 -8.5 -14.309 -562.771 -8.5 -14.9662 -562.864 -8.5 -15.6715 -562.771 -8.5 -16.3768 -562.499 -8.5 -17.034 -562.066 -8.5 -17.5984 -561.501 -8.5 -18.0314 -560.844 -8.5 -18.3036 -560.126 -17 13.0776 -559.421 -17 13.1704 -558.764 -17 13.4426 -558.199 -17 13.8757 -557.766 -17 14.4401 -557.494 -17 15.0973 -557.401 -17 15.8026 -557.494 -17 16.5078 -557.766 -17 17.1651 -558.199 -17 17.7294 -558.764 -17 18.1625 -559.421 -17 18.4347 -560.126 -17 18.5276 -560.831 -17 18.4347 -561.489 -17 18.1625 -562.053 -17 17.7294 -562.486 -17 17.1651 -562.758 -17 16.5078 -562.851 -17 15.8026 -562.758 -17 15.0973 -562.486 -17 14.4401 -562.053 -17 13.8757 -561.489 -17 13.4426 -560.831 -17 13.1704 -560.139 -9 6.06553 -561.692 -9 5.86108 -563.139 -9 5.26168 -564.381 -9 4.30817 -565.335 -9 3.06553 -565.934 -9 1.61844 -566.139 -9 0.0655327 -565.934 -9 -1.48738 -565.335 -9 -2.93447 -564.381 -9 -4.17711 -563.139 -9 -5.13062 -561.692 -9 -5.73002 -560.139 -9 -5.93447 -558.586 -9 -5.73002 -557.139 -9 -5.13062 -555.896 -9 -4.17711 -554.943 -9 -2.93447 -554.343 -9 -1.48738 -554.139 -9 0.0655327 -554.343 -9 1.61844 -554.943 -9 3.06553 -555.896 -9 4.30817 -557.139 -9 5.26168 -558.586 -9 5.86108 -560.139 -4 -2.43447 -559.492 -4 -2.34929 -558.889 -4 -2.09954 -558.371 -4 -1.70224 -557.974 -4 -1.18447 -557.724 -4 -0.581516 -557.639 -4 0.0655327 -557.724 -4 0.712574 -557.974 -4 1.31553 -558.371 -4 1.83329 -558.889 -4 2.23059 -559.492 -4 2.48034 -560.139 -4 2.56553 -560.786 -4 2.48034 -561.389 -4 2.23059 -561.906 -4 1.83329 -562.304 -4 1.31553 -562.554 -4 0.712574 -562.639 -4 0.0655327 -562.554 -4 -0.581516 -562.304 -4 -1.18447 -561.906 -4 -1.70224 -561.389 -4 -2.09954 -560.786 -4 -2.34929 -566.139 -4 0.0655327 -565.934 -4 1.61844 -565.335 -4 3.06553 -564.381 -4 4.30817 -563.139 -4 5.26168 -561.692 -4 5.86108 -560.139 -4 6.06553 -558.586 -4 5.86108 -557.139 -4 5.26168 -555.896 -4 4.30817 -554.943 -4 3.06553 -554.343 -4 1.61844 -554.139 -4 0.0655327 -554.343 -4 -1.48738 -554.943 -4 -2.93447 -555.896 -4 -4.17711 -557.139 -4 -5.13062 -558.586 -4 -5.73002 -560.139 -4 -5.93447 -561.692 -4 -5.73002 -563.139 -4 -5.13062 -564.381 -4 -4.17711 -565.335 -4 -2.93447 -565.934 -4 -1.48738 -560.139 1.53585 -2.43447 -560.786 1.53585 -2.34929 -561.389 1.53585 -2.09954 -561.906 1.53585 -1.70224 -562.304 1.53585 -1.18447 -562.554 1.53585 -0.581516 -562.639 1.53585 0.0655327 -562.554 1.53585 0.712574 -562.304 1.53585 1.31553 -561.906 1.53585 1.83329 -561.389 1.53585 2.23059 -560.786 1.53585 2.48034 -560.139 1.53585 2.56553 -559.492 1.53585 2.48034 -558.889 1.53585 2.23059 -558.371 1.53585 1.83329 -557.974 1.53585 1.31553 -557.724 1.53585 0.712574 -557.639 1.53585 0.0655327 -557.724 1.53585 -0.581516 -557.974 1.53585 -1.18447 -558.371 1.53585 -1.70224 -558.889 1.53585 -2.09954 -559.492 1.53585 -2.34929 -560.126 -8.5 13.0776 -559.421 -8.5 13.1704 -558.764 -8.5 13.4426 -558.199 -8.5 13.8757 -557.766 -8.5 14.4401 -557.494 -8.5 15.0973 -557.401 -8.5 15.8026 -557.494 -8.5 16.5078 -557.766 -8.5 17.1651 -558.199 -8.5 17.7294 -558.764 -8.5 18.1625 -559.421 -8.5 18.4347 -560.126 -8.5 18.5276 -560.831 -8.5 18.4347 -561.489 -8.5 18.1625 -562.053 -8.5 17.7294 -562.486 -8.5 17.1651 -562.758 -8.5 16.5078 -562.851 -8.5 15.8026 -562.758 -8.5 15.0973 -562.486 -8.5 14.4401 -562.053 -8.5 13.8757 -561.489 -8.5 13.4426 -560.831 -8.5 13.1704 22.9997 3 -18.5629 22.9486 3 -18.9512 22.7987 3 -19.3129 22.5604 3 -19.6236 22.2497 3 -19.862 21.8879 3 -20.0118 21.4997 3 -20.0629 21.4997 2.22354 -19.9607 21.4997 1.5 -19.661 21.4997 0.878679 -19.1843 21.4997 0.401924 -18.5629 21.4997 0.102222 -17.8394 21.4997 0 -17.0629 21.8879 0.0511112 -17.0629 22.2497 0.200962 -17.0629 22.5604 0.439339 -17.0629 22.7987 0.75 -17.0629 22.9486 1.11177 -17.0629 22.9997 1.5 -17.0629 22.9997 1.55111 -17.4512 22.9997 1.70096 -17.8129 22.9997 1.93934 -18.1236 22.9997 2.25 -18.362 22.9997 2.61177 -18.5118 21.8879 2.23677 -19.9113 22.2497 2.27555 -19.7666 22.5604 2.33725 -19.5363 22.7987 2.41766 -19.2363 22.9486 2.51129 -18.8868 21.8879 1.52555 -19.6167 22.2497 1.60048 -19.487 22.5604 1.71967 -19.2805 22.7987 1.875 -19.0115 22.9486 2.05589 -18.6982 21.8879 0.91482 -19.1481 22.2497 1.02078 -19.0421 22.5604 1.18934 -18.8736 22.7987 1.40901 -18.6539 22.9486 1.66482 -18.3981 21.8879 0.446186 -18.5374 22.2497 0.575962 -18.4625 22.5604 0.782402 -18.3433 22.7987 1.05144 -18.1879 22.9486 1.36475 -18.007 21.8879 0.151592 -17.8262 22.2497 0.296337 -17.7874 22.5604 0.526592 -17.7257 22.7987 0.826666 -17.6453 22.9486 1.17611 -17.5516 21.4997 0 -5.79998 21.6467 0.00722122 -5.8072 21.7923 0.0288219 -5.8288 22.0737 0.11418 -5.91416 22.333 0.252796 -6.05278 22.5604 0.439339 -6.23932 22.7469 0.666645 -6.46663 22.8855 0.925974 -6.72596 22.9709 1.20736 -7.00734 22.9997 1.5 -7.29998 21.8879 0.0511112 -11.4315 22.2497 0.200962 -11.4315 22.5604 0.439339 -11.4315 22.7987 0.75 -11.4315 22.9486 1.11177 -11.4315 22.9997 3.03584 -7.29998 22.9997 3.03584 7.17411 22.9997 1.5 7.17411 22.9997 1.5 16.9371 22.9997 1.55111 17.3253 22.9997 1.70096 17.6871 22.9997 1.93934 17.9977 22.9997 2.25 18.2361 22.9997 2.61177 18.386 22.9997 3 18.4371 22.9997 12.763 18.4371 22.9997 12.763 16.9012 22.9997 27.2371 16.9012 22.9997 27.2371 18.4371 22.9997 37 18.4371 22.9997 37.3882 18.386 22.9997 37.75 18.2361 22.9997 38.0607 17.9977 22.9997 38.299 17.6871 22.9997 38.4489 17.3253 22.9997 38.5 16.9371 22.9997 38.5 7.17411 22.9997 36.9642 7.17411 22.9997 36.9642 -7.29998 22.9997 38.5 -7.29998 22.9997 38.5 -17.0629 22.9997 38.4489 -17.4512 22.9997 38.299 -17.8129 22.9997 38.0607 -18.1236 22.9997 37.75 -18.362 22.9997 37.3882 -18.5118 22.9997 37 -18.5629 22.9997 27.2371 -18.5629 22.9997 27.2371 -17.0271 22.9997 23.5 -17.0271 22.9997 23.5 -17.0273 22.9997 16.5 -17.0273 22.9997 16.5 -17.0271 22.9997 12.763 -17.0271 22.9997 12.763 -18.5629 21.4997 1.53584 -5.79998 21.6467 1.54307 -5.8072 21.7923 1.56467 -5.8288 22.0737 1.65003 -5.91416 22.333 1.78864 -6.05278 22.5604 1.97519 -6.23932 22.7469 2.20249 -6.46663 22.8855 2.46182 -6.72596 22.9709 2.74321 -7.00734 19.9997 3 -20.0629 19.9997 2.22354 -19.9607 19.9997 1.5 -19.661 19.9997 0.878679 -19.1843 19.9997 0.401924 -18.5629 19.9997 0.102222 -17.8394 19.9997 0 -17.0629 22.9709 23.7927 -17.3197 22.8855 24.0741 -17.6011 22.7469 24.3334 -17.8604 22.5604 24.5607 -18.0877 22.333 24.7473 -18.2743 22.0737 24.8859 -18.4129 21.7923 24.9712 -18.4983 21.6467 24.9928 -18.5199 21.4997 25 -18.5271 21.4997 25 -18.5273 21.6467 24.9928 -18.5201 21.7923 24.9712 -18.4985 22.0737 24.8859 -18.4131 22.333 24.7473 -18.2745 22.5604 24.5607 -18.0879 22.7469 24.3334 -17.8606 22.8855 24.0741 -17.6013 22.9709 23.7927 -17.3199 21.4997 40 -5.79998 21.4997 40 -17.0629 21.8879 39.9489 -17.0629 22.2497 39.799 -17.0629 22.5604 39.5607 -17.0629 22.7987 39.25 -17.0629 22.9486 38.8882 -17.0629 22.9709 38.7926 -7.00734 22.8855 39.074 -6.72596 22.7469 39.3334 -6.46663 22.5604 39.5607 -6.23932 22.333 39.7472 -6.05278 22.0737 39.8858 -5.91416 21.7923 39.9712 -5.8288 21.6467 39.9928 -5.8072 21.8879 39.9489 -11.4315 22.2497 39.799 -11.4315 22.5604 39.5607 -11.4315 22.7987 39.25 -11.4315 22.9486 38.8882 -11.4315 21.4997 14.263 -18.5271 21.4997 14.263 -20.0629 21.6467 14.2558 -20.0557 21.7923 14.2342 -20.0341 22.0737 14.1488 -19.9487 22.333 14.0102 -19.8101 22.5604 13.8237 -19.6236 22.7469 13.5964 -19.3963 22.8855 13.337 -19.137 22.9709 13.0556 -18.8556 22.9709 13.0556 -17.3197 22.8855 13.337 -17.6011 22.7469 13.5964 -17.8604 22.5604 13.8237 -18.0877 22.333 14.0102 -18.2743 22.0737 14.1488 -18.4129 21.7923 14.2342 -18.4983 21.6467 14.2558 -18.5199 22.9709 38.7926 6.88148 22.8855 39.074 6.60009 22.7469 39.3334 6.34076 22.5604 39.5607 6.11346 22.333 39.7472 5.92691 22.0737 39.8858 5.7883 21.7923 39.9712 5.70294 21.6467 39.9928 5.68134 21.4997 40 5.67411 21.4997 38.4642 5.67411 21.6467 38.4569 5.68134 21.7923 38.4353 5.70294 22.0737 38.35 5.7883 22.333 38.2114 5.92691 22.5604 38.0248 6.11346 22.7469 37.7975 6.34076 22.8855 37.5382 6.60009 22.9709 37.2568 6.88148 22.9486 38.8882 16.9371 22.7987 39.25 16.9371 22.5604 39.5607 16.9371 22.2497 39.799 16.9371 21.8879 39.9489 16.9371 21.4997 40 16.9371 22.9486 38.8882 11.3056 22.7987 39.25 11.3056 22.5604 39.5607 11.3056 22.2497 39.799 11.3056 21.8879 39.9489 11.3056 22.9486 37 18.8253 22.7987 37 19.1871 22.5604 37 19.4977 22.2497 37 19.7361 21.8879 37 19.886 21.4997 37 19.9371 21.4997 37.7765 19.8348 21.4997 38.5 19.5351 21.4997 39.1213 19.0584 21.4997 39.5981 18.4371 21.4997 39.8978 17.7135 21.8879 37.7632 19.7855 22.2497 37.7244 19.6407 22.5604 37.6628 19.4105 22.7987 37.5823 19.1104 22.9486 37.4887 18.761 21.8879 38.4744 19.4909 22.2497 38.3995 19.3611 22.5604 38.2803 19.1547 22.7987 38.125 18.8856 22.9486 37.9441 18.5723 21.8879 39.0852 19.0223 22.2497 38.9792 18.9163 22.5604 38.8107 18.7477 22.7987 38.591 18.5281 22.9486 38.3352 18.2723 21.8879 39.5538 18.4115 22.2497 39.424 18.3366 22.5604 39.2176 18.2174 22.7987 38.9486 18.0621 22.9486 38.6353 17.8812 21.8879 39.8484 17.7003 22.2497 39.7037 17.6615 22.5604 39.4734 17.5998 22.7987 39.1733 17.5194 22.9486 38.8239 17.4258 21.4997 25.7371 19.9371 22.9709 26.9445 18.7297 22.8855 26.6631 19.0111 22.7469 26.4037 19.2704 22.5604 26.1764 19.4977 22.333 25.9899 19.6843 22.0737 25.8513 19.8229 21.7923 25.7659 19.9082 21.6467 25.7443 19.9298 21.8879 31.3686 19.886 22.2497 31.3686 19.7361 22.5604 31.3686 19.4977 22.7987 31.3686 19.1871 22.9486 31.3686 18.8253 21.4997 1.53584 5.67411 21.6467 1.54307 5.68134 21.7923 1.56467 5.70294 22.0737 1.65003 5.7883 22.333 1.78864 5.92691 22.5604 1.97519 6.11346 22.7469 2.20249 6.34076 22.8855 2.46182 6.60009 22.9709 2.74321 6.88148 21.8879 1.58696 -0.0629311 22.2497 1.73681 -0.0629311 22.5604 1.97519 -0.0629311 22.7987 2.28584 -0.0629311 22.9486 2.64762 -0.0629311 22.9709 26.9445 17.1939 22.8855 26.6631 17.4752 22.7469 26.4037 17.7346 22.5604 26.1764 17.9619 22.333 25.9899 18.1484 22.0737 25.8513 18.287 21.7923 25.7659 18.3724 21.6467 25.7443 18.394 21.4997 25.7371 18.4012 22.9486 3 18.8253 22.7987 3 19.1871 22.5604 3 19.4977 22.2497 3 19.7361 21.8879 3 19.886 21.4997 3 19.9371 21.4997 14.263 19.9371 21.6467 14.2558 19.9298 21.7923 14.2342 19.9082 22.0737 14.1488 19.8229 22.333 14.0102 19.6843 22.5604 13.8237 19.4977 22.7469 13.5964 19.2704 22.8855 13.337 19.0111 22.9709 13.0556 18.7297 22.9486 8.6315 18.8253 22.7987 8.6315 19.1871 22.5604 8.6315 19.4977 22.2497 8.6315 19.7361 21.8879 8.6315 19.886 21.4997 14.263 18.4012 21.6467 14.2558 18.394 21.7923 14.2342 18.3724 22.0737 14.1488 18.287 22.333 14.0102 18.1484 22.5604 13.8237 17.9619 22.7469 13.5964 17.7346 22.8855 13.337 17.4752 22.9709 13.0556 17.1939 22.9486 1.11177 16.9371 22.7987 0.75 16.9371 22.5604 0.439339 16.9371 22.2497 0.200962 16.9371 21.8879 0.0511112 16.9371 21.4997 0 16.9371 21.4997 0.102222 17.7135 21.4997 0.401924 18.4371 21.4997 0.878679 19.0584 21.4997 1.5 19.5351 21.4997 2.22354 19.8348 21.8879 0.151592 17.7003 22.2497 0.296337 17.6615 22.5604 0.526592 17.5998 22.7987 0.826666 17.5194 22.9486 1.17611 17.4258 21.8879 0.446186 18.4115 22.2497 0.575962 18.3366 22.5604 0.782402 18.2174 22.7987 1.05144 18.0621 22.9486 1.36475 17.8812 21.8879 0.91482 19.0223 22.2497 1.02078 18.9163 22.5604 1.18934 18.7477 22.7987 1.40901 18.5281 22.9486 1.66482 18.2723 21.8879 1.52555 19.4909 22.2497 1.60048 19.3611 22.5604 1.71967 19.1547 22.7987 1.875 18.8856 22.9486 2.05589 18.5723 21.8879 2.23677 19.7855 22.2497 2.27555 19.6407 22.5604 2.33725 19.4105 22.7987 2.41766 19.1104 22.9486 2.51129 18.761 21.4997 0 5.67411 22.9709 1.20736 6.88148 22.8855 0.925974 6.60009 22.7469 0.666645 6.34076 22.5604 0.439339 6.11346 22.333 0.252796 5.92691 22.0737 0.11418 5.7883 21.7923 0.0288219 5.70294 21.6467 0.00722122 5.68134 21.8879 0.0511112 11.3056 22.2497 0.200962 11.3056 22.5604 0.439339 11.3056 22.7987 0.75 11.3056 22.9486 1.11177 11.3056 22.7987 20 17.6512 22.9486 20 17.2894 22.5604 20 17.9619 22.2497 20 18.2003 21.8879 20 18.3501 21.8879 8.6315 -20.0118 22.2497 8.6315 -19.862 22.5604 8.6315 -19.6236 22.7987 8.6315 -19.3129 22.9486 8.6315 -18.9512 21.4997 38.4642 -5.79998 21.6467 38.4569 -5.8072 21.7923 38.4353 -5.8288 22.0737 38.35 -5.91416 22.333 38.2114 -6.05278 22.5604 38.0248 -6.23932 22.7469 37.7975 -6.46663 22.8855 37.5382 -6.72596 22.9709 37.2568 -7.00734 22.7987 37.7142 -0.0629311 22.9486 37.3524 -0.0629311 22.5604 38.0248 -0.0629311 22.2497 38.2632 -0.0629311 21.8879 38.413 -0.0629311 21.4997 15 -18.5271 22.9709 16.2074 -17.3197 22.8855 15.926 -17.6011 22.7469 15.6667 -17.8604 22.5604 15.4394 -18.0877 22.333 15.2528 -18.2743 22.0737 15.1142 -18.4129 21.7923 15.0289 -18.4983 21.6467 15.0073 -18.5199 21.4997 37 -20.0629 21.8879 37 -20.0118 22.2497 37 -19.862 22.5604 37 -19.6236 22.7987 37 -19.3129 22.9486 37 -18.9512 21.4997 39.8978 -17.8394 21.4997 39.5981 -18.5629 21.4997 39.1213 -19.1843 21.4997 38.5 -19.661 21.4997 37.7765 -19.9607 22.9486 37.4887 -18.8868 22.7987 37.5823 -19.2363 22.5604 37.6628 -19.5363 22.2497 37.7244 -19.7666 21.8879 37.7632 -19.9113 22.9486 37.9441 -18.6982 22.7987 38.125 -19.0115 22.5604 38.2803 -19.2805 22.2497 38.3995 -19.487 21.8879 38.4744 -19.6167 22.9486 38.3352 -18.3981 22.7987 38.591 -18.6539 22.5604 38.8107 -18.8736 22.2497 38.9792 -19.0421 21.8879 39.0852 -19.1481 22.9486 38.6353 -18.007 22.7987 38.9486 -18.1879 22.5604 39.2176 -18.3433 22.2497 39.424 -18.4625 21.8879 39.5538 -18.5374 22.9486 38.8239 -17.5516 22.7987 39.1733 -17.6453 22.5604 39.4734 -17.7257 22.2497 39.7037 -17.7874 21.8879 39.8484 -17.8262 21.4997 25.7371 -20.0629 21.6467 25.7443 -20.0557 21.7923 25.7659 -20.0341 22.0737 25.8513 -19.9487 22.333 25.9899 -19.8101 22.5604 26.1764 -19.6236 22.7469 26.4037 -19.3963 22.8855 26.6631 -19.137 22.9709 26.9445 -18.8556 22.9486 31.3686 -18.9512 22.7987 31.3686 -19.3129 22.5604 31.3686 -19.6236 22.2497 31.3686 -19.862 21.8879 31.3686 -20.0118 21.4997 15 -18.5273 22.9709 16.2074 -17.3199 22.8855 15.926 -17.6013 22.7469 15.6667 -17.8606 22.5604 15.4394 -18.0879 22.333 15.2528 -18.2745 22.0737 15.1142 -18.4131 21.7923 15.0289 -18.4985 21.6467 15.0073 -18.5201 21.4997 25.7371 -18.5271 21.6467 25.7443 -18.5199 21.7923 25.7659 -18.4983 22.0737 25.8513 -18.4129 22.333 25.9899 -18.2743 22.5604 26.1764 -18.0877 22.7469 26.4037 -17.8604 22.8855 26.6631 -17.6011 22.9709 26.9445 -17.3197 21.8879 20 -18.4762 22.2497 20 -18.3263 22.5604 20 -18.0879 22.7987 20 -17.7773 22.9486 20 -17.4155 19.9997 25.7371 -20.0629 19.9997 25.7371 -18.5271 19.9997 37 -20.0629 19.9997 40 -17.0629 19.9997 39.8978 -17.8394 19.9997 39.5981 -18.5629 19.9997 39.1213 -19.1843 19.9997 38.5 -19.661 19.9997 37.7765 -19.9607 19.9997 40 -5.79998 19.9997 38.4642 -5.79998 19.9997 38.4642 5.67411 19.9997 40 5.67411 19.9997 40 16.9371 19.9997 37 19.9371 19.9997 37.7765 19.8348 19.9997 38.5 19.5351 19.9997 39.1213 19.0584 19.9997 39.5981 18.4371 19.9997 39.8978 17.7135 19.9997 25.7371 19.9371 19.9997 25.7371 18.4012 19.9997 14.263 18.4012 19.9997 14.263 19.9371 19.9997 3 19.9371 19.9997 15 -18.5273 19.9997 15 -18.5271 19.9997 25 -18.5271 19.9997 25 -18.5273 19.9997 2.22354 19.8348 19.9997 1.5 19.5351 19.9997 0.878679 19.0584 19.9997 0.401924 18.4371 19.9997 0.102222 17.7135 19.9997 0 16.9371 19.9997 0 5.67411 19.9997 1.53584 5.67411 19.9997 1.53584 -5.79998 19.9997 0 -5.79998 19.9997 14.263 -20.0629 19.9997 14.263 -18.5271 19.9997 24.8637 -0.0757866 19.9997 24.6967 -1.344 19.9997 24.2072 -2.52578 19.9997 23.4285 -3.54061 19.9997 22.4137 -4.31931 19.9997 21.2319 -4.80882 19.9997 19.9637 -4.97578 19.9997 18.6955 -4.80882 19.9997 17.5137 -4.31931 19.9997 16.4989 -3.54061 19.9997 15.7202 -2.52578 19.9997 15.2307 -1.344 19.9997 15.0637 -0.0757866 19.9997 15.2307 1.19242 19.9997 15.7202 2.37421 19.9997 16.4989 3.38903 19.9997 17.5137 4.16774 19.9997 18.6955 4.65725 19.9997 19.9637 4.82421 19.9997 21.2319 4.65725 19.9997 22.4137 4.16774 19.9997 23.4285 3.38903 19.9997 24.2072 2.37421 19.9997 24.6967 1.19242 19.9997 3.93087 -12.4939 19.9997 4.46935 -12.0807 19.9997 5.09642 -11.8209 19.9997 5.76935 -11.7323 19.9997 6.44228 -11.8209 19.9997 7.06935 -12.0807 19.9997 7.60782 -12.4939 19.9997 8.02101 -13.0324 19.9997 8.28075 -13.6594 19.9997 8.36934 -14.3324 19.9997 8.28075 -15.0053 19.9997 8.02101 -15.6324 19.9997 7.60782 -16.1708 19.9997 7.06935 -16.584 19.9997 6.44228 -16.8438 19.9997 5.76935 -16.9324 19.9997 5.09642 -16.8438 19.9997 4.46935 -16.584 19.9997 3.93087 -16.1708 19.9997 3.51768 -15.6324 19.9997 3.25794 -15.0053 19.9997 3.16935 -14.3324 19.9997 3.25794 -13.6594 19.9997 3.51768 -13.0324 19.9997 36.1079 12.3292 19.9997 35.5694 11.9161 19.9997 34.9424 11.6563 19.9997 34.2694 11.5677 19.9997 33.5965 11.6563 19.9997 32.9694 11.9161 19.9997 32.4309 12.3292 19.9997 32.0178 12.8677 19.9997 31.758 13.4948 19.9997 31.6694 14.1677 19.9997 31.758 14.8406 19.9997 32.0178 15.4677 19.9997 32.4309 16.0062 19.9997 32.9694 16.4194 19.9997 33.5965 16.6791 19.9997 34.2694 16.7677 19.9997 34.9424 16.6791 19.9997 35.5694 16.4194 19.9997 36.1079 16.0062 19.9997 36.5211 15.4677 19.9997 36.7808 14.8406 19.9997 36.8694 14.1677 19.9997 36.7808 13.4948 19.9997 36.5211 12.8677 19.9997 7.60782 16.0062 19.9997 8.02101 15.4677 19.9997 8.28075 14.8406 19.9997 8.36934 14.1677 19.9997 8.28075 13.4948 19.9997 8.02101 12.8677 19.9997 7.60782 12.3292 19.9997 7.06935 11.9161 19.9997 6.44228 11.6563 19.9997 5.76935 11.5677 19.9997 5.09642 11.6563 19.9997 4.46935 11.9161 19.9997 3.93087 12.3292 19.9997 3.51768 12.8677 19.9997 3.25794 13.4948 19.9997 3.16935 14.1677 19.9997 3.25794 14.8406 19.9997 3.51768 15.4677 19.9997 3.93087 16.0062 19.9997 4.46935 16.4194 19.9997 5.09642 16.6791 19.9997 5.76935 16.7677 19.9997 6.44228 16.6791 19.9997 7.06935 16.4194 19.9997 32.4309 -16.1708 19.9997 32.0178 -15.6324 19.9997 31.758 -15.0053 19.9997 31.6694 -14.3324 19.9997 31.758 -13.6594 19.9997 32.0178 -13.0324 19.9997 32.4309 -12.4939 19.9997 32.9694 -12.0807 19.9997 33.5965 -11.8209 19.9997 34.2694 -11.7323 19.9997 34.9424 -11.8209 19.9997 35.5694 -12.0807 19.9997 36.1079 -12.4939 19.9997 36.5211 -13.0324 19.9997 36.7808 -13.6594 19.9997 36.8694 -14.3324 19.9997 36.7808 -15.0053 19.9997 36.5211 -15.6324 19.9997 36.1079 -16.1708 19.9997 35.5694 -16.584 19.9997 34.9424 -16.8438 19.9997 34.2694 -16.9324 19.9997 33.5965 -16.8438 19.9997 32.9694 -16.584 14.9997 32.4309 -16.1708 14.9997 32.0178 -15.6324 14.9997 31.758 -15.0053 14.9997 31.6694 -14.3324 14.9997 31.758 -13.6594 14.9997 32.0178 -13.0324 14.9997 32.4309 -12.4939 14.9997 32.9694 -12.0807 14.9997 33.5965 -11.8209 14.9997 34.2694 -11.7323 14.9997 34.9424 -11.8209 14.9997 35.5694 -12.0807 14.9997 36.1079 -12.4939 14.9997 36.5211 -13.0324 14.9997 36.7808 -13.6594 14.9997 36.8694 -14.3324 14.9997 36.7808 -15.0053 14.9997 36.5211 -15.6324 14.9997 36.1079 -16.1708 14.9997 35.5694 -16.584 14.9997 34.9424 -16.8438 14.9997 34.2694 -16.9324 14.9997 33.5965 -16.8438 14.9997 32.9694 -16.584 14.9997 7.60782 16.0062 14.9997 8.02101 15.4677 14.9997 8.28075 14.8406 14.9997 8.36934 14.1677 14.9997 8.28075 13.4948 14.9997 8.02101 12.8677 14.9997 7.60782 12.3292 14.9997 7.06935 11.9161 14.9997 6.44228 11.6563 14.9997 5.76935 11.5677 14.9997 5.09642 11.6563 14.9997 4.46935 11.9161 14.9997 3.93087 12.3292 14.9997 3.51768 12.8677 14.9997 3.25794 13.4948 14.9997 3.16935 14.1677 14.9997 3.25794 14.8406 14.9997 3.51768 15.4677 14.9997 3.93087 16.0062 14.9997 4.46935 16.4194 14.9997 5.09642 16.6791 14.9997 5.76935 16.7677 14.9997 6.44228 16.6791 14.9997 7.06935 16.4194 14.9997 3.93087 -12.4939 14.9997 4.46935 -12.0807 14.9997 5.09642 -11.8209 14.9997 5.76935 -11.7323 14.9997 6.44228 -11.8209 14.9997 7.06935 -12.0807 14.9997 7.60782 -12.4939 14.9997 8.02101 -13.0324 14.9997 8.28075 -13.6594 14.9997 8.36934 -14.3324 14.9997 8.28075 -15.0053 14.9997 8.02101 -15.6324 14.9997 7.60782 -16.1708 14.9997 7.06935 -16.584 14.9997 6.44228 -16.8438 14.9997 5.76935 -16.9324 14.9997 5.09642 -16.8438 14.9997 4.46935 -16.584 14.9997 3.93087 -16.1708 14.9997 3.51768 -15.6324 14.9997 3.25794 -15.0053 14.9997 3.16935 -14.3324 14.9997 3.25794 -13.6594 14.9997 3.51768 -13.0324 14.9997 36.1079 12.3292 14.9997 35.5694 11.9161 14.9997 34.9424 11.6563 14.9997 34.2694 11.5677 14.9997 33.5965 11.6563 14.9997 32.9694 11.9161 14.9997 32.4309 12.3292 14.9997 32.0178 12.8677 14.9997 31.758 13.4948 14.9997 31.6694 14.1677 14.9997 31.758 14.8406 14.9997 32.0178 15.4677 14.9997 32.4309 16.0062 14.9997 32.9694 16.4194 14.9997 33.5965 16.6791 14.9997 34.2694 16.7677 14.9997 34.9424 16.6791 14.9997 35.5694 16.4194 14.9997 36.1079 16.0062 14.9997 36.5211 15.4677 14.9997 36.7808 14.8406 14.9997 36.8694 14.1677 14.9997 36.7808 13.4948 14.9997 36.5211 12.8677 14.9997 24.8637 -0.0757866 14.9997 24.6967 -1.344 14.9997 24.2072 -2.52578 14.9997 23.4285 -3.54061 14.9997 22.4137 -4.31931 14.9997 21.2319 -4.80882 14.9997 19.9637 -4.97578 14.9997 18.6955 -4.80882 14.9997 17.5137 -4.31931 14.9997 16.4989 -3.54061 14.9997 15.7202 -2.52578 14.9997 15.2307 -1.344 14.9997 15.0637 -0.0757866 14.9997 15.2307 1.19242 14.9997 15.7202 2.37421 14.9997 16.4989 3.38903 14.9997 17.5137 4.16774 14.9997 18.6955 4.65725 14.9997 19.9637 4.82421 14.9997 21.2319 4.65725 14.9997 22.4137 4.16774 14.9997 23.4285 3.38903 14.9997 24.2072 2.37421 14.9997 24.6967 1.19242 -360.139 -3 -3.6715 -360.139 -3 3.8026 -356.139 -3 3.8026 -356.139 -3 -3.6715 -360.139 0 3.8026 -356.139 0 3.8026 -360.139 0 -3.6715 -356.139 0 -3.6715 -360.139 0 -21.0491 -360.139 -0.145676 -23.3024 -360.139 -0.58028 -25.5182 -360.139 -1.29658 -27.6596 -360.139 -2.28264 -29.691 -360.139 -3.94733 -32.6223 -360.139 -4.60258 -33.6858 -360.139 -5.33203 -34.6999 -360.139 -6.13196 -35.6594 -360.139 -4.73121 -26.7464 -360.139 -3.76626 -17.7305 -360.139 -3.22678 -8.67367 -360.139 -3.1024 0.362179 -360.139 -3.38683 9.39437 -360.139 -4.08718 18.4404 -360.139 -5.21326 27.4376 -360.139 -6.77485 36.3235 -360.139 -5.64775 35.119 -360.139 -4.63906 33.8138 -360.139 -3.75775 32.4194 -360.139 -2.28275 29.8221 -360.139 -1.29664 27.7908 -360.139 -0.580307 25.6493 -360.139 -0.145683 23.4335 -360.139 0 21.1801 -360.139 0 5.8026 -360.139 1.53585 5.8026 -360.139 1.53585 -5.67149 -360.139 0 -5.67149 -550.139 -2.28275 29.8221 -550.139 -1.29664 27.7908 -550.139 -0.580307 25.6493 -550.139 -0.145683 23.4335 -550.139 0 21.1801 -407.639 -0.145683 23.4335 -455.139 -0.145683 23.4335 -502.639 -0.145683 23.4335 -407.639 -0.580307 25.6493 -455.139 -0.580307 25.6493 -502.639 -0.580307 25.6493 -407.639 -1.29664 27.7908 -455.139 -1.29664 27.7908 -502.639 -1.29664 27.7908 -550.139 -3.75775 32.4194 -550.139 -6.77485 36.3235 -550.139 -5.64775 35.119 -550.139 -4.63906 33.8138 -407.639 -5.12802 34.4783 -455.139 -5.12802 34.4783 -502.639 -5.12802 34.4783 -550.139 -6.13196 -35.6594 -550.139 -5.39209 -31.3184 -550.139 -4.75326 -26.9118 -550.139 -3.78391 -17.9389 -550.139 -3.23211 -8.81664 -550.139 -3.10254 0.377674 -550.139 -3.3963 9.56621 -550.139 -4.11088 18.6712 -550.139 -5.24025 27.6155 -550.139 -5.95763 32.0037 -455.139 -5.38192 -31.2538 -455.139 -4.73143 -26.7463 -455.139 -4.19801 -22.2738 -455.139 -3.76651 -17.7305 -455.139 -3.22685 -8.67367 -455.139 -3.1024 0.362179 -455.139 -3.3869 9.39436 -455.139 -4.08744 18.4403 -455.139 -4.60004 22.9758 -455.139 -5.21348 27.4375 -455.139 -5.94517 31.9329 -550.139 -3.94733 -32.6223 -550.139 -4.60258 -33.6858 -550.139 -5.33203 -34.6999 -398.139 -4.95825 -34.1994 -436.139 -4.95825 -34.1994 -474.139 -4.95825 -34.1994 -512.139 -4.95825 -34.1994 -550.139 -2.28264 -29.691 -550.139 -3 3.8026 -550.139 -3 -3.6715 -554.139 -3 -3.6715 -554.139 -3 3.8026 -550.139 0 3.8026 -554.139 0 3.8026 -550.139 0 -3.6715 -554.139 0 -3.6715 -550.139 -1.29658 -27.6596 -550.139 -0.58028 -25.5182 -550.139 -0.145676 -23.3024 -550.139 0 -21.0491 -550.139 0 -5.67149 -550.139 1.53585 -5.67149 -550.139 1.53585 5.8026 -550.139 0 5.8026 -407.639 -1.29658 -27.6596 -455.139 -1.29658 -27.6596 -502.639 -1.29658 -27.6596 -407.639 -0.58028 -25.5182 -455.139 -0.58028 -25.5182 -502.639 -0.58028 -25.5182 -407.639 -0.145676 -23.3024 -455.139 -0.145676 -23.3024 -502.639 -0.145676 -23.3024 -350.139 -22.0001 13.6026 -350.139 -22.0001 -13.4715 -350.139 -17.0001 -13.4715 -350.139 -17.0001 13.6026 -20.1378 -17.0003 20.8026 -20.1378 -17.0003 -20.6714 -20.1378 -22.0003 -20.6714 -20.1378 -22.0003 20.8026 -30.1388 -22.0003 18.0026 -30.7082 -22.0003 17.9276 -31.2388 -22.0003 17.7078 -31.6944 -22.0003 17.3582 -32.044 -22.0003 16.9026 -32.2638 -22.0003 16.372 -32.3388 -22.0003 15.8026 -32.2638 -22.0003 15.2332 -32.044 -22.0003 14.7026 -31.6944 -22.0003 14.2469 -31.2388 -22.0003 13.8973 -30.7082 -22.0003 13.6775 -30.1388 -22.0003 13.6026 -29.5694 -22.0003 13.6775 -29.0388 -22.0003 13.8973 -28.5831 -22.0003 14.2469 -28.2335 -22.0003 14.7026 -28.0137 -22.0003 15.2332 -27.9388 -22.0003 15.8026 -28.0137 -22.0003 16.372 -28.2335 -22.0003 16.9026 -28.5831 -22.0003 17.3582 -29.0388 -22.0003 17.7078 -29.5694 -22.0003 17.9276 -30.1262 -22.0003 -13.4715 -30.6956 -22.0003 -13.5464 -31.2262 -22.0003 -13.7662 -31.6819 -22.0003 -14.1158 -32.0315 -22.0003 -14.5715 -32.2513 -22.0003 -15.1021 -32.3262 -22.0003 -15.6715 -32.2513 -22.0003 -16.2409 -32.0315 -22.0003 -16.7715 -31.6819 -22.0003 -17.2271 -31.2262 -22.0003 -17.5767 -30.6956 -22.0003 -17.7965 -30.1262 -22.0003 -17.8715 -29.5568 -22.0003 -17.7965 -29.0262 -22.0003 -17.5767 -28.5706 -22.0003 -17.2271 -28.221 -22.0003 -16.7715 -28.0012 -22.0003 -16.2409 -27.9262 -22.0003 -15.6715 -28.0012 -22.0003 -15.1021 -28.221 -22.0003 -14.5715 -28.5706 -22.0003 -14.1158 -29.0262 -22.0003 -13.7662 -29.5568 -22.0003 -13.5464 -349.569 -22.0001 13.6775 -349.039 -22.0001 13.8973 -348.583 -22.0001 14.2469 -348.234 -22.0001 14.7026 -348.014 -22.0001 15.2332 -347.939 -22.0001 15.8026 -348.014 -22.0001 16.372 -348.234 -22.0001 16.9026 -348.583 -22.0001 17.3582 -349.039 -22.0001 17.7078 -349.569 -22.0001 17.9276 -350.139 -22.0001 18.0026 -350.139 -22.0001 20.8026 -340.139 -22.0001 20.8026 -340.139 -22.0001 7.56556 -40.1378 -22.0003 7.56556 -40.1378 -22.0003 20.8026 -40.1378 -22.0003 -20.6714 -40.1378 -22.0003 -7.43444 -340.139 -22.0001 -7.43444 -340.139 -22.0001 -20.6714 -350.139 -22.0001 -20.6714 -350.139 -22.0001 -17.8714 -349.61 -22.0001 -17.8101 -349.112 -22.0001 -17.6235 -348.672 -22.0001 -17.3227 -348.318 -22.0001 -16.9252 -348.07 -22.0001 -16.4543 -347.942 -22.0001 -15.9376 -347.942 -22.0001 -15.4053 -348.07 -22.0001 -14.8886 -348.318 -22.0001 -14.4178 -348.672 -22.0001 -14.0203 -349.112 -22.0001 -13.7195 -349.61 -22.0001 -13.5329 -40.1378 -17.0003 20.8026 -40.1378 -17.0003 7.56556 -340.139 -17.0001 7.56556 -340.139 -17.0001 20.8026 -350.139 -17.0001 20.8026 -350.139 -17.0001 18.0026 -349.569 -17.0001 17.9276 -349.039 -17.0001 17.7078 -348.583 -17.0001 17.3582 -348.233 -17.0001 16.9026 -348.014 -17.0001 16.372 -347.939 -17.0001 15.8026 -348.014 -17.0001 15.2332 -348.233 -17.0001 14.7026 -348.583 -17.0001 14.2469 -349.039 -17.0001 13.8973 -349.569 -17.0001 13.6775 -349.61 -17.0001 -13.5329 -349.112 -17.0001 -13.7195 -348.672 -17.0001 -14.0203 -348.318 -17.0001 -14.4178 -348.07 -17.0001 -14.8887 -347.942 -17.0001 -15.4053 -347.942 -17.0001 -15.9376 -348.07 -17.0001 -16.4543 -348.318 -17.0001 -16.9252 -348.672 -17.0001 -17.3227 -349.112 -17.0001 -17.6235 -349.61 -17.0001 -17.8101 -350.139 -17.0001 -17.8714 -350.139 -17.0001 -20.6714 -340.139 -17.0001 -20.6714 -340.139 -17.0001 -7.43444 -40.1378 -17.0003 -7.43444 -40.1378 -17.0003 -20.6714 -30.1388 -17.0003 18.0026 -29.5694 -17.0003 17.9276 -29.0388 -17.0003 17.7078 -28.5831 -17.0003 17.3582 -28.2335 -17.0003 16.9026 -28.0137 -17.0003 16.372 -27.9388 -17.0003 15.8026 -28.0137 -17.0003 15.2332 -28.2335 -17.0003 14.7026 -28.5831 -17.0003 14.2469 -29.0388 -17.0003 13.8973 -29.5694 -17.0003 13.6775 -30.1388 -17.0003 13.6026 -30.7082 -17.0003 13.6775 -31.2388 -17.0003 13.8973 -31.6944 -17.0003 14.2469 -32.044 -17.0003 14.7026 -32.2638 -17.0003 15.2332 -32.3388 -17.0003 15.8026 -32.2638 -17.0003 16.372 -32.044 -17.0003 16.9026 -31.6944 -17.0003 17.3582 -31.2388 -17.0003 17.7078 -30.7082 -17.0003 17.9276 -30.1262 -17.0003 -13.4715 -29.5568 -17.0003 -13.5465 -29.0262 -17.0003 -13.7662 -28.5706 -17.0003 -14.1159 -28.221 -17.0003 -14.5715 -28.0012 -17.0003 -15.1021 -27.9262 -17.0003 -15.6715 -28.0012 -17.0003 -16.2409 -28.221 -17.0003 -16.7715 -28.5706 -17.0003 -17.2271 -29.0262 -17.0003 -17.5767 -29.5568 -17.0003 -17.7965 -30.1262 -17.0003 -17.8715 -30.6956 -17.0003 -17.7965 -31.2262 -17.0003 -17.5767 -31.6819 -17.0003 -17.2271 -32.0315 -17.0003 -16.7715 -32.2513 -17.0003 -16.2409 -32.3262 -17.0003 -15.6715 -32.2513 -17.0003 -15.1021 -32.0315 -17.0003 -14.5715 -31.6819 -17.0003 -14.1159 -31.2262 -17.0003 -13.7662 -30.6956 -17.0003 -13.5465</float_array>
          <technique_common>
            <accessor source="#geometry_01b0d4d9_8c22_48bc_b1f9_2a0e74ea27a6-mesh-positions-array" count="7156" stride="3">
              <param name="X" type="float"/>
              <param name="Y" type="float"/>
              <param name="Z" type="float"/>
            </accessor>
          </technique_common>
        </source>
        <source id="geometry_01b0d4d9_8c22_48bc_b1f9_2a0e74ea27a6-mesh-normals">
          <float_array id="geometry_01b0d4d9_8c22_48bc_b1f9_2a0e74ea27a6-mesh-normals-array" count="6507">0 0 1 0 0 -1 0 1 0 -0.98741 -0.158073 -0.00595753 -0.971662 -0.224919 -0.072702 -0.965054 -0.242921 -0.0982853 -0.938605 -0.32178 -0.124412 -0.933109 -0.318201 -0.167498 -0.872634 -0.4355 -0.221019 -0.863612 -0.435691 -0.253669 -0.788788 -0.533349 -0.305537 -0.777194 -0.534541 -0.332015 -0.671993 -0.630728 -0.388081 -0.658694 -0.628139 -0.414201 -0.513897 -0.717069 -0.470874 -0.498702 -0.713625 -0.491971 -0.326811 -0.778176 -0.536317 -0.310251 -0.772825 -0.553612 -0.158432 -0.802086 -0.575811 -0.136528 -0.730711 -0.668896 -0.979655 -0.176393 0.0957205 -0.975245 -0.201468 0.0911439 -0.976897 -0.191348 0.0951793 -0.909556 -0.358337 0.210482 -0.930616 -0.286167 0.228171 -0.843615 -0.409491 0.347319 -0.863333 -0.359686 0.353952 -0.759035 -0.456167 0.464519 -0.77961 -0.41743 0.466863 -0.640421 -0.504578 0.579018 -0.664215 -0.4664 0.584199 -0.482456 -0.539424 0.690114 -0.508232 -0.508564 0.695027 -0.296279 -0.557466 0.775532 -0.324398 -0.531648 0.782379 -0.175883 -0.54921 0.816966 -0.13975 -0.63128 0.76286 -0.878569 -0.423641 0.220555 -0.903794 -0.276098 0.326995 -0.819679 -0.437679 0.369545 -0.755732 -0.405338 0.514364 -0.757174 -0.400653 0.515912 -0.779513 -0.361087 0.511835 -0.755941 -0.39852 0.51936 -0.616923 -0.491194 0.614926 -0.639416 -0.426004 0.640052 -0.666235 -0.384973 0.638691 -0.59971 -0.399081 0.693601 -0.460859 -0.500853 0.732636 -0.48225 -0.437153 0.759166 -0.51224 -0.40244 0.758717 -0.410084 -0.37016 0.833555 -0.272871 -0.507342 0.817402 -0.29603 -0.435064 0.850345 -0.330097 -0.40414 0.853058 -0.190946 -0.31783 0.928722 -0.143892 -0.415288 0.898238 -0.0357784 -0.349233 0.936353 -0.177697 -0.398619 0.899737 -0.140307 -0.502897 0.852882 -0.16982 -0.666815 0.725616 -0.13017 -0.739893 0.660011 -0.159296 -0.770218 0.617567 -0.117332 -0.83142 0.543115 -0.149308 -0.859165 0.489431 -0.106252 -0.906096 0.409512 -0.143534 -0.930072 0.338178 -0.0999818 -0.96139 0.256384 -0.142899 -0.976183 0.163237 -0.0983102 -0.991718 0.0826502 -0.136964 -0.990499 -0.0123743 -0.0982767 -0.989886 -0.102315 -0.134829 -0.975977 -0.171145 -0.103081 -0.956443 -0.273113 -0.133486 -0.939102 -0.316653 -0.113711 -0.898925 -0.423088 -0.134904 -0.884826 -0.445965 -0.130461 -0.822495 -0.553609 -0.176592 -0.690681 -0.701267 -0.143548 -0.621284 -0.770325 -0.186036 -0.562514 -0.805586 -0.143241 -0.491611 -0.858953 -0.18192 -0.413713 -0.892047 -0.158017 -0.379597 -0.911558 -0.150749 -0.393955 -0.906683 -0.0357629 -0.336044 -0.941167 -0.280386 -0.473327 -0.835072 -0.301402 -0.443113 -0.84428 -0.449596 -0.43084 -0.782458 -0.463338 -0.483388 -0.742734 -0.584231 -0.422607 -0.692876 -0.612424 -0.494191 -0.617019 -0.702032 -0.412535 -0.580488 -0.732837 -0.464084 -0.497569 -0.805355 -0.384083 -0.451535 -0.814789 -0.445144 -0.371438 -0.892603 -0.330839 -0.306276 -0.876163 -0.426484 -0.22461 -0.964667 -0.219595 -0.145584 -0.959969 -0.243952 -0.13765 -0.959649 -0.246687 -0.134977 -0.924192 -0.330786 -0.190919 -0.927729 -0.310635 -0.206943 -0.866062 -0.416842 -0.276006 -0.931979 -0.32638 -0.157773 -0.960645 -0.249665 -0.121775 -0.994955 -0.0950903 -0.0319813 -0.944917 -0.32027 -0.0675204 -0.942117 -0.322898 -0.0902914 -0.879939 -0.459839 -0.119397 -0.875844 -0.462954 -0.136275 -0.797044 -0.580905 -0.165136 -0.792188 -0.583723 -0.178062 -0.681342 -0.701374 -0.209401 -0.67568 -0.702664 -0.222979 -0.5238 -0.812846 -0.254784 -0.517272 -0.813348 -0.266262 -0.336065 -0.895576 -0.291555 -0.328608 -0.894883 -0.301995 -0.984498 -0.173855 0.0231958 -0.980054 -0.192499 0.0493743 -0.939626 -0.334472 0.0723262 -0.941906 -0.307601 0.134889 -0.866229 -0.462112 0.189998 -0.871307 -0.414071 0.263379 -0.772892 -0.53775 0.336842 -0.782553 -0.46663 0.412151 -0.645953 -0.570762 0.506927 -0.976739 -0.192622 0.0942229 -0.917693 -0.356202 0.175956 -0.934429 -0.293639 0.201541 -0.85014 -0.433432 0.298996 -0.866869 -0.388759 0.312096 -0.764861 -0.501392 0.404467 -0.920314 -0.287044 -0.26576 -0.916714 -0.330294 -0.224814 -0.92316 -0.300262 -0.240039 -0.850457 -0.33459 -0.405921 -0.854735 -0.362057 -0.371945 -0.851917 -0.375329 -0.365193 -0.859464 -0.393448 -0.326375 -0.85684 -0.408824 -0.314148 -0.764318 -0.368186 -0.529392 -0.774179 -0.389237 -0.499141 -0.764659 -0.434196 -0.476204 -0.776662 -0.44702 -0.443813 -0.769572 -0.48935 -0.410237 -0.782154 -0.494326 -0.379312 -0.647204 -0.390701 -0.654584 -0.660243 -0.416844 -0.624756 -0.646022 -0.4837 -0.5905 -0.66079 -0.501274 -0.558642 -0.650585 -0.562414 -0.510324 -0.665489 -0.571792 -0.479769 -0.300994 -0.406271 -0.862755 -0.488149 -0.406565 -0.77228 -0.506821 -0.430876 -0.746645 -0.486365 -0.526225 -0.697522 -0.505001 -0.542336 -0.67145 -0.490563 -0.627932 -0.604193 -0.508033 -0.637016 -0.579753 -0.300374 -0.663362 0.685366 -0.32338 -0.64243 0.694772 -0.307313 -0.754854 0.579443 -0.325877 -0.738576 0.590178 -0.316151 -0.832006 0.455867 -0.330603 -0.820314 0.466677 -0.325686 -0.89225 0.31276 -0.335886 -0.885157 0.321991 -0.334121 -0.930508 0.150061 -0.339366 -0.927722 0.155442 -0.339542 -0.940523 -0.0112847 -0.33916 -0.940655 -0.011789 -0.339345 -0.92746 -0.157046 -0.334986 -0.928007 -0.163057 -0.487243 -0.627289 0.607539 -0.508781 -0.60114 0.616258 -0.495115 -0.702357 0.511425 -0.512486 -0.681544 0.522356 -0.504609 -0.764817 0.400532 -0.517864 -0.749778 0.411886 -0.51418 -0.812852 0.273662 -0.523227 -0.803718 0.28332 -0.522052 -0.842812 0.130881 -0.52654 -0.839135 0.13641 -0.526901 -0.849869 -0.00992971 -0.526695 -0.849992 -0.0102618 -0.526778 -0.838866 -0.137144 -0.523166 -0.840097 -0.1433 -0.976489 -0.197359 0.0867057 -0.926185 -0.349276 0.142086 -0.938326 -0.300671 0.170706 -0.858194 -0.450206 0.246611 -0.86162 -0.326542 0.388562 -0.903848 -0.351691 0.243665 -0.927241 -0.278788 0.250005 -0.840261 -0.37677 0.38988 -0.666031 -0.537603 0.517093 -0.654224 -0.626081 0.424281 -0.78707 -0.509412 0.347881 -0.78145 -0.566602 0.261338 -0.875733 -0.436128 0.207083 -0.873206 -0.470099 0.128522 -0.944652 -0.314451 0.0935549 -0.94382 -0.32867 0.0343555 -0.670368 -0.59938 0.437435 -0.933603 -0.341771 0.1076 -0.977379 -0.199217 0.0710179 -0.663668 -0.670966 0.330681 -0.675704 -0.651842 0.344277 -0.672598 -0.704966 0.225023 -0.680678 -0.693359 0.236498 -0.679678 -0.725593 0.107488 -0.683534 -0.720988 0.11383 -0.683866 -0.72956 -0.00835333 -0.68374 -0.729674 -0.00862506 -0.683866 -0.720823 -0.112877 -0.680799 -0.722586 -0.119927 -0.989344 -0.145586 -0.0018637 -0.946116 -0.323808 -0.00350884 -0.946099 -0.323856 -0.00362256 -0.881458 -0.472235 -0.00509567 -0.881372 -0.472392 -0.00539999 -0.799115 -0.601141 -0.00672641 -0.798995 -0.601297 -0.00700435 -0.792184 -0.54557 0.273493 -0.789464 -0.587557 0.177547 -0.879405 -0.454183 0.142706 -0.878448 -0.473896 0.0612453 -0.946101 -0.320624 0.0457558 -0.796472 -0.57477 0.187807 -0.992825 -0.117848 -0.0202343 -0.946301 -0.32114 -0.0372042 -0.944639 -0.324375 -0.0493707 -0.881587 -0.467496 -0.0652131 -0.879428 -0.470321 -0.0735158 -0.799163 -0.594455 -0.0892331 -0.796504 -0.596979 -0.095901 -0.798923 -0.594564 0.0906427 -0.795481 -0.600033 0.0846805 -0.88137 -0.467349 0.06907 -0.32148 -0.845681 -0.425999 -0.331287 -0.848675 -0.412311 -0.510197 -0.773078 -0.376896 -0.519086 -0.774737 -0.361016 -0.669285 -0.672378 -0.316172 -0.677074 -0.673374 -0.29688 -0.786644 -0.563388 -0.252558 -0.793364 -0.562079 -0.233755 -0.942268 -0.32107 -0.0951063 -0.871324 -0.451221 -0.19286 -0.87668 -0.450348 -0.169171 -0.938782 -0.319994 -0.127642 -0.32228 -0.680643 -0.657921 -0.321074 -0.56593 -0.759365 -0.302867 -0.670175 -0.677596 -0.32484 -0.431499 -0.841598 -0.29928 -0.548981 -0.780417 0 -0.999819 -0.019024 4.65144e-05 -0.999819 -0.0190204 0.000235089 -0.999802 -0.0198921 0.000161603 -0.999756 -0.0220824 0 -0.999756 -0.0220824 0 -0.999991 0.0042208 -0.000173287 -0.999991 0.0042208 -0.000155011 -0.999988 0.00492076 0 -0.999988 0.00493299 8.66203e-05 -0.999834 -0.0182126 6.24572e-05 -0.999858 -0.0168215 3.70671e-05 -0.999887 -0.015049 1.53256e-05 -0.999916 -0.0129652 1.69669e-06 -0.999943 -0.0106719 -2.52516e-06 -0.999976 -0.00690566 2.92081e-05 -0.999994 -0.00351464 5.00011e-05 -0.999998 -0.00187875 7.38171e-05 -1 -0.00038003 0.000100771 -0.999999 0.00105308 0.000127234 -0.999997 0.00229203 0.000152194 -0.999994 0.00335564 0.000175526 -0.999991 0.00428646 0.000205831 -0.999985 0.00544716 0.000173248 -0.999991 0.00422079 0.00017341 -0.999991 0.0042146 -0.000387574 -0.999669 0.0257427 0 -0.999991 0.00422829 -0.000458074 -0.997631 0.0687961 7.83218e-05 -0.998371 0.0570555 -0.000101085 -0.999533 0.0305686 0 -0.999533 0.0305686 0.000101085 -0.999533 0.0305686 0.000387574 -0.999669 0.0257427 -0.000332128 -0.993644 0.112564 -0.000218192 -0.993842 0.110807 0.000130613 -0.996485 0.0837675 0 -0.996485 0.0837675 -0.000130613 -0.996485 0.0837675 0.000458074 -0.997631 0.0687961 0.000167732 -0.990395 0.138266 -0.00044933 -0.987525 0.15746 0 -0.986084 0.166247 0.00044933 -0.987525 0.15746 -0.000167731 -0.990395 0.138266 0.000332128 -0.993644 0.112564 0.000218192 -0.993842 0.110807 -0.000195206 -0.999987 0.00504581 -0.000159751 -0.999993 0.00366859 -0.00012486 -0.999998 0.00220044 -8.72326e-05 -1 0.000386562 -5.16419e-05 -0.999999 -0.00172285 -2.30773e-05 -0.999992 -0.00402781 5.38159e-06 -0.99997 -0.00778507 -4.48911e-06 -0.999938 -0.0111829 -1.46282e-05 -0.999918 -0.0128022 -2.88224e-05 -0.999898 -0.0143044 -4.61246e-05 -0.999877 -0.0157023 -6.40323e-05 -0.999857 -0.0169006 -8.14833e-05 -0.999839 -0.0179231 -9.7847e-05 -0.999823 -0.0187987 -0.000162701 -0.999756 -0.0220824 -0.000229424 -0.999799 -0.020067 0.000443329 -0.999166 -0.0408271 -3.8264e-05 -0.999819 -0.019021 0.000465293 -0.99641 -0.0846531 -2.59861e-05 -0.99719 -0.0749175 2.78688e-05 -0.998827 -0.0484309 0 -0.998827 -0.0484309 -2.78688e-05 -0.998827 -0.0484309 -0.000443329 -0.999166 -0.0408271 0.000320547 -0.991619 -0.1292 0.000284679 -0.991687 -0.128673 -0.000149511 -0.994822 -0.101633 0 -0.994822 -0.101633 0.000149511 -0.994822 -0.101633 -0.000465293 -0.99641 -0.0846531 -0.000161965 -0.987736 -0.156134 0.000471666 -0.984585 -0.174905 0 -0.982904 -0.184116 -0.000471666 -0.984585 -0.174905 0.000161965 -0.987736 -0.156134 -0.000320546 -0.991619 -0.1292 -0.000284679 -0.991687 -0.128673 2.59861e-05 -0.99719 -0.0749175 -7.83219e-05 -0.998371 0.0570555 0 -0.998371 0.0570555 0 -0.993842 0.110807 0 -0.990395 0.138266 0 -0.99719 -0.0749175 0 -0.991687 -0.128673 0 -0.987736 -0.156134 -0.000527523 -0.334819 -0.942282 0.000761847 -0.130524 -0.991445 0 -0.124166 -0.992261 -0.000695835 -0.118189 -0.992991 0.000697991 0.130524 -0.991445 -0.000653104 0.142069 -0.989857 0.000654103 0.382683 -0.92388 -0.000609518 0.392699 -0.919667 0.000610903 0.608758 -0.793355 -0.000566422 0.616734 -0.787171 0.00056631 0.793356 -0.608758 -0.000521528 0.798981 -0.601357 0.000522986 0.923881 -0.382681 -0.000477082 0.927107 -0.374795 0.000478792 0.991444 -0.13053 -0.000432448 0.992425 -0.122853 0.000433957 0.991444 0.13053 -0.000387491 0.990512 0.137423 0.000389114 0.923881 0.382681 -0.000342528 0.921499 0.38838 0.000343803 0.793353 0.608761 -0.000297017 0.790059 0.613031 0.000298145 0.608762 0.793353 -0.0002513 0.605098 0.796151 0.000252141 0.382683 0.92388 -0.000205495 0.379143 0.925338 0.000206173 0.13053 0.991444 -0.000159698 0.127504 0.991838 0.000159072 -0.13053 0.991444 -0.00011233 -0.132767 0.991147 0 -0.25955 0.96573 8.30253e-05 -0.348001 0.937494 0.00297202 -0.382679 0.923877 -0.00351792 -0.50398 0.863708 0.000264151 -0.608765 0.79335 -0.00293438 -0.634949 0.772549 -0.00548356 -0.744811 0.667253 -0.000677305 -0.793353 0.608761 -0.00535371 -0.836507 0.547931 -0.00265083 -0.910978 0.412446 0.000506935 -0.923878 0.382686 -0.00329391 -0.966151 0.257956 0.00329063 -0.99144 0.130524 -0.00032079 -0.996539 0.083128 0.000335825 -0.994694 -0.102873 0.00263836 -0.991442 -0.130524 -0.00380129 -0.961476 -0.274862 0.000301042 -0.923878 -0.382686 -0.00402308 -0.904484 -0.426489 -0.00558944 -0.828791 -0.55953 -0.00134461 -0.793355 -0.608758 -0.00631843 -0.73609 -0.676854 -0.00214337 -0.60876 -0.793352 -4.46379e-05 -0.625042 -0.780591 -0.00366681 -0.492673 -0.870207 0.00308014 -0.382679 -0.923876 1 0 0 0.987409 -0.158144 0.00363474 0.971775 -0.225588 0.0690205 0.964928 -0.244626 0.0952473 0.938627 -0.32337 0.120045 0.933135 -0.32043 0.163047 0.872553 -0.438709 0.214909 0.863613 -0.439371 0.247239 0.788788 -0.53778 0.297667 0.777196 -0.539362 0.324121 0.67203 -0.636335 0.378751 0.658732 -0.634132 0.404906 0.513862 -0.723931 0.460294 0.498669 -0.720797 0.481437 0.326834 -0.78597 0.524814 0.310246 -0.780866 0.542214 0.15842 -0.810456 0.563972 0.136521 -0.740466 0.658082 0.979627 -0.175086 -0.0983643 0.975308 -0.199735 -0.094239 0.97684 -0.19029 -0.0978455 0.909475 -0.355504 -0.215573 0.93054 -0.283171 -0.232185 0.843523 -0.404678 -0.353135 0.863422 -0.354344 -0.359086 0.758982 -0.449328 -0.471223 0.779557 -0.410563 -0.473 0.640427 -0.49601 -0.586368 0.664219 -0.457764 -0.590987 0.48248 -0.529218 -0.697955 0.508265 -0.498279 -0.702413 0.296266 -0.546004 -0.783649 0.324401 -0.52007 -0.790121 0.175861 -0.537135 -0.82496 0.139726 -0.620006 -0.772055 0.878635 -0.420247 -0.2267 0.90386 -0.271015 -0.331041 0.819647 -0.432185 -0.376024 0.755694 -0.397718 -0.520334 0.757159 -0.392933 -0.521837 0.779476 -0.353463 -0.517185 0.755899 -0.390969 -0.525129 0.616933 -0.482175 -0.622014 0.639482 -0.416459 -0.646238 0.666241 -0.375541 -0.644277 0.599709 -0.388847 -0.699391 0.460892 -0.490012 -0.73991 0.482281 -0.425939 -0.765494 0.512266 -0.391245 -0.764533 0.410088 -0.35779 -0.838936 0.272902 -0.4952 -0.824804 0.296035 -0.422523 -0.856643 0.330073 -0.391589 -0.8589 0.190969 -0.304071 -0.933312 0.143872 -0.402058 -0.90424 0.0357724 -0.335432 -0.941385 0.177695 -0.385362 -0.905495 0.140304 -0.490317 -0.860177 0.169781 -0.656072 -0.735352 0.130141 -0.730105 -0.670828 0.159287 -0.761078 -0.628798 0.117343 -0.82334 -0.555285 0.149325 -0.851875 -0.502007 0.106261 -0.899982 -0.422778 0.143535 -0.924997 -0.35182 0.09998 -0.957518 -0.270485 0.142911 -0.973683 -0.177535 0.0983345 -0.990394 -0.0972167 0.136981 -0.990571 -0.00221716 0.0982772 -0.991282 0.0877606 0.134831 -0.978385 0.156792 0.103084 -0.960353 0.259029 0.133486 -0.943655 0.302813 0.11371 -0.905042 0.409841 0.134896 -0.891284 0.432917 0.130453 -0.830536 0.541472 0.17658 -0.700918 0.691038 0.143544 -0.632557 0.761096 0.186052 -0.574287 0.797232 0.143247 -0.504166 0.851644 0.181914 -0.426785 0.885868 0.158016 -0.392966 0.905874 0.150744 -0.407256 0.900788 0.0357626 -0.349846 0.936124 0.280374 -0.485599 0.828 0.301444 -0.455447 0.837675 0.449561 -0.442275 0.776072 0.463333 -0.494359 0.73548 0.584169 -0.432917 0.686534 0.612322 -0.503302 0.609712 0.702096 -0.420968 0.574323 0.732901 -0.471289 0.490656 0.805354 -0.390683 0.445837 0.814787 -0.450553 0.364863 0.892605 -0.335297 0.301384 0.876163 -0.429741 0.218314 0.964607 -0.221925 0.142418 0.959996 -0.245719 0.134278 0.959626 -0.248835 0.131141 0.924151 -0.333764 0.185866 0.927728 -0.313647 0.202353 0.866062 -0.420856 0.269846 0.931977 -0.328668 0.152955 0.960602 -0.251565 0.11815 0.994915 -0.096027 0.0303774 0.944949 -0.321186 0.0625411 0.942118 -0.324185 0.0855438 0.879855 -0.461694 0.112668 0.875798 -0.465025 0.129345 0.797141 -0.583176 0.156435 0.792235 -0.586216 0.169454 0.681345 -0.704371 0.199075 0.675649 -0.705869 0.212714 0.523769 -0.816503 0.242878 0.517237 -0.817172 0.254353 0.336055 -0.899751 0.278415 0.328654 -0.899216 0.288785 0.984564 -0.173188 -0.0253017 0.980005 -0.191934 -0.0524569 0.93964 -0.333286 -0.0774371 0.941905 -0.305656 -0.139246 0.866172 -0.459424 -0.196664 0.871266 -0.410217 -0.269477 0.772897 -0.532735 -0.344709 0.782556 -0.460515 -0.418965 0.645959 -0.563242 -0.515262 0.976714 -0.191317 -0.0970971 0.917652 -0.353659 -0.181216 0.934485 -0.290321 -0.206037 0.850297 -0.428602 -0.305443 0.866817 -0.384285 -0.317732 0.764783 -0.495541 -0.41176 0.920314 -0.290923 0.261508 0.916742 -0.33334 0.220156 0.923121 -0.303825 0.235667 0.850455 -0.340517 0.400967 0.854734 -0.36749 0.366579 0.851942 -0.380544 0.359695 0.859511 -0.398139 0.320509 0.85687 -0.413424 0.307983 0.764349 -0.375975 0.523845 0.774182 -0.396523 0.493368 0.764678 -0.441071 0.469812 0.776673 -0.453408 0.437266 0.769559 -0.49539 0.402949 0.78215 -0.499915 0.371923 0.647144 -0.400252 0.648847 0.660227 -0.426042 0.618537 0.646017 -0.492327 0.583332 0.660756 -0.509396 0.551288 0.650552 -0.569834 0.502067 0.665523 -0.578801 0.471241 0.300996 -0.418913 0.856687 0.488196 -0.417832 0.766213 0.506864 -0.441755 0.740231 0.486391 -0.536445 0.689674 0.504998 -0.552145 0.66341 0.490561 -0.636737 0.594908 0.508004 -0.645448 0.570377 0.300375 -0.653219 -0.695039 0.323409 -0.632125 -0.704148 0.307334 -0.746272 -0.590445 0.325879 -0.729857 -0.600926 0.31616 -0.825196 -0.468075 0.33058 -0.813371 -0.47869 0.325663 -0.887563 -0.325846 0.335881 -0.880322 -0.334989 0.334114 -0.928211 -0.163683 0.33934 -0.925358 -0.169002 0.339514 -0.940597 -0.0025789 0.339155 -0.940728 -0.0021056 0.339342 -0.929666 0.14342 0.334978 -0.930301 0.149429 0.487273 -0.618282 -0.616678 0.508813 -0.592006 -0.625011 0.495147 -0.694749 -0.521684 0.512476 -0.673829 -0.532281 0.504598 -0.758858 -0.411723 0.5179 -0.743599 -0.422895 0.514219 -0.80872 -0.28557 0.52327 -0.799441 -0.295097 0.522096 -0.840771 -0.143252 0.526543 -0.837047 -0.148676 0.526901 -0.849923 -0.00256486 0.526728 -0.850031 -0.00228832 0.526816 -0.840778 0.124732 0.523138 -0.842123 0.130981 0.976455 -0.196314 -0.0894213 0.926187 -0.347238 -0.146981 0.938392 -0.297974 -0.175021 0.858146 -0.446607 -0.253235 0.86164 -0.320667 -0.393383 0.904007 -0.347634 -0.248841 0.927242 -0.27508 -0.254073 0.840208 -0.371043 -0.395445 0.666031 -0.529948 -0.524936 0.654234 -0.619729 -0.433491 0.787121 -0.504139 -0.355366 0.7815 -0.56264 -0.269618 0.875737 -0.433029 -0.213472 0.873212 -0.468143 -0.135437 0.944624 -0.313117 -0.0982008 0.943774 -0.328307 -0.0388 0.670334 -0.59291 -0.446218 0.933696 -0.33985 -0.112753 0.977318 -0.19834 -0.0742281 0.663619 -0.666147 -0.34038 0.675747 -0.646681 -0.353795 0.672652 -0.701485 -0.235495 0.680641 -0.689841 -0.246673 0.679632 -0.723999 -0.118005 0.68357 -0.719204 -0.124411 0.68391 -0.729562 -0.00254874 0.683702 -0.729759 -0.00210259 0.683827 -0.72244 0.102279 0.680799 -0.724283 0.109213 0.989235 -0.146333 -0.000779477 0.946189 -0.323611 -0.00172379 0.946045 -0.324035 -0.000770591 0.881404 -0.472361 -0.00149616 0.881456 -0.472264 -0.00167713 0.79907 -0.601234 -0.00223219 0.798987 -0.601345 -0.00204104 0.792129 -0.541643 -0.281344 0.789414 -0.584915 -0.186281 0.879441 -0.451935 -0.149459 0.878495 -0.472842 -0.0683247 0.946159 -0.319726 -0.050587 0.796461 -0.571903 -0.196412 0.992863 -0.117784 0.0187392 0.946236 -0.321816 0.0327498 0.944664 -0.325046 0.0442182 0.881682 -0.468271 0.057963 0.879352 -0.471452 0.0668796 0.799154 -0.59568 0.080732 0.796599 -0.5982 0.0871046 0.79888 -0.593251 -0.0992132 0.795471 -0.598753 -0.0933899 0.881332 -0.466374 -0.0758286 0.321502 -0.851842 0.413524 0.331334 -0.85464 0.39976 0.510158 -0.778574 0.365459 0.519048 -0.780001 0.349553 0.669317 -0.676955 0.306182 0.677038 -0.67766 0.287047 0.786651 -0.566988 0.244344 0.79341 -0.565394 0.225455 0.942261 -0.322525 0.0901179 0.871234 -0.454154 0.186265 0.876638 -0.452923 0.16238 0.938774 -0.321928 0.122747 0.322274 -0.690233 0.647857 0.321082 -0.577052 0.750945 0.302877 -0.680064 0.667667 0.324821 -0.443806 0.835181 0.299259 -0.560391 0.772273 -8.36063e-05 -0.348612 0.937267 0.000115485 -0.132793 0.991144 0 -0.132767 0.991147 -0.00291607 -0.382679 0.923877 0.0036744 -0.505403 0.862876 -2.33841e-05 -0.608765 0.793351 0.0033776 -0.636507 0.771263 0.0059689 -0.745959 0.665965 0.00129302 -0.793353 0.608761 0.00603595 -0.836924 0.547286 0.00338274 -0.91065 0.413165 0.000149321 -0.923878 0.382686 0.00386705 -0.965413 0.260696 -0.00287334 -0.991441 0.130524 0.000343224 -0.996098 0.0882479 -0.000322628 -0.995209 -0.0977661 -0.00305406 -0.99144 -0.130524 0.00324756 -0.962258 -0.27212 -0.000958977 -0.923878 -0.382686 0.00329653 -0.904818 -0.425786 0.0049014 -0.82836 -0.560175 0.00072515 -0.793355 -0.608758 0.00582115 -0.734923 -0.678126 0.00219355 -0.623517 -0.781806 0.000269962 -0.608761 -0.793353 0.0034986 -0.491232 -0.871022 -0.00313821 -0.382679 -0.923876 0.000523561 -0.334208 -0.942499 -0.000761849 -0.130524 -0.991445 0.000695833 -0.118189 -0.992991 -0.000697988 0.130524 -0.991445 0.000653102 0.142069 -0.989857 -0.000654101 0.382683 -0.92388 0.000609516 0.392699 -0.919667 -0.000610901 0.608758 -0.793355 0.00056642 0.616734 -0.787171 -0.000566308 0.793356 -0.608758 0.000521526 0.798981 -0.601357 -0.000522984 0.92388 -0.382681 0.00047708 0.927108 -0.374795 -0.000478791 0.991444 -0.13053 0.000432446 0.992425 -0.122853 -0.000433956 0.991444 0.13053 0.00038749 0.990512 0.137423 -0.000389113 0.923881 0.382681 0.000342527 0.921499 0.38838 -0.000343802 0.793353 0.608761 0.000297016 0.790059 0.613031 -0.000298144 0.608762 0.793353 0.000251299 0.605098 0.796151 -0.00025214 0.382683 0.92388 0.000205494 0.379143 0.925338 -0.000206172 0.13053 0.991444 0.000159697 0.127504 0.991838 -0.000159071 -0.13053 0.991444 -1 0 0 0 0.997917 0.064518 0 0.981302 0.192475 0 0.948349 0.31723 0 0.899605 0.436704 0 0.869557 0.493832 0.00116756 0.730164 0.683271 0 0.746068 0.665869 0 0.832487 0.554044 0 0.776623 0.629965 0.000389454 0.791257 0.611484 -0.00116749 0.845315 0.534267 -0.000389453 0.791257 0.611484 0 0.80545 0.592663 0 0.845315 0.534268 0.0002336 0.821887 0.569651 0 0.730165 0.683271 -0.000233613 0.758498 0.651675 0 0.89961 -0.436694 0 0.948351 -0.317222 0 0.981303 -0.192471 0 0.997917 -0.0645164 0 0.869563 -0.493822 -0.00089289 0.76807 -0.640365 0 0.779379 -0.626553 0 0.822087 -0.569362 -0.000127584 0.834935 -0.550348 0 0.851385 -0.524542 0.000297658 0.811796 -0.583941 0.000892857 0.851384 -0.524542 0 0.841886 -0.539655 0 0.801247 -0.598334 0.000127588 0.787306 -0.616562 0 0.768071 -0.640365 -0.000297658 0.811796 -0.583941 -0.995189 0.0979719 0 -0.956912 0.290377 0 -0.881927 0.471385 0 -0.773045 0.634352 0 -0.63441 0.772997 0 -0.471387 0.881926 0 -0.290301 0.956935 0 -0.146708 0.98918 0 -0.0490868 0.998794 0 -0.0490739 -0.998795 0 -0.146721 -0.989178 0 -0.290298 -0.956936 0 -0.471385 -0.881928 0 -0.63441 -0.772997 0 -0.773047 -0.634348 0 -0.881926 -0.471388 0 -0.956912 -0.290379 0 -0.995189 -0.0979706 0 -0.149259 -0.988797 -0.00131459 -0.146512 -0.989208 -0.00143557 -0.290612 -0.95684 0.00115152 -0.382697 -0.923871 -0.00232627 -0.471875 -0.881664 0.00118179 -0.608751 -0.79336 -0.00179085 -0.634414 -0.772994 0 -0.773042 -0.634355 0 -0.793246 -0.608898 -0.00192454 -0.882483 -0.470343 0.00133534 -0.923939 -0.382529 -0.00271227 -0.957307 -0.289071 0.00142545 -0.994905 -0.100776 -0.00283242 -0.991453 -0.130464 0 -0.923943 -0.382531 0 -0.793248 -0.608899 0 -0.608752 -0.793361 0 -0.382698 -0.923873 0 -0.130536 -0.991444 0 -0.0490868 -0.998794 0 -0.988078 0.153944 -0.00164923 -0.957307 0.28907 0.00142541 -0.923941 0.382526 -0.00271227 -0.882481 0.470346 0.00133564 -0.793243 0.608903 -0.00192419 -0.634414 0.772993 0 -0.608754 0.793357 -0.00179064 -0.471866 0.88167 0.0011823 -0.382693 0.923873 -0.00232547 -0.29063 0.956835 0.00115152 -0.1465 0.98921 -0.00143614 -0.0488196 0.998791 -0.00570018 -0.130546 0.991442 0 -0.382694 0.923875 0 -0.608755 0.793359 0 -0.793244 0.608904 0 -0.923944 0.382527 0 -0.991453 0.130465 0 -0.995189 0 -0.09797 -0.956912 0 -0.290379 -0.881927 0 -0.471385 -0.773042 0 -0.634355 -0.634414 0 -0.772993 -0.471395 0 -0.881922 -0.290298 0 -0.956936 -0.146708 0 -0.98918 -0.049048 0 -0.998796 -0.0490739 0 0.998795 -0.146708 0 0.98918 -0.290312 0 0.956932 -0.471385 0 0.881928 -0.634406 0 0.773 -0.773047 0 0.634348 -0.881927 0 0.471385 -0.956912 0 0.290379 -0.995189 0 0.0979713 -0.988078 -0.153943 0.00164925 -0.957307 -0.289071 -0.00142545 -0.923939 -0.382529 0.00271227 -0.882483 -0.470343 -0.00133534 -0.793246 -0.608898 0.00192454 -0.608751 -0.79336 0.00179085 -0.471875 -0.881664 -0.00118179 -0.382697 -0.923871 0.00232626 -0.290612 -0.95684 -0.00115152 -0.146512 -0.989208 0.00143557 -0.0487938 -0.998793 0.00570129 -0.991307 -0.0171726 0.130444 -0.991307 -0.0503492 0.121555 -0.991307 -0.0503505 0.121556 -0.991307 -0.0800955 0.104382 -0.991307 -0.0800938 0.104382 -0.991307 -0.104381 0.0800943 -0.991307 -0.121555 0.0503499 -0.991307 -0.130445 0.0171727 -0.922773 -0.382048 0.050296 -0.790711 -0.606952 0.0799056 -0.605458 -0.789068 0.103882 -0.379896 -0.917116 0.120739 -0.379899 -0.917114 0.12074 -0.129444 -0.983104 0.129428 -0.922773 -0.0502962 0.382047 -0.92277 -0.147469 0.356018 -0.922772 -0.147462 0.356014 -0.922773 -0.234582 0.305716 -0.922772 -0.305717 0.234583 -0.922773 -0.305713 0.234583 -0.922774 -0.356009 0.147466 -0.790711 -0.0799154 0.606951 -0.790722 -0.0799023 0.606939 -0.790722 -0.234264 0.565578 -0.790714 -0.234276 0.565585 -0.790713 -0.372675 0.485681 -0.790712 -0.372676 0.485682 -0.790712 -0.485681 0.372678 -0.790711 -0.565589 0.234275 -0.605461 -0.103879 0.789066 -0.605455 -0.304573 0.735295 -0.605461 -0.304568 0.735293 -0.605461 -0.484498 0.63141 -0.605456 -0.631411 0.484502 -0.605456 -0.735296 0.30457 -0.379895 -0.120741 0.917116 -0.379899 -0.120738 0.917115 -0.379899 -0.353992 0.854615 -0.379885 -0.354001 0.854617 -0.379886 -0.563128 0.733876 -0.379906 -0.563114 0.733876 -0.379905 -0.733871 0.563121 -0.379892 -0.73388 0.563119 -0.379894 -0.854617 0.353994 -0.379898 -0.854614 0.353995 -0.129438 -0.129426 0.983105 -0.129444 -0.129423 0.983104 -0.129444 -0.379471 0.916104 -0.129447 -0.379469 0.916104 -0.129446 -0.603634 0.786683 -0.129441 -0.603637 0.786682 -0.129441 -0.786683 0.603635 -0.129452 -0.786678 0.603639 -0.129451 -0.916105 0.379466 -0.129444 -0.916107 0.379463 -0.0490998 0 0.998794 -0.149253 -0.00131418 0.988798 -0.1465 -0.00143547 0.98921 -0.290618 0.00115196 0.956838 -0.382693 -0.00232548 0.923873 -0.471866 0.00118231 0.88167 -0.608754 -0.00179065 0.793357 -0.634414 0 0.772993 -0.773042 0 0.634355 -0.793246 -0.00192455 0.608898 -0.882481 0.00133528 0.470346 -0.923939 -0.00271244 0.382529 -0.957308 0.00142558 0.289066 -0.994905 -0.00283232 0.100777 -0.991453 0 0.130464 -0.923943 0 0.382531 -0.793248 0 0.608899 -0.608755 0 0.793359 -0.382694 0 0.923875 -0.130536 0 0.991444 -0.0490998 0.998794 0 -0.17901 0.983847 0 -0.14691 0.989149 -0.00138845 -0.28999 0.957029 0.00110757 -0.382693 0.923873 -0.00219335 -0.470936 0.882167 0.00107891 -0.608742 0.793367 -0.00160768 -0.634399 0.773006 0 -0.773052 0.634342 0 -0.793251 0.608894 -0.00149166 -0.881509 0.472166 0.00100396 -0.923941 0.38253 -0.00191533 -0.95665 0.29124 0.000940069 -0.988599 0.150571 -0.00109878 -0.995368 0.0961188 0.00187005 -0.95665 0.29124 -0.000940069 -0.923941 0.38253 0.00191533 -0.881509 0.472166 -0.00100396 -0.793251 0.608894 0.00149166 -0.608742 0.793367 0.00160768 -0.470936 0.882167 -0.00107891 -0.382693 0.923873 0.00219335 -0.28999 0.957029 -0.00110757 -0.14691 0.989149 0.00138845 -0.471385 0.881928 0 -0.290304 0.956934 0 -0.988079 0.00164914 0.153941 -0.957308 -0.00142556 0.289066 -0.923939 0.00271241 0.382529 -0.882481 -0.00133527 0.470346 -0.793246 0.00192453 0.608898 -0.608754 0.00179063 0.793357 -0.471866 -0.0011823 0.88167 -0.382693 0.00232546 0.923873 -0.290618 -0.00115195 0.956838 -0.1465 0.00143545 0.98921 -0.0488195 0.00569947 0.998791 -0.991307 0.130446 0.0171741 -0.991307 0.130444 0.0171728 -0.991307 0.121554 0.050349 -0.991307 0.104381 0.0800952 -0.991307 0.104381 0.0800942 -0.991307 0.0800952 0.10438 -0.991307 0.0503494 0.121556 -0.991307 0.05035 0.121555 -0.991307 0.0171728 0.130445 -0.92277 0.0502978 0.382056 -0.922773 0.0503032 0.382046 -0.790723 0.0799139 0.606936 -0.790711 0.0799045 0.606952 -0.605456 0.10388 0.78907 -0.379899 0.120741 0.917114 -0.379895 0.120739 0.917116 -0.129444 0.129426 0.983104 -0.129438 0.129424 0.983105 -0.922775 0.382043 0.0502954 -0.922774 0.382046 0.0502977 -0.922773 0.356011 0.147465 -0.922773 0.305715 0.234582 -0.922772 0.305715 0.234585 -0.922772 0.234583 0.305717 -0.922773 0.234583 0.305714 -0.922773 0.147466 0.356011 -0.92277 0.147463 0.35602 -0.790708 0.606956 0.0799081 -0.790711 0.606953 0.0799041 -0.790711 0.565588 0.234276 -0.790712 0.485681 0.372677 -0.790712 0.372677 0.48568 -0.790713 0.234267 0.56559 -0.790722 0.234271 0.565576 -0.605461 0.789066 0.103879 -0.605453 0.735297 0.304572 -0.605459 0.735295 0.304567 -0.605457 0.631411 0.484502 -0.605455 0.484503 0.631412 -0.605459 0.304571 0.735293 -0.605456 0.304569 0.735297 -0.379894 0.917116 0.120741 -0.3799 0.917114 0.120738 -0.379902 0.854614 0.35399 -0.37989 0.854616 0.353998 -0.379888 0.733876 0.563127 -0.379904 0.733876 0.563115 -0.379906 0.563123 0.733869 -0.379887 0.563119 0.733882 -0.379885 0.353995 0.85462 -0.379898 0.353999 0.854612 -0.129448 0.983103 0.129426 -0.129444 0.983104 0.129428 -0.129444 0.916105 0.379468 -0.129451 0.916105 0.379465 -0.129452 0.786682 0.603634 -0.129441 0.786679 0.60364 -0.129441 0.603634 0.786683 -0.129452 0.603638 0.786679 -0.129451 0.37947 0.916103 -0.129444 0.379467 0.916105 -0.149265 0.988796 0.00131433 -0.1465 0.98921 0.00143614 -0.29063 0.956835 -0.00115152 -0.382693 0.923873 0.00232546 -0.471866 0.88167 -0.0011823 -0.608754 0.793357 0.00179064 -0.793243 0.608902 0.00192419 -0.882481 0.470346 -0.00133565 -0.923941 0.382526 0.00271227 -0.957307 0.28907 -0.00142541 -0.994905 0.100777 0.00283239 -0.988599 0.00109872 0.150569 -0.95665 -0.000940231 0.29124 -0.923941 0.00191511 0.38253 -0.881503 -0.00100461 0.472177 -0.793247 0.00149066 0.608898 -0.773063 0 0.634329 -0.634399 0 0.773006 -0.608742 0.00160768 0.793367 -0.470946 -0.00107873 0.882161 -0.382693 0.00219395 0.923873 -0.289991 -0.00110694 0.957029 -0.14691 0.0013891 0.989149 -0.179025 0 0.983845 -0.995368 -0.00186998 0.0961201 -0.95665 0.000940232 0.29124 -0.923941 -0.00191511 0.38253 -0.881503 0.00100461 0.472177 -0.793247 -0.00149066 0.608898 -0.608742 -0.00160768 0.793367 -0.470946 0.00107873 0.882161 -0.382693 -0.00219395 0.923873 -0.289991 0.00110694 0.957029 -0.14691 -0.0013891 0.989149 -0.991307 0.0171741 -0.130444 -0.991307 0.0503488 -0.121555 -0.991307 0.080095 -0.104381 -0.991307 0.0800952 -0.104382 -0.991307 0.104381 -0.0800951 -0.991307 0.121555 -0.0503493 -0.991307 0.130445 -0.0171739 -0.991307 0.130446 -0.0171732 -0.922774 0.382045 -0.0502964 -0.922775 0.382043 -0.0502978 -0.790711 0.606952 -0.079908 -0.790708 0.606957 -0.0799051 -0.605457 0.78907 -0.10388 -0.379899 0.917114 -0.12074 -0.379895 0.917116 -0.120738 -0.129442 0.983104 -0.129426 -0.129448 0.983103 -0.129428 -0.922773 0.0502996 -0.382047 -0.922774 0.147462 -0.35601 -0.922773 0.147465 -0.356012 -0.922773 0.234584 -0.305714 -0.922773 0.305713 -0.234583 -0.922773 0.356013 -0.147463 -0.790711 0.079908 -0.606952 -0.790712 0.234275 -0.565589 -0.79071 0.234277 -0.56559 -0.79071 0.372679 -0.485683 -0.790712 0.485681 -0.372678 -0.79071 0.565591 -0.234275 -0.605455 0.103885 -0.789071 -0.605456 0.103884 -0.78907 -0.605455 0.304572 -0.735296 -0.605459 0.304568 -0.735294 -0.605458 0.484499 -0.631413 -0.605456 0.631413 -0.4845 -0.605459 0.735293 -0.304571 -0.379894 0.120741 -0.917116 -0.379899 0.120739 -0.917115 -0.379899 0.353992 -0.854615 -0.379893 0.353996 -0.854616 -0.379893 0.563123 -0.733876 -0.379899 0.563119 -0.733876 -0.3799 0.733874 -0.563122 -0.379896 0.854615 -0.353994 -0.379898 0.854614 -0.353995 -0.129448 0.129426 -0.983103 -0.129434 0.129433 -0.983104 -0.129435 0.379467 -0.916107 -0.129451 0.379459 -0.916108 -0.129452 0.603637 -0.78668 -0.129441 0.603642 -0.786678 -0.129441 0.786679 -0.60364 -0.129446 0.786677 -0.603642 -0.129447 0.916105 -0.379466 -0.12944 0.916107 -0.379464 -0.0490998 0 -0.998794 -0.149265 0.00131432 -0.988796 -0.1465 0.00143613 -0.98921 -0.290618 -0.00115129 -0.956838 -0.382693 0.00232609 -0.923873 -0.471876 -0.00118209 -0.881664 -0.608748 0.00179049 -0.793362 -0.634406 0 -0.773 -0.773047 0 -0.634348 -0.793246 0.00192406 -0.608898 -0.882481 -0.00133564 -0.470346 -0.923939 0.0027121 -0.382529 -0.957307 -0.00142564 -0.289069 -0.994905 0.00283229 -0.100777 -0.991453 0 -0.130464 -0.923943 0 -0.382531 -0.793248 0 -0.608899 -0.608749 0 -0.793363 -0.382694 0 -0.923875 -0.130546 0 -0.991442 -0.988599 -0.15057 0.00109875 -0.956651 -0.291236 -0.000940097 -0.923941 -0.38253 0.00191544 -0.881509 -0.472166 -0.00100382 -0.793247 -0.608898 0.00149193 -0.608751 -0.79336 0.00160787 -0.470936 -0.882167 -0.00107891 -0.382693 -0.923873 0.00219335 -0.28999 -0.957029 -0.00110757 -0.14691 -0.989149 0.00138845 -0.17901 -0.983847 0 -0.995368 -0.0961195 -0.00187002 -0.956651 -0.291236 0.000940097 -0.923941 -0.38253 -0.00191544 -0.881509 -0.472166 0.00100382 -0.793247 -0.608898 -0.00149193 -0.608751 -0.79336 -0.00160787 -0.470936 -0.882167 0.00107891 -0.382693 -0.923873 -0.00219335 -0.28999 -0.957029 0.00110757 -0.14691 -0.989149 -0.00138845 -0.0490739 0 -0.998795 -0.29031 0 -0.956933 -0.471385 0 -0.881928 -0.129448 -0.129432 -0.983103 -0.129434 -0.129426 -0.983105 -0.129435 -0.379461 -0.916109 -0.129447 -0.379466 -0.916105 -0.129446 -0.603639 -0.786679 -0.129441 -0.603637 -0.786681 -0.129441 -0.786678 -0.603642 -0.129446 -0.786679 -0.603639 -0.129447 -0.916107 -0.379461 -0.12944 -0.916107 -0.379464 -0.129442 -0.983104 -0.129426 -0.379895 -0.917116 -0.120741 -0.379899 -0.917115 -0.120738 -0.60546 -0.789067 -0.103881 -0.790711 -0.606952 -0.0799062 -0.922773 -0.382047 -0.050297 -0.991307 -0.130445 -0.0171731 -0.379895 -0.120738 -0.917116 -0.379899 -0.12074 -0.917114 -0.379898 -0.353995 -0.854614 -0.379893 -0.353993 -0.854617 -0.379893 -0.56312 -0.733878 -0.3799 -0.563122 -0.733874 -0.3799 -0.733874 -0.563121 -0.3799 -0.854614 -0.353993 -0.379895 -0.854615 -0.353997 -0.605455 -0.103883 -0.789071 -0.605456 -0.103884 -0.78907 -0.605456 -0.304569 -0.735297 -0.605462 -0.304571 -0.735291 -0.605461 -0.484498 -0.63141 -0.605455 -0.484498 -0.631416 -0.605456 -0.631414 -0.484499 -0.605456 -0.735295 -0.304572 -0.790711 -0.0799075 -0.606952 -0.790711 -0.234277 -0.565588 -0.790711 -0.372675 -0.485685 -0.790712 -0.372676 -0.485682 -0.790712 -0.485682 -0.372677 -0.79071 -0.565591 -0.234275 -0.790712 -0.565589 -0.234273 -0.922773 -0.0502979 -0.382047 -0.922774 -0.0502989 -0.382045 -0.922774 -0.147465 -0.35601 -0.922772 -0.147464 -0.356013 -0.922773 -0.234583 -0.305715 -0.922773 -0.234583 -0.305714 -0.922773 -0.305714 -0.234583 -0.922773 -0.356011 -0.147463 -0.991307 -0.0171739 -0.130444 -0.991307 -0.0503492 -0.121555 -0.991307 -0.0800946 -0.104381 -0.991307 -0.104382 -0.0800948 -0.991307 -0.121555 -0.0503496 -0.988079 -0.00164916 -0.153941 -0.957307 0.00142566 -0.289069 -0.923939 -0.00271213 -0.382529 -0.882481 0.00133565 -0.470346 -0.793246 -0.00192408 -0.608898 -0.608748 -0.00179051 -0.793362 -0.471876 0.0011821 -0.881664 -0.382693 -0.00232612 -0.923873 -0.290618 0.0011513 -0.956838 -0.1465 -0.00143614 -0.98921 -0.0488195 -0.00570021 -0.998791 -0.146683 0 -0.989184 -0.192775 0.00068591 -0.981243 -0.289958 -0.00126851 -0.957039 -0.382701 0.0025098 -0.923869 -0.470872 -0.001231 -0.8822 -0.608747 0.00183398 -0.793362 -0.793247 0.00168578 -0.608898 -0.881453 -0.00113248 -0.472271 -0.923941 0.00215379 -0.38253 -0.956619 -0.00105334 -0.29134 -0.995389 0.00209561 -0.0958953 -0.988587 -0.00122803 -0.150647 -0.146914 -0.00159262 -0.989148 -0.289958 0.00126851 -0.957039 -0.382701 -0.0025098 -0.923869 -0.470872 0.001231 -0.8822 -0.608747 -0.00183398 -0.793362 -0.793247 -0.00168578 -0.608898 -0.881453 0.00113248 -0.472271 -0.923941 -0.00215379 -0.38253 -0.956619 0.00105334 -0.29134 0 -0.130531 -0.991444 0 -0.38268 -0.923881 0 -0.608761 -0.793354 0 -0.793352 -0.608763 0 -0.923881 -0.382681 0 -0.991445 -0.130524 0 -1 0 0 -0.991445 0.130523 0 -0.92388 0.382683 0 -0.793354 0.608761 0 -0.608758 0.793356 0 -0.382689 0.923877 0 -0.130521 0.991446 0 0.793355 -0.608759 0 0.608761 -0.793354 0 0.382681 -0.92388 0 0.130525 -0.991445 0 -0.991445 -0.130526 0 -0.991445 0.130526 0 -0.608766 0.79335 0 -0.382677 0.923882 0 -0.130526 0.991445 0 0.130525 0.991445 0 0.382678 0.923882 0 0.608765 0.793351 0 0.793355 0.608759 0 0.923879 0.382685 0 0.991445 0.130526 0 0.991445 -0.130526 0 0.923879 -0.382685 0 -0.608765 0.793351 0 0.382687 0.923878 0 0.991445 0.130525 0 0.793356 -0.608758 0 0.608757 -0.793356 0 0.382687 -0.923878 0 -0.382685 -0.923879 0 -0.608757 -0.793356 0 -0.793356 -0.608758 0 0.130525 0.991445 0 0.92388 0.382683 0 0.92388 -0.382683 0 0.130528 -0.991445 0 0.608755 -0.793358 0 0.991446 -0.130521 0 0.608746 0.793366 0 0.130549 0.991442 -0.130521 0 0.991446 0.130521 0 0.991446 0.382683 0 0.92388 0.608763 0 0.793352 0.793349 0 0.608768 0.923878 0 0.382687 0.991445 0 0.130523 0.991445 0 -0.130523 0.923877 0 -0.382689 0.793351 0 -0.608765 0.608763 0 -0.793352 0.382679 0 -0.923881 0.130526 0 -0.991445 -0.130526 0 -0.991445 -0.608763 0 -0.793352 -0.79334 0 -0.608778 -0.923885 0 -0.382671 -0.991443 0 -0.130544 -0.991443 0 0.130544 -0.923886 0 0.382669 -0.793338 0 0.608781 -0.608763 0 0.793352 -0.382699 0 0.923873 -0.13053 0 0.991444 -0.382672 0 0.923884 -0.608766 0 0.79335 -0.793346 0 0.608771 -0.923877 0 0.38269 -0.991447 0 0.13051 -0.991447 0 -0.13051 -0.923877 0 -0.382688 -0.793344 0 -0.608774 -0.608766 0 -0.79335 -0.382677 0 -0.923882 0.130524 0 -0.991445 0.382694 0 -0.923875 0.608766 0 -0.79335 0.793332 0 -0.608789 0.991447 0 -0.13051 0.991447 0 0.13051 0.793334 0 0.608786 0.608766 0 0.79335 0.382689 0 0.923877 0.608758 0 -0.793356 0.793355 0 -0.608759 0.793355 0 0.608759 0.608758 0 0.793356 0.130526 0 0.991445 -0.608758 0 0.793356 -0.79336 0 0.608753 -0.923874 0 0.382696 -0.991445 0 0.130521 -0.991445 0 -0.130521 -0.923874 0 -0.382696 -0.79336 0 -0.608753 -0.608758 0 -0.793356 0.382674 0 0.923883 0.793361 0 -0.608751 0.608746 0 -0.793365 0.382702 0 -0.923872 0.130511 0 -0.991447 -0.130516 0 -0.991446 -0.382702 0 -0.923872 -0.92387 0 -0.382705 -0.991448 0 -0.130503 -0.991448 0 0.130501 -0.92387 0 0.382705 -0.793357 0 0.608757 0 0.130528 0.991445 0 0.79335 -0.608766 0 -0.793351 -0.608765 0.130524 -0.991445 0 -0.130524 -0.991445 0 -0.382685 -0.923879 0 -0.608766 -0.79335 0 -0.793345 -0.608773 0 -0.923877 -0.38269 0 -0.991447 -0.13051 0 -0.991447 0.13051 0 -0.923877 0.382689 0 -0.793345 0.608773 0 -0.608766 0.79335 0 -0.382683 0.92388 0 -0.130527 0.991445 0 0.130527 0.991445 0 0.382683 0.92388 0 0.608766 0.79335 0 0.793345 0.608773 0 0.923885 0.382669 0 0.991444 0.130533 0 0.991444 -0.130533 0 0.923885 -0.38267 0 0.793345 -0.608773 0 0.608766 -0.79335 0 0.382685 -0.923879 0 0 -0.540961 -0.841048 0 -0.712901 -0.701265 0 -0.849837 -0.527047 0 -0.945042 -0.326948 0 -0.993407 -0.114644 -0.000372681 -0.993843 -0.110797 -9.05848e-06 -0.999979 -0.00648484 -2.9571e-06 -0.999993 -0.00385876 0 -0.999999 -0.00131341 0.000372681 -0.993843 -0.110797 9.05849e-06 -0.999979 -0.00648484 0 -0.999914 0.013138 -2.77772e-05 -0.991167 0.132617 0 -0.990851 0.134963 0 -0.930425 0.366484 0 -0.81404 0.580808 0 -0.649236 0.760587 -0.00109028 -0.649235 0.760587 0.000545588 -0.537362 0.843352 -0.00226362 -0.403794 0.914847 0 -0.445816 0.895125 0 -0.991467 0.130359 0.00572251 -0.999897 0.0131378 0.00196016 -0.995621 0.0934611 -0.000568684 -0.970077 0.242796 0.00119937 -0.930424 0.366483 0.000436147 -0.922266 0.386556 -0.000313855 -0.853285 0.521445 0.00149046 -0.81404 0.580808 -0.00040012 -0.764719 0.644364 0.000631276 -0.658602 0.752491 0.00109028 -0.649235 0.760587 -0.000545588 -0.537362 0.843352 0 -0.512342 0.858781 0 -0.403795 0.91485 0.000287004 -0.471957 0.881621 -0.000631276 -0.658602 0.752491 0.000400119 -0.764719 0.644364 -0.00149046 -0.81404 0.580808 0.000313854 -0.853285 0.521445 -0.000436146 -0.922266 0.386556 -0.00119937 -0.930424 0.366483 0.000568683 -0.970077 0.242796 -0.00196016 -0.995621 0.0934611 0.382675 0.923883 0 0.793322 0.608802 0 0.923877 0.382689 0 0.991453 0.130464 0 0.991453 -0.130464 0 0.923877 -0.38269 0 0.793322 -0.608802 0 0.382677 -0.923882 0 0.130527 -0.991445 0 -0.130527 -0.991445 0 -0.38271 -0.923868 0 -0.608721 -0.793384 0 -0.793367 -0.608743 0 -0.991441 -0.130556 0 -0.991441 0.130556 0 -0.793367 0.608743 0 -0.608721 0.793384 0 -0.382708 0.923869 0 9.05109e-05 -0.982572 -0.185885 -6.32302e-05 -0.983364 -0.181644 6.70987e-05 -0.986899 -0.161338 -0.000133925 -0.987736 -0.156134 0.000220829 -0.991687 -0.128673 -0.000220829 -0.991687 -0.128673 -0.000441118 -0.992122 -0.125272 -6.70985e-05 -0.986899 -0.161338 0.000133925 -0.987736 -0.156134 0.000175225 -0.994822 -0.101633 -0.000435459 -0.996934 -0.0782417 -0.000217639 -0.99719 -0.0749175 0.000129951 -0.998826 -0.0484317 0.000519052 -0.999901 0.014091 -0.00012995 -0.999533 0.0305693 0.000217457 -0.998371 0.0570541 0 -0.998371 0.0570541 -0.000217457 -0.998371 0.0570541 -0.000435178 -0.998176 0.0603788 -0.000519193 -0.999489 -0.0319533 -0.000519052 -0.999901 0.014091 0.00012995 -0.999533 0.0305693 0.000175083 -0.996485 0.0837698 -0.000440601 -0.994215 0.107406 0.000133772 -0.990395 0.138265 -9.03137e-05 -0.985784 0.168016 -6.70453e-05 -0.989655 0.14347 6.3095e-05 -0.986497 0.163777 0 -0.985784 0.168016 6.70453e-05 -0.989655 0.14347 -0.000133772 -0.990395 0.138265 0.000440601 -0.994215 0.107406 -0.000175083 -0.996485 0.0837698 0.000435178 -0.998176 0.0603788 0.000519193 -0.999489 -0.0319533 -0.000129951 -0.998826 -0.0484317 0.000217639 -0.99719 -0.0749175 0.000435459 -0.996934 -0.0782417 -0.000175225 -0.994822 -0.101633 0.000441118 -0.992122 -0.125272 0 -0.982572 -0.185885 0 0.832487 0.554045 0.000388881 0.791254 0.611487 -0.00116607 0.845316 0.534266 -0.000388881 0.791254 0.611487 0 0.805446 0.592669 0 0.997917 -0.0645145 -0.000891636 0.76807 -0.640365 0 0.851386 -0.52454 0.00089171 0.851386 -0.52454 0 0.841887 -0.539654 0 0.801245 -0.598337 0.00012741 0.787305 -0.616564 -0.382656 -7.03089e-07 -0.923891 -0.991434 -9.98911e-08 -0.13061 -0.991434 0 0.130609 -0.382656 7.03089e-07 0.923891 0.130513 7.56252e-07 0.991447 0.382732 7.05822e-07 0.92386 0.793363 4.61844e-07 0.608749 0.991434 -1.21025e-05 0.13061 0.991448 -1.21026e-05 -0.130506 0.991434 -9.96472e-08 -0.13061 0.382732 -7.05822e-07 -0.92386 -0.382705 0 -0.92387 -0.60872 0 -0.793385 -0.608712 -1.21062e-06 -0.793391 -0.60872 1.20899e-06 0.793385 -0.608729 0 0.793378 -0.382683 1.40973e-06 0.92388 0.38272 0 0.923864 0.608729 -6.22017e-06 0.793378 0.793312 -8.75371e-06 0.608815 0.793307 0 -0.608822 0.793363 -1.06135e-05 -0.608749 0.608772 -8.64525e-06 -0.793345 0.608712 0 -0.793391 0.382743 -1.40969e-06 -0.923855 0.115315 1.51596e-06 0.993329 0.35052 1.43064e-06 0.936555 0.350533 0 0.93655 0.565141 0 0.824994 0.74677 0 0.665082 0.884633 0 0.466289 0.97073 3.66739e-07 0.240174 0.97073 -3.66739e-07 -0.240174 0.88463 0 -0.466295 0.74677 0 -0.665082 0.565151 0 -0.824988 0.565141 -1.25884e-06 -0.824994 0.35052 -1.43064e-06 -0.936555 0.350533 0 -0.93655 0.115315 0 -0.993329 0.991441 -6.05127e-06 0.130558 0.991441 -9.96074e-08 -0.130557 -8.59653e-06 1 -1.08179e-05 9.4038e-06 1 1.20117e-05 -3.64607e-06 1 -8.80109e-06 9.0877e-06 1 -1.27723e-05 -1.19613e-05 1 -1.7725e-05 8.59653e-06 -1 1.08179e-05 -9.40391e-06 -1 -1.20119e-05 3.64561e-06 -1 8.80028e-06 -9.0877e-06 -1 1.27723e-05 1.19615e-05 -1 1.77253e-05 0 0.953059 0.302786 0 0.994748 0.102359 0 0.994748 -0.102359 0 0.953059 -0.302786 0 0.398751 0.917059 0 -0.91706 -0.398748 0 0.302788 -0.953058 0 0.10236 -0.994747 0 -0.10236 -0.994747 0 -0.302788 -0.953058 0 0.91706 -0.398748 0 -0.398751 0.917059 0 -0.608766 -0.79335 0 -0.923879 -0.382685 0 0.608765 0.79335 0 -0.923879 0.382685 0 -0.793347 0.608769 0 -0.608753 0.79336 0 -0.707107 -0.707106 0 -0.707107 0.707107 0 0.707107 -0.707107 0 0.398751 -0.917059 0 -0.953059 -0.302786 0 -0.994748 -0.102359 0 -0.994748 0.102359 0 -0.953059 0.302786 0 0.91706 0.398748 0 -0.302784 0.953059 0 -0.10236 0.994747 0 0.10236 0.994747 0 0.302784 0.953059 0 0.608767 -0.793349 0 -0.91706 0.398748 0 -0.398751 -0.917059 0 0.707106 0.707107 0 0.608754 0.793359 0.793338 0 0.608781 0.923901 0 0.382632 0.991443 0 0.130544 0.991443 0 -0.130544 0.9239 0 -0.382634 0.79334 0 -0.608778 -0.382714 0 0.923867 0.793344 0 -0.608774 0.79335 0 -0.608765 0.923881 0 -0.38268 0.923881 0 0.38268 0.92387 0 0.382705 0.991448 0 0.130501 0.991448 0 -0.130503 0.92387 0 -0.382705 -0.130511 0 -0.991447 -0.382717 0 -0.923866 -0.923855 0 -0.382742 -0.923855 0 0.382742 0.608743 0 0.793368 0.923886 0 0.382669 0.923885 0 -0.382671 0.608743 0 -0.793368 -0.608743 0 -0.793368 -0.608743 0 0.793368 -0.793368 0 0.608742 -0.991441 0 0.130556 -0.991441 0 -0.130556 -0.793366 0 -0.608745 0.793366 0 -0.608745 0.991441 0 0.130556 0.793368 0 0.608742 0.923888 0 -0.382663 0.923888 0 0.382663 -0.923888 0 0.382663 -0.923888 0 -0.382663 0.608791 0 0.793331 0.793316 0 0.608811 0.923886 0 -0.382669 0.79332 0 -0.608805 0.608777 0 -0.793341 -0.382732 0 -0.923859 -0.923886 0 -0.382669 -0.991437 0 -0.130587 -0.991437 0 0.130586 0.991297 -0.0171827 -0.130521 0.991297 -0.0503801 -0.121626 0.991297 -0.0801413 -0.104443 0.991297 -0.104444 -0.0801417 0.991297 -0.121626 -0.0503794 0.991297 -0.130521 -0.0171834 0.922718 -0.382177 -0.0503153 0.922718 -0.382179 -0.0503141 0.790823 -0.606809 -0.0798867 0.790825 -0.606806 -0.0798883 0.605456 -0.78907 -0.103884 0.605455 -0.789071 -0.103883 0.379871 -0.917126 -0.120742 0.129434 -0.983105 -0.129428 0.922718 -0.0503141 -0.382179 0.922717 -0.0503155 -0.382181 0.922717 -0.147517 -0.356135 0.922718 -0.147514 -0.356133 0.922718 -0.234663 -0.305818 0.922719 -0.305817 -0.234662 0.922718 -0.356133 -0.147515 0.790825 -0.0798883 -0.606806 0.790825 -0.0798886 -0.606806 0.790825 -0.234217 -0.565455 0.790824 -0.234218 -0.565455 0.790824 -0.372588 -0.485568 0.790823 -0.485568 -0.372588 0.790824 -0.565455 -0.234219 0.790824 -0.565455 -0.234219 0.605455 -0.103884 -0.789071 0.605457 -0.103883 -0.78907 0.605457 -0.304568 -0.735296 0.605457 -0.4845 -0.631413 0.605455 -0.631414 -0.4845 0.605456 -0.735297 -0.304569 0.379875 -0.120742 -0.917124 0.379871 -0.120744 -0.917125 0.379871 -0.353997 -0.854625 0.379873 -0.353995 -0.854625 0.379872 -0.563128 -0.733883 0.37987 -0.733883 -0.563129 0.379873 -0.854624 -0.353996 0.379871 -0.854626 -0.353996 0.129428 -0.129431 -0.983105 0.129432 -0.379463 -0.916109 0.129437 -0.37946 -0.916109 0.129436 -0.603642 -0.786678 0.129437 -0.786678 -0.603642 0.129428 -0.786682 -0.603639 0.129428 -0.916109 -0.379463 0.129434 -0.916107 -0.379465 0.0487732 -0.998794 -0.00570278 0.146543 -0.989203 -0.00143538 0.290589 -0.956847 0.00115077 0.38267 -0.923882 -0.00232732 0.382671 -0.923885 0 0.608748 -0.793363 0 0.793361 -0.608752 0 0.923888 -0.382664 0 0.991443 -0.13054 0 0.988069 -0.154001 -0.00164796 0.995179 -0.098074 0 0.471925 -0.881638 0.00118376 0.608748 -0.793362 -0.00178704 0.634355 -0.773042 0 0.773047 -0.634348 0 0.793359 -0.608751 -0.00193505 0.882429 -0.470444 0.00131718 0.923884 -0.382662 -0.00273024 0.957363 -0.288885 0.00142114 0.995179 0 0.0980753 0.956971 0 0.290185 0.881884 0 0.471466 0.773053 0 0.634342 0.634348 0 0.773048 0.471428 0 0.881905 0.290269 0 0.956945 0.146742 0 0.989175 0.0490794 0 0.998795 0.995179 0.0980747 0 0.95697 0.290187 0 0.881862 0.471508 0 0.881884 0.471466 0 0.773032 0.634368 0 0.773042 0.634355 0 0.634336 0.773058 0 0.634363 0.773035 0 0.47142 0.881909 0 0.471428 0.881905 0 0.29028 0.956942 0 0.146739 0.989175 0 0.0490665 0.998796 0 0.0490536 0.998796 0 0.149271 0.988796 -0.00131555 0.146555 0.989201 -0.00143515 0.290589 0.956847 0.00115077 0.382674 0.923881 -0.00232748 0.471919 0.881641 0.00118325 0.608741 0.793367 -0.00178747 0.773047 0.634348 0 0.793359 0.608751 -0.00193505 0.88243 0.470441 0.00131724 0.923884 0.382662 -0.00273009 0.957362 0.288887 0.00142118 0.994895 0.100876 -0.00283019 0.991443 0.13054 0 0.923888 0.382664 0 0.793361 0.608752 0 0.608742 0.793368 0 0.130536 0.991444 0 0.995179 0 -0.0980753 0.956969 0 -0.290189 0.881884 0 -0.471466 0.773042 0 -0.634355 0.634363 0 -0.773035 0.471438 0 -0.881899 0.290269 0 -0.956945 0.146738 0 -0.989175 0.0490794 0 -0.998795 0.988069 0.154001 0.00164796 0.957362 0.288887 -0.00142118 0.923884 0.382662 0.00273009 0.882431 0.470441 -0.00131724 0.793359 0.608751 0.00193505 0.608741 0.793367 0.00178747 0.471919 0.881641 -0.00118325 0.382674 0.923881 0.00232748 0.290589 0.956847 -0.00115077 0.146555 0.989201 0.00143516 0.0487732 0.998794 0.00570313 0.991297 0.0171827 0.130521 0.991297 0.0503836 0.121625 0.991297 0.0503782 0.121623 0.991297 0.0801368 0.104442 0.991297 0.104444 0.0801408 0.991297 0.121625 0.0503795 0.991297 0.121627 0.0503788 0.991297 0.130521 0.017184 0.922718 0.382177 0.0503167 0.790825 0.606806 0.0798883 0.605455 0.78907 0.103884 0.605449 0.789076 0.10388 0.379872 0.917126 0.120738 0.379875 0.917124 0.120739 0.129434 0.983105 0.129426 0.129438 0.983104 0.129428 0.922718 0.0503141 0.382179 0.922717 0.0503155 0.382181 0.922717 0.147517 0.356135 0.922717 0.234663 0.305821 0.922717 0.30582 0.234663 0.922718 0.356133 0.147513 0.790825 0.0798883 0.606806 0.790821 0.0798929 0.606811 0.79082 0.234222 0.565458 0.790827 0.234213 0.565453 0.790827 0.372585 0.485565 0.790826 0.485565 0.372588 0.790819 0.485575 0.372588 0.790819 0.565461 0.23422 0.790825 0.565452 0.234222 0.605436 0.103891 0.789084 0.605457 0.103875 0.789071 0.605458 0.304563 0.735297 0.605439 0.304581 0.735305 0.605442 0.484507 0.631422 0.605451 0.484497 0.63142 0.605451 0.63142 0.484497 0.60546 0.631411 0.484498 0.605458 0.735292 0.304574 0.605453 0.735298 0.304572 0.379901 0.120731 0.917115 0.379872 0.120749 0.917125 0.379871 0.354005 0.854622 0.379874 0.354003 0.854622 0.379873 0.563122 0.733887 0.379878 0.563118 0.733888 0.379877 0.733881 0.563127 0.379867 0.733888 0.563125 0.37987 0.854625 0.353999 0.129428 0.129436 0.983105 0.129434 0.129433 0.983104 0.129434 0.379471 0.916105 0.129455 0.37946 0.916107 0.129451 0.60363 0.786685 0.129431 0.60364 0.786681 0.129431 0.786684 0.603636 0.129442 0.786679 0.60364 0.129441 0.916105 0.379468 0.129434 0.916107 0.379465 0.149253 0.00131499 0.988798 0.14653 0.00143493 0.989205 0.290589 -0.00115143 0.956847 0.382699 0.00232781 0.92387 0.471929 -0.00118242 0.881636 0.608729 0.00178775 0.793376 0.793359 0.00193459 0.608751 0.882425 -0.00131737 0.470452 0.923884 0.00273041 0.382662 0.957364 -0.00142127 0.28888 0.994895 0.00283009 0.100877 0.60873 0 0.793377 0.3827 0 0.923873 0.0490665 -0.998796 0 0.179032 -0.983843 0 0.14694 -0.989145 -0.00138794 0.289968 -0.957036 0.00110717 0.38267 -0.923883 -0.0021942 0.470978 -0.882144 0.00108053 0.608751 -0.79336 -0.00160477 0.773045 -0.634352 0 0.793358 -0.608753 -0.00150031 0.88147 -0.472238 0.000990097 0.923887 -0.382661 -0.00192819 0.956709 -0.291043 0.000937177 0.988589 -0.150632 -0.00109792 0.995358 -0.0962237 0.00186857 0.956709 -0.291043 -0.000937176 0.923887 -0.382661 0.00192819 0.88147 -0.472238 -0.000990097 0.793358 -0.608753 0.00150031 0.608751 -0.79336 0.00160477 0.470978 -0.882144 -0.00108053 0.38267 -0.923883 0.0021942 0.289968 -0.957036 -0.00110717 0.14694 -0.989145 0.00138794 0.95697 -0.290187 0 0.881884 -0.471466 0 0.471423 -0.881907 0 0.290269 -0.956945 0 0.146738 -0.989175 0 0.98807 -0.00164785 0.153999 0.957364 0.00142125 0.28888 0.923884 -0.00273038 0.382662 0.882425 0.00131736 0.470452 0.793359 -0.00193458 0.608751 0.608729 -0.00178774 0.793376 0.471929 0.00118241 0.881636 0.382699 -0.00232779 0.92387 0.290589 0.00115142 0.956847 0.14653 -0.00143492 0.989205 0.0487993 -0.00570062 0.998792 0.991297 -0.130521 0.0171834 0.991297 -0.121627 0.0503796 0.991297 -0.104443 0.0801413 0.991297 -0.080139 0.104445 0.991297 -0.0801393 0.104441 0.991297 -0.0503817 0.121621 0.991297 -0.0503797 0.121627 0.991297 -0.0171828 0.130521 0.922717 -0.0503143 0.382181 0.922718 -0.0503153 0.382179 0.790825 -0.0798883 0.606806 0.790821 -0.0798926 0.60681 0.605436 -0.103891 0.789084 0.605456 -0.103875 0.789071 0.379901 -0.120731 0.917115 0.379872 -0.120749 0.917125 0.129428 -0.129436 0.983105 0.129433 -0.129433 0.983104 0.129432 -0.379461 0.91611 0.129455 -0.37947 0.916103 0.129451 -0.603637 0.78668 0.12943 -0.60363 0.786688 0.129431 -0.786682 0.603639 0.129432 -0.916108 0.379466 0.129434 -0.916108 0.379464 0.129434 -0.983105 0.129428 0.129433 -0.983105 0.129428 0.379872 -0.917125 0.120742 0.605455 -0.78907 0.103884 0.605455 -0.789071 0.103884 0.790823 -0.606808 0.0798886 0.790825 -0.606806 0.0798863 0.922718 -0.382177 0.0503138 0.922717 -0.382179 0.0503155 0.379874 -0.854625 0.353995 0.37987 -0.854625 0.353998 0.379867 -0.733882 0.563132 0.37988 -0.733883 0.563123 0.379881 -0.56312 0.733885 0.379873 -0.563118 0.73389 0.379874 -0.354005 0.854621 0.605453 -0.735298 0.304572 0.605458 -0.735296 0.304567 0.60546 -0.631412 0.484496 0.605452 -0.631414 0.484505 0.605451 -0.484502 0.631416 0.605442 -0.484501 0.631426 0.605438 -0.30457 0.735311 0.605456 -0.304576 0.735293 0.922718 -0.356132 0.147514 0.790824 -0.565455 0.234219 0.790822 -0.485568 0.372591 0.790825 -0.485567 0.372586 0.790826 -0.372586 0.485565 0.790827 -0.372586 0.485564 0.790827 -0.234219 0.56545 0.790821 -0.234216 0.565459 0.922718 -0.305819 0.234661 0.922717 -0.30582 0.234665 0.922716 -0.234664 0.305823 0.922717 -0.147517 0.356135 0.0490536 -0.998796 0 0.149265 -0.988796 0.00131547 0.146543 -0.989203 0.00143538 0.290589 -0.956847 -0.00115077 0.38267 -0.923882 0.00232732 0.471925 -0.881638 -0.00118376 0.608748 -0.793362 0.00178705 0.793359 -0.608751 0.00193505 0.882429 -0.470444 -0.00131718 0.923884 -0.382662 0.00273024 0.957363 -0.288885 -0.00142114 0.994895 -0.100876 0.00283019 0.988589 -0.00109796 0.150635 0.956708 0.000937068 0.291047 0.923889 -0.00192802 0.382656 0.881472 0.000990421 0.472236 0.793353 -0.00150008 0.60876 0.773042 0 0.634355 0.634363 0 0.773035 0.608754 -0.00160483 0.793358 0.470988 0.00108034 0.882139 0.382666 -0.00219495 0.923884 0.289962 0.00110643 0.957038 0.14694 -0.00138859 0.989144 0.179047 0 0.983841 0.995358 0.00186862 0.0962243 0.956708 -0.000937067 0.291047 0.923889 0.00192802 0.382656 0.881472 -0.000990421 0.472236 0.793353 0.00150008 0.60876 0.608754 0.00160483 0.793358 0.470988 -0.00108034 0.882139 0.382666 0.00219495 0.923884 0.289962 -0.00110643 0.957038 0.14694 0.00138859 0.989144 0.149259 -0.00131539 -0.988797 0.0490536 0 -0.998796 0.608748 0 -0.793363 0.994895 -0.00283018 -0.100876 0.957362 0.00142117 -0.288887 0.923884 -0.00273007 -0.382662 0.882431 0.00131724 -0.470441 0.793359 -0.00193504 -0.608751 0.773047 0 -0.634348 0.634348 0 -0.773048 0.608748 -0.00178647 -0.793362 0.47193 0.00118427 -0.881635 0.382674 -0.00232683 -0.923881 0.290601 0.00115098 -0.956844 0.14653 -0.0014356 -0.989205 0.988589 0.150631 0.00109792 0.956708 0.291047 -0.00093723 0.923886 0.382663 0.00192802 0.881472 0.472236 -0.000990143 0.79336 0.608751 0.00150026 0.608748 0.793362 0.00160471 0.470978 0.882144 -0.00108053 0.382674 0.923881 0.00219405 0.289974 0.957034 -0.00110727 0.14694 0.989145 0.00138794 0.179032 0.983843 0 0.995358 0.0962231 -0.00186858 0.956708 0.291047 0.00093723 0.923886 0.382663 -0.00192802 0.881472 0.472236 0.000990143 0.79336 0.608751 -0.00150026 0.608748 0.793362 -0.00160471 0.470978 0.882144 0.00108053 0.382674 0.923881 -0.00219405 0.289974 0.957034 0.00110727 0.14694 0.989145 -0.00138794 0.471428 0 -0.881905 0.995179 0 -0.098074 0.129434 0.129428 -0.983105 0.379871 0.120744 -0.917125 0.379875 0.120742 -0.917124 0.605457 0.103883 -0.789069 0.605455 0.103885 -0.789071 0.790825 0.0798889 -0.606807 0.790825 0.0798883 -0.606806 0.922718 0.0503153 -0.382179 0.922717 0.0503143 -0.382181 0.991297 0.0171831 -0.130521 0.991297 0.0503797 -0.121627 0.991297 0.0801421 -0.104443 0.991296 0.104443 -0.0801427 0.991297 0.121625 -0.0503783 0.991297 0.130521 -0.0171842 0.922717 0.382179 -0.050317 0.922719 0.356133 -0.147513 0.922718 0.305818 -0.234663 0.922719 0.234662 -0.305815 0.922718 0.147516 -0.356132 0.922717 0.147515 -0.356135 0.790825 0.606806 -0.0798883 0.790825 0.565454 -0.234216 0.790821 0.565458 -0.234223 0.790821 0.48557 -0.37259 0.790823 0.372588 -0.485568 0.790824 0.234217 -0.565456 0.605449 0.789075 -0.103885 0.605456 0.789071 -0.103879 0.605455 0.735295 -0.304573 0.605456 0.735295 -0.304573 0.605457 0.631415 -0.484497 0.605456 0.4845 -0.631413 0.605456 0.304568 -0.735297 0.605458 0.304569 -0.735295 0.379876 0.917124 -0.120737 0.379871 0.917126 -0.12074 0.379871 0.854624 -0.354001 0.379872 0.733885 -0.563125 0.379866 0.563129 -0.733885 0.379872 0.563131 -0.733881 0.379873 0.353996 -0.854624 0.379871 0.353996 -0.854626 0.129438 0.983105 -0.129426 0.129434 0.983105 -0.129428 0.129434 0.916107 -0.379467 0.129437 0.916107 -0.379465 0.129436 0.78668 -0.60364 0.129438 0.603643 -0.786677 0.129437 0.379463 -0.916108 0.129434 0.379461 -0.916109 0.988069 0.00164797 -0.154001 0.957362 -0.00142118 -0.288887 0.923884 0.0027301 -0.382662 0.882431 -0.00131725 -0.470441 0.793359 0.00193506 -0.608751 0.608748 0.00178649 -0.793362 0.47193 -0.00118428 -0.881635 0.382674 0.00232685 -0.923881 0.290601 -0.00115099 -0.956844 0.14653 0.00143561 -0.989205 0.0487733 0.00570246 -0.998794 0.382675 0 -0.923883 0.146746 -0.989174 0 0.146745 -0.989174 0 0.29028 -0.956942 0 0.471411 -0.881914 0 0.471428 -0.881905 0 0.634381 -0.77302 0 0.773038 -0.63436 0 0.881856 -0.471519 0 0.995179 -0.0980798 0 0.149261 -0.00148167 -0.988797 0.146503 -0.00161849 -0.989209 0.29063 0.00129779 -0.956835 0.382674 -0.0026283 -0.92388 0.471994 0.00133959 -0.881601 0.608747 -0.00202476 -0.793362 0.793359 -0.00221703 -0.60875 0.882509 0.00151296 -0.470294 0.923883 -0.00315361 -0.382662 0.957427 0.001652 -0.288672 0.994847 -0.00328968 -0.101331 0.988871 0.00205903 -0.148764 0.0487377 0.00642537 -0.998791 0.146503 0.00161849 -0.989209 0.29063 -0.00129779 -0.956835 0.382674 0.0026283 -0.92388 0.471994 -0.00133959 -0.881601 0.608747 0.00202476 -0.793362 0.793359 0.00221703 -0.60875 0.882509 -0.00151296 -0.470294 0.923883 0.00315361 -0.382662 0.957427 -0.001652 -0.288672 0 0.991445 -0.130525 0 -0.991445 -0.130525 0 -0.130525 -0.991445 0 0.130525 -0.991445 -0.00122745 0.845316 0.534266 0.00122737 0.730164 0.683271 0.000409348 0.791255 0.611487 -0.000409276 0.761563 0.648091 -0.000409348 0.791255 0.611487 0.000409301 0.819189 0.573523 0 -0.98261 -0.185684 -0.000602287 -0.984907 -0.173086 2.35033e-06 -0.987011 -0.160651 2.35099e-06 -0.99068 -0.136207 2.40018e-05 -0.99068 -0.136207 0.000567744 -0.992122 -0.125272 -2.77429e-05 -0.993674 -0.112307 5.58481e-05 -0.996934 -0.0782417 -4.10264e-05 -0.997015 -0.0772109 4.10881e-05 -0.999489 -0.0319533 -3.65007e-06 -0.999504 -0.0314824 3.73172e-06 -0.999905 0.0137709 6.83118e-07 -0.999905 0.0137637 -0.000572237 -0.992258 -0.12419 2.70942e-06 -0.993674 -0.112307 2.70714e-06 -0.997016 -0.0771907 7.73064e-07 -0.997015 -0.0772109 7.67617e-07 -0.999505 -0.0314744 6.8381e-07 -0.998231 0.0594609 2.57729e-06 -0.998229 0.0594807 -3.41581e-05 -0.998229 0.0594807 5.0416e-05 -0.998176 0.0603788 -2.5019e-05 -0.99552 0.0945486 0.000567376 -0.994215 0.107406 2.20345e-05 -0.992963 0.118427 -2.12037e-05 -0.989746 0.142836 2.35098e-06 -0.989746 0.142836 -0.000599639 -0.987875 0.155254 2.57743e-06 -0.99552 0.0945486 -0.000570577 -0.994321 0.106419 2.35063e-06 -0.992963 0.118427 -8.46294e-06 -0.985846 0.167656 8.3961e-06 -0.989655 0.14347 3.42423e-05 -0.999901 0.014091 -2.28268e-05 -0.987011 -0.160651 9.21924e-06 -0.986899 -0.161338 -9.6382e-06 -0.982571 -0.185885 -0.000879904 0.76807 -0.640365 0.000879977 0.851386 -0.52454 -0.000293378 0.811795 -0.583942 0.000293379 0.811795 -0.583942 -0.000195602 0.835403 -0.549637 0.000195587 0.78678 -0.617233 -6.56198e-06 -1 1.88714e-05 6.56198e-06 1 -1.88714e-05 -0.923893 5.64078e-06 -0.382651 -0.923893 5.83797e-07 0.382651 -0.923876 5.63889e-06 0.382691 -0.115315 -7.57281e-07 -0.993329 -0.350508 -7.16682e-07 -0.93656 -0.350489 1.42467e-06 -0.936567 -0.565173 2.82189e-06 -0.824973 -0.565199 -6.2939e-07 -0.824954 -0.74677 -5.09517e-07 -0.665082 -0.746742 4.05031e-06 -0.665114 -0.88463 5.04189e-06 -0.466295 -0.884653 -3.5572e-07 -0.46625 -0.97073 -1.81969e-07 -0.240173 -0.970731 1.84767e-07 0.240171 -0.88463 0 0.466295 -0.884653 5.39949e-06 0.46625 -0.74677 4.55766e-06 0.665082 -0.746742 0 0.665114 -0.565168 0 0.824976 -0.565199 4.07909e-06 0.824954 -0.350508 2.85553e-06 0.93656 -0.350489 7.14544e-07 0.936567 -0.115315 7.57281e-07 0.993329 0.991444 9.98914e-08 0.130531 0.991444 0 -0.130532 0.923884 0 0.382673</float_array>
          <technique_common>
            <accessor source="#geometry_01b0d4d9_8c22_48bc_b1f9_2a0e74ea27a6-mesh-normals-array" count="2169" stride="3">
              <param name="X" type="float"/>
              <param name="Y" type="float"/>
              <param name="Z" type="float"/>
            </accessor>
          </technique_common>
        </source>
        <vertices id="geometry_01b0d4d9_8c22_48bc_b1f9_2a0e74ea27a6-mesh-vertices">
          <input semantic="POSITION" source="#geometry_01b0d4d9_8c22_48bc_b1f9_2a0e74ea27a6-mesh-positions"/>
        </vertices>
        <triangles count="14344" material="mat_16">
          <input semantic="VERTEX" source="#geometry_01b0d4d9_8c22_48bc_b1f9_2a0e74ea27a6-mesh-vertices" offset="0"/>
          <input semantic="NORMAL" source="#geometry_01b0d4d9_8c22_48bc_b1f9_2a0e74ea27a6-mesh-normals" offset="1"/>
          <p>0 0 3 0 1 0 3 0 2 0 1 0 4 1 7 1 5 1 7 1 6 1 5 1 1 2 2 2 4 2 2 2 7 2 4 2 6 2 9 2 5 2 9 2 8 2 5 2 11 3 10 3 44 3 10 4 135 4 44 4 10 5 109 5 135 5 109 6 134 6 135 6 109 7 141 7 134 7 141 8 133 8 134 8 141 9 140 9 133 9 140 10 132 10 133 10 140 11 139 11 132 11 139 12 131 12 132 12 139 13 138 13 131 13 138 14 130 14 131 14 138 15 137 15 130 15 137 16 129 16 130 16 137 17 136 17 129 17 136 18 30 18 129 18 136 19 31 19 30 19 12 20 11 20 74 20 11 21 61 21 74 21 11 22 60 22 61 22 60 23 62 23 61 23 60 24 59 24 62 24 59 25 63 25 62 25 59 26 58 26 63 26 58 27 64 27 63 27 58 28 57 28 64 28 57 29 65 29 64 29 57 30 56 30 65 30 56 31 66 31 65 31 56 32 55 32 66 32 55 33 67 33 66 33 55 34 54 34 67 34 54 35 20 35 67 35 54 36 21 36 20 36 74 37 73 37 12 37 73 38 13 38 12 38 73 39 72 39 13 39 72 40 71 40 13 40 72 41 63 41 71 41 63 42 64 42 71 42 13 43 71 43 14 43 71 44 70 44 14 44 71 45 64 45 70 45 64 46 65 46 70 46 14 47 70 47 15 47 70 48 69 48 15 48 70 49 65 49 69 49 65 50 66 50 69 50 15 51 69 51 16 51 69 52 68 52 16 52 69 53 66 53 68 53 66 54 67 54 68 54 16 55 68 55 17 55 68 56 67 56 17 56 18 57 17 57 19 57 17 58 67 58 19 58 19 59 67 59 20 59 54 60 75 60 21 60 75 61 22 61 21 61 75 62 82 62 22 62 82 63 23 63 22 63 82 64 89 64 23 64 89 65 24 65 23 65 89 66 96 66 24 66 96 67 25 67 24 67 96 68 103 68 25 68 103 69 26 69 25 69 103 70 110 70 26 70 110 71 27 71 26 71 110 72 117 72 27 72 117 73 28 73 27 73 117 74 123 74 28 74 123 75 29 75 28 75 123 76 129 76 29 76 129 77 30 77 29 77 136 78 142 78 31 78 142 79 32 79 31 79 142 80 149 80 32 80 149 81 33 81 32 81 149 82 53 82 33 82 53 83 35 83 33 83 53 84 36 84 35 84 33 85 35 85 34 85 53 86 52 86 36 86 52 87 37 87 36 87 52 88 38 88 37 88 52 89 51 89 38 89 51 90 39 90 38 90 51 91 50 91 39 91 50 92 40 92 39 92 50 93 49 93 40 93 49 94 41 94 40 94 49 95 48 95 41 95 48 96 42 96 41 96 48 97 47 97 42 97 47 98 10 98 42 98 47 99 43 99 10 99 43 100 148 100 10 100 43 101 147 101 148 101 147 102 141 102 148 102 147 103 140 103 141 103 141 104 109 104 148 104 109 105 10 105 148 105 11 106 44 106 95 106 44 107 122 107 95 107 44 108 128 108 122 108 128 109 121 109 122 109 128 110 127 110 121 110 127 111 120 111 121 111 127 112 126 112 120 112 126 113 119 113 120 113 126 114 125 114 119 114 125 115 118 115 119 115 125 116 124 116 118 116 124 117 117 117 118 117 124 118 123 118 117 118 45 119 102 119 11 119 102 120 81 120 11 120 102 121 94 121 81 121 94 122 87 122 81 122 94 123 86 123 87 123 86 124 79 124 87 124 86 125 78 125 79 125 78 126 57 126 79 126 78 127 56 127 57 127 11 128 46 128 60 128 46 129 59 129 60 129 46 130 80 130 59 130 80 131 58 131 59 131 80 132 79 132 58 132 79 133 57 133 58 133 48 134 154 134 47 134 154 135 43 135 47 135 154 136 147 136 43 136 49 137 153 137 48 137 153 138 154 138 48 138 153 139 146 139 154 139 146 140 147 140 154 140 146 141 140 141 147 141 50 142 152 142 49 142 152 143 153 143 49 143 152 144 145 144 153 144 145 145 146 145 153 145 145 146 139 146 146 146 139 147 140 147 146 147 51 148 151 148 50 148 151 149 152 149 50 149 151 150 144 150 152 150 144 151 145 151 152 151 144 152 138 152 145 152 138 153 139 153 145 153 149 154 52 154 53 154 52 155 150 155 51 155 150 156 151 156 51 156 150 157 143 157 151 157 143 158 144 158 151 158 143 159 137 159 144 159 137 160 138 160 144 160 55 161 76 161 54 161 76 162 75 162 54 162 76 163 83 163 75 163 83 164 82 164 75 164 83 165 90 165 82 165 90 166 89 166 82 166 90 167 97 167 89 167 97 168 96 168 89 168 97 169 104 169 96 169 104 170 103 170 96 170 104 171 111 171 103 171 111 172 110 172 103 172 111 173 118 173 110 173 118 174 117 174 110 174 56 175 77 175 55 175 77 176 76 176 55 176 77 177 84 177 76 177 84 178 83 178 76 178 84 179 91 179 83 179 91 180 90 180 83 180 91 181 98 181 90 181 98 182 97 182 90 182 98 183 105 183 97 183 105 184 104 184 97 184 105 185 112 185 104 185 112 186 111 186 104 186 112 187 119 187 111 187 119 188 118 188 111 188 11 189 88 189 46 189 88 190 80 190 46 190 88 191 87 191 80 191 87 192 79 192 80 192 72 193 62 193 63 193 74 194 61 194 73 194 61 195 62 195 73 195 73 196 62 196 72 196 56 197 78 197 77 197 78 198 85 198 77 198 78 199 86 199 85 199 86 200 93 200 85 200 86 201 94 201 93 201 94 202 101 202 93 202 94 203 102 203 101 203 102 204 45 204 101 204 85 205 84 205 77 205 87 206 88 206 81 206 88 207 11 207 81 207 85 208 92 208 84 208 92 209 91 209 84 209 92 210 99 210 91 210 99 211 98 211 91 211 99 212 106 212 98 212 106 213 105 213 98 213 106 214 113 214 105 214 113 215 112 215 105 215 113 216 120 216 112 216 120 217 119 217 112 217 11 218 116 218 45 218 116 219 108 219 45 219 116 220 115 220 108 220 115 221 107 221 108 221 115 222 114 222 107 222 114 223 106 223 107 223 114 224 113 224 106 224 85 225 93 225 92 225 93 226 100 226 92 226 93 227 101 227 100 227 101 228 108 228 100 228 101 229 45 229 108 229 100 230 99 230 92 230 11 231 95 231 116 231 95 232 115 232 116 232 95 233 122 233 115 233 122 234 114 234 115 234 122 235 121 235 114 235 121 236 113 236 114 236 121 237 120 237 113 237 106 238 99 238 107 238 99 239 100 239 107 239 107 240 100 240 108 240 129 241 123 241 130 241 123 242 124 242 130 242 130 243 124 243 131 243 124 244 125 244 131 244 131 245 125 245 132 245 125 246 126 246 132 246 132 247 126 247 133 247 126 248 127 248 133 248 135 249 128 249 44 249 133 250 127 250 134 250 127 251 128 251 134 251 134 252 128 252 135 252 143 253 136 253 137 253 150 254 142 254 143 254 142 255 136 255 143 255 52 256 149 256 150 256 149 257 142 257 150 257 18 258 155 258 17 258 155 259 16 259 17 259 155 260 196 260 16 260 196 261 201 261 16 261 196 262 202 262 201 262 202 263 197 263 201 263 202 264 167 264 197 264 167 265 165 265 197 265 167 266 166 266 165 266 16 267 201 267 15 267 201 268 14 268 15 268 201 269 13 269 14 269 13 270 201 270 12 270 201 271 11 271 12 271 201 272 10 272 11 272 10 273 201 273 42 273 201 274 41 274 42 274 201 275 40 275 41 275 40 276 201 276 39 276 201 277 38 277 39 277 201 278 37 278 38 278 37 279 201 279 36 279 201 280 35 280 36 280 201 281 198 281 35 281 198 282 156 282 35 282 198 283 157 283 156 283 35 284 156 284 34 284 158 285 157 285 203 285 157 286 206 286 203 286 157 287 198 287 206 287 198 288 205 288 206 288 198 288 197 288 205 288 197 289 164 289 205 289 197 290 165 290 164 290 159 291 158 291 200 291 158 292 207 292 200 292 158 293 203 293 207 293 203 294 208 294 207 294 203 294 204 294 208 294 204 295 163 295 208 295 204 296 164 296 163 296 200 297 209 297 159 297 209 298 160 298 159 298 209 299 161 299 160 299 209 299 210 299 161 299 210 300 162 300 161 300 210 301 199 301 162 301 199 302 163 302 162 302 199 303 208 303 163 303 167 304 202 304 168 304 202 305 169 305 168 305 202 306 170 306 169 306 170 307 202 307 171 307 202 308 172 308 171 308 202 309 173 309 172 309 173 310 202 310 174 310 202 311 175 311 174 311 202 312 176 312 175 312 176 313 202 313 177 313 202 314 178 314 177 314 202 315 179 315 178 315 179 316 202 316 180 316 202 317 181 317 180 317 202 318 195 318 181 318 195 319 184 319 181 319 195 320 185 320 184 320 181 321 184 321 182 321 184 258 183 258 182 258 186 322 185 322 211 322 185 323 214 323 211 323 185 324 195 324 214 324 195 325 213 325 214 325 195 325 196 325 213 325 196 326 192 326 213 326 196 327 155 327 192 327 187 328 186 328 193 328 186 329 215 329 193 329 186 330 211 330 215 330 211 331 216 331 215 331 211 331 212 331 216 331 212 332 191 332 216 332 212 333 192 333 191 333 193 334 217 334 187 334 217 335 188 335 187 335 217 336 189 336 188 336 217 336 218 336 189 336 218 337 190 337 189 337 218 338 194 338 190 338 194 339 191 339 190 339 194 340 216 340 191 340 195 262 202 262 196 262 198 263 201 263 197 263 212 341 213 341 192 341 204 342 205 342 164 342 205 343 204 343 206 343 204 343 203 343 206 343 199 344 207 344 208 344 209 345 200 345 210 345 200 345 199 345 210 345 200 344 207 344 199 344 213 346 212 346 214 346 212 346 211 346 214 346 194 347 215 347 216 347 217 348 193 348 218 348 193 348 194 348 218 348 193 347 215 347 194 347 33 349 34 349 249 349 34 350 250 350 249 350 34 351 156 351 250 351 156 352 231 352 250 352 231 353 251 353 250 353 231 354 230 354 251 354 230 355 252 355 251 355 230 356 229 356 252 356 229 357 253 357 252 357 229 358 228 358 253 358 228 359 254 359 253 359 228 360 227 360 254 360 227 361 255 361 254 361 227 362 226 362 255 362 226 363 232 363 255 363 226 364 225 364 232 364 225 365 233 365 232 365 225 366 224 366 233 366 224 367 234 367 233 367 224 368 223 368 234 368 223 369 235 369 234 369 223 370 222 370 235 370 222 371 236 371 235 371 222 372 221 372 236 372 221 373 237 373 236 373 221 374 220 374 237 374 220 375 238 375 237 375 220 376 219 376 238 376 219 377 239 377 238 377 219 378 155 378 239 378 155 379 18 379 239 379 18 380 19 380 239 380 19 381 240 381 239 381 19 382 20 382 240 382 20 383 241 383 240 383 20 384 21 384 241 384 21 385 22 385 241 385 22 386 242 386 241 386 22 387 23 387 242 387 23 388 24 388 242 388 24 389 243 389 242 389 24 390 25 390 243 390 25 391 244 391 243 391 25 392 26 392 244 392 26 393 27 393 244 393 27 394 245 394 244 394 27 395 28 395 245 395 28 396 246 396 245 396 28 397 29 397 246 397 29 398 30 398 246 398 30 399 247 399 246 399 30 400 31 400 247 400 31 401 248 401 247 401 31 402 32 402 248 402 32 403 33 403 248 403 33 404 249 404 248 404 255 405 232 405 245 405 232 405 244 405 245 405 232 405 233 405 244 405 233 405 243 405 244 405 233 405 234 405 243 405 234 405 242 405 243 405 234 405 235 405 242 405 235 405 241 405 242 405 235 405 236 405 241 405 236 405 240 405 241 405 236 405 237 405 240 405 237 405 239 405 240 405 237 405 238 405 239 405 245 405 246 405 255 405 246 405 254 405 255 405 246 405 247 405 254 405 247 405 253 405 254 405 247 405 248 405 253 405 248 405 252 405 253 405 248 405 249 405 252 405 249 405 251 405 252 405 249 405 250 405 251 405 156 405 157 405 231 405 157 405 230 405 231 405 157 405 268 405 230 405 268 405 229 405 230 405 268 405 267 405 229 405 267 405 265 405 229 405 267 405 266 405 265 405 265 405 9 405 229 405 9 405 228 405 229 405 9 405 6 405 228 405 6 405 227 405 228 405 6 405 226 405 227 405 226 405 6 405 225 405 6 405 7 405 225 405 7 405 2 405 225 405 2 405 3 405 225 405 3 405 224 405 225 405 3 405 223 405 224 405 223 405 3 405 222 405 3 405 263 405 222 405 263 405 221 405 222 405 263 405 261 405 221 405 261 405 260 405 221 405 260 405 220 405 221 405 260 405 192 405 220 405 192 405 219 405 220 405 192 405 155 405 219 405 260 405 259 405 192 405 259 405 191 405 192 405 259 405 258 405 191 405 258 405 257 405 191 405 257 405 190 405 191 405 257 405 256 405 190 405 256 405 189 405 190 405 261 405 263 405 262 405 9 405 265 405 264 405 268 405 157 405 269 405 157 405 158 405 269 405 158 405 270 405 269 405 158 405 159 405 270 405 159 405 271 405 270 405 159 405 272 405 271 405 272 405 159 405 160 405 173 406 174 406 289 406 174 407 380 407 289 407 174 408 354 408 380 408 354 409 379 409 380 409 354 410 386 410 379 410 386 411 378 411 379 411 386 412 385 412 378 412 385 413 377 413 378 413 385 414 384 414 377 414 384 415 376 415 377 415 384 416 383 416 376 416 383 417 375 417 376 417 383 418 382 418 375 418 382 419 374 419 375 419 382 420 381 420 374 420 381 421 284 421 374 421 381 422 285 422 284 422 172 423 173 423 319 423 173 424 306 424 319 424 173 425 305 425 306 425 305 426 307 426 306 426 305 427 304 427 307 427 304 428 308 428 307 428 304 429 303 429 308 429 303 430 309 430 308 430 303 431 302 431 309 431 302 432 310 432 309 432 302 433 301 433 310 433 301 434 311 434 310 434 301 435 300 435 311 435 300 436 312 436 311 436 300 437 299 437 312 437 299 438 274 438 312 438 299 439 275 439 274 439 319 440 318 440 172 440 318 441 171 441 172 441 318 442 317 442 171 442 317 443 316 443 171 443 317 444 308 444 316 444 308 445 309 445 316 445 171 446 316 446 170 446 316 447 315 447 170 447 316 448 309 448 315 448 309 449 310 449 315 449 170 450 315 450 169 450 315 451 314 451 169 451 315 452 310 452 314 452 310 453 311 453 314 453 169 454 314 454 168 454 314 455 313 455 168 455 314 456 311 456 313 456 311 457 312 457 313 457 168 458 313 458 167 458 313 459 312 459 167 459 166 460 167 460 273 460 167 461 312 461 273 461 273 462 312 462 274 462 299 463 320 463 275 463 320 464 276 464 275 464 320 465 327 465 276 465 327 466 277 466 276 466 327 467 334 467 277 467 334 468 278 468 277 468 334 469 341 469 278 469 341 470 279 470 278 470 341 471 348 471 279 471 348 472 280 472 279 472 348 473 355 473 280 473 355 474 281 474 280 474 355 475 362 475 281 475 362 476 282 476 281 476 362 477 368 477 282 477 368 478 283 478 282 478 368 479 374 479 283 479 374 480 284 480 283 480 381 481 387 481 285 481 387 482 286 482 285 482 387 483 394 483 286 483 394 484 287 484 286 484 394 485 298 485 287 485 298 486 182 486 287 486 298 487 181 487 182 487 287 488 182 488 183 488 298 489 297 489 181 489 297 490 180 490 181 490 297 491 179 491 180 491 297 492 296 492 179 492 296 493 178 493 179 493 296 494 295 494 178 494 295 495 177 495 178 495 295 496 294 496 177 496 294 497 176 497 177 497 294 498 293 498 176 498 293 499 175 499 176 499 293 500 292 500 175 500 292 501 174 501 175 501 292 502 288 502 174 502 288 503 393 503 174 503 288 504 392 504 393 504 392 505 386 505 393 505 392 506 385 506 386 506 386 507 354 507 393 507 354 508 174 508 393 508 173 509 289 509 340 509 289 510 367 510 340 510 289 511 373 511 367 511 373 512 366 512 367 512 373 513 372 513 366 513 372 514 365 514 366 514 372 515 371 515 365 515 371 516 364 516 365 516 371 517 370 517 364 517 370 518 363 518 364 518 370 519 369 519 363 519 369 520 362 520 363 520 369 521 368 521 362 521 290 522 347 522 173 522 347 523 326 523 173 523 347 524 339 524 326 524 339 525 332 525 326 525 339 526 331 526 332 526 331 527 324 527 332 527 331 528 323 528 324 528 323 529 302 529 324 529 323 530 301 530 302 530 173 531 291 531 305 531 291 532 304 532 305 532 291 533 325 533 304 533 325 534 303 534 304 534 325 535 324 535 303 535 324 536 302 536 303 536 293 537 399 537 292 537 399 538 288 538 292 538 399 539 392 539 288 539 294 540 398 540 293 540 398 541 399 541 293 541 398 542 391 542 399 542 391 543 392 543 399 543 391 544 385 544 392 544 295 545 397 545 294 545 397 546 398 546 294 546 397 547 390 547 398 547 390 548 391 548 398 548 390 549 384 549 391 549 384 550 385 550 391 550 296 551 396 551 295 551 396 552 397 552 295 552 396 553 389 553 397 553 389 554 390 554 397 554 389 555 383 555 390 555 383 556 384 556 390 556 394 557 297 557 298 557 297 558 395 558 296 558 395 559 396 559 296 559 395 560 388 560 396 560 388 561 389 561 396 561 388 562 382 562 389 562 382 563 383 563 389 563 300 564 321 564 299 564 321 565 320 565 299 565 321 566 328 566 320 566 328 567 327 567 320 567 328 568 335 568 327 568 335 569 334 569 327 569 335 570 342 570 334 570 342 571 341 571 334 571 342 572 349 572 341 572 349 573 348 573 341 573 349 574 356 574 348 574 356 575 355 575 348 575 356 576 363 576 355 576 363 577 362 577 355 577 301 578 322 578 300 578 322 579 321 579 300 579 322 580 329 580 321 580 329 581 328 581 321 581 329 582 336 582 328 582 336 583 335 583 328 583 336 584 343 584 335 584 343 585 342 585 335 585 343 586 350 586 342 586 350 587 349 587 342 587 350 588 357 588 349 588 357 589 356 589 349 589 357 590 364 590 356 590 364 591 363 591 356 591 173 592 333 592 291 592 333 593 325 593 291 593 333 594 332 594 325 594 332 595 324 595 325 595 317 596 307 596 308 596 319 597 306 597 318 597 306 598 307 598 318 598 318 599 307 599 317 599 301 600 323 600 322 600 323 601 330 601 322 601 323 602 331 602 330 602 331 603 338 603 330 603 331 604 339 604 338 604 339 605 346 605 338 605 339 606 347 606 346 606 347 607 290 607 346 607 330 608 329 608 322 608 332 609 333 609 326 609 333 610 173 610 326 610 330 611 337 611 329 611 337 612 336 612 329 612 337 613 344 613 336 613 344 614 343 614 336 614 344 615 351 615 343 615 351 616 350 616 343 616 351 617 358 617 350 617 358 618 357 618 350 618 358 619 365 619 357 619 365 620 364 620 357 620 173 621 361 621 290 621 361 622 353 622 290 622 361 623 360 623 353 623 360 624 352 624 353 624 360 625 359 625 352 625 359 626 351 626 352 626 359 627 358 627 351 627 330 628 338 628 337 628 338 629 345 629 337 629 338 630 346 630 345 630 346 631 353 631 345 631 346 632 290 632 353 632 345 633 344 633 337 633 173 634 340 634 361 634 340 635 360 635 361 635 340 636 367 636 360 636 367 637 359 637 360 637 367 638 366 638 359 638 366 639 358 639 359 639 366 640 365 640 358 640 351 641 344 641 352 641 344 642 345 642 352 642 352 643 345 643 353 643 374 644 368 644 375 644 368 645 369 645 375 645 375 646 369 646 376 646 369 647 370 647 376 647 376 648 370 648 377 648 370 649 371 649 377 649 377 650 371 650 378 650 371 651 372 651 378 651 380 652 373 652 289 652 378 653 372 653 379 653 372 654 373 654 379 654 379 655 373 655 380 655 388 656 381 656 382 656 395 657 387 657 388 657 387 658 381 658 388 658 297 659 394 659 395 659 394 660 387 660 395 660 287 661 183 661 418 661 183 662 412 662 418 662 183 663 184 663 412 663 418 664 417 664 287 664 417 665 286 665 287 665 417 666 416 666 286 666 416 667 285 667 286 667 416 668 284 668 285 668 416 669 415 669 284 669 415 670 283 670 284 670 415 671 282 671 283 671 415 672 414 672 282 672 414 673 281 673 282 673 414 674 413 674 281 674 413 675 280 675 281 675 413 676 279 676 280 676 413 677 436 677 279 677 436 678 278 678 279 678 436 679 435 679 278 679 435 680 277 680 278 680 435 681 276 681 277 681 435 682 434 682 276 682 434 683 275 683 276 683 434 684 274 684 275 684 434 685 433 685 274 685 433 686 273 686 274 686 433 687 432 687 273 687 432 688 166 688 273 688 432 689 431 689 166 689 431 351 165 351 166 351 431 690 400 690 165 690 431 691 430 691 400 691 430 692 401 692 400 692 430 693 429 693 401 693 429 694 402 694 401 694 429 695 428 695 402 695 428 696 403 696 402 696 428 697 427 697 403 697 427 698 404 698 403 698 427 699 426 699 404 699 426 700 405 700 404 700 426 701 425 701 405 701 425 702 406 702 405 702 425 703 424 703 406 703 424 704 407 704 406 704 424 705 423 705 407 705 423 706 408 706 407 706 423 707 422 707 408 707 422 708 409 708 408 708 422 709 421 709 409 709 421 710 410 710 409 710 421 711 420 711 410 711 420 712 411 712 410 712 420 713 419 713 411 713 419 714 412 714 411 714 419 715 418 715 412 715 436 716 413 716 426 716 413 716 425 716 426 716 413 716 414 716 425 716 414 716 424 716 425 716 414 716 415 716 424 716 415 716 423 716 424 716 415 716 416 716 423 716 416 716 422 716 423 716 416 716 417 716 422 716 417 716 421 716 422 716 417 716 418 716 421 716 418 716 420 716 421 716 418 716 419 716 420 716 426 716 427 716 436 716 427 716 435 716 436 716 427 716 428 716 435 716 428 716 434 716 435 716 428 716 429 716 434 716 429 716 433 716 434 716 429 716 430 716 433 716 430 716 432 716 433 716 430 716 431 716 432 716 184 716 185 716 412 716 185 716 411 716 412 716 185 716 449 716 411 716 449 716 410 716 411 716 449 716 448 716 410 716 448 716 446 716 410 716 448 716 447 716 446 716 410 716 446 716 409 716 446 716 0 716 409 716 0 716 408 716 409 716 0 716 407 716 408 716 407 716 0 716 406 716 0 716 1 716 406 716 1 716 4 716 406 716 4 716 5 716 406 716 5 716 405 716 406 716 5 716 404 716 405 716 404 716 5 716 403 716 5 716 8 716 403 716 8 716 402 716 403 716 8 716 444 716 402 716 444 716 442 716 402 716 444 716 443 716 442 716 442 716 441 716 402 716 441 716 401 716 402 716 441 716 164 716 401 716 164 716 400 716 401 716 164 716 165 716 400 716 441 716 440 716 164 716 440 716 163 716 164 716 440 716 439 716 163 716 439 716 162 716 163 716 439 716 438 716 162 716 438 716 437 716 162 716 437 716 161 716 162 716 444 716 8 716 445 716 449 716 185 716 450 716 185 716 186 716 450 716 186 716 451 716 450 716 186 716 452 716 451 716 186 716 187 716 452 716 187 716 453 716 452 716 187 716 188 716 453 716 445 0 8 0 264 0 8 0 9 0 264 0 262 717 263 717 454 717 263 717 455 717 454 717 263 717 456 717 455 717 456 718 462 718 455 718 456 718 463 718 462 718 463 719 469 719 462 719 463 719 470 719 469 719 470 720 450 720 469 720 470 720 471 720 450 720 471 720 449 720 450 720 471 719 465 719 449 719 465 719 448 719 449 719 465 718 459 718 448 718 459 718 447 718 448 718 459 717 446 717 447 717 454 718 460 718 262 718 460 718 261 718 262 718 460 719 466 719 261 719 466 719 260 719 261 719 466 720 259 720 260 720 450 720 259 720 468 720 259 720 467 720 468 720 259 720 466 720 467 720 466 719 460 719 467 719 263 717 446 717 457 717 446 717 458 717 457 717 446 717 459 717 458 717 459 718 465 718 458 718 457 717 456 717 263 717 455 718 461 718 454 718 461 718 460 718 454 718 461 719 467 719 460 719 456 718 457 718 463 718 457 718 464 718 463 718 457 718 458 718 464 718 458 718 465 718 464 718 455 718 462 718 461 718 462 719 468 719 461 719 462 719 469 719 468 719 469 720 450 720 468 720 468 719 467 719 461 719 471 719 464 719 465 719 471 719 470 719 464 719 470 719 463 719 464 719 259 721 450 721 258 721 450 721 451 721 258 721 453 722 188 722 472 722 188 723 473 723 472 723 188 723 474 723 473 723 474 724 258 724 473 724 474 724 475 724 258 724 475 724 476 724 258 724 475 725 256 725 476 725 256 726 257 726 476 726 257 727 258 727 476 727 453 728 472 728 452 728 472 729 473 729 452 729 451 730 452 730 258 730 452 731 473 731 258 731 189 732 256 732 188 732 256 733 475 733 188 733 475 723 474 723 188 723 268 734 269 734 477 734 269 734 478 734 477 734 269 734 479 734 478 734 479 735 485 735 478 735 479 735 486 735 485 735 486 736 492 736 485 736 486 736 493 736 492 736 493 737 444 737 492 737 493 737 494 737 444 737 494 737 443 737 444 737 494 736 488 736 443 736 488 736 442 736 443 736 488 735 482 735 442 735 482 735 441 735 442 735 482 734 440 734 441 734 477 735 483 735 268 735 483 735 267 735 268 735 483 736 489 736 267 736 489 736 266 736 267 736 489 737 265 737 266 737 444 737 265 737 491 737 265 737 490 737 491 737 265 737 489 737 490 737 489 736 483 736 490 736 269 734 440 734 480 734 440 734 481 734 480 734 440 734 482 734 481 734 482 735 488 735 481 735 480 734 479 734 269 734 478 735 484 735 477 735 484 735 483 735 477 735 484 736 490 736 483 736 479 735 480 735 486 735 480 735 487 735 486 735 480 735 481 735 487 735 481 735 488 735 487 735 478 735 485 735 484 735 485 736 491 736 484 736 485 736 492 736 491 736 492 737 444 737 491 737 491 736 490 736 484 736 494 736 487 736 488 736 494 736 493 736 487 736 493 736 486 736 487 736 440 738 269 738 439 738 269 738 270 738 439 738 272 739 160 739 495 739 160 740 496 740 495 740 160 740 497 740 496 740 497 741 271 741 496 741 497 742 439 742 271 742 439 743 270 743 271 743 272 744 495 744 271 744 495 741 496 741 271 741 438 745 439 745 501 745 439 746 500 746 501 746 439 746 499 746 500 746 499 747 437 747 500 747 499 748 160 748 437 748 160 749 161 749 437 749 438 750 501 750 437 750 501 747 500 747 437 747 499 740 498 740 160 740 498 740 497 740 160 740 498 746 439 746 497 746 439 746 498 746 499 746 3 2 0 2 263 2 0 2 446 2 263 2 265 2 444 2 264 2 444 2 445 2 264 2 502 751 521 751 503 751 521 751 504 751 503 751 521 752 520 752 504 752 520 752 505 752 504 752 520 753 519 753 505 753 519 753 506 753 505 753 519 754 518 754 506 754 518 754 507 754 506 754 518 755 517 755 507 755 517 755 508 755 507 755 517 756 516 756 508 756 516 756 509 756 508 756 516 757 515 757 509 757 515 757 510 757 509 757 515 758 514 758 510 758 514 758 511 758 510 758 514 759 513 759 511 759 513 759 512 759 511 759 523 760 522 760 524 760 522 760 541 760 524 760 541 761 525 761 524 761 541 761 540 761 525 761 540 762 526 762 525 762 540 762 539 762 526 762 539 763 527 763 526 763 539 763 538 763 527 763 538 764 528 764 527 764 538 764 537 764 528 764 537 765 529 765 528 765 537 765 536 765 529 765 536 766 530 766 529 766 536 766 535 766 530 766 535 767 531 767 530 767 535 767 534 767 531 767 534 768 532 768 531 768 534 768 533 768 532 768 542 760 558 760 543 760 558 769 559 769 543 769 558 770 557 770 559 770 557 771 556 771 559 771 556 772 560 772 559 772 556 773 555 773 560 773 555 774 561 774 560 774 555 775 554 775 561 775 554 776 553 776 561 776 553 777 562 777 561 777 553 778 552 778 562 778 552 779 563 779 562 779 552 780 551 780 563 780 551 781 550 781 563 781 550 782 549 782 563 782 549 782 548 782 563 782 548 783 547 783 563 783 547 783 562 783 563 783 547 784 546 784 562 784 546 784 561 784 562 784 546 785 545 785 561 785 545 785 560 785 561 785 545 786 544 786 560 786 544 786 559 786 560 786 544 787 543 787 559 787 565 788 564 788 566 788 564 788 583 788 566 788 583 761 567 761 566 761 583 761 582 761 567 761 582 762 568 762 567 762 582 762 581 762 568 762 581 763 569 763 568 763 581 763 580 763 569 763 580 764 570 764 569 764 580 764 579 764 570 764 579 776 571 776 570 776 579 776 578 776 571 776 578 766 572 766 571 766 578 766 577 766 572 766 577 767 573 767 572 767 577 767 576 767 573 767 576 768 574 768 573 768 576 768 575 768 574 768 584 751 600 751 585 751 600 789 601 789 585 789 600 790 599 790 601 790 599 791 602 791 601 791 599 792 598 792 602 792 598 793 603 793 602 793 598 754 597 754 603 754 597 794 596 794 603 794 596 795 604 795 603 795 596 796 595 796 604 796 595 797 605 797 604 797 595 798 594 798 605 798 594 799 593 799 605 799 593 800 592 800 605 800 592 801 591 801 605 801 591 801 590 801 605 801 590 802 589 802 605 802 589 802 604 802 605 802 589 803 588 803 604 803 588 803 603 803 604 803 588 804 587 804 603 804 587 804 602 804 603 804 587 805 586 805 602 805 586 805 601 805 602 805 586 806 585 806 601 806 606 807 625 807 607 807 625 807 608 807 607 807 625 808 624 808 608 808 624 808 609 808 608 808 624 809 623 809 609 809 623 809 610 809 609 809 623 810 622 810 610 810 622 810 611 810 610 810 622 811 621 811 611 811 621 811 612 811 611 811 621 812 620 812 612 812 620 812 613 812 612 812 620 813 619 813 613 813 619 813 614 813 613 813 619 814 618 814 614 814 618 814 615 814 614 814 618 815 617 815 615 815 617 815 616 815 615 815 592 816 593 816 626 816 593 816 627 816 626 816 593 817 594 817 627 817 594 817 628 817 627 817 594 818 595 818 628 818 595 818 629 818 628 818 595 819 596 819 629 819 596 819 630 819 629 819 596 820 597 820 630 820 597 820 631 820 630 820 597 821 598 821 631 821 598 821 632 821 631 821 598 822 599 822 632 822 599 822 633 822 632 822 599 823 600 823 633 823 600 823 634 823 633 823 600 824 584 824 634 824 584 824 635 824 634 824 607 768 608 768 636 768 608 825 643 825 636 825 608 826 609 826 643 826 609 827 644 827 643 827 609 828 610 828 644 828 610 829 645 829 644 829 610 776 611 776 645 776 611 775 612 775 645 775 612 830 646 830 645 830 612 831 613 831 646 831 613 832 647 832 646 832 613 833 614 833 647 833 614 834 615 834 647 834 615 835 616 835 647 835 616 787 642 787 647 787 642 787 641 787 647 787 641 786 640 786 647 786 640 786 646 786 647 786 640 785 639 785 646 785 639 785 645 785 646 785 639 784 638 784 645 784 638 784 644 784 645 784 638 783 637 783 644 783 637 783 643 783 644 783 637 782 636 782 643 782 648 836 664 836 649 836 664 836 669 836 649 836 664 837 663 837 669 837 663 838 674 838 669 838 663 839 662 839 674 839 662 840 679 840 674 840 662 841 661 841 679 841 661 841 684 841 679 841 661 842 660 842 684 842 660 842 689 842 684 842 660 843 636 843 689 843 636 843 637 843 689 843 637 844 688 844 689 844 637 844 638 844 688 844 638 845 687 845 688 845 638 845 639 845 687 845 639 846 686 846 687 846 639 846 640 846 686 846 640 847 685 847 686 847 640 848 641 848 685 848 641 849 659 849 685 849 641 849 642 849 659 849 649 850 669 850 650 850 669 850 668 850 650 850 669 851 674 851 668 851 674 852 673 852 668 852 674 853 679 853 673 853 679 853 678 853 673 853 679 854 684 854 678 854 684 855 683 855 678 855 684 856 689 856 683 856 689 856 688 856 683 856 650 857 668 857 651 857 668 858 667 858 651 858 668 859 673 859 667 859 673 860 672 860 667 860 673 861 678 861 672 861 678 862 677 862 672 862 678 863 683 863 677 863 683 863 682 863 677 863 683 864 688 864 682 864 688 864 687 864 682 864 651 865 667 865 652 865 667 865 666 865 652 865 667 866 672 866 666 866 672 867 671 867 666 867 672 868 677 868 671 868 677 868 676 868 671 868 677 869 682 869 676 869 682 869 681 869 676 869 682 870 687 870 681 870 687 870 686 870 681 870 652 871 666 871 653 871 666 872 665 872 653 872 666 873 671 873 665 873 671 874 670 874 665 874 671 875 676 875 670 875 676 876 675 876 670 876 676 877 681 877 675 877 681 878 680 878 675 878 681 879 686 879 680 879 686 880 685 880 680 880 653 881 665 881 654 881 665 882 655 882 654 882 665 883 670 883 655 883 670 884 656 884 655 884 670 885 675 885 656 885 675 886 657 886 656 886 675 887 680 887 657 887 680 888 658 888 657 888 680 889 685 889 658 889 685 890 659 890 658 890 690 891 699 891 654 891 699 892 700 892 654 892 699 893 698 893 700 893 698 894 697 894 700 894 697 895 701 895 700 895 697 896 696 896 701 896 696 897 702 897 701 897 696 898 695 898 702 898 695 899 694 899 702 899 694 900 703 900 702 900 694 901 693 901 703 901 693 902 704 902 703 902 693 903 692 903 704 903 692 904 691 904 704 904 691 905 648 905 704 905 648 905 649 905 704 905 649 906 650 906 704 906 650 906 703 906 704 906 650 907 651 907 703 907 651 907 702 907 703 907 651 908 652 908 702 908 652 908 701 908 702 908 652 909 653 909 701 909 653 909 700 909 701 909 653 910 654 910 700 910 626 911 627 911 705 911 627 911 706 911 705 911 627 912 715 912 706 912 715 913 707 913 706 913 715 914 708 914 707 914 715 915 716 915 708 915 716 916 709 916 708 916 716 917 717 917 709 917 717 918 710 918 709 918 717 919 711 919 710 919 717 920 718 920 711 920 718 921 712 921 711 921 718 922 719 922 712 922 719 923 713 923 712 923 719 924 635 924 713 924 635 751 714 751 713 751 635 925 719 925 634 925 719 926 633 926 634 926 719 927 718 927 633 927 718 928 632 928 633 928 718 929 717 929 632 929 717 919 631 919 632 919 717 918 630 918 631 918 717 930 716 930 630 930 716 931 629 931 630 931 716 932 715 932 629 932 715 933 628 933 629 933 715 934 627 934 628 934 720 751 691 751 721 751 691 751 692 751 721 751 692 752 722 752 721 752 692 752 693 752 722 752 693 753 723 753 722 753 693 753 694 753 723 753 694 754 724 754 723 754 694 754 695 754 724 754 695 755 725 755 724 755 695 755 696 755 725 755 696 935 726 935 725 935 696 935 697 935 726 935 697 936 727 936 726 936 697 936 698 936 727 936 698 758 728 758 727 758 698 758 699 758 728 758 699 759 729 759 728 759 699 759 690 759 729 759 730 824 746 824 731 824 746 937 747 937 731 937 746 938 745 938 747 938 745 939 748 939 747 939 745 940 744 940 748 940 744 941 749 941 748 941 744 899 743 899 749 899 743 898 742 898 749 898 742 942 750 942 749 942 742 943 741 943 750 943 741 944 751 944 750 944 741 945 740 945 751 945 740 946 739 946 751 946 739 947 738 947 751 947 738 910 737 910 751 910 737 910 736 910 751 910 736 909 735 909 751 909 735 909 750 909 751 909 735 908 734 908 750 908 734 908 749 908 750 908 734 907 733 907 749 907 733 907 748 907 749 907 733 906 732 906 748 906 732 906 747 906 748 906 732 905 731 905 747 905 752 768 761 768 730 768 761 768 746 768 730 768 761 767 760 767 746 767 760 767 745 767 746 767 760 766 759 766 745 766 759 766 744 766 745 766 759 776 758 776 744 776 758 776 743 776 744 776 758 764 757 764 743 764 757 764 742 764 743 764 757 763 756 763 742 763 756 763 741 763 742 763 756 762 755 762 741 762 755 762 740 762 741 762 755 761 754 761 740 761 754 761 739 761 740 761 754 788 753 788 739 788 753 788 738 788 739 788 762 948 778 948 763 948 778 949 783 949 763 949 778 950 777 950 783 950 777 950 788 950 783 950 777 951 776 951 788 951 776 952 793 952 788 952 776 953 775 953 793 953 775 953 798 953 793 953 775 954 774 954 798 954 774 955 803 955 798 955 774 956 731 956 803 956 731 956 732 956 803 956 732 957 802 957 803 957 732 958 733 958 802 958 733 959 801 959 802 959 733 960 734 960 801 960 734 961 800 961 801 961 734 961 735 961 800 961 735 962 799 962 800 962 735 963 736 963 799 963 736 964 773 964 799 964 736 965 737 965 773 965 763 966 783 966 764 966 783 967 782 967 764 967 783 968 788 968 782 968 788 968 787 968 782 968 788 969 793 969 787 969 793 970 792 970 787 970 793 971 798 971 792 971 798 972 797 972 792 972 798 973 803 973 797 973 803 974 802 974 797 974 764 975 782 975 765 975 782 976 781 976 765 976 782 977 787 977 781 977 787 977 786 977 781 977 787 978 792 978 786 978 792 978 791 978 786 978 792 979 797 979 791 979 797 979 796 979 791 979 797 980 802 980 796 980 802 981 801 981 796 981 765 982 781 982 766 982 781 982 780 982 766 982 781 983 786 983 780 983 786 984 785 984 780 984 786 985 791 985 785 985 791 985 790 985 785 985 791 986 796 986 790 986 796 986 795 986 790 986 796 987 801 987 795 987 801 988 800 988 795 988 766 989 780 989 767 989 780 990 779 990 767 990 780 991 785 991 779 991 785 992 784 992 779 992 785 993 790 993 784 993 790 994 789 994 784 994 790 995 795 995 789 995 795 996 794 996 789 996 795 997 800 997 794 997 800 998 799 998 794 998 767 999 779 999 768 999 779 1000 769 1000 768 1000 779 1001 784 1001 769 1001 784 1002 770 1002 769 1002 784 1003 789 1003 770 1003 789 1004 771 1004 770 1004 789 1005 794 1005 771 1005 794 1006 772 1006 771 1006 794 1007 799 1007 772 1007 799 1008 773 1008 772 1008 804 911 813 911 768 911 813 1009 814 1009 768 1009 813 1010 812 1010 814 1010 812 1011 811 1011 814 1011 811 1012 815 1012 814 1012 811 1013 810 1013 815 1013 810 1014 816 1014 815 1014 810 794 809 794 816 794 809 754 808 754 816 754 808 1015 817 1015 816 1015 808 1016 807 1016 817 1016 807 1017 818 1017 817 1017 807 1018 806 1018 818 1018 806 1019 805 1019 818 1019 805 806 762 806 818 806 762 806 763 806 818 806 763 805 764 805 818 805 764 805 817 805 818 805 764 804 765 804 817 804 765 804 816 804 817 804 765 803 766 803 816 803 766 803 815 803 816 803 766 802 767 802 815 802 767 802 814 802 815 802 767 801 768 801 814 801 720 824 721 824 752 824 721 1020 820 1020 752 1020 721 1021 722 1021 820 1021 722 1022 819 1022 820 1022 722 1023 723 1023 819 1023 723 1024 821 1024 819 1024 723 1025 724 1025 821 1025 724 1026 725 1026 821 1026 725 1027 822 1027 821 1027 725 1028 726 1028 822 1028 726 1029 823 1029 822 1029 726 1030 727 1030 823 1030 727 1031 728 1031 823 1031 728 1032 754 1032 823 1032 728 891 729 891 754 891 729 891 753 891 754 891 752 1033 820 1033 761 1033 820 1034 760 1034 761 1034 820 1035 819 1035 760 1035 819 1036 759 1036 760 1036 819 1037 821 1037 759 1037 821 1025 758 1025 759 1025 821 1026 757 1026 758 1026 821 1038 822 1038 757 1038 822 1039 756 1039 757 1039 822 1040 823 1040 756 1040 823 1041 755 1041 756 1041 823 1042 754 1042 755 1042 804 815 705 815 813 815 705 815 706 815 813 815 706 814 812 814 813 814 706 814 707 814 812 814 707 813 811 813 812 813 707 813 708 813 811 813 708 812 810 812 811 812 708 812 709 812 810 812 709 811 809 811 810 811 709 811 710 811 809 811 710 810 808 810 809 810 710 810 711 810 808 810 711 809 807 809 808 809 711 809 712 809 807 809 712 808 806 808 807 808 712 808 713 808 806 808 713 807 805 807 806 807 713 807 714 807 805 807 824 1043 840 1043 825 1043 840 1043 845 1043 825 1043 840 1044 839 1044 845 1044 839 1044 850 1044 845 1044 839 1045 838 1045 850 1045 838 1046 855 1046 850 1046 838 1047 837 1047 855 1047 837 1047 860 1047 855 1047 837 1048 836 1048 860 1048 836 1048 865 1048 860 1048 836 1049 585 1049 865 1049 585 1050 586 1050 865 1050 586 1051 864 1051 865 1051 586 1052 587 1052 864 1052 587 1053 863 1053 864 1053 587 1054 588 1054 863 1054 588 1055 862 1055 863 1055 588 1055 589 1055 862 1055 589 1056 861 1056 862 1056 589 1057 590 1057 861 1057 590 1058 835 1058 861 1058 590 1059 591 1059 835 1059 825 1060 845 1060 826 1060 845 1060 844 1060 826 1060 845 1061 850 1061 844 1061 850 1062 849 1062 844 1062 850 1063 855 1063 849 1063 855 1063 854 1063 849 1063 855 1064 860 1064 854 1064 860 1064 859 1064 854 1064 860 1065 865 1065 859 1065 865 1065 864 1065 859 1065 826 1066 844 1066 827 1066 844 1066 843 1066 827 1066 844 1067 849 1067 843 1067 849 1068 848 1068 843 1068 849 1069 854 1069 848 1069 854 1069 853 1069 848 1069 854 1070 859 1070 853 1070 859 1070 858 1070 853 1070 859 1071 864 1071 858 1071 864 1071 863 1071 858 1071 827 1072 843 1072 828 1072 843 1073 842 1073 828 1073 843 1074 848 1074 842 1074 848 1075 847 1075 842 1075 848 1076 853 1076 847 1076 853 1076 852 1076 847 1076 853 1077 858 1077 852 1077 858 1077 857 1077 852 1077 858 1078 863 1078 857 1078 863 1078 862 1078 857 1078 828 1079 842 1079 829 1079 842 1080 841 1080 829 1080 842 1081 847 1081 841 1081 847 1082 846 1082 841 1082 847 1083 852 1083 846 1083 852 1084 851 1084 846 1084 852 1085 857 1085 851 1085 857 1085 856 1085 851 1085 857 1086 862 1086 856 1086 862 1087 861 1087 856 1087 829 1088 841 1088 830 1088 841 1089 831 1089 830 1089 841 1090 846 1090 831 1090 846 1091 832 1091 831 1091 846 1092 851 1092 832 1092 851 1093 833 1093 832 1093 851 1094 856 1094 833 1094 856 1095 834 1095 833 1095 856 1096 861 1096 834 1096 861 1097 835 1097 834 1097 565 1098 566 1098 830 1098 566 1099 866 1099 830 1099 566 1100 567 1100 866 1100 567 1101 568 1101 866 1101 568 1102 867 1102 866 1102 568 1103 569 1103 867 1103 569 1104 868 1104 867 1104 569 1105 570 1105 868 1105 570 1106 571 1106 868 1106 571 1107 869 1107 868 1107 571 1108 572 1108 869 1108 572 1109 870 1109 869 1109 572 1110 573 1110 870 1110 573 1111 574 1111 870 1111 574 1112 824 1112 870 1112 824 1112 825 1112 870 1112 825 1113 826 1113 870 1113 826 1113 869 1113 870 1113 826 1114 827 1114 869 1114 827 1114 868 1114 869 1114 827 1115 828 1115 868 1115 828 1115 867 1115 868 1115 828 1116 829 1116 867 1116 829 1116 866 1116 867 1116 829 1117 830 1117 866 1117 871 768 880 768 606 768 880 1118 882 1118 606 1118 880 1119 879 1119 882 1119 879 1120 881 1120 882 1120 879 1121 878 1121 881 1121 878 1122 883 1122 881 1122 878 776 877 776 883 776 877 764 876 764 883 764 876 1123 884 1123 883 1123 876 1124 875 1124 884 1124 875 1125 885 1125 884 1125 875 1126 874 1126 885 1126 874 1127 873 1127 885 1127 873 1128 618 1128 885 1128 873 788 872 788 618 788 872 788 617 788 618 788 606 1129 882 1129 625 1129 882 1130 624 1130 625 1130 882 1131 881 1131 624 1131 881 1132 623 1132 624 1132 881 1133 883 1133 623 1133 883 776 622 776 623 776 883 764 621 764 622 764 883 1134 884 1134 621 1134 884 1135 620 1135 621 1135 884 1136 885 1136 620 1136 885 1137 619 1137 620 1137 885 1138 618 1138 619 1138 871 824 550 824 880 824 550 824 551 824 880 824 551 823 879 823 880 823 551 823 552 823 879 823 552 822 878 822 879 822 552 822 553 822 878 822 553 821 877 821 878 821 553 821 554 821 877 821 554 820 876 820 877 820 554 820 555 820 876 820 555 819 875 819 876 819 555 819 556 819 875 819 556 818 874 818 875 818 556 818 557 818 874 818 557 817 873 817 874 817 557 817 558 817 873 817 558 816 872 816 873 816 558 816 542 816 872 816 523 1139 524 1139 564 1139 524 1139 583 1139 564 1139 524 814 525 814 583 814 525 814 582 814 583 814 525 1140 526 1140 582 1140 526 1140 581 1140 582 1140 526 1141 527 1141 581 1141 527 1141 580 1141 581 1141 527 1105 528 1105 580 1105 528 1105 579 1105 580 1105 528 1106 529 1106 579 1106 529 1106 578 1106 579 1106 529 809 530 809 578 809 530 809 577 809 578 809 530 808 531 808 577 808 531 808 576 808 577 808 531 807 532 807 576 807 532 807 575 807 576 807 886 1142 902 1142 887 1142 902 1143 907 1143 887 1143 902 1144 901 1144 907 1144 901 1145 912 1145 907 1145 901 1146 900 1146 912 1146 900 1147 917 1147 912 1147 900 1148 899 1148 917 1148 899 1149 922 1149 917 1149 899 1150 898 1150 922 1150 898 1151 927 1151 922 1151 898 1152 543 1152 927 1152 543 1152 544 1152 927 1152 544 1153 926 1153 927 1153 544 1154 545 1154 926 1154 545 1155 925 1155 926 1155 545 1155 546 1155 925 1155 546 1156 924 1156 925 1156 546 1156 547 1156 924 1156 547 1157 923 1157 924 1157 547 1157 548 1157 923 1157 548 1158 897 1158 923 1158 548 1158 549 1158 897 1158 887 1159 907 1159 888 1159 907 1160 906 1160 888 1160 907 1161 912 1161 906 1161 912 1162 911 1162 906 1162 912 1163 917 1163 911 1163 917 1164 916 1164 911 1164 917 1165 922 1165 916 1165 922 1165 921 1165 916 1165 922 1166 927 1166 921 1166 927 1167 926 1167 921 1167 888 1168 906 1168 889 1168 906 1169 905 1169 889 1169 906 1170 911 1170 905 1170 911 1171 910 1171 905 1171 911 1172 916 1172 910 1172 916 1173 915 1173 910 1173 916 1174 921 1174 915 1174 921 1174 920 1174 915 1174 921 1175 926 1175 920 1175 926 1175 925 1175 920 1175 889 1176 905 1176 890 1176 905 1176 904 1176 890 1176 905 1177 910 1177 904 1177 910 1177 909 1177 904 1177 910 1178 915 1178 909 1178 915 1179 914 1179 909 1179 915 1180 920 1180 914 1180 920 1180 919 1180 914 1180 920 1181 925 1181 919 1181 925 1182 924 1182 919 1182 890 1183 904 1183 891 1183 904 1184 903 1184 891 1184 904 1185 909 1185 903 1185 909 1186 908 1186 903 1186 909 1187 914 1187 908 1187 914 1188 913 1188 908 1188 914 1189 919 1189 913 1189 919 1189 918 1189 913 1189 919 1190 924 1190 918 1190 924 1190 923 1190 918 1190 891 1191 903 1191 892 1191 903 1191 893 1191 892 1191 903 1192 908 1192 893 1192 908 1192 894 1192 893 1192 908 1193 913 1193 894 1193 913 1193 895 1193 894 1193 913 1194 918 1194 895 1194 918 1194 896 1194 895 1194 918 1195 923 1195 896 1195 923 1195 897 1195 896 1195 928 807 937 807 892 807 937 1196 938 1196 892 1196 937 1197 936 1197 938 1197 936 1198 939 1198 938 1198 936 1199 935 1199 939 1199 935 1200 940 1200 939 1200 935 1106 934 1106 940 1106 934 1105 933 1105 940 1105 933 1201 941 1201 940 1201 933 1202 932 1202 941 1202 932 1203 942 1203 941 1203 932 1204 931 1204 942 1204 931 1205 930 1205 942 1205 930 1206 929 1206 942 1206 929 1117 886 1117 942 1117 886 1117 887 1117 942 1117 887 1116 888 1116 942 1116 888 1116 941 1116 942 1116 888 1115 889 1115 941 1115 889 1115 940 1115 941 1115 889 1114 890 1114 940 1114 890 1114 939 1114 940 1114 890 1113 891 1113 939 1113 891 1113 938 1113 939 1113 891 1112 892 1112 938 1112 943 751 952 751 928 751 952 751 937 751 928 751 952 752 951 752 937 752 951 752 936 752 937 752 951 753 950 753 936 753 950 753 935 753 936 753 950 754 949 754 935 754 949 754 934 754 935 754 949 755 948 755 934 755 948 755 933 755 934 755 948 935 947 935 933 935 947 935 932 935 933 935 947 936 946 936 932 936 946 936 931 936 932 936 946 758 945 758 931 758 945 758 930 758 931 758 945 759 944 759 930 759 944 759 929 759 930 759 522 1139 513 1139 541 1139 513 1139 514 1139 541 1139 514 1207 515 1207 541 1207 515 1208 954 1208 541 1208 515 1209 516 1209 954 1209 516 1210 953 1210 954 1210 516 1211 517 1211 953 1211 517 1212 955 1212 953 1212 517 811 518 811 955 811 518 1106 519 1106 955 1106 519 1213 956 1213 955 1213 519 1214 520 1214 956 1214 520 1215 957 1215 956 1215 520 1216 521 1216 957 1216 521 1217 502 1217 957 1217 502 1218 534 1218 957 1218 502 807 533 807 534 807 541 1219 954 1219 540 1219 954 1220 539 1220 540 1220 954 1221 953 1221 539 1221 953 1222 538 1222 539 1222 953 1223 955 1223 538 1223 955 811 537 811 538 811 955 1106 536 1106 537 1106 955 1224 956 1224 536 1224 956 1225 535 1225 536 1225 956 1226 957 1226 535 1226 957 1227 534 1227 535 1227 943 807 503 807 952 807 503 807 504 807 952 807 504 808 951 808 952 808 504 808 505 808 951 808 505 809 950 809 951 809 505 809 506 809 950 809 506 1106 949 1106 950 1106 506 1106 507 1106 949 1106 507 1105 948 1105 949 1105 507 1105 508 1105 948 1105 508 1141 947 1141 948 1141 508 1141 509 1141 947 1141 509 1140 946 1140 947 1140 509 1140 510 1140 946 1140 510 814 945 814 946 814 510 814 511 814 945 814 511 1139 944 1139 945 1139 511 1139 512 1139 944 1139 944 2 959 2 929 2 959 2 958 2 929 2 929 1 958 1 886 1 958 1 960 1 886 1 960 1228 966 1228 886 1228 966 1228 902 1228 886 1228 966 1229 965 1229 902 1229 965 1229 901 1229 902 1229 965 1230 964 1230 901 1230 964 1230 900 1230 901 1230 964 1231 963 1231 900 1231 963 1231 899 1231 900 1231 963 1232 962 1232 899 1232 962 1232 898 1232 899 1232 962 1233 961 1233 898 1233 961 1233 543 1233 898 1233 543 1234 961 1234 542 1234 961 1234 967 1234 542 1234 542 0 967 0 872 0 967 0 968 0 872 0 872 1234 968 1234 617 1234 968 1234 969 1234 617 1234 617 1 969 1 616 1 969 1 970 1 616 1 616 1234 970 1234 642 1234 970 1234 971 1234 642 1234 971 1235 977 1235 642 1235 977 1235 659 1235 642 1235 977 1236 976 1236 659 1236 976 1236 658 1236 659 1236 976 1237 975 1237 658 1237 975 1237 657 1237 658 1237 975 1238 974 1238 657 1238 974 1238 656 1238 657 1238 974 1239 973 1239 656 1239 973 1239 655 1239 656 1239 973 1240 972 1240 655 1240 972 1240 654 1240 655 1240 654 0 972 0 690 0 972 0 978 0 690 0 690 2 978 2 729 2 978 2 979 2 729 2 729 0 979 0 753 0 979 0 980 0 753 0 753 1234 980 1234 738 1234 980 1234 981 1234 738 1234 738 0 981 0 737 0 981 0 982 0 737 0 730 716 731 716 752 716 731 716 714 716 752 716 731 716 762 716 714 716 762 716 805 716 714 716 714 716 533 716 752 716 533 716 720 716 752 716 533 716 502 716 720 716 502 716 606 716 720 716 502 716 871 716 606 716 691 716 720 716 648 716 720 716 636 716 648 716 720 716 606 716 636 716 606 716 607 716 636 716 648 716 636 716 664 716 636 716 663 716 664 716 636 716 662 716 663 716 662 716 636 716 661 716 636 716 660 716 661 716 550 716 871 716 549 716 871 716 502 716 549 716 502 716 892 716 549 716 892 716 897 716 549 716 892 716 896 716 897 716 896 716 892 716 895 716 892 716 894 716 895 716 892 716 893 716 894 716 928 716 892 716 943 716 892 716 502 716 943 716 943 716 502 716 503 716 532 716 533 716 575 716 533 716 824 716 575 716 533 716 585 716 824 716 585 716 836 716 824 716 836 716 837 716 824 716 837 716 838 716 824 716 838 716 839 716 824 716 839 716 840 716 824 716 575 716 824 716 574 716 584 716 585 716 635 716 585 716 533 716 635 716 635 716 533 716 714 716 778 716 762 716 777 716 762 716 776 716 777 716 762 716 775 716 776 716 775 716 762 716 774 716 762 716 731 716 774 716 522 1 984 1 513 1 984 1 983 1 513 1 523 1234 985 1234 522 1234 985 1234 984 1234 522 1234 981 405 980 405 1078 405 980 405 1079 405 1078 405 980 405 1080 405 1079 405 982 405 981 405 1100 405 981 405 1101 405 1100 405 981 405 1078 405 1101 405 986 405 982 405 1096 405 982 405 1097 405 1096 405 982 405 1098 405 1097 405 986 405 1096 405 987 405 1096 405 988 405 987 405 1096 405 989 405 988 405 989 405 1096 405 990 405 1096 405 991 405 990 405 1096 405 1095 405 991 405 1095 405 1094 405 991 405 1094 405 1093 405 991 405 1093 405 1092 405 991 405 1092 405 992 405 991 405 1092 405 1091 405 992 405 1091 405 1090 405 992 405 1090 405 993 405 992 405 1090 405 1089 405 993 405 1089 405 1088 405 993 405 1088 405 1087 405 993 405 1087 405 1086 405 993 405 1086 405 1020 405 993 405 1086 405 1085 405 1020 405 1085 405 1021 405 1020 405 1085 405 1084 405 1021 405 1084 405 1083 405 1021 405 1083 405 1022 405 1021 405 1083 405 1082 405 1022 405 1082 405 980 405 1022 405 1082 405 1081 405 980 405 1081 405 1080 405 980 405 994 405 993 405 1018 405 993 405 1019 405 1018 405 993 405 1020 405 1019 405 995 405 994 405 1030 405 994 405 1031 405 1030 405 994 405 1032 405 1031 405 996 405 995 405 1052 405 995 405 1053 405 1052 405 995 405 1030 405 1053 405 997 405 996 405 1049 405 996 405 1050 405 1049 405 996 405 1051 405 1050 405 1049 405 1048 405 997 405 1048 405 998 405 997 405 1048 405 999 405 998 405 999 405 1048 405 1000 405 1048 405 1001 405 1000 405 1048 405 1002 405 1001 405 1003 405 1002 405 1044 405 1002 405 1045 405 1044 405 1002 405 1046 405 1045 405 1004 405 1003 405 1042 405 1003 405 1043 405 1042 405 1003 405 1044 405 1043 405 985 405 1004 405 984 405 1004 405 1040 405 984 405 1004 405 1041 405 1040 405 983 405 984 405 1012 405 984 405 1013 405 1012 405 984 405 1014 405 1013 405 1005 405 983 405 959 405 983 405 1104 405 959 405 983 405 1105 405 1104 405 958 405 959 405 1102 405 959 405 1103 405 1102 405 959 405 1104 405 1103 405 960 405 958 405 1124 405 958 405 1125 405 1124 405 958 405 1102 405 1125 405 966 405 960 405 1120 405 960 405 1121 405 1120 405 960 405 1122 405 1121 405 966 405 1120 405 965 405 1120 405 964 405 965 405 1120 405 963 405 964 405 963 405 1120 405 962 405 1120 405 961 405 962 405 1120 405 1119 405 961 405 1119 405 1118 405 961 405 1118 405 1117 405 961 405 1117 405 1116 405 961 405 1116 405 967 405 961 405 1116 405 1115 405 967 405 1115 405 1114 405 967 405 1114 405 968 405 967 405 1114 405 1113 405 968 405 1113 405 1112 405 968 405 1112 405 1111 405 968 405 1111 405 1110 405 968 405 1110 405 1008 405 968 405 1110 405 1109 405 1008 405 1109 405 1009 405 1008 405 1109 405 1108 405 1009 405 1108 405 983 405 1009 405 1108 405 1107 405 983 405 1107 405 1106 405 983 405 1106 405 1105 405 983 405 969 405 968 405 1006 405 968 405 1007 405 1006 405 968 405 1008 405 1007 405 970 405 969 405 1054 405 969 405 1055 405 1054 405 969 405 1056 405 1055 405 971 405 970 405 1076 405 970 405 1077 405 1076 405 970 405 1054 405 1077 405 977 405 971 405 1072 405 971 405 1073 405 1072 405 971 405 1074 405 1073 405 977 405 1072 405 976 405 1072 405 975 405 976 405 1072 405 974 405 975 405 974 405 1072 405 973 405 1072 405 1071 405 973 405 1071 405 972 405 973 405 1071 405 1070 405 972 405 1070 405 1069 405 972 405 1069 405 1068 405 972 405 1068 405 978 405 972 405 1068 405 1067 405 978 405 1067 405 1066 405 978 405 1066 405 979 405 978 405 1066 405 1065 405 979 405 1065 405 1064 405 979 405 1064 405 1063 405 979 405 1063 405 1062 405 979 405 1062 405 1026 405 979 405 1062 405 1061 405 1026 405 1061 405 1027 405 1026 405 1061 405 1060 405 1027 405 1060 405 1059 405 1027 405 1059 405 1028 405 1027 405 1059 405 1058 405 1028 405 1058 405 969 405 1028 405 1058 405 1057 405 969 405 1057 405 1056 405 969 405 980 405 979 405 1024 405 979 405 1025 405 1024 405 979 405 1026 405 1025 405 1009 405 983 405 1010 405 983 405 1011 405 1010 405 983 405 1012 405 1011 405 1014 405 984 405 1015 405 984 405 1036 405 1015 405 984 405 1037 405 1036 405 1036 405 1035 405 1015 405 1035 405 1016 405 1015 405 1035 405 1034 405 1016 405 1034 405 994 405 1016 405 1034 405 1033 405 994 405 1033 405 1032 405 994 405 1016 405 994 405 1017 405 994 405 1018 405 1017 405 1022 405 980 405 1023 405 980 405 1024 405 1023 405 1028 405 969 405 1029 405 969 405 1006 405 1029 405 1037 405 984 405 1038 405 984 405 1039 405 1038 405 984 405 1040 405 1039 405 1041 405 1004 405 1042 405 1046 405 1002 405 1047 405 1002 405 1048 405 1047 405 1051 405 996 405 1052 405 1074 405 971 405 1075 405 971 405 1076 405 1075 405 1098 405 982 405 1099 405 982 405 1100 405 1099 405 1122 405 960 405 1123 405 960 405 1124 405 1123 405 513 2 983 2 512 2 983 2 1005 2 512 2 705 2 993 2 626 2 993 2 994 2 626 2 804 1 992 1 705 1 992 1 993 1 705 1 626 0 994 0 592 0 994 0 995 0 592 0 512 1 1005 1 944 1 1005 1 959 1 944 1 565 1234 1003 1234 564 1234 1003 1234 1004 1234 564 1234 768 2 991 2 804 2 991 2 992 2 804 2 830 1 1002 1 565 1 1002 1 1003 1 565 1 1127 1241 1126 1241 1103 1241 1126 1241 1102 1241 1103 1241 1126 1242 1149 1242 1102 1242 1149 1242 1125 1242 1102 1242 1149 1243 1148 1243 1125 1243 1148 1243 1124 1243 1125 1243 1148 1244 1147 1244 1124 1244 1147 1244 1123 1244 1124 1244 1147 1228 1146 1228 1123 1228 1146 1228 1122 1228 1123 1228 1146 1229 1145 1229 1122 1229 1145 1229 1121 1229 1122 1229 1145 1230 1144 1230 1121 1230 1144 1230 1120 1230 1121 1230 1144 1231 1143 1231 1120 1231 1143 1231 1119 1231 1120 1231 1143 1232 1142 1232 1119 1232 1142 1232 1118 1232 1119 1232 1142 1245 1141 1245 1118 1245 1141 1245 1117 1245 1118 1245 1141 1246 1140 1246 1117 1246 1140 1246 1116 1246 1117 1246 1140 1236 1139 1236 1116 1236 1139 1236 1115 1236 1116 1236 1139 1237 1138 1237 1115 1237 1138 1237 1114 1237 1115 1237 1138 1247 1137 1247 1114 1247 1137 1247 1113 1247 1114 1247 1137 1248 1136 1248 1113 1248 1136 1248 1112 1248 1113 1248 1136 1249 1135 1249 1112 1249 1135 1249 1111 1249 1112 1249 1135 1250 1134 1250 1111 1250 1134 1250 1110 1250 1111 1250 1134 1251 1133 1251 1110 1251 1133 1251 1109 1251 1110 1251 1133 1252 1132 1252 1109 1252 1132 1252 1108 1252 1109 1252 1132 1253 1131 1253 1108 1253 1131 1253 1107 1253 1108 1253 1131 1254 1130 1254 1107 1254 1130 1254 1106 1254 1107 1254 1130 1255 1129 1255 1106 1255 1129 1255 1105 1255 1106 1255 1129 1256 1128 1256 1105 1256 1128 1256 1104 1256 1105 1256 1128 1257 1127 1257 1104 1257 1127 1257 1103 1257 1104 1257 1149 405 1126 405 1145 405 1126 405 1144 405 1145 405 1126 405 1127 405 1144 405 1127 405 1143 405 1144 405 1127 405 1128 405 1143 405 1128 405 1142 405 1143 405 1128 405 1129 405 1142 405 1129 405 1141 405 1142 405 1129 405 1130 405 1141 405 1130 405 1140 405 1141 405 1130 405 1131 405 1140 405 1131 405 1139 405 1140 405 1131 405 1132 405 1139 405 1132 405 1138 405 1139 405 1132 405 1133 405 1138 405 1133 405 1137 405 1138 405 1133 405 1134 405 1137 405 1134 405 1136 405 1137 405 1134 405 1135 405 1136 405 1145 405 1146 405 1149 405 1146 405 1148 405 1149 405 1146 405 1147 405 1148 405 1151 1237 1150 1237 1079 1237 1150 1237 1078 1237 1079 1237 1150 1258 1173 1258 1078 1258 1173 1258 1101 1258 1078 1258 1173 1239 1172 1239 1101 1239 1172 1239 1100 1239 1101 1239 1172 1249 1171 1249 1100 1249 1171 1249 1099 1249 1100 1249 1171 1250 1170 1250 1099 1250 1170 1250 1098 1250 1099 1250 1170 1259 1169 1259 1098 1259 1169 1259 1097 1259 1098 1259 1169 1252 1168 1252 1097 1252 1168 1252 1096 1252 1097 1252 1168 1253 1167 1253 1096 1253 1167 1253 1095 1253 1096 1253 1167 1254 1166 1254 1095 1254 1166 1254 1094 1254 1095 1254 1166 1260 1165 1260 1094 1260 1165 1260 1093 1260 1094 1260 1165 1256 1164 1256 1093 1256 1164 1256 1092 1256 1093 1256 1164 1257 1163 1257 1092 1257 1163 1257 1091 1257 1092 1257 1163 1261 1162 1261 1091 1261 1162 1261 1090 1261 1091 1261 1162 1262 1161 1262 1090 1262 1161 1262 1089 1262 1090 1262 1161 1263 1160 1263 1089 1263 1160 1263 1088 1263 1089 1263 1160 1244 1159 1244 1088 1244 1159 1244 1087 1244 1088 1244 1159 1228 1158 1228 1087 1228 1158 1228 1086 1228 1087 1228 1158 1264 1157 1264 1086 1264 1157 1264 1085 1264 1086 1264 1157 1265 1156 1265 1085 1265 1156 1265 1084 1265 1085 1265 1156 1266 1155 1266 1084 1266 1155 1266 1083 1266 1084 1266 1155 1232 1154 1232 1083 1232 1154 1232 1082 1232 1083 1232 1154 1245 1153 1245 1082 1245 1153 1245 1081 1245 1082 1245 1153 1235 1152 1235 1081 1235 1152 1235 1080 1235 1081 1235 1152 1236 1151 1236 1080 1236 1151 1236 1079 1236 1080 1236 1173 405 1150 405 1169 405 1150 405 1168 405 1169 405 1150 405 1151 405 1168 405 1151 405 1167 405 1168 405 1151 405 1152 405 1167 405 1152 405 1166 405 1167 405 1152 405 1153 405 1166 405 1153 405 1165 405 1166 405 1153 405 1154 405 1165 405 1154 405 1164 405 1165 405 1154 405 1155 405 1164 405 1155 405 1163 405 1164 405 1155 405 1156 405 1163 405 1156 405 1162 405 1163 405 1156 405 1157 405 1162 405 1157 405 1161 405 1162 405 1157 405 1158 405 1161 405 1158 405 1160 405 1161 405 1158 405 1159 405 1160 405 1169 405 1170 405 1173 405 1170 405 1172 405 1173 405 1170 405 1171 405 1172 405 1175 1252 1174 1252 1031 1252 1174 1252 1030 1252 1031 1252 1174 1253 1197 1253 1030 1253 1197 1253 1053 1253 1030 1253 1197 1254 1196 1254 1053 1254 1196 1254 1052 1254 1053 1254 1196 1255 1195 1255 1052 1255 1195 1255 1051 1255 1052 1255 1195 1256 1194 1256 1051 1256 1194 1256 1050 1256 1051 1256 1194 1257 1193 1257 1050 1257 1193 1257 1049 1257 1050 1257 1193 1241 1192 1241 1049 1241 1192 1241 1048 1241 1049 1241 1192 1242 1191 1242 1048 1242 1191 1242 1047 1242 1048 1242 1191 1243 1190 1243 1047 1243 1190 1243 1046 1243 1047 1243 1190 1244 1189 1244 1046 1244 1189 1244 1045 1244 1046 1244 1189 1228 1188 1228 1045 1228 1188 1228 1044 1228 1045 1228 1188 1229 1187 1229 1044 1229 1187 1229 1043 1229 1044 1229 1187 1230 1186 1230 1043 1230 1186 1230 1042 1230 1043 1230 1186 1231 1185 1231 1042 1231 1185 1231 1041 1231 1042 1231 1185 1232 1184 1232 1041 1232 1184 1232 1040 1232 1041 1232 1184 1245 1183 1245 1040 1245 1183 1245 1039 1245 1040 1245 1183 1246 1182 1246 1039 1246 1182 1246 1038 1246 1039 1246 1182 1236 1181 1236 1038 1236 1181 1236 1037 1236 1038 1236 1181 1237 1180 1237 1037 1237 1180 1237 1036 1237 1037 1237 1180 1258 1179 1258 1036 1258 1179 1258 1035 1258 1036 1258 1179 1248 1178 1248 1035 1248 1178 1248 1034 1248 1035 1248 1178 1249 1177 1249 1034 1249 1177 1249 1033 1249 1034 1249 1177 1250 1176 1250 1033 1250 1176 1250 1032 1250 1033 1250 1176 1251 1175 1251 1032 1251 1175 1251 1031 1251 1032 1251 1197 405 1174 405 1181 405 1174 405 1180 405 1181 405 1174 405 1175 405 1180 405 1175 405 1179 405 1180 405 1175 405 1176 405 1179 405 1176 405 1178 405 1179 405 1176 405 1177 405 1178 405 1181 405 1182 405 1197 405 1182 405 1196 405 1197 405 1182 405 1183 405 1196 405 1183 405 1195 405 1196 405 1183 405 1184 405 1195 405 1184 405 1194 405 1195 405 1184 405 1185 405 1194 405 1185 405 1193 405 1194 405 1185 405 1186 405 1193 405 1186 405 1192 405 1193 405 1186 405 1187 405 1192 405 1187 405 1191 405 1192 405 1187 405 1188 405 1191 405 1188 405 1190 405 1191 405 1188 405 1189 405 1190 405 1199 1265 1198 1265 1055 1265 1198 1265 1054 1265 1055 1265 1198 1266 1221 1266 1054 1266 1221 1266 1077 1266 1054 1266 1221 1232 1220 1232 1077 1232 1220 1232 1076 1232 1077 1232 1220 1245 1219 1245 1076 1245 1219 1245 1075 1245 1076 1245 1219 1235 1218 1235 1075 1235 1218 1235 1074 1235 1075 1235 1218 1236 1217 1236 1074 1236 1217 1236 1073 1236 1074 1236 1217 1237 1216 1237 1073 1237 1216 1237 1072 1237 1073 1237 1216 1247 1215 1247 1072 1247 1215 1247 1071 1247 1072 1247 1215 1239 1214 1239 1071 1239 1214 1239 1070 1239 1071 1239 1214 1249 1213 1249 1070 1249 1213 1249 1069 1249 1070 1249 1213 1250 1212 1250 1069 1250 1212 1250 1068 1250 1069 1250 1212 1259 1211 1259 1068 1259 1211 1259 1067 1259 1068 1259 1211 1252 1210 1252 1067 1252 1210 1252 1066 1252 1067 1252 1210 1253 1209 1253 1066 1253 1209 1253 1065 1253 1066 1253 1209 1254 1208 1254 1065 1254 1208 1254 1064 1254 1065 1254 1208 1260 1207 1260 1064 1260 1207 1260 1063 1260 1064 1260 1207 1256 1206 1256 1063 1256 1206 1256 1062 1256 1063 1256 1206 1257 1205 1257 1062 1257 1205 1257 1061 1257 1062 1257 1205 1261 1204 1261 1061 1261 1204 1261 1060 1261 1061 1261 1204 1262 1203 1262 1060 1262 1203 1262 1059 1262 1060 1262 1203 1263 1202 1263 1059 1263 1202 1263 1058 1263 1059 1263 1202 1244 1201 1244 1058 1244 1201 1244 1057 1244 1058 1244 1201 1228 1200 1228 1057 1228 1200 1228 1056 1228 1057 1228 1200 1264 1199 1264 1056 1264 1199 1264 1055 1264 1056 1264 1221 405 1198 405 1205 405 1198 405 1204 405 1205 405 1198 405 1199 405 1204 405 1199 405 1203 405 1204 405 1199 405 1200 405 1203 405 1200 405 1202 405 1203 405 1200 405 1201 405 1202 405 1205 405 1206 405 1221 405 1206 405 1220 405 1221 405 1206 405 1207 405 1220 405 1207 405 1219 405 1220 405 1207 405 1208 405 1219 405 1208 405 1218 405 1219 405 1208 405 1209 405 1218 405 1209 405 1217 405 1218 405 1209 405 1210 405 1217 405 1210 405 1216 405 1217 405 1210 405 1211 405 1216 405 1211 405 1215 405 1216 405 1211 405 1212 405 1215 405 1212 405 1214 405 1215 405 1212 405 1213 405 1214 405 564 1 1004 1 523 1 1004 1 985 1 523 1 1223 1245 1222 1245 1007 1245 1222 1245 1006 1245 1007 1245 1222 1246 1245 1246 1006 1246 1245 1246 1029 1246 1006 1246 1245 1236 1244 1236 1029 1236 1244 1236 1028 1236 1029 1236 1244 1237 1243 1237 1028 1237 1243 1237 1027 1237 1028 1237 1243 1258 1242 1258 1027 1258 1242 1258 1026 1258 1027 1258 1242 1239 1241 1239 1026 1239 1241 1239 1025 1239 1026 1239 1241 1240 1240 1240 1025 1240 1240 1240 1024 1240 1025 1240 1240 1267 1239 1267 1024 1267 1239 1267 1023 1267 1024 1267 1239 1259 1238 1259 1023 1259 1238 1259 1022 1259 1023 1259 1238 1252 1237 1252 1022 1252 1237 1252 1021 1252 1022 1252 1237 1253 1236 1253 1021 1253 1236 1253 1020 1253 1021 1253 1236 1268 1235 1268 1020 1268 1235 1268 1019 1268 1020 1268 1235 1255 1234 1255 1019 1255 1234 1255 1018 1255 1019 1255 1234 1256 1233 1256 1018 1256 1233 1256 1017 1256 1018 1256 1233 1269 1232 1269 1017 1269 1232 1269 1016 1269 1017 1269 1232 1241 1231 1241 1016 1241 1231 1241 1015 1241 1016 1241 1231 1242 1230 1242 1015 1242 1230 1242 1014 1242 1015 1242 1230 1243 1229 1243 1014 1243 1229 1243 1013 1243 1014 1243 1229 1270 1228 1270 1013 1270 1228 1270 1012 1270 1013 1270 1228 1228 1227 1228 1012 1228 1227 1228 1011 1228 1012 1228 1227 1229 1226 1229 1011 1229 1226 1229 1010 1229 1011 1229 1226 1265 1225 1265 1010 1265 1225 1265 1009 1265 1010 1265 1225 1231 1224 1231 1009 1231 1224 1231 1008 1231 1009 1231 1224 1232 1223 1232 1008 1232 1223 1232 1007 1232 1008 1232 1245 405 1222 405 1235 405 1222 405 1234 405 1235 405 1222 405 1223 405 1234 405 1223 405 1233 405 1234 405 1223 405 1224 405 1233 405 1224 405 1232 405 1233 405 1224 405 1225 405 1232 405 1225 405 1231 405 1232 405 1225 405 1226 405 1231 405 1226 405 1230 405 1231 405 1226 405 1227 405 1230 405 1227 405 1229 405 1230 405 1227 405 1228 405 1229 405 1235 405 1236 405 1245 405 1236 405 1244 405 1245 405 1236 405 1237 405 1244 405 1237 405 1243 405 1244 405 1237 405 1238 405 1243 405 1238 405 1242 405 1243 405 1238 405 1239 405 1242 405 1239 405 1241 405 1242 405 1239 405 1240 405 1241 405 996 1256 997 1256 591 1256 997 1256 835 1256 591 1256 997 1269 998 1269 835 1269 998 1269 834 1269 835 1269 998 1241 999 1241 834 1241 999 1241 833 1241 834 1241 999 1242 1000 1242 833 1242 1000 1242 832 1242 833 1242 1000 1243 1001 1243 832 1243 1001 1243 831 1243 832 1243 1001 1270 1002 1270 831 1270 1002 1270 830 1270 831 1270 592 2 995 2 591 2 995 2 996 2 591 2 982 1267 986 1267 737 1267 986 1267 773 1267 737 1267 986 1259 987 1259 773 1259 987 1259 772 1259 773 1259 987 1252 988 1252 772 1252 988 1252 771 1252 772 1252 988 1253 989 1253 771 1253 989 1253 770 1253 771 1253 989 1268 990 1268 770 1268 990 1268 769 1268 770 1268 990 1255 991 1255 769 1255 991 1255 768 1255 769 1255 1246 2 1249 2 1247 2 1249 2 1248 2 1247 2 1250 0 1248 0 1251 0 1248 0 1249 0 1251 0 1252 1234 1250 1234 1253 1234 1250 1234 1251 1234 1253 1234 1255 405 1247 405 1254 405 1247 405 1252 405 1254 405 1247 405 1250 405 1252 405 1250 405 1247 405 1248 405 1256 2 1257 2 1254 2 1257 2 1255 2 1254 2 1251 716 1246 716 1253 716 1246 716 1256 716 1253 716 1246 716 1257 716 1256 716 1246 716 1251 716 1249 716 1246 0 1247 0 1257 0 1247 0 1255 0 1257 0 1256 1 1254 1 1253 1 1254 1 1252 1 1253 1 1258 1 1261 1 1259 1 1261 1 1260 1 1259 1 1263 2 1262 2 1261 2 1262 2 1260 2 1261 2 1264 0 1262 0 1265 0 1262 0 1263 0 1265 0 1267 405 1259 405 1266 405 1259 405 1264 405 1266 405 1259 405 1262 405 1264 405 1262 405 1259 405 1260 405 1268 1 1269 1 1266 1 1269 1 1267 1 1266 1 1263 716 1258 716 1265 716 1258 716 1268 716 1265 716 1258 716 1269 716 1268 716 1258 716 1263 716 1261 716 1258 2 1259 2 1269 2 1259 2 1267 2 1269 2 1268 1234 1266 1234 1265 1234 1266 1234 1264 1234 1265 1234 1270 2 1273 2 1271 2 1273 2 1272 2 1271 2 1271 0 1272 0 1274 0 1272 0 1275 0 1274 0 1274 1234 1275 1234 1276 1234 1275 1234 1277 1234 1276 1234 1276 1 1277 1 1270 1 1277 1 1273 1 1270 1 1277 716 1275 716 1273 716 1275 716 1272 716 1273 716 1270 716 1271 716 1298 716 1271 716 1299 716 1298 716 1271 716 1278 716 1299 716 1278 716 1301 716 1299 716 1301 716 1300 716 1299 716 1276 716 1270 716 1288 716 1270 716 1295 716 1288 716 1270 716 1298 716 1295 716 1298 716 1296 716 1295 716 1298 716 1297 716 1296 716 1288 716 1287 716 1276 716 1287 716 1274 716 1276 716 1287 716 1286 716 1274 716 1286 716 1285 716 1274 716 1285 716 1271 716 1274 716 1285 716 1278 716 1271 716 1285 716 1284 716 1278 716 1284 716 1279 716 1278 716 1284 716 1280 716 1279 716 1280 716 1284 716 1281 716 1284 716 1282 716 1281 716 1284 716 1283 716 1282 716 1288 716 1295 716 1289 716 1295 716 1294 716 1289 716 1294 716 1293 716 1289 716 1293 716 1292 716 1289 716 1292 716 1291 716 1289 716 1291 716 1290 716 1289 716 1302 2 1305 2 1303 2 1305 2 1304 2 1303 2 1303 1 1304 1 1306 1 1304 1 1307 1 1306 1 1306 1234 1307 1234 1308 1234 1307 1234 1309 1234 1308 1234 1308 0 1309 0 1302 0 1309 0 1305 0 1302 0 1309 405 1307 405 1305 405 1307 405 1304 405 1305 405 1302 405 1303 405 1320 405 1303 405 1323 405 1320 405 1303 405 1330 405 1323 405 1330 405 1329 405 1323 405 1329 405 1324 405 1323 405 1329 405 1325 405 1324 405 1308 405 1302 405 1333 405 1302 405 1316 405 1333 405 1302 405 1319 405 1316 405 1319 405 1317 405 1316 405 1319 405 1318 405 1317 405 1306 405 1308 405 1331 405 1308 405 1332 405 1331 405 1308 405 1333 405 1332 405 1331 405 1330 405 1306 405 1330 405 1303 405 1306 405 1311 405 1310 405 1312 405 1310 405 1313 405 1312 405 1310 405 1314 405 1313 405 1314 405 1310 405 1315 405 1310 405 1316 405 1315 405 1310 405 1333 405 1316 405 1319 405 1302 405 1320 405 1321 405 1320 405 1322 405 1320 405 1323 405 1322 405 1325 405 1329 405 1326 405 1329 405 1327 405 1326 405 1329 405 1328 405 1327 405 1315 1270 1316 1270 1334 1270 1316 1270 1335 1270 1334 1270 1316 1270 1278 1270 1335 1270 1278 1270 1336 1270 1335 1270 1278 1270 1279 1270 1336 1270 1279 1243 1280 1243 1336 1243 1280 1243 1339 1243 1336 1243 1280 1271 1281 1271 1339 1271 1281 1271 1342 1271 1339 1271 1281 1241 1282 1241 1342 1241 1282 1241 1345 1241 1342 1241 1282 1269 1283 1269 1345 1269 1283 1269 1348 1269 1345 1269 1283 1272 1284 1272 1348 1272 1284 1272 1347 1272 1348 1272 1284 1272 1310 1272 1347 1272 1310 1272 1346 1272 1347 1272 1310 1272 1311 1272 1346 1272 1311 1269 1312 1269 1346 1269 1312 1269 1343 1269 1346 1269 1312 1241 1313 1241 1343 1241 1313 1241 1340 1241 1343 1241 1313 1271 1314 1271 1340 1271 1314 1271 1337 1271 1340 1271 1314 1243 1315 1243 1337 1243 1315 1243 1334 1243 1337 1243 1339 1243 1335 1243 1336 1243 1335 1243 1338 1243 1334 1243 1338 1243 1337 1243 1334 1243 1338 1271 1341 1271 1337 1271 1341 1271 1340 1271 1337 1271 1341 1241 1344 1241 1340 1241 1344 1241 1343 1241 1340 1241 1344 1269 1347 1269 1343 1269 1347 1269 1346 1269 1343 1269 1342 1271 1338 1271 1339 1271 1338 1243 1335 1243 1339 1243 1342 1271 1341 1271 1338 1271 1345 1241 1341 1241 1342 1241 1345 1241 1344 1241 1341 1241 1348 1269 1344 1269 1345 1269 1348 1269 1347 1269 1344 1269 1278 1 1316 1 1301 1 1316 1 1317 1 1301 1 1328 1260 1329 1260 1349 1260 1329 1260 1350 1260 1349 1260 1329 1260 1289 1260 1350 1260 1289 1260 1351 1260 1350 1260 1289 1260 1290 1260 1351 1260 1290 1268 1291 1268 1351 1268 1291 1268 1354 1268 1351 1268 1291 1253 1292 1253 1354 1253 1292 1253 1357 1253 1354 1253 1292 1273 1293 1273 1357 1273 1293 1273 1360 1273 1357 1273 1293 1251 1294 1251 1360 1251 1294 1251 1363 1251 1360 1251 1294 1274 1295 1274 1363 1274 1295 1274 1362 1274 1363 1274 1295 1274 1323 1274 1362 1274 1323 1274 1361 1274 1362 1274 1323 1274 1324 1274 1361 1274 1324 1251 1325 1251 1361 1251 1325 1251 1358 1251 1361 1251 1325 1273 1326 1273 1358 1273 1326 1273 1355 1273 1358 1273 1326 1253 1327 1253 1355 1253 1327 1253 1352 1253 1355 1253 1327 1268 1328 1268 1352 1268 1328 1268 1349 1268 1352 1268 1354 1268 1350 1268 1351 1268 1350 1268 1353 1268 1349 1268 1353 1268 1352 1268 1349 1268 1353 1253 1356 1253 1352 1253 1356 1253 1355 1253 1352 1253 1356 1273 1359 1273 1355 1273 1359 1273 1358 1273 1355 1273 1359 1251 1362 1251 1358 1251 1362 1251 1361 1251 1358 1251 1357 1253 1353 1253 1354 1253 1353 1268 1350 1268 1354 1268 1357 1253 1356 1253 1353 1253 1360 1273 1356 1273 1357 1273 1360 1273 1359 1273 1356 1273 1363 1251 1359 1251 1360 1251 1363 1251 1362 1251 1359 1251 1365 2 1364 2 1288 2 1364 2 1330 2 1288 2 1364 2 1387 2 1330 2 1387 2 1386 2 1330 2 1386 2 1385 2 1330 2 1385 2 1384 2 1330 2 1384 2 1383 2 1330 2 1383 2 1329 2 1330 2 1383 2 1382 2 1329 2 1382 2 1381 2 1329 2 1381 2 1380 2 1329 2 1380 2 1379 2 1329 2 1379 2 1378 2 1329 2 1378 2 1377 2 1329 2 1377 2 1376 2 1329 2 1376 2 1289 2 1329 2 1376 2 1375 2 1289 2 1375 2 1374 2 1289 2 1374 2 1373 2 1289 2 1373 2 1372 2 1289 2 1372 2 1371 2 1289 2 1371 2 1370 2 1289 2 1370 2 1369 2 1289 2 1369 2 1288 2 1289 2 1369 2 1368 2 1288 2 1368 2 1367 2 1288 2 1367 2 1366 2 1288 2 1366 2 1365 2 1288 2 1389 1275 1388 1275 1437 1275 1388 1275 1436 1275 1437 1275 1388 1276 1411 1276 1436 1276 1411 1276 1459 1276 1436 1276 1411 1277 1410 1277 1459 1277 1410 1277 1458 1277 1459 1277 1410 1278 1409 1278 1458 1278 1409 1278 1457 1278 1458 1278 1409 1279 1408 1279 1457 1279 1408 1279 1456 1279 1457 1279 1408 1280 1407 1280 1456 1280 1407 1280 1455 1280 1456 1280 1407 1281 1406 1281 1455 1281 1406 1281 1454 1281 1455 1281 1406 1282 1405 1282 1454 1282 1405 1282 1453 1282 1454 1282 1405 1283 1404 1283 1453 1283 1404 1283 1452 1283 1453 1283 1404 1284 1403 1284 1452 1284 1403 1284 1451 1284 1452 1284 1403 1285 1402 1285 1451 1285 1402 1285 1450 1285 1451 1285 1402 1286 1401 1286 1450 1286 1401 1286 1449 1286 1450 1286 1401 1287 1400 1287 1449 1287 1400 1287 1448 1287 1449 1287 1400 1288 1399 1288 1448 1288 1399 1288 1447 1288 1448 1288 1399 1116 1398 1116 1447 1116 1398 1116 1446 1116 1447 1116 1398 1289 1397 1289 1446 1289 1397 1289 1445 1289 1446 1289 1397 1290 1396 1290 1445 1290 1396 1290 1444 1290 1445 1290 1396 1291 1395 1291 1444 1291 1395 1291 1443 1291 1444 1291 1395 1292 1394 1292 1443 1292 1394 1292 1442 1292 1443 1292 1394 1293 1393 1293 1442 1293 1393 1293 1441 1293 1442 1293 1393 1294 1392 1294 1441 1294 1392 1294 1440 1294 1441 1294 1392 1295 1391 1295 1440 1295 1391 1295 1439 1295 1440 1295 1391 1296 1390 1296 1439 1296 1390 1296 1438 1296 1439 1296 1390 1297 1389 1297 1438 1297 1389 1297 1437 1297 1438 1297 1413 1276 1412 1276 1459 1276 1412 1276 1436 1276 1459 1276 1412 1275 1435 1275 1436 1275 1435 1275 1437 1275 1436 1275 1435 1297 1434 1297 1437 1297 1434 1297 1438 1297 1437 1297 1434 1296 1433 1296 1438 1296 1433 1296 1439 1296 1438 1296 1433 1295 1432 1295 1439 1295 1432 1295 1440 1295 1439 1295 1432 1294 1431 1294 1440 1294 1431 1294 1441 1294 1440 1294 1431 1293 1430 1293 1441 1293 1430 1293 1442 1293 1441 1293 1430 1292 1429 1292 1442 1292 1429 1292 1443 1292 1442 1292 1429 1291 1428 1291 1443 1291 1428 1291 1444 1291 1443 1291 1428 1290 1427 1290 1444 1290 1427 1290 1445 1290 1444 1290 1427 1289 1426 1289 1445 1289 1426 1289 1446 1289 1445 1289 1426 1116 1425 1116 1446 1116 1425 1116 1447 1116 1446 1116 1425 1288 1424 1288 1447 1288 1424 1288 1448 1288 1447 1288 1424 1287 1423 1287 1448 1287 1423 1287 1449 1287 1448 1287 1423 1286 1422 1286 1449 1286 1422 1286 1450 1286 1449 1286 1422 1285 1421 1285 1450 1285 1421 1285 1451 1285 1450 1285 1421 1284 1420 1284 1451 1284 1420 1284 1452 1284 1451 1284 1420 1283 1419 1283 1452 1283 1419 1283 1453 1283 1452 1283 1419 1282 1418 1282 1453 1282 1418 1282 1454 1282 1453 1282 1418 1281 1417 1281 1454 1281 1417 1281 1455 1281 1454 1281 1417 1280 1416 1280 1455 1280 1416 1280 1456 1280 1455 1280 1416 1279 1415 1279 1456 1279 1415 1279 1457 1279 1456 1279 1415 1278 1414 1278 1457 1278 1414 1278 1458 1278 1457 1278 1414 1277 1413 1277 1458 1277 1413 1277 1459 1277 1458 1277 1310 2 1284 2 1388 2 1284 2 1411 2 1388 2 1284 2 1410 2 1411 2 1333 2 1310 2 1395 2 1310 2 1394 2 1395 2 1310 2 1393 2 1394 2 1285 2 1333 2 1400 2 1333 2 1399 2 1400 2 1333 2 1398 2 1399 2 1284 2 1285 2 1405 2 1285 2 1404 2 1405 2 1285 2 1403 2 1404 2 1410 2 1284 2 1409 2 1284 2 1408 2 1409 2 1284 2 1407 2 1408 2 1407 2 1284 2 1406 2 1284 2 1405 2 1406 2 1403 2 1285 2 1402 2 1285 2 1401 2 1402 2 1285 2 1400 2 1401 2 1398 2 1333 2 1397 2 1333 2 1396 2 1397 2 1333 2 1395 2 1396 2 1393 2 1310 2 1392 2 1310 2 1391 2 1392 2 1310 2 1390 2 1391 2 1390 2 1310 2 1389 2 1310 2 1388 2 1389 2 1435 1234 1412 1234 1317 1234 1412 1234 1301 1234 1317 1234 1412 1234 1413 1234 1301 1234 1413 1234 1414 1234 1301 1234 1414 1234 1415 1234 1301 1234 1415 1234 1416 1234 1301 1234 1416 1234 1417 1234 1301 1234 1417 1234 1418 1234 1301 1234 1418 1234 1300 1234 1301 1234 1418 1234 1419 1234 1300 1234 1419 1234 1420 1234 1300 1234 1420 1234 1421 1234 1300 1234 1421 1234 1422 1234 1300 1234 1422 1234 1423 1234 1300 1234 1423 1234 1424 1234 1300 1234 1424 1234 1318 1234 1300 1234 1424 1234 1425 1234 1318 1234 1425 1234 1426 1234 1318 1234 1426 1234 1427 1234 1318 1234 1427 1234 1428 1234 1318 1234 1428 1234 1429 1234 1318 1234 1429 1234 1430 1234 1318 1234 1430 1234 1317 1234 1318 1234 1430 1234 1431 1234 1317 1234 1431 1234 1432 1234 1317 1234 1432 1234 1433 1234 1317 1234 1433 1234 1434 1234 1317 1234 1434 1234 1435 1234 1317 1234 1461 1234 1460 1234 1321 1234 1460 1234 1297 1234 1321 1234 1460 1234 1483 1234 1297 1234 1483 1234 1482 1234 1297 1234 1482 1234 1481 1234 1297 1234 1481 1234 1480 1234 1297 1234 1480 1234 1479 1234 1297 1234 1479 1234 1478 1234 1297 1234 1478 1234 1296 1234 1297 1234 1478 1234 1477 1234 1296 1234 1477 1234 1476 1234 1296 1234 1476 1234 1475 1234 1296 1234 1475 1234 1474 1234 1296 1234 1474 1234 1473 1234 1296 1234 1473 1234 1472 1234 1296 1234 1472 1234 1322 1234 1296 1234 1472 1234 1471 1234 1322 1234 1471 1234 1470 1234 1322 1234 1470 1234 1469 1234 1322 1234 1469 1234 1468 1234 1322 1234 1468 1234 1467 1234 1322 1234 1467 1234 1466 1234 1322 1234 1466 1234 1321 1234 1322 1234 1466 1234 1465 1234 1321 1234 1465 1234 1464 1234 1321 1234 1464 1234 1463 1234 1321 1234 1463 1234 1462 1234 1321 1234 1462 1234 1461 1234 1321 1234 1297 1 1298 1 1321 1 1298 1 1320 1 1321 1 1319 1234 1320 1234 1502 1234 1320 1234 1503 1234 1502 1234 1320 1234 1504 1234 1503 1234 1299 1234 1319 1234 1496 1234 1319 1234 1497 1234 1496 1234 1319 1234 1498 1234 1497 1234 1298 1234 1299 1234 1490 1234 1299 1234 1491 1234 1490 1234 1299 1234 1492 1234 1491 1234 1320 1234 1298 1234 1484 1234 1298 1234 1485 1234 1484 1234 1298 1234 1486 1234 1485 1234 1486 1234 1298 1234 1487 1234 1298 1234 1488 1234 1487 1234 1298 1234 1489 1234 1488 1234 1489 1234 1298 1234 1490 1234 1492 1234 1299 1234 1493 1234 1299 1234 1494 1234 1493 1234 1299 1234 1495 1234 1494 1234 1495 1234 1299 1234 1496 1234 1498 1234 1319 1234 1499 1234 1319 1234 1500 1234 1499 1234 1319 1234 1501 1234 1500 1234 1501 1234 1319 1234 1502 1234 1504 1234 1320 1234 1505 1234 1320 1234 1506 1234 1505 1234 1320 1234 1507 1234 1506 1234 1507 1234 1320 1234 1484 1234 1531 1234 1550 1234 1508 1234 1550 1234 1509 1234 1508 1234 1550 1234 1549 1234 1509 1234 1549 1234 1510 1234 1509 1234 1549 1234 1548 1234 1510 1234 1548 1234 1511 1234 1510 1234 1548 1234 1547 1234 1511 1234 1547 1234 1512 1234 1511 1234 1547 1234 1546 1234 1512 1234 1546 1234 1513 1234 1512 1234 1546 1234 1545 1234 1513 1234 1545 1234 1514 1234 1513 1234 1545 1234 1544 1234 1514 1234 1544 1234 1543 1234 1514 1234 1543 1234 1515 1234 1514 1234 1543 1234 1542 1234 1515 1234 1542 1234 1516 1234 1515 1234 1542 1234 1541 1234 1516 1234 1541 1234 1517 1234 1516 1234 1541 1234 1540 1234 1517 1234 1540 1234 1518 1234 1517 1234 1540 1234 1539 1234 1518 1234 1539 1234 1519 1234 1518 1234 1539 1234 1538 1234 1519 1234 1538 1234 1520 1234 1519 1234 1538 1234 1537 1234 1520 1234 1537 1234 1521 1234 1520 1234 1537 1234 1522 1234 1521 1234 1537 1234 1536 1234 1522 1234 1536 1234 1523 1234 1522 1234 1536 1234 1535 1234 1523 1234 1535 1234 1524 1234 1523 1234 1535 1234 1534 1234 1524 1234 1534 1234 1525 1234 1524 1234 1534 1234 1533 1234 1525 1234 1533 1234 1526 1234 1525 1234 1533 1234 1532 1234 1526 1234 1532 1234 1555 1234 1526 1234 1555 1234 1527 1234 1526 1234 1555 1234 1554 1234 1527 1234 1554 1234 1528 1234 1527 1234 1554 1234 1553 1234 1528 1234 1553 1234 1529 1234 1528 1234 1553 1234 1552 1234 1529 1234 1552 1234 1530 1234 1529 1234 1552 1234 1551 1234 1530 1234 1551 1234 1531 1234 1530 1234 1551 1234 1550 1234 1531 1234 1333 1 1285 1 1332 1 1285 1 1286 1 1332 1 1557 2 1556 2 1286 2 1556 2 1332 2 1286 2 1556 2 1579 2 1332 2 1579 2 1578 2 1332 2 1578 2 1577 2 1332 2 1577 2 1576 2 1332 2 1576 2 1575 2 1332 2 1575 2 1574 2 1332 2 1574 2 1331 2 1332 2 1574 2 1573 2 1331 2 1573 2 1572 2 1331 2 1572 2 1571 2 1331 2 1571 2 1570 2 1331 2 1570 2 1569 2 1331 2 1569 2 1568 2 1331 2 1568 2 1287 2 1331 2 1568 2 1567 2 1287 2 1567 2 1566 2 1287 2 1566 2 1565 2 1287 2 1565 2 1564 2 1287 2 1564 2 1563 2 1287 2 1563 2 1562 2 1287 2 1562 2 1286 2 1287 2 1562 2 1561 2 1286 2 1561 2 1560 2 1286 2 1560 2 1559 2 1286 2 1559 2 1558 2 1286 2 1558 2 1557 2 1286 2 1331 0 1287 0 1330 0 1287 0 1288 0 1330 0 1318 0 1319 0 1300 0 1319 0 1299 0 1300 0 1531 1276 1508 1276 1557 1276 1508 1276 1556 1276 1557 1276 1508 1298 1509 1298 1556 1298 1509 1298 1579 1298 1556 1298 1509 1299 1510 1299 1579 1299 1510 1299 1578 1299 1579 1299 1510 1300 1511 1300 1578 1300 1511 1300 1577 1300 1578 1300 1511 1301 1512 1301 1577 1301 1512 1301 1576 1301 1577 1301 1512 1302 1513 1302 1576 1302 1513 1302 1575 1302 1576 1302 1513 1303 1514 1303 1575 1303 1514 1303 1574 1303 1575 1303 1514 1304 1515 1304 1574 1304 1515 1304 1573 1304 1574 1304 1515 1305 1516 1305 1573 1305 1516 1305 1572 1305 1573 1305 1516 1306 1517 1306 1572 1306 1517 1306 1571 1306 1572 1306 1517 1307 1518 1307 1571 1307 1518 1307 1570 1307 1571 1307 1518 1308 1519 1308 1570 1308 1519 1308 1569 1308 1570 1308 1519 1288 1520 1288 1569 1288 1520 1288 1568 1288 1569 1288 1520 1309 1521 1309 1568 1309 1521 1309 1567 1309 1568 1309 1521 1310 1522 1310 1567 1310 1522 1310 1566 1310 1567 1310 1522 1311 1523 1311 1566 1311 1523 1311 1565 1311 1566 1311 1523 1312 1524 1312 1565 1312 1524 1312 1564 1312 1565 1312 1524 1283 1525 1283 1564 1283 1525 1283 1563 1283 1564 1283 1525 1313 1526 1313 1563 1313 1526 1313 1562 1313 1563 1313 1526 1314 1527 1314 1562 1314 1527 1314 1561 1314 1562 1314 1527 1280 1528 1280 1561 1280 1528 1280 1560 1280 1561 1280 1528 1315 1529 1315 1560 1315 1529 1315 1559 1315 1560 1315 1529 1316 1530 1316 1559 1316 1530 1316 1558 1316 1559 1316 1530 1317 1531 1317 1558 1317 1531 1317 1557 1317 1558 1317 1507 1288 1484 1288 1539 1288 1484 1288 1538 1288 1539 1288 1484 1287 1485 1287 1538 1287 1485 1287 1537 1287 1538 1287 1485 1286 1486 1286 1537 1286 1486 1286 1536 1286 1537 1286 1486 1318 1487 1318 1536 1318 1487 1318 1535 1318 1536 1318 1487 1319 1488 1319 1535 1319 1488 1319 1534 1319 1535 1319 1488 1283 1489 1283 1534 1283 1489 1283 1533 1283 1534 1283 1489 1282 1490 1282 1533 1282 1490 1282 1532 1282 1533 1282 1490 1281 1491 1281 1532 1281 1491 1281 1555 1281 1532 1281 1491 1280 1492 1280 1555 1280 1492 1280 1554 1280 1555 1280 1492 1320 1493 1320 1554 1320 1493 1320 1553 1320 1554 1320 1493 1321 1494 1321 1553 1321 1494 1321 1552 1321 1553 1321 1494 1277 1495 1277 1552 1277 1495 1277 1551 1277 1552 1277 1495 1322 1496 1322 1551 1322 1496 1322 1550 1322 1551 1322 1496 1298 1497 1298 1550 1298 1497 1298 1549 1298 1550 1298 1497 909 1498 909 1549 909 1498 909 1548 909 1549 909 1498 1323 1499 1323 1548 1323 1499 1323 1547 1323 1548 1323 1499 1324 1500 1324 1547 1324 1500 1324 1546 1324 1547 1324 1500 1325 1501 1325 1546 1325 1501 1325 1545 1325 1546 1325 1501 1326 1502 1326 1545 1326 1502 1326 1544 1326 1545 1326 1502 1327 1503 1327 1544 1327 1503 1327 1543 1327 1544 1327 1503 1328 1504 1328 1543 1328 1504 1328 1542 1328 1543 1328 1504 1329 1505 1329 1542 1329 1505 1329 1541 1329 1542 1329 1505 1330 1506 1330 1541 1330 1506 1330 1540 1330 1541 1330 1506 1308 1507 1308 1540 1308 1507 1308 1539 1308 1540 1308 1323 0 1295 0 1322 0 1295 0 1296 0 1322 0 1387 1298 1364 1298 1581 1298 1364 1298 1580 1298 1581 1298 1364 1276 1365 1276 1580 1276 1365 1276 1603 1276 1580 1276 1365 1331 1366 1331 1603 1331 1366 1331 1602 1331 1603 1331 1366 1278 1367 1278 1602 1278 1367 1278 1601 1278 1602 1278 1367 1320 1368 1320 1601 1320 1368 1320 1600 1320 1601 1320 1368 1280 1369 1280 1600 1280 1369 1280 1599 1280 1600 1280 1369 1281 1370 1281 1599 1281 1370 1281 1598 1281 1599 1281 1370 1282 1371 1282 1598 1282 1371 1282 1597 1282 1598 1282 1371 1283 1372 1283 1597 1283 1372 1283 1596 1283 1597 1283 1372 1332 1373 1332 1596 1332 1373 1332 1595 1332 1596 1332 1373 1333 1374 1333 1595 1333 1374 1333 1594 1333 1595 1333 1374 1334 1375 1334 1594 1334 1375 1334 1593 1334 1594 1334 1375 1335 1376 1335 1593 1335 1376 1335 1592 1335 1593 1335 1376 1336 1377 1336 1592 1336 1377 1336 1591 1336 1592 1336 1377 1337 1378 1337 1591 1337 1378 1337 1590 1337 1591 1337 1378 1330 1379 1330 1590 1330 1379 1330 1589 1330 1590 1330 1379 1329 1380 1329 1589 1329 1380 1329 1588 1329 1589 1329 1380 1338 1381 1338 1588 1338 1381 1338 1587 1338 1588 1338 1381 1339 1382 1339 1587 1339 1382 1339 1586 1339 1587 1339 1382 1340 1383 1340 1586 1340 1383 1340 1585 1340 1586 1340 1383 1341 1384 1341 1585 1341 1384 1341 1584 1341 1585 1341 1384 1342 1385 1342 1584 1342 1385 1342 1583 1342 1584 1342 1385 1300 1386 1300 1583 1300 1386 1300 1582 1300 1583 1300 1386 1299 1387 1299 1582 1299 1387 1299 1581 1299 1582 1299 1483 1276 1460 1276 1603 1276 1460 1276 1580 1276 1603 1276 1460 1298 1461 1298 1580 1298 1461 1298 1581 1298 1580 1298 1461 1299 1462 1299 1581 1299 1462 1299 1582 1299 1581 1299 1462 1300 1463 1300 1582 1300 1463 1300 1583 1300 1582 1300 1463 1342 1464 1342 1583 1342 1464 1342 1584 1342 1583 1342 1464 1341 1465 1341 1584 1341 1465 1341 1585 1341 1584 1341 1465 1340 1466 1340 1585 1340 1466 1340 1586 1340 1585 1340 1466 1339 1467 1339 1586 1339 1467 1339 1587 1339 1586 1339 1467 1338 1468 1338 1587 1338 1468 1338 1588 1338 1587 1338 1468 1329 1469 1329 1588 1329 1469 1329 1589 1329 1588 1329 1469 1330 1470 1330 1589 1330 1470 1330 1590 1330 1589 1330 1470 1337 1471 1337 1590 1337 1471 1337 1591 1337 1590 1337 1471 1336 1472 1336 1591 1336 1472 1336 1592 1336 1591 1336 1472 1335 1473 1335 1592 1335 1473 1335 1593 1335 1592 1335 1473 1334 1474 1334 1593 1334 1474 1334 1594 1334 1593 1334 1474 1333 1475 1333 1594 1333 1475 1333 1595 1333 1594 1333 1475 1332 1476 1332 1595 1332 1476 1332 1596 1332 1595 1332 1476 1283 1477 1283 1596 1283 1477 1283 1597 1283 1596 1283 1477 1282 1478 1282 1597 1282 1478 1282 1598 1282 1597 1282 1478 1281 1479 1281 1598 1281 1479 1281 1599 1281 1598 1281 1479 1280 1480 1280 1599 1280 1480 1280 1600 1280 1599 1280 1480 1320 1481 1320 1600 1320 1481 1320 1601 1320 1600 1320 1481 1278 1482 1278 1601 1278 1482 1278 1602 1278 1601 1278 1482 1331 1483 1331 1602 1331 1483 1331 1603 1331 1602 1331 1605 1256 1604 1256 1653 1256 1604 1256 1652 1256 1653 1256 1604 1255 1627 1255 1652 1255 1627 1255 1675 1255 1652 1255 1627 1254 1626 1254 1675 1254 1626 1254 1674 1254 1675 1254 1626 1253 1625 1253 1674 1253 1625 1253 1673 1253 1674 1253 1625 1252 1624 1252 1673 1252 1624 1252 1672 1252 1673 1252 1624 1251 1623 1251 1672 1251 1623 1251 1671 1251 1672 1251 1623 1343 1622 1343 1671 1343 1622 1343 1670 1343 1671 1343 1622 1249 1621 1249 1670 1249 1621 1249 1669 1249 1670 1249 1621 1239 1620 1239 1669 1239 1620 1239 1668 1239 1669 1239 1620 1258 1619 1258 1668 1258 1619 1258 1667 1258 1668 1258 1619 1237 1618 1237 1667 1237 1618 1237 1666 1237 1667 1237 1618 1236 1617 1236 1666 1236 1617 1236 1665 1236 1666 1236 1617 1246 1616 1246 1665 1246 1616 1246 1664 1246 1665 1246 1616 1245 1615 1245 1664 1245 1615 1245 1663 1245 1664 1245 1615 1232 1614 1232 1663 1232 1614 1232 1662 1232 1663 1232 1614 1231 1613 1231 1662 1231 1613 1231 1661 1231 1662 1231 1613 1265 1612 1265 1661 1265 1612 1265 1660 1265 1661 1265 1612 1264 1611 1264 1660 1264 1611 1264 1659 1264 1660 1264 1611 1228 1610 1228 1659 1228 1610 1228 1658 1228 1659 1228 1610 1270 1609 1270 1658 1270 1609 1270 1657 1270 1658 1270 1609 1243 1608 1243 1657 1243 1608 1243 1656 1243 1657 1243 1608 1242 1607 1242 1656 1242 1607 1242 1655 1242 1656 1242 1607 1241 1606 1241 1655 1241 1606 1241 1654 1241 1655 1241 1606 1257 1605 1257 1654 1257 1605 1257 1653 1257 1654 1257 1629 1255 1628 1255 1675 1255 1628 1255 1652 1255 1675 1255 1628 1256 1651 1256 1652 1256 1651 1256 1653 1256 1652 1256 1651 1257 1650 1257 1653 1257 1650 1257 1654 1257 1653 1257 1650 1241 1649 1241 1654 1241 1649 1241 1655 1241 1654 1241 1649 1242 1648 1242 1655 1242 1648 1242 1656 1242 1655 1242 1648 1243 1647 1243 1656 1243 1647 1243 1657 1243 1656 1243 1647 1270 1646 1270 1657 1270 1646 1270 1658 1270 1657 1270 1646 1228 1645 1228 1658 1228 1645 1228 1659 1228 1658 1228 1645 1264 1644 1264 1659 1264 1644 1264 1660 1264 1659 1264 1644 1265 1643 1265 1660 1265 1643 1265 1661 1265 1660 1265 1643 1231 1642 1231 1661 1231 1642 1231 1662 1231 1661 1231 1642 1232 1641 1232 1662 1232 1641 1232 1663 1232 1662 1232 1641 1245 1640 1245 1663 1245 1640 1245 1664 1245 1663 1245 1640 1246 1639 1246 1664 1246 1639 1246 1665 1246 1664 1246 1639 1236 1638 1236 1665 1236 1638 1236 1666 1236 1665 1236 1638 1237 1637 1237 1666 1237 1637 1237 1667 1237 1666 1237 1637 1258 1636 1258 1667 1258 1636 1258 1668 1258 1667 1258 1636 1239 1635 1239 1668 1239 1635 1239 1669 1239 1668 1239 1635 1249 1634 1249 1669 1249 1634 1249 1670 1249 1669 1249 1634 1343 1633 1343 1670 1343 1633 1343 1671 1343 1670 1343 1633 1251 1632 1251 1671 1251 1632 1251 1672 1251 1671 1251 1632 1252 1631 1252 1672 1252 1631 1252 1673 1252 1672 1252 1631 1253 1630 1253 1673 1253 1630 1253 1674 1253 1673 1253 1630 1254 1629 1254 1674 1254 1629 1254 1675 1254 1674 1254 1689 1270 1690 1270 1676 1270 1690 1270 1677 1270 1676 1270 1690 1243 1691 1243 1677 1243 1691 1243 1678 1243 1677 1243 1691 1242 1692 1242 1678 1242 1692 1242 1679 1242 1678 1242 1692 1344 1693 1344 1679 1344 1693 1344 1680 1344 1679 1344 1693 1269 1694 1269 1680 1269 1694 1269 1681 1269 1680 1269 1694 1256 1682 1256 1681 1256 1682 1256 1694 1256 1683 1256 1694 1256 1684 1256 1683 1256 1694 1269 1693 1269 1684 1269 1693 1269 1685 1269 1684 1269 1693 1344 1692 1344 1685 1344 1692 1344 1686 1344 1685 1344 1692 1242 1691 1242 1686 1242 1691 1242 1687 1242 1686 1242 1691 1243 1690 1243 1687 1243 1690 1243 1688 1243 1687 1243 1690 1270 1689 1270 1688 1270 1682 2 1683 2 1695 2 1683 2 1696 2 1695 2 1605 405 1703 405 1604 405 1703 405 1627 405 1604 405 1703 405 1626 405 1627 405 1626 405 1703 405 1625 405 1703 405 1699 405 1625 405 1703 405 1700 405 1699 405 1624 405 1625 405 1697 405 1625 405 1698 405 1697 405 1625 405 1699 405 1698 405 1624 405 1697 405 1623 405 1697 405 1622 405 1623 405 1697 405 1676 405 1622 405 1676 405 1621 405 1622 405 1676 405 1620 405 1621 405 1620 405 1676 405 1619 405 1676 405 1677 405 1619 405 1677 405 1678 405 1619 405 1678 405 1682 405 1619 405 1678 405 1679 405 1682 405 1679 405 1680 405 1682 405 1680 405 1681 405 1682 405 1619 405 1682 405 1618 405 1682 405 1617 405 1618 405 1682 405 1616 405 1617 405 1616 405 1682 405 1615 405 1682 405 1695 405 1615 405 1695 405 1614 405 1615 405 1695 405 1613 405 1614 405 1613 405 1695 405 1612 405 1695 405 1611 405 1612 405 1695 405 1704 405 1611 405 1704 405 1610 405 1611 405 1704 405 1609 405 1610 405 1609 405 1704 405 1608 405 1704 405 1607 405 1608 405 1704 405 1606 405 1607 405 1606 405 1704 405 1605 405 1704 405 1703 405 1605 405 1700 405 1703 405 1701 405 1703 405 1702 405 1701 405 1705 405 1704 405 1710 405 1704 405 1711 405 1710 405 1704 405 1695 405 1711 405 1695 405 1712 405 1711 405 1695 405 1713 405 1712 405 1706 405 1705 405 1707 405 1705 405 1710 405 1707 405 1707 405 1710 405 1708 405 1710 405 1709 405 1708 405 1713 405 1695 405 1714 405 1695 405 1715 405 1714 405 1695 405 1716 405 1715 405 1697 1228 1724 1228 1717 1228 1724 1228 1718 1228 1717 1228 1724 1229 1725 1229 1718 1229 1725 1229 1719 1229 1718 1229 1725 1230 1726 1230 1719 1230 1726 1230 1720 1230 1719 1230 1726 1345 1727 1345 1720 1345 1727 1345 1721 1345 1720 1345 1727 1232 1728 1232 1721 1232 1728 1232 1722 1232 1721 1232 1728 1245 1723 1245 1722 1245 1723 1245 1728 1245 1703 1245 1728 1245 1702 1245 1703 1245 1728 1232 1727 1232 1702 1232 1727 1232 1701 1232 1702 1232 1727 1345 1726 1345 1701 1345 1726 1345 1700 1345 1701 1345 1726 1230 1725 1230 1700 1230 1725 1230 1699 1230 1700 1230 1725 1229 1724 1229 1699 1229 1724 1229 1698 1229 1699 1229 1724 1228 1697 1228 1698 1228 1703 1234 1704 1234 1723 1234 1704 1234 1729 1234 1723 1234 1689 1 1676 1 1717 1 1676 1 1697 1 1717 1 1629 716 1723 716 1628 716 1723 716 1651 716 1628 716 1723 716 1729 716 1651 716 1729 716 1650 716 1651 716 1729 716 1649 716 1650 716 1649 716 1729 716 1648 716 1729 716 1647 716 1648 716 1729 716 1646 716 1647 716 1646 716 1729 716 1645 716 1729 716 1696 716 1645 716 1729 716 1735 716 1696 716 1735 716 1734 716 1696 716 1734 716 1733 716 1696 716 1733 716 1732 716 1696 716 1732 716 1731 716 1696 716 1731 716 1730 716 1696 716 1645 716 1696 716 1644 716 1696 716 1643 716 1644 716 1696 716 1642 716 1643 716 1642 716 1696 716 1641 716 1696 716 1683 716 1641 716 1683 716 1640 716 1641 716 1683 716 1639 716 1640 716 1639 716 1683 716 1638 716 1683 716 1637 716 1638 716 1683 716 1687 716 1637 716 1687 716 1688 716 1637 716 1688 716 1689 716 1637 716 1689 716 1636 716 1637 716 1689 716 1635 716 1636 716 1635 716 1689 716 1634 716 1689 716 1717 716 1634 716 1717 716 1633 716 1634 716 1717 716 1632 716 1633 716 1632 716 1717 716 1631 716 1717 716 1718 716 1631 716 1718 716 1719 716 1631 716 1719 716 1723 716 1631 716 1719 716 1720 716 1723 716 1720 716 1721 716 1723 716 1721 716 1722 716 1723 716 1631 716 1723 716 1630 716 1723 716 1629 716 1630 716 1687 716 1683 716 1686 716 1683 716 1685 716 1686 716 1683 716 1684 716 1685 716 1735 716 1729 716 1736 716 1729 716 1741 716 1736 716 1741 716 1739 716 1736 716 1741 716 1740 716 1739 716 1736 716 1739 716 1737 716 1739 716 1738 716 1737 716 1741 1234 1705 1234 1740 1234 1705 1234 1706 1234 1740 1234 1740 0 1706 0 1739 0 1706 0 1707 0 1739 0 1716 1260 1695 1260 1742 1260 1695 1260 1743 1260 1742 1260 1695 1260 1696 1260 1743 1260 1696 1260 1744 1260 1743 1260 1696 1260 1730 1260 1744 1260 1730 1268 1731 1268 1744 1268 1731 1268 1747 1268 1744 1268 1731 1253 1732 1253 1747 1253 1732 1253 1750 1253 1747 1253 1732 1252 1733 1252 1750 1252 1733 1252 1753 1252 1750 1252 1733 1251 1734 1251 1753 1251 1734 1251 1756 1251 1753 1251 1734 1267 1735 1267 1756 1267 1735 1267 1755 1267 1756 1267 1735 1267 1711 1267 1755 1267 1711 1267 1754 1267 1755 1267 1711 1267 1712 1267 1754 1267 1712 1251 1713 1251 1754 1251 1713 1251 1751 1251 1754 1251 1713 1252 1714 1252 1751 1252 1714 1252 1748 1252 1751 1252 1714 1253 1715 1253 1748 1253 1715 1253 1745 1253 1748 1253 1715 1268 1716 1268 1745 1268 1716 1268 1742 1268 1745 1268 1747 1268 1743 1268 1744 1268 1743 1268 1746 1268 1742 1268 1746 1268 1745 1268 1742 1268 1746 1253 1749 1253 1745 1253 1749 1253 1748 1253 1745 1253 1749 1252 1752 1252 1748 1252 1752 1252 1751 1252 1748 1252 1752 1251 1755 1251 1751 1251 1755 1251 1754 1251 1751 1251 1750 1253 1746 1253 1747 1253 1746 1268 1743 1268 1747 1268 1750 1253 1749 1253 1746 1253 1753 1252 1749 1252 1750 1252 1753 1252 1752 1252 1749 1252 1756 1251 1752 1251 1753 1251 1756 1251 1755 1251 1752 1251 1711 0 1735 0 1710 0 1735 0 1736 0 1710 0 1705 1 1741 1 1769 1 1741 1 1770 1 1769 1 1741 1 1771 1 1770 1 1704 1 1705 1 1763 1 1705 1 1764 1 1763 1 1705 1 1765 1 1764 1 1729 1 1704 1 1757 1 1704 1 1758 1 1757 1 1704 1 1759 1 1758 1 1741 1 1729 1 1775 1 1729 1 1776 1 1775 1 1729 1 1777 1 1776 1 1759 1 1704 1 1760 1 1704 1 1761 1 1760 1 1704 1 1762 1 1761 1 1762 1 1704 1 1763 1 1765 1 1705 1 1766 1 1705 1 1767 1 1766 1 1705 1 1768 1 1767 1 1768 1 1705 1 1769 1 1771 1 1741 1 1772 1 1741 1 1773 1 1772 1 1741 1 1774 1 1773 1 1774 1 1741 1 1775 1 1777 1 1729 1 1778 1 1729 1 1779 1 1778 1 1729 1 1780 1 1779 1 1780 1 1729 1 1757 1 1710 2 1736 2 1709 2 1736 2 1737 2 1709 2 1782 0 1781 0 1737 0 1781 0 1709 0 1737 0 1781 0 1804 0 1709 0 1804 0 1803 0 1709 0 1803 0 1802 0 1709 0 1802 0 1801 0 1709 0 1801 0 1800 0 1709 0 1800 0 1799 0 1709 0 1799 0 1708 0 1709 0 1799 0 1798 0 1708 0 1798 0 1797 0 1708 0 1797 0 1796 0 1708 0 1796 0 1795 0 1708 0 1795 0 1794 0 1708 0 1794 0 1793 0 1708 0 1793 0 1738 0 1708 0 1793 0 1792 0 1738 0 1792 0 1791 0 1738 0 1791 0 1790 0 1738 0 1790 0 1789 0 1738 0 1789 0 1788 0 1738 0 1788 0 1787 0 1738 0 1787 0 1737 0 1738 0 1787 0 1786 0 1737 0 1786 0 1785 0 1737 0 1785 0 1784 0 1737 0 1784 0 1783 0 1737 0 1783 0 1782 0 1737 0 1708 1234 1738 1234 1707 1234 1738 1234 1739 1234 1707 1234 1780 1346 1757 1346 1782 1346 1757 1346 1781 1346 1782 1346 1757 1347 1758 1347 1781 1347 1758 1347 1804 1347 1781 1347 1758 1348 1759 1348 1804 1348 1759 1348 1803 1348 1804 1348 1759 1349 1760 1349 1803 1349 1760 1349 1802 1349 1803 1349 1760 1350 1761 1350 1802 1350 1761 1350 1801 1350 1802 1350 1761 1351 1762 1351 1801 1351 1762 1351 1800 1351 1801 1351 1762 1352 1763 1352 1800 1352 1763 1352 1799 1352 1800 1352 1763 1353 1764 1353 1799 1353 1764 1353 1798 1353 1799 1353 1764 1354 1765 1354 1798 1354 1765 1354 1797 1354 1798 1354 1765 1355 1766 1355 1797 1355 1766 1355 1796 1355 1797 1355 1766 1356 1767 1356 1796 1356 1767 1356 1795 1356 1796 1356 1767 1357 1768 1357 1795 1357 1768 1357 1794 1357 1795 1357 1768 1358 1769 1358 1794 1358 1769 1358 1793 1358 1794 1358 1769 1359 1770 1359 1793 1359 1770 1359 1792 1359 1793 1359 1770 1360 1771 1360 1792 1360 1771 1360 1791 1360 1792 1360 1771 1361 1772 1361 1791 1361 1772 1361 1790 1361 1791 1361 1772 1362 1773 1362 1790 1362 1773 1362 1789 1362 1790 1362 1773 1363 1774 1363 1789 1363 1774 1363 1788 1363 1789 1363 1774 1364 1775 1364 1788 1364 1775 1364 1787 1364 1788 1364 1775 1365 1776 1365 1787 1365 1776 1365 1786 1365 1787 1365 1776 1366 1777 1366 1786 1366 1777 1366 1785 1366 1786 1366 1777 1367 1778 1367 1785 1367 1778 1367 1784 1367 1785 1367 1778 1368 1779 1368 1784 1368 1779 1368 1783 1368 1784 1368 1779 1369 1780 1369 1783 1369 1780 1369 1782 1369 1783 1369 1806 1370 1805 1370 1825 1370 1805 1370 1826 1370 1825 1370 1805 1370 1827 1370 1826 1370 1827 1371 1834 1371 1826 1371 1827 1371 1835 1371 1834 1371 1835 1372 1842 1372 1834 1372 1835 1372 1843 1372 1842 1372 1843 1373 1850 1373 1842 1373 1843 1373 1851 1373 1850 1373 1851 1374 1815 1374 1850 1374 1851 1374 1852 1374 1815 1374 1852 1374 1820 1374 1815 1374 1852 1373 1845 1373 1820 1373 1845 1373 1821 1373 1820 1373 1845 1372 1838 1372 1821 1372 1838 1372 1822 1372 1821 1372 1838 1371 1831 1371 1822 1371 1831 1371 1823 1371 1822 1371 1831 1370 1824 1370 1823 1370 1825 1371 1832 1371 1806 1371 1832 1371 1807 1371 1806 1371 1832 1372 1839 1372 1807 1372 1839 1372 1808 1372 1807 1372 1839 1373 1846 1373 1808 1373 1846 1373 1809 1373 1808 1373 1846 1374 1814 1374 1809 1374 1814 1375 1810 1375 1809 1375 1814 1376 1813 1376 1810 1376 1813 1377 1812 1377 1810 1377 1812 1378 1811 1378 1810 1378 1815 1374 1814 1374 1849 1374 1814 1374 1848 1374 1849 1374 1814 1374 1847 1374 1848 1374 1847 1373 1840 1373 1848 1373 1847 1373 1839 1373 1840 1373 1839 1372 1832 1372 1840 1372 1820 1379 1819 1379 1815 1379 1819 1380 1816 1380 1815 1380 1819 1377 1817 1377 1816 1377 1817 1378 1819 1378 1818 1378 1805 1370 1824 1370 1828 1370 1824 1370 1829 1370 1828 1370 1824 1370 1830 1370 1829 1370 1830 1371 1837 1371 1829 1371 1830 1371 1838 1371 1837 1371 1838 1372 1845 1372 1837 1372 1828 1370 1827 1370 1805 1370 1826 1371 1833 1371 1825 1371 1833 1371 1832 1371 1825 1371 1833 1372 1840 1372 1832 1372 1827 1371 1828 1371 1835 1371 1828 1371 1836 1371 1835 1371 1828 1371 1829 1371 1836 1371 1829 1371 1837 1371 1836 1371 1831 1370 1830 1370 1824 1370 1838 1371 1830 1371 1831 1371 1826 1371 1834 1371 1833 1371 1834 1372 1841 1372 1833 1372 1834 1372 1842 1372 1841 1372 1842 1373 1849 1373 1841 1373 1842 1373 1850 1373 1849 1373 1850 1374 1815 1374 1849 1374 1841 1372 1840 1372 1833 1372 1835 1372 1836 1372 1843 1372 1836 1372 1844 1372 1843 1372 1836 1372 1837 1372 1844 1372 1837 1372 1845 1372 1844 1372 1847 1373 1846 1373 1839 1373 1849 1373 1848 1373 1841 1373 1848 1373 1840 1373 1841 1373 1852 1373 1844 1373 1845 1373 1852 1373 1851 1373 1844 1373 1851 1373 1843 1373 1844 1373 1814 1374 1846 1374 1847 1374 1809 716 1810 716 1808 716 1810 716 1807 716 1808 716 1810 716 1806 716 1807 716 1806 716 1810 716 1805 716 1810 716 1853 716 1805 716 1810 716 1856 716 1853 716 1856 716 1855 716 1853 716 1855 716 1854 716 1853 716 1860 405 1819 405 1824 405 1819 405 1823 405 1824 405 1819 405 1822 405 1823 405 1822 405 1819 405 1821 405 1819 405 1820 405 1821 405 1819 405 1860 405 1857 405 1860 405 1858 405 1857 405 1860 405 1859 405 1858 405 1818 1234 1819 1234 1861 1234 1819 1234 1857 1234 1861 1234 1815 1381 1879 1381 1814 1381 1879 1382 1883 1382 1814 1382 1879 1383 1884 1383 1883 1383 1884 1384 1891 1384 1883 1384 1884 1384 1892 1384 1891 1384 1892 1385 1899 1385 1891 1385 1892 1385 1900 1385 1899 1385 1900 1386 1907 1386 1899 1386 1900 1387 1873 1387 1907 1387 1873 1388 1872 1388 1907 1388 1872 1389 1871 1389 1907 1389 1871 1390 1906 1390 1907 1390 1871 1390 1905 1390 1906 1390 1905 1386 1898 1386 1906 1386 1905 1386 1897 1386 1898 1386 1897 1385 1890 1385 1898 1385 1897 1385 1889 1385 1890 1385 1889 1384 1882 1384 1890 1384 1889 1384 1881 1384 1882 1384 1881 1391 1814 1391 1882 1391 1881 1391 1880 1391 1814 1391 1880 1392 1862 1392 1814 1392 1880 1393 1863 1393 1862 1393 1863 1394 1880 1394 1864 1394 1880 1395 1887 1395 1864 1395 1880 1384 1888 1384 1887 1384 1888 1385 1895 1385 1887 1385 1888 1385 1896 1385 1895 1385 1896 1386 1903 1386 1895 1386 1896 1386 1904 1386 1903 1386 1904 1390 1871 1390 1903 1390 1904 1390 1905 1390 1871 1390 1864 1396 1887 1396 1865 1396 1887 1397 1866 1397 1865 1397 1887 1398 1894 1398 1866 1398 1894 1399 1867 1399 1866 1399 1894 1400 1868 1400 1867 1400 1894 1401 1901 1401 1868 1401 1901 1402 1869 1402 1868 1402 1901 1403 1902 1403 1869 1403 1902 1403 1903 1403 1869 1403 1902 1386 1895 1386 1903 1386 1870 1404 1869 1404 1871 1404 1869 1405 1903 1405 1871 1405 1873 1406 1900 1406 1874 1406 1900 1407 1875 1407 1874 1407 1900 1408 1893 1408 1875 1408 1893 1409 1876 1409 1875 1409 1893 1410 1877 1410 1876 1410 1893 1411 1886 1411 1877 1411 1886 1412 1878 1412 1877 1412 1886 1413 1879 1413 1878 1413 1883 1391 1882 1391 1814 1391 1889 1384 1888 1384 1881 1384 1888 1384 1880 1384 1881 1384 1891 1384 1890 1384 1883 1384 1890 1384 1882 1384 1883 1384 1886 1383 1885 1383 1879 1383 1885 1383 1884 1383 1879 1383 1885 1384 1892 1384 1884 1384 1893 1384 1885 1384 1886 1384 1893 1384 1892 1384 1885 1384 1897 1385 1896 1385 1889 1385 1896 1385 1888 1385 1889 1385 1899 1385 1898 1385 1891 1385 1898 1385 1890 1385 1891 1385 1900 1385 1892 1385 1893 1385 1902 1386 1894 1386 1895 1386 1894 1385 1887 1385 1895 1385 1901 1386 1894 1386 1902 1386 1905 1386 1904 1386 1897 1386 1904 1386 1896 1386 1897 1386 1907 1386 1906 1386 1899 1386 1906 1386 1898 1386 1899 1386 1909 1358 1908 1358 1955 1358 1908 1358 1932 1358 1955 1358 1908 1359 1931 1359 1932 1359 1931 1359 1933 1359 1932 1359 1931 1360 1930 1360 1933 1360 1930 1360 1934 1360 1933 1360 1930 1361 1929 1361 1934 1361 1929 1361 1935 1361 1934 1361 1929 1362 1928 1362 1935 1362 1928 1362 1936 1362 1935 1362 1928 1363 1927 1363 1936 1363 1927 1363 1937 1363 1936 1363 1927 1364 1926 1364 1937 1364 1926 1364 1938 1364 1937 1364 1926 1365 1925 1365 1938 1365 1925 1365 1939 1365 1938 1365 1925 1366 1924 1366 1939 1366 1924 1366 1940 1366 1939 1366 1924 1367 1923 1367 1940 1367 1923 1367 1941 1367 1940 1367 1923 1368 1922 1368 1941 1368 1922 1368 1942 1368 1941 1368 1922 1369 1921 1369 1942 1369 1921 1369 1943 1369 1942 1369 1921 1346 1920 1346 1943 1346 1920 1346 1944 1346 1943 1346 1920 1347 1919 1347 1944 1347 1919 1347 1945 1347 1944 1347 1919 1348 1918 1348 1945 1348 1918 1348 1946 1348 1945 1348 1918 1349 1917 1349 1946 1349 1917 1349 1947 1349 1946 1349 1917 1350 1916 1350 1947 1350 1916 1350 1948 1350 1947 1350 1916 1351 1915 1351 1948 1351 1915 1351 1949 1351 1948 1351 1915 1352 1914 1352 1949 1352 1914 1352 1950 1352 1949 1352 1914 1353 1913 1353 1950 1353 1913 1353 1951 1353 1950 1353 1913 1354 1912 1354 1951 1354 1912 1354 1952 1354 1951 1354 1912 1355 1911 1355 1952 1355 1911 1355 1953 1355 1952 1355 1911 1356 1910 1356 1953 1356 1910 1356 1954 1356 1953 1356 1910 1357 1909 1357 1954 1357 1909 1357 1955 1357 1954 1357 1931 1 1908 1 1956 1 1908 1 1860 1 1956 1 1908 1 1909 1 1860 1 1909 1 1910 1 1860 1 1910 1 1911 1 1860 1 1911 1 1912 1 1860 1 1912 1 1913 1 1860 1 1913 1 1914 1 1860 1 1914 1 1915 1 1860 1 1915 1 1859 1 1860 1 1915 1 1916 1 1859 1 1916 1 1917 1 1859 1 1917 1 1918 1 1859 1 1918 1 1919 1 1859 1 1919 1 1920 1 1859 1 1920 1 1957 1 1859 1 1920 1 1921 1 1957 1 1921 1 1922 1 1957 1 1922 1 1923 1 1957 1 1923 1 1924 1 1957 1 1924 1 1925 1 1957 1 1925 1 1956 1 1957 1 1925 1 1926 1 1956 1 1926 1 1927 1 1956 1 1927 1 1928 1 1956 1 1928 1 1929 1 1956 1 1929 1 1930 1 1956 1 1930 1 1931 1 1956 1 1859 2 1957 2 1858 2 1957 2 1958 2 1858 2 1956 2 1860 2 1871 2 1860 2 1824 2 1871 2 1824 2 1805 2 1871 2 1805 2 1870 2 1871 2 1805 2 1853 2 1870 2 1853 2 1959 2 1870 2 1955 0 1932 0 1857 0 1932 0 1861 0 1857 0 1932 0 1933 0 1861 0 1933 0 1934 0 1861 0 1934 0 1935 0 1861 0 1935 0 1936 0 1861 0 1936 0 1937 0 1861 0 1937 0 1938 0 1861 0 1938 0 1958 0 1861 0 1938 0 1939 0 1958 0 1939 0 1940 0 1958 0 1940 0 1941 0 1958 0 1941 0 1942 0 1958 0 1942 0 1943 0 1958 0 1943 0 1944 0 1958 0 1944 0 1858 0 1958 0 1944 0 1945 0 1858 0 1945 0 1946 0 1858 0 1946 0 1947 0 1858 0 1947 0 1948 0 1858 0 1948 0 1949 0 1858 0 1949 0 1950 0 1858 0 1950 0 1857 0 1858 0 1950 0 1951 0 1857 0 1951 0 1952 0 1857 0 1952 0 1953 0 1857 0 1953 0 1954 0 1857 0 1954 0 1955 0 1857 0 1961 1358 1960 1358 2007 1358 1960 1358 1984 1358 2007 1358 1960 1359 1983 1359 1984 1359 1983 1359 1985 1359 1984 1359 1983 1414 1982 1414 1985 1414 1982 1414 1986 1414 1985 1414 1982 1361 1981 1361 1986 1361 1981 1361 1987 1361 1986 1361 1981 1415 1980 1415 1987 1415 1980 1415 1988 1415 1987 1415 1980 1416 1979 1416 1988 1416 1979 1416 1989 1416 1988 1416 1979 1417 1978 1417 1989 1417 1978 1417 1990 1417 1989 1417 1978 1418 1977 1418 1990 1418 1977 1418 1991 1418 1990 1418 1977 1419 1976 1419 1991 1419 1976 1419 1992 1419 1991 1419 1976 1420 1975 1420 1992 1420 1975 1420 1993 1420 1992 1420 1975 1368 1974 1368 1993 1368 1974 1368 1994 1368 1993 1368 1974 1421 1973 1421 1994 1421 1973 1421 1995 1421 1994 1421 1973 1422 1972 1422 1995 1422 1972 1422 1996 1422 1995 1422 1972 1423 1971 1423 1996 1423 1971 1423 1997 1423 1996 1423 1971 1424 1970 1424 1997 1424 1970 1424 1998 1424 1997 1424 1970 1425 1969 1425 1998 1425 1969 1425 1999 1425 1998 1425 1969 1426 1968 1426 1999 1426 1968 1426 2000 1426 1999 1426 1968 1351 1967 1351 2000 1351 1967 1351 2001 1351 2000 1351 1967 1427 1966 1427 2001 1427 1966 1427 2002 1427 2001 1427 1966 1428 1965 1428 2002 1428 1965 1428 2003 1428 2002 1428 1965 1354 1964 1354 2003 1354 1964 1354 2004 1354 2003 1354 1964 1429 1963 1429 2004 1429 1963 1429 2005 1429 2004 1429 1963 1430 1962 1430 2005 1430 1962 1430 2006 1430 2005 1430 1962 1431 1961 1431 2006 1431 1961 1431 2007 1431 2006 1431 1983 1 1960 1 1853 1 1960 1 1959 1 1853 1 1960 1 1961 1 1959 1 1961 1 1962 1 1959 1 1962 1 1963 1 1959 1 1963 1 1964 1 1959 1 1964 1 1965 1 1959 1 1965 1 1966 1 1959 1 1966 1 1967 1 1959 1 1967 1 2008 1 1959 1 1967 1 1968 1 2008 1 1968 1 1969 1 2008 1 1969 1 1970 1 2008 1 1970 1 1971 1 2008 1 1971 1 1972 1 2008 1 1972 1 1854 1 2008 1 1972 1 1973 1 1854 1 1973 1 1974 1 1854 1 1974 1 1975 1 1854 1 1975 1 1976 1 1854 1 1976 1 1977 1 1854 1 1977 1 1853 1 1854 1 1977 1 1978 1 1853 1 1978 1 1979 1 1853 1 1979 1 1980 1 1853 1 1980 1 1981 1 1853 1 1981 1 1982 1 1853 1 1982 1 1983 1 1853 1 2008 2 1854 2 2009 2 1854 2 1855 2 2009 2 2007 0 1984 0 2010 0 1984 0 1856 0 2010 0 1984 0 1985 0 1856 0 1985 0 1986 0 1856 0 1986 0 1987 0 1856 0 1987 0 1988 0 1856 0 1988 0 1989 0 1856 0 1989 0 1990 0 1856 0 1990 0 1855 0 1856 0 1990 0 1991 0 1855 0 1991 0 1992 0 1855 0 1992 0 1993 0 1855 0 1993 0 1994 0 1855 0 1994 0 1995 0 1855 0 1995 0 1996 0 1855 0 1996 0 2009 0 1855 0 1996 0 1997 0 2009 0 1997 0 1998 0 2009 0 1998 0 1999 0 2009 0 1999 0 2000 0 2009 0 2000 0 2001 0 2009 0 2001 0 2002 0 2009 0 2002 0 2010 0 2009 0 2002 0 2003 0 2010 0 2003 0 2004 0 2010 0 2004 0 2005 0 2010 0 2005 0 2006 0 2010 0 2006 0 2007 0 2010 0 1810 1234 1811 1234 1856 1234 1811 1234 2010 1234 1856 1234 1814 405 1862 405 1813 405 1862 405 1812 405 1813 405 1862 405 1811 405 1812 405 1862 405 1863 405 1811 405 1863 405 2010 405 1811 405 1863 405 1864 405 2010 405 1864 405 1865 405 2010 405 1865 405 1866 405 2010 405 1866 405 1867 405 2010 405 1867 405 1959 405 2010 405 1867 405 1868 405 1959 405 1868 405 1869 405 1959 405 1869 405 1870 405 1959 405 2010 405 1959 405 2009 405 1959 405 2008 405 2009 405 1817 716 1818 716 1879 716 1818 716 1878 716 1879 716 1818 716 1861 716 1878 716 1861 716 1877 716 1878 716 1861 716 1876 716 1877 716 1817 716 1879 716 1816 716 1879 716 1815 716 1816 716 1876 716 1861 716 1875 716 1861 716 1874 716 1875 716 1861 716 1956 716 1874 716 1956 716 1873 716 1874 716 1956 716 1872 716 1873 716 1872 716 1956 716 1871 716 1957 716 1956 716 1958 716 1956 716 1861 716 1958 716 2011 1234 2014 1234 2012 1234 2014 1234 2013 1234 2012 1234 2012 0 2013 0 2015 0 2013 0 2016 0 2015 0 2015 2 2016 2 2017 2 2016 2 2018 2 2017 2 2017 1 2018 1 2011 1 2018 1 2014 1 2011 1 2018 405 2016 405 2014 405 2016 405 2013 405 2014 405 2019 1234 2022 1234 2020 1234 2022 1234 2021 1234 2020 1234 2023 0 2024 0 2019 0 2024 0 2022 0 2019 0 2025 2 2026 2 2023 2 2026 2 2024 2 2023 2 2020 1 2021 1 2025 1 2021 1 2026 1 2025 1 2021 716 2022 716 2026 716 2022 716 2024 716 2026 716 2028 1432 2027 1432 2057 1432 2027 336 2058 336 2057 336 2027 1433 2047 1433 2058 1433 2047 1434 2046 1434 2058 1434 2046 1435 2060 1435 2058 1435 2046 1436 2049 1436 2060 1436 2049 347 2059 347 2060 347 2049 347 2050 347 2059 347 2050 1437 2029 1437 2059 1437 2050 1438 2030 1438 2029 1438 2028 1439 2057 1439 2029 1439 2057 1440 2059 1440 2029 1440 2057 348 2060 348 2059 348 2050 1441 2052 1441 2030 1441 2052 1442 2031 1442 2030 1442 2052 1443 2064 1443 2031 1443 2064 1444 2061 1444 2031 1444 2064 325 2062 325 2061 325 2062 262 2067 262 2061 262 2062 262 2043 262 2067 262 2043 263 2066 263 2067 263 2043 1445 2042 1445 2066 1445 2042 1446 2070 1446 2066 1446 2042 1447 2053 1447 2070 1447 2053 1448 2069 1448 2070 1448 2053 1448 2054 1448 2069 1448 2054 1449 2033 1449 2069 1449 2054 1450 2034 1450 2033 1450 2031 1451 2061 1451 2032 1451 2061 262 2068 262 2032 262 2061 262 2067 262 2068 262 2067 263 2066 263 2068 263 2068 263 2065 263 2032 263 2065 1452 2033 1452 2032 1452 2065 1453 2069 1453 2033 1453 2054 1454 2056 1454 2034 1454 2056 1455 2035 1455 2034 1455 2056 292 2074 292 2035 292 2074 1456 2071 1456 2035 1456 2074 345 2072 345 2071 345 2072 299 2038 299 2071 299 2072 1457 2039 1457 2038 1457 2035 1458 2071 1458 2036 1458 2071 1459 2038 1459 2036 1459 2036 1460 2038 1460 2037 1460 2039 1461 2072 1461 2040 1461 2072 1462 2073 1462 2040 1462 2072 345 2074 345 2073 345 2074 344 2056 344 2073 344 2073 303 2055 303 2040 303 2055 1463 2041 1463 2040 1463 2055 1464 2053 1464 2041 1464 2053 1465 2042 1465 2041 1465 2043 1466 2062 1466 2044 1466 2062 1467 2063 1467 2044 1467 2062 325 2064 325 2063 325 2064 346 2052 346 2063 346 2063 1468 2051 1468 2044 1468 2051 1469 2045 1469 2044 1469 2051 1470 2049 1470 2045 1470 2049 1471 2046 1471 2045 1471 2047 1472 2027 1472 2048 1472 2060 348 2057 348 2058 348 2049 331 2051 331 2050 331 2051 331 2052 331 2050 331 2051 346 2063 346 2052 346 2070 288 2065 288 2066 288 2065 263 2068 263 2066 263 2069 288 2065 288 2070 288 2053 294 2055 294 2054 294 2055 294 2056 294 2054 294 2055 344 2073 344 2056 344 2076 717 2075 717 2085 717 2075 717 2086 717 2085 717 2075 717 2087 717 2086 717 2087 718 2093 718 2086 718 2087 718 2094 718 2093 718 2094 719 2100 719 2093 719 2094 719 2101 719 2100 719 2101 720 2080 720 2100 720 2101 720 2102 720 2080 720 2102 720 2081 720 2080 720 2102 719 2096 719 2081 719 2096 719 2082 719 2081 719 2096 718 2090 718 2082 718 2090 718 2083 718 2082 718 2090 717 2084 717 2083 717 2085 718 2091 718 2076 718 2091 718 2077 718 2076 718 2091 719 2097 719 2077 719 2097 719 2078 719 2077 719 2097 720 2079 720 2078 720 2080 720 2079 720 2099 720 2079 720 2098 720 2099 720 2079 720 2097 720 2098 720 2097 719 2091 719 2098 719 2075 717 2084 717 2088 717 2084 717 2089 717 2088 717 2084 717 2090 717 2089 717 2090 718 2096 718 2089 718 2088 717 2087 717 2075 717 2086 718 2092 718 2085 718 2092 718 2091 718 2085 718 2092 719 2098 719 2091 719 2087 718 2088 718 2094 718 2088 718 2095 718 2094 718 2088 718 2089 718 2095 718 2089 718 2096 718 2095 718 2086 718 2093 718 2092 718 2093 719 2099 719 2092 719 2093 719 2100 719 2099 719 2100 720 2080 720 2099 720 2099 719 2098 719 2092 719 2102 719 2095 719 2096 719 2102 719 2101 719 2095 719 2101 719 2094 719 2095 719 2019 716 2020 716 2043 716 2020 716 2042 716 2043 716 2020 716 2114 716 2042 716 2114 716 2110 716 2042 716 2114 716 2111 716 2110 716 2023 716 2019 716 2117 716 2019 716 2081 716 2117 716 2019 716 2044 716 2081 716 2044 716 2080 716 2081 716 2044 716 2045 716 2080 716 2045 716 2103 716 2080 716 2045 716 2104 716 2103 716 2117 716 2116 716 2023 716 2116 716 2025 716 2023 716 2116 716 2115 716 2025 716 2115 716 2114 716 2025 716 2114 716 2020 716 2025 716 2045 716 2046 716 2104 716 2046 716 2105 716 2104 716 2046 716 2047 716 2105 716 2047 716 2048 716 2105 716 2044 716 2019 716 2043 716 2110 716 2109 716 2042 716 2109 716 2041 716 2042 716 2109 716 2108 716 2041 716 2108 716 2040 716 2041 716 2108 716 2107 716 2040 716 2107 716 2039 716 2040 716 2107 716 2106 716 2039 716 2106 716 2038 716 2039 716 2112 716 2111 716 2113 716 2111 716 2114 716 2113 716 2081 716 2082 716 2117 716 2082 716 2084 716 2117 716 2082 716 2083 716 2084 716 2079 721 2080 721 2118 721 2080 721 2103 721 2118 721 2105 722 2048 722 2121 722 2048 723 2122 723 2121 723 2048 723 2123 723 2122 723 2123 1473 2118 1473 2122 1473 2123 1473 2124 1473 2118 1473 2124 1473 2125 1473 2118 1473 2124 725 2120 725 2125 725 2120 1474 2119 1474 2125 1474 2119 1475 2118 1475 2125 1475 2105 1476 2121 1476 2104 1476 2121 1477 2122 1477 2104 1477 2103 730 2104 730 2118 730 2104 731 2122 731 2118 731 2027 732 2120 732 2048 732 2120 733 2124 733 2048 733 2124 723 2123 723 2048 723 2127 734 2126 734 2131 734 2126 734 2132 734 2131 734 2126 734 2133 734 2132 734 2133 735 2139 735 2132 735 2133 735 2140 735 2139 735 2140 736 2146 736 2139 736 2140 736 2147 736 2146 736 2147 1478 2113 1478 2146 1478 2147 1478 2148 1478 2113 1478 2148 1478 2112 1478 2113 1478 2148 736 2142 736 2112 736 2142 736 2111 736 2112 736 2142 735 2136 735 2111 735 2136 735 2110 735 2111 735 2136 734 2109 734 2110 734 2131 735 2137 735 2127 735 2137 735 2128 735 2127 735 2137 736 2143 736 2128 736 2143 736 2129 736 2128 736 2143 1478 2130 1478 2129 1478 2113 1478 2130 1478 2145 1478 2130 1478 2144 1478 2145 1478 2130 1478 2143 1478 2144 1478 2143 736 2137 736 2144 736 2126 734 2109 734 2134 734 2109 734 2135 734 2134 734 2109 734 2136 734 2135 734 2136 735 2142 735 2135 735 2134 734 2133 734 2126 734 2132 735 2138 735 2131 735 2138 735 2137 735 2131 735 2138 736 2144 736 2137 736 2133 735 2134 735 2140 735 2134 735 2141 735 2140 735 2134 735 2135 735 2141 735 2135 735 2142 735 2141 735 2132 735 2139 735 2138 735 2139 736 2145 736 2138 736 2139 736 2146 736 2145 736 2146 1478 2113 1478 2145 1478 2145 736 2144 736 2138 736 2148 736 2141 736 2142 736 2148 736 2147 736 2141 736 2147 736 2140 736 2141 736 2109 738 2126 738 2108 738 2126 738 2149 738 2108 738 2150 1479 2037 1479 2152 1479 2037 740 2153 740 2152 740 2037 740 2154 740 2153 740 2154 741 2151 741 2153 741 2154 742 2108 742 2151 742 2108 1480 2149 1480 2151 1480 2150 744 2152 744 2151 744 2152 741 2153 741 2151 741 2107 1481 2108 1481 2158 1481 2108 1482 2157 1482 2158 1482 2108 1482 2156 1482 2157 1482 2156 1483 2106 1483 2157 1483 2156 1484 2037 1484 2106 1484 2037 749 2038 749 2106 749 2107 750 2158 750 2106 750 2158 1483 2157 1483 2106 1483 2156 740 2155 740 2037 740 2155 740 2154 740 2037 740 2155 1482 2108 1482 2154 1482 2108 1482 2155 1482 2156 1482 2084 2 2075 2 2117 2 2075 2 2159 2 2117 2 2130 2 2113 2 2160 2 2113 2 2114 2 2160 2 2115 1 2161 1 2114 1 2161 1 2160 1 2114 1 2116 2 2162 2 2115 2 2162 2 2161 2 2115 2 2117 0 2159 0 2116 0 2159 0 2162 0 2116 0 2011 405 2012 405 2032 405 2012 405 2031 405 2032 405 2012 405 2078 405 2031 405 2078 405 2079 405 2031 405 2079 405 2030 405 2031 405 2079 405 2118 405 2030 405 2118 405 2119 405 2030 405 2119 405 2029 405 2030 405 2119 405 2120 405 2029 405 2120 405 2028 405 2029 405 2120 405 2027 405 2028 405 2017 405 2011 405 2160 405 2011 405 2033 405 2160 405 2011 405 2032 405 2033 405 2160 405 2161 405 2017 405 2161 405 2015 405 2017 405 2161 405 2162 405 2015 405 2162 405 2159 405 2015 405 2159 405 2012 405 2015 405 2159 405 2078 405 2012 405 2037 405 2150 405 2036 405 2150 405 2151 405 2036 405 2151 405 2035 405 2036 405 2151 405 2149 405 2035 405 2149 405 2034 405 2035 405 2149 405 2126 405 2034 405 2126 405 2033 405 2034 405 2126 405 2127 405 2033 405 2127 405 2160 405 2033 405 2127 405 2128 405 2160 405 2128 405 2130 405 2160 405 2128 405 2129 405 2130 405 2078 405 2159 405 2077 405 2159 405 2075 405 2077 405 2075 405 2076 405 2077 405 2164 1335 2163 1335 2210 1335 2163 1335 2187 1335 2210 1335 2163 1288 2186 1288 2187 1288 2186 1288 2188 1288 2187 1288 2186 1485 2185 1485 2188 1485 2185 1485 2189 1485 2188 1485 2185 1307 2184 1307 2189 1307 2184 1307 2190 1307 2189 1307 2184 1329 2183 1329 2190 1329 2183 1329 2191 1329 2190 1329 2183 1305 2182 1305 2191 1305 2182 1305 2192 1305 2191 1305 2182 1486 2181 1486 2192 1486 2181 1486 2193 1486 2192 1486 2181 1487 2180 1487 2193 1487 2180 1487 2194 1487 2193 1487 2180 1302 2179 1302 2194 1302 2179 1302 2195 1302 2194 1302 2179 1324 2178 1324 2195 1324 2178 1324 2196 1324 2195 1324 2178 1300 2177 1300 2196 1300 2177 1300 2197 1300 2196 1300 2177 1488 2176 1488 2197 1488 2176 1488 2198 1488 2197 1488 2176 1298 2175 1298 2198 1298 2175 1298 2199 1298 2198 1298 2175 1489 2174 1489 2199 1489 2174 1489 2200 1489 2199 1489 2174 1490 2173 1490 2200 1490 2173 1490 2201 1490 2200 1490 2173 1316 2172 1316 2201 1316 2172 1316 2202 1316 2201 1316 2172 1491 2171 1491 2202 1491 2171 1491 2203 1491 2202 1491 2171 1280 2170 1280 2203 1280 2170 1280 2204 1280 2203 1280 2170 1314 2169 1314 2204 1314 2169 1492 2205 1492 2204 1492 2169 1493 2168 1493 2205 1493 2168 1494 2206 1494 2205 1494 2168 1283 2167 1283 2206 1283 2167 1283 2207 1283 2206 1283 2167 1332 2166 1332 2207 1332 2166 1332 2208 1332 2207 1332 2166 1311 2165 1311 2208 1311 2165 1311 2209 1311 2208 1311 2165 1495 2164 1495 2209 1495 2164 1495 2210 1495 2209 1495 2212 1309 2211 1309 2258 1309 2211 1335 2235 1335 2258 1335 2211 1288 2234 1288 2235 1288 2234 1336 2236 1336 2235 1336 2234 1116 2233 1116 2236 1116 2233 1496 2237 1496 2236 1496 2233 1497 2232 1497 2237 1497 2232 1498 2238 1498 2237 1498 2232 1329 2231 1329 2238 1329 2231 1329 2239 1329 2238 1329 2231 1305 2230 1305 2239 1305 2230 1305 2240 1305 2239 1305 2230 1486 2229 1486 2240 1486 2229 1486 2241 1486 2240 1486 2229 1487 2228 1487 2241 1487 2228 1487 2242 1487 2241 1487 2228 1302 2227 1302 2242 1302 2227 1302 2243 1302 2242 1302 2227 1324 2226 1324 2243 1324 2226 1324 2244 1324 2243 1324 2226 1499 2225 1499 2244 1499 2225 1500 2245 1500 2244 1500 2225 909 2224 909 2245 909 2224 1501 2246 1501 2245 1501 2224 1275 2223 1275 2246 1275 2223 1298 2247 1298 2246 1298 2223 1489 2222 1489 2247 1489 2222 1276 2248 1276 2247 1276 2222 1490 2221 1490 2248 1490 2221 1502 2249 1502 2248 1502 2221 1316 2220 1316 2249 1316 2220 1503 2250 1503 2249 1503 2220 1504 2219 1504 2250 1504 2219 1491 2251 1491 2250 1491 2219 1280 2218 1280 2251 1280 2218 1280 2252 1280 2251 1280 2218 1314 2217 1314 2252 1314 2217 1314 2253 1314 2252 1314 2217 1313 2216 1313 2253 1313 2216 1313 2254 1313 2253 1313 2216 1283 2215 1283 2254 1283 2215 1283 2255 1283 2254 1283 2215 1505 2214 1505 2255 1505 2214 1506 2256 1506 2255 1506 2214 1507 2213 1507 2256 1507 2213 1508 2257 1508 2256 1508 2213 1495 2212 1495 2257 1495 2212 1509 2258 1509 2257 1509 2286 1510 2285 1510 2259 1510 2285 1510 2260 1510 2259 1510 2285 1511 2261 1511 2260 1511 2285 1512 2284 1512 2261 1512 2284 1513 2262 1513 2261 1513 2284 1513 2283 1513 2262 1513 2283 1514 2263 1514 2262 1514 2283 1514 2282 1514 2263 1514 2282 1515 2264 1515 2263 1515 2282 1515 2281 1515 2264 1515 2281 1516 2265 1516 2264 1516 2281 1516 2280 1516 2265 1516 2280 405 2266 405 2265 405 2280 405 2279 405 2266 405 2279 1517 2267 1517 2266 1517 2279 1517 2278 1517 2267 1517 2278 1518 2268 1518 2267 1518 2278 1518 2277 1518 2268 1518 2277 1519 2269 1519 2268 1519 2277 1519 2276 1519 2269 1519 2276 1520 2270 1520 2269 1520 2276 1521 2275 1521 2270 1521 2275 1522 2271 1522 2270 1522 2275 1523 2274 1523 2271 1523 2274 1524 2273 1524 2271 1524 2273 1524 2272 1524 2271 1524 2287 405 2288 405 2259 405 2288 405 2286 405 2259 405 2312 1322 2311 1322 2289 1322 2311 1322 2290 1322 2289 1322 2311 1277 2310 1277 2290 1277 2310 1277 2291 1277 2290 1277 2310 1316 2309 1316 2291 1316 2309 1316 2292 1316 2291 1316 2309 1491 2308 1491 2292 1491 2308 1491 2293 1491 2292 1491 2308 1280 2307 1280 2293 1280 2307 1280 2294 1280 2293 1280 2307 1314 2306 1314 2294 1314 2306 1525 2295 1525 2294 1525 2306 1493 2305 1493 2295 1493 2305 1526 2296 1526 2295 1526 2305 1283 2304 1283 2296 1283 2304 1283 2297 1283 2296 1283 2304 1332 2303 1332 2297 1332 2303 1332 2298 1332 2297 1332 2303 1311 2302 1311 2298 1311 2302 1311 2299 1311 2298 1311 2302 1286 2301 1286 2299 1286 2301 1286 2300 1286 2299 1286 2301 1287 2288 1287 2300 1287 2288 1287 2287 1287 2300 1287 2313 405 2314 405 2289 405 2314 405 2312 405 2289 405 2315 1 2316 1 2313 1 2316 1 2314 1 2313 1 2317 716 2318 716 2315 716 2318 716 2316 716 2315 716 2319 1 2320 1 2317 1 2320 1 2318 1 2317 1 2321 405 2322 405 2319 405 2322 405 2320 405 2319 405 2323 1 2324 1 2321 1 2324 1 2322 1 2321 1 2325 716 2326 716 2323 716 2326 716 2324 716 2323 716 2327 0 2328 0 2325 0 2328 0 2326 0 2325 0 2329 405 2330 405 2327 405 2330 405 2328 405 2327 405 2331 0 2332 0 2329 0 2332 0 2330 0 2329 0 2333 716 2334 716 2331 716 2334 716 2332 716 2331 716 2335 0 2336 0 2333 0 2336 0 2334 0 2333 0 2272 405 2273 405 2335 405 2273 405 2336 405 2335 405 2234 2 2211 2 2328 2 2211 2 2326 2 2328 2 2211 2 2212 2 2326 2 2212 2 2213 2 2326 2 2213 2 2214 2 2326 2 2214 2 2215 2 2326 2 2215 2 2216 2 2326 2 2216 2 2217 2 2326 2 2217 2 2218 2 2326 2 2218 2 2219 2 2326 2 2219 2 2220 2 2326 2 2220 2 2166 2 2326 2 2220 2 2221 2 2166 2 2221 2 2165 2 2166 2 2221 2 2320 2 2165 2 2320 2 2164 2 2165 2 2320 2 2163 2 2164 2 2234 2 2328 2 2233 2 2328 2 2232 2 2233 2 2328 2 2231 2 2232 2 2231 2 2328 2 2230 2 2328 2 2229 2 2230 2 2328 2 2228 2 2229 2 2328 2 2330 2 2228 2 2330 1527 2227 1527 2228 1527 2330 2 2226 2 2227 2 2226 2 2330 2 2225 2 2330 1528 2224 1528 2225 1528 2330 2 2223 2 2224 2 2223 2 2330 2 2222 2 2330 1529 2221 1529 2222 1529 2330 2 2320 2 2221 2 2163 2 2320 2 2186 2 2320 1530 2185 1530 2186 1530 2320 2 2184 2 2185 2 2184 2 2320 2 2183 2 2320 2 2182 2 2183 2 2320 2 2322 2 2182 2 2322 2 2181 2 2182 2 2322 2 2180 2 2181 2 2180 2 2322 2 2179 2 2322 2 2178 2 2179 2 2322 2 2177 2 2178 2 2177 2 2322 2 2176 2 2322 2 2175 2 2176 2 2322 2 2324 2 2175 2 2324 2 2174 2 2175 2 2324 2 2173 2 2174 2 2173 2 2324 2 2172 2 2324 2 2171 2 2172 2 2324 1530 2170 1530 2171 1530 2170 2 2324 2 2169 2 2324 2 2168 2 2169 2 2324 2 2167 2 2168 2 2167 2 2324 2 2166 2 2324 2 2326 2 2166 2 2273 2 2274 2 2336 2 2274 2 2334 2 2336 2 2274 2 2275 2 2334 2 2275 2 2276 2 2334 2 2276 2 2277 2 2334 2 2277 2 2278 2 2334 2 2278 2 2279 2 2334 2 2279 2 2280 2 2334 2 2280 1531 2281 1531 2334 1531 2281 2 2332 2 2334 2 2281 2 2282 2 2332 2 2282 2 2283 2 2332 2 2283 2 2284 2 2332 2 2284 2 2285 2 2332 2 2285 2 2286 2 2332 2 2286 2 2288 2 2332 2 2288 2 2318 2 2332 2 2288 2 2301 2 2318 2 2301 2 2302 2 2318 2 2302 2 2303 2 2318 2 2303 2 2304 2 2318 2 2304 2 2305 2 2318 2 2305 2 2316 2 2318 2 2305 2 2306 2 2316 2 2306 2 2307 2 2316 2 2307 2 2308 2 2316 2 2308 2 2309 2 2316 2 2309 2 2310 2 2316 2 2310 2 2311 2 2316 2 2311 2 2312 2 2316 2 2312 2 2314 2 2316 2 2318 2 2320 2 2332 2 2320 2 2330 2 2332 2 2258 1234 2235 1234 2325 1234 2235 1234 2327 1234 2325 1234 2235 1234 2236 1234 2327 1234 2236 1234 2237 1234 2327 1234 2237 1234 2238 1234 2327 1234 2238 1234 2239 1234 2327 1234 2239 1234 2240 1234 2327 1234 2240 1234 2241 1234 2327 1234 2241 1234 2242 1234 2327 1234 2242 1234 2329 1234 2327 1234 2242 1532 2243 1532 2329 1532 2243 1234 2244 1234 2329 1234 2244 1234 2245 1234 2329 1234 2245 1533 2246 1533 2329 1533 2246 1234 2247 1234 2329 1234 2247 1234 2248 1234 2329 1234 2248 1534 2249 1534 2329 1534 2249 1234 2319 1234 2329 1234 2249 1234 2209 1234 2319 1234 2209 1234 2210 1234 2319 1234 2210 1234 2187 1234 2319 1234 2187 1234 2188 1234 2319 1234 2188 1535 2189 1535 2319 1535 2189 1234 2190 1234 2319 1234 2190 1234 2191 1234 2319 1234 2191 1234 2192 1234 2319 1234 2192 1234 2321 1234 2319 1234 2192 1234 2193 1234 2321 1234 2193 1234 2194 1234 2321 1234 2194 1234 2195 1234 2321 1234 2195 1234 2196 1234 2321 1234 2196 1234 2197 1234 2321 1234 2197 1234 2198 1234 2321 1234 2198 1234 2199 1234 2321 1234 2199 1234 2323 1234 2321 1234 2199 1234 2200 1234 2323 1234 2200 1234 2201 1234 2323 1234 2201 1234 2202 1234 2323 1234 2202 1234 2203 1234 2323 1234 2203 1535 2204 1535 2323 1535 2204 1234 2205 1234 2323 1234 2205 1234 2206 1234 2323 1234 2206 1234 2207 1234 2323 1234 2207 1234 2208 1234 2323 1234 2208 1234 2325 1234 2323 1234 2208 1234 2250 1234 2325 1234 2250 1234 2251 1234 2325 1234 2251 1234 2252 1234 2325 1234 2252 1234 2253 1234 2325 1234 2253 1234 2254 1234 2325 1234 2254 1234 2255 1234 2325 1234 2255 1234 2256 1234 2325 1234 2256 1234 2257 1234 2325 1234 2257 1234 2258 1234 2325 1234 2250 1234 2208 1234 2249 1234 2208 1234 2209 1234 2249 1234 2272 1234 2335 1234 2271 1234 2335 1234 2333 1234 2271 1234 2333 1234 2270 1234 2271 1234 2333 1234 2269 1234 2270 1234 2269 1234 2333 1234 2268 1234 2333 1234 2267 1234 2268 1234 2333 1234 2266 1234 2267 1234 2266 1234 2333 1234 2265 1234 2333 1536 2264 1536 2265 1536 2333 1234 2331 1234 2264 1234 2331 1234 2263 1234 2264 1234 2331 1234 2262 1234 2263 1234 2262 1234 2331 1234 2261 1234 2331 1234 2260 1234 2261 1234 2331 1234 2259 1234 2260 1234 2259 1234 2331 1234 2287 1234 2331 1234 2317 1234 2287 1234 2331 1234 2329 1234 2317 1234 2329 1234 2319 1234 2317 1234 2287 1234 2317 1234 2300 1234 2317 1234 2299 1234 2300 1234 2317 1234 2298 1234 2299 1234 2298 1234 2317 1234 2297 1234 2317 1234 2296 1234 2297 1234 2317 1234 2315 1234 2296 1234 2315 1234 2295 1234 2296 1234 2315 1234 2294 1234 2295 1234 2294 1234 2315 1234 2293 1234 2315 1234 2292 1234 2293 1234 2315 1234 2291 1234 2292 1234 2291 1234 2315 1234 2290 1234 2315 1234 2289 1234 2290 1234 2315 1234 2313 1234 2289 1234 2338 405 2337 405 2402 405 2337 405 2403 405 2402 405 2337 405 2438 405 2403 405 2438 405 2437 405 2403 405 2437 405 2404 405 2403 405 2437 405 2436 405 2404 405 2436 405 2435 405 2404 405 2435 405 2434 405 2404 405 2434 405 2433 405 2404 405 2433 405 2405 405 2404 405 2433 405 2407 405 2405 405 2407 405 2406 405 2405 405 2339 405 2338 405 2531 405 2338 405 2534 405 2531 405 2338 405 2535 405 2534 405 2340 405 2339 405 2359 405 2339 405 2527 405 2359 405 2339 405 2528 405 2527 405 2341 405 2340 405 2459 405 2340 405 2460 405 2459 405 2340 405 2358 405 2460 405 2358 405 2461 405 2460 405 2358 405 2357 405 2461 405 2357 405 2462 405 2461 405 2357 405 2463 405 2462 405 2342 405 2341 405 2455 405 2341 405 2456 405 2455 405 2341 405 2457 405 2456 405 2343 405 2342 405 2344 405 2342 405 2455 405 2344 405 2455 405 2454 405 2344 405 2454 405 2345 405 2344 405 2454 405 2453 405 2345 405 2453 405 2346 405 2345 405 2453 405 2451 405 2346 405 2451 405 2450 405 2346 405 2450 405 2347 405 2346 405 2450 405 2449 405 2347 405 2449 405 2348 405 2347 405 2449 405 2349 405 2348 405 2349 405 2449 405 2350 405 2449 405 2351 405 2350 405 2449 405 2448 405 2351 405 2448 405 2352 405 2351 405 2448 405 2447 405 2352 405 2447 405 2445 405 2352 405 2447 405 2446 405 2445 405 2352 405 2445 405 2353 405 2445 405 2444 405 2353 405 2444 405 2354 405 2353 405 2444 405 2443 405 2354 405 2443 405 2356 405 2354 405 2443 405 2357 405 2356 405 2354 405 2356 405 2355 405 2358 405 2340 405 2359 405 2360 405 2359 405 2523 405 2359 405 2526 405 2523 405 2359 405 2527 405 2526 405 2361 405 2360 405 2379 405 2360 405 2380 405 2379 405 2360 405 2519 405 2380 405 2519 405 2518 405 2380 405 2518 405 2515 405 2380 405 2518 405 2516 405 2515 405 2362 405 2361 405 2481 405 2361 405 2482 405 2481 405 2361 405 2379 405 2482 405 2379 405 2483 405 2482 405 2379 405 2378 405 2483 405 2378 405 2484 405 2483 405 2378 405 2485 405 2484 405 2363 405 2362 405 2477 405 2362 405 2478 405 2477 405 2362 405 2479 405 2478 405 2364 405 2363 405 2365 405 2363 405 2477 405 2365 405 2477 405 2476 405 2365 405 2476 405 2366 405 2365 405 2476 405 2475 405 2366 405 2475 405 2367 405 2366 405 2475 405 2473 405 2367 405 2473 405 2472 405 2367 405 2472 405 2368 405 2367 405 2472 405 2471 405 2368 405 2471 405 2369 405 2368 405 2471 405 2370 405 2369 405 2370 405 2471 405 2371 405 2471 405 2372 405 2371 405 2471 405 2470 405 2372 405 2470 405 2373 405 2372 405 2470 405 2469 405 2373 405 2469 405 2467 405 2373 405 2469 405 2468 405 2467 405 2373 405 2467 405 2374 405 2467 405 2466 405 2374 405 2466 405 2375 405 2374 405 2466 405 2465 405 2375 405 2465 405 2377 405 2375 405 2465 405 2378 405 2377 405 2375 405 2377 405 2376 405 2380 405 2515 405 2381 405 2515 405 2512 405 2381 405 2515 405 2514 405 2512 405 2514 405 2513 405 2512 405 2382 405 2381 405 2401 405 2381 405 2511 405 2401 405 2381 405 2512 405 2511 405 2383 405 2382 405 2503 405 2382 405 2504 405 2503 405 2382 405 2400 405 2504 405 2400 405 2505 405 2504 405 2400 405 2399 405 2505 405 2399 405 2506 405 2505 405 2399 405 2507 405 2506 405 2384 405 2383 405 2499 405 2383 405 2500 405 2499 405 2383 405 2501 405 2500 405 2385 405 2384 405 2386 405 2384 405 2499 405 2386 405 2499 405 2498 405 2386 405 2498 405 2387 405 2386 405 2498 405 2497 405 2387 405 2497 405 2388 405 2387 405 2497 405 2495 405 2388 405 2495 405 2494 405 2388 405 2494 405 2389 405 2388 405 2494 405 2493 405 2389 405 2493 405 2390 405 2389 405 2493 405 2391 405 2390 405 2391 405 2493 405 2392 405 2493 405 2393 405 2392 405 2493 405 2492 405 2393 405 2492 405 2394 405 2393 405 2492 405 2491 405 2394 405 2491 405 2489 405 2394 405 2491 405 2490 405 2489 405 2394 405 2489 405 2395 405 2489 405 2488 405 2395 405 2488 405 2396 405 2395 405 2488 405 2487 405 2396 405 2487 405 2398 405 2396 405 2487 405 2399 405 2398 405 2396 405 2398 405 2397 405 2400 405 2382 405 2401 405 2402 405 2401 405 2539 405 2401 405 2510 405 2539 405 2401 405 2511 405 2510 405 2433 405 2432 405 2407 405 2432 405 2408 405 2407 405 2432 405 2431 405 2408 405 2431 405 2409 405 2408 405 2431 405 2429 405 2409 405 2429 405 2428 405 2409 405 2428 405 2410 405 2409 405 2428 405 2427 405 2410 405 2427 405 2411 405 2410 405 2427 405 2412 405 2411 405 2412 405 2427 405 2413 405 2427 405 2414 405 2413 405 2427 405 2426 405 2414 405 2426 405 2415 405 2414 405 2426 405 2425 405 2415 405 2425 405 2423 405 2415 405 2425 405 2424 405 2423 405 2415 405 2423 405 2416 405 2423 405 2422 405 2416 405 2422 405 2417 405 2416 405 2422 405 2421 405 2417 405 2421 405 2419 405 2417 405 2421 405 2420 405 2419 405 2417 405 2419 405 2418 405 2337 405 2420 405 2439 405 2420 405 2440 405 2439 405 2420 405 2441 405 2440 405 2429 405 2431 405 2430 405 2438 405 2337 405 2439 405 2441 405 2420 405 2442 405 2420 405 2421 405 2442 405 2451 405 2453 405 2452 405 2457 405 2341 405 2458 405 2341 405 2459 405 2458 405 2463 405 2357 405 2464 405 2357 405 2443 405 2464 405 2473 405 2475 405 2474 405 2479 405 2362 405 2480 405 2362 405 2481 405 2480 405 2485 405 2378 405 2486 405 2378 405 2465 405 2486 405 2495 405 2497 405 2496 405 2501 405 2383 405 2502 405 2383 405 2503 405 2502 405 2507 405 2399 405 2508 405 2399 405 2487 405 2508 405 2509 405 2540 405 2510 405 2540 405 2539 405 2510 405 2516 405 2518 405 2517 405 2519 405 2360 405 2520 405 2360 405 2523 405 2520 405 2521 405 2520 405 2522 405 2520 405 2523 405 2522 405 2523 405 2526 405 2524 405 2526 405 2525 405 2524 405 2529 405 2528 405 2530 405 2528 405 2531 405 2530 405 2528 405 2339 405 2531 405 2531 405 2534 405 2532 405 2534 405 2533 405 2532 405 2338 405 2402 405 2535 405 2402 405 2536 405 2535 405 2402 405 2539 405 2536 405 2539 405 2538 405 2536 405 2538 405 2537 405 2536 405 2524 1537 2525 1537 2546 1537 2525 1537 2547 1537 2546 1537 2525 1537 2548 1537 2547 1537 2548 1538 2574 1538 2547 1538 2548 1538 2575 1538 2574 1538 2575 1539 2601 1539 2574 1539 2575 1539 2602 1539 2601 1539 2602 1540 2521 1540 2601 1540 2602 1540 2603 1540 2521 1540 2603 1540 2604 1540 2521 1540 2603 1539 2577 1539 2604 1539 2577 1539 2578 1539 2604 1539 2577 1538 2551 1538 2578 1538 2551 1538 2552 1538 2578 1538 2551 1537 2525 1537 2552 1537 2525 1537 2553 1537 2552 1537 2525 1537 2554 1537 2553 1537 2554 1538 2580 1538 2553 1538 2554 1538 2581 1538 2580 1538 2581 1539 2607 1539 2580 1539 2581 1539 2608 1539 2607 1539 2608 1540 2521 1540 2607 1540 2608 1540 2609 1540 2521 1540 2609 1540 2610 1540 2521 1540 2609 1539 2583 1539 2610 1539 2583 1539 2584 1539 2610 1539 2583 1538 2557 1538 2584 1538 2557 1538 2558 1538 2584 1538 2557 1537 2525 1537 2558 1537 2525 1537 2559 1537 2558 1537 2525 1537 2545 1537 2559 1537 2545 1537 2560 1537 2559 1537 2545 1537 2561 1537 2560 1537 2561 1538 2587 1538 2560 1538 2561 1538 2588 1538 2587 1538 2588 1539 2614 1539 2587 1539 2588 1539 2615 1539 2614 1539 2615 1540 2541 1540 2614 1540 2615 1540 2616 1540 2541 1540 2616 1540 2617 1540 2541 1540 2616 1539 2590 1539 2617 1539 2590 1539 2591 1539 2617 1539 2590 1538 2564 1538 2591 1538 2564 1538 2565 1538 2591 1538 2564 1537 2545 1537 2565 1537 2545 1537 2566 1537 2565 1537 2545 1537 2567 1537 2566 1537 2567 1538 2593 1538 2566 1538 2567 1538 2594 1538 2593 1538 2594 1539 2620 1539 2593 1539 2594 1539 2621 1539 2620 1539 2621 1540 2541 1540 2620 1540 2621 1540 2622 1540 2541 1540 2622 1540 2623 1540 2541 1540 2622 1539 2596 1539 2623 1539 2596 1539 2597 1539 2623 1539 2596 1538 2570 1538 2597 1538 2570 1538 2571 1538 2597 1538 2570 1537 2545 1537 2571 1537 2545 1537 2544 1537 2571 1537 2544 1538 2543 1538 2571 1538 2543 1538 2597 1538 2571 1538 2543 1539 2542 1539 2597 1539 2542 1539 2623 1539 2597 1539 2542 1540 2541 1540 2623 1540 2546 1538 2572 1538 2524 1538 2572 1538 2523 1538 2524 1538 2572 1539 2598 1539 2523 1539 2598 1539 2522 1539 2523 1539 2598 1540 2521 1540 2522 1540 2521 1540 2610 1540 2541 1540 2610 1540 2611 1540 2541 1540 2610 1539 2584 1539 2611 1539 2584 1539 2585 1539 2611 1539 2584 1538 2558 1538 2585 1538 2558 1538 2559 1538 2585 1538 2547 1538 2573 1538 2546 1538 2573 1538 2572 1538 2546 1538 2573 1539 2599 1539 2572 1539 2599 1539 2598 1539 2572 1539 2599 1540 2521 1540 2598 1540 2548 1537 2525 1537 2549 1537 2525 1537 2550 1537 2549 1537 2525 1537 2551 1537 2550 1537 2551 1538 2577 1538 2550 1538 2548 1538 2549 1538 2575 1538 2549 1538 2576 1538 2575 1538 2549 1538 2550 1538 2576 1538 2550 1538 2577 1538 2576 1538 2553 1538 2579 1538 2552 1538 2579 1538 2578 1538 2552 1538 2579 1539 2605 1539 2578 1539 2605 1539 2604 1539 2578 1539 2605 1540 2521 1540 2604 1540 2554 1537 2525 1537 2555 1537 2525 1537 2556 1537 2555 1537 2525 1537 2557 1537 2556 1537 2557 1538 2583 1538 2556 1538 2554 1538 2555 1538 2581 1538 2555 1538 2582 1538 2581 1538 2555 1538 2556 1538 2582 1538 2556 1538 2583 1538 2582 1538 2560 1538 2586 1538 2559 1538 2586 1538 2585 1538 2559 1538 2586 1539 2612 1539 2585 1539 2612 1539 2611 1539 2585 1539 2612 1540 2541 1540 2611 1540 2561 1537 2545 1537 2562 1537 2545 1537 2563 1537 2562 1537 2545 1537 2564 1537 2563 1537 2564 1538 2590 1538 2563 1538 2561 1538 2562 1538 2588 1538 2562 1538 2589 1538 2588 1538 2562 1538 2563 1538 2589 1538 2563 1538 2590 1538 2589 1538 2566 1538 2592 1538 2565 1538 2592 1538 2591 1538 2565 1538 2592 1539 2618 1539 2591 1539 2618 1539 2617 1539 2591 1539 2618 1540 2541 1540 2617 1540 2567 1537 2545 1537 2568 1537 2545 1537 2569 1537 2568 1537 2545 1537 2570 1537 2569 1537 2570 1538 2596 1538 2569 1538 2567 1538 2568 1538 2594 1538 2568 1538 2595 1538 2594 1538 2568 1538 2569 1538 2595 1538 2569 1538 2596 1538 2595 1538 2547 1538 2574 1538 2573 1538 2574 1539 2600 1539 2573 1539 2574 1539 2601 1539 2600 1539 2601 1540 2521 1540 2600 1540 2600 1539 2599 1539 2573 1539 2603 1539 2576 1539 2577 1539 2603 1539 2602 1539 2576 1539 2602 1539 2575 1539 2576 1539 2553 1538 2580 1538 2579 1538 2580 1539 2606 1539 2579 1539 2580 1539 2607 1539 2606 1539 2607 1540 2521 1540 2606 1540 2606 1539 2605 1539 2579 1539 2609 1539 2582 1539 2583 1539 2609 1539 2608 1539 2582 1539 2608 1539 2581 1539 2582 1539 2560 1538 2587 1538 2586 1538 2587 1539 2613 1539 2586 1539 2587 1539 2614 1539 2613 1539 2614 1540 2541 1540 2613 1540 2613 1539 2612 1539 2586 1539 2616 1539 2589 1539 2590 1539 2616 1539 2615 1539 2589 1539 2615 1539 2588 1539 2589 1539 2566 1538 2593 1538 2592 1538 2593 1539 2619 1539 2592 1539 2593 1539 2620 1539 2619 1539 2620 1540 2541 1540 2619 1540 2619 1539 2618 1539 2592 1539 2622 1539 2595 1539 2596 1539 2622 1539 2621 1539 2595 1539 2621 1539 2594 1539 2595 1539 2521 1540 2599 1540 2600 1540 2521 1540 2605 1540 2606 1540 2541 1540 2612 1540 2613 1540 2541 1540 2618 1540 2619 1540 2521 1541 2541 1541 2520 1541 2541 1541 2624 1541 2520 1541 2520 2 2624 2 2519 2 2624 2 2625 2 2519 2 2519 1 2625 1 2518 1 2625 1 2626 1 2518 1 2518 1542 2626 1542 2517 1542 2626 1542 2627 1542 2517 1542 2516 1543 2517 1543 2632 1543 2517 1543 2633 1543 2632 1543 2517 1543 2634 1543 2633 1543 2634 1544 2660 1544 2633 1544 2634 1544 2661 1544 2660 1544 2661 1545 2687 1545 2660 1545 2661 1545 2688 1545 2687 1545 2688 1546 2513 1546 2687 1546 2688 1546 2689 1546 2513 1546 2689 1546 2690 1546 2513 1546 2689 1545 2663 1545 2690 1545 2663 1545 2664 1545 2690 1545 2663 1544 2637 1544 2664 1544 2637 1544 2638 1544 2664 1544 2637 1543 2517 1543 2638 1543 2517 1543 2639 1543 2638 1543 2517 1543 2640 1543 2639 1543 2640 1544 2666 1544 2639 1544 2640 1544 2667 1544 2666 1544 2667 1545 2693 1545 2666 1545 2667 1545 2694 1545 2693 1545 2694 1546 2513 1546 2693 1546 2694 1546 2695 1546 2513 1546 2695 1546 2696 1546 2513 1546 2695 1545 2669 1545 2696 1545 2669 1545 2670 1545 2696 1545 2669 1544 2643 1544 2670 1544 2643 1544 2644 1544 2670 1544 2643 1543 2517 1543 2644 1543 2517 1543 2645 1543 2644 1543 2517 1543 2627 1543 2645 1543 2627 1543 2646 1543 2645 1543 2627 1543 2647 1543 2646 1543 2647 1544 2673 1544 2646 1544 2647 1544 2674 1544 2673 1544 2674 1545 2700 1545 2673 1545 2674 1545 2701 1545 2700 1545 2701 1546 2628 1546 2700 1546 2701 1546 2702 1546 2628 1546 2702 1546 2703 1546 2628 1546 2702 1545 2676 1545 2703 1545 2676 1545 2677 1545 2703 1545 2676 1544 2650 1544 2677 1544 2650 1544 2651 1544 2677 1544 2650 1543 2627 1543 2651 1543 2627 1543 2652 1543 2651 1543 2627 1543 2653 1543 2652 1543 2653 1544 2679 1544 2652 1544 2653 1544 2680 1544 2679 1544 2680 1545 2706 1545 2679 1545 2680 1545 2707 1545 2706 1545 2707 1546 2628 1546 2706 1546 2707 1546 2708 1546 2628 1546 2708 1546 2709 1546 2628 1546 2708 1545 2682 1545 2709 1545 2682 1545 2683 1545 2709 1545 2682 1544 2656 1544 2683 1544 2656 1544 2657 1544 2683 1544 2656 1543 2627 1543 2657 1543 2627 1543 2631 1543 2657 1543 2631 1544 2630 1544 2657 1544 2630 1544 2683 1544 2657 1544 2630 1545 2629 1545 2683 1545 2629 1545 2709 1545 2683 1545 2629 1546 2628 1546 2709 1546 2632 1544 2658 1544 2516 1544 2658 1544 2515 1544 2516 1544 2658 1545 2684 1545 2515 1545 2684 1545 2514 1545 2515 1545 2684 1546 2513 1546 2514 1546 2513 1546 2696 1546 2628 1546 2696 1546 2697 1546 2628 1546 2696 1545 2670 1545 2697 1545 2670 1545 2671 1545 2697 1545 2670 1544 2644 1544 2671 1544 2644 1544 2645 1544 2671 1544 2633 1544 2659 1544 2632 1544 2659 1544 2658 1544 2632 1544 2659 1545 2685 1545 2658 1545 2685 1545 2684 1545 2658 1545 2685 1546 2513 1546 2684 1546 2634 1543 2517 1543 2635 1543 2517 1543 2636 1543 2635 1543 2517 1543 2637 1543 2636 1543 2637 1544 2663 1544 2636 1544 2634 1544 2635 1544 2661 1544 2635 1544 2662 1544 2661 1544 2635 1544 2636 1544 2662 1544 2636 1544 2663 1544 2662 1544 2639 1544 2665 1544 2638 1544 2665 1544 2664 1544 2638 1544 2665 1545 2691 1545 2664 1545 2691 1545 2690 1545 2664 1545 2691 1546 2513 1546 2690 1546 2640 1543 2517 1543 2641 1543 2517 1543 2642 1543 2641 1543 2517 1543 2643 1543 2642 1543 2643 1544 2669 1544 2642 1544 2640 1544 2641 1544 2667 1544 2641 1544 2668 1544 2667 1544 2641 1544 2642 1544 2668 1544 2642 1544 2669 1544 2668 1544 2646 1544 2672 1544 2645 1544 2672 1544 2671 1544 2645 1544 2672 1545 2698 1545 2671 1545 2698 1545 2697 1545 2671 1545 2698 1546 2628 1546 2697 1546 2647 1543 2627 1543 2648 1543 2627 1543 2649 1543 2648 1543 2627 1543 2650 1543 2649 1543 2650 1544 2676 1544 2649 1544 2647 1544 2648 1544 2674 1544 2648 1544 2675 1544 2674 1544 2648 1544 2649 1544 2675 1544 2649 1544 2676 1544 2675 1544 2652 1544 2678 1544 2651 1544 2678 1544 2677 1544 2651 1544 2678 1545 2704 1545 2677 1545 2704 1545 2703 1545 2677 1545 2704 1546 2628 1546 2703 1546 2653 1543 2627 1543 2654 1543 2627 1543 2655 1543 2654 1543 2627 1543 2656 1543 2655 1543 2656 1544 2682 1544 2655 1544 2653 1544 2654 1544 2680 1544 2654 1544 2681 1544 2680 1544 2654 1544 2655 1544 2681 1544 2655 1544 2682 1544 2681 1544 2633 1544 2660 1544 2659 1544 2660 1545 2686 1545 2659 1545 2660 1545 2687 1545 2686 1545 2687 1546 2513 1546 2686 1546 2686 1545 2685 1545 2659 1545 2689 1545 2662 1545 2663 1545 2689 1545 2688 1545 2662 1545 2688 1545 2661 1545 2662 1545 2639 1544 2666 1544 2665 1544 2666 1545 2692 1545 2665 1545 2666 1545 2693 1545 2692 1545 2693 1546 2513 1546 2692 1546 2692 1545 2691 1545 2665 1545 2695 1545 2668 1545 2669 1545 2695 1545 2694 1545 2668 1545 2694 1545 2667 1545 2668 1545 2646 1544 2673 1544 2672 1544 2673 1545 2699 1545 2672 1545 2673 1545 2700 1545 2699 1545 2700 1546 2628 1546 2699 1546 2699 1545 2698 1545 2672 1545 2702 1545 2675 1545 2676 1545 2702 1545 2701 1545 2675 1545 2701 1545 2674 1545 2675 1545 2652 1544 2679 1544 2678 1544 2679 1545 2705 1545 2678 1545 2679 1545 2706 1545 2705 1545 2706 1546 2628 1546 2705 1546 2705 1545 2704 1545 2678 1545 2708 1545 2681 1545 2682 1545 2708 1545 2707 1545 2681 1545 2707 1545 2680 1545 2681 1545 2513 1546 2685 1546 2686 1546 2513 1546 2691 1546 2692 1546 2628 1546 2698 1546 2699 1546 2628 1546 2704 1546 2705 1546 2513 1547 2628 1547 2512 1547 2628 1547 2710 1547 2512 1547 2512 1 2710 1 2511 1 2710 1 2711 1 2511 1 2511 1234 2711 1234 2510 1234 2711 1234 2712 1234 2510 1234 2510 1548 2712 1548 2509 1548 2712 1548 2713 1548 2509 1548 2498 1 2715 1 2497 1 2715 1 2714 1 2497 1 2497 1234 2714 1234 2496 1234 2714 1234 2716 1234 2496 1234 2495 1228 2496 1228 2723 1228 2496 1228 2724 1228 2723 1228 2496 1228 2725 1228 2724 1228 2725 1229 2763 1229 2724 1229 2725 1264 2764 1264 2763 1264 2764 1549 2802 1549 2763 1549 2764 1549 2803 1549 2802 1549 2803 1345 2841 1345 2802 1345 2803 1345 2842 1345 2841 1345 2842 1232 2880 1232 2841 1232 2842 1232 2881 1232 2880 1232 2881 1245 2490 1245 2880 1245 2881 1245 2882 1245 2490 1245 2882 1245 2883 1245 2490 1245 2882 1232 2844 1232 2883 1232 2844 1232 2845 1232 2883 1232 2844 1345 2806 1345 2845 1345 2806 1345 2807 1345 2845 1345 2806 1549 2768 1549 2807 1549 2768 1549 2769 1549 2807 1549 2768 1229 2730 1229 2769 1229 2730 1229 2731 1229 2769 1229 2730 1228 2496 1228 2731 1228 2496 1228 2732 1228 2731 1228 2496 1228 2733 1228 2732 1228 2733 1229 2771 1229 2732 1229 2733 1264 2772 1264 2771 1264 2772 1549 2810 1549 2771 1549 2772 1549 2811 1549 2810 1549 2811 1345 2849 1345 2810 1345 2811 1345 2850 1345 2849 1345 2850 1232 2888 1232 2849 1232 2850 1232 2889 1232 2888 1232 2889 1245 2490 1245 2888 1245 2889 1245 2890 1245 2490 1245 2890 1245 2891 1245 2490 1245 2890 1232 2852 1232 2891 1232 2852 1232 2853 1232 2891 1232 2852 1345 2814 1345 2853 1345 2814 1345 2815 1345 2853 1345 2814 1549 2776 1549 2815 1549 2776 1549 2777 1549 2815 1549 2776 1229 2738 1229 2777 1229 2738 1229 2739 1229 2777 1229 2738 1228 2496 1228 2739 1228 2496 1228 2740 1228 2739 1228 2496 1228 2741 1228 2740 1228 2741 1229 2779 1229 2740 1229 2741 1229 2780 1229 2779 1229 2780 1549 2818 1549 2779 1549 2780 1549 2819 1549 2818 1549 2819 1345 2857 1345 2818 1345 2819 1345 2858 1345 2857 1345 2858 1232 2896 1232 2857 1232 2858 1232 2897 1232 2896 1232 2897 1245 2717 1245 2896 1245 2897 1245 2898 1245 2717 1245 2898 1245 2899 1245 2717 1245 2898 1232 2860 1232 2899 1232 2860 1232 2861 1232 2899 1232 2860 1345 2822 1345 2861 1345 2822 1345 2823 1345 2861 1345 2822 1549 2784 1549 2823 1549 2784 1549 2785 1549 2823 1549 2784 1229 2746 1229 2785 1229 2746 1229 2747 1229 2785 1229 2746 1228 2716 1228 2747 1228 2716 1228 2748 1228 2747 1228 2716 1228 2749 1228 2748 1228 2749 1229 2787 1229 2748 1229 2749 1229 2788 1229 2787 1229 2788 1549 2826 1549 2787 1549 2788 1549 2827 1549 2826 1549 2827 1345 2865 1345 2826 1345 2827 1345 2866 1345 2865 1345 2866 1550 2904 1550 2865 1550 2866 1550 2905 1550 2904 1550 2905 1245 2717 1245 2904 1245 2905 1245 2906 1245 2717 1245 2906 1245 2907 1245 2717 1245 2906 1550 2868 1550 2907 1550 2868 1550 2869 1550 2907 1550 2868 1345 2830 1345 2869 1345 2830 1345 2831 1345 2869 1345 2830 1549 2792 1549 2831 1549 2792 1549 2793 1549 2831 1549 2792 1264 2754 1264 2793 1264 2754 1264 2755 1264 2793 1264 2754 1228 2716 1228 2755 1228 2716 1228 2756 1228 2755 1228 2716 1228 2757 1228 2756 1228 2757 1264 2795 1264 2756 1264 2757 1264 2796 1264 2795 1264 2796 1549 2834 1549 2795 1549 2796 1549 2835 1549 2834 1549 2835 1345 2873 1345 2834 1345 2835 1345 2874 1345 2873 1345 2874 1550 2912 1550 2873 1550 2874 1550 2718 1550 2912 1550 2718 1245 2717 1245 2912 1245 2717 1245 2911 1245 2912 1245 2717 1245 2910 1245 2911 1245 2910 1550 2872 1550 2911 1550 2910 1550 2871 1550 2872 1550 2871 1345 2833 1345 2872 1345 2871 1345 2832 1345 2833 1345 2832 1549 2794 1549 2833 1549 2832 1549 2793 1549 2794 1549 2793 1264 2755 1264 2794 1264 2723 1229 2761 1229 2495 1229 2761 1229 2494 1229 2495 1229 2761 1549 2799 1549 2494 1549 2799 1549 2493 1549 2494 1549 2799 1345 2837 1345 2493 1345 2837 1345 2492 1345 2493 1345 2837 1232 2875 1232 2492 1232 2875 1232 2491 1232 2492 1232 2875 1245 2490 1245 2491 1245 2717 1245 2490 1245 2893 1245 2490 1245 2892 1245 2893 1245 2490 1245 2891 1245 2892 1245 2891 1232 2853 1232 2892 1232 2718 1550 2874 1550 2719 1550 2874 1345 2836 1345 2719 1345 2874 1345 2835 1345 2836 1345 2835 1549 2797 1549 2836 1549 2835 1549 2796 1549 2797 1549 2796 1264 2758 1264 2797 1264 2796 1264 2757 1264 2758 1264 2757 1228 2716 1228 2758 1228 2719 1345 2836 1345 2720 1345 2836 1549 2798 1549 2720 1549 2836 1549 2797 1549 2798 1549 2797 1264 2759 1264 2798 1264 2797 1264 2758 1264 2759 1264 2758 1228 2716 1228 2759 1228 2720 1549 2798 1549 2721 1549 2798 1264 2760 1264 2721 1264 2798 1264 2759 1264 2760 1264 2759 1228 2716 1228 2760 1228 2721 1264 2760 1264 2722 1264 2760 1228 2716 1228 2722 1228 2496 1228 2716 1228 2742 1228 2716 1228 2743 1228 2742 1228 2716 1228 2744 1228 2743 1228 2744 1229 2782 1229 2743 1229 2744 1229 2783 1229 2782 1229 2783 1549 2821 1549 2782 1549 2783 1549 2822 1549 2821 1549 2822 1345 2860 1345 2821 1345 2724 1229 2762 1229 2723 1229 2762 1229 2761 1229 2723 1229 2762 1549 2800 1549 2761 1549 2800 1549 2799 1549 2761 1549 2800 1345 2838 1345 2799 1345 2838 1345 2837 1345 2799 1345 2838 1232 2876 1232 2837 1232 2876 1232 2875 1232 2837 1232 2876 1245 2490 1245 2875 1245 2725 1228 2496 1228 2726 1228 2496 1228 2727 1228 2726 1228 2496 1228 2728 1228 2727 1228 2728 1229 2766 1229 2727 1229 2728 1229 2767 1229 2766 1229 2767 1549 2805 1549 2766 1549 2767 1549 2806 1549 2805 1549 2806 1345 2844 1345 2805 1345 2725 1264 2726 1264 2764 1264 2726 1229 2765 1229 2764 1229 2726 1229 2727 1229 2765 1229 2727 1229 2766 1229 2765 1229 2730 1228 2729 1228 2496 1228 2729 1228 2728 1228 2496 1228 2729 1229 2767 1229 2728 1229 2768 1229 2729 1229 2730 1229 2768 1229 2767 1229 2729 1229 2732 1229 2770 1229 2731 1229 2770 1229 2769 1229 2731 1229 2770 1549 2808 1549 2769 1549 2808 1549 2807 1549 2769 1549 2808 1345 2846 1345 2807 1345 2846 1345 2845 1345 2807 1345 2846 1232 2884 1232 2845 1232 2884 1232 2883 1232 2845 1232 2884 1245 2490 1245 2883 1245 2733 1228 2496 1228 2734 1228 2496 1228 2735 1228 2734 1228 2496 1228 2736 1228 2735 1228 2736 1229 2774 1229 2735 1229 2736 1229 2775 1229 2774 1229 2775 1549 2813 1549 2774 1549 2775 1549 2814 1549 2813 1549 2814 1345 2852 1345 2813 1345 2733 1264 2734 1264 2772 1264 2734 1229 2773 1229 2772 1229 2734 1229 2735 1229 2773 1229 2735 1229 2774 1229 2773 1229 2738 1228 2737 1228 2496 1228 2737 1228 2736 1228 2496 1228 2737 1229 2775 1229 2736 1229 2776 1229 2737 1229 2738 1229 2776 1229 2775 1229 2737 1229 2742 1228 2741 1228 2496 1228 2740 1229 2778 1229 2739 1229 2778 1229 2777 1229 2739 1229 2778 1549 2816 1549 2777 1549 2816 1549 2815 1549 2777 1549 2816 1345 2854 1345 2815 1345 2854 1345 2853 1345 2815 1345 2854 1232 2892 1232 2853 1232 2741 1229 2742 1229 2780 1229 2742 1229 2781 1229 2780 1229 2742 1229 2743 1229 2781 1229 2743 1229 2782 1229 2781 1229 2746 1228 2745 1228 2716 1228 2745 1228 2744 1228 2716 1228 2745 1229 2783 1229 2744 1229 2784 1229 2745 1229 2746 1229 2784 1229 2783 1229 2745 1229 2748 1229 2786 1229 2747 1229 2786 1229 2785 1229 2747 1229 2786 1549 2824 1549 2785 1549 2824 1549 2823 1549 2785 1549 2824 1345 2862 1345 2823 1345 2862 1345 2861 1345 2823 1345 2862 1232 2900 1232 2861 1232 2900 1232 2899 1232 2861 1232 2900 1245 2717 1245 2899 1245 2749 1228 2716 1228 2750 1228 2716 1228 2751 1228 2750 1228 2716 1228 2752 1228 2751 1228 2752 1264 2790 1264 2751 1264 2752 1264 2791 1264 2790 1264 2791 1549 2829 1549 2790 1549 2791 1549 2830 1549 2829 1549 2830 1345 2868 1345 2829 1345 2749 1229 2750 1229 2788 1229 2750 1229 2789 1229 2788 1229 2750 1229 2751 1229 2789 1229 2751 1264 2790 1264 2789 1264 2754 1228 2753 1228 2716 1228 2753 1228 2752 1228 2716 1228 2753 1264 2791 1264 2752 1264 2792 1264 2753 1264 2754 1264 2792 1264 2791 1264 2753 1264 2795 1264 2794 1264 2756 1264 2794 1264 2755 1264 2756 1264 2724 1229 2763 1229 2762 1229 2763 1549 2801 1549 2762 1549 2763 1549 2802 1549 2801 1549 2802 1345 2840 1345 2801 1345 2802 1345 2841 1345 2840 1345 2841 1232 2879 1232 2840 1232 2841 1232 2880 1232 2879 1232 2880 1245 2490 1245 2879 1245 2801 1549 2800 1549 2762 1549 2764 1549 2765 1549 2803 1549 2765 1549 2804 1549 2803 1549 2765 1549 2766 1549 2804 1549 2766 1549 2805 1549 2804 1549 2806 1549 2767 1549 2768 1549 2732 1229 2771 1229 2770 1229 2771 1549 2809 1549 2770 1549 2771 1549 2810 1549 2809 1549 2810 1345 2848 1345 2809 1345 2810 1345 2849 1345 2848 1345 2849 1232 2887 1232 2848 1232 2849 1232 2888 1232 2887 1232 2888 1245 2490 1245 2887 1245 2809 1549 2808 1549 2770 1549 2772 1549 2773 1549 2811 1549 2773 1549 2812 1549 2811 1549 2773 1549 2774 1549 2812 1549 2774 1549 2813 1549 2812 1549 2814 1549 2775 1549 2776 1549 2740 1229 2779 1229 2778 1229 2779 1549 2817 1549 2778 1549 2779 1549 2818 1549 2817 1549 2818 1345 2856 1345 2817 1345 2818 1345 2857 1345 2856 1345 2857 1232 2895 1232 2856 1232 2857 1232 2896 1232 2895 1232 2896 1245 2717 1245 2895 1245 2817 1549 2816 1549 2778 1549 2780 1549 2781 1549 2819 1549 2781 1549 2820 1549 2819 1549 2781 1549 2782 1549 2820 1549 2782 1549 2821 1549 2820 1549 2822 1549 2783 1549 2784 1549 2748 1229 2787 1229 2786 1229 2787 1549 2825 1549 2786 1549 2787 1549 2826 1549 2825 1549 2826 1345 2864 1345 2825 1345 2826 1345 2865 1345 2864 1345 2865 1232 2903 1232 2864 1232 2865 1550 2904 1550 2903 1550 2904 1245 2717 1245 2903 1245 2825 1549 2824 1549 2786 1549 2788 1549 2789 1549 2827 1549 2789 1549 2828 1549 2827 1549 2789 1549 2790 1549 2828 1549 2790 1549 2829 1549 2828 1549 2830 1549 2791 1549 2792 1549 2832 1549 2831 1549 2793 1549 2834 1549 2833 1549 2795 1549 2833 1549 2794 1549 2795 1549 2801 1345 2839 1345 2800 1345 2839 1345 2838 1345 2800 1345 2839 1232 2877 1232 2838 1232 2877 1232 2876 1232 2838 1232 2877 1245 2490 1245 2876 1245 2803 1345 2804 1345 2842 1345 2804 1345 2843 1345 2842 1345 2804 1345 2805 1345 2843 1345 2805 1345 2844 1345 2843 1345 2809 1345 2847 1345 2808 1345 2847 1345 2846 1345 2808 1345 2847 1232 2885 1232 2846 1232 2885 1232 2884 1232 2846 1232 2885 1245 2490 1245 2884 1245 2811 1345 2812 1345 2850 1345 2812 1345 2851 1345 2850 1345 2812 1345 2813 1345 2851 1345 2813 1345 2852 1345 2851 1345 2817 1345 2855 1345 2816 1345 2855 1345 2854 1345 2816 1345 2855 1232 2893 1232 2854 1232 2893 1232 2892 1232 2854 1232 2819 1345 2820 1345 2858 1345 2820 1345 2859 1345 2858 1345 2820 1345 2821 1345 2859 1345 2821 1345 2860 1345 2859 1345 2825 1345 2863 1345 2824 1345 2863 1345 2862 1345 2824 1345 2863 1232 2901 1232 2862 1232 2901 1232 2900 1232 2862 1232 2901 1245 2717 1245 2900 1245 2827 1345 2828 1345 2866 1345 2828 1345 2867 1345 2866 1345 2828 1345 2829 1345 2867 1345 2829 1345 2868 1345 2867 1345 2832 1345 2870 1345 2831 1345 2870 1345 2869 1345 2831 1345 2870 1550 2908 1550 2869 1550 2908 1550 2907 1550 2869 1550 2908 1245 2717 1245 2907 1245 2873 1345 2872 1345 2834 1345 2872 1345 2833 1345 2834 1345 2801 1345 2840 1345 2839 1345 2840 1550 2878 1550 2839 1550 2840 1232 2879 1232 2878 1232 2879 1245 2490 1245 2878 1245 2878 1550 2877 1550 2839 1550 2882 1232 2843 1232 2844 1232 2882 1232 2881 1232 2843 1232 2881 1232 2842 1232 2843 1232 2809 1345 2848 1345 2847 1345 2848 1550 2886 1550 2847 1550 2848 1232 2887 1232 2886 1232 2887 1245 2490 1245 2886 1245 2886 1550 2885 1550 2847 1550 2890 1232 2851 1232 2852 1232 2890 1232 2889 1232 2851 1232 2889 1232 2850 1232 2851 1232 2817 1345 2856 1345 2855 1345 2856 1232 2894 1232 2855 1232 2856 1232 2895 1232 2894 1232 2895 1245 2717 1245 2894 1245 2894 1232 2893 1232 2855 1232 2898 1232 2859 1232 2860 1232 2898 1232 2897 1232 2859 1232 2897 1232 2858 1232 2859 1232 2825 1345 2864 1345 2863 1345 2864 1232 2902 1232 2863 1232 2864 1232 2903 1232 2902 1232 2903 1245 2717 1245 2902 1245 2902 1232 2901 1232 2863 1232 2906 1550 2867 1550 2868 1550 2906 1550 2905 1550 2867 1550 2905 1550 2866 1550 2867 1550 2832 1345 2871 1345 2870 1345 2871 1550 2909 1550 2870 1550 2871 1550 2910 1550 2909 1550 2910 1245 2717 1245 2909 1245 2909 1550 2908 1550 2870 1550 2912 1550 2911 1550 2873 1550 2911 1550 2872 1550 2873 1550 2490 1245 2877 1245 2878 1245 2490 1245 2885 1245 2886 1245 2717 1245 2893 1245 2894 1245 2717 1245 2901 1245 2902 1245 2717 1245 2908 1245 2909 1245 2490 1 2717 1 2489 1 2717 1 2913 1 2489 1 2489 1234 2913 1234 2488 1234 2913 1234 2914 1234 2488 1234 2488 0 2914 0 2487 0 2914 0 2915 0 2487 0 2476 2 2917 2 2475 2 2917 2 2916 2 2475 2 2475 1 2916 1 2474 1 2916 1 2918 1 2474 1 2473 1256 2474 1256 2925 1256 2474 1256 2926 1256 2925 1256 2474 1256 2927 1256 2926 1256 2927 1269 2965 1269 2926 1269 2927 1257 2966 1257 2965 1257 2966 1241 3004 1241 2965 1241 2966 1241 3005 1241 3004 1241 3005 1242 3043 1242 3004 1242 3005 1242 3044 1242 3043 1242 3044 1243 3082 1243 3043 1243 3044 1243 3083 1243 3082 1243 3083 1270 2468 1270 3082 1270 3083 1270 3084 1270 2468 1270 3084 1270 3085 1270 2468 1270 3084 1243 3046 1243 3085 1243 3046 1243 3047 1243 3085 1243 3046 1242 3008 1242 3047 1242 3008 1242 3009 1242 3047 1242 3008 1241 2970 1241 3009 1241 2970 1241 2971 1241 3009 1241 2970 1269 2932 1269 2971 1269 2932 1269 2933 1269 2971 1269 2932 1256 2474 1256 2933 1256 2474 1256 2934 1256 2933 1256 2474 1256 2935 1256 2934 1256 2935 1269 2973 1269 2934 1269 2935 1257 2974 1257 2973 1257 2974 1241 3012 1241 2973 1241 2974 1241 3013 1241 3012 1241 3013 1242 3051 1242 3012 1242 3013 1242 3052 1242 3051 1242 3052 1243 3090 1243 3051 1243 3052 1243 3091 1243 3090 1243 3091 1270 2468 1270 3090 1270 3091 1270 3092 1270 2468 1270 3092 1270 3093 1270 2468 1270 3092 1243 3054 1243 3093 1243 3054 1243 3055 1243 3093 1243 3054 1242 3016 1242 3055 1242 3016 1242 3017 1242 3055 1242 3016 1241 2978 1241 3017 1241 2978 1241 2979 1241 3017 1241 2978 1269 2940 1269 2979 1269 2940 1269 2941 1269 2979 1269 2940 1256 2474 1256 2941 1256 2474 1256 2942 1256 2941 1256 2474 1256 2943 1256 2942 1256 2943 1269 2981 1269 2942 1269 2943 1269 2982 1269 2981 1269 2982 1241 3020 1241 2981 1241 2982 1241 3021 1241 3020 1241 3021 1242 3059 1242 3020 1242 3021 1242 3060 1242 3059 1242 3060 1243 3098 1243 3059 1243 3060 1243 3099 1243 3098 1243 3099 1270 2919 1270 3098 1270 3099 1270 3100 1270 2919 1270 3100 1270 3101 1270 2919 1270 3100 1243 3062 1243 3101 1243 3062 1243 3063 1243 3101 1243 3062 1242 3024 1242 3063 1242 3024 1242 3025 1242 3063 1242 3024 1241 2986 1241 3025 1241 2986 1241 2987 1241 3025 1241 2986 1269 2948 1269 2987 1269 2948 1269 2949 1269 2987 1269 2948 1256 2918 1256 2949 1256 2918 1256 2950 1256 2949 1256 2918 1256 2951 1256 2950 1256 2951 1269 2989 1269 2950 1269 2951 1269 2990 1269 2989 1269 2990 1241 3028 1241 2989 1241 2990 1241 3029 1241 3028 1241 3029 1242 3067 1242 3028 1242 3029 1242 3068 1242 3067 1242 3068 1263 3106 1263 3067 1263 3068 1263 3107 1263 3106 1263 3107 1270 2919 1270 3106 1270 3107 1270 3108 1270 2919 1270 3108 1270 3109 1270 2919 1270 3108 1263 3070 1263 3109 1263 3070 1263 3071 1263 3109 1263 3070 1242 3032 1242 3071 1242 3032 1242 3033 1242 3071 1242 3032 1241 2994 1241 3033 1241 2994 1241 2995 1241 3033 1241 2994 1257 2956 1257 2995 1257 2956 1257 2957 1257 2995 1257 2956 1256 2918 1256 2957 1256 2918 1256 2958 1256 2957 1256 2918 1256 2959 1256 2958 1256 2959 1257 2997 1257 2958 1257 2959 1257 2998 1257 2997 1257 2998 1241 3036 1241 2997 1241 2998 1241 3037 1241 3036 1241 3037 1242 3075 1242 3036 1242 3037 1242 3076 1242 3075 1242 3076 1263 3114 1263 3075 1263 3076 1263 2920 1263 3114 1263 2920 1270 2919 1270 3114 1270 2919 1270 3113 1270 3114 1270 2919 1270 3112 1270 3113 1270 3112 1263 3074 1263 3113 1263 3112 1263 3073 1263 3074 1263 3073 1242 3035 1242 3074 1242 3073 1242 3034 1242 3035 1242 3034 1241 2996 1241 3035 1241 3034 1241 2995 1241 2996 1241 2995 1257 2957 1257 2996 1257 2925 1269 2963 1269 2473 1269 2963 1269 2472 1269 2473 1269 2963 1241 3001 1241 2472 1241 3001 1241 2471 1241 2472 1241 3001 1242 3039 1242 2471 1242 3039 1242 2470 1242 2471 1242 3039 1243 3077 1243 2470 1243 3077 1243 2469 1243 2470 1243 3077 1270 2468 1270 2469 1270 2919 1270 2468 1270 3095 1270 2468 1270 3094 1270 3095 1270 2468 1270 3093 1270 3094 1270 3093 1243 3055 1243 3094 1243 2920 1263 3076 1263 2921 1263 3076 1242 3038 1242 2921 1242 3076 1242 3037 1242 3038 1242 3037 1241 2999 1241 3038 1241 3037 1241 2998 1241 2999 1241 2998 1257 2960 1257 2999 1257 2998 1257 2959 1257 2960 1257 2959 1256 2918 1256 2960 1256 2921 1242 3038 1242 2922 1242 3038 1241 3000 1241 2922 1241 3038 1241 2999 1241 3000 1241 2999 1257 2961 1257 3000 1257 2999 1257 2960 1257 2961 1257 2960 1256 2918 1256 2961 1256 2922 1241 3000 1241 2923 1241 3000 1257 2962 1257 2923 1257 3000 1257 2961 1257 2962 1257 2961 1256 2918 1256 2962 1256 2923 1257 2962 1257 2924 1257 2962 1256 2918 1256 2924 1256 2474 1256 2918 1256 2944 1256 2918 1256 2945 1256 2944 1256 2918 1256 2946 1256 2945 1256 2946 1269 2984 1269 2945 1269 2946 1269 2985 1269 2984 1269 2985 1241 3023 1241 2984 1241 2985 1241 3024 1241 3023 1241 3024 1242 3062 1242 3023 1242 2926 1269 2964 1269 2925 1269 2964 1269 2963 1269 2925 1269 2964 1241 3002 1241 2963 1241 3002 1241 3001 1241 2963 1241 3002 1242 3040 1242 3001 1242 3040 1242 3039 1242 3001 1242 3040 1243 3078 1243 3039 1243 3078 1243 3077 1243 3039 1243 3078 1270 2468 1270 3077 1270 2927 1256 2474 1256 2928 1256 2474 1256 2929 1256 2928 1256 2474 1256 2930 1256 2929 1256 2930 1269 2968 1269 2929 1269 2930 1269 2969 1269 2968 1269 2969 1241 3007 1241 2968 1241 2969 1241 3008 1241 3007 1241 3008 1242 3046 1242 3007 1242 2927 1257 2928 1257 2966 1257 2928 1269 2967 1269 2966 1269 2928 1269 2929 1269 2967 1269 2929 1269 2968 1269 2967 1269 2932 1256 2931 1256 2474 1256 2931 1256 2930 1256 2474 1256 2931 1269 2969 1269 2930 1269 2970 1269 2931 1269 2932 1269 2970 1269 2969 1269 2931 1269 2934 1269 2972 1269 2933 1269 2972 1269 2971 1269 2933 1269 2972 1241 3010 1241 2971 1241 3010 1241 3009 1241 2971 1241 3010 1242 3048 1242 3009 1242 3048 1242 3047 1242 3009 1242 3048 1243 3086 1243 3047 1243 3086 1243 3085 1243 3047 1243 3086 1270 2468 1270 3085 1270 2935 1256 2474 1256 2936 1256 2474 1256 2937 1256 2936 1256 2474 1256 2938 1256 2937 1256 2938 1269 2976 1269 2937 1269 2938 1269 2977 1269 2976 1269 2977 1241 3015 1241 2976 1241 2977 1241 3016 1241 3015 1241 3016 1242 3054 1242 3015 1242 2935 1257 2936 1257 2974 1257 2936 1269 2975 1269 2974 1269 2936 1269 2937 1269 2975 1269 2937 1269 2976 1269 2975 1269 2940 1256 2939 1256 2474 1256 2939 1256 2938 1256 2474 1256 2939 1269 2977 1269 2938 1269 2978 1269 2939 1269 2940 1269 2978 1269 2977 1269 2939 1269 2944 1256 2943 1256 2474 1256 2942 1269 2980 1269 2941 1269 2980 1269 2979 1269 2941 1269 2980 1241 3018 1241 2979 1241 3018 1241 3017 1241 2979 1241 3018 1242 3056 1242 3017 1242 3056 1242 3055 1242 3017 1242 3056 1243 3094 1243 3055 1243 2943 1269 2944 1269 2982 1269 2944 1269 2983 1269 2982 1269 2944 1269 2945 1269 2983 1269 2945 1269 2984 1269 2983 1269 2948 1256 2947 1256 2918 1256 2947 1256 2946 1256 2918 1256 2947 1269 2985 1269 2946 1269 2986 1269 2947 1269 2948 1269 2986 1269 2985 1269 2947 1269 2950 1269 2988 1269 2949 1269 2988 1269 2987 1269 2949 1269 2988 1241 3026 1241 2987 1241 3026 1241 3025 1241 2987 1241 3026 1242 3064 1242 3025 1242 3064 1242 3063 1242 3025 1242 3064 1243 3102 1243 3063 1243 3102 1243 3101 1243 3063 1243 3102 1270 2919 1270 3101 1270 2951 1256 2918 1256 2952 1256 2918 1256 2953 1256 2952 1256 2918 1256 2954 1256 2953 1256 2954 1257 2992 1257 2953 1257 2954 1257 2993 1257 2992 1257 2993 1241 3031 1241 2992 1241 2993 1241 3032 1241 3031 1241 3032 1242 3070 1242 3031 1242 2951 1269 2952 1269 2990 1269 2952 1269 2991 1269 2990 1269 2952 1269 2953 1269 2991 1269 2953 1257 2992 1257 2991 1257 2956 1256 2955 1256 2918 1256 2955 1256 2954 1256 2918 1256 2955 1257 2993 1257 2954 1257 2994 1257 2955 1257 2956 1257 2994 1257 2993 1257 2955 1257 2997 1257 2996 1257 2958 1257 2996 1257 2957 1257 2958 1257 2926 1269 2965 1269 2964 1269 2965 1241 3003 1241 2964 1241 2965 1241 3004 1241 3003 1241 3004 1242 3042 1242 3003 1242 3004 1242 3043 1242 3042 1242 3043 1243 3081 1243 3042 1243 3043 1243 3082 1243 3081 1243 3082 1270 2468 1270 3081 1270 3003 1241 3002 1241 2964 1241 2966 1241 2967 1241 3005 1241 2967 1241 3006 1241 3005 1241 2967 1241 2968 1241 3006 1241 2968 1241 3007 1241 3006 1241 3008 1241 2969 1241 2970 1241 2934 1269 2973 1269 2972 1269 2973 1241 3011 1241 2972 1241 2973 1241 3012 1241 3011 1241 3012 1242 3050 1242 3011 1242 3012 1242 3051 1242 3050 1242 3051 1243 3089 1243 3050 1243 3051 1243 3090 1243 3089 1243 3090 1270 2468 1270 3089 1270 3011 1241 3010 1241 2972 1241 2974 1241 2975 1241 3013 1241 2975 1241 3014 1241 3013 1241 2975 1241 2976 1241 3014 1241 2976 1241 3015 1241 3014 1241 3016 1241 2977 1241 2978 1241 2942 1269 2981 1269 2980 1269 2981 1241 3019 1241 2980 1241 2981 1241 3020 1241 3019 1241 3020 1242 3058 1242 3019 1242 3020 1242 3059 1242 3058 1242 3059 1243 3097 1243 3058 1243 3059 1243 3098 1243 3097 1243 3098 1270 2919 1270 3097 1270 3019 1241 3018 1241 2980 1241 2982 1241 2983 1241 3021 1241 2983 1241 3022 1241 3021 1241 2983 1241 2984 1241 3022 1241 2984 1241 3023 1241 3022 1241 3024 1241 2985 1241 2986 1241 2950 1269 2989 1269 2988 1269 2989 1241 3027 1241 2988 1241 2989 1241 3028 1241 3027 1241 3028 1242 3066 1242 3027 1242 3028 1242 3067 1242 3066 1242 3067 1243 3105 1243 3066 1243 3067 1263 3106 1263 3105 1263 3106 1270 2919 1270 3105 1270 3027 1241 3026 1241 2988 1241 2990 1241 2991 1241 3029 1241 2991 1241 3030 1241 3029 1241 2991 1241 2992 1241 3030 1241 2992 1241 3031 1241 3030 1241 3032 1241 2993 1241 2994 1241 3034 1241 3033 1241 2995 1241 3036 1241 3035 1241 2997 1241 3035 1241 2996 1241 2997 1241 3003 1242 3041 1242 3002 1242 3041 1242 3040 1242 3002 1242 3041 1243 3079 1243 3040 1243 3079 1243 3078 1243 3040 1243 3079 1270 2468 1270 3078 1270 3005 1242 3006 1242 3044 1242 3006 1242 3045 1242 3044 1242 3006 1242 3007 1242 3045 1242 3007 1242 3046 1242 3045 1242 3011 1242 3049 1242 3010 1242 3049 1242 3048 1242 3010 1242 3049 1243 3087 1243 3048 1243 3087 1243 3086 1243 3048 1243 3087 1270 2468 1270 3086 1270 3013 1242 3014 1242 3052 1242 3014 1242 3053 1242 3052 1242 3014 1242 3015 1242 3053 1242 3015 1242 3054 1242 3053 1242 3019 1242 3057 1242 3018 1242 3057 1242 3056 1242 3018 1242 3057 1243 3095 1243 3056 1243 3095 1243 3094 1243 3056 1243 3021 1242 3022 1242 3060 1242 3022 1242 3061 1242 3060 1242 3022 1242 3023 1242 3061 1242 3023 1242 3062 1242 3061 1242 3027 1242 3065 1242 3026 1242 3065 1242 3064 1242 3026 1242 3065 1243 3103 1243 3064 1243 3103 1243 3102 1243 3064 1243 3103 1270 2919 1270 3102 1270 3029 1242 3030 1242 3068 1242 3030 1242 3069 1242 3068 1242 3030 1242 3031 1242 3069 1242 3031 1242 3070 1242 3069 1242 3034 1242 3072 1242 3033 1242 3072 1242 3071 1242 3033 1242 3072 1263 3110 1263 3071 1263 3110 1263 3109 1263 3071 1263 3110 1270 2919 1270 3109 1270 3075 1242 3074 1242 3036 1242 3074 1242 3035 1242 3036 1242 3003 1242 3042 1242 3041 1242 3042 1263 3080 1263 3041 1263 3042 1243 3081 1243 3080 1243 3081 1270 2468 1270 3080 1270 3080 1263 3079 1263 3041 1263 3084 1243 3045 1243 3046 1243 3084 1243 3083 1243 3045 1243 3083 1243 3044 1243 3045 1243 3011 1242 3050 1242 3049 1242 3050 1263 3088 1263 3049 1263 3050 1243 3089 1243 3088 1243 3089 1270 2468 1270 3088 1270 3088 1263 3087 1263 3049 1263 3092 1243 3053 1243 3054 1243 3092 1243 3091 1243 3053 1243 3091 1243 3052 1243 3053 1243 3019 1242 3058 1242 3057 1242 3058 1243 3096 1243 3057 1243 3058 1243 3097 1243 3096 1243 3097 1270 2919 1270 3096 1270 3096 1243 3095 1243 3057 1243 3100 1243 3061 1243 3062 1243 3100 1243 3099 1243 3061 1243 3099 1243 3060 1243 3061 1243 3027 1242 3066 1242 3065 1242 3066 1243 3104 1243 3065 1243 3066 1243 3105 1243 3104 1243 3105 1270 2919 1270 3104 1270 3104 1243 3103 1243 3065 1243 3108 1263 3069 1263 3070 1263 3108 1263 3107 1263 3069 1263 3107 1263 3068 1263 3069 1263 3034 1242 3073 1242 3072 1242 3073 1263 3111 1263 3072 1263 3073 1263 3112 1263 3111 1263 3112 1270 2919 1270 3111 1270 3111 1263 3110 1263 3072 1263 3114 1263 3113 1263 3075 1263 3113 1263 3074 1263 3075 1263 2468 1270 3079 1270 3080 1270 2468 1270 3087 1270 3088 1270 2919 1270 3095 1270 3096 1270 2919 1270 3103 1270 3104 1270 2919 1270 3110 1270 3111 1270 2468 2 2919 2 2467 2 2919 2 3115 2 2467 2 2467 1 3115 1 2466 1 3115 1 3116 1 2466 1 2466 1234 3116 1234 2465 1234 3116 1234 3117 1234 2465 1234 2454 0 3119 0 2453 0 3119 0 3118 0 2453 0 2453 2 3118 2 2452 2 3118 2 3120 2 2452 2 2451 1343 2452 1343 3127 1343 2452 1343 3128 1343 3127 1343 2452 1343 3129 1343 3128 1343 3129 1251 3167 1251 3128 1251 3129 1259 3168 1259 3167 1259 3168 1551 3206 1551 3167 1551 3168 1551 3207 1551 3206 1551 3207 1253 3245 1253 3206 1253 3207 1253 3246 1253 3245 1253 3246 1254 3284 1254 3245 1254 3246 1254 3285 1254 3284 1254 3285 1255 2446 1255 3284 1255 3285 1255 3286 1255 2446 1255 3286 1255 3287 1255 2446 1255 3286 1254 3248 1254 3287 1254 3248 1254 3249 1254 3287 1254 3248 1253 3210 1253 3249 1253 3210 1253 3211 1253 3249 1253 3210 1551 3172 1551 3211 1551 3172 1551 3173 1551 3211 1551 3172 1251 3134 1251 3173 1251 3134 1251 3135 1251 3173 1251 3134 1343 2452 1343 3135 1343 2452 1343 3136 1343 3135 1343 2452 1343 3137 1343 3136 1343 3137 1251 3175 1251 3136 1251 3137 1259 3176 1259 3175 1259 3176 1551 3214 1551 3175 1551 3176 1551 3215 1551 3214 1551 3215 1253 3253 1253 3214 1253 3215 1253 3254 1253 3253 1253 3254 1254 3292 1254 3253 1254 3254 1254 3293 1254 3292 1254 3293 1255 2446 1255 3292 1255 3293 1255 3294 1255 2446 1255 3294 1255 3295 1255 2446 1255 3294 1254 3256 1254 3295 1254 3256 1254 3257 1254 3295 1254 3256 1253 3218 1253 3257 1253 3218 1253 3219 1253 3257 1253 3218 1551 3180 1551 3219 1551 3180 1551 3181 1551 3219 1551 3180 1251 3142 1251 3181 1251 3142 1251 3143 1251 3181 1251 3142 1343 2452 1343 3143 1343 2452 1343 3144 1343 3143 1343 2452 1343 3145 1343 3144 1343 3145 1251 3183 1251 3144 1251 3145 1251 3184 1251 3183 1251 3184 1551 3222 1551 3183 1551 3184 1551 3223 1551 3222 1551 3223 1253 3261 1253 3222 1253 3223 1253 3262 1253 3261 1253 3262 1254 3300 1254 3261 1254 3262 1254 3301 1254 3300 1254 3301 1255 3121 1255 3300 1255 3301 1255 3302 1255 3121 1255 3302 1255 3303 1255 3121 1255 3302 1254 3264 1254 3303 1254 3264 1254 3265 1254 3303 1254 3264 1253 3226 1253 3265 1253 3226 1253 3227 1253 3265 1253 3226 1551 3188 1551 3227 1551 3188 1551 3189 1551 3227 1551 3188 1251 3150 1251 3189 1251 3150 1251 3151 1251 3189 1251 3150 1343 3120 1343 3151 1343 3120 1343 3152 1343 3151 1343 3120 1343 3153 1343 3152 1343 3153 1251 3191 1251 3152 1251 3153 1251 3192 1251 3191 1251 3192 1551 3230 1551 3191 1551 3192 1551 3231 1551 3230 1551 3231 1253 3269 1253 3230 1253 3231 1253 3270 1253 3269 1253 3270 1254 3308 1254 3269 1254 3270 1254 3309 1254 3308 1254 3309 1255 3121 1255 3308 1255 3309 1255 3310 1255 3121 1255 3310 1255 3311 1255 3121 1255 3310 1254 3272 1254 3311 1254 3272 1254 3273 1254 3311 1254 3272 1253 3234 1253 3273 1253 3234 1253 3235 1253 3273 1253 3234 1551 3196 1551 3235 1551 3196 1551 3197 1551 3235 1551 3196 1259 3158 1259 3197 1259 3158 1259 3159 1259 3197 1259 3158 1343 3120 1343 3159 1343 3120 1343 3160 1343 3159 1343 3120 1343 3161 1343 3160 1343 3161 1259 3199 1259 3160 1259 3161 1259 3200 1259 3199 1259 3200 1551 3238 1551 3199 1551 3200 1551 3239 1551 3238 1551 3239 1253 3277 1253 3238 1253 3239 1253 3278 1253 3277 1253 3278 1254 3316 1254 3277 1254 3278 1254 3122 1254 3316 1254 3122 1255 3121 1255 3316 1255 3121 1255 3315 1255 3316 1255 3121 1255 3314 1255 3315 1255 3314 1254 3276 1254 3315 1254 3314 1254 3275 1254 3276 1254 3275 1253 3237 1253 3276 1253 3275 1253 3236 1253 3237 1253 3236 1551 3198 1551 3237 1551 3236 1551 3197 1551 3198 1551 3197 1259 3159 1259 3198 1259 3127 1251 3165 1251 2451 1251 3165 1251 2450 1251 2451 1251 3165 1551 3203 1551 2450 1551 3203 1551 2449 1551 2450 1551 3203 1253 3241 1253 2449 1253 3241 1253 2448 1253 2449 1253 3241 1254 3279 1254 2448 1254 3279 1254 2447 1254 2448 1254 3279 1255 2446 1255 2447 1255 3121 1255 2446 1255 3297 1255 2446 1255 3296 1255 3297 1255 2446 1255 3295 1255 3296 1255 3295 1254 3257 1254 3296 1254 3122 1254 3278 1254 3123 1254 3278 1253 3240 1253 3123 1253 3278 1253 3239 1253 3240 1253 3239 1551 3201 1551 3240 1551 3239 1551 3200 1551 3201 1551 3200 1259 3162 1259 3201 1259 3200 1259 3161 1259 3162 1259 3161 1343 3120 1343 3162 1343 3123 1253 3240 1253 3124 1253 3240 1551 3202 1551 3124 1551 3240 1551 3201 1551 3202 1551 3201 1259 3163 1259 3202 1259 3201 1259 3162 1259 3163 1259 3162 1343 3120 1343 3163 1343 3124 1551 3202 1551 3125 1551 3202 1259 3164 1259 3125 1259 3202 1259 3163 1259 3164 1259 3163 1343 3120 1343 3164 1343 3125 1259 3164 1259 3126 1259 3164 1343 3120 1343 3126 1343 2452 1343 3120 1343 3146 1343 3120 1343 3147 1343 3146 1343 3120 1343 3148 1343 3147 1343 3148 1251 3186 1251 3147 1251 3148 1251 3187 1251 3186 1251 3187 1551 3225 1551 3186 1551 3187 1551 3226 1551 3225 1551 3226 1253 3264 1253 3225 1253 3128 1251 3166 1251 3127 1251 3166 1251 3165 1251 3127 1251 3166 1551 3204 1551 3165 1551 3204 1551 3203 1551 3165 1551 3204 1253 3242 1253 3203 1253 3242 1253 3241 1253 3203 1253 3242 1254 3280 1254 3241 1254 3280 1254 3279 1254 3241 1254 3280 1255 2446 1255 3279 1255 3129 1343 2452 1343 3130 1343 2452 1343 3131 1343 3130 1343 2452 1343 3132 1343 3131 1343 3132 1251 3170 1251 3131 1251 3132 1251 3171 1251 3170 1251 3171 1551 3209 1551 3170 1551 3171 1551 3210 1551 3209 1551 3210 1253 3248 1253 3209 1253 3129 1259 3130 1259 3168 1259 3130 1251 3169 1251 3168 1251 3130 1251 3131 1251 3169 1251 3131 1251 3170 1251 3169 1251 3134 1343 3133 1343 2452 1343 3133 1343 3132 1343 2452 1343 3133 1251 3171 1251 3132 1251 3172 1251 3133 1251 3134 1251 3172 1251 3171 1251 3133 1251 3136 1251 3174 1251 3135 1251 3174 1251 3173 1251 3135 1251 3174 1551 3212 1551 3173 1551 3212 1551 3211 1551 3173 1551 3212 1253 3250 1253 3211 1253 3250 1253 3249 1253 3211 1253 3250 1254 3288 1254 3249 1254 3288 1254 3287 1254 3249 1254 3288 1255 2446 1255 3287 1255 3137 1343 2452 1343 3138 1343 2452 1343 3139 1343 3138 1343 2452 1343 3140 1343 3139 1343 3140 1251 3178 1251 3139 1251 3140 1251 3179 1251 3178 1251 3179 1551 3217 1551 3178 1551 3179 1551 3218 1551 3217 1551 3218 1253 3256 1253 3217 1253 3137 1259 3138 1259 3176 1259 3138 1251 3177 1251 3176 1251 3138 1251 3139 1251 3177 1251 3139 1251 3178 1251 3177 1251 3142 1343 3141 1343 2452 1343 3141 1343 3140 1343 2452 1343 3141 1251 3179 1251 3140 1251 3180 1251 3141 1251 3142 1251 3180 1251 3179 1251 3141 1251 3146 1343 3145 1343 2452 1343 3144 1251 3182 1251 3143 1251 3182 1251 3181 1251 3143 1251 3182 1551 3220 1551 3181 1551 3220 1551 3219 1551 3181 1551 3220 1253 3258 1253 3219 1253 3258 1253 3257 1253 3219 1253 3258 1254 3296 1254 3257 1254 3145 1251 3146 1251 3184 1251 3146 1251 3185 1251 3184 1251 3146 1251 3147 1251 3185 1251 3147 1251 3186 1251 3185 1251 3150 1343 3149 1343 3120 1343 3149 1343 3148 1343 3120 1343 3149 1251 3187 1251 3148 1251 3188 1251 3149 1251 3150 1251 3188 1251 3187 1251 3149 1251 3152 1251 3190 1251 3151 1251 3190 1251 3189 1251 3151 1251 3190 1551 3228 1551 3189 1551 3228 1551 3227 1551 3189 1551 3228 1253 3266 1253 3227 1253 3266 1253 3265 1253 3227 1253 3266 1254 3304 1254 3265 1254 3304 1254 3303 1254 3265 1254 3304 1255 3121 1255 3303 1255 3153 1343 3120 1343 3154 1343 3120 1343 3155 1343 3154 1343 3120 1343 3156 1343 3155 1343 3156 1259 3194 1259 3155 1259 3156 1259 3195 1259 3194 1259 3195 1551 3233 1551 3194 1551 3195 1551 3234 1551 3233 1551 3234 1253 3272 1253 3233 1253 3153 1251 3154 1251 3192 1251 3154 1251 3193 1251 3192 1251 3154 1251 3155 1251 3193 1251 3155 1259 3194 1259 3193 1259 3158 1343 3157 1343 3120 1343 3157 1343 3156 1343 3120 1343 3157 1259 3195 1259 3156 1259 3196 1259 3157 1259 3158 1259 3196 1259 3195 1259 3157 1259 3199 1259 3198 1259 3160 1259 3198 1259 3159 1259 3160 1259 3128 1251 3167 1251 3166 1251 3167 1551 3205 1551 3166 1551 3167 1551 3206 1551 3205 1551 3206 1253 3244 1253 3205 1253 3206 1253 3245 1253 3244 1253 3245 1254 3283 1254 3244 1254 3245 1254 3284 1254 3283 1254 3284 1255 2446 1255 3283 1255 3205 1551 3204 1551 3166 1551 3168 1551 3169 1551 3207 1551 3169 1551 3208 1551 3207 1551 3169 1551 3170 1551 3208 1551 3170 1551 3209 1551 3208 1551 3210 1551 3171 1551 3172 1551 3136 1251 3175 1251 3174 1251 3175 1551 3213 1551 3174 1551 3175 1551 3214 1551 3213 1551 3214 1253 3252 1253 3213 1253 3214 1253 3253 1253 3252 1253 3253 1254 3291 1254 3252 1254 3253 1254 3292 1254 3291 1254 3292 1255 2446 1255 3291 1255 3213 1551 3212 1551 3174 1551 3176 1551 3177 1551 3215 1551 3177 1551 3216 1551 3215 1551 3177 1551 3178 1551 3216 1551 3178 1551 3217 1551 3216 1551 3218 1551 3179 1551 3180 1551 3144 1251 3183 1251 3182 1251 3183 1551 3221 1551 3182 1551 3183 1551 3222 1551 3221 1551 3222 1253 3260 1253 3221 1253 3222 1253 3261 1253 3260 1253 3261 1254 3299 1254 3260 1254 3261 1254 3300 1254 3299 1254 3300 1255 3121 1255 3299 1255 3221 1551 3220 1551 3182 1551 3184 1551 3185 1551 3223 1551 3185 1551 3224 1551 3223 1551 3185 1551 3186 1551 3224 1551 3186 1551 3225 1551 3224 1551 3226 1551 3187 1551 3188 1551 3152 1251 3191 1251 3190 1251 3191 1551 3229 1551 3190 1551 3191 1551 3230 1551 3229 1551 3230 1253 3268 1253 3229 1253 3230 1253 3269 1253 3268 1253 3269 1254 3307 1254 3268 1254 3269 1254 3308 1254 3307 1254 3308 1255 3121 1255 3307 1255 3229 1551 3228 1551 3190 1551 3192 1551 3193 1551 3231 1551 3193 1551 3232 1551 3231 1551 3193 1551 3194 1551 3232 1551 3194 1551 3233 1551 3232 1551 3234 1551 3195 1551 3196 1551 3236 1551 3235 1551 3197 1551 3238 1551 3237 1551 3199 1551 3237 1551 3198 1551 3199 1551 3205 1253 3243 1253 3204 1253 3243 1253 3242 1253 3204 1253 3243 1254 3281 1254 3242 1254 3281 1254 3280 1254 3242 1254 3281 1255 2446 1255 3280 1255 3207 1253 3208 1253 3246 1253 3208 1253 3247 1253 3246 1253 3208 1253 3209 1253 3247 1253 3209 1253 3248 1253 3247 1253 3213 1253 3251 1253 3212 1253 3251 1253 3250 1253 3212 1253 3251 1254 3289 1254 3250 1254 3289 1254 3288 1254 3250 1254 3289 1255 2446 1255 3288 1255 3215 1253 3216 1253 3254 1253 3216 1253 3255 1253 3254 1253 3216 1253 3217 1253 3255 1253 3217 1253 3256 1253 3255 1253 3221 1253 3259 1253 3220 1253 3259 1253 3258 1253 3220 1253 3259 1254 3297 1254 3258 1254 3297 1254 3296 1254 3258 1254 3223 1253 3224 1253 3262 1253 3224 1253 3263 1253 3262 1253 3224 1253 3225 1253 3263 1253 3225 1253 3264 1253 3263 1253 3229 1253 3267 1253 3228 1253 3267 1253 3266 1253 3228 1253 3267 1254 3305 1254 3266 1254 3305 1254 3304 1254 3266 1254 3305 1255 3121 1255 3304 1255 3231 1253 3232 1253 3270 1253 3232 1253 3271 1253 3270 1253 3232 1253 3233 1253 3271 1253 3233 1253 3272 1253 3271 1253 3236 1253 3274 1253 3235 1253 3274 1253 3273 1253 3235 1253 3274 1254 3312 1254 3273 1254 3312 1254 3311 1254 3273 1254 3312 1255 3121 1255 3311 1255 3277 1253 3276 1253 3238 1253 3276 1253 3237 1253 3238 1253 3205 1253 3244 1253 3243 1253 3244 1254 3282 1254 3243 1254 3244 1254 3283 1254 3282 1254 3283 1255 2446 1255 3282 1255 3282 1254 3281 1254 3243 1254 3286 1254 3247 1254 3248 1254 3286 1254 3285 1254 3247 1254 3285 1254 3246 1254 3247 1254 3213 1253 3252 1253 3251 1253 3252 1254 3290 1254 3251 1254 3252 1254 3291 1254 3290 1254 3291 1255 2446 1255 3290 1255 3290 1254 3289 1254 3251 1254 3294 1254 3255 1254 3256 1254 3294 1254 3293 1254 3255 1254 3293 1254 3254 1254 3255 1254 3221 1253 3260 1253 3259 1253 3260 1254 3298 1254 3259 1254 3260 1254 3299 1254 3298 1254 3299 1255 3121 1255 3298 1255 3298 1254 3297 1254 3259 1254 3302 1254 3263 1254 3264 1254 3302 1254 3301 1254 3263 1254 3301 1254 3262 1254 3263 1254 3229 1253 3268 1253 3267 1253 3268 1254 3306 1254 3267 1254 3268 1254 3307 1254 3306 1254 3307 1255 3121 1255 3306 1255 3306 1254 3305 1254 3267 1254 3310 1254 3271 1254 3272 1254 3310 1254 3309 1254 3271 1254 3309 1254 3270 1254 3271 1254 3236 1253 3275 1253 3274 1253 3275 1254 3313 1254 3274 1254 3275 1254 3314 1254 3313 1254 3314 1255 3121 1255 3313 1255 3313 1254 3312 1254 3274 1254 3316 1254 3315 1254 3277 1254 3315 1254 3276 1254 3277 1254 2446 1255 3281 1255 3282 1255 2446 1255 3289 1255 3290 1255 3121 1255 3297 1255 3298 1255 3121 1255 3305 1255 3306 1255 3121 1255 3312 1255 3313 1255 2446 0 3121 0 2445 0 3121 0 3317 0 2445 0 2445 2 3317 2 2444 2 3317 2 3318 2 2444 2 2444 1 3318 1 2443 1 3318 1 3319 1 2443 1 2432 1234 3321 1234 2431 1234 3321 1234 3320 1234 2431 1234 2431 0 3320 0 2430 0 3320 0 3322 0 2430 0 2429 1246 2430 1246 3329 1246 2430 1246 3330 1246 3329 1246 2430 1246 3331 1246 3330 1246 3331 1552 3369 1552 3330 1552 3331 1552 3370 1552 3369 1552 3370 1553 3408 1553 3369 1553 3370 1553 3409 1553 3408 1553 3409 1247 3447 1247 3408 1247 3409 1247 3448 1247 3447 1247 3448 1248 3486 1248 3447 1248 3448 1248 3487 1248 3486 1248 3487 1249 2424 1249 3486 1249 3487 1249 3488 1249 2424 1249 3488 1249 3489 1249 2424 1249 3488 1248 3450 1248 3489 1248 3450 1248 3451 1248 3489 1248 3450 1247 3412 1247 3451 1247 3412 1247 3413 1247 3451 1247 3412 1553 3374 1553 3413 1553 3374 1553 3375 1553 3413 1553 3374 1552 3336 1552 3375 1552 3336 1552 3337 1552 3375 1552 3336 1246 2430 1246 3337 1246 2430 1246 3338 1246 3337 1246 2430 1246 3339 1246 3338 1246 3339 1552 3377 1552 3338 1552 3339 1552 3378 1552 3377 1552 3378 1553 3416 1553 3377 1553 3378 1553 3417 1553 3416 1553 3417 1247 3455 1247 3416 1247 3417 1247 3456 1247 3455 1247 3456 1248 3494 1248 3455 1248 3456 1248 3495 1248 3494 1248 3495 1249 2424 1249 3494 1249 3495 1249 3496 1249 2424 1249 3496 1249 3497 1249 2424 1249 3496 1248 3458 1248 3497 1248 3458 1248 3459 1248 3497 1248 3458 1247 3420 1247 3459 1247 3420 1247 3421 1247 3459 1247 3420 1553 3382 1553 3421 1553 3382 1553 3383 1553 3421 1553 3382 1552 3344 1552 3383 1552 3344 1552 3345 1552 3383 1552 3344 1246 2430 1246 3345 1246 2430 1246 3346 1246 3345 1246 2430 1246 3347 1246 3346 1246 3347 1552 3385 1552 3346 1552 3347 1552 3386 1552 3385 1552 3386 1553 3424 1553 3385 1553 3386 1553 3425 1553 3424 1553 3425 1247 3463 1247 3424 1247 3425 1247 3464 1247 3463 1247 3464 1248 3502 1248 3463 1248 3464 1248 3503 1248 3502 1248 3503 1249 3323 1249 3502 1249 3503 1249 3504 1249 3323 1249 3504 1249 3505 1249 3323 1249 3504 1248 3466 1248 3505 1248 3466 1248 3467 1248 3505 1248 3466 1247 3428 1247 3467 1247 3428 1247 3429 1247 3467 1247 3428 1553 3390 1553 3429 1553 3390 1553 3391 1553 3429 1553 3390 1552 3352 1552 3391 1552 3352 1552 3353 1552 3391 1552 3352 1246 3322 1246 3353 1246 3322 1246 3354 1246 3353 1246 3322 1246 3355 1246 3354 1246 3355 1552 3393 1552 3354 1552 3355 1552 3394 1552 3393 1552 3394 1553 3432 1553 3393 1553 3394 1553 3433 1553 3432 1553 3433 1247 3471 1247 3432 1247 3433 1247 3472 1247 3471 1247 3472 1239 3510 1239 3471 1239 3472 1239 3511 1239 3510 1239 3511 1249 3323 1249 3510 1249 3511 1249 3512 1249 3323 1249 3512 1249 3513 1249 3323 1249 3512 1239 3474 1239 3513 1239 3474 1239 3475 1239 3513 1239 3474 1247 3436 1247 3475 1247 3436 1247 3437 1247 3475 1247 3436 1553 3398 1553 3437 1553 3398 1553 3399 1553 3437 1553 3398 1552 3360 1552 3399 1552 3360 1552 3361 1552 3399 1552 3360 1246 3322 1246 3361 1246 3322 1246 3362 1246 3361 1246 3322 1246 3363 1246 3362 1246 3363 1552 3401 1552 3362 1552 3363 1552 3402 1552 3401 1552 3402 1553 3440 1553 3401 1553 3402 1553 3441 1553 3440 1553 3441 1247 3479 1247 3440 1247 3441 1247 3480 1247 3479 1247 3480 1239 3518 1239 3479 1239 3480 1239 3324 1239 3518 1239 3324 1249 3323 1249 3518 1249 3323 1249 3517 1249 3518 1249 3323 1249 3516 1249 3517 1249 3516 1239 3478 1239 3517 1239 3516 1239 3477 1239 3478 1239 3477 1247 3439 1247 3478 1247 3477 1247 3438 1247 3439 1247 3438 1553 3400 1553 3439 1553 3438 1553 3399 1553 3400 1553 3399 1552 3361 1552 3400 1552 3329 1552 3367 1552 2429 1552 3367 1552 2428 1552 2429 1552 3367 1553 3405 1553 2428 1553 3405 1553 2427 1553 2428 1553 3405 1247 3443 1247 2427 1247 3443 1247 2426 1247 2427 1247 3443 1248 3481 1248 2426 1248 3481 1248 2425 1248 2426 1248 3481 1249 2424 1249 2425 1249 3323 1249 2424 1249 3499 1249 2424 1249 3498 1249 3499 1249 2424 1249 3497 1249 3498 1249 3497 1248 3459 1248 3498 1248 3324 1239 3480 1239 3325 1239 3480 1247 3442 1247 3325 1247 3480 1247 3441 1247 3442 1247 3441 1553 3403 1553 3442 1553 3441 1553 3402 1553 3403 1553 3402 1552 3364 1552 3403 1552 3402 1552 3363 1552 3364 1552 3363 1246 3322 1246 3364 1246 3325 1247 3442 1247 3326 1247 3442 1553 3404 1553 3326 1553 3442 1553 3403 1553 3404 1553 3403 1552 3365 1552 3404 1552 3403 1552 3364 1552 3365 1552 3364 1246 3322 1246 3365 1246 3326 1553 3404 1553 3327 1553 3404 1552 3366 1552 3327 1552 3404 1552 3365 1552 3366 1552 3365 1246 3322 1246 3366 1246 3327 1552 3366 1552 3328 1552 3366 1246 3322 1246 3328 1246 2430 1246 3322 1246 3348 1246 3322 1246 3349 1246 3348 1246 3322 1246 3350 1246 3349 1246 3350 1552 3388 1552 3349 1552 3350 1552 3389 1552 3388 1552 3389 1553 3427 1553 3388 1553 3389 1553 3428 1553 3427 1553 3428 1247 3466 1247 3427 1247 3330 1552 3368 1552 3329 1552 3368 1552 3367 1552 3329 1552 3368 1553 3406 1553 3367 1553 3406 1553 3405 1553 3367 1553 3406 1247 3444 1247 3405 1247 3444 1247 3443 1247 3405 1247 3444 1248 3482 1248 3443 1248 3482 1248 3481 1248 3443 1248 3482 1249 2424 1249 3481 1249 3331 1246 2430 1246 3332 1246 2430 1246 3333 1246 3332 1246 2430 1246 3334 1246 3333 1246 3334 1552 3372 1552 3333 1552 3334 1552 3373 1552 3372 1552 3373 1553 3411 1553 3372 1553 3373 1553 3412 1553 3411 1553 3412 1247 3450 1247 3411 1247 3331 1552 3332 1552 3370 1552 3332 1552 3371 1552 3370 1552 3332 1552 3333 1552 3371 1552 3333 1552 3372 1552 3371 1552 3336 1246 3335 1246 2430 1246 3335 1246 3334 1246 2430 1246 3335 1552 3373 1552 3334 1552 3374 1552 3335 1552 3336 1552 3374 1552 3373 1552 3335 1552 3338 1552 3376 1552 3337 1552 3376 1552 3375 1552 3337 1552 3376 1553 3414 1553 3375 1553 3414 1553 3413 1553 3375 1553 3414 1247 3452 1247 3413 1247 3452 1247 3451 1247 3413 1247 3452 1248 3490 1248 3451 1248 3490 1248 3489 1248 3451 1248 3490 1249 2424 1249 3489 1249 3339 1246 2430 1246 3340 1246 2430 1246 3341 1246 3340 1246 2430 1246 3342 1246 3341 1246 3342 1552 3380 1552 3341 1552 3342 1552 3381 1552 3380 1552 3381 1553 3419 1553 3380 1553 3381 1553 3420 1553 3419 1553 3420 1247 3458 1247 3419 1247 3339 1552 3340 1552 3378 1552 3340 1552 3379 1552 3378 1552 3340 1552 3341 1552 3379 1552 3341 1552 3380 1552 3379 1552 3344 1246 3343 1246 2430 1246 3343 1246 3342 1246 2430 1246 3343 1552 3381 1552 3342 1552 3382 1552 3343 1552 3344 1552 3382 1552 3381 1552 3343 1552 3348 1246 3347 1246 2430 1246 3346 1552 3384 1552 3345 1552 3384 1552 3383 1552 3345 1552 3384 1553 3422 1553 3383 1553 3422 1553 3421 1553 3383 1553 3422 1247 3460 1247 3421 1247 3460 1247 3459 1247 3421 1247 3460 1248 3498 1248 3459 1248 3347 1552 3348 1552 3386 1552 3348 1552 3387 1552 3386 1552 3348 1552 3349 1552 3387 1552 3349 1552 3388 1552 3387 1552 3352 1246 3351 1246 3322 1246 3351 1246 3350 1246 3322 1246 3351 1552 3389 1552 3350 1552 3390 1552 3351 1552 3352 1552 3390 1552 3389 1552 3351 1552 3354 1552 3392 1552 3353 1552 3392 1552 3391 1552 3353 1552 3392 1553 3430 1553 3391 1553 3430 1553 3429 1553 3391 1553 3430 1247 3468 1247 3429 1247 3468 1247 3467 1247 3429 1247 3468 1248 3506 1248 3467 1248 3506 1248 3505 1248 3467 1248 3506 1249 3323 1249 3505 1249 3355 1246 3322 1246 3356 1246 3322 1246 3357 1246 3356 1246 3322 1246 3358 1246 3357 1246 3358 1552 3396 1552 3357 1552 3358 1552 3397 1552 3396 1552 3397 1553 3435 1553 3396 1553 3397 1553 3436 1553 3435 1553 3436 1247 3474 1247 3435 1247 3355 1552 3356 1552 3394 1552 3356 1552 3395 1552 3394 1552 3356 1552 3357 1552 3395 1552 3357 1552 3396 1552 3395 1552 3360 1246 3359 1246 3322 1246 3359 1246 3358 1246 3322 1246 3359 1552 3397 1552 3358 1552 3398 1552 3359 1552 3360 1552 3398 1552 3397 1552 3359 1552 3401 1552 3400 1552 3362 1552 3400 1552 3361 1552 3362 1552 3330 1552 3369 1552 3368 1552 3369 1553 3407 1553 3368 1553 3369 1553 3408 1553 3407 1553 3408 1247 3446 1247 3407 1247 3408 1247 3447 1247 3446 1247 3447 1248 3485 1248 3446 1248 3447 1248 3486 1248 3485 1248 3486 1249 2424 1249 3485 1249 3407 1553 3406 1553 3368 1553 3370 1553 3371 1553 3409 1553 3371 1553 3410 1553 3409 1553 3371 1553 3372 1553 3410 1553 3372 1553 3411 1553 3410 1553 3412 1553 3373 1553 3374 1553 3338 1552 3377 1552 3376 1552 3377 1553 3415 1553 3376 1553 3377 1553 3416 1553 3415 1553 3416 1247 3454 1247 3415 1247 3416 1247 3455 1247 3454 1247 3455 1248 3493 1248 3454 1248 3455 1248 3494 1248 3493 1248 3494 1249 2424 1249 3493 1249 3415 1553 3414 1553 3376 1553 3378 1553 3379 1553 3417 1553 3379 1553 3418 1553 3417 1553 3379 1553 3380 1553 3418 1553 3380 1553 3419 1553 3418 1553 3420 1553 3381 1553 3382 1553 3346 1552 3385 1552 3384 1552 3385 1553 3423 1553 3384 1553 3385 1553 3424 1553 3423 1553 3424 1247 3462 1247 3423 1247 3424 1247 3463 1247 3462 1247 3463 1248 3501 1248 3462 1248 3463 1248 3502 1248 3501 1248 3502 1249 3323 1249 3501 1249 3423 1553 3422 1553 3384 1553 3386 1553 3387 1553 3425 1553 3387 1553 3426 1553 3425 1553 3387 1553 3388 1553 3426 1553 3388 1553 3427 1553 3426 1553 3428 1553 3389 1553 3390 1553 3354 1552 3393 1552 3392 1552 3393 1553 3431 1553 3392 1553 3393 1553 3432 1553 3431 1553 3432 1247 3470 1247 3431 1247 3432 1247 3471 1247 3470 1247 3471 1248 3509 1248 3470 1248 3471 1239 3510 1239 3509 1239 3510 1249 3323 1249 3509 1249 3431 1553 3430 1553 3392 1553 3394 1553 3395 1553 3433 1553 3395 1553 3434 1553 3433 1553 3395 1553 3396 1553 3434 1553 3396 1553 3435 1553 3434 1553 3436 1553 3397 1553 3398 1553 3438 1553 3437 1553 3399 1553 3440 1553 3439 1553 3401 1553 3439 1553 3400 1553 3401 1553 3407 1247 3445 1247 3406 1247 3445 1247 3444 1247 3406 1247 3445 1248 3483 1248 3444 1248 3483 1248 3482 1248 3444 1248 3483 1249 2424 1249 3482 1249 3409 1247 3410 1247 3448 1247 3410 1247 3449 1247 3448 1247 3410 1247 3411 1247 3449 1247 3411 1247 3450 1247 3449 1247 3415 1247 3453 1247 3414 1247 3453 1247 3452 1247 3414 1247 3453 1248 3491 1248 3452 1248 3491 1248 3490 1248 3452 1248 3491 1249 2424 1249 3490 1249 3417 1247 3418 1247 3456 1247 3418 1247 3457 1247 3456 1247 3418 1247 3419 1247 3457 1247 3419 1247 3458 1247 3457 1247 3423 1247 3461 1247 3422 1247 3461 1247 3460 1247 3422 1247 3461 1248 3499 1248 3460 1248 3499 1248 3498 1248 3460 1248 3425 1247 3426 1247 3464 1247 3426 1247 3465 1247 3464 1247 3426 1247 3427 1247 3465 1247 3427 1247 3466 1247 3465 1247 3431 1247 3469 1247 3430 1247 3469 1247 3468 1247 3430 1247 3469 1248 3507 1248 3468 1248 3507 1248 3506 1248 3468 1248 3507 1249 3323 1249 3506 1249 3433 1247 3434 1247 3472 1247 3434 1247 3473 1247 3472 1247 3434 1247 3435 1247 3473 1247 3435 1247 3474 1247 3473 1247 3438 1247 3476 1247 3437 1247 3476 1247 3475 1247 3437 1247 3476 1239 3514 1239 3475 1239 3514 1239 3513 1239 3475 1239 3514 1249 3323 1249 3513 1249 3479 1247 3478 1247 3440 1247 3478 1247 3439 1247 3440 1247 3407 1247 3446 1247 3445 1247 3446 1239 3484 1239 3445 1239 3446 1248 3485 1248 3484 1248 3485 1249 2424 1249 3484 1249 3484 1239 3483 1239 3445 1239 3488 1248 3449 1248 3450 1248 3488 1248 3487 1248 3449 1248 3487 1248 3448 1248 3449 1248 3415 1247 3454 1247 3453 1247 3454 1239 3492 1239 3453 1239 3454 1248 3493 1248 3492 1248 3493 1249 2424 1249 3492 1249 3492 1239 3491 1239 3453 1239 3496 1248 3457 1248 3458 1248 3496 1248 3495 1248 3457 1248 3495 1248 3456 1248 3457 1248 3423 1247 3462 1247 3461 1247 3462 1248 3500 1248 3461 1248 3462 1248 3501 1248 3500 1248 3501 1249 3323 1249 3500 1249 3500 1248 3499 1248 3461 1248 3504 1248 3465 1248 3466 1248 3504 1248 3503 1248 3465 1248 3503 1248 3464 1248 3465 1248 3431 1247 3470 1247 3469 1247 3470 1248 3508 1248 3469 1248 3470 1248 3509 1248 3508 1248 3509 1249 3323 1249 3508 1249 3508 1248 3507 1248 3469 1248 3512 1239 3473 1239 3474 1239 3512 1239 3511 1239 3473 1239 3511 1239 3472 1239 3473 1239 3438 1247 3477 1247 3476 1247 3477 1239 3515 1239 3476 1239 3477 1239 3516 1239 3515 1239 3516 1249 3323 1249 3515 1249 3515 1239 3514 1239 3476 1239 3518 1239 3517 1239 3479 1239 3517 1239 3478 1239 3479 1239 2424 1249 3483 1249 3484 1249 2424 1249 3491 1249 3492 1249 3323 1249 3499 1249 3500 1249 3323 1249 3507 1249 3508 1249 3323 1249 3514 1249 3515 1249 2424 1234 3323 1234 2423 1234 3323 1234 3519 1234 2423 1234 2423 0 3519 0 2422 0 3519 0 3520 0 2422 0 2422 2 3520 2 2421 2 3520 2 3521 2 2421 2 2379 2 3523 2 2378 2 3523 2 3522 2 2378 2 2378 1 3522 1 2377 1 3522 1 3524 1 2377 1 2377 2 3524 2 2376 2 3524 2 3525 2 2376 2 2376 0 3525 0 2375 0 3525 0 3526 0 2375 0 2375 2 3526 2 2374 2 3526 2 3527 2 2374 2 2374 0 3527 0 2373 0 3527 0 3528 0 2373 0 2372 1249 2373 1249 3535 1249 2373 1249 3536 1249 3535 1249 2373 1249 3537 1249 3536 1249 3537 1239 3571 1239 3536 1239 3537 1239 3572 1239 3571 1239 3572 1554 3606 1554 3571 1554 3572 1554 3607 1554 3606 1554 3607 1237 3641 1237 3606 1237 3607 1237 3642 1237 3641 1237 3642 1236 3676 1236 3641 1236 3642 1236 3677 1236 3676 1236 3677 1246 2367 1246 3676 1246 3677 1246 3678 1246 2367 1246 3678 1246 3679 1246 2367 1246 3678 1236 3644 1236 3679 1236 3644 1236 3645 1236 3679 1236 3644 1237 3610 1237 3645 1237 3610 1237 3611 1237 3645 1237 3610 1554 3576 1554 3611 1554 3576 1554 3577 1554 3611 1554 3576 1239 3542 1239 3577 1239 3542 1239 3543 1239 3577 1239 3542 1249 2373 1249 3543 1249 2373 1249 3544 1249 3543 1249 2373 1249 3545 1249 3544 1249 3545 1239 3579 1239 3544 1239 3545 1239 3580 1239 3579 1239 3580 1554 3614 1554 3579 1554 3580 1554 3615 1554 3614 1554 3615 1237 3649 1237 3614 1237 3615 1237 3650 1237 3649 1237 3650 1236 3684 1236 3649 1236 3650 1236 3685 1236 3684 1236 3685 1246 2367 1246 3684 1246 3685 1246 3686 1246 2367 1246 3686 1246 3687 1246 2367 1246 3686 1236 3652 1236 3687 1236 3652 1236 3653 1236 3687 1236 3652 1237 3618 1237 3653 1237 3618 1237 3619 1237 3653 1237 3618 1554 3584 1554 3619 1554 3584 1554 3585 1554 3619 1554 3584 1239 3550 1239 3585 1239 3550 1239 3551 1239 3585 1239 3550 1249 2373 1249 3551 1249 2373 1249 3552 1249 3551 1249 2373 1249 3528 1249 3552 1249 3528 1249 3553 1249 3552 1249 3528 1249 3554 1249 3553 1249 3554 1239 3588 1239 3553 1239 3554 1239 3589 1239 3588 1239 3589 1554 3623 1554 3588 1554 3589 1554 3624 1554 3623 1554 3624 1237 3658 1237 3623 1237 3624 1237 3659 1237 3658 1237 3659 1236 3693 1236 3658 1236 3659 1236 3694 1236 3693 1236 3694 1246 3529 1246 3693 1246 3694 1246 3695 1246 3529 1246 3695 1246 3696 1246 3529 1246 3695 1236 3661 1236 3696 1236 3661 1236 3662 1236 3696 1236 3661 1237 3627 1237 3662 1237 3627 1237 3628 1237 3662 1237 3627 1554 3593 1554 3628 1554 3593 1554 3594 1554 3628 1554 3593 1239 3559 1239 3594 1239 3559 1239 3560 1239 3594 1239 3559 1249 3528 1249 3560 1249 3528 1249 3561 1249 3560 1249 3528 1249 3562 1249 3561 1249 3562 1239 3596 1239 3561 1239 3562 1239 3597 1239 3596 1239 3597 1554 3631 1554 3596 1554 3597 1554 3632 1554 3631 1554 3632 1237 3666 1237 3631 1237 3632 1237 3667 1237 3666 1237 3667 1236 3701 1236 3666 1236 3667 1236 3702 1236 3701 1236 3702 1246 3529 1246 3701 1246 3702 1246 3703 1246 3529 1246 3703 1246 3704 1246 3529 1246 3703 1236 3669 1236 3704 1236 3669 1236 3670 1236 3704 1236 3669 1237 3635 1237 3670 1237 3635 1237 3636 1237 3670 1237 3635 1554 3601 1554 3636 1554 3601 1554 3602 1554 3636 1554 3601 1239 3567 1239 3602 1239 3567 1239 3568 1239 3602 1239 3567 1249 3528 1249 3568 1249 3528 1249 3534 1249 3568 1249 3534 1239 3533 1239 3568 1239 3533 1239 3602 1239 3568 1239 3533 1554 3532 1554 3602 1554 3532 1554 3636 1554 3602 1554 3532 1237 3531 1237 3636 1237 3531 1237 3670 1237 3636 1237 3531 1236 3530 1236 3670 1236 3530 1236 3704 1236 3670 1236 3530 1246 3529 1246 3704 1246 3535 1239 3569 1239 2372 1239 3569 1239 2371 1239 2372 1239 3569 1554 3603 1554 2371 1554 3603 1554 2370 1554 2371 1554 3603 1237 3637 1237 2370 1237 3637 1237 2369 1237 2370 1237 3637 1236 3671 1236 2369 1236 3671 1236 2368 1236 2369 1236 3671 1246 2367 1246 2368 1246 2367 1246 3687 1246 3529 1246 3687 1246 3688 1246 3529 1246 3687 1236 3653 1236 3688 1236 3653 1236 3654 1236 3688 1236 3653 1237 3619 1237 3654 1237 3619 1237 3620 1237 3654 1237 3619 1554 3585 1554 3620 1554 3585 1554 3586 1554 3620 1554 3585 1239 3551 1239 3586 1239 3551 1239 3552 1239 3586 1239 3536 1239 3570 1239 3535 1239 3570 1239 3569 1239 3535 1239 3570 1554 3604 1554 3569 1554 3604 1554 3603 1554 3569 1554 3604 1237 3638 1237 3603 1237 3638 1237 3637 1237 3603 1237 3638 1236 3672 1236 3637 1236 3672 1236 3671 1236 3637 1236 3672 1246 2367 1246 3671 1246 3537 1249 2373 1249 3538 1249 2373 1249 3539 1249 3538 1249 2373 1249 3540 1249 3539 1249 3540 1239 3574 1239 3539 1239 3540 1239 3575 1239 3574 1239 3575 1554 3609 1554 3574 1554 3575 1554 3610 1554 3609 1554 3610 1237 3644 1237 3609 1237 3537 1239 3538 1239 3572 1239 3538 1239 3573 1239 3572 1239 3538 1239 3539 1239 3573 1239 3539 1239 3574 1239 3573 1239 3542 1249 3541 1249 2373 1249 3541 1249 3540 1249 2373 1249 3541 1239 3575 1239 3540 1239 3576 1239 3541 1239 3542 1239 3576 1239 3575 1239 3541 1239 3544 1239 3578 1239 3543 1239 3578 1239 3577 1239 3543 1239 3578 1554 3612 1554 3577 1554 3612 1554 3611 1554 3577 1554 3612 1237 3646 1237 3611 1237 3646 1237 3645 1237 3611 1237 3646 1236 3680 1236 3645 1236 3680 1236 3679 1236 3645 1236 3680 1246 2367 1246 3679 1246 3545 1249 2373 1249 3546 1249 2373 1249 3547 1249 3546 1249 2373 1249 3548 1249 3547 1249 3548 1239 3582 1239 3547 1239 3548 1239 3583 1239 3582 1239 3583 1554 3617 1554 3582 1554 3583 1554 3618 1554 3617 1554 3618 1237 3652 1237 3617 1237 3545 1239 3546 1239 3580 1239 3546 1239 3581 1239 3580 1239 3546 1239 3547 1239 3581 1239 3547 1239 3582 1239 3581 1239 3550 1249 3549 1249 2373 1249 3549 1249 3548 1249 2373 1249 3549 1239 3583 1239 3548 1239 3584 1239 3549 1239 3550 1239 3584 1239 3583 1239 3549 1239 3553 1239 3587 1239 3552 1239 3587 1239 3586 1239 3552 1239 3587 1554 3621 1554 3586 1554 3621 1554 3620 1554 3586 1554 3621 1237 3655 1237 3620 1237 3655 1237 3654 1237 3620 1237 3655 1236 3689 1236 3654 1236 3689 1236 3688 1236 3654 1236 3689 1246 3529 1246 3688 1246 3554 1249 3528 1249 3555 1249 3528 1249 3556 1249 3555 1249 3528 1249 3557 1249 3556 1249 3557 1239 3591 1239 3556 1239 3557 1239 3592 1239 3591 1239 3592 1554 3626 1554 3591 1554 3592 1554 3627 1554 3626 1554 3627 1237 3661 1237 3626 1237 3554 1239 3555 1239 3589 1239 3555 1239 3590 1239 3589 1239 3555 1239 3556 1239 3590 1239 3556 1239 3591 1239 3590 1239 3559 1249 3558 1249 3528 1249 3558 1249 3557 1249 3528 1249 3558 1239 3592 1239 3557 1239 3593 1239 3558 1239 3559 1239 3593 1239 3592 1239 3558 1239 3561 1239 3595 1239 3560 1239 3595 1239 3594 1239 3560 1239 3595 1554 3629 1554 3594 1554 3629 1554 3628 1554 3594 1554 3629 1237 3663 1237 3628 1237 3663 1237 3662 1237 3628 1237 3663 1236 3697 1236 3662 1236 3697 1236 3696 1236 3662 1236 3697 1246 3529 1246 3696 1246 3562 1249 3528 1249 3563 1249 3528 1249 3564 1249 3563 1249 3528 1249 3565 1249 3564 1249 3565 1239 3599 1239 3564 1239 3565 1239 3600 1239 3599 1239 3600 1554 3634 1554 3599 1554 3600 1554 3635 1554 3634 1554 3635 1237 3669 1237 3634 1237 3562 1239 3563 1239 3597 1239 3563 1239 3598 1239 3597 1239 3563 1239 3564 1239 3598 1239 3564 1239 3599 1239 3598 1239 3567 1249 3566 1249 3528 1249 3566 1249 3565 1249 3528 1249 3566 1239 3600 1239 3565 1239 3601 1239 3566 1239 3567 1239 3601 1239 3600 1239 3566 1239 3536 1239 3571 1239 3570 1239 3571 1554 3605 1554 3570 1554 3571 1554 3606 1554 3605 1554 3606 1237 3640 1237 3605 1237 3606 1237 3641 1237 3640 1237 3641 1236 3675 1236 3640 1236 3641 1236 3676 1236 3675 1236 3676 1246 2367 1246 3675 1246 3605 1554 3604 1554 3570 1554 3572 1554 3573 1554 3607 1554 3573 1554 3608 1554 3607 1554 3573 1554 3574 1554 3608 1554 3574 1554 3609 1554 3608 1554 3610 1554 3575 1554 3576 1554 3544 1239 3579 1239 3578 1239 3579 1554 3613 1554 3578 1554 3579 1554 3614 1554 3613 1554 3614 1237 3648 1237 3613 1237 3614 1237 3649 1237 3648 1237 3649 1236 3683 1236 3648 1236 3649 1236 3684 1236 3683 1236 3684 1246 2367 1246 3683 1246 3613 1554 3612 1554 3578 1554 3580 1554 3581 1554 3615 1554 3581 1554 3616 1554 3615 1554 3581 1554 3582 1554 3616 1554 3582 1554 3617 1554 3616 1554 3618 1554 3583 1554 3584 1554 3553 1239 3588 1239 3587 1239 3588 1554 3622 1554 3587 1554 3588 1554 3623 1554 3622 1554 3623 1237 3657 1237 3622 1237 3623 1237 3658 1237 3657 1237 3658 1236 3692 1236 3657 1236 3658 1236 3693 1236 3692 1236 3693 1246 3529 1246 3692 1246 3622 1554 3621 1554 3587 1554 3589 1554 3590 1554 3624 1554 3590 1554 3625 1554 3624 1554 3590 1554 3591 1554 3625 1554 3591 1554 3626 1554 3625 1554 3627 1554 3592 1554 3593 1554 3561 1239 3596 1239 3595 1239 3596 1554 3630 1554 3595 1554 3596 1554 3631 1554 3630 1554 3631 1237 3665 1237 3630 1237 3631 1237 3666 1237 3665 1237 3666 1236 3700 1236 3665 1236 3666 1236 3701 1236 3700 1236 3701 1246 3529 1246 3700 1246 3630 1554 3629 1554 3595 1554 3597 1554 3598 1554 3632 1554 3598 1554 3633 1554 3632 1554 3598 1554 3599 1554 3633 1554 3599 1554 3634 1554 3633 1554 3635 1554 3600 1554 3601 1554 3605 1237 3639 1237 3604 1237 3639 1237 3638 1237 3604 1237 3639 1236 3673 1236 3638 1236 3673 1236 3672 1236 3638 1236 3673 1246 2367 1246 3672 1246 3607 1237 3608 1237 3642 1237 3608 1237 3643 1237 3642 1237 3608 1237 3609 1237 3643 1237 3609 1237 3644 1237 3643 1237 3613 1237 3647 1237 3612 1237 3647 1237 3646 1237 3612 1237 3647 1236 3681 1236 3646 1236 3681 1236 3680 1236 3646 1236 3681 1246 2367 1246 3680 1246 3615 1237 3616 1237 3650 1237 3616 1237 3651 1237 3650 1237 3616 1237 3617 1237 3651 1237 3617 1237 3652 1237 3651 1237 3622 1237 3656 1237 3621 1237 3656 1237 3655 1237 3621 1237 3656 1236 3690 1236 3655 1236 3690 1236 3689 1236 3655 1236 3690 1246 3529 1246 3689 1246 3624 1237 3625 1237 3659 1237 3625 1237 3660 1237 3659 1237 3625 1237 3626 1237 3660 1237 3626 1237 3661 1237 3660 1237 3630 1237 3664 1237 3629 1237 3664 1237 3663 1237 3629 1237 3664 1236 3698 1236 3663 1236 3698 1236 3697 1236 3663 1236 3698 1246 3529 1246 3697 1246 3632 1237 3633 1237 3667 1237 3633 1237 3668 1237 3667 1237 3633 1237 3634 1237 3668 1237 3634 1237 3669 1237 3668 1237 3605 1237 3640 1237 3639 1237 3640 1236 3674 1236 3639 1236 3640 1236 3675 1236 3674 1236 3675 1246 2367 1246 3674 1246 3674 1236 3673 1236 3639 1236 3678 1236 3643 1236 3644 1236 3678 1236 3677 1236 3643 1236 3677 1236 3642 1236 3643 1236 3613 1237 3648 1237 3647 1237 3648 1236 3682 1236 3647 1236 3648 1236 3683 1236 3682 1236 3683 1246 2367 1246 3682 1246 3682 1236 3681 1236 3647 1236 3686 1236 3651 1236 3652 1236 3686 1236 3685 1236 3651 1236 3685 1236 3650 1236 3651 1236 3622 1237 3657 1237 3656 1237 3657 1236 3691 1236 3656 1236 3657 1236 3692 1236 3691 1236 3692 1246 3529 1246 3691 1246 3691 1236 3690 1236 3656 1236 3695 1236 3660 1236 3661 1236 3695 1236 3694 1236 3660 1236 3694 1236 3659 1236 3660 1236 3630 1237 3665 1237 3664 1237 3665 1236 3699 1236 3664 1236 3665 1236 3700 1236 3699 1236 3700 1246 3529 1246 3699 1246 3699 1236 3698 1236 3664 1236 3703 1236 3668 1236 3669 1236 3703 1236 3702 1236 3668 1236 3702 1236 3667 1236 3668 1236 2367 1246 3673 1246 3674 1246 2367 1246 3681 1246 3682 1246 3529 1246 3690 1246 3691 1246 3529 1246 3698 1246 3699 1246 2367 1234 3529 1234 2366 1234 3529 1234 3705 1234 2366 1234 2366 1 3705 1 2365 1 3705 1 3706 1 2365 1 2365 1234 3706 1234 2364 1234 3706 1234 3707 1234 2364 1234 2364 1 3707 1 2363 1 3707 1 3708 1 2363 1 2363 2 3708 2 2362 2 3708 2 3709 2 2362 2 2362 1 3709 1 2361 1 3709 1 3710 1 2361 1 2361 1555 3710 1555 2360 1555 3710 1555 3711 1555 2360 1555 2360 1234 3711 1234 2359 1234 3711 1234 3712 1234 2359 1234 2359 1556 3712 1556 2358 1556 3712 1556 3713 1556 2358 1556 2358 0 3713 0 2357 0 3713 0 3714 0 2357 0 2357 2 3714 2 2356 2 3714 2 3715 2 2356 2 2356 0 3715 0 2355 0 3715 0 3716 0 2355 0 2355 1234 3716 1234 2354 1234 3716 1234 3717 1234 2354 1234 2354 0 3717 0 2353 0 3717 0 3718 0 2353 0 2353 1234 3718 1234 2352 1234 3718 1234 3719 1234 2352 1234 2351 1245 2352 1245 3726 1245 2352 1245 3727 1245 3726 1245 2352 1245 3728 1245 3727 1245 3728 1232 3762 1232 3727 1232 3728 1232 3763 1232 3762 1232 3763 1231 3797 1231 3762 1231 3763 1231 3798 1231 3797 1231 3798 1230 3832 1230 3797 1230 3798 1230 3833 1230 3832 1230 3833 1229 3867 1229 3832 1229 3833 1229 3868 1229 3867 1229 3868 1228 2346 1228 3867 1228 3868 1228 3869 1228 2346 1228 3869 1228 3870 1228 2346 1228 3869 1229 3835 1229 3870 1229 3835 1229 3836 1229 3870 1229 3835 1230 3801 1230 3836 1230 3801 1230 3802 1230 3836 1230 3801 1231 3767 1231 3802 1231 3767 1231 3768 1231 3802 1231 3767 1232 3733 1232 3768 1232 3733 1232 3734 1232 3768 1232 3733 1245 2352 1245 3734 1245 2352 1245 3735 1245 3734 1245 2352 1245 3736 1245 3735 1245 3736 1232 3770 1232 3735 1232 3736 1232 3771 1232 3770 1232 3771 1231 3805 1231 3770 1231 3771 1231 3806 1231 3805 1231 3806 1230 3840 1230 3805 1230 3806 1230 3841 1230 3840 1230 3841 1229 3875 1229 3840 1229 3841 1229 3876 1229 3875 1229 3876 1228 2346 1228 3875 1228 3876 1228 3877 1228 2346 1228 3877 1228 3878 1228 2346 1228 3877 1229 3843 1229 3878 1229 3843 1229 3844 1229 3878 1229 3843 1230 3809 1230 3844 1230 3809 1230 3810 1230 3844 1230 3809 1231 3775 1231 3810 1231 3775 1231 3776 1231 3810 1231 3775 1232 3741 1232 3776 1232 3741 1232 3742 1232 3776 1232 3741 1245 2352 1245 3742 1245 2352 1245 3743 1245 3742 1245 2352 1245 3719 1245 3743 1245 3719 1245 3744 1245 3743 1245 3719 1245 3745 1245 3744 1245 3745 1232 3779 1232 3744 1232 3745 1232 3780 1232 3779 1232 3780 1231 3814 1231 3779 1231 3780 1231 3815 1231 3814 1231 3815 1230 3849 1230 3814 1230 3815 1230 3850 1230 3849 1230 3850 1229 3884 1229 3849 1229 3850 1229 3885 1229 3884 1229 3885 1228 3720 1228 3884 1228 3885 1228 3886 1228 3720 1228 3886 1228 3887 1228 3720 1228 3886 1229 3852 1229 3887 1229 3852 1229 3853 1229 3887 1229 3852 1230 3818 1230 3853 1230 3818 1230 3819 1230 3853 1230 3818 1231 3784 1231 3819 1231 3784 1231 3785 1231 3819 1231 3784 1232 3750 1232 3785 1232 3750 1232 3751 1232 3785 1232 3750 1245 3719 1245 3751 1245 3719 1245 3752 1245 3751 1245 3719 1245 3753 1245 3752 1245 3753 1232 3787 1232 3752 1232 3753 1232 3788 1232 3787 1232 3788 1231 3822 1231 3787 1231 3788 1231 3823 1231 3822 1231 3823 1230 3857 1230 3822 1230 3823 1230 3858 1230 3857 1230 3858 1229 3892 1229 3857 1229 3858 1229 3893 1229 3892 1229 3893 1228 3720 1228 3892 1228 3893 1228 3894 1228 3720 1228 3894 1228 3895 1228 3720 1228 3894 1229 3860 1229 3895 1229 3860 1229 3861 1229 3895 1229 3860 1230 3826 1230 3861 1230 3826 1230 3827 1230 3861 1230 3826 1231 3792 1231 3827 1231 3792 1231 3793 1231 3827 1231 3792 1232 3758 1232 3793 1232 3758 1232 3759 1232 3793 1232 3758 1245 3719 1245 3759 1245 3719 1245 3725 1245 3759 1245 3725 1232 3724 1232 3759 1232 3724 1232 3793 1232 3759 1232 3724 1231 3723 1231 3793 1231 3723 1231 3827 1231 3793 1231 3723 1230 3722 1230 3827 1230 3722 1230 3861 1230 3827 1230 3722 1229 3721 1229 3861 1229 3721 1229 3895 1229 3861 1229 3721 1228 3720 1228 3895 1228 3726 1232 3760 1232 2351 1232 3760 1232 2350 1232 2351 1232 3760 1231 3794 1231 2350 1231 3794 1231 2349 1231 2350 1231 3794 1230 3828 1230 2349 1230 3828 1230 2348 1230 2349 1230 3828 1229 3862 1229 2348 1229 3862 1229 2347 1229 2348 1229 3862 1228 2346 1228 2347 1228 2346 1228 3878 1228 3720 1228 3878 1228 3879 1228 3720 1228 3878 1229 3844 1229 3879 1229 3844 1229 3845 1229 3879 1229 3844 1230 3810 1230 3845 1230 3810 1230 3811 1230 3845 1230 3810 1231 3776 1231 3811 1231 3776 1231 3777 1231 3811 1231 3776 1232 3742 1232 3777 1232 3742 1232 3743 1232 3777 1232 3727 1232 3761 1232 3726 1232 3761 1232 3760 1232 3726 1232 3761 1231 3795 1231 3760 1231 3795 1231 3794 1231 3760 1231 3795 1230 3829 1230 3794 1230 3829 1230 3828 1230 3794 1230 3829 1229 3863 1229 3828 1229 3863 1229 3862 1229 3828 1229 3863 1228 2346 1228 3862 1228 3728 1245 2352 1245 3729 1245 2352 1245 3730 1245 3729 1245 2352 1245 3731 1245 3730 1245 3731 1232 3765 1232 3730 1232 3731 1232 3766 1232 3765 1232 3766 1231 3800 1231 3765 1231 3766 1231 3801 1231 3800 1231 3801 1230 3835 1230 3800 1230 3728 1232 3729 1232 3763 1232 3729 1232 3764 1232 3763 1232 3729 1232 3730 1232 3764 1232 3730 1232 3765 1232 3764 1232 3733 1245 3732 1245 2352 1245 3732 1245 3731 1245 2352 1245 3732 1232 3766 1232 3731 1232 3767 1232 3732 1232 3733 1232 3767 1232 3766 1232 3732 1232 3735 1232 3769 1232 3734 1232 3769 1232 3768 1232 3734 1232 3769 1231 3803 1231 3768 1231 3803 1231 3802 1231 3768 1231 3803 1230 3837 1230 3802 1230 3837 1230 3836 1230 3802 1230 3837 1229 3871 1229 3836 1229 3871 1229 3870 1229 3836 1229 3871 1228 2346 1228 3870 1228 3736 1245 2352 1245 3737 1245 2352 1245 3738 1245 3737 1245 2352 1245 3739 1245 3738 1245 3739 1232 3773 1232 3738 1232 3739 1232 3774 1232 3773 1232 3774 1231 3808 1231 3773 1231 3774 1231 3809 1231 3808 1231 3809 1230 3843 1230 3808 1230 3736 1232 3737 1232 3771 1232 3737 1232 3772 1232 3771 1232 3737 1232 3738 1232 3772 1232 3738 1232 3773 1232 3772 1232 3741 1245 3740 1245 2352 1245 3740 1245 3739 1245 2352 1245 3740 1232 3774 1232 3739 1232 3775 1232 3740 1232 3741 1232 3775 1232 3774 1232 3740 1232 3744 1232 3778 1232 3743 1232 3778 1232 3777 1232 3743 1232 3778 1231 3812 1231 3777 1231 3812 1231 3811 1231 3777 1231 3812 1230 3846 1230 3811 1230 3846 1230 3845 1230 3811 1230 3846 1229 3880 1229 3845 1229 3880 1229 3879 1229 3845 1229 3880 1228 3720 1228 3879 1228 3745 1245 3719 1245 3746 1245 3719 1245 3747 1245 3746 1245 3719 1245 3748 1245 3747 1245 3748 1232 3782 1232 3747 1232 3748 1232 3783 1232 3782 1232 3783 1231 3817 1231 3782 1231 3783 1231 3818 1231 3817 1231 3818 1230 3852 1230 3817 1230 3745 1232 3746 1232 3780 1232 3746 1232 3781 1232 3780 1232 3746 1232 3747 1232 3781 1232 3747 1232 3782 1232 3781 1232 3750 1245 3749 1245 3719 1245 3749 1245 3748 1245 3719 1245 3749 1232 3783 1232 3748 1232 3784 1232 3749 1232 3750 1232 3784 1232 3783 1232 3749 1232 3752 1232 3786 1232 3751 1232 3786 1232 3785 1232 3751 1232 3786 1231 3820 1231 3785 1231 3820 1231 3819 1231 3785 1231 3820 1230 3854 1230 3819 1230 3854 1230 3853 1230 3819 1230 3854 1229 3888 1229 3853 1229 3888 1229 3887 1229 3853 1229 3888 1228 3720 1228 3887 1228 3753 1245 3719 1245 3754 1245 3719 1245 3755 1245 3754 1245 3719 1245 3756 1245 3755 1245 3756 1232 3790 1232 3755 1232 3756 1232 3791 1232 3790 1232 3791 1231 3825 1231 3790 1231 3791 1231 3826 1231 3825 1231 3826 1230 3860 1230 3825 1230 3753 1232 3754 1232 3788 1232 3754 1232 3789 1232 3788 1232 3754 1232 3755 1232 3789 1232 3755 1232 3790 1232 3789 1232 3758 1245 3757 1245 3719 1245 3757 1245 3756 1245 3719 1245 3757 1232 3791 1232 3756 1232 3792 1232 3757 1232 3758 1232 3792 1232 3791 1232 3757 1232 3727 1232 3762 1232 3761 1232 3762 1231 3796 1231 3761 1231 3762 1231 3797 1231 3796 1231 3797 1230 3831 1230 3796 1230 3797 1230 3832 1230 3831 1230 3832 1229 3866 1229 3831 1229 3832 1229 3867 1229 3866 1229 3867 1228 2346 1228 3866 1228 3796 1231 3795 1231 3761 1231 3763 1231 3764 1231 3798 1231 3764 1231 3799 1231 3798 1231 3764 1231 3765 1231 3799 1231 3765 1231 3800 1231 3799 1231 3801 1231 3766 1231 3767 1231 3735 1232 3770 1232 3769 1232 3770 1231 3804 1231 3769 1231 3770 1231 3805 1231 3804 1231 3805 1230 3839 1230 3804 1230 3805 1230 3840 1230 3839 1230 3840 1229 3874 1229 3839 1229 3840 1229 3875 1229 3874 1229 3875 1228 2346 1228 3874 1228 3804 1231 3803 1231 3769 1231 3771 1231 3772 1231 3806 1231 3772 1231 3807 1231 3806 1231 3772 1231 3773 1231 3807 1231 3773 1231 3808 1231 3807 1231 3809 1231 3774 1231 3775 1231 3744 1232 3779 1232 3778 1232 3779 1231 3813 1231 3778 1231 3779 1231 3814 1231 3813 1231 3814 1230 3848 1230 3813 1230 3814 1230 3849 1230 3848 1230 3849 1229 3883 1229 3848 1229 3849 1229 3884 1229 3883 1229 3884 1228 3720 1228 3883 1228 3813 1231 3812 1231 3778 1231 3780 1231 3781 1231 3815 1231 3781 1231 3816 1231 3815 1231 3781 1231 3782 1231 3816 1231 3782 1231 3817 1231 3816 1231 3818 1231 3783 1231 3784 1231 3752 1232 3787 1232 3786 1232 3787 1231 3821 1231 3786 1231 3787 1231 3822 1231 3821 1231 3822 1230 3856 1230 3821 1230 3822 1230 3857 1230 3856 1230 3857 1229 3891 1229 3856 1229 3857 1229 3892 1229 3891 1229 3892 1228 3720 1228 3891 1228 3821 1231 3820 1231 3786 1231 3788 1231 3789 1231 3823 1231 3789 1231 3824 1231 3823 1231 3789 1231 3790 1231 3824 1231 3790 1231 3825 1231 3824 1231 3826 1231 3791 1231 3792 1231 3796 1230 3830 1230 3795 1230 3830 1230 3829 1230 3795 1230 3830 1229 3864 1229 3829 1229 3864 1229 3863 1229 3829 1229 3864 1228 2346 1228 3863 1228 3798 1230 3799 1230 3833 1230 3799 1230 3834 1230 3833 1230 3799 1230 3800 1230 3834 1230 3800 1230 3835 1230 3834 1230 3804 1230 3838 1230 3803 1230 3838 1230 3837 1230 3803 1230 3838 1229 3872 1229 3837 1229 3872 1229 3871 1229 3837 1229 3872 1228 2346 1228 3871 1228 3806 1230 3807 1230 3841 1230 3807 1230 3842 1230 3841 1230 3807 1230 3808 1230 3842 1230 3808 1230 3843 1230 3842 1230 3813 1230 3847 1230 3812 1230 3847 1230 3846 1230 3812 1230 3847 1229 3881 1229 3846 1229 3881 1229 3880 1229 3846 1229 3881 1228 3720 1228 3880 1228 3815 1230 3816 1230 3850 1230 3816 1230 3851 1230 3850 1230 3816 1230 3817 1230 3851 1230 3817 1230 3852 1230 3851 1230 3821 1230 3855 1230 3820 1230 3855 1230 3854 1230 3820 1230 3855 1229 3889 1229 3854 1229 3889 1229 3888 1229 3854 1229 3889 1228 3720 1228 3888 1228 3823 1230 3824 1230 3858 1230 3824 1230 3859 1230 3858 1230 3824 1230 3825 1230 3859 1230 3825 1230 3860 1230 3859 1230 3796 1230 3831 1230 3830 1230 3831 1229 3865 1229 3830 1229 3831 1229 3866 1229 3865 1229 3866 1228 2346 1228 3865 1228 3865 1229 3864 1229 3830 1229 3869 1229 3834 1229 3835 1229 3869 1229 3868 1229 3834 1229 3868 1229 3833 1229 3834 1229 3804 1230 3839 1230 3838 1230 3839 1229 3873 1229 3838 1229 3839 1229 3874 1229 3873 1229 3874 1228 2346 1228 3873 1228 3873 1229 3872 1229 3838 1229 3877 1229 3842 1229 3843 1229 3877 1229 3876 1229 3842 1229 3876 1229 3841 1229 3842 1229 3813 1230 3848 1230 3847 1230 3848 1229 3882 1229 3847 1229 3848 1229 3883 1229 3882 1229 3883 1228 3720 1228 3882 1228 3882 1229 3881 1229 3847 1229 3886 1229 3851 1229 3852 1229 3886 1229 3885 1229 3851 1229 3885 1229 3850 1229 3851 1229 3821 1230 3856 1230 3855 1230 3856 1229 3890 1229 3855 1229 3856 1229 3891 1229 3890 1229 3891 1228 3720 1228 3890 1228 3890 1229 3889 1229 3855 1229 3894 1229 3859 1229 3860 1229 3894 1229 3893 1229 3859 1229 3893 1229 3858 1229 3859 1229 2346 1228 3864 1228 3865 1228 2346 1228 3872 1228 3873 1228 3720 1228 3881 1228 3882 1228 3720 1228 3889 1228 3890 1228 2346 1 3720 1 2345 1 3720 1 3896 1 2345 1 2345 2 3896 2 2344 2 3896 2 3897 2 2344 2 2344 1 3897 1 2343 1 3897 1 3898 1 2343 1 2343 2 3898 2 2342 2 3898 2 3899 2 2342 2 2342 0 3899 0 2341 0 3899 0 3900 0 2341 0 2341 2 3900 2 2340 2 3900 2 3901 2 2340 2 2340 1557 3901 1557 2339 1557 3901 1557 3902 1557 2339 1557 2339 1 3902 1 2338 1 3902 1 3903 1 2338 1 2338 1555 3903 1555 2337 1555 3903 1555 3904 1555 2337 1555 2527 2 3906 2 2526 2 3906 2 3905 2 2526 2 2526 1558 3905 1558 2525 1558 3905 1558 2545 1558 2525 1558 2535 0 3908 0 2534 0 3908 0 3907 0 2534 0 2540 1559 2509 1559 3913 1559 2509 1559 3914 1559 3913 1559 2509 1559 3915 1559 3914 1559 3915 1560 3941 1560 3914 1560 3915 1560 3942 1560 3941 1560 3942 1561 3968 1561 3941 1561 3942 1561 3969 1561 3968 1561 3969 1562 2537 1562 3968 1562 3969 1562 3970 1562 2537 1562 3970 1562 3971 1562 2537 1562 3970 1561 3944 1561 3971 1561 3944 1561 3945 1561 3971 1561 3944 1560 3918 1560 3945 1560 3918 1560 3919 1560 3945 1560 3918 1559 2509 1559 3919 1559 2509 1559 3920 1559 3919 1559 2509 1559 3921 1559 3920 1559 3921 1560 3947 1560 3920 1560 3921 1560 3948 1560 3947 1560 3948 1561 3974 1561 3947 1561 3948 1561 3975 1561 3974 1561 3975 1562 2537 1562 3974 1562 3975 1562 3976 1562 2537 1562 3976 1562 3977 1562 2537 1562 3976 1561 3950 1561 3977 1561 3950 1561 3951 1561 3977 1561 3950 1560 3924 1560 3951 1560 3924 1560 3925 1560 3951 1560 3924 1559 2509 1559 3925 1559 2509 1559 3926 1559 3925 1559 2509 1559 2713 1559 3926 1559 2713 1559 3927 1559 3926 1559 2713 1559 3928 1559 3927 1559 3928 1560 3954 1560 3927 1560 3928 1560 3955 1560 3954 1560 3955 1561 3981 1561 3954 1561 3955 1561 3982 1561 3981 1561 3982 1562 3909 1562 3981 1562 3982 1562 3983 1562 3909 1562 3983 1562 3984 1562 3909 1562 3983 1561 3957 1561 3984 1561 3957 1561 3958 1561 3984 1561 3957 1560 3931 1560 3958 1560 3931 1560 3932 1560 3958 1560 3931 1559 2713 1559 3932 1559 2713 1559 3933 1559 3932 1559 2713 1559 3934 1559 3933 1559 3934 1560 3960 1560 3933 1560 3934 1560 3961 1560 3960 1560 3961 1561 3987 1561 3960 1561 3961 1561 3988 1561 3987 1561 3988 1562 3909 1562 3987 1562 3988 1562 3989 1562 3909 1562 3989 1562 3990 1562 3909 1562 3989 1561 3963 1561 3990 1561 3963 1561 3964 1561 3990 1561 3963 1560 3937 1560 3964 1560 3937 1560 3938 1560 3964 1560 3937 1559 2713 1559 3938 1559 2713 1559 3912 1559 3938 1559 3912 1560 3911 1560 3938 1560 3911 1560 3964 1560 3938 1560 3911 1561 3910 1561 3964 1561 3910 1561 3990 1561 3964 1561 3910 1562 3909 1562 3990 1562 3913 1560 3939 1560 2540 1560 3939 1560 2539 1560 2540 1560 3939 1561 3965 1561 2539 1561 3965 1561 2538 1561 2539 1561 3965 1562 2537 1562 2538 1562 2537 1562 3977 1562 3909 1562 3977 1562 3978 1562 3909 1562 3977 1561 3951 1561 3978 1561 3951 1561 3952 1561 3978 1561 3951 1560 3925 1560 3952 1560 3925 1560 3926 1560 3952 1560 3914 1560 3940 1560 3913 1560 3940 1560 3939 1560 3913 1560 3940 1561 3966 1561 3939 1561 3966 1561 3965 1561 3939 1561 3966 1562 2537 1562 3965 1562 3915 1559 2509 1559 3916 1559 2509 1559 3917 1559 3916 1559 2509 1559 3918 1559 3917 1559 3918 1560 3944 1560 3917 1560 3915 1560 3916 1560 3942 1560 3916 1560 3943 1560 3942 1560 3916 1560 3917 1560 3943 1560 3917 1560 3944 1560 3943 1560 3920 1560 3946 1560 3919 1560 3946 1560 3945 1560 3919 1560 3946 1561 3972 1561 3945 1561 3972 1561 3971 1561 3945 1561 3972 1562 2537 1562 3971 1562 3921 1559 2509 1559 3922 1559 2509 1559 3923 1559 3922 1559 2509 1559 3924 1559 3923 1559 3924 1560 3950 1560 3923 1560 3921 1560 3922 1560 3948 1560 3922 1560 3949 1560 3948 1560 3922 1560 3923 1560 3949 1560 3923 1560 3950 1560 3949 1560 3927 1560 3953 1560 3926 1560 3953 1560 3952 1560 3926 1560 3953 1561 3979 1561 3952 1561 3979 1561 3978 1561 3952 1561 3979 1562 3909 1562 3978 1562 3928 1559 2713 1559 3929 1559 2713 1559 3930 1559 3929 1559 2713 1559 3931 1559 3930 1559 3931 1560 3957 1560 3930 1560 3928 1560 3929 1560 3955 1560 3929 1560 3956 1560 3955 1560 3929 1560 3930 1560 3956 1560 3930 1560 3957 1560 3956 1560 3933 1560 3959 1560 3932 1560 3959 1560 3958 1560 3932 1560 3959 1561 3985 1561 3958 1561 3985 1561 3984 1561 3958 1561 3985 1562 3909 1562 3984 1562 3934 1559 2713 1559 3935 1559 2713 1559 3936 1559 3935 1559 2713 1559 3937 1559 3936 1559 3937 1560 3963 1560 3936 1560 3934 1560 3935 1560 3961 1560 3935 1560 3962 1560 3961 1560 3935 1560 3936 1560 3962 1560 3936 1560 3963 1560 3962 1560 3914 1560 3941 1560 3940 1560 3941 1561 3967 1561 3940 1561 3941 1561 3968 1561 3967 1561 3968 1562 2537 1562 3967 1562 3967 1561 3966 1561 3940 1561 3970 1561 3943 1561 3944 1561 3970 1561 3969 1561 3943 1561 3969 1561 3942 1561 3943 1561 3920 1560 3947 1560 3946 1560 3947 1561 3973 1561 3946 1561 3947 1561 3974 1561 3973 1561 3974 1562 2537 1562 3973 1562 3973 1561 3972 1561 3946 1561 3976 1561 3949 1561 3950 1561 3976 1561 3975 1561 3949 1561 3975 1561 3948 1561 3949 1561 3927 1560 3954 1560 3953 1560 3954 1561 3980 1561 3953 1561 3954 1561 3981 1561 3980 1561 3981 1562 3909 1562 3980 1562 3980 1561 3979 1561 3953 1561 3983 1561 3956 1561 3957 1561 3983 1561 3982 1561 3956 1561 3982 1561 3955 1561 3956 1561 3933 1560 3960 1560 3959 1560 3960 1561 3986 1561 3959 1561 3960 1561 3987 1561 3986 1561 3987 1562 3909 1562 3986 1562 3986 1561 3985 1561 3959 1561 3989 1561 3962 1561 3963 1561 3989 1561 3988 1561 3962 1561 3988 1561 3961 1561 3962 1561 2537 1562 3966 1562 3967 1562 2537 1562 3972 1562 3973 1562 3909 1562 3979 1562 3980 1562 3909 1562 3985 1562 3986 1562 2534 1563 3907 1563 2533 1563 3907 1563 3991 1563 2533 1563 2532 1564 2533 1564 3996 1564 2533 1564 3997 1564 3996 1564 2533 1564 3998 1564 3997 1564 3998 1565 4024 1565 3997 1565 3998 1565 4025 1565 4024 1565 4025 1566 4051 1566 4024 1566 4025 1566 4052 1566 4051 1566 4052 1567 2529 1567 4051 1567 4052 1567 4053 1567 2529 1567 4053 1567 4054 1567 2529 1567 4053 1566 4027 1566 4054 1566 4027 1566 4028 1566 4054 1566 4027 1565 4001 1565 4028 1565 4001 1565 4002 1565 4028 1565 4001 1564 2533 1564 4002 1564 2533 1564 4003 1564 4002 1564 2533 1564 4004 1564 4003 1564 4004 1565 4030 1565 4003 1565 4004 1565 4031 1565 4030 1565 4031 1566 4057 1566 4030 1566 4031 1566 4058 1566 4057 1566 4058 1567 2529 1567 4057 1567 4058 1567 4059 1567 2529 1567 4059 1567 4060 1567 2529 1567 4059 1566 4033 1566 4060 1566 4033 1566 4034 1566 4060 1566 4033 1565 4007 1565 4034 1565 4007 1565 4008 1565 4034 1565 4007 1564 2533 1564 4008 1564 2533 1564 4009 1564 4008 1564 2533 1564 3991 1564 4009 1564 3991 1564 4010 1564 4009 1564 3991 1564 4011 1564 4010 1564 4011 1565 4037 1565 4010 1565 4011 1565 4038 1565 4037 1565 4038 1566 4064 1566 4037 1566 4038 1566 4065 1566 4064 1566 4065 1567 3992 1567 4064 1567 4065 1567 4066 1567 3992 1567 4066 1567 4067 1567 3992 1567 4066 1566 4040 1566 4067 1566 4040 1566 4041 1566 4067 1566 4040 1565 4014 1565 4041 1565 4014 1565 4015 1565 4041 1565 4014 1564 3991 1564 4015 1564 3991 1564 4016 1564 4015 1564 3991 1564 4017 1564 4016 1564 4017 1565 4043 1565 4016 1565 4017 1565 4044 1565 4043 1565 4044 1566 4070 1566 4043 1566 4044 1566 4071 1566 4070 1566 4071 1567 3992 1567 4070 1567 4071 1567 4072 1567 3992 1567 4072 1567 4073 1567 3992 1567 4072 1566 4046 1566 4073 1566 4046 1566 4047 1566 4073 1566 4046 1565 4020 1565 4047 1565 4020 1565 4021 1565 4047 1565 4020 1564 3991 1564 4021 1564 3991 1564 3995 1564 4021 1564 3995 1565 3994 1565 4021 1565 3994 1565 4047 1565 4021 1565 3994 1566 3993 1566 4047 1566 3993 1566 4073 1566 4047 1566 3993 1567 3992 1567 4073 1567 3996 1565 4022 1565 2532 1565 4022 1565 2531 1565 2532 1565 4022 1566 4048 1566 2531 1566 4048 1566 2530 1566 2531 1566 4048 1567 2529 1567 2530 1567 2529 1567 4060 1567 3992 1567 4060 1567 4061 1567 3992 1567 4060 1566 4034 1566 4061 1566 4034 1566 4035 1566 4061 1566 4034 1565 4008 1565 4035 1565 4008 1565 4009 1565 4035 1565 3997 1565 4023 1565 3996 1565 4023 1565 4022 1565 3996 1565 4023 1566 4049 1566 4022 1566 4049 1566 4048 1566 4022 1566 4049 1567 2529 1567 4048 1567 3998 1564 2533 1564 3999 1564 2533 1564 4000 1564 3999 1564 2533 1564 4001 1564 4000 1564 4001 1565 4027 1565 4000 1565 3998 1565 3999 1565 4025 1565 3999 1565 4026 1565 4025 1565 3999 1565 4000 1565 4026 1565 4000 1565 4027 1565 4026 1565 4003 1565 4029 1565 4002 1565 4029 1565 4028 1565 4002 1565 4029 1566 4055 1566 4028 1566 4055 1566 4054 1566 4028 1566 4055 1567 2529 1567 4054 1567 4004 1564 2533 1564 4005 1564 2533 1564 4006 1564 4005 1564 2533 1564 4007 1564 4006 1564 4007 1565 4033 1565 4006 1565 4004 1565 4005 1565 4031 1565 4005 1565 4032 1565 4031 1565 4005 1565 4006 1565 4032 1565 4006 1565 4033 1565 4032 1565 4010 1565 4036 1565 4009 1565 4036 1565 4035 1565 4009 1565 4036 1566 4062 1566 4035 1566 4062 1566 4061 1566 4035 1566 4062 1567 3992 1567 4061 1567 4011 1564 3991 1564 4012 1564 3991 1564 4013 1564 4012 1564 3991 1564 4014 1564 4013 1564 4014 1565 4040 1565 4013 1565 4011 1565 4012 1565 4038 1565 4012 1565 4039 1565 4038 1565 4012 1565 4013 1565 4039 1565 4013 1565 4040 1565 4039 1565 4016 1565 4042 1565 4015 1565 4042 1565 4041 1565 4015 1565 4042 1566 4068 1566 4041 1566 4068 1566 4067 1566 4041 1566 4068 1567 3992 1567 4067 1567 4017 1564 3991 1564 4018 1564 3991 1564 4019 1564 4018 1564 3991 1564 4020 1564 4019 1564 4020 1565 4046 1565 4019 1565 4017 1565 4018 1565 4044 1565 4018 1565 4045 1565 4044 1565 4018 1565 4019 1565 4045 1565 4019 1565 4046 1565 4045 1565 3997 1565 4024 1565 4023 1565 4024 1566 4050 1566 4023 1566 4024 1566 4051 1566 4050 1566 4051 1567 2529 1567 4050 1567 4050 1566 4049 1566 4023 1566 4053 1566 4026 1566 4027 1566 4053 1566 4052 1566 4026 1566 4052 1566 4025 1566 4026 1566 4003 1565 4030 1565 4029 1565 4030 1566 4056 1566 4029 1566 4030 1566 4057 1566 4056 1566 4057 1567 2529 1567 4056 1567 4056 1566 4055 1566 4029 1566 4059 1566 4032 1566 4033 1566 4059 1566 4058 1566 4032 1566 4058 1566 4031 1566 4032 1566 4010 1565 4037 1565 4036 1565 4037 1566 4063 1566 4036 1566 4037 1566 4064 1566 4063 1566 4064 1567 3992 1567 4063 1567 4063 1566 4062 1566 4036 1566 4066 1566 4039 1566 4040 1566 4066 1566 4065 1566 4039 1566 4065 1566 4038 1566 4039 1566 4016 1565 4043 1565 4042 1565 4043 1566 4069 1566 4042 1566 4043 1566 4070 1566 4069 1566 4070 1567 3992 1567 4069 1567 4069 1566 4068 1566 4042 1566 4072 1566 4045 1566 4046 1566 4072 1566 4071 1566 4045 1566 4071 1566 4044 1566 4045 1566 2529 1567 4049 1567 4050 1567 2529 1567 4055 1567 4056 1567 3992 1567 4062 1567 4063 1567 3992 1567 4068 1567 4069 1567 2433 1 4074 1 2432 1 4074 1 3321 1 2432 1 2434 2 4075 2 2433 2 4075 2 4074 2 2433 2 2435 1 4076 1 2434 1 4076 1 4075 1 2434 1 2440 1256 2441 1256 4083 1256 2441 1256 4084 1256 4083 1256 2441 1256 4085 1256 4084 1256 4085 1269 4123 1269 4084 1269 4085 1257 4124 1257 4123 1257 4124 1344 4162 1344 4123 1344 4124 1344 4163 1344 4162 1344 4163 1568 4201 1568 4162 1568 4163 1568 4202 1568 4201 1568 4202 1243 4240 1243 4201 1243 4202 1243 4241 1243 4240 1243 4241 1270 2435 1270 4240 1270 4241 1270 4242 1270 2435 1270 4242 1270 4243 1270 2435 1270 4242 1243 4204 1243 4243 1243 4204 1243 4205 1243 4243 1243 4204 1568 4166 1568 4205 1568 4166 1568 4167 1568 4205 1568 4166 1344 4128 1344 4167 1344 4128 1344 4129 1344 4167 1344 4128 1269 4090 1269 4129 1269 4090 1269 4091 1269 4129 1269 4090 1256 2441 1256 4091 1256 2441 1256 4092 1256 4091 1256 2441 1256 4093 1256 4092 1256 4093 1269 4131 1269 4092 1269 4093 1257 4132 1257 4131 1257 4132 1344 4170 1344 4131 1344 4132 1344 4171 1344 4170 1344 4171 1568 4209 1568 4170 1568 4171 1568 4210 1568 4209 1568 4210 1243 4248 1243 4209 1243 4210 1243 4249 1243 4248 1243 4249 1270 2435 1270 4248 1270 4249 1270 4250 1270 2435 1270 4250 1270 4251 1270 2435 1270 4250 1243 4212 1243 4251 1243 4212 1243 4213 1243 4251 1243 4212 1568 4174 1568 4213 1568 4174 1568 4175 1568 4213 1568 4174 1344 4136 1344 4175 1344 4136 1344 4137 1344 4175 1344 4136 1269 4098 1269 4137 1269 4098 1269 4099 1269 4137 1269 4098 1256 2441 1256 4099 1256 2441 1256 4100 1256 4099 1256 2441 1256 4101 1256 4100 1256 4101 1269 4139 1269 4100 1269 4101 1269 4140 1269 4139 1269 4140 1344 4178 1344 4139 1344 4140 1344 4179 1344 4178 1344 4179 1568 4217 1568 4178 1568 4179 1568 4218 1568 4217 1568 4218 1243 4256 1243 4217 1243 4218 1243 4257 1243 4256 1243 4257 1270 4076 1270 4256 1270 4257 1270 4258 1270 4076 1270 4258 1270 4259 1270 4076 1270 4258 1243 4220 1243 4259 1243 4220 1243 4221 1243 4259 1243 4220 1568 4182 1568 4221 1568 4182 1568 4183 1568 4221 1568 4182 1344 4144 1344 4183 1344 4144 1344 4145 1344 4183 1344 4144 1269 4106 1269 4145 1269 4106 1269 4107 1269 4145 1269 4106 1256 4082 1256 4107 1256 4082 1256 4108 1256 4107 1256 4082 1256 4109 1256 4108 1256 4109 1269 4147 1269 4108 1269 4109 1269 4148 1269 4147 1269 4148 1344 4186 1344 4147 1344 4148 1344 4187 1344 4186 1344 4187 1568 4225 1568 4186 1568 4187 1568 4226 1568 4225 1568 4226 1263 4264 1263 4225 1263 4226 1263 4265 1263 4264 1263 4265 1270 4076 1270 4264 1270 4265 1270 4266 1270 4076 1270 4266 1270 4267 1270 4076 1270 4266 1263 4228 1263 4267 1263 4228 1263 4229 1263 4267 1263 4228 1568 4190 1568 4229 1568 4190 1568 4191 1568 4229 1568 4190 1344 4152 1344 4191 1344 4152 1344 4153 1344 4191 1344 4152 1257 4114 1257 4153 1257 4114 1257 4115 1257 4153 1257 4114 1256 4082 1256 4115 1256 4082 1256 4116 1256 4115 1256 4082 1256 4117 1256 4116 1256 4117 1257 4155 1257 4116 1257 4117 1257 4156 1257 4155 1257 4156 1344 4194 1344 4155 1344 4156 1344 4195 1344 4194 1344 4195 1568 4233 1568 4194 1568 4195 1568 4234 1568 4233 1568 4234 1263 4272 1263 4233 1263 4234 1263 4077 1263 4272 1263 4077 1270 4076 1270 4272 1270 4076 1270 4271 1270 4272 1270 4076 1270 4270 1270 4271 1270 4270 1263 4232 1263 4271 1263 4270 1263 4231 1263 4232 1263 4231 1568 4193 1568 4232 1568 4231 1568 4192 1568 4193 1568 4192 1344 4154 1344 4193 1344 4192 1344 4153 1344 4154 1344 4153 1257 4115 1257 4154 1257 4083 1269 4121 1269 2440 1269 4121 1269 2439 1269 2440 1269 4121 1344 4159 1344 2439 1344 4159 1344 2438 1344 2439 1344 4159 1568 4197 1568 2438 1568 4197 1568 2437 1568 2438 1568 4197 1243 4235 1243 2437 1243 4235 1243 2436 1243 2437 1243 4235 1270 2435 1270 2436 1270 4076 1270 2435 1270 4253 1270 2435 1270 4252 1270 4253 1270 2435 1270 4251 1270 4252 1270 4251 1243 4213 1243 4252 1243 4077 1263 4234 1263 4078 1263 4234 1568 4196 1568 4078 1568 4234 1568 4195 1568 4196 1568 4195 1344 4157 1344 4196 1344 4195 1344 4156 1344 4157 1344 4156 1257 4118 1257 4157 1257 4156 1257 4117 1257 4118 1257 4117 1256 4082 1256 4118 1256 4078 1568 4196 1568 4079 1568 4196 1344 4158 1344 4079 1344 4196 1344 4157 1344 4158 1344 4157 1257 4119 1257 4158 1257 4157 1257 4118 1257 4119 1257 4118 1256 4082 1256 4119 1256 4079 1344 4158 1344 4080 1344 4158 1257 4120 1257 4080 1257 4158 1257 4119 1257 4120 1257 4119 1256 4082 1256 4120 1256 4080 1257 4120 1257 4081 1257 4120 1256 4082 1256 4081 1256 2441 1256 4082 1256 4102 1256 4082 1256 4103 1256 4102 1256 4082 1256 4104 1256 4103 1256 4104 1269 4142 1269 4103 1269 4104 1269 4143 1269 4142 1269 4143 1344 4181 1344 4142 1344 4143 1344 4182 1344 4181 1344 4182 1568 4220 1568 4181 1568 4084 1269 4122 1269 4083 1269 4122 1269 4121 1269 4083 1269 4122 1344 4160 1344 4121 1344 4160 1344 4159 1344 4121 1344 4160 1568 4198 1568 4159 1568 4198 1568 4197 1568 4159 1568 4198 1243 4236 1243 4197 1243 4236 1243 4235 1243 4197 1243 4236 1270 2435 1270 4235 1270 4085 1256 2441 1256 4086 1256 2441 1256 4087 1256 4086 1256 2441 1256 4088 1256 4087 1256 4088 1269 4126 1269 4087 1269 4088 1269 4127 1269 4126 1269 4127 1344 4165 1344 4126 1344 4127 1344 4166 1344 4165 1344 4166 1568 4204 1568 4165 1568 4085 1257 4086 1257 4124 1257 4086 1269 4125 1269 4124 1269 4086 1269 4087 1269 4125 1269 4087 1269 4126 1269 4125 1269 4090 1256 4089 1256 2441 1256 4089 1256 4088 1256 2441 1256 4089 1269 4127 1269 4088 1269 4128 1269 4089 1269 4090 1269 4128 1269 4127 1269 4089 1269 4092 1269 4130 1269 4091 1269 4130 1269 4129 1269 4091 1269 4130 1344 4168 1344 4129 1344 4168 1344 4167 1344 4129 1344 4168 1568 4206 1568 4167 1568 4206 1568 4205 1568 4167 1568 4206 1243 4244 1243 4205 1243 4244 1243 4243 1243 4205 1243 4244 1270 2435 1270 4243 1270 4093 1256 2441 1256 4094 1256 2441 1256 4095 1256 4094 1256 2441 1256 4096 1256 4095 1256 4096 1269 4134 1269 4095 1269 4096 1269 4135 1269 4134 1269 4135 1344 4173 1344 4134 1344 4135 1344 4174 1344 4173 1344 4174 1568 4212 1568 4173 1568 4093 1257 4094 1257 4132 1257 4094 1269 4133 1269 4132 1269 4094 1269 4095 1269 4133 1269 4095 1269 4134 1269 4133 1269 4098 1256 4097 1256 2441 1256 4097 1256 4096 1256 2441 1256 4097 1269 4135 1269 4096 1269 4136 1269 4097 1269 4098 1269 4136 1269 4135 1269 4097 1269 4102 1256 4101 1256 2441 1256 4100 1269 4138 1269 4099 1269 4138 1269 4137 1269 4099 1269 4138 1344 4176 1344 4137 1344 4176 1344 4175 1344 4137 1344 4176 1568 4214 1568 4175 1568 4214 1568 4213 1568 4175 1568 4214 1243 4252 1243 4213 1243 4101 1269 4102 1269 4140 1269 4102 1269 4141 1269 4140 1269 4102 1269 4103 1269 4141 1269 4103 1269 4142 1269 4141 1269 4106 1256 4105 1256 4082 1256 4105 1256 4104 1256 4082 1256 4105 1269 4143 1269 4104 1269 4144 1269 4105 1269 4106 1269 4144 1269 4143 1269 4105 1269 4108 1269 4146 1269 4107 1269 4146 1269 4145 1269 4107 1269 4146 1344 4184 1344 4145 1344 4184 1344 4183 1344 4145 1344 4184 1568 4222 1568 4183 1568 4222 1568 4221 1568 4183 1568 4222 1243 4260 1243 4221 1243 4260 1243 4259 1243 4221 1243 4260 1270 4076 1270 4259 1270 4109 1256 4082 1256 4110 1256 4082 1256 4111 1256 4110 1256 4082 1256 4112 1256 4111 1256 4112 1257 4150 1257 4111 1257 4112 1257 4151 1257 4150 1257 4151 1344 4189 1344 4150 1344 4151 1344 4190 1344 4189 1344 4190 1568 4228 1568 4189 1568 4109 1269 4110 1269 4148 1269 4110 1269 4149 1269 4148 1269 4110 1269 4111 1269 4149 1269 4111 1257 4150 1257 4149 1257 4114 1256 4113 1256 4082 1256 4113 1256 4112 1256 4082 1256 4113 1257 4151 1257 4112 1257 4152 1257 4113 1257 4114 1257 4152 1257 4151 1257 4113 1257 4155 1257 4154 1257 4116 1257 4154 1257 4115 1257 4116 1257 4084 1269 4123 1269 4122 1269 4123 1344 4161 1344 4122 1344 4123 1344 4162 1344 4161 1344 4162 1568 4200 1568 4161 1568 4162 1568 4201 1568 4200 1568 4201 1243 4239 1243 4200 1243 4201 1243 4240 1243 4239 1243 4240 1270 2435 1270 4239 1270 4161 1344 4160 1344 4122 1344 4124 1344 4125 1344 4163 1344 4125 1344 4164 1344 4163 1344 4125 1344 4126 1344 4164 1344 4126 1344 4165 1344 4164 1344 4166 1344 4127 1344 4128 1344 4092 1269 4131 1269 4130 1269 4131 1344 4169 1344 4130 1344 4131 1344 4170 1344 4169 1344 4170 1568 4208 1568 4169 1568 4170 1568 4209 1568 4208 1568 4209 1243 4247 1243 4208 1243 4209 1243 4248 1243 4247 1243 4248 1270 2435 1270 4247 1270 4169 1344 4168 1344 4130 1344 4132 1344 4133 1344 4171 1344 4133 1344 4172 1344 4171 1344 4133 1344 4134 1344 4172 1344 4134 1344 4173 1344 4172 1344 4174 1344 4135 1344 4136 1344 4100 1269 4139 1269 4138 1269 4139 1344 4177 1344 4138 1344 4139 1344 4178 1344 4177 1344 4178 1568 4216 1568 4177 1568 4178 1568 4217 1568 4216 1568 4217 1243 4255 1243 4216 1243 4217 1243 4256 1243 4255 1243 4256 1270 4076 1270 4255 1270 4177 1344 4176 1344 4138 1344 4140 1344 4141 1344 4179 1344 4141 1344 4180 1344 4179 1344 4141 1344 4142 1344 4180 1344 4142 1344 4181 1344 4180 1344 4182 1344 4143 1344 4144 1344 4108 1269 4147 1269 4146 1269 4147 1344 4185 1344 4146 1344 4147 1344 4186 1344 4185 1344 4186 1568 4224 1568 4185 1568 4186 1568 4225 1568 4224 1568 4225 1243 4263 1243 4224 1243 4225 1263 4264 1263 4263 1263 4264 1270 4076 1270 4263 1270 4185 1344 4184 1344 4146 1344 4148 1344 4149 1344 4187 1344 4149 1344 4188 1344 4187 1344 4149 1344 4150 1344 4188 1344 4150 1344 4189 1344 4188 1344 4190 1344 4151 1344 4152 1344 4192 1344 4191 1344 4153 1344 4194 1344 4193 1344 4155 1344 4193 1344 4154 1344 4155 1344 4161 1568 4199 1568 4160 1568 4199 1568 4198 1568 4160 1568 4199 1243 4237 1243 4198 1243 4237 1243 4236 1243 4198 1243 4237 1270 2435 1270 4236 1270 4163 1568 4164 1568 4202 1568 4164 1568 4203 1568 4202 1568 4164 1568 4165 1568 4203 1568 4165 1568 4204 1568 4203 1568 4169 1568 4207 1568 4168 1568 4207 1568 4206 1568 4168 1568 4207 1243 4245 1243 4206 1243 4245 1243 4244 1243 4206 1243 4245 1270 2435 1270 4244 1270 4171 1568 4172 1568 4210 1568 4172 1568 4211 1568 4210 1568 4172 1568 4173 1568 4211 1568 4173 1568 4212 1568 4211 1568 4177 1568 4215 1568 4176 1568 4215 1568 4214 1568 4176 1568 4215 1243 4253 1243 4214 1243 4253 1243 4252 1243 4214 1243 4179 1568 4180 1568 4218 1568 4180 1568 4219 1568 4218 1568 4180 1568 4181 1568 4219 1568 4181 1568 4220 1568 4219 1568 4185 1568 4223 1568 4184 1568 4223 1568 4222 1568 4184 1568 4223 1243 4261 1243 4222 1243 4261 1243 4260 1243 4222 1243 4261 1270 4076 1270 4260 1270 4187 1568 4188 1568 4226 1568 4188 1568 4227 1568 4226 1568 4188 1568 4189 1568 4227 1568 4189 1568 4228 1568 4227 1568 4192 1568 4230 1568 4191 1568 4230 1568 4229 1568 4191 1568 4230 1263 4268 1263 4229 1263 4268 1263 4267 1263 4229 1263 4268 1270 4076 1270 4267 1270 4233 1568 4232 1568 4194 1568 4232 1568 4193 1568 4194 1568 4161 1568 4200 1568 4199 1568 4200 1263 4238 1263 4199 1263 4200 1243 4239 1243 4238 1243 4239 1270 2435 1270 4238 1270 4238 1263 4237 1263 4199 1263 4242 1243 4203 1243 4204 1243 4242 1243 4241 1243 4203 1243 4241 1243 4202 1243 4203 1243 4169 1568 4208 1568 4207 1568 4208 1263 4246 1263 4207 1263 4208 1243 4247 1243 4246 1243 4247 1270 2435 1270 4246 1270 4246 1263 4245 1263 4207 1263 4250 1243 4211 1243 4212 1243 4250 1243 4249 1243 4211 1243 4249 1243 4210 1243 4211 1243 4177 1568 4216 1568 4215 1568 4216 1243 4254 1243 4215 1243 4216 1243 4255 1243 4254 1243 4255 1270 4076 1270 4254 1270 4254 1243 4253 1243 4215 1243 4258 1243 4219 1243 4220 1243 4258 1243 4257 1243 4219 1243 4257 1243 4218 1243 4219 1243 4185 1568 4224 1568 4223 1568 4224 1243 4262 1243 4223 1243 4224 1243 4263 1243 4262 1243 4263 1270 4076 1270 4262 1270 4262 1243 4261 1243 4223 1243 4266 1263 4227 1263 4228 1263 4266 1263 4265 1263 4227 1263 4265 1263 4226 1263 4227 1263 4192 1568 4231 1568 4230 1568 4231 1263 4269 1263 4230 1263 4231 1263 4270 1263 4269 1263 4270 1270 4076 1270 4269 1270 4269 1263 4268 1263 4230 1263 4272 1263 4271 1263 4233 1263 4271 1263 4232 1263 4233 1263 2435 1270 4237 1270 4238 1270 2435 1270 4245 1270 4246 1270 4076 1270 4253 1270 4254 1270 4076 1270 4261 1270 4262 1270 4076 1270 4268 1270 4269 1270 2442 2 4273 2 2441 2 4273 2 4082 2 2441 2 2421 1 3521 1 2442 1 3521 1 4273 1 2442 1 2455 1234 4274 1234 2454 1234 4274 1234 3119 1234 2454 1234 2456 1 4275 1 2455 1 4275 1 4274 1 2455 1 2457 1234 4276 1234 2456 1234 4276 1234 4275 1234 2456 1234 2462 1228 2463 1228 4283 1228 2463 1228 4284 1228 4283 1228 2463 1228 4285 1228 4284 1228 4285 1229 4323 1229 4284 1229 4285 1229 4324 1229 4323 1229 4324 1549 4362 1549 4323 1549 4324 1549 4363 1549 4362 1549 4363 1345 4401 1345 4362 1345 4363 1345 4402 1345 4401 1345 4402 1232 4440 1232 4401 1232 4402 1232 4441 1232 4440 1232 4441 1245 2457 1245 4440 1245 4441 1245 4442 1245 2457 1245 4442 1245 4443 1245 2457 1245 4442 1232 4404 1232 4443 1232 4404 1232 4405 1232 4443 1232 4404 1345 4366 1345 4405 1345 4366 1345 4367 1345 4405 1345 4366 1549 4328 1549 4367 1549 4328 1549 4329 1549 4367 1549 4328 1229 4290 1229 4329 1229 4290 1229 4291 1229 4329 1229 4290 1228 2463 1228 4291 1228 2463 1228 4292 1228 4291 1228 2463 1228 4293 1228 4292 1228 4293 1229 4331 1229 4292 1229 4293 1229 4332 1229 4331 1229 4332 1549 4370 1549 4331 1549 4332 1549 4371 1549 4370 1549 4371 1345 4409 1345 4370 1345 4371 1345 4410 1345 4409 1345 4410 1232 4448 1232 4409 1232 4410 1232 4449 1232 4448 1232 4449 1245 2457 1245 4448 1245 4449 1245 4450 1245 2457 1245 4450 1245 4451 1245 2457 1245 4450 1232 4412 1232 4451 1232 4412 1232 4413 1232 4451 1232 4412 1345 4374 1345 4413 1345 4374 1345 4375 1345 4413 1345 4374 1549 4336 1549 4375 1549 4336 1549 4337 1549 4375 1549 4336 1229 4298 1229 4337 1229 4298 1229 4299 1229 4337 1229 4298 1228 2463 1228 4299 1228 2463 1228 4300 1228 4299 1228 2463 1228 4301 1228 4300 1228 4301 1229 4339 1229 4300 1229 4301 1229 4340 1229 4339 1229 4340 1549 4378 1549 4339 1549 4340 1549 4379 1549 4378 1549 4379 1345 4417 1345 4378 1345 4379 1345 4418 1345 4417 1345 4418 1232 4456 1232 4417 1232 4418 1232 4457 1232 4456 1232 4457 1245 4276 1245 4456 1245 4457 1245 4458 1245 4276 1245 4458 1245 4459 1245 4276 1245 4458 1232 4420 1232 4459 1232 4420 1232 4421 1232 4459 1232 4420 1345 4382 1345 4421 1345 4382 1345 4383 1345 4421 1345 4382 1549 4344 1549 4383 1549 4344 1549 4345 1549 4383 1549 4344 1229 4306 1229 4345 1229 4306 1229 4307 1229 4345 1229 4306 1228 4282 1228 4307 1228 4282 1228 4308 1228 4307 1228 4282 1228 4309 1228 4308 1228 4309 1229 4347 1229 4308 1229 4309 1229 4348 1229 4347 1229 4348 1549 4386 1549 4347 1549 4348 1549 4387 1549 4386 1549 4387 1345 4425 1345 4386 1345 4387 1345 4426 1345 4425 1345 4426 1232 4464 1232 4425 1232 4426 1232 4465 1232 4464 1232 4465 1245 4276 1245 4464 1245 4465 1245 4466 1245 4276 1245 4466 1245 4467 1245 4276 1245 4466 1232 4428 1232 4467 1232 4428 1232 4429 1232 4467 1232 4428 1345 4390 1345 4429 1345 4390 1345 4391 1345 4429 1345 4390 1549 4352 1549 4391 1549 4352 1549 4353 1549 4391 1549 4352 1229 4314 1229 4353 1229 4314 1229 4315 1229 4353 1229 4314 1228 4282 1228 4315 1228 4282 1228 4316 1228 4315 1228 4282 1228 4317 1228 4316 1228 4317 1229 4355 1229 4316 1229 4317 1229 4356 1229 4355 1229 4356 1549 4394 1549 4355 1549 4356 1549 4395 1549 4394 1549 4395 1345 4433 1345 4394 1345 4395 1345 4434 1345 4433 1345 4434 1232 4472 1232 4433 1232 4434 1232 4277 1232 4472 1232 4277 1245 4276 1245 4472 1245 4276 1245 4471 1245 4472 1245 4276 1245 4470 1245 4471 1245 4470 1232 4432 1232 4471 1232 4470 1232 4431 1232 4432 1232 4431 1345 4393 1345 4432 1345 4431 1345 4392 1345 4393 1345 4392 1549 4354 1549 4393 1549 4392 1549 4353 1549 4354 1549 4353 1229 4315 1229 4354 1229 4283 1229 4321 1229 2462 1229 4321 1229 2461 1229 2462 1229 4321 1549 4359 1549 2461 1549 4359 1549 2460 1549 2461 1549 4359 1345 4397 1345 2460 1345 4397 1345 2459 1345 2460 1345 4397 1232 4435 1232 2459 1232 4435 1232 2458 1232 2459 1232 4435 1245 2457 1245 2458 1245 4276 1245 2457 1245 4453 1245 2457 1245 4452 1245 4453 1245 2457 1245 4451 1245 4452 1245 4451 1232 4413 1232 4452 1232 4277 1232 4434 1232 4278 1232 4434 1345 4396 1345 4278 1345 4434 1345 4395 1345 4396 1345 4395 1549 4357 1549 4396 1549 4395 1549 4356 1549 4357 1549 4356 1229 4318 1229 4357 1229 4356 1229 4317 1229 4318 1229 4317 1228 4282 1228 4318 1228 4278 1345 4396 1345 4279 1345 4396 1549 4358 1549 4279 1549 4396 1549 4357 1549 4358 1549 4357 1229 4319 1229 4358 1229 4357 1229 4318 1229 4319 1229 4318 1228 4282 1228 4319 1228 4279 1549 4358 1549 4280 1549 4358 1229 4320 1229 4280 1229 4358 1229 4319 1229 4320 1229 4319 1228 4282 1228 4320 1228 4280 1229 4320 1229 4281 1229 4320 1228 4282 1228 4281 1228 2463 1228 4282 1228 4302 1228 4282 1228 4303 1228 4302 1228 4282 1228 4304 1228 4303 1228 4304 1229 4342 1229 4303 1229 4304 1229 4343 1229 4342 1229 4343 1549 4381 1549 4342 1549 4343 1549 4382 1549 4381 1549 4382 1345 4420 1345 4381 1345 4284 1229 4322 1229 4283 1229 4322 1229 4321 1229 4283 1229 4322 1549 4360 1549 4321 1549 4360 1549 4359 1549 4321 1549 4360 1345 4398 1345 4359 1345 4398 1345 4397 1345 4359 1345 4398 1232 4436 1232 4397 1232 4436 1232 4435 1232 4397 1232 4436 1245 2457 1245 4435 1245 4285 1228 2463 1228 4286 1228 2463 1228 4287 1228 4286 1228 2463 1228 4288 1228 4287 1228 4288 1229 4326 1229 4287 1229 4288 1229 4327 1229 4326 1229 4327 1549 4365 1549 4326 1549 4327 1549 4366 1549 4365 1549 4366 1345 4404 1345 4365 1345 4285 1229 4286 1229 4324 1229 4286 1229 4325 1229 4324 1229 4286 1229 4287 1229 4325 1229 4287 1229 4326 1229 4325 1229 4290 1228 4289 1228 2463 1228 4289 1228 4288 1228 2463 1228 4289 1229 4327 1229 4288 1229 4328 1229 4289 1229 4290 1229 4328 1229 4327 1229 4289 1229 4292 1229 4330 1229 4291 1229 4330 1229 4329 1229 4291 1229 4330 1549 4368 1549 4329 1549 4368 1549 4367 1549 4329 1549 4368 1345 4406 1345 4367 1345 4406 1345 4405 1345 4367 1345 4406 1232 4444 1232 4405 1232 4444 1232 4443 1232 4405 1232 4444 1245 2457 1245 4443 1245 4293 1228 2463 1228 4294 1228 2463 1228 4295 1228 4294 1228 2463 1228 4296 1228 4295 1228 4296 1229 4334 1229 4295 1229 4296 1229 4335 1229 4334 1229 4335 1549 4373 1549 4334 1549 4335 1549 4374 1549 4373 1549 4374 1345 4412 1345 4373 1345 4293 1229 4294 1229 4332 1229 4294 1229 4333 1229 4332 1229 4294 1229 4295 1229 4333 1229 4295 1229 4334 1229 4333 1229 4298 1228 4297 1228 2463 1228 4297 1228 4296 1228 2463 1228 4297 1229 4335 1229 4296 1229 4336 1229 4297 1229 4298 1229 4336 1229 4335 1229 4297 1229 4302 1228 4301 1228 2463 1228 4300 1229 4338 1229 4299 1229 4338 1229 4337 1229 4299 1229 4338 1549 4376 1549 4337 1549 4376 1549 4375 1549 4337 1549 4376 1345 4414 1345 4375 1345 4414 1345 4413 1345 4375 1345 4414 1232 4452 1232 4413 1232 4301 1229 4302 1229 4340 1229 4302 1229 4341 1229 4340 1229 4302 1229 4303 1229 4341 1229 4303 1229 4342 1229 4341 1229 4306 1228 4305 1228 4282 1228 4305 1228 4304 1228 4282 1228 4305 1229 4343 1229 4304 1229 4344 1229 4305 1229 4306 1229 4344 1229 4343 1229 4305 1229 4308 1229 4346 1229 4307 1229 4346 1229 4345 1229 4307 1229 4346 1549 4384 1549 4345 1549 4384 1549 4383 1549 4345 1549 4384 1345 4422 1345 4383 1345 4422 1345 4421 1345 4383 1345 4422 1232 4460 1232 4421 1232 4460 1232 4459 1232 4421 1232 4460 1245 4276 1245 4459 1245 4309 1228 4282 1228 4310 1228 4282 1228 4311 1228 4310 1228 4282 1228 4312 1228 4311 1228 4312 1229 4350 1229 4311 1229 4312 1229 4351 1229 4350 1229 4351 1549 4389 1549 4350 1549 4351 1549 4390 1549 4389 1549 4390 1345 4428 1345 4389 1345 4309 1229 4310 1229 4348 1229 4310 1229 4349 1229 4348 1229 4310 1229 4311 1229 4349 1229 4311 1229 4350 1229 4349 1229 4314 1228 4313 1228 4282 1228 4313 1228 4312 1228 4282 1228 4313 1229 4351 1229 4312 1229 4352 1229 4313 1229 4314 1229 4352 1229 4351 1229 4313 1229 4355 1229 4354 1229 4316 1229 4354 1229 4315 1229 4316 1229 4284 1229 4323 1229 4322 1229 4323 1549 4361 1549 4322 1549 4323 1549 4362 1549 4361 1549 4362 1345 4400 1345 4361 1345 4362 1345 4401 1345 4400 1345 4401 1232 4439 1232 4400 1232 4401 1232 4440 1232 4439 1232 4440 1245 2457 1245 4439 1245 4361 1549 4360 1549 4322 1549 4324 1549 4325 1549 4363 1549 4325 1549 4364 1549 4363 1549 4325 1549 4326 1549 4364 1549 4326 1549 4365 1549 4364 1549 4366 1549 4327 1549 4328 1549 4292 1229 4331 1229 4330 1229 4331 1549 4369 1549 4330 1549 4331 1549 4370 1549 4369 1549 4370 1345 4408 1345 4369 1345 4370 1345 4409 1345 4408 1345 4409 1232 4447 1232 4408 1232 4409 1232 4448 1232 4447 1232 4448 1245 2457 1245 4447 1245 4369 1549 4368 1549 4330 1549 4332 1549 4333 1549 4371 1549 4333 1549 4372 1549 4371 1549 4333 1549 4334 1549 4372 1549 4334 1549 4373 1549 4372 1549 4374 1549 4335 1549 4336 1549 4300 1229 4339 1229 4338 1229 4339 1549 4377 1549 4338 1549 4339 1549 4378 1549 4377 1549 4378 1345 4416 1345 4377 1345 4378 1345 4417 1345 4416 1345 4417 1232 4455 1232 4416 1232 4417 1232 4456 1232 4455 1232 4456 1245 4276 1245 4455 1245 4377 1549 4376 1549 4338 1549 4340 1549 4341 1549 4379 1549 4341 1549 4380 1549 4379 1549 4341 1549 4342 1549 4380 1549 4342 1549 4381 1549 4380 1549 4382 1549 4343 1549 4344 1549 4308 1229 4347 1229 4346 1229 4347 1549 4385 1549 4346 1549 4347 1549 4386 1549 4385 1549 4386 1345 4424 1345 4385 1345 4386 1345 4425 1345 4424 1345 4425 1232 4463 1232 4424 1232 4425 1232 4464 1232 4463 1232 4464 1245 4276 1245 4463 1245 4385 1549 4384 1549 4346 1549 4348 1549 4349 1549 4387 1549 4349 1549 4388 1549 4387 1549 4349 1549 4350 1549 4388 1549 4350 1549 4389 1549 4388 1549 4390 1549 4351 1549 4352 1549 4392 1549 4391 1549 4353 1549 4394 1549 4393 1549 4355 1549 4393 1549 4354 1549 4355 1549 4361 1345 4399 1345 4360 1345 4399 1345 4398 1345 4360 1345 4399 1232 4437 1232 4398 1232 4437 1232 4436 1232 4398 1232 4437 1245 2457 1245 4436 1245 4363 1345 4364 1345 4402 1345 4364 1345 4403 1345 4402 1345 4364 1345 4365 1345 4403 1345 4365 1345 4404 1345 4403 1345 4369 1345 4407 1345 4368 1345 4407 1345 4406 1345 4368 1345 4407 1232 4445 1232 4406 1232 4445 1232 4444 1232 4406 1232 4445 1245 2457 1245 4444 1245 4371 1345 4372 1345 4410 1345 4372 1345 4411 1345 4410 1345 4372 1345 4373 1345 4411 1345 4373 1345 4412 1345 4411 1345 4377 1345 4415 1345 4376 1345 4415 1345 4414 1345 4376 1345 4415 1232 4453 1232 4414 1232 4453 1232 4452 1232 4414 1232 4379 1345 4380 1345 4418 1345 4380 1345 4419 1345 4418 1345 4380 1345 4381 1345 4419 1345 4381 1345 4420 1345 4419 1345 4385 1345 4423 1345 4384 1345 4423 1345 4422 1345 4384 1345 4423 1232 4461 1232 4422 1232 4461 1232 4460 1232 4422 1232 4461 1245 4276 1245 4460 1245 4387 1345 4388 1345 4426 1345 4388 1345 4427 1345 4426 1345 4388 1345 4389 1345 4427 1345 4389 1345 4428 1345 4427 1345 4392 1345 4430 1345 4391 1345 4430 1345 4429 1345 4391 1345 4430 1232 4468 1232 4429 1232 4468 1232 4467 1232 4429 1232 4468 1245 4276 1245 4467 1245 4433 1345 4432 1345 4394 1345 4432 1345 4393 1345 4394 1345 4361 1345 4400 1345 4399 1345 4400 1232 4438 1232 4399 1232 4400 1232 4439 1232 4438 1232 4439 1245 2457 1245 4438 1245 4438 1232 4437 1232 4399 1232 4442 1232 4403 1232 4404 1232 4442 1232 4441 1232 4403 1232 4441 1232 4402 1232 4403 1232 4369 1345 4408 1345 4407 1345 4408 1232 4446 1232 4407 1232 4408 1232 4447 1232 4446 1232 4447 1245 2457 1245 4446 1245 4446 1232 4445 1232 4407 1232 4450 1232 4411 1232 4412 1232 4450 1232 4449 1232 4411 1232 4449 1232 4410 1232 4411 1232 4377 1345 4416 1345 4415 1345 4416 1232 4454 1232 4415 1232 4416 1232 4455 1232 4454 1232 4455 1245 4276 1245 4454 1245 4454 1232 4453 1232 4415 1232 4458 1232 4419 1232 4420 1232 4458 1232 4457 1232 4419 1232 4457 1232 4418 1232 4419 1232 4385 1345 4424 1345 4423 1345 4424 1232 4462 1232 4423 1232 4424 1232 4463 1232 4462 1232 4463 1245 4276 1245 4462 1245 4462 1232 4461 1232 4423 1232 4466 1232 4427 1232 4428 1232 4466 1232 4465 1232 4427 1232 4465 1232 4426 1232 4427 1232 4392 1345 4431 1345 4430 1345 4431 1232 4469 1232 4430 1232 4431 1232 4470 1232 4469 1232 4470 1245 4276 1245 4469 1245 4469 1232 4468 1232 4430 1232 4472 1232 4471 1232 4433 1232 4471 1232 4432 1232 4433 1232 2457 1245 4437 1245 4438 1245 2457 1245 4445 1245 4446 1245 4276 1245 4453 1245 4454 1245 4276 1245 4461 1245 4462 1245 4276 1245 4468 1245 4469 1245 2464 1 4473 1 2463 1 4473 1 4282 1 2463 1 2443 1234 3319 1234 2464 1234 3319 1234 4473 1234 2464 1234 2477 0 4474 0 2476 0 4474 0 2917 0 2476 0 2478 1234 4475 1234 2477 1234 4475 1234 4474 1234 2477 1234 2479 0 4476 0 2478 0 4476 0 4475 0 2478 0 2484 1246 2485 1246 4483 1246 2485 1246 4484 1246 4483 1246 2485 1246 4485 1246 4484 1246 4485 1236 4523 1236 4484 1236 4485 1236 4524 1236 4523 1236 4524 1237 4562 1237 4523 1237 4524 1237 4563 1237 4562 1237 4563 1258 4601 1258 4562 1258 4563 1258 4602 1258 4601 1258 4602 1248 4640 1248 4601 1248 4602 1248 4641 1248 4640 1248 4641 1249 2479 1249 4640 1249 4641 1249 4642 1249 2479 1249 4642 1249 4643 1249 2479 1249 4642 1248 4604 1248 4643 1248 4604 1248 4605 1248 4643 1248 4604 1258 4566 1258 4605 1258 4566 1258 4567 1258 4605 1258 4566 1237 4528 1237 4567 1237 4528 1237 4529 1237 4567 1237 4528 1236 4490 1236 4529 1236 4490 1236 4491 1236 4529 1236 4490 1246 2485 1246 4491 1246 2485 1246 4492 1246 4491 1246 2485 1246 4493 1246 4492 1246 4493 1236 4531 1236 4492 1236 4493 1236 4532 1236 4531 1236 4532 1237 4570 1237 4531 1237 4532 1237 4571 1237 4570 1237 4571 1258 4609 1258 4570 1258 4571 1258 4610 1258 4609 1258 4610 1248 4648 1248 4609 1248 4610 1248 4649 1248 4648 1248 4649 1249 2479 1249 4648 1249 4649 1249 4650 1249 2479 1249 4650 1249 4651 1249 2479 1249 4650 1248 4612 1248 4651 1248 4612 1248 4613 1248 4651 1248 4612 1258 4574 1258 4613 1258 4574 1258 4575 1258 4613 1258 4574 1237 4536 1237 4575 1237 4536 1237 4537 1237 4575 1237 4536 1236 4498 1236 4537 1236 4498 1236 4499 1236 4537 1236 4498 1246 2485 1246 4499 1246 2485 1246 4500 1246 4499 1246 2485 1246 4501 1246 4500 1246 4501 1236 4539 1236 4500 1236 4501 1236 4540 1236 4539 1236 4540 1237 4578 1237 4539 1237 4540 1237 4579 1237 4578 1237 4579 1258 4617 1258 4578 1258 4579 1258 4618 1258 4617 1258 4618 1248 4656 1248 4617 1248 4618 1248 4657 1248 4656 1248 4657 1249 4476 1249 4656 1249 4657 1249 4658 1249 4476 1249 4658 1249 4659 1249 4476 1249 4658 1248 4620 1248 4659 1248 4620 1248 4621 1248 4659 1248 4620 1258 4582 1258 4621 1258 4582 1258 4583 1258 4621 1258 4582 1237 4544 1237 4583 1237 4544 1237 4545 1237 4583 1237 4544 1236 4506 1236 4545 1236 4506 1236 4507 1236 4545 1236 4506 1246 4482 1246 4507 1246 4482 1246 4508 1246 4507 1246 4482 1246 4509 1246 4508 1246 4509 1236 4547 1236 4508 1236 4509 1236 4548 1236 4547 1236 4548 1237 4586 1237 4547 1237 4548 1237 4587 1237 4586 1237 4587 1258 4625 1258 4586 1258 4587 1258 4626 1258 4625 1258 4626 1248 4664 1248 4625 1248 4626 1248 4665 1248 4664 1248 4665 1249 4476 1249 4664 1249 4665 1249 4666 1249 4476 1249 4666 1249 4667 1249 4476 1249 4666 1248 4628 1248 4667 1248 4628 1248 4629 1248 4667 1248 4628 1258 4590 1258 4629 1258 4590 1258 4591 1258 4629 1258 4590 1237 4552 1237 4591 1237 4552 1237 4553 1237 4591 1237 4552 1236 4514 1236 4553 1236 4514 1236 4515 1236 4553 1236 4514 1246 4482 1246 4515 1246 4482 1246 4516 1246 4515 1246 4482 1246 4517 1246 4516 1246 4517 1236 4555 1236 4516 1236 4517 1236 4556 1236 4555 1236 4556 1237 4594 1237 4555 1237 4556 1237 4595 1237 4594 1237 4595 1258 4633 1258 4594 1258 4595 1258 4634 1258 4633 1258 4634 1248 4672 1248 4633 1248 4634 1248 4477 1248 4672 1248 4477 1249 4476 1249 4672 1249 4476 1249 4671 1249 4672 1249 4476 1249 4670 1249 4671 1249 4670 1248 4632 1248 4671 1248 4670 1248 4631 1248 4632 1248 4631 1258 4593 1258 4632 1258 4631 1258 4592 1258 4593 1258 4592 1237 4554 1237 4593 1237 4592 1237 4553 1237 4554 1237 4553 1236 4515 1236 4554 1236 4483 1236 4521 1236 2484 1236 4521 1236 2483 1236 2484 1236 4521 1237 4559 1237 2483 1237 4559 1237 2482 1237 2483 1237 4559 1258 4597 1258 2482 1258 4597 1258 2481 1258 2482 1258 4597 1248 4635 1248 2481 1248 4635 1248 2480 1248 2481 1248 4635 1249 2479 1249 2480 1249 4476 1249 2479 1249 4653 1249 2479 1249 4652 1249 4653 1249 2479 1249 4651 1249 4652 1249 4651 1248 4613 1248 4652 1248 4477 1248 4634 1248 4478 1248 4634 1258 4596 1258 4478 1258 4634 1258 4595 1258 4596 1258 4595 1237 4557 1237 4596 1237 4595 1237 4556 1237 4557 1237 4556 1236 4518 1236 4557 1236 4556 1236 4517 1236 4518 1236 4517 1246 4482 1246 4518 1246 4478 1258 4596 1258 4479 1258 4596 1237 4558 1237 4479 1237 4596 1237 4557 1237 4558 1237 4557 1236 4519 1236 4558 1236 4557 1236 4518 1236 4519 1236 4518 1246 4482 1246 4519 1246 4479 1237 4558 1237 4480 1237 4558 1236 4520 1236 4480 1236 4558 1236 4519 1236 4520 1236 4519 1246 4482 1246 4520 1246 4480 1236 4520 1236 4481 1236 4520 1246 4482 1246 4481 1246 2485 1246 4482 1246 4502 1246 4482 1246 4503 1246 4502 1246 4482 1246 4504 1246 4503 1246 4504 1236 4542 1236 4503 1236 4504 1236 4543 1236 4542 1236 4543 1237 4581 1237 4542 1237 4543 1237 4582 1237 4581 1237 4582 1258 4620 1258 4581 1258 4484 1236 4522 1236 4483 1236 4522 1236 4521 1236 4483 1236 4522 1237 4560 1237 4521 1237 4560 1237 4559 1237 4521 1237 4560 1258 4598 1258 4559 1258 4598 1258 4597 1258 4559 1258 4598 1248 4636 1248 4597 1248 4636 1248 4635 1248 4597 1248 4636 1249 2479 1249 4635 1249 4485 1246 2485 1246 4486 1246 2485 1246 4487 1246 4486 1246 2485 1246 4488 1246 4487 1246 4488 1236 4526 1236 4487 1236 4488 1236 4527 1236 4526 1236 4527 1237 4565 1237 4526 1237 4527 1237 4566 1237 4565 1237 4566 1258 4604 1258 4565 1258 4485 1236 4486 1236 4524 1236 4486 1236 4525 1236 4524 1236 4486 1236 4487 1236 4525 1236 4487 1236 4526 1236 4525 1236 4490 1246 4489 1246 2485 1246 4489 1246 4488 1246 2485 1246 4489 1236 4527 1236 4488 1236 4528 1236 4489 1236 4490 1236 4528 1236 4527 1236 4489 1236 4492 1236 4530 1236 4491 1236 4530 1236 4529 1236 4491 1236 4530 1237 4568 1237 4529 1237 4568 1237 4567 1237 4529 1237 4568 1258 4606 1258 4567 1258 4606 1258 4605 1258 4567 1258 4606 1248 4644 1248 4605 1248 4644 1248 4643 1248 4605 1248 4644 1249 2479 1249 4643 1249 4493 1246 2485 1246 4494 1246 2485 1246 4495 1246 4494 1246 2485 1246 4496 1246 4495 1246 4496 1236 4534 1236 4495 1236 4496 1236 4535 1236 4534 1236 4535 1237 4573 1237 4534 1237 4535 1237 4574 1237 4573 1237 4574 1258 4612 1258 4573 1258 4493 1236 4494 1236 4532 1236 4494 1236 4533 1236 4532 1236 4494 1236 4495 1236 4533 1236 4495 1236 4534 1236 4533 1236 4498 1246 4497 1246 2485 1246 4497 1246 4496 1246 2485 1246 4497 1236 4535 1236 4496 1236 4536 1236 4497 1236 4498 1236 4536 1236 4535 1236 4497 1236 4502 1246 4501 1246 2485 1246 4500 1236 4538 1236 4499 1236 4538 1236 4537 1236 4499 1236 4538 1237 4576 1237 4537 1237 4576 1237 4575 1237 4537 1237 4576 1258 4614 1258 4575 1258 4614 1258 4613 1258 4575 1258 4614 1248 4652 1248 4613 1248 4501 1236 4502 1236 4540 1236 4502 1236 4541 1236 4540 1236 4502 1236 4503 1236 4541 1236 4503 1236 4542 1236 4541 1236 4506 1246 4505 1246 4482 1246 4505 1246 4504 1246 4482 1246 4505 1236 4543 1236 4504 1236 4544 1236 4505 1236 4506 1236 4544 1236 4543 1236 4505 1236 4508 1236 4546 1236 4507 1236 4546 1236 4545 1236 4507 1236 4546 1237 4584 1237 4545 1237 4584 1237 4583 1237 4545 1237 4584 1258 4622 1258 4583 1258 4622 1258 4621 1258 4583 1258 4622 1248 4660 1248 4621 1248 4660 1248 4659 1248 4621 1248 4660 1249 4476 1249 4659 1249 4509 1246 4482 1246 4510 1246 4482 1246 4511 1246 4510 1246 4482 1246 4512 1246 4511 1246 4512 1236 4550 1236 4511 1236 4512 1236 4551 1236 4550 1236 4551 1237 4589 1237 4550 1237 4551 1237 4590 1237 4589 1237 4590 1258 4628 1258 4589 1258 4509 1236 4510 1236 4548 1236 4510 1236 4549 1236 4548 1236 4510 1236 4511 1236 4549 1236 4511 1236 4550 1236 4549 1236 4514 1246 4513 1246 4482 1246 4513 1246 4512 1246 4482 1246 4513 1236 4551 1236 4512 1236 4552 1236 4513 1236 4514 1236 4552 1236 4551 1236 4513 1236 4555 1236 4554 1236 4516 1236 4554 1236 4515 1236 4516 1236 4484 1236 4523 1236 4522 1236 4523 1237 4561 1237 4522 1237 4523 1237 4562 1237 4561 1237 4562 1258 4600 1258 4561 1258 4562 1258 4601 1258 4600 1258 4601 1248 4639 1248 4600 1248 4601 1248 4640 1248 4639 1248 4640 1249 2479 1249 4639 1249 4561 1237 4560 1237 4522 1237 4524 1237 4525 1237 4563 1237 4525 1237 4564 1237 4563 1237 4525 1237 4526 1237 4564 1237 4526 1237 4565 1237 4564 1237 4566 1237 4527 1237 4528 1237 4492 1236 4531 1236 4530 1236 4531 1237 4569 1237 4530 1237 4531 1237 4570 1237 4569 1237 4570 1258 4608 1258 4569 1258 4570 1258 4609 1258 4608 1258 4609 1248 4647 1248 4608 1248 4609 1248 4648 1248 4647 1248 4648 1249 2479 1249 4647 1249 4569 1237 4568 1237 4530 1237 4532 1237 4533 1237 4571 1237 4533 1237 4572 1237 4571 1237 4533 1237 4534 1237 4572 1237 4534 1237 4573 1237 4572 1237 4574 1237 4535 1237 4536 1237 4500 1236 4539 1236 4538 1236 4539 1237 4577 1237 4538 1237 4539 1237 4578 1237 4577 1237 4578 1258 4616 1258 4577 1258 4578 1258 4617 1258 4616 1258 4617 1248 4655 1248 4616 1248 4617 1248 4656 1248 4655 1248 4656 1249 4476 1249 4655 1249 4577 1237 4576 1237 4538 1237 4540 1237 4541 1237 4579 1237 4541 1237 4580 1237 4579 1237 4541 1237 4542 1237 4580 1237 4542 1237 4581 1237 4580 1237 4582 1237 4543 1237 4544 1237 4508 1236 4547 1236 4546 1236 4547 1237 4585 1237 4546 1237 4547 1237 4586 1237 4585 1237 4586 1258 4624 1258 4585 1258 4586 1258 4625 1258 4624 1258 4625 1248 4663 1248 4624 1248 4625 1248 4664 1248 4663 1248 4664 1249 4476 1249 4663 1249 4585 1237 4584 1237 4546 1237 4548 1237 4549 1237 4587 1237 4549 1237 4588 1237 4587 1237 4549 1237 4550 1237 4588 1237 4550 1237 4589 1237 4588 1237 4590 1237 4551 1237 4552 1237 4592 1237 4591 1237 4553 1237 4594 1237 4593 1237 4555 1237 4593 1237 4554 1237 4555 1237 4561 1258 4599 1258 4560 1258 4599 1258 4598 1258 4560 1258 4599 1248 4637 1248 4598 1248 4637 1248 4636 1248 4598 1248 4637 1249 2479 1249 4636 1249 4563 1258 4564 1258 4602 1258 4564 1258 4603 1258 4602 1258 4564 1258 4565 1258 4603 1258 4565 1258 4604 1258 4603 1258 4569 1258 4607 1258 4568 1258 4607 1258 4606 1258 4568 1258 4607 1248 4645 1248 4606 1248 4645 1248 4644 1248 4606 1248 4645 1249 2479 1249 4644 1249 4571 1258 4572 1258 4610 1258 4572 1258 4611 1258 4610 1258 4572 1258 4573 1258 4611 1258 4573 1258 4612 1258 4611 1258 4577 1258 4615 1258 4576 1258 4615 1258 4614 1258 4576 1258 4615 1248 4653 1248 4614 1248 4653 1248 4652 1248 4614 1248 4579 1258 4580 1258 4618 1258 4580 1258 4619 1258 4618 1258 4580 1258 4581 1258 4619 1258 4581 1258 4620 1258 4619 1258 4585 1258 4623 1258 4584 1258 4623 1258 4622 1258 4584 1258 4623 1248 4661 1248 4622 1248 4661 1248 4660 1248 4622 1248 4661 1249 4476 1249 4660 1249 4587 1258 4588 1258 4626 1258 4588 1258 4627 1258 4626 1258 4588 1258 4589 1258 4627 1258 4589 1258 4628 1258 4627 1258 4592 1258 4630 1258 4591 1258 4630 1258 4629 1258 4591 1258 4630 1248 4668 1248 4629 1248 4668 1248 4667 1248 4629 1248 4668 1249 4476 1249 4667 1249 4633 1258 4632 1258 4594 1258 4632 1258 4593 1258 4594 1258 4561 1258 4600 1258 4599 1258 4600 1248 4638 1248 4599 1248 4600 1248 4639 1248 4638 1248 4639 1249 2479 1249 4638 1249 4638 1248 4637 1248 4599 1248 4642 1248 4603 1248 4604 1248 4642 1248 4641 1248 4603 1248 4641 1248 4602 1248 4603 1248 4569 1258 4608 1258 4607 1258 4608 1248 4646 1248 4607 1248 4608 1248 4647 1248 4646 1248 4647 1249 2479 1249 4646 1249 4646 1248 4645 1248 4607 1248 4650 1248 4611 1248 4612 1248 4650 1248 4649 1248 4611 1248 4649 1248 4610 1248 4611 1248 4577 1258 4616 1258 4615 1258 4616 1248 4654 1248 4615 1248 4616 1248 4655 1248 4654 1248 4655 1249 4476 1249 4654 1249 4654 1248 4653 1248 4615 1248 4658 1248 4619 1248 4620 1248 4658 1248 4657 1248 4619 1248 4657 1248 4618 1248 4619 1248 4585 1258 4624 1258 4623 1258 4624 1248 4662 1248 4623 1248 4624 1248 4663 1248 4662 1248 4663 1249 4476 1249 4662 1249 4662 1248 4661 1248 4623 1248 4666 1248 4627 1248 4628 1248 4666 1248 4665 1248 4627 1248 4665 1248 4626 1248 4627 1248 4592 1258 4631 1258 4630 1258 4631 1248 4669 1248 4630 1248 4631 1248 4670 1248 4669 1248 4670 1249 4476 1249 4669 1249 4669 1248 4668 1248 4630 1248 4672 1248 4671 1248 4633 1248 4671 1248 4632 1248 4633 1248 2479 1249 4637 1249 4638 1249 2479 1249 4645 1249 4646 1249 4476 1249 4653 1249 4654 1249 4476 1249 4661 1249 4662 1249 4476 1249 4668 1249 4669 1249 2486 1234 4673 1234 2485 1234 4673 1234 4482 1234 2485 1234 2465 0 3117 0 2486 0 3117 0 4673 0 2486 0 2499 2 4674 2 2498 2 4674 2 2715 2 2498 2 2500 0 4675 0 2499 0 4675 0 4674 0 2499 0 2501 2 4676 2 2500 2 4676 2 4675 2 2500 2 2506 1343 2507 1343 4683 1343 2507 1343 4684 1343 4683 1343 2507 1343 4685 1343 4684 1343 4685 1251 4723 1251 4684 1251 4685 1259 4724 1259 4723 1259 4724 1252 4762 1252 4723 1252 4724 1252 4763 1252 4762 1252 4763 1253 4801 1253 4762 1253 4763 1253 4802 1253 4801 1253 4802 1268 4840 1268 4801 1268 4802 1268 4841 1268 4840 1268 4841 1255 2501 1255 4840 1255 4841 1255 4842 1255 2501 1255 4842 1255 4843 1255 2501 1255 4842 1268 4804 1268 4843 1268 4804 1268 4805 1268 4843 1268 4804 1253 4766 1253 4805 1253 4766 1253 4767 1253 4805 1253 4766 1252 4728 1252 4767 1252 4728 1252 4729 1252 4767 1252 4728 1251 4690 1251 4729 1251 4690 1251 4691 1251 4729 1251 4690 1343 2507 1343 4691 1343 2507 1343 4692 1343 4691 1343 2507 1343 4693 1343 4692 1343 4693 1251 4731 1251 4692 1251 4693 1259 4732 1259 4731 1259 4732 1252 4770 1252 4731 1252 4732 1252 4771 1252 4770 1252 4771 1253 4809 1253 4770 1253 4771 1253 4810 1253 4809 1253 4810 1268 4848 1268 4809 1268 4810 1268 4849 1268 4848 1268 4849 1255 2501 1255 4848 1255 4849 1255 4850 1255 2501 1255 4850 1255 4851 1255 2501 1255 4850 1268 4812 1268 4851 1268 4812 1268 4813 1268 4851 1268 4812 1253 4774 1253 4813 1253 4774 1253 4775 1253 4813 1253 4774 1252 4736 1252 4775 1252 4736 1252 4737 1252 4775 1252 4736 1251 4698 1251 4737 1251 4698 1251 4699 1251 4737 1251 4698 1343 2507 1343 4699 1343 2507 1343 4700 1343 4699 1343 2507 1343 4701 1343 4700 1343 4701 1251 4739 1251 4700 1251 4701 1251 4740 1251 4739 1251 4740 1252 4778 1252 4739 1252 4740 1252 4779 1252 4778 1252 4779 1253 4817 1253 4778 1253 4779 1253 4818 1253 4817 1253 4818 1268 4856 1268 4817 1268 4818 1268 4857 1268 4856 1268 4857 1255 4676 1255 4856 1255 4857 1255 4858 1255 4676 1255 4858 1255 4859 1255 4676 1255 4858 1268 4820 1268 4859 1268 4820 1268 4821 1268 4859 1268 4820 1253 4782 1253 4821 1253 4782 1253 4783 1253 4821 1253 4782 1252 4744 1252 4783 1252 4744 1252 4745 1252 4783 1252 4744 1251 4706 1251 4745 1251 4706 1251 4707 1251 4745 1251 4706 1343 4682 1343 4707 1343 4682 1343 4708 1343 4707 1343 4682 1343 4709 1343 4708 1343 4709 1251 4747 1251 4708 1251 4709 1251 4748 1251 4747 1251 4748 1252 4786 1252 4747 1252 4748 1252 4787 1252 4786 1252 4787 1253 4825 1253 4786 1253 4787 1253 4826 1253 4825 1253 4826 1254 4864 1254 4825 1254 4826 1254 4865 1254 4864 1254 4865 1255 4676 1255 4864 1255 4865 1255 4866 1255 4676 1255 4866 1255 4867 1255 4676 1255 4866 1254 4828 1254 4867 1254 4828 1254 4829 1254 4867 1254 4828 1253 4790 1253 4829 1253 4790 1253 4791 1253 4829 1253 4790 1252 4752 1252 4791 1252 4752 1252 4753 1252 4791 1252 4752 1259 4714 1259 4753 1259 4714 1259 4715 1259 4753 1259 4714 1343 4682 1343 4715 1343 4682 1343 4716 1343 4715 1343 4682 1343 4717 1343 4716 1343 4717 1259 4755 1259 4716 1259 4717 1259 4756 1259 4755 1259 4756 1252 4794 1252 4755 1252 4756 1252 4795 1252 4794 1252 4795 1253 4833 1253 4794 1253 4795 1253 4834 1253 4833 1253 4834 1254 4872 1254 4833 1254 4834 1254 4677 1254 4872 1254 4677 1255 4676 1255 4872 1255 4676 1255 4871 1255 4872 1255 4676 1255 4870 1255 4871 1255 4870 1254 4832 1254 4871 1254 4870 1254 4831 1254 4832 1254 4831 1253 4793 1253 4832 1253 4831 1253 4792 1253 4793 1253 4792 1252 4754 1252 4793 1252 4792 1252 4753 1252 4754 1252 4753 1259 4715 1259 4754 1259 4683 1251 4721 1251 2506 1251 4721 1251 2505 1251 2506 1251 4721 1252 4759 1252 2505 1252 4759 1252 2504 1252 2505 1252 4759 1253 4797 1253 2504 1253 4797 1253 2503 1253 2504 1253 4797 1268 4835 1268 2503 1268 4835 1268 2502 1268 2503 1268 4835 1255 2501 1255 2502 1255 4676 1255 2501 1255 4853 1255 2501 1255 4852 1255 4853 1255 2501 1255 4851 1255 4852 1255 4851 1268 4813 1268 4852 1268 4677 1254 4834 1254 4678 1254 4834 1253 4796 1253 4678 1253 4834 1253 4795 1253 4796 1253 4795 1252 4757 1252 4796 1252 4795 1252 4756 1252 4757 1252 4756 1259 4718 1259 4757 1259 4756 1259 4717 1259 4718 1259 4717 1343 4682 1343 4718 1343 4678 1253 4796 1253 4679 1253 4796 1252 4758 1252 4679 1252 4796 1252 4757 1252 4758 1252 4757 1259 4719 1259 4758 1259 4757 1259 4718 1259 4719 1259 4718 1343 4682 1343 4719 1343 4679 1252 4758 1252 4680 1252 4758 1259 4720 1259 4680 1259 4758 1259 4719 1259 4720 1259 4719 1343 4682 1343 4720 1343 4680 1259 4720 1259 4681 1259 4720 1343 4682 1343 4681 1343 2507 1343 4682 1343 4702 1343 4682 1343 4703 1343 4702 1343 4682 1343 4704 1343 4703 1343 4704 1251 4742 1251 4703 1251 4704 1251 4743 1251 4742 1251 4743 1252 4781 1252 4742 1252 4743 1252 4782 1252 4781 1252 4782 1253 4820 1253 4781 1253 4684 1251 4722 1251 4683 1251 4722 1251 4721 1251 4683 1251 4722 1252 4760 1252 4721 1252 4760 1252 4759 1252 4721 1252 4760 1253 4798 1253 4759 1253 4798 1253 4797 1253 4759 1253 4798 1268 4836 1268 4797 1268 4836 1268 4835 1268 4797 1268 4836 1255 2501 1255 4835 1255 4685 1343 2507 1343 4686 1343 2507 1343 4687 1343 4686 1343 2507 1343 4688 1343 4687 1343 4688 1251 4726 1251 4687 1251 4688 1251 4727 1251 4726 1251 4727 1252 4765 1252 4726 1252 4727 1252 4766 1252 4765 1252 4766 1253 4804 1253 4765 1253 4685 1259 4686 1259 4724 1259 4686 1251 4725 1251 4724 1251 4686 1251 4687 1251 4725 1251 4687 1251 4726 1251 4725 1251 4690 1343 4689 1343 2507 1343 4689 1343 4688 1343 2507 1343 4689 1251 4727 1251 4688 1251 4728 1251 4689 1251 4690 1251 4728 1251 4727 1251 4689 1251 4692 1251 4730 1251 4691 1251 4730 1251 4729 1251 4691 1251 4730 1252 4768 1252 4729 1252 4768 1252 4767 1252 4729 1252 4768 1253 4806 1253 4767 1253 4806 1253 4805 1253 4767 1253 4806 1268 4844 1268 4805 1268 4844 1268 4843 1268 4805 1268 4844 1255 2501 1255 4843 1255 4693 1343 2507 1343 4694 1343 2507 1343 4695 1343 4694 1343 2507 1343 4696 1343 4695 1343 4696 1251 4734 1251 4695 1251 4696 1251 4735 1251 4734 1251 4735 1252 4773 1252 4734 1252 4735 1252 4774 1252 4773 1252 4774 1253 4812 1253 4773 1253 4693 1259 4694 1259 4732 1259 4694 1251 4733 1251 4732 1251 4694 1251 4695 1251 4733 1251 4695 1251 4734 1251 4733 1251 4698 1343 4697 1343 2507 1343 4697 1343 4696 1343 2507 1343 4697 1251 4735 1251 4696 1251 4736 1251 4697 1251 4698 1251 4736 1251 4735 1251 4697 1251 4702 1343 4701 1343 2507 1343 4700 1251 4738 1251 4699 1251 4738 1251 4737 1251 4699 1251 4738 1252 4776 1252 4737 1252 4776 1252 4775 1252 4737 1252 4776 1253 4814 1253 4775 1253 4814 1253 4813 1253 4775 1253 4814 1268 4852 1268 4813 1268 4701 1251 4702 1251 4740 1251 4702 1251 4741 1251 4740 1251 4702 1251 4703 1251 4741 1251 4703 1251 4742 1251 4741 1251 4706 1343 4705 1343 4682 1343 4705 1343 4704 1343 4682 1343 4705 1251 4743 1251 4704 1251 4744 1251 4705 1251 4706 1251 4744 1251 4743 1251 4705 1251 4708 1251 4746 1251 4707 1251 4746 1251 4745 1251 4707 1251 4746 1252 4784 1252 4745 1252 4784 1252 4783 1252 4745 1252 4784 1253 4822 1253 4783 1253 4822 1253 4821 1253 4783 1253 4822 1268 4860 1268 4821 1268 4860 1268 4859 1268 4821 1268 4860 1255 4676 1255 4859 1255 4709 1343 4682 1343 4710 1343 4682 1343 4711 1343 4710 1343 4682 1343 4712 1343 4711 1343 4712 1259 4750 1259 4711 1259 4712 1259 4751 1259 4750 1259 4751 1252 4789 1252 4750 1252 4751 1252 4790 1252 4789 1252 4790 1253 4828 1253 4789 1253 4709 1251 4710 1251 4748 1251 4710 1251 4749 1251 4748 1251 4710 1251 4711 1251 4749 1251 4711 1259 4750 1259 4749 1259 4714 1343 4713 1343 4682 1343 4713 1343 4712 1343 4682 1343 4713 1259 4751 1259 4712 1259 4752 1259 4713 1259 4714 1259 4752 1259 4751 1259 4713 1259 4755 1259 4754 1259 4716 1259 4754 1259 4715 1259 4716 1259 4684 1251 4723 1251 4722 1251 4723 1252 4761 1252 4722 1252 4723 1252 4762 1252 4761 1252 4762 1253 4800 1253 4761 1253 4762 1253 4801 1253 4800 1253 4801 1268 4839 1268 4800 1268 4801 1268 4840 1268 4839 1268 4840 1255 2501 1255 4839 1255 4761 1252 4760 1252 4722 1252 4724 1252 4725 1252 4763 1252 4725 1252 4764 1252 4763 1252 4725 1252 4726 1252 4764 1252 4726 1252 4765 1252 4764 1252 4766 1252 4727 1252 4728 1252 4692 1251 4731 1251 4730 1251 4731 1252 4769 1252 4730 1252 4731 1252 4770 1252 4769 1252 4770 1253 4808 1253 4769 1253 4770 1253 4809 1253 4808 1253 4809 1268 4847 1268 4808 1268 4809 1268 4848 1268 4847 1268 4848 1255 2501 1255 4847 1255 4769 1252 4768 1252 4730 1252 4732 1252 4733 1252 4771 1252 4733 1252 4772 1252 4771 1252 4733 1252 4734 1252 4772 1252 4734 1252 4773 1252 4772 1252 4774 1252 4735 1252 4736 1252 4700 1251 4739 1251 4738 1251 4739 1252 4777 1252 4738 1252 4739 1252 4778 1252 4777 1252 4778 1253 4816 1253 4777 1253 4778 1253 4817 1253 4816 1253 4817 1268 4855 1268 4816 1268 4817 1268 4856 1268 4855 1268 4856 1255 4676 1255 4855 1255 4777 1252 4776 1252 4738 1252 4740 1252 4741 1252 4779 1252 4741 1252 4780 1252 4779 1252 4741 1252 4742 1252 4780 1252 4742 1252 4781 1252 4780 1252 4782 1252 4743 1252 4744 1252 4708 1251 4747 1251 4746 1251 4747 1252 4785 1252 4746 1252 4747 1252 4786 1252 4785 1252 4786 1253 4824 1253 4785 1253 4786 1253 4825 1253 4824 1253 4825 1268 4863 1268 4824 1268 4825 1254 4864 1254 4863 1254 4864 1255 4676 1255 4863 1255 4785 1252 4784 1252 4746 1252 4748 1252 4749 1252 4787 1252 4749 1252 4788 1252 4787 1252 4749 1252 4750 1252 4788 1252 4750 1252 4789 1252 4788 1252 4790 1252 4751 1252 4752 1252 4792 1252 4791 1252 4753 1252 4794 1252 4793 1252 4755 1252 4793 1252 4754 1252 4755 1252 4761 1253 4799 1253 4760 1253 4799 1253 4798 1253 4760 1253 4799 1268 4837 1268 4798 1268 4837 1268 4836 1268 4798 1268 4837 1255 2501 1255 4836 1255 4763 1253 4764 1253 4802 1253 4764 1253 4803 1253 4802 1253 4764 1253 4765 1253 4803 1253 4765 1253 4804 1253 4803 1253 4769 1253 4807 1253 4768 1253 4807 1253 4806 1253 4768 1253 4807 1268 4845 1268 4806 1268 4845 1268 4844 1268 4806 1268 4845 1255 2501 1255 4844 1255 4771 1253 4772 1253 4810 1253 4772 1253 4811 1253 4810 1253 4772 1253 4773 1253 4811 1253 4773 1253 4812 1253 4811 1253 4777 1253 4815 1253 4776 1253 4815 1253 4814 1253 4776 1253 4815 1268 4853 1268 4814 1268 4853 1268 4852 1268 4814 1268 4779 1253 4780 1253 4818 1253 4780 1253 4819 1253 4818 1253 4780 1253 4781 1253 4819 1253 4781 1253 4820 1253 4819 1253 4785 1253 4823 1253 4784 1253 4823 1253 4822 1253 4784 1253 4823 1268 4861 1268 4822 1268 4861 1268 4860 1268 4822 1268 4861 1255 4676 1255 4860 1255 4787 1253 4788 1253 4826 1253 4788 1253 4827 1253 4826 1253 4788 1253 4789 1253 4827 1253 4789 1253 4828 1253 4827 1253 4792 1253 4830 1253 4791 1253 4830 1253 4829 1253 4791 1253 4830 1254 4868 1254 4829 1254 4868 1254 4867 1254 4829 1254 4868 1255 4676 1255 4867 1255 4833 1253 4832 1253 4794 1253 4832 1253 4793 1253 4794 1253 4761 1253 4800 1253 4799 1253 4800 1254 4838 1254 4799 1254 4800 1268 4839 1268 4838 1268 4839 1255 2501 1255 4838 1255 4838 1254 4837 1254 4799 1254 4842 1268 4803 1268 4804 1268 4842 1268 4841 1268 4803 1268 4841 1268 4802 1268 4803 1268 4769 1253 4808 1253 4807 1253 4808 1254 4846 1254 4807 1254 4808 1268 4847 1268 4846 1268 4847 1255 2501 1255 4846 1255 4846 1254 4845 1254 4807 1254 4850 1268 4811 1268 4812 1268 4850 1268 4849 1268 4811 1268 4849 1268 4810 1268 4811 1268 4777 1253 4816 1253 4815 1253 4816 1268 4854 1268 4815 1268 4816 1268 4855 1268 4854 1268 4855 1255 4676 1255 4854 1255 4854 1268 4853 1268 4815 1268 4858 1268 4819 1268 4820 1268 4858 1268 4857 1268 4819 1268 4857 1268 4818 1268 4819 1268 4785 1253 4824 1253 4823 1253 4824 1268 4862 1268 4823 1268 4824 1268 4863 1268 4862 1268 4863 1255 4676 1255 4862 1255 4862 1268 4861 1268 4823 1268 4866 1254 4827 1254 4828 1254 4866 1254 4865 1254 4827 1254 4865 1254 4826 1254 4827 1254 4792 1253 4831 1253 4830 1253 4831 1254 4869 1254 4830 1254 4831 1254 4870 1254 4869 1254 4870 1255 4676 1255 4869 1255 4869 1254 4868 1254 4830 1254 4872 1254 4871 1254 4833 1254 4871 1254 4832 1254 4833 1254 2501 1255 4837 1255 4838 1255 2501 1255 4845 1255 4846 1255 4676 1255 4853 1255 4854 1255 4676 1255 4861 1255 4862 1255 4676 1255 4868 1255 4869 1255 2508 0 4873 0 2507 0 4873 0 4682 0 2507 0 2487 2 2915 2 2508 2 2915 2 4873 2 2508 2 2528 0 4874 0 2527 0 4874 0 3906 0 2527 0 2529 1569 3992 1569 2528 1569 3992 1569 4874 1569 2528 1569 2536 1234 4875 1234 2535 1234 4875 1234 3908 1234 2535 1234 2537 1570 3909 1570 2536 1570 3909 1570 4875 1570 2536 1570 2337 1234 3904 1234 2420 1234 3904 1234 4876 1234 2420 1234 2420 0 4876 0 2419 0 4876 0 4877 0 2419 0 2419 1234 4877 1234 2418 1234 4877 1234 4878 1234 2418 1234 2418 1 4878 1 2417 1 4878 1 4879 1 2417 1 2417 1234 4879 1234 2416 1234 4879 1234 4880 1234 2416 1234 2416 1 4880 1 2415 1 4880 1 4881 1 2415 1 2414 1270 2415 1270 4888 1270 2415 1270 4889 1270 4888 1270 2415 1270 4890 1270 4889 1270 4890 1243 4924 1243 4889 1243 4890 1243 4925 1243 4924 1243 4925 1242 4959 1242 4924 1242 4925 1242 4960 1242 4959 1242 4960 1241 4994 1241 4959 1241 4960 1241 4995 1241 4994 1241 4995 1269 5029 1269 4994 1269 4995 1269 5030 1269 5029 1269 5030 1256 2409 1256 5029 1256 5030 1256 5031 1256 2409 1256 5031 1256 5032 1256 2409 1256 5031 1269 4997 1269 5032 1269 4997 1269 4998 1269 5032 1269 4997 1241 4963 1241 4998 1241 4963 1241 4964 1241 4998 1241 4963 1242 4929 1242 4964 1242 4929 1242 4930 1242 4964 1242 4929 1243 4895 1243 4930 1243 4895 1243 4896 1243 4930 1243 4895 1270 2415 1270 4896 1270 2415 1270 4897 1270 4896 1270 2415 1270 4898 1270 4897 1270 4898 1243 4932 1243 4897 1243 4898 1243 4933 1243 4932 1243 4933 1242 4967 1242 4932 1242 4933 1242 4968 1242 4967 1242 4968 1241 5002 1241 4967 1241 4968 1241 5003 1241 5002 1241 5003 1269 5037 1269 5002 1269 5003 1269 5038 1269 5037 1269 5038 1256 2409 1256 5037 1256 5038 1256 5039 1256 2409 1256 5039 1256 5040 1256 2409 1256 5039 1269 5005 1269 5040 1269 5005 1269 5006 1269 5040 1269 5005 1241 4971 1241 5006 1241 4971 1241 4972 1241 5006 1241 4971 1242 4937 1242 4972 1242 4937 1242 4938 1242 4972 1242 4937 1243 4903 1243 4938 1243 4903 1243 4904 1243 4938 1243 4903 1270 2415 1270 4904 1270 2415 1270 4905 1270 4904 1270 2415 1270 4881 1270 4905 1270 4881 1270 4906 1270 4905 1270 4881 1270 4907 1270 4906 1270 4907 1243 4941 1243 4906 1243 4907 1243 4942 1243 4941 1243 4942 1242 4976 1242 4941 1242 4942 1242 4977 1242 4976 1242 4977 1241 5011 1241 4976 1241 4977 1241 5012 1241 5011 1241 5012 1269 5046 1269 5011 1269 5012 1269 5047 1269 5046 1269 5047 1256 4882 1256 5046 1256 5047 1256 5048 1256 4882 1256 5048 1256 5049 1256 4882 1256 5048 1269 5014 1269 5049 1269 5014 1269 5015 1269 5049 1269 5014 1241 4980 1241 5015 1241 4980 1241 4981 1241 5015 1241 4980 1242 4946 1242 4981 1242 4946 1242 4947 1242 4981 1242 4946 1243 4912 1243 4947 1243 4912 1243 4913 1243 4947 1243 4912 1270 4881 1270 4913 1270 4881 1270 4914 1270 4913 1270 4881 1270 4915 1270 4914 1270 4915 1243 4949 1243 4914 1243 4915 1243 4950 1243 4949 1243 4950 1242 4984 1242 4949 1242 4950 1242 4985 1242 4984 1242 4985 1241 5019 1241 4984 1241 4985 1241 5020 1241 5019 1241 5020 1269 5054 1269 5019 1269 5020 1269 5055 1269 5054 1269 5055 1256 4882 1256 5054 1256 5055 1256 5056 1256 4882 1256 5056 1256 5057 1256 4882 1256 5056 1269 5022 1269 5057 1269 5022 1269 5023 1269 5057 1269 5022 1241 4988 1241 5023 1241 4988 1241 4989 1241 5023 1241 4988 1242 4954 1242 4989 1242 4954 1242 4955 1242 4989 1242 4954 1243 4920 1243 4955 1243 4920 1243 4921 1243 4955 1243 4920 1270 4881 1270 4921 1270 4881 1270 4887 1270 4921 1270 4887 1243 4886 1243 4921 1243 4886 1243 4955 1243 4921 1243 4886 1242 4885 1242 4955 1242 4885 1242 4989 1242 4955 1242 4885 1241 4884 1241 4989 1241 4884 1241 5023 1241 4989 1241 4884 1269 4883 1269 5023 1269 4883 1269 5057 1269 5023 1269 4883 1256 4882 1256 5057 1256 4888 1243 4922 1243 2414 1243 4922 1243 2413 1243 2414 1243 4922 1242 4956 1242 2413 1242 4956 1242 2412 1242 2413 1242 4956 1241 4990 1241 2412 1241 4990 1241 2411 1241 2412 1241 4990 1269 5024 1269 2411 1269 5024 1269 2410 1269 2411 1269 5024 1256 2409 1256 2410 1256 2409 1256 5040 1256 4882 1256 5040 1256 5041 1256 4882 1256 5040 1269 5006 1269 5041 1269 5006 1269 5007 1269 5041 1269 5006 1241 4972 1241 5007 1241 4972 1241 4973 1241 5007 1241 4972 1242 4938 1242 4973 1242 4938 1242 4939 1242 4973 1242 4938 1243 4904 1243 4939 1243 4904 1243 4905 1243 4939 1243 4889 1243 4923 1243 4888 1243 4923 1243 4922 1243 4888 1243 4923 1242 4957 1242 4922 1242 4957 1242 4956 1242 4922 1242 4957 1241 4991 1241 4956 1241 4991 1241 4990 1241 4956 1241 4991 1269 5025 1269 4990 1269 5025 1269 5024 1269 4990 1269 5025 1256 2409 1256 5024 1256 4890 1270 2415 1270 4891 1270 2415 1270 4892 1270 4891 1270 2415 1270 4893 1270 4892 1270 4893 1243 4927 1243 4892 1243 4893 1243 4928 1243 4927 1243 4928 1242 4962 1242 4927 1242 4928 1242 4963 1242 4962 1242 4963 1241 4997 1241 4962 1241 4890 1243 4891 1243 4925 1243 4891 1243 4926 1243 4925 1243 4891 1243 4892 1243 4926 1243 4892 1243 4927 1243 4926 1243 4895 1270 4894 1270 2415 1270 4894 1270 4893 1270 2415 1270 4894 1243 4928 1243 4893 1243 4929 1243 4894 1243 4895 1243 4929 1243 4928 1243 4894 1243 4897 1243 4931 1243 4896 1243 4931 1243 4930 1243 4896 1243 4931 1242 4965 1242 4930 1242 4965 1242 4964 1242 4930 1242 4965 1241 4999 1241 4964 1241 4999 1241 4998 1241 4964 1241 4999 1269 5033 1269 4998 1269 5033 1269 5032 1269 4998 1269 5033 1256 2409 1256 5032 1256 4898 1270 2415 1270 4899 1270 2415 1270 4900 1270 4899 1270 2415 1270 4901 1270 4900 1270 4901 1243 4935 1243 4900 1243 4901 1243 4936 1243 4935 1243 4936 1242 4970 1242 4935 1242 4936 1242 4971 1242 4970 1242 4971 1241 5005 1241 4970 1241 4898 1243 4899 1243 4933 1243 4899 1243 4934 1243 4933 1243 4899 1243 4900 1243 4934 1243 4900 1243 4935 1243 4934 1243 4903 1270 4902 1270 2415 1270 4902 1270 4901 1270 2415 1270 4902 1243 4936 1243 4901 1243 4937 1243 4902 1243 4903 1243 4937 1243 4936 1243 4902 1243 4906 1243 4940 1243 4905 1243 4940 1243 4939 1243 4905 1243 4940 1242 4974 1242 4939 1242 4974 1242 4973 1242 4939 1242 4974 1241 5008 1241 4973 1241 5008 1241 5007 1241 4973 1241 5008 1269 5042 1269 5007 1269 5042 1269 5041 1269 5007 1269 5042 1256 4882 1256 5041 1256 4907 1270 4881 1270 4908 1270 4881 1270 4909 1270 4908 1270 4881 1270 4910 1270 4909 1270 4910 1243 4944 1243 4909 1243 4910 1243 4945 1243 4944 1243 4945 1242 4979 1242 4944 1242 4945 1242 4980 1242 4979 1242 4980 1241 5014 1241 4979 1241 4907 1243 4908 1243 4942 1243 4908 1243 4943 1243 4942 1243 4908 1243 4909 1243 4943 1243 4909 1243 4944 1243 4943 1243 4912 1270 4911 1270 4881 1270 4911 1270 4910 1270 4881 1270 4911 1243 4945 1243 4910 1243 4946 1243 4911 1243 4912 1243 4946 1243 4945 1243 4911 1243 4914 1243 4948 1243 4913 1243 4948 1243 4947 1243 4913 1243 4948 1242 4982 1242 4947 1242 4982 1242 4981 1242 4947 1242 4982 1241 5016 1241 4981 1241 5016 1241 5015 1241 4981 1241 5016 1269 5050 1269 5015 1269 5050 1269 5049 1269 5015 1269 5050 1256 4882 1256 5049 1256 4915 1270 4881 1270 4916 1270 4881 1270 4917 1270 4916 1270 4881 1270 4918 1270 4917 1270 4918 1243 4952 1243 4917 1243 4918 1243 4953 1243 4952 1243 4953 1242 4987 1242 4952 1242 4953 1242 4988 1242 4987 1242 4988 1241 5022 1241 4987 1241 4915 1243 4916 1243 4950 1243 4916 1243 4951 1243 4950 1243 4916 1243 4917 1243 4951 1243 4917 1243 4952 1243 4951 1243 4920 1270 4919 1270 4881 1270 4919 1270 4918 1270 4881 1270 4919 1243 4953 1243 4918 1243 4954 1243 4919 1243 4920 1243 4954 1243 4953 1243 4919 1243 4889 1243 4924 1243 4923 1243 4924 1242 4958 1242 4923 1242 4924 1242 4959 1242 4958 1242 4959 1241 4993 1241 4958 1241 4959 1241 4994 1241 4993 1241 4994 1269 5028 1269 4993 1269 4994 1269 5029 1269 5028 1269 5029 1256 2409 1256 5028 1256 4958 1242 4957 1242 4923 1242 4925 1242 4926 1242 4960 1242 4926 1242 4961 1242 4960 1242 4926 1242 4927 1242 4961 1242 4927 1242 4962 1242 4961 1242 4963 1242 4928 1242 4929 1242 4897 1243 4932 1243 4931 1243 4932 1242 4966 1242 4931 1242 4932 1242 4967 1242 4966 1242 4967 1241 5001 1241 4966 1241 4967 1241 5002 1241 5001 1241 5002 1269 5036 1269 5001 1269 5002 1269 5037 1269 5036 1269 5037 1256 2409 1256 5036 1256 4966 1242 4965 1242 4931 1242 4933 1242 4934 1242 4968 1242 4934 1242 4969 1242 4968 1242 4934 1242 4935 1242 4969 1242 4935 1242 4970 1242 4969 1242 4971 1242 4936 1242 4937 1242 4906 1243 4941 1243 4940 1243 4941 1242 4975 1242 4940 1242 4941 1242 4976 1242 4975 1242 4976 1241 5010 1241 4975 1241 4976 1241 5011 1241 5010 1241 5011 1269 5045 1269 5010 1269 5011 1269 5046 1269 5045 1269 5046 1256 4882 1256 5045 1256 4975 1242 4974 1242 4940 1242 4942 1242 4943 1242 4977 1242 4943 1242 4978 1242 4977 1242 4943 1242 4944 1242 4978 1242 4944 1242 4979 1242 4978 1242 4980 1242 4945 1242 4946 1242 4914 1243 4949 1243 4948 1243 4949 1242 4983 1242 4948 1242 4949 1242 4984 1242 4983 1242 4984 1241 5018 1241 4983 1241 4984 1241 5019 1241 5018 1241 5019 1269 5053 1269 5018 1269 5019 1269 5054 1269 5053 1269 5054 1256 4882 1256 5053 1256 4983 1242 4982 1242 4948 1242 4950 1242 4951 1242 4985 1242 4951 1242 4986 1242 4985 1242 4951 1242 4952 1242 4986 1242 4952 1242 4987 1242 4986 1242 4988 1242 4953 1242 4954 1242 4958 1241 4992 1241 4957 1241 4992 1241 4991 1241 4957 1241 4992 1269 5026 1269 4991 1269 5026 1269 5025 1269 4991 1269 5026 1256 2409 1256 5025 1256 4960 1241 4961 1241 4995 1241 4961 1241 4996 1241 4995 1241 4961 1241 4962 1241 4996 1241 4962 1241 4997 1241 4996 1241 4966 1241 5000 1241 4965 1241 5000 1241 4999 1241 4965 1241 5000 1269 5034 1269 4999 1269 5034 1269 5033 1269 4999 1269 5034 1256 2409 1256 5033 1256 4968 1241 4969 1241 5003 1241 4969 1241 5004 1241 5003 1241 4969 1241 4970 1241 5004 1241 4970 1241 5005 1241 5004 1241 4975 1241 5009 1241 4974 1241 5009 1241 5008 1241 4974 1241 5009 1269 5043 1269 5008 1269 5043 1269 5042 1269 5008 1269 5043 1256 4882 1256 5042 1256 4977 1241 4978 1241 5012 1241 4978 1241 5013 1241 5012 1241 4978 1241 4979 1241 5013 1241 4979 1241 5014 1241 5013 1241 4983 1241 5017 1241 4982 1241 5017 1241 5016 1241 4982 1241 5017 1269 5051 1269 5016 1269 5051 1269 5050 1269 5016 1269 5051 1256 4882 1256 5050 1256 4985 1241 4986 1241 5020 1241 4986 1241 5021 1241 5020 1241 4986 1241 4987 1241 5021 1241 4987 1241 5022 1241 5021 1241 4958 1241 4993 1241 4992 1241 4993 1269 5027 1269 4992 1269 4993 1269 5028 1269 5027 1269 5028 1256 2409 1256 5027 1256 5027 1269 5026 1269 4992 1269 5031 1269 4996 1269 4997 1269 5031 1269 5030 1269 4996 1269 5030 1269 4995 1269 4996 1269 4966 1241 5001 1241 5000 1241 5001 1269 5035 1269 5000 1269 5001 1269 5036 1269 5035 1269 5036 1256 2409 1256 5035 1256 5035 1269 5034 1269 5000 1269 5039 1269 5004 1269 5005 1269 5039 1269 5038 1269 5004 1269 5038 1269 5003 1269 5004 1269 4975 1241 5010 1241 5009 1241 5010 1269 5044 1269 5009 1269 5010 1269 5045 1269 5044 1269 5045 1256 4882 1256 5044 1256 5044 1269 5043 1269 5009 1269 5048 1269 5013 1269 5014 1269 5048 1269 5047 1269 5013 1269 5047 1269 5012 1269 5013 1269 4983 1241 5018 1241 5017 1241 5018 1269 5052 1269 5017 1269 5018 1269 5053 1269 5052 1269 5053 1256 4882 1256 5052 1256 5052 1269 5051 1269 5017 1269 5056 1269 5021 1269 5022 1269 5056 1269 5055 1269 5021 1269 5055 1269 5020 1269 5021 1269 2409 1256 5026 1256 5027 1256 2409 1256 5034 1256 5035 1256 4882 1256 5043 1256 5044 1256 4882 1256 5051 1256 5052 1256 2409 2 4882 2 2408 2 4882 2 5058 2 2408 2 2408 0 5058 0 2407 0 5058 0 5059 0 2407 0 2407 2 5059 2 2406 2 5059 2 5060 2 2406 2 2406 0 5060 0 2405 0 5060 0 5061 0 2405 0 2405 1234 5061 1234 2404 1234 5061 1234 5062 1234 2404 1234 2404 0 5062 0 2403 0 5062 0 5063 0 2403 0 2403 1571 5063 1571 2402 1571 5063 1571 5064 1571 2402 1571 2402 2 5064 2 2401 2 5064 2 5065 2 2401 2 2401 1557 5065 1557 2400 1557 5065 1557 5066 1557 2400 1557 2400 1 5066 1 2399 1 5066 1 5067 1 2399 1 2399 1234 5067 1234 2398 1234 5067 1234 5068 1234 2398 1234 2398 1 5068 1 2397 1 5068 1 5069 1 2397 1 2397 2 5069 2 2396 2 5069 2 5070 2 2396 2 2396 1 5070 1 2395 1 5070 1 5071 1 2395 1 2395 2 5071 2 2394 2 5071 2 5072 2 2394 2 2393 1255 2394 1255 5079 1255 2394 1255 5080 1255 5079 1255 2394 1255 5081 1255 5080 1255 5081 1268 5115 1268 5080 1268 5081 1268 5116 1268 5115 1268 5116 1253 5150 1253 5115 1253 5116 1253 5151 1253 5150 1253 5151 1572 5185 1572 5150 1572 5151 1572 5186 1572 5185 1572 5186 1259 5220 1259 5185 1259 5186 1259 5221 1259 5220 1259 5221 1343 2388 1343 5220 1343 5221 1343 5222 1343 2388 1343 5222 1343 5223 1343 2388 1343 5222 1259 5188 1259 5223 1259 5188 1259 5189 1259 5223 1259 5188 1572 5154 1572 5189 1572 5154 1572 5155 1572 5189 1572 5154 1253 5120 1253 5155 1253 5120 1253 5121 1253 5155 1253 5120 1268 5086 1268 5121 1268 5086 1268 5087 1268 5121 1268 5086 1255 2394 1255 5087 1255 2394 1255 5088 1255 5087 1255 2394 1255 5089 1255 5088 1255 5089 1268 5123 1268 5088 1268 5089 1268 5124 1268 5123 1268 5124 1253 5158 1253 5123 1253 5124 1253 5159 1253 5158 1253 5159 1572 5193 1572 5158 1572 5159 1572 5194 1572 5193 1572 5194 1259 5228 1259 5193 1259 5194 1259 5229 1259 5228 1259 5229 1343 2388 1343 5228 1343 5229 1343 5230 1343 2388 1343 5230 1343 5231 1343 2388 1343 5230 1259 5196 1259 5231 1259 5196 1259 5197 1259 5231 1259 5196 1572 5162 1572 5197 1572 5162 1572 5163 1572 5197 1572 5162 1253 5128 1253 5163 1253 5128 1253 5129 1253 5163 1253 5128 1268 5094 1268 5129 1268 5094 1268 5095 1268 5129 1268 5094 1255 2394 1255 5095 1255 2394 1255 5096 1255 5095 1255 2394 1255 5072 1255 5096 1255 5072 1255 5097 1255 5096 1255 5072 1255 5098 1255 5097 1255 5098 1268 5132 1268 5097 1268 5098 1268 5133 1268 5132 1268 5133 1253 5167 1253 5132 1253 5133 1253 5168 1253 5167 1253 5168 1572 5202 1572 5167 1572 5168 1572 5203 1572 5202 1572 5203 1259 5237 1259 5202 1259 5203 1259 5238 1259 5237 1259 5238 1343 5073 1343 5237 1343 5238 1343 5239 1343 5073 1343 5239 1343 5240 1343 5073 1343 5239 1259 5205 1259 5240 1259 5205 1259 5206 1259 5240 1259 5205 1572 5171 1572 5206 1572 5171 1572 5172 1572 5206 1572 5171 1253 5137 1253 5172 1253 5137 1253 5138 1253 5172 1253 5137 1268 5103 1268 5138 1268 5103 1268 5104 1268 5138 1268 5103 1255 5072 1255 5104 1255 5072 1255 5105 1255 5104 1255 5072 1255 5106 1255 5105 1255 5106 1268 5140 1268 5105 1268 5106 1268 5141 1268 5140 1268 5141 1253 5175 1253 5140 1253 5141 1253 5176 1253 5175 1253 5176 1572 5210 1572 5175 1572 5176 1572 5211 1572 5210 1572 5211 1259 5245 1259 5210 1259 5211 1259 5246 1259 5245 1259 5246 1343 5073 1343 5245 1343 5246 1343 5247 1343 5073 1343 5247 1343 5248 1343 5073 1343 5247 1259 5213 1259 5248 1259 5213 1259 5214 1259 5248 1259 5213 1572 5179 1572 5214 1572 5179 1572 5180 1572 5214 1572 5179 1253 5145 1253 5180 1253 5145 1253 5146 1253 5180 1253 5145 1268 5111 1268 5146 1268 5111 1268 5112 1268 5146 1268 5111 1255 5072 1255 5112 1255 5072 1255 5078 1255 5112 1255 5078 1268 5077 1268 5112 1268 5077 1268 5146 1268 5112 1268 5077 1253 5076 1253 5146 1253 5076 1253 5180 1253 5146 1253 5076 1572 5075 1572 5180 1572 5075 1572 5214 1572 5180 1572 5075 1259 5074 1259 5214 1259 5074 1259 5248 1259 5214 1259 5074 1343 5073 1343 5248 1343 5079 1268 5113 1268 2393 1268 5113 1268 2392 1268 2393 1268 5113 1253 5147 1253 2392 1253 5147 1253 2391 1253 2392 1253 5147 1572 5181 1572 2391 1572 5181 1572 2390 1572 2391 1572 5181 1259 5215 1259 2390 1259 5215 1259 2389 1259 2390 1259 5215 1343 2388 1343 2389 1343 2388 1343 5231 1343 5073 1343 5231 1343 5232 1343 5073 1343 5231 1259 5197 1259 5232 1259 5197 1259 5198 1259 5232 1259 5197 1572 5163 1572 5198 1572 5163 1572 5164 1572 5198 1572 5163 1253 5129 1253 5164 1253 5129 1253 5130 1253 5164 1253 5129 1268 5095 1268 5130 1268 5095 1268 5096 1268 5130 1268 5080 1268 5114 1268 5079 1268 5114 1268 5113 1268 5079 1268 5114 1253 5148 1253 5113 1253 5148 1253 5147 1253 5113 1253 5148 1572 5182 1572 5147 1572 5182 1572 5181 1572 5147 1572 5182 1259 5216 1259 5181 1259 5216 1259 5215 1259 5181 1259 5216 1343 2388 1343 5215 1343 5081 1255 2394 1255 5082 1255 2394 1255 5083 1255 5082 1255 2394 1255 5084 1255 5083 1255 5084 1268 5118 1268 5083 1268 5084 1268 5119 1268 5118 1268 5119 1253 5153 1253 5118 1253 5119 1253 5154 1253 5153 1253 5154 1572 5188 1572 5153 1572 5081 1268 5082 1268 5116 1268 5082 1268 5117 1268 5116 1268 5082 1268 5083 1268 5117 1268 5083 1268 5118 1268 5117 1268 5086 1255 5085 1255 2394 1255 5085 1255 5084 1255 2394 1255 5085 1268 5119 1268 5084 1268 5120 1268 5085 1268 5086 1268 5120 1268 5119 1268 5085 1268 5088 1268 5122 1268 5087 1268 5122 1268 5121 1268 5087 1268 5122 1253 5156 1253 5121 1253 5156 1253 5155 1253 5121 1253 5156 1572 5190 1572 5155 1572 5190 1572 5189 1572 5155 1572 5190 1259 5224 1259 5189 1259 5224 1259 5223 1259 5189 1259 5224 1343 2388 1343 5223 1343 5089 1255 2394 1255 5090 1255 2394 1255 5091 1255 5090 1255 2394 1255 5092 1255 5091 1255 5092 1268 5126 1268 5091 1268 5092 1268 5127 1268 5126 1268 5127 1253 5161 1253 5126 1253 5127 1253 5162 1253 5161 1253 5162 1572 5196 1572 5161 1572 5089 1268 5090 1268 5124 1268 5090 1268 5125 1268 5124 1268 5090 1268 5091 1268 5125 1268 5091 1268 5126 1268 5125 1268 5094 1255 5093 1255 2394 1255 5093 1255 5092 1255 2394 1255 5093 1268 5127 1268 5092 1268 5128 1268 5093 1268 5094 1268 5128 1268 5127 1268 5093 1268 5097 1268 5131 1268 5096 1268 5131 1268 5130 1268 5096 1268 5131 1253 5165 1253 5130 1253 5165 1253 5164 1253 5130 1253 5165 1572 5199 1572 5164 1572 5199 1572 5198 1572 5164 1572 5199 1259 5233 1259 5198 1259 5233 1259 5232 1259 5198 1259 5233 1343 5073 1343 5232 1343 5098 1255 5072 1255 5099 1255 5072 1255 5100 1255 5099 1255 5072 1255 5101 1255 5100 1255 5101 1268 5135 1268 5100 1268 5101 1268 5136 1268 5135 1268 5136 1253 5170 1253 5135 1253 5136 1253 5171 1253 5170 1253 5171 1572 5205 1572 5170 1572 5098 1268 5099 1268 5133 1268 5099 1268 5134 1268 5133 1268 5099 1268 5100 1268 5134 1268 5100 1268 5135 1268 5134 1268 5103 1255 5102 1255 5072 1255 5102 1255 5101 1255 5072 1255 5102 1268 5136 1268 5101 1268 5137 1268 5102 1268 5103 1268 5137 1268 5136 1268 5102 1268 5105 1268 5139 1268 5104 1268 5139 1268 5138 1268 5104 1268 5139 1253 5173 1253 5138 1253 5173 1253 5172 1253 5138 1253 5173 1572 5207 1572 5172 1572 5207 1572 5206 1572 5172 1572 5207 1259 5241 1259 5206 1259 5241 1259 5240 1259 5206 1259 5241 1343 5073 1343 5240 1343 5106 1255 5072 1255 5107 1255 5072 1255 5108 1255 5107 1255 5072 1255 5109 1255 5108 1255 5109 1268 5143 1268 5108 1268 5109 1268 5144 1268 5143 1268 5144 1253 5178 1253 5143 1253 5144 1253 5179 1253 5178 1253 5179 1572 5213 1572 5178 1572 5106 1268 5107 1268 5141 1268 5107 1268 5142 1268 5141 1268 5107 1268 5108 1268 5142 1268 5108 1268 5143 1268 5142 1268 5111 1255 5110 1255 5072 1255 5110 1255 5109 1255 5072 1255 5110 1268 5144 1268 5109 1268 5145 1268 5110 1268 5111 1268 5145 1268 5144 1268 5110 1268 5080 1268 5115 1268 5114 1268 5115 1253 5149 1253 5114 1253 5115 1253 5150 1253 5149 1253 5150 1572 5184 1572 5149 1572 5150 1572 5185 1572 5184 1572 5185 1259 5219 1259 5184 1259 5185 1259 5220 1259 5219 1259 5220 1343 2388 1343 5219 1343 5149 1253 5148 1253 5114 1253 5116 1253 5117 1253 5151 1253 5117 1253 5152 1253 5151 1253 5117 1253 5118 1253 5152 1253 5118 1253 5153 1253 5152 1253 5154 1253 5119 1253 5120 1253 5088 1268 5123 1268 5122 1268 5123 1253 5157 1253 5122 1253 5123 1253 5158 1253 5157 1253 5158 1572 5192 1572 5157 1572 5158 1572 5193 1572 5192 1572 5193 1259 5227 1259 5192 1259 5193 1259 5228 1259 5227 1259 5228 1343 2388 1343 5227 1343 5157 1253 5156 1253 5122 1253 5124 1253 5125 1253 5159 1253 5125 1253 5160 1253 5159 1253 5125 1253 5126 1253 5160 1253 5126 1253 5161 1253 5160 1253 5162 1253 5127 1253 5128 1253 5097 1268 5132 1268 5131 1268 5132 1253 5166 1253 5131 1253 5132 1253 5167 1253 5166 1253 5167 1572 5201 1572 5166 1572 5167 1572 5202 1572 5201 1572 5202 1259 5236 1259 5201 1259 5202 1259 5237 1259 5236 1259 5237 1343 5073 1343 5236 1343 5166 1253 5165 1253 5131 1253 5133 1253 5134 1253 5168 1253 5134 1253 5169 1253 5168 1253 5134 1253 5135 1253 5169 1253 5135 1253 5170 1253 5169 1253 5171 1253 5136 1253 5137 1253 5105 1268 5140 1268 5139 1268 5140 1253 5174 1253 5139 1253 5140 1253 5175 1253 5174 1253 5175 1572 5209 1572 5174 1572 5175 1572 5210 1572 5209 1572 5210 1259 5244 1259 5209 1259 5210 1259 5245 1259 5244 1259 5245 1343 5073 1343 5244 1343 5174 1253 5173 1253 5139 1253 5141 1253 5142 1253 5176 1253 5142 1253 5177 1253 5176 1253 5142 1253 5143 1253 5177 1253 5143 1253 5178 1253 5177 1253 5179 1253 5144 1253 5145 1253 5149 1572 5183 1572 5148 1572 5183 1572 5182 1572 5148 1572 5183 1259 5217 1259 5182 1259 5217 1259 5216 1259 5182 1259 5217 1343 2388 1343 5216 1343 5151 1572 5152 1572 5186 1572 5152 1572 5187 1572 5186 1572 5152 1572 5153 1572 5187 1572 5153 1572 5188 1572 5187 1572 5157 1572 5191 1572 5156 1572 5191 1572 5190 1572 5156 1572 5191 1259 5225 1259 5190 1259 5225 1259 5224 1259 5190 1259 5225 1343 2388 1343 5224 1343 5159 1572 5160 1572 5194 1572 5160 1572 5195 1572 5194 1572 5160 1572 5161 1572 5195 1572 5161 1572 5196 1572 5195 1572 5166 1572 5200 1572 5165 1572 5200 1572 5199 1572 5165 1572 5200 1259 5234 1259 5199 1259 5234 1259 5233 1259 5199 1259 5234 1343 5073 1343 5233 1343 5168 1572 5169 1572 5203 1572 5169 1572 5204 1572 5203 1572 5169 1572 5170 1572 5204 1572 5170 1572 5205 1572 5204 1572 5174 1572 5208 1572 5173 1572 5208 1572 5207 1572 5173 1572 5208 1259 5242 1259 5207 1259 5242 1259 5241 1259 5207 1259 5242 1343 5073 1343 5241 1343 5176 1572 5177 1572 5211 1572 5177 1572 5212 1572 5211 1572 5177 1572 5178 1572 5212 1572 5178 1572 5213 1572 5212 1572 5149 1572 5184 1572 5183 1572 5184 1259 5218 1259 5183 1259 5184 1259 5219 1259 5218 1259 5219 1343 2388 1343 5218 1343 5218 1259 5217 1259 5183 1259 5222 1259 5187 1259 5188 1259 5222 1259 5221 1259 5187 1259 5221 1259 5186 1259 5187 1259 5157 1572 5192 1572 5191 1572 5192 1259 5226 1259 5191 1259 5192 1259 5227 1259 5226 1259 5227 1343 2388 1343 5226 1343 5226 1259 5225 1259 5191 1259 5230 1259 5195 1259 5196 1259 5230 1259 5229 1259 5195 1259 5229 1259 5194 1259 5195 1259 5166 1572 5201 1572 5200 1572 5201 1259 5235 1259 5200 1259 5201 1259 5236 1259 5235 1259 5236 1343 5073 1343 5235 1343 5235 1259 5234 1259 5200 1259 5239 1259 5204 1259 5205 1259 5239 1259 5238 1259 5204 1259 5238 1259 5203 1259 5204 1259 5174 1572 5209 1572 5208 1572 5209 1259 5243 1259 5208 1259 5209 1259 5244 1259 5243 1259 5244 1343 5073 1343 5243 1343 5243 1259 5242 1259 5208 1259 5247 1259 5212 1259 5213 1259 5247 1259 5246 1259 5212 1259 5246 1259 5211 1259 5212 1259 2388 1343 5217 1343 5218 1343 2388 1343 5225 1343 5226 1343 5073 1343 5234 1343 5235 1343 5073 1343 5242 1343 5243 1343 2388 0 5073 0 2387 0 5073 0 5249 0 2387 0 2387 1234 5249 1234 2386 1234 5249 1234 5250 1234 2386 1234 2386 0 5250 0 2385 0 5250 0 5251 0 2385 0 2385 1234 5251 1234 2384 1234 5251 1234 5252 1234 2384 1234 2384 1 5252 1 2383 1 5252 1 5253 1 2383 1 2383 1234 5253 1234 2382 1234 5253 1234 5254 1234 2382 1234 2382 1556 5254 1556 2381 1556 5254 1556 5255 1556 2381 1556 2381 0 5255 0 2380 0 5255 0 5256 0 2380 0 2380 1571 5256 1571 2379 1571 5256 1571 3523 1571 2379 1571 3903 716 3902 716 3994 716 3902 716 4874 716 3994 716 3902 716 3906 716 4874 716 3904 716 3903 716 5064 716 3903 716 3908 716 5064 716 3903 716 3907 716 3908 716 4876 716 3904 716 4080 716 3904 716 4079 716 4080 716 3904 716 5063 716 4079 716 5063 716 4078 716 4079 716 5063 716 5062 716 4078 716 5062 716 4077 716 4078 716 5062 716 4076 716 4077 716 4877 716 4876 716 3521 716 4876 716 4273 716 3521 716 4876 716 4082 716 4273 716 4878 716 4877 716 4879 716 4877 716 3521 716 4879 716 3521 716 3520 716 4879 716 3520 716 4880 716 4879 716 3520 716 3519 716 4880 716 3519 716 4881 716 4880 716 3519 716 3324 716 4881 716 3324 716 3325 716 4881 716 3325 716 4887 716 4881 716 3325 716 3326 716 4887 716 3326 716 4886 716 4887 716 3326 716 4885 716 4886 716 4885 716 3326 716 4884 716 3326 716 4883 716 4884 716 3326 716 3327 716 4883 716 3327 716 4882 716 4883 716 3327 716 3328 716 4882 716 3328 716 3320 716 4882 716 3328 716 3322 716 3320 716 4882 716 3320 716 5058 716 3320 716 3321 716 5058 716 3321 716 5059 716 5058 716 3321 716 4074 716 5059 716 4074 716 5061 716 5059 716 4074 716 5062 716 5061 716 5059 716 5061 716 5060 716 5063 716 3904 716 5064 716 5065 716 5064 716 3911 716 5064 716 4875 716 3911 716 5064 716 3908 716 4875 716 5066 716 5065 716 5254 716 5065 716 5255 716 5254 716 5065 716 2711 716 5255 716 2711 716 2710 716 5255 716 2710 716 2630 716 5255 716 2710 716 2629 716 2630 716 5067 716 5066 716 4680 716 5066 716 4679 716 4680 716 5066 716 5254 716 4679 716 5254 716 4678 716 4679 716 5254 716 5253 716 4678 716 5253 716 4677 716 4678 716 5253 716 4676 716 4677 716 5068 716 5067 716 2915 716 5067 716 4873 716 2915 716 5067 716 4682 716 4873 716 5069 716 5068 716 5070 716 5068 716 2915 716 5070 716 2915 716 2914 716 5070 716 2914 716 5071 716 5070 716 2914 716 2913 716 5071 716 2913 716 5072 716 5071 716 2913 716 2718 716 5072 716 2718 716 2719 716 5072 716 2719 716 5078 716 5072 716 2719 716 2720 716 5078 716 2720 716 5077 716 5078 716 2720 716 5076 716 5077 716 5076 716 2720 716 5075 716 2720 716 5074 716 5075 716 2720 716 2721 716 5074 716 2721 716 5073 716 5074 716 2721 716 2722 716 5073 716 2722 716 2714 716 5073 716 2722 716 2716 716 2714 716 5073 716 2714 716 5249 716 2714 716 2715 716 5249 716 2715 716 5250 716 5249 716 2715 716 4674 716 5250 716 4674 716 5252 716 5250 716 4674 716 5253 716 5252 716 5250 716 5252 716 5251 716 5255 716 2630 716 5256 716 2630 716 2626 716 5256 716 2630 716 2631 716 2626 716 2631 716 2627 716 2626 716 3523 716 5256 716 3711 716 5256 716 2625 716 3711 716 5256 716 2626 716 2625 716 3522 716 3523 716 4480 716 3523 716 4479 716 4480 716 3523 716 3710 716 4479 716 3710 716 4478 716 4479 716 3710 716 3709 716 4478 716 3709 716 4477 716 4478 716 3709 716 4476 716 4477 716 3524 716 3522 716 3117 716 3522 716 4673 716 3117 716 3522 716 4482 716 4673 716 3525 716 3524 716 3526 716 3524 716 3117 716 3526 716 3117 716 3116 716 3526 716 3116 716 3527 716 3526 716 3116 716 3115 716 3527 716 3115 716 3528 716 3527 716 3115 716 2920 716 3528 716 2920 716 2921 716 3528 716 2921 716 3534 716 3528 716 2921 716 2922 716 3534 716 2922 716 3533 716 3534 716 2922 716 3532 716 3533 716 3532 716 2922 716 3531 716 2922 716 3530 716 3531 716 2922 716 2923 716 3530 716 2923 716 3529 716 3530 716 2923 716 2924 716 3529 716 2924 716 2916 716 3529 716 2924 716 2918 716 2916 716 3529 716 2916 716 3705 716 2916 716 2917 716 3705 716 2917 716 3706 716 3705 716 2917 716 4474 716 3706 716 4474 716 3708 716 3706 716 4474 716 3709 716 3708 716 3706 716 3708 716 3707 716 3710 716 3523 716 3711 716 3712 716 3711 716 2543 716 3711 716 2624 716 2543 716 3711 716 2625 716 2624 716 3713 716 3712 716 3901 716 3712 716 3902 716 3901 716 3712 716 3906 716 3902 716 3714 716 3713 716 4280 716 3713 716 4279 716 4280 716 3713 716 3901 716 4279 716 3901 716 4278 716 4279 716 3901 716 3900 716 4278 716 3900 716 4277 716 4278 716 3900 716 4276 716 4277 716 3715 716 3714 716 3319 716 3714 716 4473 716 3319 716 3714 716 4282 716 4473 716 3716 716 3715 716 3717 716 3715 716 3319 716 3717 716 3319 716 3318 716 3717 716 3318 716 3718 716 3717 716 3318 716 3317 716 3718 716 3317 716 3719 716 3718 716 3317 716 3122 716 3719 716 3122 716 3123 716 3719 716 3123 716 3725 716 3719 716 3123 716 3124 716 3725 716 3124 716 3724 716 3725 716 3124 716 3723 716 3724 716 3723 716 3124 716 3722 716 3124 716 3721 716 3722 716 3124 716 3125 716 3721 716 3125 716 3720 716 3721 716 3125 716 3126 716 3720 716 3126 716 3118 716 3720 716 3126 716 3120 716 3118 716 3720 716 3118 716 3896 716 3118 716 3119 716 3896 716 3119 716 3897 716 3896 716 3119 716 4274 716 3897 716 4274 716 3899 716 3897 716 4274 716 3900 716 3899 716 3897 716 3899 716 3898 716 4082 716 4876 716 4081 716 4876 716 4080 716 4081 716 4076 716 5062 716 4075 716 5062 716 4074 716 4075 716 3324 716 3519 716 3323 716 4282 716 3714 716 4281 716 3714 716 4280 716 4281 716 4276 716 3900 716 4275 716 3900 716 4274 716 4275 716 3122 716 3317 716 3121 716 4482 716 3522 716 4481 716 3522 716 4480 716 4481 716 4476 716 3709 716 4475 716 3709 716 4474 716 4475 716 2920 716 3115 716 2919 716 4682 716 5067 716 4681 716 5067 716 4680 716 4681 716 4676 716 5253 716 4675 716 5253 716 4674 716 4675 716 2718 716 2913 716 2717 716 2713 716 2712 716 3912 716 2712 716 3911 716 3912 716 2712 716 5065 716 3911 716 3911 716 4875 716 3910 716 4875 716 3909 716 3910 716 3991 716 3907 716 3995 716 3907 716 3994 716 3995 716 3907 716 3903 716 3994 716 3994 716 4874 716 3993 716 4874 716 3992 716 3993 716 3906 716 3712 716 3905 716 3712 716 2543 716 3905 716 2545 716 3905 716 2544 716 3905 716 2543 716 2544 716 2543 716 2624 716 2542 716 2624 716 2541 716 2542 716 2629 716 2710 716 2628 716 2711 716 5065 716 2712 716 5258 1256 5257 1256 5306 1256 5257 1256 5305 1256 5306 1256 5257 1255 5280 1255 5305 1255 5280 1255 5328 1255 5305 1255 5280 1254 5279 1254 5328 1254 5279 1254 5327 1254 5328 1254 5279 1253 5278 1253 5327 1253 5278 1253 5326 1253 5327 1253 5278 1252 5277 1252 5326 1252 5277 1252 5325 1252 5326 1252 5277 1251 5276 1251 5325 1251 5276 1251 5324 1251 5325 1251 5276 1343 5275 1343 5324 1343 5275 1343 5323 1343 5324 1343 5275 1249 5274 1249 5323 1249 5274 1249 5322 1249 5323 1249 5274 1239 5273 1239 5322 1239 5273 1239 5321 1239 5322 1239 5273 1258 5272 1258 5321 1258 5272 1258 5320 1258 5321 1258 5272 1237 5271 1237 5320 1237 5271 1237 5319 1237 5320 1237 5271 1236 5270 1236 5319 1236 5270 1236 5318 1236 5319 1236 5270 1246 5269 1246 5318 1246 5269 1246 5317 1246 5318 1246 5269 1245 5268 1245 5317 1245 5268 1245 5316 1245 5317 1245 5268 1232 5267 1232 5316 1232 5267 1232 5315 1232 5316 1232 5267 1231 5266 1231 5315 1231 5266 1231 5314 1231 5315 1231 5266 1265 5265 1265 5314 1265 5265 1265 5313 1265 5314 1265 5265 1264 5264 1264 5313 1264 5264 1264 5312 1264 5313 1264 5264 1228 5263 1228 5312 1228 5263 1228 5311 1228 5312 1228 5263 1270 5262 1270 5311 1270 5262 1270 5310 1270 5311 1270 5262 1243 5261 1243 5310 1243 5261 1243 5309 1243 5310 1243 5261 1242 5260 1242 5309 1242 5260 1242 5308 1242 5309 1242 5260 1241 5259 1241 5308 1241 5259 1241 5307 1241 5308 1241 5259 1257 5258 1257 5307 1257 5258 1257 5306 1257 5307 1257 5282 1255 5281 1255 5328 1255 5281 1255 5305 1255 5328 1255 5281 1256 5304 1256 5305 1256 5304 1256 5306 1256 5305 1256 5304 1257 5303 1257 5306 1257 5303 1257 5307 1257 5306 1257 5303 1241 5302 1241 5307 1241 5302 1241 5308 1241 5307 1241 5302 1242 5301 1242 5308 1242 5301 1242 5309 1242 5308 1242 5301 1243 5300 1243 5309 1243 5300 1243 5310 1243 5309 1243 5300 1270 5299 1270 5310 1270 5299 1270 5311 1270 5310 1270 5299 1228 5298 1228 5311 1228 5298 1228 5312 1228 5311 1228 5298 1264 5297 1264 5312 1264 5297 1264 5313 1264 5312 1264 5297 1265 5296 1265 5313 1265 5296 1265 5314 1265 5313 1265 5296 1231 5295 1231 5314 1231 5295 1231 5315 1231 5314 1231 5295 1232 5294 1232 5315 1232 5294 1232 5316 1232 5315 1232 5294 1245 5293 1245 5316 1245 5293 1245 5317 1245 5316 1245 5293 1246 5292 1246 5317 1246 5292 1246 5318 1246 5317 1246 5292 1236 5291 1236 5318 1236 5291 1236 5319 1236 5318 1236 5291 1237 5290 1237 5319 1237 5290 1237 5320 1237 5319 1237 5290 1258 5289 1258 5320 1258 5289 1258 5321 1258 5320 1258 5289 1239 5288 1239 5321 1239 5288 1239 5322 1239 5321 1239 5288 1249 5287 1249 5322 1249 5287 1249 5323 1249 5322 1249 5287 1343 5286 1343 5323 1343 5286 1343 5324 1343 5323 1343 5286 1251 5285 1251 5324 1251 5285 1251 5325 1251 5324 1251 5285 1252 5284 1252 5325 1252 5284 1252 5326 1252 5325 1252 5284 1253 5283 1253 5326 1253 5283 1253 5327 1253 5326 1253 5283 1254 5282 1254 5327 1254 5282 1254 5328 1254 5327 1254 5342 1270 5343 1270 5329 1270 5343 1270 5330 1270 5329 1270 5343 1243 5344 1243 5330 1243 5344 1243 5331 1243 5330 1243 5344 1242 5345 1242 5331 1242 5345 1242 5332 1242 5331 1242 5345 1344 5346 1344 5332 1344 5346 1344 5333 1344 5332 1344 5346 1269 5347 1269 5333 1269 5347 1269 5334 1269 5333 1269 5347 1256 5335 1256 5334 1256 5335 1256 5347 1256 5336 1256 5347 1256 5337 1256 5336 1256 5347 1269 5346 1269 5337 1269 5346 1269 5338 1269 5337 1269 5346 1344 5345 1344 5338 1344 5345 1344 5339 1344 5338 1344 5345 1242 5344 1242 5339 1242 5344 1242 5340 1242 5339 1242 5344 1243 5343 1243 5340 1243 5343 1243 5341 1243 5340 1243 5343 1270 5342 1270 5341 1270 5335 2 5336 2 5348 2 5336 2 5349 2 5348 2 5258 405 5356 405 5257 405 5356 405 5280 405 5257 405 5356 405 5279 405 5280 405 5279 405 5356 405 5278 405 5356 405 5352 405 5278 405 5356 405 5353 405 5352 405 5277 405 5278 405 5350 405 5278 405 5351 405 5350 405 5278 405 5352 405 5351 405 5277 405 5350 405 5276 405 5350 405 5275 405 5276 405 5350 405 5329 405 5275 405 5329 405 5274 405 5275 405 5329 405 5273 405 5274 405 5273 405 5329 405 5272 405 5329 405 5330 405 5272 405 5330 405 5331 405 5272 405 5331 405 5335 405 5272 405 5331 405 5332 405 5335 405 5332 405 5333 405 5335 405 5333 405 5334 405 5335 405 5272 405 5335 405 5271 405 5335 405 5270 405 5271 405 5335 405 5269 405 5270 405 5269 405 5335 405 5268 405 5335 405 5348 405 5268 405 5348 405 5267 405 5268 405 5348 405 5266 405 5267 405 5266 405 5348 405 5265 405 5348 405 5264 405 5265 405 5348 405 5357 405 5264 405 5357 405 5263 405 5264 405 5357 405 5262 405 5263 405 5262 405 5357 405 5261 405 5357 405 5260 405 5261 405 5357 405 5259 405 5260 405 5259 405 5357 405 5258 405 5357 405 5356 405 5258 405 5353 405 5356 405 5354 405 5356 405 5355 405 5354 405 5358 405 5357 405 5363 405 5357 405 5364 405 5363 405 5357 405 5348 405 5364 405 5348 405 5365 405 5364 405 5348 405 5366 405 5365 405 5359 405 5358 405 5360 405 5358 405 5363 405 5360 405 5360 405 5363 405 5361 405 5363 405 5362 405 5361 405 5366 405 5348 405 5367 405 5348 405 5368 405 5367 405 5348 405 5369 405 5368 405 5350 1228 5377 1228 5370 1228 5377 1228 5371 1228 5370 1228 5377 1229 5378 1229 5371 1229 5378 1229 5372 1229 5371 1229 5378 1230 5379 1230 5372 1230 5379 1230 5373 1230 5372 1230 5379 1345 5380 1345 5373 1345 5380 1345 5374 1345 5373 1345 5380 1232 5381 1232 5374 1232 5381 1232 5375 1232 5374 1232 5381 1245 5376 1245 5375 1245 5376 1245 5381 1245 5356 1245 5381 1245 5355 1245 5356 1245 5381 1232 5380 1232 5355 1232 5380 1232 5354 1232 5355 1232 5380 1345 5379 1345 5354 1345 5379 1345 5353 1345 5354 1345 5379 1230 5378 1230 5353 1230 5378 1230 5352 1230 5353 1230 5378 1229 5377 1229 5352 1229 5377 1229 5351 1229 5352 1229 5377 1228 5350 1228 5351 1228 5356 1234 5357 1234 5376 1234 5357 1234 5382 1234 5376 1234 5342 1 5329 1 5370 1 5329 1 5350 1 5370 1 5282 716 5376 716 5281 716 5376 716 5304 716 5281 716 5376 716 5382 716 5304 716 5382 716 5303 716 5304 716 5382 716 5302 716 5303 716 5302 716 5382 716 5301 716 5382 716 5300 716 5301 716 5382 716 5299 716 5300 716 5299 716 5382 716 5298 716 5382 716 5349 716 5298 716 5382 716 5388 716 5349 716 5388 716 5387 716 5349 716 5387 716 5386 716 5349 716 5386 716 5385 716 5349 716 5385 716 5384 716 5349 716 5384 716 5383 716 5349 716 5298 716 5349 716 5297 716 5349 716 5296 716 5297 716 5349 716 5295 716 5296 716 5295 716 5349 716 5294 716 5349 716 5336 716 5294 716 5336 716 5293 716 5294 716 5336 716 5292 716 5293 716 5292 716 5336 716 5291 716 5336 716 5290 716 5291 716 5336 716 5340 716 5290 716 5340 716 5341 716 5290 716 5341 716 5342 716 5290 716 5342 716 5289 716 5290 716 5342 716 5288 716 5289 716 5288 716 5342 716 5287 716 5342 716 5370 716 5287 716 5370 716 5286 716 5287 716 5370 716 5285 716 5286 716 5285 716 5370 716 5284 716 5370 716 5371 716 5284 716 5371 716 5372 716 5284 716 5372 716 5376 716 5284 716 5372 716 5373 716 5376 716 5373 716 5374 716 5376 716 5374 716 5375 716 5376 716 5284 716 5376 716 5283 716 5376 716 5282 716 5283 716 5340 716 5336 716 5339 716 5336 716 5338 716 5339 716 5336 716 5337 716 5338 716 5388 716 5382 716 5389 716 5382 716 5394 716 5389 716 5394 716 5392 716 5389 716 5394 716 5393 716 5392 716 5389 716 5392 716 5390 716 5392 716 5391 716 5390 716 5394 1234 5358 1234 5393 1234 5358 1234 5359 1234 5393 1234 5393 0 5359 0 5392 0 5359 0 5360 0 5392 0 5369 1260 5348 1260 5395 1260 5348 1260 5396 1260 5395 1260 5348 1260 5349 1260 5396 1260 5349 1260 5397 1260 5396 1260 5349 1260 5383 1260 5397 1260 5383 1268 5384 1268 5397 1268 5384 1268 5400 1268 5397 1268 5384 1253 5385 1253 5400 1253 5385 1253 5403 1253 5400 1253 5385 1252 5386 1252 5403 1252 5386 1252 5406 1252 5403 1252 5386 1251 5387 1251 5406 1251 5387 1251 5409 1251 5406 1251 5387 1267 5388 1267 5409 1267 5388 1267 5408 1267 5409 1267 5388 1267 5364 1267 5408 1267 5364 1267 5407 1267 5408 1267 5364 1267 5365 1267 5407 1267 5365 1251 5366 1251 5407 1251 5366 1251 5404 1251 5407 1251 5366 1252 5367 1252 5404 1252 5367 1252 5401 1252 5404 1252 5367 1253 5368 1253 5401 1253 5368 1253 5398 1253 5401 1253 5368 1268 5369 1268 5398 1268 5369 1268 5395 1268 5398 1268 5400 1268 5396 1268 5397 1268 5396 1268 5399 1268 5395 1268 5399 1268 5398 1268 5395 1268 5399 1253 5402 1253 5398 1253 5402 1253 5401 1253 5398 1253 5402 1252 5405 1252 5401 1252 5405 1252 5404 1252 5401 1252 5405 1251 5408 1251 5404 1251 5408 1251 5407 1251 5404 1251 5403 1253 5399 1253 5400 1253 5399 1268 5396 1268 5400 1268 5403 1253 5402 1253 5399 1253 5406 1252 5402 1252 5403 1252 5406 1252 5405 1252 5402 1252 5409 1251 5405 1251 5406 1251 5409 1251 5408 1251 5405 1251 5364 0 5388 0 5363 0 5388 0 5389 0 5363 0 5358 1 5394 1 5422 1 5394 1 5423 1 5422 1 5394 1 5424 1 5423 1 5357 1 5358 1 5416 1 5358 1 5417 1 5416 1 5358 1 5418 1 5417 1 5382 1 5357 1 5410 1 5357 1 5411 1 5410 1 5357 1 5412 1 5411 1 5394 1 5382 1 5428 1 5382 1 5429 1 5428 1 5382 1 5430 1 5429 1 5412 1 5357 1 5413 1 5357 1 5414 1 5413 1 5357 1 5415 1 5414 1 5415 1 5357 1 5416 1 5418 1 5358 1 5419 1 5358 1 5420 1 5419 1 5358 1 5421 1 5420 1 5421 1 5358 1 5422 1 5424 1 5394 1 5425 1 5394 1 5426 1 5425 1 5394 1 5427 1 5426 1 5427 1 5394 1 5428 1 5430 1 5382 1 5431 1 5382 1 5432 1 5431 1 5382 1 5433 1 5432 1 5433 1 5382 1 5410 1 5363 2 5389 2 5362 2 5389 2 5390 2 5362 2 5435 0 5434 0 5390 0 5434 0 5362 0 5390 0 5434 0 5457 0 5362 0 5457 0 5456 0 5362 0 5456 0 5455 0 5362 0 5455 0 5454 0 5362 0 5454 0 5453 0 5362 0 5453 0 5452 0 5362 0 5452 0 5361 0 5362 0 5452 0 5451 0 5361 0 5451 0 5450 0 5361 0 5450 0 5449 0 5361 0 5449 0 5448 0 5361 0 5448 0 5447 0 5361 0 5447 0 5446 0 5361 0 5446 0 5391 0 5361 0 5446 0 5445 0 5391 0 5445 0 5444 0 5391 0 5444 0 5443 0 5391 0 5443 0 5442 0 5391 0 5442 0 5441 0 5391 0 5441 0 5440 0 5391 0 5440 0 5390 0 5391 0 5440 0 5439 0 5390 0 5439 0 5438 0 5390 0 5438 0 5437 0 5390 0 5437 0 5436 0 5390 0 5436 0 5435 0 5390 0 5361 1234 5391 1234 5360 1234 5391 1234 5392 1234 5360 1234 5433 1422 5410 1422 5435 1422 5410 1422 5434 1422 5435 1422 5410 1423 5411 1423 5434 1423 5411 1423 5457 1423 5434 1423 5411 1424 5412 1424 5457 1424 5412 1424 5456 1424 5457 1424 5412 1425 5413 1425 5456 1425 5413 1425 5455 1425 5456 1425 5413 1426 5414 1426 5455 1426 5414 1426 5454 1426 5455 1426 5414 1351 5415 1351 5454 1351 5415 1351 5453 1351 5454 1351 5415 1427 5416 1427 5453 1427 5416 1427 5452 1427 5453 1427 5416 1428 5417 1428 5452 1428 5417 1428 5451 1428 5452 1428 5417 1354 5418 1354 5451 1354 5418 1354 5450 1354 5451 1354 5418 1429 5419 1429 5450 1429 5419 1429 5449 1429 5450 1429 5419 1430 5420 1430 5449 1430 5420 1430 5448 1430 5449 1430 5420 1431 5421 1431 5448 1431 5421 1431 5447 1431 5448 1431 5421 1358 5422 1358 5447 1358 5422 1358 5446 1358 5447 1358 5422 1359 5423 1359 5446 1359 5423 1359 5445 1359 5446 1359 5423 1414 5424 1414 5445 1414 5424 1414 5444 1414 5445 1414 5424 1361 5425 1361 5444 1361 5425 1361 5443 1361 5444 1361 5425 1415 5426 1415 5443 1415 5426 1415 5442 1415 5443 1415 5426 1416 5427 1416 5442 1416 5427 1416 5441 1416 5442 1416 5427 1417 5428 1417 5441 1417 5428 1417 5440 1417 5441 1417 5428 1418 5429 1418 5440 1418 5429 1418 5439 1418 5440 1418 5429 1419 5430 1419 5439 1419 5430 1419 5438 1419 5439 1419 5430 1420 5431 1420 5438 1420 5431 1420 5437 1420 5438 1420 5431 1368 5432 1368 5437 1368 5432 1368 5436 1368 5437 1368 5432 1421 5433 1421 5436 1421 5433 1421 5435 1421 5436 1421 5458 2 5461 2 5459 2 5461 2 5460 2 5459 2 5459 0 5460 0 5462 0 5460 0 5463 0 5462 0 5462 1234 5463 1234 5464 1234 5463 1234 5465 1234 5464 1234 5464 1 5465 1 5458 1 5465 1 5461 1 5458 1 5465 716 5463 716 5461 716 5463 716 5460 716 5461 716 5458 716 5459 716 5486 716 5459 716 5487 716 5486 716 5459 716 5466 716 5487 716 5466 716 5489 716 5487 716 5489 716 5488 716 5487 716 5464 716 5458 716 5476 716 5458 716 5483 716 5476 716 5458 716 5486 716 5483 716 5486 716 5484 716 5483 716 5486 716 5485 716 5484 716 5476 716 5475 716 5464 716 5475 716 5462 716 5464 716 5475 716 5474 716 5462 716 5474 716 5473 716 5462 716 5473 716 5459 716 5462 716 5473 716 5466 716 5459 716 5473 716 5472 716 5466 716 5472 716 5467 716 5466 716 5472 716 5468 716 5467 716 5468 716 5472 716 5469 716 5472 716 5470 716 5469 716 5472 716 5471 716 5470 716 5476 716 5483 716 5477 716 5483 716 5482 716 5477 716 5482 716 5481 716 5477 716 5481 716 5480 716 5477 716 5480 716 5479 716 5477 716 5479 716 5478 716 5477 716 5490 2 5493 2 5491 2 5493 2 5492 2 5491 2 5491 1 5492 1 5494 1 5492 1 5495 1 5494 1 5494 1234 5495 1234 5496 1234 5495 1234 5497 1234 5496 1234 5496 0 5497 0 5490 0 5497 0 5493 0 5490 0 5497 405 5495 405 5493 405 5495 405 5492 405 5493 405 5490 405 5491 405 5508 405 5491 405 5511 405 5508 405 5491 405 5518 405 5511 405 5518 405 5517 405 5511 405 5517 405 5512 405 5511 405 5517 405 5513 405 5512 405 5496 405 5490 405 5521 405 5490 405 5504 405 5521 405 5490 405 5507 405 5504 405 5507 405 5505 405 5504 405 5507 405 5506 405 5505 405 5494 405 5496 405 5519 405 5496 405 5520 405 5519 405 5496 405 5521 405 5520 405 5519 405 5518 405 5494 405 5518 405 5491 405 5494 405 5499 405 5498 405 5500 405 5498 405 5501 405 5500 405 5498 405 5502 405 5501 405 5502 405 5498 405 5503 405 5498 405 5504 405 5503 405 5498 405 5521 405 5504 405 5507 405 5490 405 5508 405 5509 405 5508 405 5510 405 5508 405 5511 405 5510 405 5513 405 5517 405 5514 405 5517 405 5515 405 5514 405 5517 405 5516 405 5515 405 5503 1270 5504 1270 5522 1270 5504 1270 5523 1270 5522 1270 5504 1270 5466 1270 5523 1270 5466 1270 5524 1270 5523 1270 5466 1270 5467 1270 5524 1270 5467 1243 5468 1243 5524 1243 5468 1243 5527 1243 5524 1243 5468 1271 5469 1271 5527 1271 5469 1271 5530 1271 5527 1271 5469 1241 5470 1241 5530 1241 5470 1241 5533 1241 5530 1241 5470 1269 5471 1269 5533 1269 5471 1269 5536 1269 5533 1269 5471 1272 5472 1272 5536 1272 5472 1272 5535 1272 5536 1272 5472 1272 5498 1272 5535 1272 5498 1272 5534 1272 5535 1272 5498 1272 5499 1272 5534 1272 5499 1269 5500 1269 5534 1269 5500 1269 5531 1269 5534 1269 5500 1241 5501 1241 5531 1241 5501 1241 5528 1241 5531 1241 5501 1271 5502 1271 5528 1271 5502 1271 5525 1271 5528 1271 5502 1243 5503 1243 5525 1243 5503 1243 5522 1243 5525 1243 5527 1243 5523 1243 5524 1243 5523 1243 5526 1243 5522 1243 5526 1243 5525 1243 5522 1243 5526 1271 5529 1271 5525 1271 5529 1271 5528 1271 5525 1271 5529 1241 5532 1241 5528 1241 5532 1241 5531 1241 5528 1241 5532 1269 5535 1269 5531 1269 5535 1269 5534 1269 5531 1269 5530 1271 5526 1271 5527 1271 5526 1243 5523 1243 5527 1243 5530 1271 5529 1271 5526 1271 5533 1241 5529 1241 5530 1241 5533 1241 5532 1241 5529 1241 5536 1269 5532 1269 5533 1269 5536 1269 5535 1269 5532 1269 5466 1 5504 1 5489 1 5504 1 5505 1 5489 1 5516 1260 5517 1260 5537 1260 5517 1260 5538 1260 5537 1260 5517 1260 5477 1260 5538 1260 5477 1260 5539 1260 5538 1260 5477 1260 5478 1260 5539 1260 5478 1268 5479 1268 5539 1268 5479 1268 5542 1268 5539 1268 5479 1253 5480 1253 5542 1253 5480 1253 5545 1253 5542 1253 5480 1273 5481 1273 5545 1273 5481 1273 5548 1273 5545 1273 5481 1251 5482 1251 5548 1251 5482 1251 5551 1251 5548 1251 5482 1274 5483 1274 5551 1274 5483 1274 5550 1274 5551 1274 5483 1274 5511 1274 5550 1274 5511 1274 5549 1274 5550 1274 5511 1274 5512 1274 5549 1274 5512 1251 5513 1251 5549 1251 5513 1251 5546 1251 5549 1251 5513 1273 5514 1273 5546 1273 5514 1273 5543 1273 5546 1273 5514 1253 5515 1253 5543 1253 5515 1253 5540 1253 5543 1253 5515 1268 5516 1268 5540 1268 5516 1268 5537 1268 5540 1268 5542 1268 5538 1268 5539 1268 5538 1268 5541 1268 5537 1268 5541 1268 5540 1268 5537 1268 5541 1253 5544 1253 5540 1253 5544 1253 5543 1253 5540 1253 5544 1273 5547 1273 5543 1273 5547 1273 5546 1273 5543 1273 5547 1251 5550 1251 5546 1251 5550 1251 5549 1251 5546 1251 5545 1253 5541 1253 5542 1253 5541 1268 5538 1268 5542 1268 5545 1253 5544 1253 5541 1253 5548 1273 5544 1273 5545 1273 5548 1273 5547 1273 5544 1273 5551 1251 5547 1251 5548 1251 5551 1251 5550 1251 5547 1251 5553 2 5552 2 5476 2 5552 2 5518 2 5476 2 5552 2 5575 2 5518 2 5575 2 5574 2 5518 2 5574 2 5573 2 5518 2 5573 2 5572 2 5518 2 5572 2 5571 2 5518 2 5571 2 5517 2 5518 2 5571 2 5570 2 5517 2 5570 2 5569 2 5517 2 5569 2 5568 2 5517 2 5568 2 5567 2 5517 2 5567 2 5566 2 5517 2 5566 2 5565 2 5517 2 5565 2 5564 2 5517 2 5564 2 5477 2 5517 2 5564 2 5563 2 5477 2 5563 2 5562 2 5477 2 5562 2 5561 2 5477 2 5561 2 5560 2 5477 2 5560 2 5559 2 5477 2 5559 2 5558 2 5477 2 5558 2 5557 2 5477 2 5557 2 5476 2 5477 2 5557 2 5556 2 5476 2 5556 2 5555 2 5476 2 5555 2 5554 2 5476 2 5554 2 5553 2 5476 2 5577 1275 5576 1275 5625 1275 5576 1275 5624 1275 5625 1275 5576 1276 5599 1276 5624 1276 5599 1276 5647 1276 5624 1276 5599 1277 5598 1277 5647 1277 5598 1277 5646 1277 5647 1277 5598 1278 5597 1278 5646 1278 5597 1278 5645 1278 5646 1278 5597 1573 5596 1573 5645 1573 5596 1573 5644 1573 5645 1573 5596 1574 5595 1574 5644 1574 5595 1574 5643 1574 5644 1574 5595 1575 5594 1575 5643 1575 5594 1575 5642 1575 5643 1575 5594 1576 5593 1576 5642 1576 5593 1576 5641 1576 5642 1576 5593 1577 5592 1577 5641 1577 5592 1577 5640 1577 5641 1577 5592 1578 5591 1578 5640 1578 5591 1578 5639 1578 5640 1578 5591 1285 5590 1285 5639 1285 5590 1285 5638 1285 5639 1285 5590 1286 5589 1286 5638 1286 5589 1286 5637 1286 5638 1286 5589 1287 5588 1287 5637 1287 5588 1287 5636 1287 5637 1287 5588 1336 5587 1336 5636 1336 5587 1336 5635 1336 5636 1336 5587 1496 5586 1496 5635 1496 5586 1496 5634 1496 5635 1496 5586 1289 5585 1289 5634 1289 5585 1289 5633 1289 5634 1289 5585 1290 5584 1290 5633 1290 5584 1290 5632 1290 5633 1290 5584 1291 5583 1291 5632 1291 5583 1291 5631 1291 5632 1291 5583 1292 5582 1292 5631 1292 5582 1292 5630 1292 5631 1292 5582 1293 5581 1293 5630 1293 5581 1293 5629 1293 5630 1293 5581 1294 5580 1294 5629 1294 5580 1294 5628 1294 5629 1294 5580 1295 5579 1295 5628 1295 5579 1295 5627 1295 5628 1295 5579 1296 5578 1296 5627 1296 5578 1296 5626 1296 5627 1296 5578 1579 5577 1579 5626 1579 5577 1579 5625 1579 5626 1579 5601 1276 5600 1276 5647 1276 5600 1276 5624 1276 5647 1276 5600 1275 5623 1275 5624 1275 5623 1275 5625 1275 5624 1275 5623 1579 5622 1579 5625 1579 5622 1579 5626 1579 5625 1579 5622 1296 5621 1296 5626 1296 5621 1296 5627 1296 5626 1296 5621 1295 5620 1295 5627 1295 5620 1295 5628 1295 5627 1295 5620 1294 5619 1294 5628 1294 5619 1294 5629 1294 5628 1294 5619 1293 5618 1293 5629 1293 5618 1293 5630 1293 5629 1293 5618 1292 5617 1292 5630 1292 5617 1292 5631 1292 5630 1292 5617 1291 5616 1291 5631 1291 5616 1291 5632 1291 5631 1291 5616 1290 5615 1290 5632 1290 5615 1290 5633 1290 5632 1290 5615 1289 5614 1289 5633 1289 5614 1289 5634 1289 5633 1289 5614 1496 5613 1496 5634 1496 5613 1496 5635 1496 5634 1496 5613 1336 5612 1336 5635 1336 5612 1336 5636 1336 5635 1336 5612 1287 5611 1287 5636 1287 5611 1287 5637 1287 5636 1287 5611 1286 5610 1286 5637 1286 5610 1286 5638 1286 5637 1286 5610 1285 5609 1285 5638 1285 5609 1285 5639 1285 5638 1285 5609 1578 5608 1578 5639 1578 5608 1578 5640 1578 5639 1578 5608 1577 5607 1577 5640 1577 5607 1577 5641 1577 5640 1577 5607 1576 5606 1576 5641 1576 5606 1576 5642 1576 5641 1576 5606 1575 5605 1575 5642 1575 5605 1575 5643 1575 5642 1575 5605 1574 5604 1574 5643 1574 5604 1574 5644 1574 5643 1574 5604 1573 5603 1573 5644 1573 5603 1573 5645 1573 5644 1573 5603 1278 5602 1278 5645 1278 5602 1278 5646 1278 5645 1278 5602 1277 5601 1277 5646 1277 5601 1277 5647 1277 5646 1277 5498 2 5472 2 5576 2 5472 2 5599 2 5576 2 5472 2 5598 2 5599 2 5521 2 5498 2 5583 2 5498 2 5582 2 5583 2 5498 2 5581 2 5582 2 5473 2 5521 2 5588 2 5521 2 5587 2 5588 2 5521 2 5586 2 5587 2 5472 2 5473 2 5593 2 5473 2 5592 2 5593 2 5473 2 5591 2 5592 2 5598 2 5472 2 5597 2 5472 2 5596 2 5597 2 5472 2 5595 2 5596 2 5595 2 5472 2 5594 2 5472 2 5593 2 5594 2 5591 2 5473 2 5590 2 5473 2 5589 2 5590 2 5473 2 5588 2 5589 2 5586 2 5521 2 5585 2 5521 2 5584 2 5585 2 5521 2 5583 2 5584 2 5581 2 5498 2 5580 2 5498 2 5579 2 5580 2 5498 2 5578 2 5579 2 5578 2 5498 2 5577 2 5498 2 5576 2 5577 2 5623 1234 5600 1234 5505 1234 5600 1234 5489 1234 5505 1234 5600 1234 5601 1234 5489 1234 5601 1234 5602 1234 5489 1234 5602 1234 5603 1234 5489 1234 5603 1234 5604 1234 5489 1234 5604 1234 5605 1234 5489 1234 5605 1234 5606 1234 5489 1234 5606 1234 5488 1234 5489 1234 5606 1234 5607 1234 5488 1234 5607 1234 5608 1234 5488 1234 5608 1234 5609 1234 5488 1234 5609 1234 5610 1234 5488 1234 5610 1234 5611 1234 5488 1234 5611 1234 5612 1234 5488 1234 5612 1234 5506 1234 5488 1234 5612 1234 5613 1234 5506 1234 5613 1234 5614 1234 5506 1234 5614 1234 5615 1234 5506 1234 5615 1234 5616 1234 5506 1234 5616 1234 5617 1234 5506 1234 5617 1234 5618 1234 5506 1234 5618 1234 5505 1234 5506 1234 5618 1234 5619 1234 5505 1234 5619 1234 5620 1234 5505 1234 5620 1234 5621 1234 5505 1234 5621 1234 5622 1234 5505 1234 5622 1234 5623 1234 5505 1234 5649 1234 5648 1234 5509 1234 5648 1234 5485 1234 5509 1234 5648 1234 5671 1234 5485 1234 5671 1234 5670 1234 5485 1234 5670 1234 5669 1234 5485 1234 5669 1234 5668 1234 5485 1234 5668 1234 5667 1234 5485 1234 5667 1234 5666 1234 5485 1234 5666 1234 5484 1234 5485 1234 5666 1234 5665 1234 5484 1234 5665 1234 5664 1234 5484 1234 5664 1234 5663 1234 5484 1234 5663 1234 5662 1234 5484 1234 5662 1234 5661 1234 5484 1234 5661 1234 5660 1234 5484 1234 5660 1234 5510 1234 5484 1234 5660 1234 5659 1234 5510 1234 5659 1234 5658 1234 5510 1234 5658 1234 5657 1234 5510 1234 5657 1234 5656 1234 5510 1234 5656 1234 5655 1234 5510 1234 5655 1234 5654 1234 5510 1234 5654 1234 5509 1234 5510 1234 5654 1234 5653 1234 5509 1234 5653 1234 5652 1234 5509 1234 5652 1234 5651 1234 5509 1234 5651 1234 5650 1234 5509 1234 5650 1234 5649 1234 5509 1234 5485 1 5486 1 5509 1 5486 1 5508 1 5509 1 5507 1234 5508 1234 5690 1234 5508 1234 5691 1234 5690 1234 5508 1234 5692 1234 5691 1234 5487 1234 5507 1234 5684 1234 5507 1234 5685 1234 5684 1234 5507 1234 5686 1234 5685 1234 5486 1234 5487 1234 5678 1234 5487 1234 5679 1234 5678 1234 5487 1234 5680 1234 5679 1234 5508 1234 5486 1234 5672 1234 5486 1234 5673 1234 5672 1234 5486 1234 5674 1234 5673 1234 5674 1234 5486 1234 5675 1234 5486 1234 5676 1234 5675 1234 5486 1234 5677 1234 5676 1234 5677 1234 5486 1234 5678 1234 5680 1234 5487 1234 5681 1234 5487 1234 5682 1234 5681 1234 5487 1234 5683 1234 5682 1234 5683 1234 5487 1234 5684 1234 5686 1234 5507 1234 5687 1234 5507 1234 5688 1234 5687 1234 5507 1234 5689 1234 5688 1234 5689 1234 5507 1234 5690 1234 5692 1234 5508 1234 5693 1234 5508 1234 5694 1234 5693 1234 5508 1234 5695 1234 5694 1234 5695 1234 5508 1234 5672 1234 5719 1234 5738 1234 5696 1234 5738 1234 5697 1234 5696 1234 5738 1234 5737 1234 5697 1234 5737 1234 5698 1234 5697 1234 5737 1234 5736 1234 5698 1234 5736 1234 5699 1234 5698 1234 5736 1234 5735 1234 5699 1234 5735 1234 5700 1234 5699 1234 5735 1234 5734 1234 5700 1234 5734 1234 5701 1234 5700 1234 5734 1234 5733 1234 5701 1234 5733 1234 5702 1234 5701 1234 5733 1234 5732 1234 5702 1234 5732 1234 5731 1234 5702 1234 5731 1234 5703 1234 5702 1234 5731 1234 5730 1234 5703 1234 5730 1234 5704 1234 5703 1234 5730 1234 5729 1234 5704 1234 5729 1234 5705 1234 5704 1234 5729 1234 5728 1234 5705 1234 5728 1234 5706 1234 5705 1234 5728 1234 5727 1234 5706 1234 5727 1234 5707 1234 5706 1234 5727 1234 5726 1234 5707 1234 5726 1234 5708 1234 5707 1234 5726 1234 5725 1234 5708 1234 5725 1234 5709 1234 5708 1234 5725 1234 5710 1234 5709 1234 5725 1234 5724 1234 5710 1234 5724 1234 5711 1234 5710 1234 5724 1234 5723 1234 5711 1234 5723 1234 5712 1234 5711 1234 5723 1234 5722 1234 5712 1234 5722 1234 5713 1234 5712 1234 5722 1234 5721 1234 5713 1234 5721 1234 5714 1234 5713 1234 5721 1234 5720 1234 5714 1234 5720 1234 5743 1234 5714 1234 5743 1234 5715 1234 5714 1234 5743 1234 5742 1234 5715 1234 5742 1234 5716 1234 5715 1234 5742 1234 5741 1234 5716 1234 5741 1234 5717 1234 5716 1234 5741 1234 5740 1234 5717 1234 5740 1234 5718 1234 5717 1234 5740 1234 5739 1234 5718 1234 5739 1234 5719 1234 5718 1234 5739 1234 5738 1234 5719 1234 5521 1 5473 1 5520 1 5473 1 5474 1 5520 1 5745 2 5744 2 5474 2 5744 2 5520 2 5474 2 5744 2 5767 2 5520 2 5767 2 5766 2 5520 2 5766 2 5765 2 5520 2 5765 2 5764 2 5520 2 5764 2 5763 2 5520 2 5763 2 5762 2 5520 2 5762 2 5519 2 5520 2 5762 2 5761 2 5519 2 5761 2 5760 2 5519 2 5760 2 5759 2 5519 2 5759 2 5758 2 5519 2 5758 2 5757 2 5519 2 5757 2 5756 2 5519 2 5756 2 5475 2 5519 2 5756 2 5755 2 5475 2 5755 2 5754 2 5475 2 5754 2 5753 2 5475 2 5753 2 5752 2 5475 2 5752 2 5751 2 5475 2 5751 2 5750 2 5475 2 5750 2 5474 2 5475 2 5750 2 5749 2 5474 2 5749 2 5748 2 5474 2 5748 2 5747 2 5474 2 5747 2 5746 2 5474 2 5746 2 5745 2 5474 2 5519 0 5475 0 5518 0 5475 0 5476 0 5518 0 5506 0 5507 0 5488 0 5507 0 5487 0 5488 0 5719 1276 5696 1276 5745 1276 5696 1276 5744 1276 5745 1276 5696 1298 5697 1298 5744 1298 5697 1298 5767 1298 5744 1298 5697 1299 5698 1299 5767 1299 5698 1299 5766 1299 5767 1299 5698 1300 5699 1300 5766 1300 5699 1300 5765 1300 5766 1300 5699 1301 5700 1301 5765 1301 5700 1301 5764 1301 5765 1301 5700 1302 5701 1302 5764 1302 5701 1302 5763 1302 5764 1302 5701 1303 5702 1303 5763 1303 5702 1303 5762 1303 5763 1303 5702 1304 5703 1304 5762 1304 5703 1304 5761 1304 5762 1304 5703 1305 5704 1305 5761 1305 5704 1305 5760 1305 5761 1305 5704 1306 5705 1306 5760 1306 5705 1306 5759 1306 5760 1306 5705 1307 5706 1307 5759 1307 5706 1307 5758 1307 5759 1307 5706 1308 5707 1308 5758 1308 5707 1308 5757 1308 5758 1308 5707 1288 5708 1288 5757 1288 5708 1288 5756 1288 5757 1288 5708 1309 5709 1309 5756 1309 5709 1309 5755 1309 5756 1309 5709 1310 5710 1310 5755 1310 5710 1310 5754 1310 5755 1310 5710 1311 5711 1311 5754 1311 5711 1311 5753 1311 5754 1311 5711 1580 5712 1580 5753 1580 5712 1580 5752 1580 5753 1580 5712 1283 5713 1283 5752 1283 5713 1283 5751 1283 5752 1283 5713 1313 5714 1313 5751 1313 5714 1313 5750 1313 5751 1313 5714 1314 5715 1314 5750 1314 5715 1314 5749 1314 5750 1314 5715 1280 5716 1280 5749 1280 5716 1280 5748 1280 5749 1280 5716 1279 5717 1279 5748 1279 5717 1279 5747 1279 5748 1279 5717 1316 5718 1316 5747 1316 5718 1316 5746 1316 5747 1316 5718 1317 5719 1317 5746 1317 5719 1317 5745 1317 5746 1317 5695 1288 5672 1288 5727 1288 5672 1288 5726 1288 5727 1288 5672 1287 5673 1287 5726 1287 5673 1287 5725 1287 5726 1287 5673 1286 5674 1286 5725 1286 5674 1286 5724 1286 5725 1286 5674 1318 5675 1318 5724 1318 5675 1318 5723 1318 5724 1318 5675 1581 5676 1581 5723 1581 5676 1581 5722 1581 5723 1581 5676 1582 5677 1582 5722 1582 5677 1582 5721 1582 5722 1582 5677 1282 5678 1282 5721 1282 5678 1282 5720 1282 5721 1282 5678 1281 5679 1281 5720 1281 5679 1281 5743 1281 5720 1281 5679 1583 5680 1583 5743 1583 5680 1583 5742 1583 5743 1583 5680 1279 5681 1279 5742 1279 5681 1279 5741 1279 5742 1279 5681 1321 5682 1321 5741 1321 5682 1321 5740 1321 5741 1321 5682 1317 5683 1317 5740 1317 5683 1317 5739 1317 5740 1317 5683 1322 5684 1322 5739 1322 5684 1322 5738 1322 5739 1322 5684 1298 5685 1298 5738 1298 5685 1298 5737 1298 5738 1298 5685 909 5686 909 5737 909 5686 909 5736 909 5737 909 5686 1323 5687 1323 5736 1323 5687 1323 5735 1323 5736 1323 5687 1324 5688 1324 5735 1324 5688 1324 5734 1324 5735 1324 5688 1325 5689 1325 5734 1325 5689 1325 5733 1325 5734 1325 5689 1326 5690 1326 5733 1326 5690 1326 5732 1326 5733 1326 5690 1327 5691 1327 5732 1327 5691 1327 5731 1327 5732 1327 5691 1328 5692 1328 5731 1328 5692 1328 5730 1328 5731 1328 5692 1329 5693 1329 5730 1329 5693 1329 5729 1329 5730 1329 5693 1330 5694 1330 5729 1330 5694 1330 5728 1330 5729 1330 5694 1308 5695 1308 5728 1308 5695 1308 5727 1308 5728 1308 5511 0 5483 0 5510 0 5483 0 5484 0 5510 0 5575 1275 5552 1275 5769 1275 5552 1275 5768 1275 5769 1275 5552 1276 5553 1276 5768 1276 5553 1276 5791 1276 5768 1276 5553 1331 5554 1331 5791 1331 5554 1331 5790 1331 5791 1331 5554 1316 5555 1316 5790 1316 5555 1316 5789 1316 5790 1316 5555 1320 5556 1320 5789 1320 5556 1320 5788 1320 5789 1320 5556 1584 5557 1584 5788 1584 5557 1584 5787 1584 5788 1584 5557 1585 5558 1585 5787 1585 5558 1585 5786 1585 5787 1585 5558 1586 5559 1586 5786 1586 5559 1586 5785 1586 5786 1586 5559 1587 5560 1587 5785 1587 5560 1587 5784 1587 5785 1587 5560 1332 5561 1332 5784 1332 5561 1332 5783 1332 5784 1332 5561 1318 5562 1318 5783 1318 5562 1318 5782 1318 5783 1318 5562 1334 5563 1334 5782 1334 5563 1334 5781 1334 5782 1334 5563 1335 5564 1335 5781 1335 5564 1335 5780 1335 5781 1335 5564 1588 5565 1588 5780 1588 5565 1588 5779 1588 5780 1588 5565 1589 5566 1589 5779 1589 5566 1589 5778 1589 5779 1589 5566 1330 5567 1330 5778 1330 5567 1330 5777 1330 5778 1330 5567 1329 5568 1329 5777 1329 5568 1329 5776 1329 5777 1329 5568 1590 5569 1590 5776 1590 5569 1590 5775 1590 5776 1590 5569 1112 5570 1112 5775 1112 5570 1112 5774 1112 5775 1112 5570 905 5571 905 5774 905 5571 905 5773 905 5774 905 5571 1591 5572 1591 5773 1591 5572 1591 5772 1591 5773 1591 5572 1342 5573 1342 5772 1342 5573 1342 5771 1342 5772 1342 5573 1300 5574 1300 5771 1300 5574 1300 5770 1300 5771 1300 5574 909 5575 909 5770 909 5575 909 5769 909 5770 909 5671 1276 5648 1276 5791 1276 5648 1276 5768 1276 5791 1276 5648 1275 5649 1275 5768 1275 5649 1275 5769 1275 5768 1275 5649 909 5650 909 5769 909 5650 909 5770 909 5769 909 5650 1300 5651 1300 5770 1300 5651 1300 5771 1300 5770 1300 5651 1342 5652 1342 5771 1342 5652 1342 5772 1342 5771 1342 5652 1591 5653 1591 5772 1591 5653 1591 5773 1591 5772 1591 5653 905 5654 905 5773 905 5654 905 5774 905 5773 905 5654 1112 5655 1112 5774 1112 5655 1112 5775 1112 5774 1112 5655 1590 5656 1590 5775 1590 5656 1590 5776 1590 5775 1590 5656 1329 5657 1329 5776 1329 5657 1329 5777 1329 5776 1329 5657 1330 5658 1330 5777 1330 5658 1330 5778 1330 5777 1330 5658 1589 5659 1589 5778 1589 5659 1589 5779 1589 5778 1589 5659 1588 5660 1588 5779 1588 5660 1588 5780 1588 5779 1588 5660 1335 5661 1335 5780 1335 5661 1335 5781 1335 5780 1335 5661 1334 5662 1334 5781 1334 5662 1334 5782 1334 5781 1334 5662 1318 5663 1318 5782 1318 5663 1318 5783 1318 5782 1318 5663 1332 5664 1332 5783 1332 5664 1332 5784 1332 5783 1332 5664 1587 5665 1587 5784 1587 5665 1587 5785 1587 5784 1587 5665 1586 5666 1586 5785 1586 5666 1586 5786 1586 5785 1586 5666 1585 5667 1585 5786 1585 5667 1585 5787 1585 5786 1585 5667 1584 5668 1584 5787 1584 5668 1584 5788 1584 5787 1584 5668 1320 5669 1320 5788 1320 5669 1320 5789 1320 5788 1320 5669 1316 5670 1316 5789 1316 5670 1316 5790 1316 5789 1316 5670 1331 5671 1331 5790 1331 5671 1331 5791 1331 5790 1331 5792 2 5795 2 5793 2 5795 2 5794 2 5793 2 5793 0 5794 0 5796 0 5794 0 5797 0 5796 0 5796 1234 5797 1234 5798 1234 5797 1234 5799 1234 5798 1234 5798 1 5799 1 5792 1 5799 1 5795 1 5792 1 5799 716 5797 716 5795 716 5797 716 5794 716 5795 716 5792 716 5793 716 5820 716 5793 716 5821 716 5820 716 5793 716 5800 716 5821 716 5800 716 5823 716 5821 716 5823 716 5822 716 5821 716 5798 716 5792 716 5810 716 5792 716 5817 716 5810 716 5792 716 5820 716 5817 716 5820 716 5818 716 5817 716 5820 716 5819 716 5818 716 5810 716 5809 716 5798 716 5809 716 5796 716 5798 716 5809 716 5808 716 5796 716 5808 716 5807 716 5796 716 5807 716 5793 716 5796 716 5807 716 5800 716 5793 716 5807 716 5806 716 5800 716 5806 716 5801 716 5800 716 5806 716 5802 716 5801 716 5802 716 5806 716 5803 716 5806 716 5804 716 5803 716 5806 716 5805 716 5804 716 5810 716 5817 716 5811 716 5817 716 5816 716 5811 716 5816 716 5815 716 5811 716 5815 716 5814 716 5811 716 5814 716 5813 716 5811 716 5813 716 5812 716 5811 716 5824 2 5827 2 5825 2 5827 2 5826 2 5825 2 5825 1 5826 1 5828 1 5826 1 5829 1 5828 1 5828 1234 5829 1234 5830 1234 5829 1234 5831 1234 5830 1234 5830 0 5831 0 5824 0 5831 0 5827 0 5824 0 5831 405 5829 405 5827 405 5829 405 5826 405 5827 405 5824 405 5825 405 5842 405 5825 405 5845 405 5842 405 5825 405 5852 405 5845 405 5852 405 5851 405 5845 405 5851 405 5846 405 5845 405 5851 405 5847 405 5846 405 5830 405 5824 405 5855 405 5824 405 5838 405 5855 405 5824 405 5841 405 5838 405 5841 405 5839 405 5838 405 5841 405 5840 405 5839 405 5828 405 5830 405 5853 405 5830 405 5854 405 5853 405 5830 405 5855 405 5854 405 5853 405 5852 405 5828 405 5852 405 5825 405 5828 405 5833 405 5832 405 5834 405 5832 405 5835 405 5834 405 5832 405 5836 405 5835 405 5836 405 5832 405 5837 405 5832 405 5838 405 5837 405 5832 405 5855 405 5838 405 5841 405 5824 405 5842 405 5843 405 5842 405 5844 405 5842 405 5845 405 5844 405 5847 405 5851 405 5848 405 5851 405 5849 405 5848 405 5851 405 5850 405 5849 405 5837 1270 5838 1270 5856 1270 5838 1270 5857 1270 5856 1270 5838 1270 5800 1270 5857 1270 5800 1270 5858 1270 5857 1270 5800 1270 5801 1270 5858 1270 5801 1243 5802 1243 5858 1243 5802 1243 5861 1243 5858 1243 5802 1271 5803 1271 5861 1271 5803 1271 5864 1271 5861 1271 5803 1241 5804 1241 5864 1241 5804 1241 5867 1241 5864 1241 5804 1269 5805 1269 5867 1269 5805 1269 5870 1269 5867 1269 5805 1272 5806 1272 5870 1272 5806 1272 5869 1272 5870 1272 5806 1272 5832 1272 5869 1272 5832 1272 5868 1272 5869 1272 5832 1272 5833 1272 5868 1272 5833 1269 5834 1269 5868 1269 5834 1269 5865 1269 5868 1269 5834 1241 5835 1241 5865 1241 5835 1241 5862 1241 5865 1241 5835 1271 5836 1271 5862 1271 5836 1271 5859 1271 5862 1271 5836 1243 5837 1243 5859 1243 5837 1243 5856 1243 5859 1243 5861 1243 5857 1243 5858 1243 5857 1243 5860 1243 5856 1243 5860 1243 5859 1243 5856 1243 5860 1271 5863 1271 5859 1271 5863 1271 5862 1271 5859 1271 5863 1241 5866 1241 5862 1241 5866 1241 5865 1241 5862 1241 5866 1269 5869 1269 5865 1269 5869 1269 5868 1269 5865 1269 5864 1271 5860 1271 5861 1271 5860 1243 5857 1243 5861 1243 5864 1271 5863 1271 5860 1271 5867 1241 5863 1241 5864 1241 5867 1241 5866 1241 5863 1241 5870 1269 5866 1269 5867 1269 5870 1269 5869 1269 5866 1269 5800 1 5838 1 5823 1 5838 1 5839 1 5823 1 5850 1260 5851 1260 5871 1260 5851 1260 5872 1260 5871 1260 5851 1260 5811 1260 5872 1260 5811 1260 5873 1260 5872 1260 5811 1260 5812 1260 5873 1260 5812 1268 5813 1268 5873 1268 5813 1268 5876 1268 5873 1268 5813 1253 5814 1253 5876 1253 5814 1253 5879 1253 5876 1253 5814 1273 5815 1273 5879 1273 5815 1273 5882 1273 5879 1273 5815 1251 5816 1251 5882 1251 5816 1251 5885 1251 5882 1251 5816 1274 5817 1274 5885 1274 5817 1274 5884 1274 5885 1274 5817 1274 5845 1274 5884 1274 5845 1274 5883 1274 5884 1274 5845 1274 5846 1274 5883 1274 5846 1251 5847 1251 5883 1251 5847 1251 5880 1251 5883 1251 5847 1273 5848 1273 5880 1273 5848 1273 5877 1273 5880 1273 5848 1253 5849 1253 5877 1253 5849 1253 5874 1253 5877 1253 5849 1268 5850 1268 5874 1268 5850 1268 5871 1268 5874 1268 5876 1268 5872 1268 5873 1268 5872 1268 5875 1268 5871 1268 5875 1268 5874 1268 5871 1268 5875 1253 5878 1253 5874 1253 5878 1253 5877 1253 5874 1253 5878 1273 5881 1273 5877 1273 5881 1273 5880 1273 5877 1273 5881 1251 5884 1251 5880 1251 5884 1251 5883 1251 5880 1251 5879 1253 5875 1253 5876 1253 5875 1268 5872 1268 5876 1268 5879 1253 5878 1253 5875 1253 5882 1273 5878 1273 5879 1273 5882 1273 5881 1273 5878 1273 5885 1251 5881 1251 5882 1251 5885 1251 5884 1251 5881 1251 5887 2 5886 2 5810 2 5886 2 5852 2 5810 2 5886 2 5909 2 5852 2 5909 2 5908 2 5852 2 5908 2 5907 2 5852 2 5907 2 5906 2 5852 2 5906 2 5905 2 5852 2 5905 2 5851 2 5852 2 5905 2 5904 2 5851 2 5904 2 5903 2 5851 2 5903 2 5902 2 5851 2 5902 2 5901 2 5851 2 5901 2 5900 2 5851 2 5900 2 5899 2 5851 2 5899 2 5898 2 5851 2 5898 2 5811 2 5851 2 5898 2 5897 2 5811 2 5897 2 5896 2 5811 2 5896 2 5895 2 5811 2 5895 2 5894 2 5811 2 5894 2 5893 2 5811 2 5893 2 5892 2 5811 2 5892 2 5891 2 5811 2 5891 2 5810 2 5811 2 5891 2 5890 2 5810 2 5890 2 5889 2 5810 2 5889 2 5888 2 5810 2 5888 2 5887 2 5810 2 5911 1298 5910 1298 5959 1298 5910 1298 5958 1298 5959 1298 5910 1322 5933 1322 5958 1322 5933 1322 5981 1322 5958 1322 5933 1277 5932 1277 5981 1277 5932 1277 5980 1277 5981 1277 5932 1592 5931 1592 5980 1592 5931 1592 5979 1592 5980 1592 5931 1491 5930 1491 5979 1491 5930 1491 5978 1491 5979 1491 5930 1593 5929 1593 5978 1593 5929 1593 5977 1593 5978 1593 5929 1585 5928 1585 5977 1585 5928 1585 5976 1585 5977 1585 5928 1586 5927 1586 5976 1586 5927 1586 5975 1586 5976 1586 5927 1594 5926 1594 5975 1594 5926 1594 5974 1594 5975 1594 5926 1332 5925 1332 5974 1332 5925 1332 5973 1332 5974 1332 5925 1595 5924 1595 5973 1595 5924 1595 5972 1595 5973 1595 5924 1286 5923 1286 5972 1286 5923 1286 5971 1286 5972 1286 5923 1287 5922 1287 5971 1287 5922 1287 5970 1287 5971 1287 5922 1288 5921 1288 5970 1288 5921 1288 5969 1288 5970 1288 5921 1308 5920 1308 5969 1308 5920 1308 5968 1308 5969 1308 5920 1596 5919 1596 5968 1596 5919 1596 5967 1596 5968 1596 5919 1329 5918 1329 5967 1329 5918 1329 5966 1329 5967 1329 5918 1291 5917 1291 5966 1291 5917 1291 5965 1291 5966 1291 5917 1339 5916 1339 5965 1339 5916 1339 5964 1339 5965 1339 5916 1340 5915 1340 5964 1340 5915 1340 5963 1340 5964 1340 5915 1294 5914 1294 5963 1294 5914 1294 5962 1294 5963 1294 5914 1324 5913 1324 5962 1324 5913 1324 5961 1324 5962 1324 5913 1597 5912 1597 5961 1597 5912 1597 5960 1597 5961 1597 5912 1501 5911 1501 5960 1501 5911 1501 5959 1501 5960 1501 5935 1322 5934 1322 5981 1322 5934 1322 5958 1322 5981 1322 5934 1298 5957 1298 5958 1298 5957 1298 5959 1298 5958 1298 5957 1501 5956 1501 5959 1501 5956 1501 5960 1501 5959 1501 5956 1597 5955 1597 5960 1597 5955 1597 5961 1597 5960 1597 5955 1324 5954 1324 5961 1324 5954 1324 5962 1324 5961 1324 5954 1294 5953 1294 5962 1294 5953 1294 5963 1294 5962 1294 5953 1340 5952 1340 5963 1340 5952 1340 5964 1340 5963 1340 5952 1339 5951 1339 5964 1339 5951 1339 5965 1339 5964 1339 5951 1291 5950 1291 5965 1291 5950 1291 5966 1291 5965 1291 5950 1329 5949 1329 5966 1329 5949 1329 5967 1329 5966 1329 5949 1596 5948 1596 5967 1596 5948 1596 5968 1596 5967 1596 5948 1308 5947 1308 5968 1308 5947 1308 5969 1308 5968 1308 5947 1288 5946 1288 5969 1288 5946 1288 5970 1288 5969 1288 5946 1287 5945 1287 5970 1287 5945 1287 5971 1287 5970 1287 5945 1286 5944 1286 5971 1286 5944 1286 5972 1286 5971 1286 5944 1595 5943 1595 5972 1595 5943 1595 5973 1595 5972 1595 5943 1332 5942 1332 5973 1332 5942 1332 5974 1332 5973 1332 5942 1594 5941 1594 5974 1594 5941 1594 5975 1594 5974 1594 5941 1586 5940 1586 5975 1586 5940 1586 5976 1586 5975 1586 5940 1585 5939 1585 5976 1585 5939 1585 5977 1585 5976 1585 5939 1593 5938 1593 5977 1593 5938 1593 5978 1593 5977 1593 5938 1491 5937 1491 5978 1491 5937 1491 5979 1491 5978 1491 5937 1592 5936 1592 5979 1592 5936 1592 5980 1592 5979 1592 5936 1277 5935 1277 5980 1277 5935 1277 5981 1277 5980 1277 5832 2 5806 2 5910 2 5806 2 5933 2 5910 2 5806 2 5932 2 5933 2 5855 2 5832 2 5917 2 5832 2 5916 2 5917 2 5832 2 5915 2 5916 2 5807 2 5855 2 5922 2 5855 2 5921 2 5922 2 5855 2 5920 2 5921 2 5806 2 5807 2 5927 2 5807 2 5926 2 5927 2 5807 2 5925 2 5926 2 5932 2 5806 2 5931 2 5806 2 5930 2 5931 2 5806 2 5929 2 5930 2 5929 2 5806 2 5928 2 5806 2 5927 2 5928 2 5925 2 5807 2 5924 2 5807 2 5923 2 5924 2 5807 2 5922 2 5923 2 5920 2 5855 2 5919 2 5855 2 5918 2 5919 2 5855 2 5917 2 5918 2 5915 2 5832 2 5914 2 5832 2 5913 2 5914 2 5832 2 5912 2 5913 2 5912 2 5832 2 5911 2 5832 2 5910 2 5911 2 5957 1234 5934 1234 5839 1234 5934 1234 5823 1234 5839 1234 5934 1234 5935 1234 5823 1234 5935 1234 5936 1234 5823 1234 5936 1234 5937 1234 5823 1234 5937 1234 5938 1234 5823 1234 5938 1234 5939 1234 5823 1234 5939 1234 5940 1234 5823 1234 5940 1234 5822 1234 5823 1234 5940 1234 5941 1234 5822 1234 5941 1234 5942 1234 5822 1234 5942 1234 5943 1234 5822 1234 5943 1234 5944 1234 5822 1234 5944 1234 5945 1234 5822 1234 5945 1234 5946 1234 5822 1234 5946 1234 5840 1234 5822 1234 5946 1234 5947 1234 5840 1234 5947 1234 5948 1234 5840 1234 5948 1234 5949 1234 5840 1234 5949 1234 5950 1234 5840 1234 5950 1234 5951 1234 5840 1234 5951 1234 5952 1234 5840 1234 5952 1234 5839 1234 5840 1234 5952 1234 5953 1234 5839 1234 5953 1234 5954 1234 5839 1234 5954 1234 5955 1234 5839 1234 5955 1234 5956 1234 5839 1234 5956 1234 5957 1234 5839 1234 5983 1234 5982 1234 5843 1234 5982 1234 5819 1234 5843 1234 5982 1234 6005 1234 5819 1234 6005 1234 6004 1234 5819 1234 6004 1234 6003 1234 5819 1234 6003 1234 6002 1234 5819 1234 6002 1234 6001 1234 5819 1234 6001 1234 6000 1234 5819 1234 6000 1234 5818 1234 5819 1234 6000 1234 5999 1234 5818 1234 5999 1234 5998 1234 5818 1234 5998 1234 5997 1234 5818 1234 5997 1234 5996 1234 5818 1234 5996 1234 5995 1234 5818 1234 5995 1234 5994 1234 5818 1234 5994 1234 5844 1234 5818 1234 5994 1234 5993 1234 5844 1234 5993 1234 5992 1234 5844 1234 5992 1234 5991 1234 5844 1234 5991 1234 5990 1234 5844 1234 5990 1234 5989 1234 5844 1234 5989 1234 5988 1234 5844 1234 5988 1234 5843 1234 5844 1234 5988 1234 5987 1234 5843 1234 5987 1234 5986 1234 5843 1234 5986 1234 5985 1234 5843 1234 5985 1234 5984 1234 5843 1234 5984 1234 5983 1234 5843 1234 5819 1 5820 1 5843 1 5820 1 5842 1 5843 1 5841 1234 5842 1234 6024 1234 5842 1234 6025 1234 6024 1234 5842 1234 6026 1234 6025 1234 5821 1234 5841 1234 6018 1234 5841 1234 6019 1234 6018 1234 5841 1234 6020 1234 6019 1234 5820 1234 5821 1234 6012 1234 5821 1234 6013 1234 6012 1234 5821 1234 6014 1234 6013 1234 5842 1234 5820 1234 6006 1234 5820 1234 6007 1234 6006 1234 5820 1234 6008 1234 6007 1234 6008 1234 5820 1234 6009 1234 5820 1234 6010 1234 6009 1234 5820 1234 6011 1234 6010 1234 6011 1234 5820 1234 6012 1234 6014 1234 5821 1234 6015 1234 5821 1234 6016 1234 6015 1234 5821 1234 6017 1234 6016 1234 6017 1234 5821 1234 6018 1234 6020 1234 5841 1234 6021 1234 5841 1234 6022 1234 6021 1234 5841 1234 6023 1234 6022 1234 6023 1234 5841 1234 6024 1234 6026 1234 5842 1234 6027 1234 5842 1234 6028 1234 6027 1234 5842 1234 6029 1234 6028 1234 6029 1234 5842 1234 6006 1234 6053 1234 6072 1234 6030 1234 6072 1234 6031 1234 6030 1234 6072 1234 6071 1234 6031 1234 6071 1234 6032 1234 6031 1234 6071 1234 6070 1234 6032 1234 6070 1234 6033 1234 6032 1234 6070 1234 6069 1234 6033 1234 6069 1234 6034 1234 6033 1234 6069 1234 6068 1234 6034 1234 6068 1234 6035 1234 6034 1234 6068 1234 6067 1234 6035 1234 6067 1234 6036 1234 6035 1234 6067 1234 6066 1234 6036 1234 6066 1234 6065 1234 6036 1234 6065 1234 6037 1234 6036 1234 6065 1234 6064 1234 6037 1234 6064 1234 6038 1234 6037 1234 6064 1234 6063 1234 6038 1234 6063 1234 6039 1234 6038 1234 6063 1234 6062 1234 6039 1234 6062 1234 6040 1234 6039 1234 6062 1234 6061 1234 6040 1234 6061 1234 6041 1234 6040 1234 6061 1234 6060 1234 6041 1234 6060 1234 6042 1234 6041 1234 6060 1234 6059 1234 6042 1234 6059 1234 6043 1234 6042 1234 6059 1234 6044 1234 6043 1234 6059 1234 6058 1234 6044 1234 6058 1234 6045 1234 6044 1234 6058 1234 6057 1234 6045 1234 6057 1234 6046 1234 6045 1234 6057 1234 6056 1234 6046 1234 6056 1234 6047 1234 6046 1234 6056 1234 6055 1234 6047 1234 6055 1234 6048 1234 6047 1234 6055 1234 6054 1234 6048 1234 6054 1234 6077 1234 6048 1234 6077 1234 6049 1234 6048 1234 6077 1234 6076 1234 6049 1234 6076 1234 6050 1234 6049 1234 6076 1234 6075 1234 6050 1234 6075 1234 6051 1234 6050 1234 6075 1234 6074 1234 6051 1234 6074 1234 6052 1234 6051 1234 6074 1234 6073 1234 6052 1234 6073 1234 6053 1234 6052 1234 6073 1234 6072 1234 6053 1234 5855 1 5807 1 5854 1 5807 1 5808 1 5854 1 6079 2 6078 2 5808 2 6078 2 5854 2 5808 2 6078 2 6101 2 5854 2 6101 2 6100 2 5854 2 6100 2 6099 2 5854 2 6099 2 6098 2 5854 2 6098 2 6097 2 5854 2 6097 2 6096 2 5854 2 6096 2 5853 2 5854 2 6096 2 6095 2 5853 2 6095 2 6094 2 5853 2 6094 2 6093 2 5853 2 6093 2 6092 2 5853 2 6092 2 6091 2 5853 2 6091 2 6090 2 5853 2 6090 2 5809 2 5853 2 6090 2 6089 2 5809 2 6089 2 6088 2 5809 2 6088 2 6087 2 5809 2 6087 2 6086 2 5809 2 6086 2 6085 2 5809 2 6085 2 6084 2 5809 2 6084 2 5808 2 5809 2 6084 2 6083 2 5808 2 6083 2 6082 2 5808 2 6082 2 6081 2 5808 2 6081 2 6080 2 5808 2 6080 2 6079 2 5808 2 5853 0 5809 0 5852 0 5809 0 5810 0 5852 0 5840 0 5841 0 5822 0 5841 0 5821 0 5822 0 6053 1322 6030 1322 6079 1322 6030 1322 6078 1322 6079 1322 6030 1298 6031 1298 6078 1298 6031 1298 6101 1298 6078 1298 6031 1299 6032 1299 6101 1299 6032 1299 6100 1299 6101 1299 6032 1300 6033 1300 6100 1300 6033 1300 6099 1300 6100 1300 6033 1598 6034 1598 6099 1598 6034 1598 6098 1598 6099 1598 6034 1302 6035 1302 6098 1302 6035 1302 6097 1302 6098 1302 6035 1599 6036 1599 6097 1599 6036 1599 6096 1599 6097 1599 6036 1600 6037 1600 6096 1600 6037 1600 6095 1600 6096 1600 6037 1305 6038 1305 6095 1305 6038 1305 6094 1305 6095 1305 6038 1601 6039 1601 6094 1601 6039 1601 6093 1601 6094 1601 6039 1307 6040 1307 6093 1307 6040 1307 6092 1307 6093 1307 6040 1308 6041 1308 6092 1308 6041 1308 6091 1308 6092 1308 6041 1288 6042 1288 6091 1288 6042 1288 6090 1288 6091 1288 6042 1287 6043 1287 6090 1287 6043 1287 6089 1287 6090 1287 6043 1286 6044 1286 6089 1286 6044 1286 6088 1286 6089 1286 6044 1311 6045 1311 6088 1311 6045 1311 6087 1311 6088 1311 6045 1602 6046 1602 6087 1602 6046 1602 6086 1602 6087 1602 6046 1283 6047 1283 6086 1283 6047 1283 6085 1283 6086 1283 6047 1526 6048 1526 6085 1526 6048 1526 6084 1526 6085 1526 6048 1603 6049 1603 6084 1603 6049 1603 6083 1603 6084 1603 6049 1280 6050 1280 6083 1280 6050 1280 6082 1280 6083 1280 6050 1604 6051 1604 6082 1604 6051 1604 6081 1604 6082 1604 6051 1316 6052 1316 6081 1316 6052 1316 6080 1316 6081 1316 6052 1331 6053 1331 6080 1331 6053 1331 6079 1331 6080 1331 6029 1288 6006 1288 6061 1288 6006 1288 6060 1288 6061 1288 6006 1287 6007 1287 6060 1287 6007 1287 6059 1287 6060 1287 6007 1286 6008 1286 6059 1286 6008 1286 6058 1286 6059 1286 6008 1311 6009 1311 6058 1311 6009 1311 6057 1311 6058 1311 6009 1578 6010 1578 6057 1578 6010 1578 6056 1578 6057 1578 6010 1605 6011 1605 6056 1605 6011 1605 6055 1605 6056 1605 6011 1576 6012 1576 6055 1576 6012 1576 6054 1576 6055 1576 6012 1575 6013 1575 6054 1575 6013 1575 6077 1575 6054 1575 6013 1606 6014 1606 6077 1606 6014 1606 6076 1606 6077 1606 6014 1573 6015 1573 6076 1573 6015 1573 6075 1573 6076 1573 6015 1316 6016 1316 6075 1316 6016 1316 6074 1316 6075 1316 6016 1317 6017 1317 6074 1317 6017 1317 6073 1317 6074 1317 6017 1322 6018 1322 6073 1322 6018 1322 6072 1322 6073 1322 6018 1298 6019 1298 6072 1298 6019 1298 6071 1298 6072 1298 6019 909 6020 909 6071 909 6020 909 6070 909 6071 909 6020 1300 6021 1300 6070 1300 6021 1300 6069 1300 6070 1300 6021 1295 6022 1295 6069 1295 6022 1295 6068 1295 6069 1295 6022 1607 6023 1607 6068 1607 6023 1607 6067 1607 6068 1607 6023 1293 6024 1293 6067 1293 6024 1293 6066 1293 6067 1293 6024 1292 6025 1292 6066 1292 6025 1292 6065 1292 6066 1292 6025 1608 6026 1608 6065 1608 6026 1608 6064 1608 6065 1608 6026 1290 6027 1290 6064 1290 6027 1290 6063 1290 6064 1290 6027 1307 6028 1307 6063 1307 6028 1307 6062 1307 6063 1307 6028 1308 6029 1308 6062 1308 6029 1308 6061 1308 6062 1308 5845 0 5817 0 5844 0 5817 0 5818 0 5844 0 5909 1275 5886 1275 6103 1275 5886 1275 6102 1275 6103 1275 5886 1322 5887 1322 6102 1322 5887 1322 6125 1322 6102 1322 5887 1331 5888 1331 6125 1331 5888 1331 6124 1331 6125 1331 5888 1609 5889 1609 6124 1609 5889 1609 6123 1609 6124 1609 5889 1610 5890 1610 6123 1610 5890 1610 6122 1610 6123 1610 5890 1593 5891 1593 6122 1593 5891 1593 6121 1593 6122 1593 5891 1585 5892 1585 6121 1585 5892 1585 6120 1585 6121 1585 5892 1586 5893 1586 6120 1586 5893 1586 6119 1586 6120 1586 5893 1611 5894 1611 6119 1611 5894 1611 6118 1611 6119 1611 5894 1612 5895 1612 6118 1612 5895 1612 6117 1612 6118 1612 5895 1613 5896 1613 6117 1613 5896 1613 6116 1613 6117 1613 5896 1334 5897 1334 6116 1334 5897 1334 6115 1334 6116 1334 5897 1309 5898 1309 6115 1309 5898 1309 6114 1309 6115 1309 5898 1588 5899 1588 6114 1588 5899 1588 6113 1588 6114 1588 5899 1614 5900 1614 6113 1614 5900 1614 6112 1614 6113 1614 5900 1596 5901 1596 6112 1596 5901 1596 6111 1596 6112 1596 5901 1329 5902 1329 6111 1329 5902 1329 6110 1329 6111 1329 5902 1615 5903 1615 6110 1615 5903 1615 6109 1615 6110 1615 5903 1616 5904 1616 6109 1616 5904 1616 6108 1616 6109 1616 5904 1617 5905 1617 6108 1617 5905 1617 6107 1617 6108 1617 5905 1294 5906 1294 6107 1294 5906 1294 6106 1294 6107 1294 5906 1342 5907 1342 6106 1342 5907 1342 6105 1342 6106 1342 5907 908 5908 908 6105 908 5908 908 6104 908 6105 908 5908 1297 5909 1297 6104 1297 5909 1297 6103 1297 6104 1297 6005 1322 5982 1322 6125 1322 5982 1322 6102 1322 6125 1322 5982 1275 5983 1275 6102 1275 5983 1275 6103 1275 6102 1275 5983 1297 5984 1297 6103 1297 5984 1297 6104 1297 6103 1297 5984 908 5985 908 6104 908 5985 908 6105 908 6104 908 5985 1342 5986 1342 6105 1342 5986 1342 6106 1342 6105 1342 5986 1294 5987 1294 6106 1294 5987 1294 6107 1294 6106 1294 5987 1617 5988 1617 6107 1617 5988 1617 6108 1617 6107 1617 5988 1616 5989 1616 6108 1616 5989 1616 6109 1616 6108 1616 5989 1615 5990 1615 6109 1615 5990 1615 6110 1615 6109 1615 5990 1329 5991 1329 6110 1329 5991 1329 6111 1329 6110 1329 5991 1596 5992 1596 6111 1596 5992 1596 6112 1596 6111 1596 5992 1614 5993 1614 6112 1614 5993 1614 6113 1614 6112 1614 5993 1588 5994 1588 6113 1588 5994 1588 6114 1588 6113 1588 5994 1309 5995 1309 6114 1309 5995 1309 6115 1309 6114 1309 5995 1334 5996 1334 6115 1334 5996 1334 6116 1334 6115 1334 5996 1613 5997 1613 6116 1613 5997 1613 6117 1613 6116 1613 5997 1612 5998 1612 6117 1612 5998 1612 6118 1612 6117 1612 5998 1611 5999 1611 6118 1611 5999 1611 6119 1611 6118 1611 5999 1586 6000 1586 6119 1586 6000 1586 6120 1586 6119 1586 6000 1585 6001 1585 6120 1585 6001 1585 6121 1585 6120 1585 6001 1593 6002 1593 6121 1593 6002 1593 6122 1593 6121 1593 6002 1610 6003 1610 6122 1610 6003 1610 6123 1610 6122 1610 6003 1609 6004 1609 6123 1609 6004 1609 6124 1609 6123 1609 6004 1331 6005 1331 6124 1331 6005 1331 6125 1331 6124 1331 6126 1618 6149 1618 6127 1618 6149 1618 6154 1618 6127 1618 6149 1619 6148 1619 6154 1619 6148 1619 6159 1619 6154 1619 6148 1620 6147 1620 6159 1620 6147 1620 6164 1620 6159 1620 6147 1621 6146 1621 6164 1621 6146 1621 6169 1621 6164 1621 6146 1622 6145 1622 6169 1622 6145 1622 6174 1622 6169 1622 6145 1623 6144 1623 6174 1623 6144 1623 6143 1623 6174 1623 6143 1624 6173 1624 6174 1624 6143 1625 6142 1625 6173 1625 6142 1626 6172 1626 6173 1626 6142 1627 6141 1627 6172 1627 6141 1628 6171 1628 6172 1628 6141 1629 6140 1629 6171 1629 6140 1630 6170 1630 6171 1630 6140 1630 6139 1630 6170 1630 6139 1631 6137 1631 6170 1631 6139 1631 6138 1631 6137 1631 6127 1632 6154 1632 6128 1632 6154 1633 6153 1633 6128 1633 6154 1634 6159 1634 6153 1634 6159 1635 6158 1635 6153 1635 6159 1636 6164 1636 6158 1636 6164 1636 6163 1636 6158 1636 6164 1637 6169 1637 6163 1637 6169 1637 6168 1637 6163 1637 6169 1638 6174 1638 6168 1638 6174 1638 6173 1638 6168 1638 6128 1639 6153 1639 6129 1639 6153 1640 6152 1640 6129 1640 6153 1641 6158 1641 6152 1641 6158 1642 6157 1642 6152 1642 6158 1643 6163 1643 6157 1643 6163 1643 6162 1643 6157 1643 6163 1644 6168 1644 6162 1644 6168 1644 6167 1644 6162 1644 6168 1645 6173 1645 6167 1645 6173 1646 6172 1646 6167 1646 6129 1647 6152 1647 6130 1647 6152 1648 6151 1648 6130 1648 6152 1649 6157 1649 6151 1649 6157 1649 6156 1649 6151 1649 6157 1650 6162 1650 6156 1650 6162 1650 6161 1650 6156 1650 6162 1651 6167 1651 6161 1651 6167 1651 6166 1651 6161 1651 6167 1652 6172 1652 6166 1652 6172 1652 6171 1652 6166 1652 6130 1653 6151 1653 6131 1653 6151 1654 6150 1654 6131 1654 6151 1655 6156 1655 6150 1655 6156 1656 6155 1656 6150 1656 6156 1657 6161 1657 6155 1657 6161 1657 6160 1657 6155 1657 6161 1658 6166 1658 6160 1658 6166 1658 6165 1658 6160 1658 6166 1659 6171 1659 6165 1659 6171 1660 6170 1660 6165 1660 6131 1661 6150 1661 6132 1661 6150 1661 6133 1661 6132 1661 6150 1662 6155 1662 6133 1662 6155 1663 6134 1663 6133 1663 6155 1664 6160 1664 6134 1664 6160 1664 6135 1664 6134 1664 6160 1665 6165 1665 6135 1665 6165 1666 6136 1666 6135 1666 6165 1667 6170 1667 6136 1667 6170 1668 6137 1668 6136 1668 6138 1422 6185 1422 6175 1422 6185 1669 6176 1669 6175 1669 6185 1670 6177 1670 6176 1670 6177 1671 6185 1671 6178 1671 6185 1672 6186 1672 6178 1672 6185 1673 6140 1673 6186 1673 6140 1674 6141 1674 6186 1674 6141 1674 6187 1674 6186 1674 6141 1675 6142 1675 6187 1675 6142 1675 6188 1675 6187 1675 6142 1676 6143 1676 6188 1676 6143 1676 6189 1676 6188 1676 6143 1677 6144 1677 6189 1677 6144 1678 6183 1678 6189 1678 6144 1679 6184 1679 6183 1679 6178 1680 6186 1680 6179 1680 6186 1681 6187 1681 6179 1681 6179 1682 6187 1682 6180 1682 6187 1683 6181 1683 6180 1683 6187 1684 6188 1684 6181 1684 6188 1685 6182 1685 6181 1685 6188 1686 6189 1686 6182 1686 6189 1687 6183 1687 6182 1687 6140 1673 6185 1673 6139 1673 6185 1422 6138 1422 6139 1422 6149 405 6126 405 6148 405 6126 405 6147 405 6148 405 6126 405 6146 405 6147 405 6146 405 6126 405 6145 405 6126 405 6144 405 6145 405 6126 405 6190 405 6144 405 6190 405 6184 405 6144 405 6191 405 6190 405 6212 405 6190 405 6227 405 6212 405 6190 405 6228 405 6227 405 6192 405 6191 405 6193 405 6191 405 6199 405 6193 405 6191 405 6201 405 6199 405 6201 405 6200 405 6199 405 6194 405 6193 405 6195 405 6193 405 6196 405 6195 405 6193 405 6197 405 6196 405 6197 405 6193 405 6198 405 6193 405 6199 405 6198 405 6191 405 6212 405 6201 405 6212 405 6202 405 6201 405 6212 405 6210 405 6202 405 6210 405 6204 405 6202 405 6210 405 6205 405 6204 405 6202 405 6204 405 6203 405 6205 405 6210 405 6206 405 6210 405 6207 405 6206 405 6210 405 6208 405 6207 405 6208 405 6210 405 6209 405 6210 405 6212 405 6211 405 6227 405 6224 405 6212 405 6224 405 6213 405 6212 405 6224 405 6223 405 6213 405 6223 405 6215 405 6213 405 6223 405 6221 405 6215 405 6221 405 6216 405 6215 405 6221 405 6217 405 6216 405 6213 405 6215 405 6214 405 6217 405 6221 405 6218 405 6221 405 6219 405 6218 405 6221 405 6220 405 6219 405 6221 405 6223 405 6222 405 6225 405 6224 405 6226 405 6224 405 6227 405 6226 405 6229 405 6228 405 6126 405 6228 405 6190 405 6126 405 6190 1688 6238 1688 6184 1688 6238 1688 6183 1688 6184 1688 6238 1689 6237 1689 6183 1689 6237 1689 6182 1689 6183 1689 6237 1690 6236 1690 6182 1690 6236 1690 6181 1690 6182 1690 6236 1691 6235 1691 6181 1691 6235 1691 6180 1691 6181 1691 6235 1692 6234 1692 6180 1692 6234 1692 6179 1692 6180 1692 6234 1693 6233 1693 6179 1693 6233 1693 6178 1693 6179 1693 6233 1694 6232 1694 6178 1694 6232 1694 6177 1694 6178 1694 6232 1695 6231 1695 6177 1695 6231 1695 6176 1695 6177 1695 6231 1696 6230 1696 6176 1696 6230 1696 6175 1696 6176 1696 6245 1245 6244 1245 6138 1245 6244 1245 6137 1245 6138 1245 6244 1232 6243 1232 6137 1232 6243 1232 6136 1232 6137 1232 6243 1231 6242 1231 6136 1231 6242 1231 6135 1231 6136 1231 6242 1230 6241 1230 6135 1230 6241 1230 6134 1230 6135 1230 6241 1229 6240 1229 6134 1229 6240 1229 6133 1229 6134 1229 6240 1228 6239 1228 6133 1228 6239 1228 6132 1228 6133 1228 6224 1697 6225 1697 6246 1697 6225 1697 6263 1697 6246 1697 6263 1698 6247 1698 6246 1698 6263 1698 6262 1698 6247 1698 6262 1699 6248 1699 6247 1699 6262 1700 6261 1700 6248 1700 6261 1701 6249 1701 6248 1701 6261 1702 6260 1702 6249 1702 6260 1703 6250 1703 6249 1703 6260 1704 6259 1704 6250 1704 6259 1705 6251 1705 6250 1705 6259 1706 6258 1706 6251 1706 6258 1707 6252 1707 6251 1707 6258 1707 6257 1707 6252 1707 6257 1708 6253 1708 6252 1708 6257 1708 6256 1708 6253 1708 6256 1709 6254 1709 6253 1709 6256 1709 6255 1709 6254 1709 6264 1710 6278 1710 6265 1710 6278 1711 6279 1711 6265 1711 6278 1712 6277 1712 6279 1712 6277 1713 6276 1713 6279 1713 6276 1714 6280 1714 6279 1714 6276 1715 6275 1715 6280 1715 6275 1716 6281 1716 6280 1716 6275 1704 6274 1704 6281 1704 6274 1717 6273 1717 6281 1717 6273 1718 6282 1718 6281 1718 6273 1719 6272 1719 6282 1719 6272 1720 6283 1720 6282 1720 6272 1721 6271 1721 6283 1721 6271 1722 6214 1722 6283 1722 6214 1723 6215 1723 6283 1723 6215 1723 6270 1723 6283 1723 6270 1724 6269 1724 6283 1724 6269 1724 6282 1724 6283 1724 6269 1725 6268 1725 6282 1725 6268 1725 6281 1725 6282 1725 6268 1726 6267 1726 6281 1726 6267 1726 6280 1726 6281 1726 6267 1414 6266 1414 6280 1414 6266 1414 6279 1414 6280 1414 6266 1727 6265 1727 6279 1727 6285 1709 6284 1709 6286 1709 6284 1709 6301 1709 6286 1709 6301 1708 6287 1708 6286 1708 6301 1708 6300 1708 6287 1708 6300 1707 6288 1707 6287 1707 6300 1707 6299 1707 6288 1707 6299 1706 6289 1706 6288 1706 6299 1706 6298 1706 6289 1706 6298 1704 6290 1704 6289 1704 6298 1704 6297 1704 6290 1704 6297 1702 6291 1702 6290 1702 6297 1702 6296 1702 6291 1702 6296 1700 6292 1700 6291 1700 6296 1700 6295 1700 6292 1700 6295 1698 6293 1698 6292 1698 6295 1698 6294 1698 6293 1698 6294 1697 6229 1697 6293 1697 6294 1697 6228 1697 6229 1697 6212 1728 6319 1728 6211 1728 6319 1728 6302 1728 6211 1728 6319 1729 6318 1729 6302 1729 6318 1729 6303 1729 6302 1729 6318 1730 6317 1730 6303 1730 6317 1730 6304 1730 6303 1730 6317 1731 6316 1731 6304 1731 6316 1731 6305 1731 6304 1731 6316 1732 6315 1732 6305 1732 6315 1732 6306 1732 6305 1732 6315 1733 6314 1733 6306 1733 6314 1733 6307 1733 6306 1733 6314 1734 6313 1734 6307 1734 6313 1734 6308 1734 6307 1734 6313 1735 6312 1735 6308 1735 6312 1735 6309 1735 6308 1735 6312 1736 6311 1736 6309 1736 6311 1736 6310 1736 6309 1736 6211 1697 6302 1697 6210 1697 6302 1737 6326 1737 6210 1737 6302 1738 6303 1738 6326 1738 6303 1739 6327 1739 6326 1739 6303 1740 6304 1740 6327 1740 6304 1741 6328 1741 6327 1741 6304 1717 6305 1717 6328 1717 6305 1704 6306 1704 6328 1704 6306 1742 6329 1742 6328 1742 6306 1743 6307 1743 6329 1743 6307 1744 6330 1744 6329 1744 6307 1745 6308 1745 6330 1745 6308 1746 6309 1746 6330 1746 6309 1747 6310 1747 6330 1747 6310 1727 6325 1727 6330 1727 6325 1727 6324 1727 6330 1727 6324 1414 6323 1414 6330 1414 6323 1414 6329 1414 6330 1414 6323 1726 6322 1726 6329 1726 6322 1726 6328 1726 6329 1726 6322 1725 6321 1725 6328 1725 6321 1725 6327 1725 6328 1725 6321 1724 6320 1724 6327 1724 6320 1724 6326 1724 6327 1724 6320 1723 6210 1723 6326 1723 6204 1748 6205 1748 6331 1748 6205 1748 6346 1748 6331 1748 6205 1749 6206 1749 6346 1749 6206 1750 6351 1750 6346 1750 6206 1751 6207 1751 6351 1751 6207 1751 6356 1751 6351 1751 6207 1752 6208 1752 6356 1752 6208 1752 6361 1752 6356 1752 6208 1753 6209 1753 6361 1753 6209 1754 6366 1754 6361 1754 6209 1755 6210 1755 6366 1755 6210 1755 6320 1755 6366 1755 6320 1756 6365 1756 6366 1756 6320 1756 6321 1756 6365 1756 6321 1757 6364 1757 6365 1757 6321 1757 6322 1757 6364 1757 6322 1758 6363 1758 6364 1758 6322 1759 6323 1759 6363 1759 6323 1760 6362 1760 6363 1760 6323 1761 6324 1761 6362 1761 6324 1762 6341 1762 6362 1762 6324 1763 6325 1763 6341 1763 6331 1764 6346 1764 6332 1764 6346 1765 6345 1765 6332 1765 6346 1766 6351 1766 6345 1766 6351 1766 6350 1766 6345 1766 6351 1767 6356 1767 6350 1767 6356 1767 6355 1767 6350 1767 6356 1768 6361 1768 6355 1768 6361 1768 6360 1768 6355 1768 6361 1769 6366 1769 6360 1769 6366 1769 6365 1769 6360 1769 6332 1770 6345 1770 6333 1770 6345 1771 6344 1771 6333 1771 6345 1772 6350 1772 6344 1772 6350 1773 6349 1773 6344 1773 6350 1774 6355 1774 6349 1774 6355 1774 6354 1774 6349 1774 6355 1775 6360 1775 6354 1775 6360 1776 6359 1776 6354 1776 6360 1777 6365 1777 6359 1777 6365 1778 6364 1778 6359 1778 6333 1779 6344 1779 6334 1779 6344 1780 6343 1780 6334 1780 6344 1781 6349 1781 6343 1781 6349 1782 6348 1782 6343 1782 6349 1783 6354 1783 6348 1783 6354 1784 6353 1784 6348 1784 6354 1785 6359 1785 6353 1785 6359 1786 6358 1786 6353 1786 6359 1787 6364 1787 6358 1787 6364 1788 6363 1788 6358 1788 6334 1789 6343 1789 6335 1789 6343 1790 6342 1790 6335 1790 6343 1791 6348 1791 6342 1791 6348 1792 6347 1792 6342 1792 6348 1793 6353 1793 6347 1793 6353 1794 6352 1794 6347 1794 6353 1795 6358 1795 6352 1795 6358 1796 6357 1796 6352 1796 6358 1797 6363 1797 6357 1797 6363 1797 6362 1797 6357 1797 6335 1798 6342 1798 6336 1798 6342 1799 6337 1799 6336 1799 6342 1800 6347 1800 6337 1800 6347 1801 6338 1801 6337 1801 6347 1802 6352 1802 6338 1802 6352 1803 6339 1803 6338 1803 6352 1804 6357 1804 6339 1804 6357 1805 6340 1805 6339 1805 6357 1806 6362 1806 6340 1806 6362 1807 6341 1807 6340 1807 6367 1696 6375 1696 6336 1696 6375 1808 6376 1808 6336 1808 6375 1809 6374 1809 6376 1809 6374 1810 6373 1810 6376 1810 6373 1811 6377 1811 6376 1811 6373 1812 6372 1812 6377 1812 6372 1813 6378 1813 6377 1813 6372 1692 6371 1692 6378 1692 6371 1691 6370 1691 6378 1691 6370 1814 6379 1814 6378 1814 6370 1815 6369 1815 6379 1815 6369 1816 6380 1816 6379 1816 6369 1817 6368 1817 6380 1817 6368 1818 6203 1818 6380 1818 6203 1575 6204 1575 6380 1575 6204 1575 6331 1575 6380 1575 6331 1606 6332 1606 6380 1606 6332 1606 6379 1606 6380 1606 6332 1491 6333 1491 6379 1491 6333 1491 6378 1491 6379 1491 6333 1819 6334 1819 6378 1819 6334 1819 6377 1819 6378 1819 6334 1820 6335 1820 6377 1820 6335 1820 6376 1820 6377 1820 6335 1322 6336 1322 6376 1322 6230 1821 6231 1821 6381 1821 6231 1821 6382 1821 6381 1821 6231 1822 6390 1822 6382 1822 6390 1823 6383 1823 6382 1823 6390 1824 6384 1824 6383 1824 6390 1825 6391 1825 6384 1825 6391 1826 6385 1826 6384 1826 6391 1827 6392 1827 6385 1827 6392 1682 6386 1682 6385 1682 6392 1828 6387 1828 6386 1828 6392 1829 6393 1829 6387 1829 6393 1830 6388 1830 6387 1830 6393 1831 6394 1831 6388 1831 6394 1832 6389 1832 6388 1832 6394 1833 6190 1833 6389 1833 6190 1679 6191 1679 6389 1679 6190 1834 6394 1834 6238 1834 6394 1835 6237 1835 6238 1835 6394 1836 6393 1836 6237 1836 6393 1837 6236 1837 6237 1837 6393 1838 6392 1838 6236 1838 6392 1828 6235 1828 6236 1828 6392 1682 6234 1682 6235 1682 6392 1839 6391 1839 6234 1839 6391 1840 6233 1840 6234 1840 6391 1841 6390 1841 6233 1841 6390 1842 6232 1842 6233 1842 6390 1843 6231 1843 6232 1843 6202 1679 6203 1679 6395 1679 6203 1679 6368 1679 6395 1679 6368 1844 6396 1844 6395 1844 6368 1844 6369 1844 6396 1844 6369 1845 6397 1845 6396 1845 6369 1845 6370 1845 6397 1845 6370 1828 6398 1828 6397 1828 6370 1828 6371 1828 6398 1828 6371 1682 6399 1682 6398 1682 6371 1682 6372 1682 6399 1682 6372 1846 6400 1846 6399 1846 6372 1846 6373 1846 6400 1846 6373 1847 6401 1847 6400 1847 6373 1847 6374 1847 6401 1847 6374 1848 6402 1848 6401 1848 6374 1848 6375 1848 6402 1848 6375 1821 6403 1821 6402 1821 6375 1821 6367 1821 6403 1821 6200 1688 6418 1688 6199 1688 6418 1849 6419 1849 6199 1849 6418 1850 6417 1850 6419 1850 6417 1851 6420 1851 6419 1851 6417 1852 6416 1852 6420 1852 6416 1853 6421 1853 6420 1853 6416 1691 6415 1691 6421 1691 6415 1692 6414 1692 6421 1692 6414 1854 6422 1854 6421 1854 6414 1855 6413 1855 6422 1855 6413 1856 6423 1856 6422 1856 6413 1857 6412 1857 6423 1857 6412 1858 6411 1858 6423 1858 6411 1859 6410 1859 6423 1859 6410 1322 6409 1322 6423 1322 6409 1322 6408 1322 6423 1322 6408 1820 6407 1820 6423 1820 6407 1820 6422 1820 6423 1820 6407 1819 6406 1819 6422 1819 6406 1819 6421 1819 6422 1819 6406 1491 6405 1491 6421 1491 6405 1491 6420 1491 6421 1491 6405 1606 6404 1606 6420 1606 6404 1606 6419 1606 6420 1606 6404 1575 6199 1575 6419 1575 6201 1697 6432 1697 6200 1697 6432 1697 6418 1697 6200 1697 6432 1698 6431 1698 6418 1698 6431 1698 6417 1698 6418 1698 6431 1700 6430 1700 6417 1700 6430 1700 6416 1700 6417 1700 6430 1702 6429 1702 6416 1702 6429 1702 6415 1702 6416 1702 6429 1704 6428 1704 6415 1704 6428 1704 6414 1704 6415 1704 6428 1706 6427 1706 6414 1706 6427 1706 6413 1706 6414 1706 6427 1707 6426 1707 6413 1707 6426 1707 6412 1707 6413 1707 6426 1708 6425 1708 6412 1708 6425 1708 6411 1708 6412 1708 6425 1709 6424 1709 6411 1709 6424 1709 6410 1709 6411 1709 6193 1860 6194 1860 6433 1860 6194 1860 6448 1860 6433 1860 6194 1861 6195 1861 6448 1861 6195 1861 6453 1861 6448 1861 6195 1862 6196 1862 6453 1862 6196 1862 6458 1862 6453 1862 6196 1863 6197 1863 6458 1863 6197 1864 6463 1864 6458 1864 6197 1865 6198 1865 6463 1865 6198 1866 6468 1866 6463 1866 6198 1867 6199 1867 6468 1867 6199 1867 6404 1867 6468 1867 6404 1868 6467 1868 6468 1868 6404 1869 6405 1869 6467 1869 6405 1870 6406 1870 6467 1870 6406 1871 6466 1871 6467 1871 6406 1872 6407 1872 6466 1872 6407 1873 6465 1873 6466 1873 6407 1874 6408 1874 6465 1874 6408 1875 6464 1875 6465 1875 6408 1876 6409 1876 6464 1876 6409 1877 6443 1877 6464 1877 6443 1878 6442 1878 6464 1878 6442 1879 6459 1879 6464 1879 6442 1880 6441 1880 6459 1880 6441 1881 6454 1881 6459 1881 6441 1882 6440 1882 6454 1882 6440 1882 6449 1882 6454 1882 6440 1883 6439 1883 6449 1883 6439 1884 6444 1884 6449 1884 6439 1885 6438 1885 6444 1885 6438 1886 6437 1886 6444 1886 6437 1887 6445 1887 6444 1887 6437 1887 6436 1887 6445 1887 6436 1888 6446 1888 6445 1888 6436 1889 6435 1889 6446 1889 6435 1890 6447 1890 6446 1890 6435 1891 6434 1891 6447 1891 6434 1892 6448 1892 6447 1892 6434 1893 6433 1893 6448 1893 6445 1894 6450 1894 6444 1894 6450 1895 6449 1895 6444 1895 6450 1896 6455 1896 6449 1896 6455 1897 6454 1897 6449 1897 6455 1898 6460 1898 6454 1898 6460 1899 6459 1899 6454 1899 6460 1900 6465 1900 6459 1900 6465 1900 6464 1900 6459 1900 6446 1901 6451 1901 6445 1901 6451 1902 6450 1902 6445 1902 6451 1903 6456 1903 6450 1903 6456 1904 6455 1904 6450 1904 6456 1905 6461 1905 6455 1905 6461 1906 6460 1906 6455 1906 6461 1907 6466 1907 6460 1907 6466 1908 6465 1908 6460 1908 6453 1909 6447 1909 6448 1909 6447 1910 6452 1910 6446 1910 6452 1910 6451 1910 6446 1910 6452 1911 6457 1911 6451 1911 6457 1912 6456 1912 6451 1912 6457 1913 6462 1913 6456 1913 6462 1914 6461 1914 6456 1914 6462 1915 6467 1915 6461 1915 6467 1916 6466 1916 6461 1916 6458 1917 6452 1917 6453 1917 6452 1909 6447 1909 6453 1909 6458 1918 6457 1918 6452 1918 6463 1919 6457 1919 6458 1919 6463 1919 6462 1919 6457 1919 6468 1920 6462 1920 6463 1920 6468 1920 6467 1920 6462 1920 6469 1921 6477 1921 6438 1921 6477 1922 6478 1922 6438 1922 6477 1923 6476 1923 6478 1923 6476 1924 6475 1924 6478 1924 6475 1925 6479 1925 6478 1925 6475 1926 6474 1926 6479 1926 6474 1927 6480 1927 6479 1927 6474 1682 6473 1682 6480 1682 6473 1683 6472 1683 6480 1683 6472 1928 6481 1928 6480 1928 6472 1929 6471 1929 6481 1929 6471 1930 6482 1930 6481 1930 6471 1931 6470 1931 6482 1931 6470 1932 6192 1932 6482 1932 6192 1677 6193 1677 6482 1677 6193 1677 6433 1677 6482 1677 6433 1676 6434 1676 6482 1676 6434 1676 6481 1676 6482 1676 6434 1675 6435 1675 6481 1675 6435 1675 6480 1675 6481 1675 6435 1674 6436 1674 6480 1674 6436 1674 6479 1674 6480 1674 6436 1673 6437 1673 6479 1673 6437 1673 6478 1673 6479 1673 6437 1422 6438 1422 6478 1422 6202 1688 6395 1688 6201 1688 6395 1933 6484 1933 6201 1933 6395 1934 6396 1934 6484 1934 6396 1935 6483 1935 6484 1935 6396 1936 6397 1936 6483 1936 6397 1937 6485 1937 6483 1937 6397 1938 6398 1938 6485 1938 6398 1939 6399 1939 6485 1939 6399 1940 6486 1940 6485 1940 6399 1941 6400 1941 6486 1941 6400 1942 6487 1942 6486 1942 6400 1943 6401 1943 6487 1943 6401 1944 6402 1944 6487 1944 6402 1945 6425 1945 6487 1945 6402 1696 6403 1696 6425 1696 6403 1696 6424 1696 6425 1696 6201 1946 6484 1946 6432 1946 6484 1947 6431 1947 6432 1947 6484 1948 6483 1948 6431 1948 6483 1949 6430 1949 6431 1949 6483 1950 6485 1950 6430 1950 6485 1938 6429 1938 6430 1938 6485 1939 6428 1939 6429 1939 6485 1951 6486 1951 6428 1951 6486 1952 6427 1952 6428 1952 6486 1953 6487 1953 6427 1953 6487 1954 6426 1954 6427 1954 6487 1955 6425 1955 6426 1955 6469 1736 6381 1736 6477 1736 6381 1736 6382 1736 6477 1736 6382 1735 6476 1735 6477 1735 6382 1735 6383 1735 6476 1735 6383 1734 6475 1734 6476 1734 6383 1734 6384 1734 6475 1734 6384 1733 6474 1733 6475 1733 6384 1733 6385 1733 6474 1733 6385 1732 6473 1732 6474 1732 6385 1732 6386 1732 6473 1732 6386 1731 6472 1731 6473 1731 6386 1731 6387 1731 6472 1731 6387 1730 6471 1730 6472 1730 6387 1730 6388 1730 6471 1730 6388 1729 6470 1729 6471 1729 6388 1729 6389 1729 6470 1729 6389 1728 6192 1728 6470 1728 6389 1728 6191 1728 6192 1728 6131 1287 6132 1287 6488 1287 6132 1956 6286 1956 6488 1956 6132 1957 6285 1957 6286 1957 6488 1286 6489 1286 6131 1286 6489 1286 6130 1286 6131 1286 6489 1958 6490 1958 6130 1958 6490 1958 6129 1958 6130 1958 6490 1332 6491 1332 6129 1332 6491 1332 6128 1332 6129 1332 6491 1605 6492 1605 6128 1605 6492 1605 6127 1605 6128 1605 6492 1576 6126 1576 6127 1576 6126 1576 6492 1576 6229 1576 6492 1959 6293 1959 6229 1959 6492 1960 6292 1960 6293 1960 6492 1961 6491 1961 6292 1961 6491 1962 6291 1962 6292 1962 6491 1963 6490 1963 6291 1963 6490 1964 6290 1964 6291 1964 6490 1965 6289 1965 6290 1965 6490 1966 6489 1966 6289 1966 6489 1967 6288 1967 6289 1967 6489 1968 6488 1968 6288 1968 6488 1969 6287 1969 6288 1969 6488 1970 6286 1970 6287 1970 6213 1697 6501 1697 6212 1697 6501 1971 6503 1971 6212 1971 6501 1972 6500 1972 6503 1972 6500 1973 6502 1973 6503 1973 6500 1974 6499 1974 6502 1974 6499 1975 6504 1975 6502 1975 6499 1717 6498 1717 6504 1717 6498 1704 6497 1704 6504 1704 6497 1976 6505 1976 6504 1976 6497 1977 6496 1977 6505 1977 6496 1978 6506 1978 6505 1978 6496 1979 6495 1979 6506 1979 6495 1980 6494 1980 6506 1980 6494 1981 6312 1981 6506 1981 6494 1710 6493 1710 6312 1710 6493 1710 6311 1710 6312 1710 6212 1982 6503 1982 6319 1982 6503 1983 6318 1983 6319 1983 6503 1984 6502 1984 6318 1984 6502 1985 6317 1985 6318 1985 6502 1986 6504 1986 6317 1986 6504 1717 6316 1717 6317 1717 6504 1704 6315 1704 6316 1704 6504 1987 6505 1987 6315 1987 6505 1988 6314 1988 6315 1988 6505 1989 6506 1989 6314 1989 6506 1990 6313 1990 6314 1990 6506 1991 6312 1991 6313 1991 6213 1688 6214 1688 6501 1688 6214 1688 6271 1688 6501 1688 6271 1689 6500 1689 6501 1689 6271 1689 6272 1689 6500 1689 6272 1690 6499 1690 6500 1690 6272 1690 6273 1690 6499 1690 6273 1691 6498 1691 6499 1691 6273 1691 6274 1691 6498 1691 6274 1692 6497 1692 6498 1692 6274 1692 6275 1692 6497 1692 6275 1693 6496 1693 6497 1693 6275 1693 6276 1693 6496 1693 6276 1694 6495 1694 6496 1694 6276 1694 6277 1694 6495 1694 6277 1695 6494 1695 6495 1695 6277 1695 6278 1695 6494 1695 6278 1696 6493 1696 6494 1696 6278 1696 6264 1696 6493 1696 6507 1957 6515 1957 6284 1957 6515 1957 6301 1957 6284 1957 6515 1735 6514 1735 6301 1735 6514 1735 6300 1735 6301 1735 6514 1734 6299 1734 6300 1734 6514 1734 6513 1734 6299 1734 6513 1992 6298 1992 6299 1992 6513 1992 6512 1992 6298 1992 6512 1732 6511 1732 6298 1732 6511 1732 6297 1732 6298 1732 6511 1731 6510 1731 6297 1731 6510 1731 6296 1731 6297 1731 6510 1730 6295 1730 6296 1730 6510 1730 6509 1730 6295 1730 6509 1729 6294 1729 6295 1729 6509 1729 6508 1729 6294 1729 6508 1993 6227 1993 6294 1993 6227 1993 6228 1993 6294 1993 6526 1994 6531 1994 6516 1994 6531 1994 6517 1994 6516 1994 6531 1995 6530 1995 6517 1995 6530 1996 6518 1996 6517 1996 6530 1997 6529 1997 6518 1997 6529 1998 6519 1998 6518 1998 6529 1999 6528 1999 6519 1999 6528 2000 6520 2000 6519 2000 6528 2001 6521 2001 6520 2001 6528 2002 6527 2002 6521 2002 6527 2003 6221 2003 6521 2003 6527 2003 6220 2003 6221 2003 6527 2004 6532 2004 6220 2004 6532 2004 6219 2004 6220 2004 6532 2005 6537 2005 6219 2005 6537 2005 6218 2005 6219 2005 6537 2006 6542 2006 6218 2006 6542 2006 6217 2006 6218 2006 6542 2007 6547 2007 6217 2007 6547 2007 6216 2007 6217 2007 6547 2008 6270 2008 6216 2008 6270 2008 6215 2008 6216 2008 6270 2009 6547 2009 6269 2009 6547 2009 6548 2009 6269 2009 6547 2010 6542 2010 6548 2010 6542 2010 6543 2010 6548 2010 6542 2011 6537 2011 6543 2011 6537 2011 6538 2011 6543 2011 6537 2012 6532 2012 6538 2012 6532 2012 6533 2012 6538 2012 6532 2013 6527 2013 6533 2013 6527 2014 6528 2014 6533 2014 6269 2015 6548 2015 6268 2015 6548 2015 6549 2015 6268 2015 6548 2016 6543 2016 6549 2016 6543 2017 6544 2017 6549 2017 6543 2018 6538 2018 6544 2018 6538 2018 6539 2018 6544 2018 6538 2019 6533 2019 6539 2019 6533 2019 6534 2019 6539 2019 6533 2020 6528 2020 6534 2020 6528 2020 6529 2020 6534 2020 6268 2021 6549 2021 6267 2021 6549 2022 6550 2022 6267 2022 6549 2023 6544 2023 6550 2023 6544 2024 6545 2024 6550 2024 6544 2025 6539 2025 6545 2025 6539 2025 6540 2025 6545 2025 6539 2026 6534 2026 6540 2026 6534 2026 6535 2026 6540 2026 6534 2027 6529 2027 6535 2027 6529 2028 6530 2028 6535 2028 6267 2029 6550 2029 6266 2029 6550 2030 6551 2030 6266 2030 6550 2031 6545 2031 6551 2031 6545 2031 6546 2031 6551 2031 6545 2032 6540 2032 6546 2032 6540 2032 6541 2032 6546 2032 6540 2033 6535 2033 6541 2033 6535 2034 6536 2034 6541 2034 6535 2035 6530 2035 6536 2035 6530 2036 6531 2036 6536 2036 6266 2037 6551 2037 6265 2037 6551 2038 6522 2038 6265 2038 6551 2039 6546 2039 6522 2039 6546 2040 6523 2040 6522 2040 6546 2041 6541 2041 6523 2041 6541 2041 6524 2041 6523 2041 6541 2042 6536 2042 6524 2042 6536 2042 6525 2042 6524 2042 6536 2043 6531 2043 6525 2043 6531 2044 6526 2044 6525 2044 6222 1993 6560 1993 6221 1993 6560 2045 6561 2045 6221 2045 6560 2046 6559 2046 6561 2046 6559 2047 6562 2047 6561 2047 6559 2048 6558 2048 6562 2048 6558 2049 6563 2049 6562 2049 6558 1964 6557 1964 6563 1964 6557 1965 6556 1965 6563 1965 6556 2050 6564 2050 6563 2050 6556 2051 6555 2051 6564 2051 6555 2052 6565 2052 6564 2052 6555 2053 6554 2053 6565 2053 6554 2054 6553 2054 6565 2054 6553 2055 6552 2055 6565 2055 6552 1287 6516 1287 6565 1287 6516 1287 6517 1287 6565 1287 6517 2056 6518 2056 6565 2056 6518 2056 6564 2056 6565 2056 6518 1958 6519 1958 6564 1958 6519 1958 6563 1958 6564 1958 6519 1332 6520 1332 6563 1332 6520 1332 6562 1332 6563 1332 6520 1605 6521 1605 6562 1605 6521 1605 6561 1605 6562 1605 6521 1576 6221 1576 6561 1576 6566 1821 6574 1821 6507 1821 6574 1821 6515 1821 6507 1821 6574 2057 6573 2057 6515 2057 6573 2058 6514 2058 6515 2058 6573 2059 6572 2059 6514 2059 6572 1847 6513 1847 6514 1847 6572 2060 6571 2060 6513 2060 6571 2061 6512 2061 6513 2061 6571 2062 6570 2062 6512 2062 6570 1682 6511 1682 6512 1682 6570 2063 6569 2063 6511 2063 6569 1828 6510 1828 6511 1828 6569 2064 6568 2064 6510 2064 6568 1845 6509 1845 6510 1845 6568 1844 6567 1844 6509 1844 6567 1844 6508 1844 6509 1844 6567 2065 6226 2065 6508 2065 6226 1679 6227 1679 6508 1679 6223 1679 6583 1679 6222 1679 6583 1679 6560 1679 6222 1679 6583 1844 6582 1844 6560 1844 6582 1844 6559 1844 6560 1844 6582 1845 6581 1845 6559 1845 6581 1845 6558 1845 6559 1845 6581 1828 6580 1828 6558 1828 6580 1828 6557 1828 6558 1828 6580 1682 6579 1682 6557 1682 6579 1682 6556 1682 6557 1682 6579 1846 6578 1846 6556 1846 6578 1846 6555 1846 6556 1846 6578 1847 6577 1847 6555 1847 6577 1847 6554 1847 6555 1847 6577 1848 6576 1848 6554 1848 6576 1848 6553 1848 6554 1848 6576 1821 6575 1821 6553 1821 6575 1821 6552 1821 6553 1821 6255 1957 6256 1957 6566 1957 6256 2066 6584 2066 6566 2066 6256 2067 6257 2067 6584 2067 6257 2068 6258 2068 6584 2068 6258 2069 6585 2069 6584 2069 6258 2070 6259 2070 6585 2070 6259 2071 6586 2071 6585 2071 6259 1732 6260 1732 6586 1732 6260 1964 6261 1964 6586 1964 6261 2072 6587 2072 6586 2072 6261 2073 6262 2073 6587 2073 6262 2074 6588 2074 6587 2074 6262 2075 6263 2075 6588 2075 6263 2076 6225 2076 6588 2076 6225 2077 6567 2077 6588 2077 6225 1993 6226 1993 6567 1993 6566 2078 6584 2078 6574 2078 6584 2079 6573 2079 6574 2079 6584 2080 6572 2080 6573 2080 6584 2081 6585 2081 6572 2081 6585 2082 6571 2082 6572 2082 6585 2083 6586 2083 6571 2083 6586 1732 6570 1732 6571 1732 6586 1964 6569 1964 6570 1964 6586 2084 6587 2084 6569 2084 6587 2085 6568 2085 6569 2085 6587 2086 6588 2086 6568 2086 6588 2087 6567 2087 6568 2087 6224 1993 6246 1993 6223 1993 6246 1993 6583 1993 6223 1993 6246 1729 6582 1729 6583 1729 6246 1729 6247 1729 6582 1729 6247 1730 6581 1730 6582 1730 6247 1730 6248 1730 6581 1730 6248 1731 6249 1731 6581 1731 6249 1731 6580 1731 6581 1731 6249 1732 6250 1732 6580 1732 6250 1732 6579 1732 6580 1732 6250 1992 6578 1992 6579 1992 6250 1992 6251 1992 6578 1992 6251 1734 6577 1734 6578 1734 6251 1734 6252 1734 6577 1734 6252 1735 6253 1735 6577 1735 6253 1735 6576 1735 6577 1735 6253 1957 6254 1957 6576 1957 6254 1957 6575 1957 6576 1957 6575 1234 6590 1234 6552 1234 6590 1234 6589 1234 6552 1234 6552 1 6589 1 6516 1 6589 1 6591 1 6516 1 6591 1270 6597 1270 6516 1270 6597 1270 6526 1270 6516 1270 6597 1243 6596 1243 6526 1243 6596 1243 6525 1243 6526 1243 6596 1242 6595 1242 6525 1242 6595 1242 6524 1242 6525 1242 6595 1241 6594 1241 6524 1241 6594 1241 6523 1241 6524 1241 6594 1269 6593 1269 6523 1269 6593 1269 6522 1269 6523 1269 6593 1256 6592 1256 6522 1256 6592 1256 6265 1256 6522 1256 6265 2 6592 2 6264 2 6592 2 6598 2 6264 2 6264 0 6598 0 6493 0 6598 0 6599 0 6493 0 6493 2 6599 2 6311 2 6599 2 6600 2 6311 2 6311 1 6600 1 6310 1 6600 1 6601 1 6310 1 6310 2 6601 2 6325 2 6601 2 6602 2 6325 2 6602 1255 6608 1255 6325 1255 6608 1255 6341 1255 6325 1255 6608 1268 6607 1268 6341 1268 6607 1268 6340 1268 6341 1268 6607 1253 6606 1253 6340 1253 6606 1253 6339 1253 6340 1253 6606 1252 6605 1252 6339 1252 6605 1252 6338 1252 6339 1252 6605 1251 6604 1251 6338 1251 6604 1251 6337 1251 6338 1251 6604 1343 6603 1343 6337 1343 6603 1343 6336 1343 6337 1343 6336 0 6603 0 6367 0 6603 0 6609 0 6367 0 6367 1234 6609 1234 6403 1234 6609 1234 6610 1234 6403 1234 6403 0 6610 0 6424 0 6610 0 6611 0 6424 0 6424 2 6611 2 6410 2 6611 2 6612 2 6410 2 6410 0 6612 0 6409 0 6612 0 6613 0 6409 0 6566 1234 6507 1234 6614 1234 6507 1234 6615 1234 6614 1234 6254 2 6255 2 6616 2 6255 2 6617 2 6616 2 6566 1 6614 1 6255 1 6614 1 6617 1 6255 1 6612 716 6611 716 6702 716 6611 716 6703 716 6702 716 6611 716 6704 716 6703 716 6613 716 6612 716 6724 716 6612 716 6725 716 6724 716 6612 716 6702 716 6725 716 6618 716 6613 716 6720 716 6613 716 6721 716 6720 716 6613 716 6722 716 6721 716 6618 716 6720 716 6619 716 6720 716 6620 716 6619 716 6720 716 6621 716 6620 716 6621 716 6720 716 6622 716 6720 716 6623 716 6622 716 6720 716 6719 716 6623 716 6719 716 6718 716 6623 716 6718 716 6717 716 6623 716 6717 716 6716 716 6623 716 6716 716 6624 716 6623 716 6716 716 6715 716 6624 716 6715 716 6714 716 6624 716 6714 716 6625 716 6624 716 6714 716 6713 716 6625 716 6713 716 6712 716 6625 716 6712 716 6711 716 6625 716 6711 716 6710 716 6625 716 6710 716 6644 716 6625 716 6710 716 6709 716 6644 716 6709 716 6645 716 6644 716 6709 716 6708 716 6645 716 6708 716 6707 716 6645 716 6707 716 6646 716 6645 716 6707 716 6706 716 6646 716 6706 716 6611 716 6646 716 6706 716 6705 716 6611 716 6705 716 6704 716 6611 716 6626 716 6625 716 6642 716 6625 716 6643 716 6642 716 6625 716 6644 716 6643 716 6627 716 6626 716 6654 716 6626 716 6655 716 6654 716 6626 716 6656 716 6655 716 6245 716 6627 716 6676 716 6627 716 6677 716 6676 716 6627 716 6654 716 6677 716 6244 716 6245 716 6673 716 6245 716 6674 716 6673 716 6245 716 6675 716 6674 716 6673 716 6672 716 6244 716 6672 716 6243 716 6244 716 6672 716 6242 716 6243 716 6242 716 6672 716 6241 716 6672 716 6240 716 6241 716 6672 716 6239 716 6240 716 6628 716 6239 716 6668 716 6239 716 6669 716 6668 716 6239 716 6670 716 6669 716 6629 716 6628 716 6666 716 6628 716 6667 716 6666 716 6628 716 6668 716 6667 716 6615 716 6629 716 6662 716 6629 716 6663 716 6662 716 6629 716 6664 716 6663 716 6614 716 6615 716 6617 716 6615 716 6616 716 6617 716 6615 716 6636 716 6616 716 6636 716 6635 716 6616 716 6635 716 6634 716 6616 716 6634 716 6730 716 6616 716 6634 716 6731 716 6730 716 6616 716 6730 716 6590 716 6730 716 6729 716 6590 716 6729 716 6728 716 6590 716 6728 716 6727 716 6590 716 6727 716 6726 716 6590 716 6726 716 6589 716 6590 716 6726 716 6749 716 6589 716 6749 716 6748 716 6589 716 6748 716 6591 716 6589 716 6748 716 6747 716 6591 716 6747 716 6746 716 6591 716 6746 716 6745 716 6591 716 6745 716 6744 716 6591 716 6744 716 6597 716 6591 716 6744 716 6596 716 6597 716 6596 716 6744 716 6595 716 6744 716 6594 716 6595 716 6744 716 6593 716 6594 716 6593 716 6744 716 6592 716 6744 716 6743 716 6592 716 6743 716 6742 716 6592 716 6742 716 6741 716 6592 716 6741 716 6740 716 6592 716 6740 716 6598 716 6592 716 6740 716 6739 716 6598 716 6739 716 6738 716 6598 716 6738 716 6599 716 6598 716 6738 716 6737 716 6599 716 6737 716 6736 716 6599 716 6736 716 6735 716 6599 716 6735 716 6734 716 6599 716 6734 716 6632 716 6599 716 6734 716 6733 716 6632 716 6733 716 6633 716 6632 716 6733 716 6732 716 6633 716 6732 716 6731 716 6633 716 6731 716 6634 716 6633 716 6600 716 6599 716 6630 716 6599 716 6631 716 6630 716 6599 716 6632 716 6631 716 6601 716 6600 716 6678 716 6600 716 6679 716 6678 716 6600 716 6680 716 6679 716 6602 716 6601 716 6700 716 6601 716 6701 716 6700 716 6601 716 6678 716 6701 716 6608 716 6602 716 6696 716 6602 716 6697 716 6696 716 6602 716 6698 716 6697 716 6608 716 6696 716 6607 716 6696 716 6606 716 6607 716 6696 716 6605 716 6606 716 6605 716 6696 716 6604 716 6696 716 6695 716 6604 716 6695 716 6603 716 6604 716 6695 716 6694 716 6603 716 6694 716 6693 716 6603 716 6693 716 6692 716 6603 716 6692 716 6609 716 6603 716 6692 716 6691 716 6609 716 6691 716 6690 716 6609 716 6690 716 6610 716 6609 716 6690 716 6689 716 6610 716 6689 716 6688 716 6610 716 6688 716 6687 716 6610 716 6687 716 6686 716 6610 716 6686 716 6650 716 6610 716 6686 716 6685 716 6650 716 6685 716 6651 716 6650 716 6685 716 6684 716 6651 716 6684 716 6683 716 6651 716 6683 716 6652 716 6651 716 6683 716 6682 716 6652 716 6682 716 6600 716 6652 716 6682 716 6681 716 6600 716 6681 716 6680 716 6600 716 6611 716 6610 716 6648 716 6610 716 6649 716 6648 716 6610 716 6650 716 6649 716 6636 716 6615 716 6637 716 6615 716 6638 716 6637 716 6615 716 6662 716 6638 716 6662 716 6661 716 6638 716 6661 716 6639 716 6638 716 6661 716 6660 716 6639 716 6660 716 6659 716 6639 716 6659 716 6640 716 6639 716 6659 716 6658 716 6640 716 6658 716 6626 716 6640 716 6658 716 6657 716 6626 716 6657 716 6656 716 6626 716 6640 716 6626 716 6641 716 6626 716 6642 716 6641 716 6646 716 6611 716 6647 716 6611 716 6648 716 6647 716 6652 716 6600 716 6653 716 6600 716 6630 716 6653 716 6664 716 6629 716 6665 716 6629 716 6666 716 6665 716 6670 716 6239 716 6671 716 6239 716 6672 716 6671 716 6675 716 6245 716 6676 716 6698 716 6602 716 6699 716 6602 716 6700 716 6699 716 6722 716 6613 716 6723 716 6613 716 6724 716 6723 716 6381 1234 6625 1234 6230 1234 6625 1234 6626 1234 6230 1234 6469 1 6624 1 6381 1 6624 1 6625 1 6381 1 6230 0 6626 0 6175 0 6626 0 6627 0 6175 0 6254 1 6616 1 6575 1 6616 1 6590 1 6575 1 6285 2 6628 2 6284 2 6628 2 6629 2 6284 2 6438 1234 6623 1234 6469 1234 6623 1234 6624 1234 6469 1234 6132 1 6239 1 6285 1 6239 1 6628 1 6285 1 6751 1231 6750 1231 6727 1231 6750 1231 6726 1231 6727 1231 6750 1230 6773 1230 6726 1230 6773 1230 6749 1230 6726 1230 6773 1264 6772 1264 6749 1264 6772 1264 6748 1264 6749 1264 6772 1228 6771 1228 6748 1228 6771 1228 6747 1228 6748 1228 6771 1244 6770 1244 6747 1244 6770 1244 6746 1244 6747 1244 6770 1263 6769 1263 6746 1263 6769 1263 6745 1263 6746 1263 6769 1242 6768 1242 6745 1242 6768 1242 6744 1242 6745 1242 6768 1241 6767 1241 6744 1241 6767 1241 6743 1241 6744 1241 6767 1257 6766 1257 6743 1257 6766 1257 6742 1257 6743 1257 6766 2088 6765 2088 6742 2088 6765 2088 6741 2088 6742 2088 6765 1255 6764 1255 6741 1255 6764 1255 6740 1255 6741 1255 6764 1254 6763 1254 6740 1254 6763 1254 6739 1254 6740 1254 6763 1253 6762 1253 6739 1253 6762 1253 6738 1253 6739 1253 6762 1252 6761 1252 6738 1252 6761 1252 6737 1252 6738 1252 6761 1259 6760 1259 6737 1259 6760 1259 6736 1259 6737 1259 6760 1343 6759 1343 6736 1343 6759 1343 6735 1343 6736 1343 6759 1249 6758 1249 6735 1249 6758 1249 6734 1249 6735 1249 6758 1239 6757 1239 6734 1239 6757 1239 6733 1239 6734 1239 6757 1258 6756 1258 6733 1258 6756 1258 6732 1258 6733 1258 6756 1237 6755 1237 6732 1237 6755 1237 6731 1237 6732 1237 6755 1236 6754 1236 6731 1236 6754 1236 6730 1236 6731 1236 6754 1246 6753 1246 6730 1246 6753 1246 6729 1246 6730 1246 6753 2089 6752 2089 6729 2089 6752 2089 6728 2089 6729 2089 6752 1232 6751 1232 6728 1232 6751 1232 6727 1232 6728 1232 6773 716 6750 716 6769 716 6750 716 6768 716 6769 716 6750 716 6751 716 6768 716 6751 716 6767 716 6768 716 6751 716 6752 716 6767 716 6752 716 6766 716 6767 716 6752 716 6753 716 6766 716 6753 716 6765 716 6766 716 6753 716 6754 716 6765 716 6754 716 6764 716 6765 716 6754 716 6755 716 6764 716 6755 716 6763 716 6764 716 6755 716 6756 716 6763 716 6756 716 6762 716 6763 716 6756 716 6757 716 6762 716 6757 716 6761 716 6762 716 6757 716 6758 716 6761 716 6758 716 6760 716 6761 716 6758 716 6759 716 6760 716 6769 716 6770 716 6773 716 6770 716 6772 716 6773 716 6770 716 6771 716 6772 716 6775 1253 6774 1253 6703 1253 6774 1253 6702 1253 6703 1253 6774 1551 6797 1551 6702 1551 6797 1551 6725 1551 6702 1551 6797 1251 6796 1251 6725 1251 6796 1251 6724 1251 6725 1251 6796 1343 6795 1343 6724 1343 6795 1343 6723 1343 6724 1343 6795 1249 6794 1249 6723 1249 6794 1249 6722 1249 6723 1249 6794 1248 6793 1248 6722 1248 6793 1248 6721 1248 6722 1248 6793 1247 6792 1247 6721 1247 6792 1247 6720 1247 6721 1247 6792 1237 6791 1237 6720 1237 6791 1237 6719 1237 6720 1237 6791 1236 6790 1236 6719 1236 6790 1236 6718 1236 6719 1236 6790 1246 6789 1246 6718 1246 6789 1246 6717 1246 6718 1246 6789 1245 6788 1245 6717 1245 6788 1245 6716 1245 6717 1245 6788 1550 6787 1550 6716 1550 6787 1550 6715 1550 6716 1550 6787 1266 6786 1266 6715 1266 6786 1266 6714 1266 6715 1266 6786 1265 6785 1265 6714 1265 6785 1265 6713 1265 6714 1265 6785 1264 6784 1264 6713 1264 6784 1264 6712 1264 6713 1264 6784 1228 6783 1228 6712 1228 6783 1228 6711 1228 6712 1228 6783 1270 6782 1270 6711 1270 6782 1270 6710 1270 6711 1270 6782 1263 6781 1263 6710 1263 6781 1263 6709 1263 6710 1263 6781 1262 6780 1262 6709 1262 6780 1262 6708 1262 6709 1262 6780 1261 6779 1261 6708 1261 6779 1261 6707 1261 6708 1261 6779 1269 6778 1269 6707 1269 6778 1269 6706 1269 6707 1269 6778 1272 6777 1272 6706 1272 6777 1272 6705 1272 6706 1272 6777 1260 6776 1260 6705 1260 6776 1260 6704 1260 6705 1260 6776 1268 6775 1268 6704 1268 6775 1268 6703 1268 6704 1268 6797 716 6774 716 6793 716 6774 716 6792 716 6793 716 6774 716 6775 716 6792 716 6775 716 6791 716 6792 716 6775 716 6776 716 6791 716 6776 716 6790 716 6791 716 6776 716 6777 716 6790 716 6777 716 6789 716 6790 716 6777 716 6778 716 6789 716 6778 716 6788 716 6789 716 6778 716 6779 716 6788 716 6779 716 6787 716 6788 716 6779 716 6780 716 6787 716 6780 716 6786 716 6787 716 6780 716 6781 716 6786 716 6781 716 6785 716 6786 716 6781 716 6782 716 6785 716 6782 716 6784 716 6785 716 6782 716 6783 716 6784 716 6793 716 6794 716 6797 716 6794 716 6796 716 6797 716 6794 716 6795 716 6796 716 6799 1258 6798 1258 6655 1258 6798 1258 6654 1258 6655 1258 6798 1237 6821 1237 6654 1237 6821 1237 6677 1237 6654 1237 6821 1552 6820 1552 6677 1552 6820 1552 6676 1552 6677 1552 6820 1246 6819 1246 6676 1246 6819 1246 6675 1246 6676 1246 6819 2089 6818 2089 6675 2089 6818 2089 6674 2089 6675 2089 6818 1550 6817 1550 6674 1550 6817 1550 6673 1550 6674 1550 6817 1231 6816 1231 6673 1231 6816 1231 6672 1231 6673 1231 6816 1230 6815 1230 6672 1230 6815 1230 6671 1230 6672 1230 6815 1264 6814 1264 6671 1264 6814 1264 6670 1264 6671 1264 6814 1228 6813 1228 6670 1228 6813 1228 6669 1228 6670 1228 6813 1270 6812 1270 6669 1270 6812 1270 6668 1270 6669 1270 6812 1263 6811 1263 6668 1263 6811 1263 6667 1263 6668 1263 6811 1242 6810 1242 6667 1242 6810 1242 6666 1242 6667 1242 6810 1241 6809 1241 6666 1241 6809 1241 6665 1241 6666 1241 6809 1269 6808 1269 6665 1269 6808 1269 6664 1269 6665 1269 6808 1272 6807 1272 6664 1272 6807 1272 6663 1272 6664 1272 6807 1260 6806 1260 6663 1260 6806 1260 6662 1260 6663 1260 6806 1268 6805 1268 6662 1268 6805 1268 6661 1268 6662 1268 6805 1253 6804 1253 6661 1253 6804 1253 6660 1253 6661 1253 6804 1252 6803 1252 6660 1252 6803 1252 6659 1252 6660 1252 6803 1259 6802 1259 6659 1259 6802 1259 6658 1259 6659 1259 6802 1343 6801 1343 6658 1343 6801 1343 6657 1343 6658 1343 6801 1249 6800 1249 6657 1249 6800 1249 6656 1249 6657 1249 6800 1239 6799 1239 6656 1239 6799 1239 6655 1239 6656 1239 6821 716 6798 716 6805 716 6798 716 6804 716 6805 716 6798 716 6799 716 6804 716 6799 716 6803 716 6804 716 6799 716 6800 716 6803 716 6800 716 6802 716 6803 716 6800 716 6801 716 6802 716 6805 716 6806 716 6821 716 6806 716 6820 716 6821 716 6806 716 6807 716 6820 716 6807 716 6819 716 6820 716 6807 716 6808 716 6819 716 6808 716 6818 716 6819 716 6808 716 6809 716 6818 716 6809 716 6817 716 6818 716 6809 716 6810 716 6817 716 6810 716 6816 716 6817 716 6810 716 6811 716 6816 716 6811 716 6815 716 6816 716 6811 716 6812 716 6815 716 6812 716 6814 716 6815 716 6812 716 6813 716 6814 716 6823 1262 6822 1262 6679 1262 6822 1262 6678 1262 6679 1262 6822 1261 6845 1261 6678 1261 6845 1261 6701 1261 6678 1261 6845 1257 6844 1257 6701 1257 6844 1257 6700 1257 6701 1257 6844 1256 6843 1256 6700 1256 6843 1256 6699 1256 6700 1256 6843 1255 6842 1255 6699 1255 6842 1255 6698 1255 6699 1255 6842 1268 6841 1268 6698 1268 6841 1268 6697 1268 6698 1268 6841 1253 6840 1253 6697 1253 6840 1253 6696 1253 6697 1253 6840 1252 6839 1252 6696 1252 6839 1252 6695 1252 6696 1252 6839 1251 6838 1251 6695 1251 6838 1251 6694 1251 6695 1251 6838 1250 6837 1250 6694 1250 6837 1250 6693 1250 6694 1250 6837 1249 6836 1249 6693 1249 6836 1249 6692 1249 6693 1249 6836 1248 6835 1248 6692 1248 6835 1248 6691 1248 6692 1248 6835 1258 6834 1258 6691 1258 6834 1258 6690 1258 6691 1258 6834 1237 6833 1237 6690 1237 6833 1237 6689 1237 6690 1237 6833 1236 6832 1236 6689 1236 6832 1236 6688 1236 6689 1236 6832 1246 6831 1246 6688 1246 6831 1246 6687 1246 6688 1246 6831 1245 6830 1245 6687 1245 6830 1245 6686 1245 6687 1245 6830 1232 6829 1232 6686 1232 6829 1232 6685 1232 6686 1232 6829 1266 6828 1266 6685 1266 6828 1266 6684 1266 6685 1266 6828 1265 6827 1265 6684 1265 6827 1265 6683 1265 6684 1265 6827 1264 6826 1264 6683 1264 6826 1264 6682 1264 6683 1264 6826 1228 6825 1228 6682 1228 6825 1228 6681 1228 6682 1228 6825 1244 6824 1244 6681 1244 6824 1244 6680 1244 6681 1244 6824 1263 6823 1263 6680 1263 6823 1263 6679 1263 6680 1263 6845 716 6822 716 6829 716 6822 716 6828 716 6829 716 6822 716 6823 716 6828 716 6823 716 6827 716 6828 716 6823 716 6824 716 6827 716 6824 716 6826 716 6827 716 6824 716 6825 716 6826 716 6829 716 6830 716 6845 716 6830 716 6844 716 6845 716 6830 716 6831 716 6844 716 6831 716 6843 716 6844 716 6831 716 6832 716 6843 716 6832 716 6842 716 6843 716 6832 716 6833 716 6842 716 6833 716 6841 716 6842 716 6833 716 6834 716 6841 716 6834 716 6840 716 6841 716 6834 716 6835 716 6840 716 6835 716 6839 716 6840 716 6835 716 6836 716 6839 716 6836 716 6838 716 6839 716 6836 716 6837 716 6838 716 6284 1 6629 1 6507 1 6629 1 6615 1 6507 1 6847 1256 6846 1256 6631 1256 6846 1256 6630 1256 6631 1256 6846 1255 6869 1255 6630 1255 6869 1255 6653 1255 6630 1255 6869 1268 6868 1268 6653 1268 6868 1268 6652 1268 6653 1268 6868 1253 6867 1253 6652 1253 6867 1253 6651 1253 6652 1253 6867 1252 6866 1252 6651 1252 6866 1252 6650 1252 6651 1252 6866 1251 6865 1251 6650 1251 6865 1251 6649 1251 6650 1251 6865 1343 6864 1343 6649 1343 6864 1343 6648 1343 6649 1343 6864 1249 6863 1249 6648 1249 6863 1249 6647 1249 6648 1249 6863 1248 6862 1248 6647 1248 6862 1248 6646 1248 6647 1248 6862 1258 6861 1258 6646 1258 6861 1258 6645 1258 6646 1258 6861 1237 6860 1237 6645 1237 6860 1237 6644 1237 6645 1237 6860 1236 6859 1236 6644 1236 6859 1236 6643 1236 6644 1236 6859 1246 6858 1246 6643 1246 6858 1246 6642 1246 6643 1246 6858 1245 6857 1245 6642 1245 6857 1245 6641 1245 6642 1245 6857 1232 6856 1232 6641 1232 6856 1232 6640 1232 6641 1232 6856 1231 6855 1231 6640 1231 6855 1231 6639 1231 6640 1231 6855 1230 6854 1230 6639 1230 6854 1230 6638 1230 6639 1230 6854 1229 6853 1229 6638 1229 6853 1229 6637 1229 6638 1229 6853 2090 6852 2090 6637 2090 6852 2090 6636 2090 6637 2090 6852 2091 6851 2091 6636 2091 6851 2091 6635 2091 6636 2091 6851 1243 6850 1243 6635 1243 6850 1243 6634 1243 6635 1243 6850 1242 6849 1242 6634 1242 6849 1242 6633 1242 6634 1242 6849 1241 6848 1241 6633 1241 6848 1241 6632 1241 6633 1241 6848 1269 6847 1269 6632 1269 6847 1269 6631 1269 6632 1269 6869 716 6846 716 6859 716 6846 716 6858 716 6859 716 6846 716 6847 716 6858 716 6847 716 6857 716 6858 716 6847 716 6848 716 6857 716 6848 716 6856 716 6857 716 6848 716 6849 716 6856 716 6849 716 6855 716 6856 716 6849 716 6850 716 6855 716 6850 716 6854 716 6855 716 6850 716 6851 716 6854 716 6851 716 6853 716 6854 716 6851 716 6852 716 6853 716 6859 716 6860 716 6869 716 6860 716 6868 716 6869 716 6860 716 6861 716 6868 716 6861 716 6867 716 6868 716 6861 716 6862 716 6867 716 6862 716 6866 716 6867 716 6862 716 6863 716 6866 716 6863 716 6865 716 6866 716 6863 716 6864 716 6865 716 6175 1234 6627 1234 6138 1234 6627 1234 6245 1234 6138 1234 6613 1249 6618 1249 6409 1249 6618 1249 6443 1249 6409 1249 6618 1248 6619 1248 6443 1248 6619 1248 6442 1248 6443 1248 6619 1238 6620 1238 6442 1238 6620 1238 6441 1238 6442 1238 6620 1237 6621 1237 6441 1237 6621 1237 6440 1237 6441 1237 6621 1236 6622 1236 6440 1236 6622 1236 6439 1236 6440 1236 6622 1246 6623 1246 6439 1246 6623 1246 6438 1246 6439 1246 6870 1234 6873 1234 6871 1234 6873 1234 6872 1234 6871 1234 6871 0 6872 0 6874 0 6872 0 6875 0 6874 0 6874 2 6875 2 6876 2 6875 2 6877 2 6876 2 6876 1 6877 1 6870 1 6877 1 6873 1 6870 1 6877 405 6875 405 6873 405 6875 405 6872 405 6873 405 6870 405 6871 405 6890 405 6871 405 6891 405 6890 405 6871 405 6899 405 6891 405 6899 405 6898 405 6891 405 6898 405 6892 405 6891 405 6898 405 6897 405 6892 405 6897 405 6896 405 6892 405 6896 405 6893 405 6892 405 6896 405 6895 405 6893 405 6895 405 6894 405 6893 405 6876 405 6870 405 6906 405 6870 405 6889 405 6906 405 6870 405 6890 405 6889 405 6874 405 6876 405 6904 405 6876 405 6905 405 6904 405 6876 405 6906 405 6905 405 6904 405 6903 405 6874 405 6903 405 6871 405 6874 405 6903 405 6899 405 6871 405 6879 405 6878 405 6880 405 6878 405 6906 405 6880 405 6906 405 6881 405 6880 405 6906 405 6889 405 6881 405 6889 405 6882 405 6881 405 6889 405 6888 405 6882 405 6888 405 6883 405 6882 405 6888 405 6887 405 6883 405 6887 405 6884 405 6883 405 6887 405 6885 405 6884 405 6885 405 6887 405 6886 405 6899 405 6903 405 6900 405 6903 405 6902 405 6900 405 6902 405 6901 405 6900 405 6901 717 6902 717 6912 717 6902 717 6913 717 6912 717 6902 717 6911 717 6913 717 6911 717 6914 717 6913 717 6911 717 6910 717 6914 717 6910 718 6909 718 6914 718 6909 718 6917 718 6914 718 6909 719 6908 719 6917 719 6908 719 6920 719 6917 719 6908 720 6907 720 6920 720 6907 720 6919 720 6920 720 6907 720 6898 720 6919 720 6898 720 6918 720 6919 720 6898 720 6899 720 6918 720 6899 719 6900 719 6918 719 6900 719 6915 719 6918 719 6900 718 6901 718 6915 718 6901 718 6912 718 6915 718 6917 718 6913 718 6914 718 6913 718 6916 718 6912 718 6916 718 6915 718 6912 718 6916 719 6919 719 6915 719 6919 719 6918 719 6915 719 6920 719 6916 719 6917 719 6916 718 6913 718 6917 718 6920 719 6919 719 6916 719 6898 721 6907 721 6897 721 6907 721 6921 721 6897 721 6896 2092 6897 2092 6925 2092 6897 1473 6926 1473 6925 1473 6897 1473 6927 1473 6926 1473 6927 723 6922 723 6926 723 6927 2093 6923 2093 6922 2093 6896 2094 6925 2094 6895 2094 6925 2095 6922 2095 6895 2095 6925 723 6926 723 6922 723 6895 732 6922 732 6894 732 6923 2096 6927 2096 6924 2096 6927 2097 6897 2097 6924 2097 6924 730 6897 730 6921 730 6922 2098 6948 2098 6894 2098 6948 2099 6893 2099 6894 2099 6948 2100 6947 2100 6893 2100 6947 2101 6946 2101 6893 2101 6947 2102 6936 2102 6946 2102 6936 2103 6935 2103 6946 2103 6935 2104 6945 2104 6946 2104 6935 2105 6934 2105 6945 2105 6934 2106 6944 2106 6945 2106 6934 2107 6933 2107 6944 2107 6933 2108 6943 2108 6944 2108 6933 2109 6942 2109 6943 2109 6942 2109 6890 2109 6943 2109 6942 2110 6889 2110 6890 2110 6893 2111 6946 2111 6892 2111 6946 2112 6945 2112 6892 2112 6892 2113 6945 2113 6891 2113 6945 2114 6944 2114 6891 2114 6891 2115 6944 2115 6890 2115 6944 2108 6943 2108 6890 2108 6889 2116 6942 2116 6888 2116 6942 2117 6941 2117 6888 2117 6942 2118 6932 2118 6941 2118 6932 2119 6931 2119 6941 2119 6931 2120 6940 2120 6941 2120 6931 2121 6930 2121 6940 2121 6930 2122 6939 2122 6940 2122 6930 2123 6938 2123 6939 2123 6938 2124 6887 2124 6939 2124 6938 2125 6886 2125 6887 2125 6941 2126 6940 2126 6888 2126 6940 2127 6887 2127 6888 2127 6940 2128 6939 2128 6887 2128 6928 1460 6886 1460 6929 1460 6886 2129 6938 2129 6929 2129 6929 2130 6938 2130 6930 2130 6932 2131 6942 2131 6933 2131 6947 2132 6948 2132 6936 2132 6948 2133 6937 2133 6936 2133 6948 2134 6922 2134 6937 2134 6885 2135 6886 2135 6952 2135 6886 740 6953 740 6952 740 6886 740 6954 740 6953 740 6954 1482 6949 1482 6953 1482 6954 1482 6955 1482 6949 1482 6955 2136 6950 2136 6949 2136 6955 2137 6951 2137 6950 2137 6885 2138 6952 2138 6884 2138 6952 741 6953 741 6884 741 6883 1480 6884 1480 6949 1480 6884 2139 6953 2139 6949 2139 6928 749 6951 749 6886 749 6951 2140 6954 2140 6886 2140 6951 1483 6955 1483 6954 1483 6883 738 6949 738 6882 738 6949 738 6956 738 6882 738 6957 1234 6960 1234 6958 1234 6960 1234 6959 1234 6958 1234 6961 0 6962 0 6957 0 6962 0 6960 0 6957 0 6963 2 6964 2 6961 2 6964 2 6962 2 6961 2 6958 1 6959 1 6963 1 6959 1 6964 1 6963 1 6959 716 6960 716 6964 716 6960 716 6962 716 6964 716 6907 716 6935 716 6921 716 6935 716 6924 716 6921 716 6935 716 6936 716 6924 716 6936 716 6923 716 6924 716 6936 716 6937 716 6923 716 6937 716 6922 716 6923 716 6935 716 6907 716 6934 716 6907 716 6908 716 6934 716 6908 716 6957 716 6934 716 6908 716 6972 716 6957 716 6972 716 6961 716 6957 716 6972 716 6971 716 6961 716 6971 716 6963 716 6961 716 6971 716 6970 716 6963 716 6970 716 6969 716 6963 716 6969 716 6958 716 6963 716 6969 716 6932 716 6958 716 6932 716 6933 716 6958 716 6933 716 6957 716 6958 716 6933 716 6934 716 6957 716 6931 716 6932 716 6956 716 6932 716 6965 716 6956 716 6932 716 6969 716 6965 716 6969 716 6966 716 6965 716 6969 716 6968 716 6966 716 6968 716 6967 716 6966 716 6956 716 6949 716 6931 716 6949 716 6930 716 6931 716 6949 716 6950 716 6930 716 6950 716 6929 716 6930 716 6950 716 6951 716 6929 716 6951 716 6928 716 6929 716 6908 716 6909 716 6972 716 6909 716 6911 716 6972 716 6909 716 6910 716 6911 716 6881 734 6882 734 6973 734 6882 734 6974 734 6973 734 6882 734 6956 734 6974 734 6956 734 6975 734 6974 734 6956 734 6965 734 6975 734 6965 735 6966 735 6975 735 6966 735 6978 735 6975 735 6966 736 6967 736 6978 736 6967 736 6981 736 6978 736 6967 1478 6968 1478 6981 1478 6968 1478 6980 1478 6981 1478 6968 1478 6878 1478 6980 1478 6878 1478 6979 1478 6980 1478 6878 1478 6879 1478 6979 1478 6879 736 6880 736 6979 736 6880 736 6976 736 6979 736 6880 735 6881 735 6976 735 6881 735 6973 735 6976 735 6978 735 6974 735 6975 735 6974 735 6977 735 6973 735 6977 735 6976 735 6973 735 6977 736 6980 736 6976 736 6980 736 6979 736 6976 736 6981 736 6977 736 6978 736 6977 735 6974 735 6978 735 6981 736 6980 736 6977 736 6903 2 6972 2 6902 2 6972 2 6911 2 6902 2 6878 2 6968 2 6906 2 6968 2 6969 2 6906 2 6906 1 6969 1 6905 1 6969 1 6970 1 6905 1 6905 2 6970 2 6904 2 6970 2 6971 2 6904 2 6904 0 6971 0 6903 0 6971 0 6972 0 6903 0 6983 716 6982 716 6984 716 6982 716 6985 716 6984 716 6986 405 6989 405 6987 405 6989 405 6988 405 6987 405 6991 1234 6990 1234 7054 1234 6990 1234 6989 1234 7054 1234 6990 1234 7013 1234 6989 1234 7013 1234 7012 1234 6989 1234 7012 1234 7011 1234 6989 1234 7011 1234 7010 1234 6989 1234 7010 1234 7009 1234 6989 1234 7009 1234 7008 1234 6989 1234 7008 1234 7007 1234 6989 1234 7007 1234 7006 1234 6989 1234 7006 1234 7005 1234 6989 1234 7005 1234 7035 1234 6989 1234 7005 1234 7036 1234 7035 1234 6991 1234 7054 1234 6992 1234 7054 1234 6993 1234 6992 1234 7054 1234 6994 1234 6993 1234 6994 1234 7054 1234 6995 1234 7054 1234 6996 1234 6995 1234 7054 1234 6997 1234 6996 1234 7054 1234 7053 1234 6997 1234 7053 1234 6998 1234 6997 1234 7053 1234 6999 1234 6998 1234 6999 1234 7053 1234 7000 1234 7053 1234 7001 1234 7000 1234 7053 1234 7002 1234 7001 1234 7002 1234 7053 1234 7003 1234 7053 1234 7004 1234 7003 1234 7053 1234 7036 1234 7004 1234 7036 1234 7005 1234 7004 1234 7037 1234 7056 1234 7014 1234 7056 1234 7015 1234 7014 1234 7056 1234 7016 1234 7015 1234 7016 1234 7056 1234 7017 1234 7056 1234 7018 1234 7017 1234 7056 1234 7019 1234 7018 1234 7056 1234 7055 1234 7019 1234 7055 1234 7020 1234 7019 1234 7055 1234 7021 1234 7020 1234 7021 1234 7055 1234 7022 1234 7055 1234 7023 1234 7022 1234 7055 1234 7024 1234 7023 1234 7024 1234 7055 1234 7025 1234 7055 1234 7026 1234 7025 1234 7055 1234 6988 1234 7026 1234 6988 1234 7027 1234 7026 1234 6988 1234 7028 1234 7027 1234 7028 1234 6988 1234 7029 1234 6988 1234 7030 1234 7029 1234 6988 1234 7031 1234 7030 1234 7031 1234 6988 1234 7032 1234 6988 1234 7033 1234 7032 1234 6988 1234 7034 1234 7033 1234 7034 1234 6988 1234 7035 1234 6988 1234 6989 1234 7035 1234 7053 1234 7056 1234 7036 1234 7056 1234 7037 1234 7036 1234 7072 1234 7057 1234 6983 1234 7057 1234 6982 1234 6983 1234 7057 1234 7052 1234 6982 1234 7052 1234 7038 1234 6982 1234 7052 1234 7039 1234 7038 1234 7039 1234 7052 1234 7040 1234 7052 1234 7041 1234 7040 1234 7052 1234 7042 1234 7041 1234 7052 1234 7051 1234 7042 1234 7051 1234 7043 1234 7042 1234 7051 1234 7044 1234 7043 1234 7044 1234 7051 1234 7045 1234 7051 1234 7046 1234 7045 1234 7051 1234 7047 1234 7046 1234 7047 2141 7051 2141 7048 2141 7051 1234 7049 1234 7048 1234 7051 1234 7050 1234 7049 1234 7057 1234 7056 1234 7052 1234 7056 1234 7053 1234 7052 1234 7058 1234 7057 1234 7068 1234 7057 1234 7069 1234 7068 1234 7057 1234 7070 1234 7069 1234 7059 1234 7058 1234 7060 1234 7058 1234 7061 1234 7060 1234 7058 1234 7062 1234 7061 1234 7062 1234 7058 1234 7063 1234 7058 1234 7064 1234 7063 1234 7058 1234 7065 1234 7064 1234 7065 1234 7058 1234 7066 1234 7058 1234 7067 1234 7066 1234 7058 1234 7068 1234 7067 1234 7070 1234 7057 1234 7071 1234 7057 1234 7072 1234 7071 1234 7073 2 6986 2 7108 2 6986 2 7109 2 7108 2 6986 2 7110 2 7109 2 7074 2 7073 2 7125 2 7073 2 7126 2 7125 2 7073 2 7127 2 7126 2 7075 2 7074 2 7106 2 7074 2 7134 2 7106 2 7074 2 7118 2 7134 2 7118 2 7117 2 7134 2 7117 2 7135 2 7134 2 7117 2 6986 2 7135 2 6986 2 6987 2 7135 2 6987 2 7136 2 7135 2 6987 2 7137 2 7136 2 7076 2 7075 2 7085 2 7075 2 7086 2 7085 2 7075 2 7087 2 7086 2 7077 2 7076 2 7078 2 7076 2 7079 2 7078 2 7076 2142 7080 2142 7079 2142 7080 2 7076 2 7081 2 7076 2 7082 2 7081 2 7076 2 7083 2 7082 2 7083 2 7076 2 7084 2 7076 2 7085 2 7084 2 7087 2 7075 2 7088 2 7075 2 7089 2 7088 2 7075 2 6985 2 7089 2 7075 2 7105 2 6985 2 7105 2 6984 2 6985 2 7105 2 7090 2 6984 2 7090 2 7105 2 7091 2 7105 2 7092 2 7091 2 7105 2 7093 2 7092 2 7093 2 7105 2 7094 2 7105 2 7104 2 7094 2 7104 2 7095 2 7094 2 7104 2 7096 2 7095 2 7096 2 7104 2 7097 2 7104 2 7098 2 7097 2 7104 2 7099 2 7098 2 7099 2 7104 2 7100 2 7104 2 7101 2 7100 2 7104 2 7102 2 7101 2 7102 2 7104 2 7103 2 7105 2 7075 2 7106 2 7107 2 7106 2 7151 2 7106 2 7152 2 7151 2 7106 2 7153 2 7152 2 6987 2 7107 2 7144 2 7107 2 7145 2 7144 2 7107 2 7146 2 7145 2 7110 2 6986 2 7111 2 6986 2 7112 2 7111 2 6986 2 7113 2 7112 2 7113 2 6986 2 7114 2 6986 2 7115 2 7114 2 6986 2 7116 2 7115 2 7116 2 6986 2 7117 2 7118 2 7074 2 7119 2 7074 2 7120 2 7119 2 7074 2 7121 2 7120 2 7121 2 7074 2 7122 2 7074 2 7123 2 7122 2 7074 2 7124 2 7123 2 7124 2 7074 2 7125 2 7127 2 7073 2 7128 2 7073 2 7129 2 7128 2 7073 2 7130 2 7129 2 7130 2 7073 2 7131 2 7073 2 7108 2 7131 2 7155 2 7106 2 7132 2 7106 2 7133 2 7132 2 7106 2 7134 2 7133 2 7137 2 6987 2 7138 2 6987 2 7139 2 7138 2 6987 2 7140 2 7139 2 7140 2 6987 2 7141 2 6987 2 7142 2 7141 2 6987 2 7143 2 7142 2 7143 2 6987 2 7144 2 7146 2 7107 2 7147 2 7107 2 7148 2 7147 2 7107 2 7149 2 7148 2 7149 2 7107 2 7150 2 7107 2 7151 2 7150 2 7153 2 7106 2 7154 2 7106 2 7155 2 7154 2 7078 1588 7079 1588 7049 1588 7079 1288 7048 1288 7049 1288 7079 1308 7080 1308 7048 1308 7080 1308 7047 1308 7048 1308 7080 1307 7081 1307 7047 1307 7081 1307 7046 1307 7047 1307 7081 1290 7082 1290 7046 1290 7082 1329 7045 1329 7046 1329 7082 2143 7083 2143 7045 2143 7083 1328 7044 1328 7045 1328 7083 1600 7084 1600 7044 1600 7084 1600 7043 1600 7044 1600 7084 1599 7085 1599 7043 1599 7085 1599 7042 1599 7043 1599 7085 2144 7086 2144 7042 2144 7086 2145 7041 2145 7042 2145 7086 1295 7087 1295 7041 1295 7087 1324 7040 1324 7041 1324 7087 1300 7088 1300 7040 1300 7088 1296 7039 1296 7040 1296 7088 1501 7089 1501 7039 1501 7089 909 7038 909 7039 909 7089 1298 6985 1298 7038 1298 6985 1275 6982 1275 7038 1275 6984 2146 7090 2146 6983 2146 7090 2146 7072 2146 6983 2146 7090 2147 7071 2147 7072 2147 7090 2148 7091 2148 7071 2148 7091 2149 7070 2149 7071 2149 7091 2150 7092 2150 7070 2150 7092 2151 7069 2151 7070 2151 7092 2152 7093 2152 7069 2152 7093 2153 7068 2153 7069 2153 7093 2154 7094 2154 7068 2154 7094 2155 7067 2155 7068 2155 7094 2155 7095 2155 7067 2155 7095 716 7066 716 7067 716 7095 716 7096 716 7066 716 7096 2156 7065 2156 7066 2156 7096 2156 7097 2156 7065 2156 7097 2157 7064 2157 7065 2157 7097 2158 7098 2158 7064 2158 7098 2159 7063 2159 7064 2159 7098 2160 7099 2160 7063 2160 7099 2161 7062 2161 7063 2161 7099 2162 7100 2162 7062 2162 7100 2163 7061 2163 7062 2163 7100 2164 7101 2164 7061 2164 7101 2165 7102 2165 7061 2165 7102 2165 7060 2165 7061 2165 7102 716 7103 716 7060 716 7103 716 7059 716 7060 716 7049 716 7050 716 7078 716 7050 716 7077 716 7078 716 7057 405 7058 405 7105 405 7058 405 7104 405 7105 405 7058 1 7059 1 7104 1 7059 1 7103 1 7104 1 7075 405 7076 405 7052 405 7076 405 7051 405 7052 405 7050 0 7051 0 7077 0 7051 0 7076 0 7077 0 7155 1287 7132 1287 7015 1287 7132 1287 7014 1287 7015 1287 7132 1288 7133 1288 7014 1288 7133 1288 7037 1288 7014 1288 7133 1308 7134 1308 7037 1308 7134 1308 7036 1308 7037 1308 7134 1307 7135 1307 7036 1307 7135 1307 7035 1307 7036 1307 7135 1329 7136 1329 7035 1329 7136 1329 7034 1329 7035 1329 7136 1305 7137 1305 7034 1305 7137 1305 7033 1305 7034 1305 7137 1304 7138 1304 7033 1304 7138 1304 7032 1304 7033 1304 7138 1303 7139 1303 7032 1303 7139 1303 7031 1303 7032 1303 7139 1302 7140 1302 7031 1302 7140 1302 7030 1302 7031 1302 7140 1324 7141 1324 7030 1324 7141 1324 7029 1324 7030 1324 7141 1300 7142 1300 7029 1300 7142 1300 7028 1300 7029 1300 7142 1501 7143 1501 7028 1501 7143 1501 7027 1501 7028 1501 7143 1298 7144 1298 7027 1298 7144 1298 7026 1298 7027 1298 7144 1322 7145 1322 7026 1322 7145 1322 7025 1322 7026 1322 7145 1277 7146 1277 7025 1277 7146 1277 7024 1277 7025 1277 7146 1316 7147 1316 7024 1316 7147 1316 7023 1316 7024 1316 7147 1573 7148 1573 7023 1573 7148 1573 7022 1573 7023 1573 7148 1280 7149 1280 7022 1280 7149 1280 7021 1280 7022 1280 7149 2166 7150 2166 7021 2166 7150 2166 7020 2166 7021 2166 7150 2167 7151 2167 7020 2167 7151 2167 7019 2167 7020 2167 7151 1283 7152 1283 7019 1283 7152 1283 7018 1283 7019 1283 7152 1578 7153 1578 7018 1578 7153 1578 7017 1578 7018 1578 7153 1311 7154 1311 7017 1311 7154 1311 7016 1311 7017 1311 7154 1286 7155 1286 7016 1286 7155 1286 7015 1286 7016 1286 7131 1335 7108 1335 6991 1335 7108 1287 6990 1287 6991 1287 7108 1588 7109 1588 6990 1588 7109 1288 7013 1288 6990 1288 7109 1308 7110 1308 7013 1308 7110 1308 7012 1308 7013 1308 7110 1307 7111 1307 7012 1307 7111 1307 7011 1307 7012 1307 7111 1290 7112 1290 7011 1290 7112 1329 7010 1329 7011 1329 7112 2143 7113 2143 7010 2143 7113 1328 7009 1328 7010 1328 7113 1600 7114 1600 7009 1600 7114 1600 7008 1600 7009 1600 7114 1599 7115 1599 7008 1599 7115 1599 7007 1599 7008 1599 7115 2144 7116 2144 7007 2144 7116 2145 7006 2145 7007 2145 7116 1295 7117 1295 7006 1295 7117 1324 7005 1324 7006 1324 7117 1300 7118 1300 7005 1300 7118 1296 7004 1296 7005 1296 7118 1501 7119 1501 7004 1501 7119 909 7003 909 7004 909 7119 1298 7120 1298 7003 1298 7120 1275 7002 1275 7003 1275 7120 1322 7121 1322 7002 1322 7121 1276 7001 1276 7002 1276 7121 1277 7122 1277 7001 1277 7122 1317 7000 1317 7001 1317 7122 1316 7123 1316 7000 1316 7123 1278 6999 1278 7000 1278 7123 1573 7124 1573 6999 1573 7124 1573 6998 1573 6999 1573 7124 2168 7125 2168 6998 2168 7125 1593 6997 1593 6998 1593 7125 2166 7126 2166 6997 2166 7126 2166 6996 2166 6997 2166 7126 2167 7127 2167 6996 2167 7127 2167 6995 2167 6996 2167 7127 1594 7128 1594 6995 1594 7128 1594 6994 1594 6995 1594 7128 1578 7129 1578 6994 1578 7129 1578 6993 1578 6994 1578 7129 1311 7130 1311 6993 1311 7130 1311 6992 1311 6993 1311 7130 1286 7131 1286 6992 1286 7131 1286 6991 1286 6992 1286 7106 716 7107 716 7056 716 7107 716 7055 716 7056 716 7107 1 6987 1 7055 1 6987 1 6988 1 7055 1 7053 716 7054 716 7074 716 7054 716 7073 716 7074 716 7054 0 6989 0 7073 0 6989 0 6986 0 7073 0 7053 0 7074 0 7052 0 7074 0 7075 0 7052 0 7057 1 7105 1 7056 1 7105 1 7106 1 7056 1</p>
        </triangles>
      </mesh>
    </geometry>
  </library_geometries>
  <library_visual_scenes>
    <visual_scene id="Scene" name="Scene">
      <node id="geometry_01b0d4d9_8c22_48bc_b1f9_2a0e74ea27a6" name="geometry_01b0d4d9_8c22_48bc_b1f9_2a0e74ea27a6" type="NODE">
        <instance_geometry url="#geometry_01b0d4d9_8c22_48bc_b1f9_2a0e74ea27a6-mesh">
          <bind_material>
            <technique_common>
              <instance_material symbol="mat_16" target="#mat_16-material"/>
            </technique_common>
          </bind_material>
        </instance_geometry>
      </node>
    </visual_scene>
  </library_visual_scenes>
  <scene>
    <instance_visual_scene url="#Scene"/>
  </scene>
</COLLADA>
