<?xml version="1.0" encoding="utf-8"?>
<COLLADA xmlns="http://www.collada.org/2005/11/COLLADASchema" version="1.4.1">
  <asset>
    <contributor>
      <authoring_tool>Blender COLLADA Exporter</authoring_tool>
    </contributor>
    <up_axis>Z_UP</up_axis>
  </asset>
  <library_effects>
    <effect id="mat_16-effect">
      <profile_COMMON>
        <technique sid="common">
          <lambert>
            <emission>
              <color sid="emission">0 0 0 1</color>
            </emission>
            <diffuse>
              <color sid="diffuse">0.8 0.8 0.8 1</color>
            </diffuse>
          </lambert>
        </technique>
      </profile_COMMON>
    </effect>
  </library_effects>
  <library_materials>
    <material id="mat_16-material" name="mat_16">
      <instance_effect url="#mat_16-effect"/>
    </material>
  </library_materials>
  <library_geometries>
    <geometry id="geometry_01b0d4d9_8c22_48bc_b1f9_2a0e74ea27a6-mesh" name="geometry_01b0d4d9_8c22_48bc_b1f9_2a0e74ea27a6">
      <mesh>
        <source id="geometry_01b0d4d9_8c22_48bc_b1f9_2a0e74ea27a6-mesh-positions">
          <float_array id="geometry_01b0d4d9_8c22_48bc_b1f9_2a0e74ea27a6-mesh-positions-array" count="21468">-459.8 -38.3002 -52.0357 -459.8 -39.8359 -52.0357 -160.2 -39.8359 -52.0357 -160.2 -38.3002 -52.0357 -459.8 -39.8359 -63.5098 -459.8 -38.3 -63.5098 -160.2 -38.3 -63.5098 -160.2 -39.8359 -63.5098 -459.8 -38.3 -63.5099 -160.2 -38.3 -63.5099 -161.914 -35.2037 -58.3787 -161.919 -35.1966 -57.3507 -161.872 -35.1916 -56.8775 -161.71 -35.1858 -56.4351 -161.442 -35.18 -56.049 -161.084 -35.1749 -55.7427 -160.661 -35.1712 -55.536 -160.2 -35.1694 -55.4419 -160.057 -35.1693 -55.4365 -160.04 -34.8071 -55.5709 -160.028 -34.4695 -55.7678 -160.018 -34.1642 -56.0188 -160.011 -33.8984 -56.3154 -160.007 -33.6797 -56.6492 -160.004 -33.5155 -57.012 -160.003 -33.4131 -57.3952 -160.003 -33.3802 -57.7905 -160.003 -33.4209 -58.1846 -160.004 -33.53 -58.566 -160.007 -33.6999 -58.9264 -160.011 -33.9233 -59.2572 -160.018 -34.1928 -59.5502 -160.028 -34.5009 -59.797 -160.04 -34.8404 -59.9891 -160.057 -35.2037 -60.1182 -160.2 -35.2037 -60.1128 -160.528 -35.204 -60.0584 -160.841 -35.2044 -59.9468 -161.129 -35.2049 -59.7814 -161.383 -35.2054 -59.5676 -161.595 -35.2056 -59.3119 -161.757 -35.2055 -59.0222 -161.865 -35.2049 -58.7083 -161.866 -35.0858 -58.5051 -161.868 -34.9057 -58.0695 -161.871 -34.8766 -57.721 -161.864 -34.9822 -57.2137 -161.873 -35.1491 -58.5711 -161.775 -35.0968 -58.8529 -161.633 -35.0596 -59.1188 -161.453 -35.0375 -59.3637 -161.162 -35.032 -59.6487 -160.823 -35.0545 -59.8744 -160.451 -35.1054 -60.0284 -160.421 -34.3882 -55.9072 -160.794 -34.4188 -56.0413 -161.135 -34.4989 -56.2317 -161.43 -34.6226 -56.4685 -161.614 -34.7404 -56.6704 -161.76 -34.8768 -56.8886 -161.864 -35.0295 -57.1189 -161.867 -35.0819 -57.0415 -161.765 -34.9759 -56.7827 -161.62 -34.8856 -56.5379 -161.438 -34.8123 -56.3117 -161.144 -34.7436 -56.047 -160.805 -34.7112 -55.8352 -160.433 -34.7187 -55.6876 -160.451 -35.0745 -55.526 -160.823 -35.0257 -55.6806 -161.162 -35.0062 -55.9067 -161.453 -35.0155 -56.1919 -161.634 -35.0409 -56.4366 -161.775 -35.0817 -56.7023 -161.873 -35.1378 -56.9835 -160.414 -34.0921 -56.1776 -160.789 -34.1566 -56.2928 -161.132 -34.2793 -56.4559 -161.428 -34.4521 -56.6584 -161.613 -34.6096 -56.8308 -161.76 -34.7874 -57.0171 -161.868 -34.9094 -57.4463 -160.41 -33.8395 -56.4917 -160.788 -33.9327 -56.5839 -161.133 -34.0915 -56.7147 -161.431 -34.3061 -56.8773 -161.616 -34.4975 -57.0159 -161.763 -34.7107 -57.1656 -161.865 -34.9416 -57.3236 -160.409 -33.6396 -56.8422 -160.79 -33.7554 -56.9086 -161.136 -33.9427 -57.0032 -161.435 -34.1902 -57.1213 -161.62 -34.4086 -57.2221 -161.766 -34.6498 -57.3311 -161.87 -34.8877 -57.9581 -160.409 -33.5015 -57.2222 -160.792 -33.6329 -57.2607 -161.14 -33.8397 -57.3165 -161.44 -34.1101 -57.3863 -161.625 -34.347 -57.4462 -161.77 -34.6077 -57.511 -161.87 -34.8872 -57.5795 -160.41 -33.4344 -57.6243 -160.794 -33.5732 -57.6345 -161.143 -33.7896 -57.6495 -161.443 -34.0711 -57.6685 -161.628 -34.3171 -57.6847 -161.772 -34.5873 -57.7023 -161.864 -34.9743 -58.3035 -160.41 -33.4386 -57.9651 -160.794 -33.577 -57.952 -161.143 -33.7929 -57.9329 -161.443 -34.0737 -57.9087 -161.628 -34.3192 -57.8879 -161.772 -34.589 -57.8653 -161.871 -34.8777 -57.8413 -160.409 -33.4967 -58.2965 -160.793 -33.6286 -58.26 -161.141 -33.8364 -58.2072 -161.44 -34.1078 -58.1411 -161.625 -34.3456 -58.0844 -161.77 -34.6073 -58.023 -160.409 -33.6035 -58.6134 -160.79 -33.7235 -58.5539 -161.137 -33.9163 -58.4687 -161.437 -34.1702 -58.3624 -161.622 -34.3938 -58.2716 -161.767 -34.6406 -58.1733 -160.409 -33.7538 -58.9117 -160.789 -33.8571 -58.8302 -161.134 -34.0286 -58.7144 -161.433 -34.258 -58.5703 -161.618 -34.4614 -58.4474 -161.764 -34.6872 -58.3146 -161.866 -34.9308 -58.1743 -160.412 -34.018 -59.2789 -160.788 -34.0915 -59.1705 -161.132 -34.2255 -59.017 -161.429 -34.4115 -58.8265 -161.614 -34.5796 -58.6641 -161.761 -34.7684 -58.4887 -160.419 -34.3399 -59.5942 -160.793 -34.3769 -59.4637 -161.134 -34.465 -59.2784 -161.429 -34.5978 -59.0479 -161.613 -34.7228 -58.8515 -161.76 -34.8666 -58.6391 -161.864 -35.0268 -58.4148 -160.431 -34.7066 -59.8474 -160.804 -34.7017 -59.7012 -161.143 -34.7371 -59.4913 -161.436 -34.809 -59.229 -161.619 -34.8848 -59.0047 -161.764 -34.9775 -58.7618 -160.2 -35.1693 -55.4365 -160.2 -35.2037 -60.1182 -160.2 -34.9843 -68.6392 -160.2 -34.402 -77.0836 -160.2 -33.461 -85.39 -160.2 -32.1682 -93.4977 -459.8 -32.1682 -93.4977 -459.8 -33.461 -85.39 -459.8 -34.402 -77.0836 -459.8 -34.9843 -68.6392 -459.8 -35.2037 -60.1182 -459.943 -35.2037 -60.1182 -459.801 -35.2037 -60.1128 -459.34 -35.2041 -60.0186 -458.916 -35.2048 -59.812 -458.559 -35.2054 -59.5056 -458.29 -35.2056 -59.1194 -458.129 -35.2048 -58.677 -458.081 -35.2029 -58.2037 -458.086 -35.1949 -57.1757 -458.136 -35.1912 -56.8462 -458.243 -35.1872 -56.5324 -458.406 -35.183 -56.2427 -458.617 -35.179 -55.987 -458.871 -35.1754 -55.7733 -459.16 -35.1725 -55.6079 -459.473 -35.1704 -55.4963 -459.801 -35.1694 -55.4419 -459.943 -35.1693 -55.4365 -459.8 -35.1693 -55.4365 -459.8 -34.8149 -46.7623 -459.8 -34.0852 -38.1743 -459.8 -32.986 -29.7372 -459.8 -31.5253 -21.5149 -160.2 -31.5253 -21.5149 -160.2 -32.986 -29.7372 -160.2 -34.0852 -38.1743 -160.2 -34.8149 -46.7623 -359.981 -33.2463 -31.4879 -260.019 -33.2463 -31.4879 -359.981 -35.0815 -52.2044 -260.019 -35.0815 -52.2044 -359.981 -35.1754 -62.7189 -260.019 -35.1754 -62.7189 -359.981 -33.7107 -83.4803 -260.019 -33.7107 -83.4803 -260.019 -35.1976 -57.4607 -359.981 -35.1976 -57.4607 -260.019 -34.7168 -73.1828 -359.981 -34.7168 -73.1828 -359.981 -35.015 -67.9644 -260.019 -35.015 -67.9644 -260.019 -34.2816 -78.3595 -359.981 -34.2816 -78.3595 -260.019 -33.0056 -88.5311 -359.981 -33.0056 -88.5311 -359.981 -34.4361 -41.7556 -260.019 -34.4361 -41.7556 -260.019 -34.8275 -46.9645 -359.981 -34.8275 -46.9645 -359.981 -33.9086 -36.5919 -260.019 -33.9086 -36.5919 -359.981 -32.4512 -26.4576 -260.019 -32.4512 -26.4576 -160.2 -35.7936 -55.3528 -160.2 -36.4183 -55.4331 -160.2 -37.0012 -55.672 -160.2 -37.5026 -56.0531 -160.2 -37.8888 -56.5507 -160.2 -38.1334 -57.1311 -160.2 -38.22 -57.755 -160.2 -38.1426 -58.3801 -160.2 -37.9065 -58.9641 -160.2 -37.5277 -59.4674 -160.2 -37.0319 -59.8558 -160.2 -36.4526 -60.1032 -160.2 -35.8292 -60.1926 -155 -38.22 -57.7728 -155 -38.1376 -57.1465 -155 -37.8958 -56.5628 -155 -37.5112 -56.0616 -155 -37.01 -55.677 -155 -36.4264 -55.4353 -155 -35.8 -55.3528 -155 -35.1737 -55.4353 -155 -34.59 -55.677 -155 -34.0888 -56.0616 -155 -33.7042 -56.5628 -155 -33.4625 -57.1465 -155 -33.38 -57.7728 -155 -33.4625 -58.3992 -155 -33.7042 -58.9828 -155 -34.0888 -59.484 -155 -34.59 -59.8686 -155 -35.1737 -60.1104 -155 -35.8 -60.1928 -155 -36.4264 -60.1104 -155 -37.01 -59.8686 -155 -37.5112 -59.484 -155 -37.8958 -58.9828 -155 -38.1376 -58.3992 -160.2 -32.6524 -22.7194 -160.2 -33.6611 -24.0246 -160.2 -34.5424 -25.419 -160.2 -36.0174 -28.0162 -160.2 -37.0035 -30.0476 -160.2 -37.7199 -32.1891 -160.2 -38.1545 -34.4049 -160.2 -38.3002 -36.6583 -160.2 -38.3002 -63.5099 -160.2 -38.3002 -78.8875 -160.2 -38.1545 -81.1408 -160.2 -37.7199 -83.3566 -160.2 -37.0036 -85.498 -160.2 -36.0175 -87.5294 -160.2 -34.3528 -90.4607 -160.2 -33.6976 -91.5242 -160.2 -32.9681 -92.5383 -459.96 -34.8395 -59.9891 -459.973 -34.4991 -59.7972 -459.983 -34.1901 -59.5507 -459.989 -33.92 -59.2581 -459.994 -33.6964 -58.9275 -459.996 -33.5269 -58.5672 -459.997 -33.4189 -58.1855 -459.998 -33.3802 -57.7907 -459.998 -33.4151 -57.3961 -459.996 -33.5186 -57.0131 -459.994 -33.6832 -56.6503 -459.989 -33.9017 -56.3162 -459.983 -34.1668 -56.0192 -459.973 -34.4713 -55.768 -459.96 -34.8079 -55.5709 -458.135 -35.0751 -57.0511 -458.132 -34.9015 -57.4893 -458.129 -34.8775 -57.8382 -458.137 -34.9905 -58.3439 -458.128 -35.1374 -56.9842 -458.226 -35.081 -56.7032 -458.367 -35.0399 -56.4379 -458.547 -35.0142 -56.1933 -458.839 -35.0045 -55.9084 -459.177 -35.0237 -55.6824 -459.55 -35.0723 -55.5277 -459.58 -34.4158 -59.659 -459.206 -34.4444 -59.5245 -458.866 -34.5217 -59.3329 -458.57 -34.6419 -59.0943 -458.386 -34.7567 -58.8907 -458.24 -34.8899 -58.6705 -458.137 -35.0392 -58.438 -458.134 -35.0927 -58.5147 -458.236 -34.9905 -58.775 -458.38 -34.9038 -59.0211 -458.563 -34.8339 -59.2484 -458.856 -34.7691 -59.514 -459.195 -34.7398 -59.7263 -459.568 -34.7495 -59.8737 -459.55 -35.1076 -60.0301 -459.177 -35.0565 -59.8762 -458.839 -35.0337 -59.6504 -458.547 -35.0388 -59.3651 -458.367 -35.0606 -59.12 -458.226 -35.0975 -58.8538 -458.128 -35.1494 -58.5718 -459.587 -34.1157 -59.393 -459.211 -34.1785 -59.2768 -458.869 -34.2988 -59.112 -458.572 -34.4686 -58.907 -458.387 -34.6236 -58.7322 -458.241 -34.7986 -58.5433 -458.133 -34.9143 -58.1124 -459.591 -33.8585 -59.0827 -459.212 -33.9504 -58.989 -458.868 -34.1072 -58.8559 -458.57 -34.3194 -58.6902 -458.385 -34.5088 -58.5489 -458.238 -34.7198 -58.396 -458.135 -34.9483 -58.2346 -459.592 -33.6535 -58.7351 -459.211 -33.7684 -58.6671 -458.864 -33.9542 -58.5696 -458.565 -34.2 -58.4479 -458.38 -34.4168 -58.344 -458.234 -34.6565 -58.2314 -458.13 -34.8851 -57.601 -459.591 -33.5098 -58.3572 -459.208 -33.6406 -58.3167 -458.86 -33.8466 -58.2579 -458.561 -34.1159 -58.1841 -458.376 -34.3519 -58.1208 -458.231 -34.6117 -58.0522 -458.131 -34.8901 -57.9796 -459.591 -33.4368 -57.9561 -459.207 -33.5755 -57.9438 -458.858 -33.7917 -57.9257 -458.558 -34.0728 -57.9026 -458.373 -34.3185 -57.8827 -458.228 -34.5885 -57.8611 -458.137 -34.9666 -57.2544 -459.591 -33.436 -57.6153 -459.207 -33.5746 -57.6263 -458.858 -33.7907 -57.6423 -458.558 -34.0719 -57.6624 -458.373 -34.3177 -57.6796 -458.228 -34.5877 -57.6982 -458.129 -34.8768 -57.7179 -459.591 -33.4892 -57.283 -459.208 -33.6217 -57.3176 -458.86 -33.8302 -57.3673 -458.56 -34.1026 -57.4295 -458.375 -34.3412 -57.4826 -458.23 -34.6037 -57.5402 -459.592 -33.5913 -56.9646 -459.21 -33.7123 -57.0224 -458.863 -33.9062 -57.1047 -458.564 -34.1618 -57.2073 -458.379 -34.3866 -57.2948 -458.233 -34.6348 -57.3894 -459.591 -33.7373 -56.6641 -459.212 -33.8418 -56.7441 -458.866 -34.0149 -56.8574 -458.568 -34.2464 -56.9981 -458.383 -34.4517 -57.118 -458.236 -34.6793 -57.2475 -458.134 -34.925 -57.3841 -459.589 -33.996 -56.2931 -459.212 -34.0712 -56.4004 -458.869 -34.2074 -56.5519 -458.572 -34.3961 -56.7397 -458.387 -34.5666 -56.8996 -458.24 -34.758 -57.0722 -459.582 -34.3132 -55.9731 -459.208 -34.3522 -56.1031 -458.867 -34.443 -56.287 -458.571 -34.5792 -56.5155 -458.387 -34.707 -56.7101 -458.241 -34.854 -56.9204 -458.137 -35.0174 -57.1422 -459.569 -34.6762 -55.7146 -459.197 -34.6735 -55.8608 -458.858 -34.7119 -56.0701 -458.564 -34.7878 -56.3314 -458.382 -34.8668 -56.5546 -458.237 -34.9631 -56.796 -459.8 -35.8292 -60.1926 -459.8 -36.4526 -60.1032 -459.8 -37.0319 -59.8558 -459.8 -37.5277 -59.4674 -459.8 -37.9065 -58.9641 -459.8 -38.1426 -58.3801 -459.8 -38.22 -57.755 -459.8 -38.1334 -57.1311 -459.8 -37.8888 -56.5507 -459.8 -37.5026 -56.0531 -459.8 -37.0012 -55.672 -459.8 -36.4183 -55.4331 -459.8 -35.7936 -55.3528 -465 -33.38 -57.7728 -465 -33.4625 -57.1465 -465 -33.7042 -56.5628 -465 -34.0888 -56.0616 -465 -34.59 -55.677 -465 -35.1737 -55.4353 -465 -35.8 -55.3528 -465 -36.4264 -55.4353 -465 -37.01 -55.677 -465 -37.5112 -56.0616 -465 -37.8958 -56.5628 -465 -38.1376 -57.1465 -465 -38.22 -57.7728 -465 -38.1376 -58.3992 -465 -37.8958 -58.9828 -465 -37.5112 -59.484 -465 -37.01 -59.8686 -465 -36.4264 -60.1104 -465 -35.8 -60.1928 -465 -35.1737 -60.1104 -465 -34.59 -59.8686 -465 -34.0888 -59.484 -465 -33.7042 -58.9828 -465 -33.4625 -58.3992 -459.8 -32.9681 -92.5383 -459.8 -33.6976 -91.5242 -459.8 -34.3528 -90.4607 -459.8 -36.0175 -87.5294 -459.8 -37.0036 -85.498 -459.8 -37.7199 -83.3566 -459.8 -38.1545 -81.1408 -459.8 -38.3002 -78.8875 -459.8 -38.3002 -63.5099 -459.8 -38.3002 -36.6583 -459.8 -38.1545 -34.4049 -459.8 -37.7199 -32.1891 -459.8 -37.0035 -30.0476 -459.8 -36.0174 -28.0162 -459.8 -34.5424 -25.419 -459.8 -33.6611 -24.0246 -459.8 -32.6524 -22.7194 -203 -38.1545 -34.4049 -245.8 -38.1545 -34.4049 -288.6 -38.1545 -34.4049 -331.4 -38.1545 -34.4049 -374.2 -38.1545 -34.4049 -417 -38.1545 -34.4049 -203 -37.7199 -32.1891 -245.8 -37.7199 -32.1891 -288.6 -37.7199 -32.1891 -331.4 -37.7199 -32.1891 -374.2 -37.7199 -32.1891 -417 -37.7199 -32.1891 -203 -37.0035 -30.0476 -245.8 -37.0035 -30.0476 -288.6 -37.0035 -30.0476 -331.4 -37.0035 -30.0476 -374.2 -37.0035 -30.0476 -417 -37.0035 -30.0476 -409.867 -33.1722 -23.3601 -359.934 -33.1722 -23.3601 -310 -33.1722 -23.3601 -260.067 -33.1722 -23.3601 -210.134 -33.1722 -23.3601 -203 -37.0036 -85.498 -245.8 -37.0036 -85.498 -288.6 -37.0036 -85.498 -331.4 -37.0036 -85.498 -374.2 -37.0036 -85.498 -417 -37.0036 -85.498 -203 -37.7199 -83.3566 -245.8 -37.7199 -83.3566 -288.6 -37.7199 -83.3566 -331.4 -37.7199 -83.3566 -374.2 -37.7199 -83.3566 -417 -37.7199 -83.3566 -203 -38.1545 -81.1408 -245.8 -38.1545 -81.1408 -288.6 -38.1545 -81.1408 -331.4 -38.1545 -81.1408 -374.2 -38.1545 -81.1408 -417 -38.1545 -81.1408 -197.65 -33.3419 -92.0378 -235.1 -33.3419 -92.0378 -272.55 -33.3419 -92.0378 -310 -33.3419 -92.0378 -347.45 -33.3419 -92.0378 -384.9 -33.3419 -92.0378 -422.35 -33.3419 -92.0378 -573 -13.4371 -12.4813 -573 -13.4371 -16.9641 -572.971 -13.7297 -17.2568 -572.886 -14.0111 -17.5382 -572.747 -14.2704 -17.7975 -572.561 -14.4977 -18.0248 -572.334 -14.6843 -18.2113 -572.074 -14.8229 -18.3499 -571.793 -14.9082 -18.4353 -571.647 -14.9298 -18.4569 -571.5 -14.9371 -18.4641 -571.5 -14.9371 -13.9813 -571.647 -14.9298 -13.9741 -571.793 -14.9082 -13.9525 -572.074 -14.8229 -13.8671 -572.334 -14.6843 -13.7285 -572.561 -14.4977 -13.542 -572.747 -14.2704 -13.3147 -572.886 -14.0111 -13.0554 -572.971 -13.7297 -12.774 -571.5 -24.9371 -13.9813 -571.5 -24.9371 -18.4641 -571.647 -24.9443 -18.4569 -571.793 -24.9659 -18.4353 -572.074 -25.0513 -18.3499 -572.334 -25.1899 -18.2113 -572.561 -25.3764 -18.0248 -572.747 -25.6037 -17.7975 -572.886 -25.863 -17.5382 -572.971 -26.1444 -17.2568 -573 -26.4371 -16.9641 -573 -26.4371 -12.4813 -572.971 -26.1444 -12.774 -572.886 -25.863 -13.0554 -572.747 -25.6037 -13.3147 -572.561 -25.3764 -13.542 -572.334 -25.1899 -13.7285 -572.074 -25.0513 -13.8671 -571.793 -24.9659 -13.9525 -571.647 -24.9443 -13.9741 -571.5 0.0628796 -5.73702 -571.5 0.0628796 -17 -571.889 0.0117693 -17 -572.25 -0.138081 -17 -572.561 -0.376458 -17 -572.799 -0.687119 -17 -572.949 -1.04889 -17 -573 -1.43712 -17 -573 -1.43712 -7.23702 -572.971 -1.14448 -6.94439 -572.886 -0.863094 -6.663 -572.747 -0.603763 -6.40367 -572.561 -0.376458 -6.17636 -572.334 -0.189914 -5.98982 -572.074 -0.0512991 -5.8512 -571.793 0.0340576 -5.76584 -571.647 0.0556574 -5.74424 -571.889 0.0117693 -11.3685 -572.25 -0.138081 -11.3685 -572.561 -0.376458 -11.3685 -572.799 -0.687119 -11.3685 -572.949 -1.04889 -11.3685 -571.5 -25.6741 -18.4641 -571.5 -25.6741 -20 -571.647 -25.6813 -19.9927 -571.793 -25.7029 -19.9711 -572.074 -25.7883 -19.8858 -572.334 -25.9269 -19.7472 -572.561 -26.1135 -19.5606 -572.747 -26.3408 -19.3333 -572.886 -26.6001 -19.074 -572.971 -26.8815 -18.7926 -573 -27.1741 -18.5 -573 -27.1741 -16.9641 -572.971 -26.8815 -17.2568 -572.886 -26.6001 -17.5382 -572.747 -26.3408 -17.7975 -572.561 -26.1135 -18.0248 -572.334 -25.9269 -18.2113 -572.074 -25.7883 -18.3499 -571.793 -25.7029 -18.4353 -571.647 -25.6813 -18.4569 -573 -38.4371 -7.23702 -573 -38.4371 -17 -572.949 -38.8253 -17 -572.799 -39.1871 -17 -572.561 -39.4978 -17 -572.25 -39.7362 -17 -571.889 -39.886 -17 -571.5 -39.9371 -17 -571.5 -39.9371 -5.73702 -571.647 -39.9299 -5.74424 -571.793 -39.9083 -5.76584 -572.074 -39.8229 -5.8512 -572.334 -39.6843 -5.98982 -572.561 -39.4978 -6.17636 -572.747 -39.2705 -6.40367 -572.886 -39.0111 -6.663 -572.971 -38.7298 -6.94439 -572.949 -38.8253 -11.3685 -572.799 -39.1871 -11.3685 -572.561 -39.4978 -11.3685 -572.25 -39.7362 -11.3685 -571.889 -39.886 -11.3685 -573 -2.97297 7.23708 -573 -1.43712 7.23708 -572.971 -1.14448 6.94444 -572.886 -0.863094 6.66305 -572.747 -0.603763 6.40372 -572.561 -0.376458 6.17642 -572.334 -0.189914 5.98987 -572.074 -0.0512991 5.85125 -571.793 0.0340576 5.7659 -571.647 0.0556574 5.7443 -571.5 0.0628796 5.73708 -571.5 -1.47297 5.73708 -571.647 -1.48019 5.7443 -571.793 -1.50179 5.7659 -572.074 -1.58714 5.85125 -572.334 -1.72576 5.98987 -572.561 -1.9123 6.17642 -572.747 -2.13961 6.40372 -572.886 -2.39894 6.66305 -572.971 -2.68033 6.94444 -571.5 -38.4013 -5.73702 -571.647 -38.3941 -5.74424 -571.793 -38.3725 -5.76584 -572.074 -38.2871 -5.8512 -572.334 -38.1485 -5.98982 -572.561 -37.9619 -6.17636 -572.747 -37.7346 -6.40367 -572.886 -37.4753 -6.663 -572.971 -37.1939 -6.94439 -573 -36.9013 -7.23702 -573 -1.43712 17 -572.949 -1.04889 17 -572.799 -0.687119 17 -572.561 -0.376458 17 -572.25 -0.138081 17 -571.889 0.0117693 17 -571.5 0.0628796 17 -572.949 -1.04889 11.3685 -572.799 -0.687119 11.3685 -572.561 -0.376458 11.3685 -572.25 -0.138081 11.3685 -571.889 0.0117693 11.3685 -573 -2.93712 18.5 -572.949 -2.93712 18.8883 -572.799 -2.93712 19.25 -572.561 -2.93712 19.5607 -572.25 -2.93712 19.7991 -571.889 -2.93712 19.9489 -571.5 -2.93712 20 -571.5 -2.16066 19.8978 -571.5 -1.43712 19.5981 -571.5 -0.815798 19.1213 -571.5 -0.339042 18.5 -571.5 -0.039341 17.7765 -573 -1.48823 17.3883 -573 -1.63808 17.75 -573 -1.87646 18.0607 -573 -2.18712 18.2991 -573 -2.54889 18.4489 -571.889 -2.17389 19.8484 -572.25 -2.21268 19.7037 -572.561 -2.27437 19.4734 -572.799 -2.35478 19.1734 -572.949 -2.44841 18.8239 -571.889 -1.46267 19.5538 -572.25 -1.5376 19.4241 -572.561 -1.65679 19.2176 -572.799 -1.81212 18.9486 -572.949 -1.993 18.6353 -571.889 -0.851939 19.0852 -572.25 -0.9579 18.9792 -572.561 -1.12646 18.8107 -572.799 -1.34613 18.591 -572.949 -1.60194 18.3352 -571.889 -0.383306 18.4745 -572.25 -0.513081 18.3995 -572.561 -0.719522 18.2804 -572.799 -0.988562 18.125 -572.949 -1.30186 17.9441 -571.889 -0.0887108 17.7633 -572.25 -0.233455 17.7245 -572.561 -0.463711 17.6628 -572.799 -0.763786 17.5824 -572.949 -1.11323 17.4887 -571.5 -14.2 20 -573 -12.7 18.5 -572.971 -12.9927 18.7927 -572.886 -13.274 19.0741 -572.747 -13.5334 19.3334 -572.561 -13.7607 19.5607 -572.334 -13.9472 19.7472 -572.074 -14.0858 19.8858 -571.793 -14.1712 19.9712 -571.647 -14.1928 19.9928 -571.889 -8.56857 19.9489 -572.25 -8.56857 19.7991 -572.561 -8.56857 19.5607 -572.799 -8.56857 19.25 -572.949 -8.56857 18.8883 -571.5 -38.4013 5.73708 -571.647 -38.3941 5.7443 -571.793 -38.3725 5.7659 -572.074 -38.2871 5.85125 -572.334 -38.1485 5.98987 -572.561 -37.9619 6.17642 -572.747 -37.7346 6.40372 -572.886 -37.4753 6.66305 -572.971 -37.1939 6.94444 -573 -36.9013 7.23708 -571.889 -38.3502 2.71797e-05 -572.25 -38.2003 2.71797e-05 -572.561 -37.9619 2.71797e-05 -572.799 -37.6513 2.71797e-05 -572.949 -37.2895 2.71797e-05 -573 -12.7 16.9642 -572.971 -12.9927 17.2568 -572.886 -13.274 17.5382 -572.747 -13.5334 17.7975 -572.561 -13.7607 18.0248 -572.334 -13.9472 18.2114 -572.074 -14.0858 18.35 -571.793 -14.1712 18.4354 -571.647 -14.1928 18.457 -571.5 -14.2 18.4642 -573 -27.1741 18.5 -573 -36.9371 18.5 -572.949 -36.9371 18.8883 -572.799 -36.9371 19.25 -572.561 -36.9371 19.5607 -572.25 -36.9371 19.7991 -571.889 -36.9371 19.9489 -571.5 -36.9371 20 -571.5 -25.6741 20 -571.647 -25.6813 19.9928 -571.793 -25.7029 19.9712 -572.074 -25.7883 19.8858 -572.334 -25.9269 19.7472 -572.561 -26.1135 19.5607 -572.747 -26.3408 19.3334 -572.886 -26.6001 19.0741 -572.971 -26.8815 18.7927 -572.949 -31.3056 18.8883 -572.799 -31.3056 19.25 -572.561 -31.3056 19.5607 -572.25 -31.3056 19.7991 -571.889 -31.3056 19.9489 -573 -27.1741 16.9642 -571.5 -25.6741 18.4642 -571.647 -25.6813 18.457 -571.793 -25.7029 18.4354 -572.074 -25.7883 18.35 -572.334 -25.9269 18.2114 -572.561 -26.1135 18.0248 -572.747 -26.3408 17.7975 -572.886 -26.6001 17.5382 -572.971 -26.8815 17.2568 -573 -38.4371 17 -572.949 -38.8253 17 -572.799 -39.1871 17 -572.561 -39.4978 17 -572.25 -39.7362 17 -571.889 -39.886 17 -571.5 -39.9371 17 -571.5 -39.8349 17.7765 -571.5 -39.5352 18.5 -571.5 -39.0584 19.1213 -571.5 -38.4371 19.5981 -571.5 -37.7136 19.8978 -573 -37.3253 18.4489 -573 -37.6871 18.2991 -573 -37.9978 18.0607 -573 -38.2362 17.75 -573 -38.386 17.3883 -571.889 -39.7855 17.7633 -572.25 -39.6408 17.7245 -572.561 -39.4105 17.6628 -572.799 -39.1105 17.5824 -572.949 -38.761 17.4887 -571.889 -39.4909 18.4745 -572.25 -39.3612 18.3995 -572.561 -39.1547 18.2804 -572.799 -38.8857 18.125 -572.949 -38.5724 17.9441 -571.889 -39.0223 19.0852 -572.25 -38.9163 18.9792 -572.561 -38.7478 18.8107 -572.799 -38.5281 18.591 -572.949 -38.2723 18.3352 -571.889 -38.4116 19.5538 -572.25 -38.3366 19.4241 -572.561 -38.2175 19.2176 -572.799 -38.0621 18.9486 -572.949 -37.8812 18.6353 -571.889 -37.7003 19.8484 -572.25 -37.6616 19.7037 -572.561 -37.5999 19.4734 -572.799 -37.5195 19.1734 -572.949 -37.4258 18.8239 -571.5 -39.9371 5.73708 -573 -38.4371 7.23708 -572.971 -38.7298 6.94444 -572.886 -39.0111 6.66305 -572.747 -39.2705 6.40372 -572.561 -39.4978 6.17642 -572.334 -39.6843 5.98987 -572.074 -39.8229 5.85125 -571.793 -39.9083 5.7659 -571.647 -39.9299 5.7443 -571.889 -39.886 11.3685 -572.25 -39.7362 11.3685 -572.561 -39.4978 11.3685 -572.799 -39.1871 11.3685 -572.949 -38.8253 11.3685 -572.799 -19.9371 17.7142 -572.949 -19.9371 17.3524 -572.561 -19.9371 18.0248 -572.25 -19.9371 18.2632 -571.889 -19.9371 18.4131 -573 -36.9371 -18.5 -572.949 -36.9371 -18.8882 -572.799 -36.9371 -19.25 -572.561 -36.9371 -19.5606 -572.25 -36.9371 -19.799 -571.889 -36.9371 -19.9489 -571.5 -36.9371 -20 -571.5 -37.7136 -19.8977 -571.5 -38.4371 -19.598 -571.5 -39.0584 -19.1213 -571.5 -39.5352 -18.5 -571.5 -39.8349 -17.7764 -573 -38.386 -17.3882 -573 -38.2362 -17.75 -573 -37.9978 -18.0606 -573 -37.6871 -18.299 -573 -37.3253 -18.4489 -571.889 -37.7003 -19.8484 -572.25 -37.6616 -19.7036 -572.561 -37.5999 -19.4734 -572.799 -37.5195 -19.1733 -572.949 -37.4258 -18.8239 -571.889 -38.4116 -19.5538 -572.25 -38.3366 -19.424 -572.561 -38.2175 -19.2176 -572.799 -38.0621 -18.9485 -572.949 -37.8812 -18.6352 -571.889 -39.0223 -19.0852 -572.25 -38.9163 -18.9792 -572.561 -38.7478 -18.8106 -572.799 -38.5281 -18.591 -572.949 -38.2723 -18.3352 -571.889 -39.4909 -18.4744 -572.25 -39.3612 -18.3995 -572.561 -39.1547 -18.2803 -572.799 -38.8857 -18.125 -572.949 -38.5724 -17.9441 -571.889 -39.7855 -17.7632 -572.25 -39.6408 -17.7244 -572.561 -39.4105 -17.6627 -572.799 -39.1105 -17.5823 -572.949 -38.761 -17.4887 -571.889 -31.3056 -19.9489 -572.25 -31.3056 -19.799 -572.561 -31.3056 -19.5606 -572.799 -31.3056 -19.25 -572.949 -31.3056 -18.8882 -573 -2.97297 -7.23702 -571.5 -1.47297 -5.73702 -571.647 -1.48019 -5.74424 -571.793 -1.50179 -5.76584 -572.074 -1.58714 -5.8512 -572.334 -1.72576 -5.98982 -572.561 -1.9123 -6.17636 -572.747 -2.13961 -6.40367 -572.886 -2.39894 -6.663 -572.971 -2.68033 -6.94439 -572.799 -2.22297 2.71797e-05 -572.949 -2.58474 2.71797e-05 -572.561 -1.9123 2.71797e-05 -572.25 -1.67393 2.71797e-05 -571.889 -1.52408 2.71797e-05 -571.5 -2.93712 -20 -571.889 -2.93712 -19.9489 -572.25 -2.93712 -19.799 -572.561 -2.93712 -19.5606 -572.799 -2.93712 -19.25 -572.949 -2.93712 -18.8882 -573 -2.93712 -18.5 -573 -2.54889 -18.4489 -573 -2.18712 -18.299 -573 -1.87646 -18.0606 -573 -1.63808 -17.75 -573 -1.48823 -17.3882 -571.5 -0.039341 -17.7764 -571.5 -0.339042 -18.5 -571.5 -0.815798 -19.1213 -571.5 -1.43712 -19.598 -571.5 -2.16066 -19.8977 -572.949 -2.44841 -18.8239 -572.799 -2.35478 -19.1733 -572.561 -2.27437 -19.4734 -572.25 -2.21268 -19.7036 -571.889 -2.17389 -19.8484 -572.949 -1.993 -18.6352 -572.799 -1.81212 -18.9485 -572.561 -1.65679 -19.2176 -572.25 -1.5376 -19.424 -571.889 -1.46267 -19.5538 -572.949 -1.60194 -18.3352 -572.799 -1.34613 -18.591 -572.561 -1.12646 -18.8106 -572.25 -0.9579 -18.9792 -571.889 -0.851939 -19.0852 -572.949 -1.30186 -17.9441 -572.799 -0.988562 -18.125 -572.561 -0.719522 -18.2803 -572.25 -0.513081 -18.3995 -571.889 -0.383306 -18.4744 -572.949 -1.11323 -17.4887 -572.799 -0.763786 -17.5823 -572.561 -0.463711 -17.6627 -572.25 -0.233455 -17.7244 -571.889 -0.0887108 -17.7632 -573 -12.7 -18.5 -571.5 -14.2 -20 -571.647 -14.1928 -19.9927 -571.793 -14.1712 -19.9711 -572.074 -14.0858 -19.8858 -572.334 -13.9472 -19.7472 -572.561 -13.7607 -19.5606 -572.747 -13.5334 -19.3333 -572.886 -13.274 -19.074 -572.971 -12.9927 -18.7926 -572.949 -8.56857 -18.8882 -572.799 -8.56857 -19.25 -572.561 -8.56857 -19.5606 -572.25 -8.56857 -19.799 -571.889 -8.56857 -19.9489 -573 -12.7 -16.9641 -571.5 -14.2 -18.4641 -571.647 -14.1928 -18.4569 -571.793 -14.1712 -18.4353 -572.074 -14.0858 -18.3499 -572.334 -13.9472 -18.2113 -572.561 -13.7607 -18.0248 -572.747 -13.5334 -17.7975 -572.886 -13.274 -17.5382 -572.971 -12.9927 -17.2568 -572.25 -19.9371 -13.7804 -571.889 -19.9371 -13.9302 -572.561 -19.9371 -13.542 -572.799 -19.9371 -13.2313 -572.949 -19.9371 -12.8696 -570 -14.2 -20 -570 -14.2 -18.4641 -570 -2.93712 -20 -570 0.0628796 -17 -570 -0.039341 -17.7764 -570 -0.339042 -18.5 -570 -0.815798 -19.1213 -570 -1.43712 -19.598 -570 -2.16066 -19.8977 -570 0.0628796 -5.73702 -570 -1.47297 -5.73702 -570 -1.47297 5.73708 -570 0.0628796 5.73708 -570 0.0628796 17 -570 -2.93712 20 -570 -2.16066 19.8978 -570 -1.43712 19.5981 -570 -0.815798 19.1213 -570 -0.339042 18.5 -570 -0.039341 17.7765 -570 -14.2 20 -570 -14.2 18.4642 -570 -25.6741 18.4642 -570 -25.6741 20 -570 -36.9371 20 -570 -14.9371 -13.9813 -570 -24.9371 -13.9813 -570 -24.9371 -18.4641 -570 -37.7136 19.8978 -570 -38.4371 19.5981 -570 -39.0584 19.1213 -570 -39.5352 18.5 -570 -39.8349 17.7765 -570 -39.9371 17 -570 -39.9371 5.73708 -570 -38.4013 5.73708 -570 -38.4013 -5.73702 -570 -39.9371 -5.73702 -570 -39.9371 -17 -570 -39.8349 -17.7764 -570 -39.5352 -18.5 -570 -39.0584 -19.1213 -570 -38.4371 -19.598 -570 -37.7136 -19.8977 -570 -36.9371 -20 -570 -25.6741 -20 -570 -25.6741 -18.4641 -570 -14.9371 -18.4641 -570 -15.0734 -0.0128284 -570 -15.2404 -1.28104 -570 -15.7299 -2.46283 -570 -16.5086 -3.47765 -570 -17.5234 -4.25635 -570 -18.7052 -4.74586 -570 -19.9734 -4.91283 -570 -21.2416 -4.74586 -570 -22.4234 -4.25635 -570 -23.4382 -3.47765 -570 -24.2169 -2.46283 -570 -24.7065 -1.28104 -570 -24.8734 -0.0128284 -570 -24.7065 1.25539 -570 -24.2169 2.43717 -570 -23.4382 3.452 -570 -22.4234 4.23069 -570 -21.2416 4.72021 -570 -19.9734 4.88717 -570 -18.7052 4.72021 -570 -17.5234 4.23069 -570 -16.5086 3.452 -570 -15.7299 2.43717 -570 -15.2404 1.25539 -570 -36.0063 -12.4309 -570 -35.4678 -12.0177 -570 -34.8407 -11.758 -570 -34.1678 -11.6694 -570 -33.4948 -11.758 -570 -32.8678 -12.0177 -570 -32.3293 -12.4309 -570 -31.9161 -12.9694 -570 -31.6564 -13.5965 -570 -31.5678 -14.2694 -570 -31.6564 -14.9423 -570 -31.9161 -15.5694 -570 -32.3293 -16.1079 -570 -32.8678 -16.5211 -570 -33.4948 -16.7808 -570 -34.1678 -16.8694 -570 -34.8407 -16.7808 -570 -35.4678 -16.5211 -570 -36.0063 -16.1079 -570 -36.4194 -15.5694 -570 -36.6792 -14.9423 -570 -36.7678 -14.2694 -570 -36.6792 -13.5965 -570 -36.4194 -12.9694 -570 -3.82922 12.3922 -570 -4.3677 11.979 -570 -4.99477 11.7193 -570 -5.6677 11.6307 -570 -6.34063 11.7193 -570 -6.9677 11.979 -570 -7.50618 12.3922 -570 -7.91936 12.9307 -570 -8.17911 13.5578 -570 -8.2677 14.2307 -570 -8.17911 14.9036 -570 -7.91936 15.5307 -570 -7.50618 16.0692 -570 -6.9677 16.4823 -570 -6.34063 16.7421 -570 -5.6677 16.8307 -570 -4.99477 16.7421 -570 -4.3677 16.4823 -570 -3.82922 16.0692 -570 -3.41603 15.5307 -570 -3.15629 14.9036 -570 -3.0677 14.2307 -570 -3.15629 13.5578 -570 -3.41603 12.9307 -570 -32.3293 16.0692 -570 -31.9161 15.5307 -570 -31.6564 14.9036 -570 -31.5678 14.2307 -570 -31.6564 13.5578 -570 -31.9161 12.9307 -570 -32.3293 12.3922 -570 -32.8678 11.979 -570 -33.4948 11.7193 -570 -34.1678 11.6307 -570 -34.8407 11.7193 -570 -35.4678 11.979 -570 -36.0063 12.3922 -570 -36.4194 12.9307 -570 -36.6792 13.5578 -570 -36.7678 14.2307 -570 -36.6792 14.9036 -570 -36.4194 15.5307 -570 -36.0063 16.0692 -570 -35.4678 16.4823 -570 -34.8407 16.7421 -570 -34.1678 16.8307 -570 -33.4948 16.7421 -570 -32.8678 16.4823 -570 -7.50618 -16.1079 -570 -7.91936 -15.5694 -570 -8.17911 -14.9423 -570 -8.2677 -14.2694 -570 -8.17911 -13.5965 -570 -7.91936 -12.9694 -570 -7.50618 -12.4309 -570 -6.9677 -12.0177 -570 -6.34063 -11.758 -570 -5.6677 -11.6694 -570 -4.99477 -11.758 -570 -4.3677 -12.0177 -570 -3.82922 -12.4309 -570 -3.41603 -12.9694 -570 -3.15629 -13.5965 -570 -3.0677 -14.2694 -570 -3.15629 -14.9423 -570 -3.41603 -15.5694 -570 -3.82922 -16.1079 -570 -4.3677 -16.5211 -570 -4.99477 -16.7808 -570 -5.6677 -16.8694 -570 -6.34063 -16.7808 -570 -6.9677 -16.5211 -565 -7.50618 -16.1079 -565 -7.91936 -15.5694 -565 -8.17911 -14.9423 -565 -8.2677 -14.2694 -565 -8.17911 -13.5965 -565 -7.91936 -12.9694 -565 -7.50618 -12.4309 -565 -6.9677 -12.0177 -565 -6.34063 -11.758 -565 -5.6677 -11.6694 -565 -4.99477 -11.758 -565 -4.3677 -12.0177 -565 -3.82922 -12.4309 -565 -3.41603 -12.9694 -565 -3.15629 -13.5965 -565 -3.0677 -14.2694 -565 -3.15629 -14.9423 -565 -3.41603 -15.5694 -565 -3.82922 -16.1079 -565 -4.3677 -16.5211 -565 -4.99477 -16.7808 -565 -5.6677 -16.8694 -565 -6.34063 -16.7808 -565 -6.9677 -16.5211 -565 -32.3293 16.0692 -565 -31.9161 15.5307 -565 -31.6564 14.9036 -565 -31.5678 14.2307 -565 -31.6564 13.5578 -565 -31.9161 12.9307 -565 -32.3293 12.3922 -565 -32.8678 11.979 -565 -33.4948 11.7193 -565 -34.1678 11.6307 -565 -34.8407 11.7193 -565 -35.4678 11.979 -565 -36.0063 12.3922 -565 -36.4194 12.9307 -565 -36.6792 13.5578 -565 -36.7678 14.2307 -565 -36.6792 14.9036 -565 -36.4194 15.5307 -565 -36.0063 16.0692 -565 -35.4678 16.4823 -565 -34.8407 16.7421 -565 -34.1678 16.8307 -565 -33.4948 16.7421 -565 -32.8678 16.4823 -565 -36.0063 -12.4309 -565 -35.4678 -12.0177 -565 -34.8407 -11.758 -565 -34.1678 -11.6694 -565 -33.4948 -11.758 -565 -32.8678 -12.0177 -565 -32.3293 -12.4309 -565 -31.9161 -12.9694 -565 -31.6564 -13.5965 -565 -31.5678 -14.2694 -565 -31.6564 -14.9423 -565 -31.9161 -15.5694 -565 -32.3293 -16.1079 -565 -32.8678 -16.5211 -565 -33.4948 -16.7808 -565 -34.1678 -16.8694 -565 -34.8407 -16.7808 -565 -35.4678 -16.5211 -565 -36.0063 -16.1079 -565 -36.4194 -15.5694 -565 -36.6792 -14.9423 -565 -36.7678 -14.2694 -565 -36.6792 -13.5965 -565 -36.4194 -12.9694 -565 -3.82922 12.3922 -565 -4.3677 11.979 -565 -4.99477 11.7193 -565 -5.6677 11.6307 -565 -6.34063 11.7193 -565 -6.9677 11.979 -565 -7.50618 12.3922 -565 -7.91936 12.9307 -565 -8.17911 13.5578 -565 -8.2677 14.2307 -565 -8.17911 14.9036 -565 -7.91936 15.5307 -565 -7.50618 16.0692 -565 -6.9677 16.4823 -565 -6.34063 16.7421 -565 -5.6677 16.8307 -565 -4.99477 16.7421 -565 -4.3677 16.4823 -565 -3.82922 16.0692 -565 -3.41603 15.5307 -565 -3.15629 14.9036 -565 -3.0677 14.2307 -565 -3.15629 13.5578 -565 -3.41603 12.9307 -565 -15.0734 -0.0128284 -565 -15.2404 -1.28104 -565 -15.7299 -2.46283 -565 -16.5086 -3.47765 -565 -17.5234 -4.25635 -565 -18.7052 -4.74586 -565 -19.9734 -4.91283 -565 -21.2416 -4.74586 -565 -22.4234 -4.25635 -565 -23.4382 -3.47765 -565 -24.2169 -2.46283 -565 -24.7065 -1.28104 -565 -24.8734 -0.0128284 -565 -24.7065 1.25539 -565 -24.2169 2.43717 -565 -23.4382 3.452 -565 -22.4234 4.23069 -565 -21.2416 4.72021 -565 -19.9734 4.88717 -565 -18.7052 4.72021 -565 -17.5234 4.23069 -565 -16.5086 3.452 -565 -15.7299 2.43717 -565 -15.2404 1.25539 -20.0003 -5.00002 25 19.9997 -5.00002 25 19.9997 -5.00002 60 -20.0003 -5.00002 60 19.9997 -2.09808e-05 60 -20.0003 -2.09808e-05 60 19.9997 -2.09808e-05 20 -20.0003 -2.09808e-05 20 19.9997 -40 20 19.9997 -40 25 -20.0003 -40 20 -20.0003 -40 25 -20.0003 -5.00002 -25 19.9997 -5.00002 -25 19.9997 -40 -25 -20.0003 -40 -25 19.9997 -40 -20 -20.0003 -40 -20 19.9997 -2.09808e-05 -20 -20.0003 -2.09808e-05 -20 19.9997 -2.09808e-05 -60 19.9997 -5.00002 -60 -20.0003 -2.09808e-05 -60 -20.0003 -5.00002 -60 -40.1387 3.09998 3.9026 -40.1387 3.09998 -3.7715 -35.8387 3.09998 -3.7715 -35.8387 3.09998 3.9026 -40.1387 -0.100022 -3.7715 -35.8387 -0.100022 -3.7715 -40.1387 -0.100022 3.9026 -35.8387 -0.100022 3.9026 -40.1387 0.999975 -20.6715 -40.1387 0.741158 -20.6374 -40.1387 0.499977 -20.5375 -40.1387 0.29287 -20.3786 -40.1387 0.133952 -20.1715 -40.1387 0.0340509 -19.9303 -40.1387 -2.19345e-05 -19.6715 -40.1387 -2.19345e-05 -5.6715 -40.1387 -1.53587 -5.6715 -40.1387 -1.53587 5.8026 -40.1387 -2.19345e-05 5.8026 -40.1387 -2.19345e-05 19.8026 -40.1387 0.0340509 20.0614 -40.1387 0.133952 20.3026 -40.1387 0.29287 20.5097 -40.1387 0.499977 20.6686 -40.1387 0.741158 20.7685 -40.1387 0.999975 20.8026 -40.1387 17 20.8026 -40.1387 17 10.8026 -40.1387 8.99998 10.8026 -40.1387 8.99998 -10.6715 -40.1387 17 -10.6715 -40.1387 17 -20.6715 -20.1387 3.09998 -3.7715 -20.1387 3.09998 3.9026 -24.4388 3.09998 3.9026 -24.4388 3.09998 -3.7715 -20.1387 -0.100022 3.9026 -24.4388 -0.100022 3.9026 -20.1387 -0.100022 -3.7715 -24.4388 -0.100022 -3.7715 -20.1387 -2.19345e-05 -19.6715 -20.1387 0.0340509 -19.9303 -20.1387 0.133952 -20.1715 -20.1387 0.29287 -20.3786 -20.1387 0.499977 -20.5375 -20.1387 0.741158 -20.6374 -20.1387 0.999975 -20.6715 -20.1387 17 -20.6715 -20.1387 17 -10.6715 -20.1387 8.99998 -10.6715 -20.1387 8.99998 10.8026 -20.1387 17 10.8026 -20.1387 17 20.8026 -20.1387 0.999975 20.8026 -20.1387 0.741158 20.7685 -20.1387 0.499977 20.6686 -20.1387 0.29287 20.5097 -20.1387 0.133952 20.3026 -20.1387 0.0340509 20.0614 -20.1387 -2.19345e-05 19.8026 -20.1387 -2.19345e-05 5.8026 -20.1387 -1.53587 5.8026 -20.1387 -1.53587 -5.6715 -20.1387 -2.19345e-05 -5.6715 -25.1387 0.741158 -20.6374 -30.1387 0.741158 -20.6374 -35.1387 0.741158 -20.6374 -25.1387 0.499977 -20.5375 -30.1387 0.499977 -20.5375 -35.1387 0.499977 -20.5375 -25.1387 0.29287 -20.3786 -30.1387 0.29287 -20.3786 -35.1387 0.29287 -20.3786 -25.1387 0.133952 -20.1715 -30.1387 0.133952 -20.1715 -35.1387 0.133952 -20.1715 -25.1387 0.0340509 -19.9303 -30.1387 0.0340509 -19.9303 -35.1387 0.0340509 -19.9303 -25.1387 0.0340509 20.0614 -30.1387 0.0340509 20.0614 -35.1387 0.0340509 20.0614 -25.1387 0.133952 20.3026 -30.1387 0.133952 20.3026 -35.1387 0.133952 20.3026 -25.1387 0.29287 20.5097 -30.1387 0.29287 20.5097 -35.1387 0.29287 20.5097 -25.1387 0.499977 20.6686 -30.1387 0.499977 20.6686 -35.1387 0.499977 20.6686 -25.1387 0.741158 20.7685 -30.1387 0.741158 20.7685 -35.1387 0.741158 20.7685 -30.1262 -2.19345e-05 13.0776 -30.8315 -2.19345e-05 13.1704 -31.4887 -2.19345e-05 13.4426 -32.0531 -2.19345e-05 13.8757 -32.4861 -2.19345e-05 14.4401 -32.7584 -2.19345e-05 15.0973 -32.8512 -2.19345e-05 15.8026 -32.7584 -2.19345e-05 16.5078 -32.4861 -2.19345e-05 17.1651 -32.0531 -2.19345e-05 17.7294 -31.4887 -2.19345e-05 18.1625 -30.8315 -2.19345e-05 18.4347 -30.1262 -2.19345e-05 18.5276 -29.4209 -2.19345e-05 18.4347 -28.7637 -2.19345e-05 18.1625 -28.1993 -2.19345e-05 17.7294 -27.7663 -2.19345e-05 17.1651 -27.494 -2.19345e-05 16.5078 -27.4012 -2.19345e-05 15.8026 -27.494 -2.19345e-05 15.0973 -27.7663 -2.19345e-05 14.4401 -28.1993 -2.19345e-05 13.8757 -28.7637 -2.19345e-05 13.4426 -29.4209 -2.19345e-05 13.1704 -30.1387 -2.19345e-05 -18.3965 -29.4334 -2.19345e-05 -18.3036 -28.7762 -2.19345e-05 -18.0314 -28.2119 -2.19345e-05 -17.5984 -27.7788 -2.19345e-05 -17.034 -27.5066 -2.19345e-05 -16.3768 -27.4137 -2.19345e-05 -15.6715 -27.5066 -2.19345e-05 -14.9662 -27.7788 -2.19345e-05 -14.309 -28.2119 -2.19345e-05 -13.7446 -28.7762 -2.19345e-05 -13.3116 -29.4334 -2.19345e-05 -13.0393 -30.1387 -2.19345e-05 -12.9465 -30.844 -2.19345e-05 -13.0393 -31.5013 -2.19345e-05 -13.3116 -32.0656 -2.19345e-05 -13.7446 -32.4987 -2.19345e-05 -14.309 -32.7709 -2.19345e-05 -14.9662 -32.8638 -2.19345e-05 -15.6715 -32.7709 -2.19345e-05 -16.3768 -32.4987 -2.19345e-05 -17.034 -32.0656 -2.19345e-05 -17.5984 -31.5013 -2.19345e-05 -18.0314 -30.844 -2.19345e-05 -18.3036 -30.1387 17 -18.3965 -30.844 17 -18.3036 -31.5013 17 -18.0314 -32.0656 17 -17.5984 -32.4987 17 -17.034 -32.7709 17 -16.3768 -32.8638 17 -15.6715 -32.7709 17 -14.9662 -32.4987 17 -14.309 -32.0656 17 -13.7446 -31.5013 17 -13.3116 -30.844 17 -13.0393 -30.1387 17 -12.9465 -29.4334 17 -13.0393 -28.7762 17 -13.3116 -28.2119 17 -13.7446 -27.7788 17 -14.309 -27.5066 17 -14.9662 -27.4137 17 -15.6715 -27.5066 17 -16.3768 -27.7788 17 -17.034 -28.2119 17 -17.5984 -28.7762 17 -18.0314 -29.4334 17 -18.3036 -30.1387 8.49998 -18.3965 -29.4334 8.49998 -18.3036 -28.7762 8.49998 -18.0314 -28.2119 8.49998 -17.5984 -27.7788 8.49998 -17.034 -27.5066 8.49998 -16.3768 -27.4137 8.49998 -15.6715 -27.5066 8.49998 -14.9662 -27.7788 8.49998 -14.309 -28.2119 8.49998 -13.7446 -28.7762 8.49998 -13.3116 -29.4334 8.49998 -13.0393 -30.1387 8.49998 -12.9465 -30.844 8.49998 -13.0393 -31.5013 8.49998 -13.3116 -32.0656 8.49998 -13.7446 -32.4987 8.49998 -14.309 -32.7709 8.49998 -14.9662 -32.8638 8.49998 -15.6715 -32.7709 8.49998 -16.3768 -32.4987 8.49998 -17.034 -32.0656 8.49998 -17.5984 -31.5013 8.49998 -18.0314 -30.844 8.49998 -18.3036 -30.1262 17 13.0776 -29.4209 17 13.1704 -28.7637 17 13.4426 -28.1993 17 13.8757 -27.7663 17 14.4401 -27.494 17 15.0973 -27.4012 17 15.8026 -27.494 17 16.5078 -27.7663 17 17.1651 -28.1993 17 17.7294 -28.7637 17 18.1625 -29.4209 17 18.4347 -30.1262 17 18.5276 -30.8315 17 18.4347 -31.4887 17 18.1625 -32.0531 17 17.7294 -32.4861 17 17.1651 -32.7584 17 16.5078 -32.8512 17 15.8026 -32.7584 17 15.0973 -32.4861 17 14.4401 -32.0531 17 13.8757 -31.4887 17 13.4426 -30.8315 17 13.1704 -30.1387 8.99998 6.06553 -31.6917 8.99998 5.86108 -33.1387 8.99998 5.26168 -34.3814 8.99998 4.30817 -35.3349 8.99998 3.06553 -35.9343 8.99998 1.61844 -36.1387 8.99998 0.0655293 -35.9343 8.99998 -1.48738 -35.3349 8.99998 -2.93447 -34.3814 8.99998 -4.17711 -33.1387 8.99998 -5.13062 -31.6917 8.99998 -5.73003 -30.1387 8.99998 -5.93447 -28.5858 8.99998 -5.73003 -27.1387 8.99998 -5.13062 -25.8961 8.99998 -4.17711 -24.9426 8.99998 -2.93447 -24.3432 8.99998 -1.48738 -24.1387 8.99998 0.0655293 -24.3432 8.99998 1.61844 -24.9426 8.99998 3.06553 -25.8961 8.99998 4.30817 -27.1387 8.99998 5.26168 -28.5858 8.99998 5.86108 -30.1387 3.99998 -2.43447 -29.4917 3.99998 -2.34928 -28.8887 3.99998 -2.09954 -28.371 3.99998 -1.70224 -27.9737 3.99998 -1.18447 -27.7239 3.99998 -0.58152 -27.6387 3.99998 0.0655293 -27.7239 3.99998 0.712574 -27.9737 3.99998 1.31553 -28.371 3.99998 1.83329 -28.8887 3.99998 2.23059 -29.4917 3.99998 2.48034 -30.1387 3.99998 2.56553 -30.7858 3.99998 2.48034 -31.3887 3.99998 2.23059 -31.9065 3.99998 1.83329 -32.3038 3.99998 1.31553 -32.5536 3.99998 0.712574 -32.6387 3.99998 0.0655293 -32.5536 3.99998 -0.58152 -32.3038 3.99998 -1.18447 -31.9065 3.99998 -1.70224 -31.3887 3.99998 -2.09954 -30.7858 3.99998 -2.34928 -36.1387 3.99998 0.0655293 -35.9343 3.99998 1.61844 -35.3349 3.99998 3.06553 -34.3814 3.99998 4.30817 -33.1387 3.99998 5.26168 -31.6917 3.99998 5.86108 -30.1387 3.99998 6.06553 -28.5858 3.99998 5.86108 -27.1387 3.99998 5.26168 -25.8961 3.99998 4.30817 -24.9426 3.99998 3.06553 -24.3432 3.99998 1.61844 -24.1387 3.99998 0.0655293 -24.3432 3.99998 -1.48738 -24.9426 3.99998 -2.93447 -25.8961 3.99998 -4.17711 -27.1387 3.99998 -5.13062 -28.5858 3.99998 -5.73003 -30.1387 3.99998 -5.93447 -31.6917 3.99998 -5.73003 -33.1387 3.99998 -5.13062 -34.3814 3.99998 -4.17711 -35.3349 3.99998 -2.93447 -35.9343 3.99998 -1.48738 -30.1387 -1.53587 -2.43447 -30.7858 -1.53587 -2.34928 -31.3887 -1.53587 -2.09954 -31.9065 -1.53587 -1.70224 -32.3038 -1.53587 -1.18447 -32.5536 -1.53587 -0.58152 -32.6387 -1.53587 0.0655293 -32.5536 -1.53587 0.712574 -32.3038 -1.53587 1.31553 -31.9065 -1.53587 1.83329 -31.3887 -1.53587 2.23059 -30.7858 -1.53587 2.48034 -30.1387 -1.53587 2.56553 -29.4917 -1.53587 2.48034 -28.8887 -1.53587 2.23059 -28.371 -1.53587 1.83329 -27.9737 -1.53587 1.31553 -27.7239 -1.53587 0.712574 -27.6387 -1.53587 0.0655293 -27.7239 -1.53587 -0.58152 -27.9737 -1.53587 -1.18447 -28.371 -1.53587 -1.70224 -28.8887 -1.53587 -2.09954 -29.4917 -1.53587 -2.34928 -30.1262 8.49998 13.0776 -29.4209 8.49998 13.1704 -28.7637 8.49998 13.4426 -28.1993 8.49998 13.8757 -27.7663 8.49998 14.4401 -27.494 8.49998 15.0973 -27.4012 8.49998 15.8026 -27.494 8.49998 16.5078 -27.7663 8.49998 17.1651 -28.1993 8.49998 17.7294 -28.7637 8.49998 18.1625 -29.4209 8.49998 18.4347 -30.1262 8.49998 18.5276 -30.8315 8.49998 18.4347 -31.4887 8.49998 18.1625 -32.0531 8.49998 17.7294 -32.4861 8.49998 17.1651 -32.7584 8.49998 16.5078 -32.8512 8.49998 15.8026 -32.7584 8.49998 15.0973 -32.4861 8.49998 14.4401 -32.0531 8.49998 13.8757 -31.4887 8.49998 13.4426 -30.8315 8.49998 13.1704 -140 -33.3 -57.7728 -140 -33.3852 -57.1258 -140 -33.635 -56.5228 -140 -34.0323 -56.0051 -140 -34.55 -55.6078 -140 -35.153 -55.358 -140 -35.8 -55.2728 -140 -36.4471 -55.358 -140 -37.05 -55.6078 -140 -37.5678 -56.0051 -140 -37.9651 -56.5228 -140 -38.2148 -57.1258 -140 -38.3 -57.7728 -140 -38.2148 -58.4199 -140 -37.9651 -59.0228 -140 -37.5678 -59.5406 -140 -37.05 -59.9379 -140 -36.4471 -60.1876 -140 -35.8 -60.2728 -140 -35.153 -60.1876 -140 -34.55 -59.9379 -140 -34.0323 -59.5406 -140 -33.635 -59.0228 -140 -33.3852 -58.4199 -160 -33.3 -57.7728 -160 -33.3852 -58.4199 -160 -33.635 -59.0228 -160 -34.0323 -59.5406 -160 -34.55 -59.9379 -160 -35.153 -60.1876 -160 -35.8 -60.2728 -160 -36.4471 -60.1876 -160 -37.05 -59.9379 -160 -37.5678 -59.5406 -160 -37.9651 -59.0228 -160 -38.2148 -58.4199 -160 -38.3 -57.7728 -160 -38.2148 -57.1258 -160 -37.9651 -56.5228 -160 -37.5678 -56.0051 -160 -37.05 -55.6078 -160 -36.4471 -55.358 -160 -35.8 -55.2728 -160 -35.153 -55.358 -160 -34.55 -55.6078 -160 -34.0323 -56.0051 -160 -33.635 -56.5228 -160 -33.3852 -57.1258 -150 -33.3 -57.7728 -150 -33.3852 -57.1258 -150 -33.635 -56.5228 -150 -34.0323 -56.0051 -150 -34.55 -55.6078 -150 -35.153 -55.358 -150 -35.8 -55.2728 -150 -36.4471 -55.358 -150 -37.05 -55.6078 -150 -37.5678 -56.0051 -150 -37.9651 -56.5228 -150 -38.2148 -57.1258 -150 -38.3 -57.7728 -150 -38.2148 -58.4199 -150 -37.9651 -59.0228 -150 -37.5678 -59.5406 -150 -37.05 -59.9379 -150 -36.4471 -60.1876 -150 -35.8 -60.2728 -150 -35.153 -60.1876 -150 -34.55 -59.9379 -150 -34.0323 -59.5406 -150 -33.635 -59.0228 -150 -33.3852 -58.4199 -140 -38.3 -65.2728 -140 -38.9471 -65.1876 -140 -39.55 -64.9379 -140 -40.0678 -64.5406 -140 -40.4651 -64.0228 -140 -40.7148 -63.4199 -140 -40.8 -62.7728 -160 -40.8 -62.7728 -160 -40.7148 -63.4199 -160 -40.4651 -64.0228 -160 -40.0678 -64.5406 -160 -39.55 -64.9379 -160 -38.9471 -65.1876 -160 -38.3 -65.2728 -150 -38.9471 -65.1876 -150 -39.55 -64.9379 -150 -40.0678 -64.5406 -150 -40.4651 -64.0228 -150 -40.7148 -63.4199 -140 -40.8 -21.0358 -160 -40.8 -21.0358 -140 -33.3 -65.2728 -140 -32.653 -65.1876 -140 -32.05 -64.9379 -140 -31.5323 -64.5406 -140 -31.135 -64.0228 -140 -30.8852 -63.4199 -140 -30.8 -62.7728 -140 -30.8 -24.0358 -140 -9.32597 -24.0358 -140 -9.32597 -20.0358 -140 -14.3259 -20.0358 -140 -14.3259 -18.5 -140 -25.8 -18.5 -140 -25.8 -20.0358 -140 -39.8 -20.0358 -140 -40.0588 -20.0699 -140 -40.3 -20.1698 -140 -40.5071 -20.3287 -140 -40.666 -20.5358 -140 -40.7659 -20.777 -160 -33.3 -65.2728 -160 -32.653 -65.1876 -160 -32.05 -64.9379 -160 -31.5323 -64.5406 -160 -31.135 -64.0228 -160 -30.8852 -63.4199 -160 -30.8 -62.7728 -150 -32.653 -65.1876 -150 -32.05 -64.9379 -150 -31.5323 -64.5406 -150 -31.135 -64.0228 -150 -30.8852 -63.4199 -160 -30.8 -24.0358 -160 -40.7659 -20.777 -160 -40.666 -20.5358 -160 -40.5071 -20.3287 -160 -40.3 -20.1698 -160 -40.0588 -20.0699 -160 -39.8 -20.0358 -160 -25.8 -20.0358 -160 -25.8 -18.5 -160 -14.3259 -18.5 -160 -14.3259 -20.0358 -160 -9.32597 -20.0358 -160 -9.32597 -24.0358 -145 -40.7659 -20.777 -150 -40.7659 -20.777 -155 -40.7659 -20.777 -145 -40.666 -20.5358 -150 -40.666 -20.5358 -155 -40.666 -20.5358 -145 -40.5071 -20.3287 -150 -40.5071 -20.3287 -155 -40.5071 -20.3287 -145 -40.3 -20.1698 -150 -40.3 -20.1698 -155 -40.3 -20.1698 -145 -40.0588 -20.0699 -150 -40.0588 -20.0699 -155 -40.0588 -20.0699 -150 -22.563 -24.0358 -149.353 -22.4778 -24.0358 -148.75 -22.2281 -24.0358 -148.233 -21.8308 -24.0358 -147.835 -21.313 -24.0358 -147.585 -20.71 -24.0358 -147.5 -20.063 -24.0358 -147.585 -19.4159 -24.0358 -147.835 -18.813 -24.0358 -148.233 -18.2952 -24.0358 -148.75 -17.8979 -24.0358 -149.353 -17.6482 -24.0358 -150 -17.563 -24.0358 -150.647 -17.6482 -24.0358 -151.25 -17.8979 -24.0358 -151.768 -18.2952 -24.0358 -152.165 -18.813 -24.0358 -152.415 -19.4159 -24.0358 -152.5 -20.063 -24.0358 -152.415 -20.71 -24.0358 -152.165 -21.313 -24.0358 -151.768 -21.8308 -24.0358 -151.25 -22.2281 -24.0358 -150.647 -22.4778 -24.0358 -150 -22.563 -18.5 -150.647 -22.4778 -18.5 -151.25 -22.2281 -18.5 -151.768 -21.8308 -18.5 -152.165 -21.313 -18.5 -152.415 -20.71 -18.5 -152.5 -20.063 -18.5 -152.415 -19.4159 -18.5 -152.165 -18.813 -18.5 -151.768 -18.2952 -18.5 -151.25 -17.8979 -18.5 -150.647 -17.6482 -18.5 -150 -17.563 -18.5 -149.353 -17.6482 -18.5 -148.75 -17.8979 -18.5 -148.233 -18.2952 -18.5 -147.835 -18.813 -18.5 -147.585 -19.4159 -18.5 -147.5 -20.063 -18.5 -147.585 -20.71 -18.5 -147.835 -21.313 -18.5 -148.233 -21.8308 -18.5 -148.75 -22.2281 -18.5 -149.353 -22.4778 -18.5 -480.001 -14.326 -65.2728 -480.001 -12.6486 -64.194 -480.001 -11.2501 -62.7722 -480.001 -10.199 -61.0774 -480.001 -9.54694 -59.1926 -480.001 -9.32597 -57.2106 -460.001 -9.32597 -57.2106 -460.001 -9.326 -57.2338 -460.001 -9.32609 -57.257 -460.001 -9.32624 -57.2803 -160 -9.32624 -57.2803 -160 -9.32609 -57.257 -160 -9.326 -57.2338 -160 -9.32597 -57.2106 -140 -9.32597 -57.2106 -140 -9.54694 -59.1926 -140 -10.199 -61.0774 -140 -11.2501 -62.7722 -140 -12.6486 -64.194 -140 -14.326 -65.2728 -437.501 -12.6486 -64.194 -395.001 -12.6486 -64.194 -352.501 -12.6486 -64.194 -310.001 -12.6486 -64.194 -267.501 -12.6486 -64.194 -225.001 -12.6486 -64.194 -182.5 -12.6486 -64.194 -437.501 -11.2501 -62.7722 -395.001 -11.2501 -62.7722 -352.501 -11.2501 -62.7722 -310.001 -11.2501 -62.7722 -267.501 -11.2501 -62.7722 -225.001 -11.2501 -62.7722 -182.5 -11.2501 -62.7722 -437.501 -10.199 -61.0774 -395.001 -10.199 -61.0774 -352.501 -10.199 -61.0774 -310.001 -10.199 -61.0774 -267.501 -10.199 -61.0774 -225.001 -10.199 -61.0774 -182.5 -10.199 -61.0774 -437.501 -9.54694 -59.1926 -395.001 -9.54694 -59.1926 -352.501 -9.54694 -59.1926 -310.001 -9.54694 -59.1926 -267.501 -9.54694 -59.1926 -225.001 -9.54694 -59.1926 -182.5 -9.54694 -59.1926 -480.001 -14.326 -29.0358 -480.001 -30.8 -29.0358 -480.001 -30.8 -24.0358 -480.001 -9.32597 -24.0358 -140 -9.32597 -24.0358 -140 -30.8 -24.0358 -140 -30.8 -29.0358 -140 -14.326 -29.0358 -160 -9.32597 -24.0358 -460.001 -9.32716 -57.2106 -460.001 -9.43336 -56.0793 -460.001 -9.70924 -54.977 -460.001 -10.1485 -53.9291 -460.001 -10.741 -52.9595 -460.001 -11.4731 -52.0906 -460.001 -12.3282 -51.3422 -460.001 -13.2865 -50.7316 -460.001 -14.326 -50.2728 -160 -14.326 -50.2728 -160 -13.2865 -50.7316 -160 -12.3282 -51.3422 -160 -11.4731 -52.0906 -160 -10.741 -52.9595 -160 -10.1485 -53.9291 -160 -9.70924 -54.977 -160 -9.43336 -56.0793 -160 -9.32716 -57.2106 -422.501 -9.56469 -55.4667 -385.001 -9.56469 -55.4667 -347.501 -9.56469 -55.4667 -310.001 -9.56469 -55.4667 -272.501 -9.56469 -55.4667 -235.001 -9.56469 -55.4667 -197.5 -9.56469 -55.4667 -422.501 -10.235 -53.7648 -385.001 -10.235 -53.7648 -347.501 -10.235 -53.7648 -310.001 -10.235 -53.7648 -272.501 -10.235 -53.7648 -235.001 -10.235 -53.7648 -197.5 -10.235 -53.7648 -422.501 -11.2974 -52.2758 -385.001 -11.2974 -52.2758 -347.501 -11.2974 -52.2758 -310.001 -11.2974 -52.2758 -272.501 -11.2974 -52.2758 -235.001 -11.2974 -52.2758 -197.5 -11.2974 -52.2758 -422.501 -12.6887 -51.0883 -385.001 -12.6887 -51.0883 -347.501 -12.6887 -51.0883 -310.001 -12.6887 -51.0883 -272.501 -12.6887 -51.0883 -235.001 -12.6887 -51.0883 -197.5 -12.6887 -51.0883 -150 -17.563 -29.0358 -149.353 -17.6482 -29.0358 -148.75 -17.8979 -29.0358 -148.233 -18.2952 -29.0358 -147.835 -18.813 -29.0358 -147.585 -19.4159 -29.0358 -147.5 -20.063 -29.0358 -147.585 -20.71 -29.0358 -147.835 -21.313 -29.0358 -148.233 -21.8308 -29.0358 -148.75 -22.2281 -29.0358 -149.353 -22.4778 -29.0358 -150 -22.563 -29.0358 -150.647 -22.4778 -29.0358 -151.25 -22.2281 -29.0358 -151.768 -21.8308 -29.0358 -152.165 -21.313 -29.0358 -152.415 -20.71 -29.0358 -152.5 -20.063 -29.0358 -152.415 -19.4159 -29.0358 -152.165 -18.813 -29.0358 -151.768 -18.2952 -29.0358 -151.25 -17.8979 -29.0358 -150.647 -17.6482 -29.0358 -150 -17.563 -24.0358 -150.647 -17.6482 -24.0358 -151.25 -17.8979 -24.0358 -151.768 -18.2952 -24.0358 -152.165 -18.813 -24.0358 -152.415 -19.4159 -24.0358 -152.5 -20.063 -24.0358 -152.415 -20.71 -24.0358 -152.165 -21.313 -24.0358 -151.768 -21.8308 -24.0358 -151.25 -22.2281 -24.0358 -150.647 -22.4778 -24.0358 -150 -22.563 -24.0358 -149.353 -22.4778 -24.0358 -148.75 -22.2281 -24.0358 -148.233 -21.8308 -24.0358 -147.835 -21.313 -24.0358 -147.585 -20.71 -24.0358 -147.5 -20.063 -24.0358 -147.585 -19.4159 -24.0358 -147.835 -18.813 -24.0358 -148.233 -18.2952 -24.0358 -148.75 -17.8979 -24.0358 -149.353 -17.6482 -24.0358 -160 -14.326 -29.0358 -160 -30.8 -29.0358 -160 -30.8 -24.0358 -460.001 -14.326 -29.0358 -470 -17.563 -29.0358 -469.353 -17.6482 -29.0358 -468.75 -17.8979 -29.0358 -468.233 -18.2952 -29.0358 -467.835 -18.813 -29.0358 -467.586 -19.4159 -29.0358 -467.5 -20.063 -29.0358 -467.586 -20.71 -29.0358 -467.835 -21.313 -29.0358 -468.233 -21.8308 -29.0358 -468.75 -22.2281 -29.0358 -469.353 -22.4778 -29.0358 -470 -22.563 -29.0358 -470.647 -22.4778 -29.0358 -471.25 -22.2281 -29.0358 -471.768 -21.8308 -29.0358 -472.165 -21.313 -29.0358 -472.415 -20.71 -29.0358 -472.5 -20.063 -29.0358 -472.415 -19.4159 -29.0358 -472.165 -18.813 -29.0358 -471.768 -18.2952 -29.0358 -471.25 -17.8979 -29.0358 -470.647 -17.6482 -29.0358 -470 -17.563 -24.0358 -470.647 -17.6482 -24.0358 -471.25 -17.8979 -24.0358 -471.768 -18.2952 -24.0358 -472.165 -18.813 -24.0358 -472.415 -19.4159 -24.0358 -472.5 -20.063 -24.0358 -472.415 -20.71 -24.0358 -472.165 -21.313 -24.0358 -471.768 -21.8308 -24.0358 -471.25 -22.2281 -24.0358 -470.647 -22.4778 -24.0358 -470 -22.563 -24.0358 -469.353 -22.4778 -24.0358 -468.75 -22.2281 -24.0358 -468.233 -21.8308 -24.0358 -467.835 -21.313 -24.0358 -467.586 -20.71 -24.0358 -467.5 -20.063 -24.0358 -467.586 -19.4159 -24.0358 -467.835 -18.813 -24.0358 -468.233 -18.2952 -24.0358 -468.75 -17.8979 -24.0358 -469.353 -17.6482 -24.0358 -460.001 -30.8 -29.0358 -460.001 -30.8 -24.0358 -460.001 -9.32597 -24.0358 -40.1387 2.99998 -3.6715 -40.1387 2.99998 3.8026 -36.1387 2.99998 3.8026 -36.1387 2.99998 -3.6715 -40.1387 -2.19345e-05 3.8026 -36.1387 -2.19345e-05 3.8026 -40.1387 -2.19345e-05 -3.6715 -36.1387 -2.19345e-05 -3.6715 -340.139 2.99998 3.8026 -340.139 2.99998 -3.6715 -344.139 2.99998 -3.6715 -344.139 2.99998 3.8026 -340.139 -2.19345e-05 3.8026 -344.139 -2.19345e-05 3.8026 -340.139 -2.19345e-05 -3.6715 -344.139 -2.19345e-05 -3.6715 -40.1387 6.77483 36.3235 -40.1387 5.95761 32.0037 -40.1387 5.24023 27.6155 -40.1387 4.11086 18.6712 -40.1387 3.39627 9.56621 -40.1387 3.10252 0.377671 -40.1387 3.23209 -8.81664 -40.1387 3.78389 -17.9389 -40.1387 4.75324 -26.9118 -40.1387 5.39207 -31.3184 -40.1387 6.13194 -35.6594 -340.139 6.13194 -35.6594 -340.139 5.39207 -31.3184 -340.139 4.75324 -26.9118 -340.139 3.78389 -17.9389 -340.139 3.23209 -8.81664 -340.139 3.10252 0.377671 -340.139 3.39627 9.56621 -340.139 4.11086 18.6712 -340.139 5.24023 27.6155 -340.139 5.95761 32.0037 -340.139 6.77483 36.3235 -240.139 4.39157 21.2465 -140.139 4.39157 21.2465 -240.139 3.86404 16.0828 -140.139 3.86404 16.0828 -240.139 3.58335 -15.3444 -140.139 3.58335 -15.3444 -240.139 4.01853 -20.5211 -140.139 4.01853 -20.5211 -140.139 5.84898 31.3808 -240.139 5.84898 31.3808 -140.139 5.05383 26.3505 -240.139 5.05383 26.3505 -140.139 3.21862 5.63398 -240.139 3.21862 5.63398 -240.139 3.47269 10.8739 -140.139 3.47269 10.8739 -140.139 3.12471 -4.88051 -240.139 3.12471 -4.88051 -240.139 3.10252 0.377671 -140.139 3.10252 0.377671 -140.139 3.28514 -10.126 -240.139 3.28514 -10.126 -140.139 5.29459 -30.6927 -240.139 5.29459 -30.6927 -240.139 4.58947 -25.642 -140.139 4.58947 -25.642 -40.1387 -2.19345e-05 21.1801 -40.1387 0.145661 23.4335 -40.1387 0.580287 25.6493 -40.1387 1.29662 27.7908 -40.1387 2.28273 29.8221 -340.139 2.28273 29.8221 -340.139 1.29662 27.7908 -340.139 0.580287 25.6493 -340.139 0.145661 23.4335 -340.139 -2.19345e-05 21.1801 -82.9959 0.145661 23.4335 -125.853 0.145661 23.4335 -168.71 0.145661 23.4335 -211.567 0.145661 23.4335 -254.424 0.145661 23.4335 -297.282 0.145661 23.4335 -82.9959 0.580287 25.6493 -125.853 0.580287 25.6493 -168.71 0.580287 25.6493 -211.567 0.580287 25.6493 -254.424 0.580287 25.6493 -297.282 0.580287 25.6493 -82.9959 1.29662 27.7908 -125.853 1.29662 27.7908 -168.71 1.29662 27.7908 -211.567 1.29662 27.7908 -254.424 1.29662 27.7908 -297.282 1.29662 27.7908 -340.139 3.75773 32.4194 -340.139 4.63904 33.8138 -340.139 5.64773 35.119 -340.139 5.33201 -34.6999 -340.139 4.60256 -33.6858 -340.139 3.94731 -32.6223 -340.139 2.28262 -29.691 -340.139 1.29656 -27.6596 -340.139 0.58026 -25.5182 -340.139 0.145654 -23.3024 -340.139 -2.19345e-05 -21.0491 -340.139 -2.19345e-05 -5.6715 -340.139 -1.53587 -5.6715 -340.139 -1.53587 5.8026 -340.139 -2.19345e-05 5.8026 -40.1387 3.75773 32.4194 -40.1387 4.63904 33.8138 -40.1387 5.64773 35.119 -290.139 5.128 34.4783 -240.139 5.128 34.4783 -190.139 5.128 34.4783 -140.139 5.128 34.4783 -90.1387 5.128 34.4783 -40.1387 2.28262 -29.691 -40.1387 1.29656 -27.6596 -40.1387 0.58026 -25.5182 -40.1387 0.145654 -23.3024 -40.1387 -2.19345e-05 -21.0491 -82.9959 1.29656 -27.6596 -125.853 1.29656 -27.6596 -168.71 1.29656 -27.6596 -211.567 1.29656 -27.6596 -254.424 1.29656 -27.6596 -297.282 1.29656 -27.6596 -82.9959 0.58026 -25.5182 -125.853 0.58026 -25.5182 -168.71 0.58026 -25.5182 -211.567 0.58026 -25.5182 -254.424 0.58026 -25.5182 -297.282 0.58026 -25.5182 -82.9959 0.145654 -23.3024 -125.853 0.145654 -23.3024 -168.71 0.145654 -23.3024 -211.567 0.145654 -23.3024 -254.424 0.145654 -23.3024 -297.282 0.145654 -23.3024 -40.1387 3.94731 -32.6223 -40.1387 5.33201 -34.6999 -40.1387 4.60256 -33.6858 -77.6387 4.95823 -34.1994 -115.139 4.95823 -34.1994 -152.639 4.95823 -34.1994 -190.139 4.95823 -34.1994 -227.639 4.95823 -34.1994 -265.139 4.95823 -34.1994 -302.639 4.95823 -34.1994 -40.1387 -2.19345e-05 5.8026 -40.1387 -2.19345e-05 -5.6715 -40.1387 -1.53587 -5.6715 -40.1387 -1.53587 5.8026 -560.138 17 -13.4715 -560.707 17 -13.5464 -561.238 17 -13.7662 -561.693 17 -14.1158 -562.043 17 -14.5715 -562.263 17 -15.1021 -562.338 17 -15.6715 -562.263 17 -16.2409 -562.043 17 -16.7715 -561.693 17 -17.2271 -561.238 17 -17.5767 -560.707 17 -17.7965 -560.138 17 -17.8715 -559.568 17 -17.7965 -559.038 17 -17.5767 -558.582 17 -17.2271 -558.232 17 -16.7715 -558.013 17 -16.2409 -557.938 17 -15.6715 -558.013 17 -15.1021 -558.232 17 -14.5715 -558.582 17 -14.1158 -559.038 17 -13.7662 -559.568 17 -13.5464 -560.138 22 -13.4715 -559.568 22 -13.5464 -559.038 22 -13.7662 -558.582 22 -14.1158 -558.232 22 -14.5715 -558.013 22 -15.1021 -557.938 22 -15.6715 -558.013 22 -16.2409 -558.232 22 -16.7715 -558.582 22 -17.2271 -559.038 22 -17.5767 -559.568 22 -17.7965 -560.138 22 -17.8715 -560.707 22 -17.7965 -561.238 22 -17.5767 -561.693 22 -17.2271 -562.043 22 -16.7715 -562.263 22 -16.2409 -562.338 22 -15.6715 -562.263 22 -15.1021 -562.043 22 -14.5715 -561.693 22 -14.1158 -561.238 22 -13.7662 -560.707 22 -13.5464 -560.138 17 18.0026 -560.707 17 17.9276 -561.238 17 17.7078 -561.693 17 17.3582 -562.043 17 16.9026 -562.263 17 16.372 -562.338 17 15.8026 -562.263 17 15.2332 -562.043 17 14.7026 -561.693 17 14.247 -561.238 17 13.8973 -560.707 17 13.6775 -560.138 17 13.6026 -559.568 17 13.6775 -559.038 17 13.8973 -558.582 17 14.247 -558.232 17 14.7026 -558.013 17 15.2332 -557.938 17 15.8026 -558.013 17 16.372 -558.232 17 16.9026 -558.582 17 17.3582 -559.038 17 17.7078 -559.568 17 17.9276 -560.138 22 18.0026 -559.568 22 17.9276 -559.038 22 17.7078 -558.582 22 17.3582 -558.232 22 16.9026 -558.013 22 16.372 -557.938 22 15.8026 -558.013 22 15.2332 -558.232 22 14.7026 -558.582 22 14.247 -559.038 22 13.8973 -559.568 22 13.6776 -560.138 22 13.6026 -560.707 22 13.6776 -561.238 22 13.8973 -561.693 22 14.247 -562.043 22 14.7026 -562.263 22 15.2332 -562.338 22 15.8026 -562.263 22 16.372 -562.043 22 16.9026 -561.693 22 17.3582 -561.238 22 17.7078 -560.707 22 17.9276 -350.139 22.0001 13.6026 -350.667 22.0001 13.664 -351.166 22.0001 13.8506 -351.605 22.0001 14.1514 -351.959 22.0001 14.5489 -352.207 22.0001 15.0198 -352.335 22.0001 15.5365 -352.335 22.0001 16.0687 -352.207 22.0001 16.5854 -351.959 22.0001 17.0563 -351.605 22.0001 17.4538 -351.166 22.0001 17.7546 -350.667 22.0001 17.9412 -350.139 22.0001 18.0026 -350.139 17.0001 18.0026 -350.667 17.0001 17.9412 -351.166 17.0001 17.7546 -351.605 17.0001 17.4538 -351.959 17.0001 17.0563 -352.207 17.0001 16.5854 -352.335 17.0001 16.0687 -352.335 17.0001 15.5365 -352.207 17.0001 15.0198 -351.959 17.0001 14.5489 -351.605 17.0001 14.1514 -351.166 17.0001 13.8506 -350.667 17.0001 13.664 -350.139 17.0001 13.6026 -350.139 22.0001 -13.4715 -350.139 17.0001 -13.4715 -350.139 22.0001 -17.8715 -350.708 22.0001 -17.7965 -351.239 22.0001 -17.5767 -351.694 22.0001 -17.2271 -352.044 22.0001 -16.7715 -352.264 22.0001 -16.2409 -352.339 22.0001 -15.6715 -352.264 22.0001 -15.1021 -352.044 22.0001 -14.5715 -351.694 22.0001 -14.1158 -351.239 22.0001 -13.7662 -350.708 22.0001 -13.5464 -350.708 17.0001 -13.5464 -351.239 17.0001 -13.7662 -351.694 17.0001 -14.1158 -352.044 17.0001 -14.5715 -352.264 17.0001 -15.1021 -352.339 17.0001 -15.6715 -352.264 17.0001 -16.2409 -352.044 17.0001 -16.7715 -351.694 17.0001 -17.2271 -351.239 17.0001 -17.5767 -350.708 17.0001 -17.7965 -350.139 17.0001 -17.8715 -350.139 22.0001 -20.6716 -350.139 17.0001 -20.6716 -360.139 22.0001 -20.6716 -360.139 17.0001 -20.6716 -360.139 22.0001 -7.43444 -360.139 17.0001 -7.43445 -550.139 22 -7.43444 -550.139 17 -7.43445 -550.139 22 -20.6714 -550.139 17 -20.6714 -570.139 22 -20.6714 -570.139 17 -20.6714 -570.139 22 20.8026 -570.139 17 20.8026 -550.139 22 20.8026 -550.139 17 20.8026 -550.139 22 7.56556 -550.139 17 7.56556 -360.139 22.0001 7.56556 -360.139 17.0001 7.56556 -360.139 22.0001 20.8026 -360.139 17.0001 20.8026 -350.139 22.0001 20.8026 -350.139 17.0001 20.8026 19.9997 -30.05 -11.4642 19.9997 -26.0858 -7.49998 19.9997 -13.9142 -7.49998 19.9997 -9.95002 -11.4642 19.9997 -9.95002 -14 19.9997 -15 -14 19.9997 -15 -18.5 19.9997 -14.2 -18.5 19.9997 -14.2 -20 19.9997 -3.00002 -20 19.9997 -2.22356 -19.8978 19.9997 -1.50002 -19.5981 19.9997 -0.8787 -19.1213 19.9997 -0.401944 -18.5 19.9997 -0.102243 -17.7764 19.9997 -2.09808e-05 -17 19.9997 -2.09808e-05 -5.79998 19.9997 -1.50002 -5.79998 19.9997 -1.50002 -4.99998 19.9997 -6.00002 -4.99998 19.9997 -6.00002 -10.05 19.9997 -8.53581 -10.05 19.9997 -12.5 -6.08577 19.9997 -12.5 6.0858 19.9997 -8.53581 10.05 19.9997 -6.00002 10.05 19.9997 -6.00002 5.00002 19.9997 -1.50002 5.00002 19.9997 -1.50002 5.80002 19.9997 -2.09808e-05 5.80002 19.9997 -2.09808e-05 17 19.9997 -0.102243 17.7765 19.9997 -0.401944 18.5 19.9997 -0.8787 19.1213 19.9997 -1.50002 19.5981 19.9997 -2.22356 19.8978 19.9997 -3.00002 20 19.9997 -14.2 20 19.9997 -14.2 18.5 19.9997 -15 18.5 19.9997 -15 14 19.9997 -9.95002 14 19.9997 -9.95002 11.4642 19.9997 -13.9142 7.50002 19.9997 -26.0858 7.50002 19.9997 -30.05 11.4642 19.9997 -30.05 14 19.9997 -25 14 19.9997 -25 18.5 19.9997 -25.8 18.5 19.9997 -25.8 20 19.9997 -37 20 19.9997 -37.7765 19.8978 19.9997 -38.5 19.5981 19.9997 -39.1213 19.1213 19.9997 -39.5981 18.5 19.9997 -39.8978 17.7765 19.9997 -40 17 19.9997 -40 5.80002 19.9997 -38.5 5.80002 19.9997 -38.5 5.00002 19.9997 -34 5.00002 19.9997 -34 10.05 19.9997 -31.4642 10.05 19.9997 -27.5 6.0858 19.9997 -27.5 -6.08577 19.9997 -31.4642 -10.05 19.9997 -34 -10.05 19.9997 -34 -4.99998 19.9997 -38.5 -4.99998 19.9997 -38.5 -5.79998 19.9997 -40 -5.79998 19.9997 -40 -17 19.9997 -39.8978 -17.7764 19.9997 -39.5981 -18.5 19.9997 -39.1213 -19.1213 19.9997 -38.5 -19.5981 19.9997 -37.7765 -19.8978 19.9997 -37 -20 19.9997 -25.8 -20 19.9997 -25.8 -18.5 19.9997 -25 -18.5 19.9997 -25 -14 19.9997 -30.05 -14 19.9997 -28 -15.5 19.9997 -28 -18.5 19.9997 -34.5 -18.5 19.9997 -34.5 -17.25 19.9997 -35.2118 -17.1563 19.9997 -35.875 -16.8815 19.9997 -36.4446 -16.4445 19.9997 -36.8816 -15.875 19.9997 -37.1563 -15.2117 19.9997 -37.25 -14.5 19.9997 -38.5 -14.5 19.9997 -38.5 -7.99998 19.9997 -35.5 -7.99998 19.9997 -35.5 -11.75 19.9997 -34.5 -11.75 19.9997 -33.7883 -11.8437 19.9997 -33.125 -12.1184 19.9997 -32.5555 -12.5554 19.9997 -32.1185 -13.125 19.9997 -31.8437 -13.7882 19.9997 -31.75 -14.5 19.9997 -31.75 -15.5 19.9997 -4.50002 -7.99998 19.9997 -1.50002 -7.99998 19.9997 -1.50002 -14.5 19.9997 -2.75002 -14.5 19.9997 -2.84373 -15.2117 19.9997 -3.11845 -15.875 19.9997 -3.55548 -16.4445 19.9997 -4.12502 -16.8815 19.9997 -4.78827 -17.1563 19.9997 -5.50002 -17.25 19.9997 -5.50002 -18.5 19.9997 -12 -18.5 19.9997 -12 -15.5 19.9997 -8.25002 -15.5 19.9997 -8.25002 -14.5 19.9997 -8.15632 -13.7882 19.9997 -7.88159 -13.125 19.9997 -7.44457 -12.5554 19.9997 -6.87502 -12.1184 19.9997 -6.21177 -11.8437 19.9997 -5.50002 -11.75 19.9997 -4.50002 -11.75 19.9997 -12 15.5 19.9997 -12 18.5 19.9997 -5.50002 18.5 19.9997 -5.50002 17.25 19.9997 -4.78827 17.1563 19.9997 -4.12502 16.8816 19.9997 -3.55548 16.4446 19.9997 -3.11845 15.875 19.9997 -2.84373 15.2118 19.9997 -2.75002 14.5 19.9997 -1.50002 14.5 19.9997 -1.50002 8.00002 19.9997 -4.50002 8.00002 19.9997 -4.50002 11.75 19.9997 -5.50002 11.75 19.9997 -6.21177 11.8437 19.9997 -6.87502 12.1185 19.9997 -7.44457 12.5555 19.9997 -7.88159 13.125 19.9997 -8.15632 13.7883 19.9997 -8.25002 14.5 19.9997 -8.25002 15.5 19.9997 -35.5 8.00002 19.9997 -38.5 8.00002 19.9997 -38.5 14.5 19.9997 -37.25 14.5 19.9997 -37.1563 15.2118 19.9997 -36.8816 15.875 19.9997 -36.4446 16.4446 19.9997 -35.875 16.8816 19.9997 -35.2118 17.1563 19.9997 -34.5 17.25 19.9997 -34.5 18.5 19.9997 -28 18.5 19.9997 -28 15.5 19.9997 -31.75 15.5 19.9997 -31.75 14.5 19.9997 -31.8437 13.7883 19.9997 -32.1185 13.125 19.9997 -32.5555 12.5555 19.9997 -33.125 12.1185 19.9997 -33.7883 11.8437 19.9997 -34.5 11.75 19.9997 -35.5 11.75 19.9997 -24.5853 1.99376 19.9997 -25.2 2.26104 19.9997 -25.2 5.20002 19.9997 -22.261 5.20002 19.9997 -21.9938 4.58532 19.9997 -21.0182 4.89525 19.9997 -20 5.00002 19.9997 -18.9818 4.89525 19.9997 -18.0063 4.58532 19.9997 -17.739 5.20002 19.9997 -14.8 5.20002 19.9997 -14.8 2.26104 19.9997 -15.4147 1.99376 19.9997 -15.1048 1.01823 19.9997 -15 1.95503e-05 19.9997 -15.1048 -1.01819 19.9997 -15.4147 -1.99372 19.9997 -14.8 -2.261 19.9997 -14.8 -5.19998 19.9997 -17.739 -5.19998 19.9997 -18.0063 -4.58528 19.9997 -18.9818 -4.89521 19.9997 -20 -4.99998 19.9997 -21.0182 -4.89521 19.9997 -21.9938 -4.58528 19.9997 -22.261 -5.19998 19.9997 -25.2 -5.19998 19.9997 -25.2 -2.261 19.9997 -24.5853 -1.99372 19.9997 -24.8952 -1.01819 19.9997 -25 1.95503e-05 19.9997 -24.8952 1.01823 -570 -15.4147 1.99376 -570 -15.1048 1.01823 -570 -15 1.95503e-05 -570 -15.1048 -1.01819 -570 -15.4147 -1.99372 -1.85214 -15.1048 -1.01819 -23.704 -15.1048 -1.01819 -45.5559 -15.1048 -1.01819 -67.4077 -15.1048 -1.01819 -89.2596 -15.1048 -1.01819 -111.111 -15.1048 -1.01819 -132.963 -15.1048 -1.01819 -154.815 -15.1048 -1.01819 -176.667 -15.1048 -1.01819 -198.519 -15.1048 -1.01819 -220.371 -15.1048 -1.01819 -242.223 -15.1048 -1.01819 -264.074 -15.1048 -1.01819 -285.926 -15.1048 -1.01819 -307.778 -15.1048 -1.01819 -329.63 -15.1048 -1.01819 -351.482 -15.1048 -1.01819 -373.334 -15.1048 -1.01819 -395.185 -15.1048 -1.01819 -417.037 -15.1048 -1.01819 -438.889 -15.1048 -1.01819 -460.741 -15.1048 -1.01819 -482.593 -15.1048 -1.01819 -504.445 -15.1048 -1.01819 -526.297 -15.1048 -1.01819 -548.148 -15.1048 -1.01819 -1.85214 -15 1.95503e-05 -23.704 -15 1.95503e-05 -45.5559 -15 1.95503e-05 -67.4077 -15 1.95503e-05 -89.2596 -15 1.95503e-05 -111.111 -15 1.95503e-05 -132.963 -15 1.95503e-05 -154.815 -15 1.95503e-05 -176.667 -15 1.95503e-05 -198.519 -15 1.95503e-05 -220.371 -15 1.95503e-05 -242.223 -15 1.95503e-05 -264.074 -15 1.95503e-05 -285.926 -15 1.95503e-05 -307.778 -15 1.95503e-05 -329.63 -15 1.95503e-05 -351.482 -15 1.95503e-05 -373.334 -15 1.95503e-05 -395.185 -15 1.95503e-05 -417.037 -15 1.95503e-05 -438.889 -15 1.95503e-05 -460.741 -15 1.95503e-05 -482.593 -15 1.95503e-05 -504.445 -15 1.95503e-05 -526.297 -15 1.95503e-05 -548.148 -15 1.95503e-05 -1.85214 -15.1048 1.01823 -23.704 -15.1048 1.01823 -45.5559 -15.1048 1.01823 -67.4077 -15.1048 1.01823 -89.2596 -15.1048 1.01823 -111.111 -15.1048 1.01823 -132.963 -15.1048 1.01823 -154.815 -15.1048 1.01823 -176.667 -15.1048 1.01823 -198.519 -15.1048 1.01823 -220.371 -15.1048 1.01823 -242.223 -15.1048 1.01823 -264.074 -15.1048 1.01823 -285.926 -15.1048 1.01823 -307.778 -15.1048 1.01823 -329.63 -15.1048 1.01823 -351.482 -15.1048 1.01823 -373.334 -15.1048 1.01823 -395.185 -15.1048 1.01823 -417.037 -15.1048 1.01823 -438.889 -15.1048 1.01823 -460.741 -15.1048 1.01823 -482.593 -15.1048 1.01823 -504.445 -15.1048 1.01823 -526.297 -15.1048 1.01823 -548.148 -15.1048 1.01823 -570 -14.8 2.26104 -570 -14.8 5.20002 -570 -17.739 5.20002 -570 -18.0063 4.58532 -570 -21.9938 4.58532 -570 -21.0182 4.89525 -570 -20 5.00002 -570 -18.9818 4.89525 -1.85214 -18.9818 4.89525 -23.704 -18.9818 4.89525 -45.5559 -18.9818 4.89525 -67.4077 -18.9818 4.89525 -89.2596 -18.9818 4.89525 -111.111 -18.9818 4.89525 -132.963 -18.9818 4.89525 -154.815 -18.9818 4.89525 -176.667 -18.9818 4.89525 -198.519 -18.9818 4.89525 -220.371 -18.9818 4.89525 -242.223 -18.9818 4.89525 -264.074 -18.9818 4.89525 -285.926 -18.9818 4.89525 -307.778 -18.9818 4.89525 -329.63 -18.9818 4.89525 -351.482 -18.9818 4.89525 -373.334 -18.9818 4.89525 -395.185 -18.9818 4.89525 -417.037 -18.9818 4.89525 -438.889 -18.9818 4.89525 -460.741 -18.9818 4.89525 -482.593 -18.9818 4.89525 -504.445 -18.9818 4.89525 -526.297 -18.9818 4.89525 -548.148 -18.9818 4.89525 -1.85214 -20 5.00002 -23.704 -20 5.00002 -45.5559 -20 5.00002 -67.4077 -20 5.00002 -89.2596 -20 5.00002 -111.111 -20 5.00002 -132.963 -20 5.00002 -154.815 -20 5.00002 -176.667 -20 5.00002 -198.519 -20 5.00002 -220.371 -20 5.00002 -242.223 -20 5.00002 -264.074 -20 5.00002 -285.926 -20 5.00002 -307.778 -20 5.00002 -329.63 -20 5.00002 -351.482 -20 5.00002 -373.334 -20 5.00002 -395.185 -20 5.00002 -417.037 -20 5.00002 -438.889 -20 5.00002 -460.741 -20 5.00002 -482.593 -20 5.00002 -504.445 -20 5.00002 -526.297 -20 5.00002 -548.148 -20 5.00002 -1.85214 -21.0182 4.89525 -23.704 -21.0182 4.89525 -45.5559 -21.0182 4.89525 -67.4077 -21.0182 4.89525 -89.2596 -21.0182 4.89525 -111.111 -21.0182 4.89525 -132.963 -21.0182 4.89525 -154.815 -21.0182 4.89525 -176.667 -21.0182 4.89525 -198.519 -21.0182 4.89525 -220.371 -21.0182 4.89525 -242.223 -21.0182 4.89525 -264.074 -21.0182 4.89525 -285.926 -21.0182 4.89525 -307.778 -21.0182 4.89525 -329.63 -21.0182 4.89525 -351.482 -21.0182 4.89525 -373.334 -21.0182 4.89525 -395.185 -21.0182 4.89525 -417.037 -21.0182 4.89525 -438.889 -21.0182 4.89525 -460.741 -21.0182 4.89525 -482.593 -21.0182 4.89525 -504.445 -21.0182 4.89525 -526.297 -21.0182 4.89525 -548.148 -21.0182 4.89525 -570 -22.261 5.20002 -570 -25.2 5.20002 -570 -25.2 2.26104 -570 -24.5853 1.99376 -570 -34.5 18.5 -570 -28 18.5 -570 -34.5 17.25 -570 -37.25 14.5 -570 -37.1563 15.2118 -570 -36.8816 15.875 -570 -36.4446 16.4446 -570 -35.875 16.8816 -570 -35.2118 17.1563 4.87149 -35.2118 17.1563 -10.2567 -35.2118 17.1563 -25.3849 -35.2118 17.1563 -40.5131 -35.2118 17.1563 -55.6413 -35.2118 17.1563 -70.7695 -35.2118 17.1563 -85.8978 -35.2118 17.1563 -101.026 -35.2118 17.1563 -116.154 -35.2118 17.1563 -131.282 -35.2118 17.1563 -146.411 -35.2118 17.1563 -161.539 -35.2118 17.1563 -176.667 -35.2118 17.1563 -191.795 -35.2118 17.1563 -206.923 -35.2118 17.1563 -222.052 -35.2118 17.1563 -237.18 -35.2118 17.1563 -252.308 -35.2118 17.1563 -267.436 -35.2118 17.1563 -282.564 -35.2118 17.1563 -297.693 -35.2118 17.1563 -312.821 -35.2118 17.1563 -327.949 -35.2118 17.1563 -343.077 -35.2118 17.1563 -358.205 -35.2118 17.1563 -373.334 -35.2118 17.1563 -388.462 -35.2118 17.1563 -403.59 -35.2118 17.1563 -418.718 -35.2118 17.1563 -433.846 -35.2118 17.1563 -448.975 -35.2118 17.1563 -464.103 -35.2118 17.1563 -479.231 -35.2118 17.1563 -494.359 -35.2118 17.1563 -509.487 -35.2118 17.1563 -524.616 -35.2118 17.1563 -539.744 -35.2118 17.1563 -554.872 -35.2118 17.1563 4.87149 -35.875 16.8816 -10.2567 -35.875 16.8816 -25.3849 -35.875 16.8816 -40.5131 -35.875 16.8816 -55.6413 -35.875 16.8816 -70.7695 -35.875 16.8816 -85.8978 -35.875 16.8816 -101.026 -35.875 16.8816 -116.154 -35.875 16.8816 -131.282 -35.875 16.8816 -146.411 -35.875 16.8816 -161.539 -35.875 16.8816 -176.667 -35.875 16.8816 -191.795 -35.875 16.8816 -206.923 -35.875 16.8816 -222.052 -35.875 16.8816 -237.18 -35.875 16.8816 -252.308 -35.875 16.8816 -267.436 -35.875 16.8816 -282.564 -35.875 16.8816 -297.693 -35.875 16.8816 -312.821 -35.875 16.8816 -327.949 -35.875 16.8816 -343.077 -35.875 16.8816 -358.205 -35.875 16.8816 -373.334 -35.875 16.8816 -388.462 -35.875 16.8816 -403.59 -35.875 16.8816 -418.718 -35.875 16.8816 -433.846 -35.875 16.8816 -448.975 -35.875 16.8816 -464.103 -35.875 16.8816 -479.231 -35.875 16.8816 -494.359 -35.875 16.8816 -509.487 -35.875 16.8816 -524.616 -35.875 16.8816 -539.744 -35.875 16.8816 -554.872 -35.875 16.8816 4.87149 -36.4446 16.4446 -10.2567 -36.4446 16.4446 -25.3849 -36.4446 16.4446 -40.5131 -36.4446 16.4446 -55.6413 -36.4446 16.4446 -70.7695 -36.4446 16.4446 -85.8978 -36.4446 16.4446 -101.026 -36.4446 16.4446 -116.154 -36.4446 16.4446 -131.282 -36.4446 16.4446 -146.411 -36.4446 16.4446 -161.539 -36.4446 16.4446 -176.667 -36.4446 16.4446 -191.795 -36.4446 16.4446 -206.923 -36.4446 16.4446 -222.052 -36.4446 16.4446 -237.18 -36.4446 16.4446 -252.308 -36.4446 16.4446 -267.436 -36.4446 16.4446 -282.564 -36.4446 16.4446 -297.693 -36.4446 16.4446 -312.821 -36.4446 16.4446 -327.949 -36.4446 16.4446 -343.077 -36.4446 16.4446 -358.205 -36.4446 16.4446 -373.334 -36.4446 16.4446 -388.462 -36.4446 16.4446 -403.59 -36.4446 16.4446 -418.718 -36.4446 16.4446 -433.846 -36.4446 16.4446 -448.975 -36.4446 16.4446 -464.103 -36.4446 16.4446 -479.231 -36.4446 16.4446 -494.359 -36.4446 16.4446 -509.487 -36.4446 16.4446 -524.616 -36.4446 16.4446 -539.744 -36.4446 16.4446 -554.872 -36.4446 16.4446 4.87149 -36.8816 15.875 -10.2567 -36.8816 15.875 -25.3849 -36.8816 15.875 -40.5131 -36.8816 15.875 -55.6413 -36.8816 15.875 -70.7695 -36.8816 15.875 -85.8978 -36.8816 15.875 -101.026 -36.8816 15.875 -116.154 -36.8816 15.875 -131.282 -36.8816 15.875 -146.411 -36.8816 15.875 -161.539 -36.8816 15.875 -176.667 -36.8816 15.875 -191.795 -36.8816 15.875 -206.923 -36.8816 15.875 -222.052 -36.8816 15.875 -237.18 -36.8816 15.875 -252.308 -36.8816 15.875 -267.436 -36.8816 15.875 -282.564 -36.8816 15.875 -297.693 -36.8816 15.875 -312.821 -36.8816 15.875 -327.949 -36.8816 15.875 -343.077 -36.8816 15.875 -358.205 -36.8816 15.875 -373.334 -36.8816 15.875 -388.462 -36.8816 15.875 -403.59 -36.8816 15.875 -418.718 -36.8816 15.875 -433.846 -36.8816 15.875 -448.975 -36.8816 15.875 -464.103 -36.8816 15.875 -479.231 -36.8816 15.875 -494.359 -36.8816 15.875 -509.487 -36.8816 15.875 -524.616 -36.8816 15.875 -539.744 -36.8816 15.875 -554.872 -36.8816 15.875 4.87149 -37.1563 15.2118 -10.2567 -37.1563 15.2118 -25.3849 -37.1563 15.2118 -40.5131 -37.1563 15.2118 -55.6413 -37.1563 15.2118 -70.7695 -37.1563 15.2118 -85.8978 -37.1563 15.2118 -101.026 -37.1563 15.2118 -116.154 -37.1563 15.2118 -131.282 -37.1563 15.2118 -146.411 -37.1563 15.2118 -161.539 -37.1563 15.2118 -176.667 -37.1563 15.2118 -191.795 -37.1563 15.2118 -206.923 -37.1563 15.2118 -222.052 -37.1563 15.2118 -237.18 -37.1563 15.2118 -252.308 -37.1563 15.2118 -267.436 -37.1563 15.2118 -282.564 -37.1563 15.2118 -297.693 -37.1563 15.2118 -312.821 -37.1563 15.2118 -327.949 -37.1563 15.2118 -343.077 -37.1563 15.2118 -358.205 -37.1563 15.2118 -373.334 -37.1563 15.2118 -388.462 -37.1563 15.2118 -403.59 -37.1563 15.2118 -418.718 -37.1563 15.2118 -433.846 -37.1563 15.2118 -448.975 -37.1563 15.2118 -464.103 -37.1563 15.2118 -479.231 -37.1563 15.2118 -494.359 -37.1563 15.2118 -509.487 -37.1563 15.2118 -524.616 -37.1563 15.2118 -539.744 -37.1563 15.2118 -554.872 -37.1563 15.2118 -570 -38.5 14.5 -570 -38.5 8.00002 -570 -35.5 8.00002 -570 -1.50002 14.5 -570 -1.50002 8.00002 -570 -2.75002 14.5 -570 -5.50002 17.25 -570 -4.78827 17.1563 -570 -4.12502 16.8816 -570 -3.55548 16.4446 -570 -3.11845 15.875 -570 -2.84373 15.2118 4.87149 -2.84373 15.2118 -10.2567 -2.84373 15.2118 -25.3849 -2.84373 15.2118 -40.5131 -2.84373 15.2118 -55.6413 -2.84373 15.2118 -70.7695 -2.84373 15.2118 -85.8978 -2.84373 15.2118 -101.026 -2.84373 15.2118 -116.154 -2.84373 15.2118 -131.282 -2.84373 15.2118 -146.411 -2.84373 15.2118 -161.539 -2.84373 15.2118 -176.667 -2.84373 15.2118 -191.795 -2.84373 15.2118 -206.923 -2.84373 15.2118 -222.052 -2.84373 15.2118 -237.18 -2.84373 15.2118 -252.308 -2.84373 15.2118 -267.436 -2.84373 15.2118 -282.564 -2.84373 15.2118 -297.693 -2.84373 15.2118 -312.821 -2.84373 15.2118 -327.949 -2.84373 15.2118 -343.077 -2.84373 15.2118 -358.205 -2.84373 15.2118 -373.334 -2.84373 15.2118 -388.462 -2.84373 15.2118 -403.59 -2.84373 15.2118 -418.718 -2.84373 15.2118 -433.846 -2.84373 15.2118 -448.975 -2.84373 15.2118 -464.103 -2.84373 15.2118 -479.231 -2.84373 15.2118 -494.359 -2.84373 15.2118 -509.487 -2.84373 15.2118 -524.616 -2.84373 15.2118 -539.744 -2.84373 15.2118 -554.872 -2.84373 15.2118 4.87149 -3.11845 15.875 -10.2567 -3.11845 15.875 -25.3849 -3.11845 15.875 -40.5131 -3.11845 15.875 -55.6413 -3.11845 15.875 -70.7695 -3.11845 15.875 -85.8978 -3.11845 15.875 -101.026 -3.11845 15.875 -116.154 -3.11845 15.875 -131.282 -3.11845 15.875 -146.411 -3.11845 15.875 -161.539 -3.11845 15.875 -176.667 -3.11845 15.875 -191.795 -3.11845 15.875 -206.923 -3.11845 15.875 -222.052 -3.11845 15.875 -237.18 -3.11845 15.875 -252.308 -3.11845 15.875 -267.436 -3.11845 15.875 -282.564 -3.11845 15.875 -297.693 -3.11845 15.875 -312.821 -3.11845 15.875 -327.949 -3.11845 15.875 -343.077 -3.11845 15.875 -358.205 -3.11845 15.875 -373.334 -3.11845 15.875 -388.462 -3.11845 15.875 -403.59 -3.11845 15.875 -418.718 -3.11845 15.875 -433.846 -3.11845 15.875 -448.975 -3.11845 15.875 -464.103 -3.11845 15.875 -479.231 -3.11845 15.875 -494.359 -3.11845 15.875 -509.487 -3.11845 15.875 -524.616 -3.11845 15.875 -539.744 -3.11845 15.875 -554.872 -3.11845 15.875 4.87149 -3.55548 16.4446 -10.2567 -3.55548 16.4446 -25.3849 -3.55548 16.4446 -40.5131 -3.55548 16.4446 -55.6413 -3.55548 16.4446 -70.7695 -3.55548 16.4446 -85.8978 -3.55548 16.4446 -101.026 -3.55548 16.4446 -116.154 -3.55548 16.4446 -131.282 -3.55548 16.4446 -146.411 -3.55548 16.4446 -161.539 -3.55548 16.4446 -176.667 -3.55548 16.4446 -191.795 -3.55548 16.4446 -206.923 -3.55548 16.4446 -222.052 -3.55548 16.4446 -237.18 -3.55548 16.4446 -252.308 -3.55548 16.4446 -267.436 -3.55548 16.4446 -282.564 -3.55548 16.4446 -297.693 -3.55548 16.4446 -312.821 -3.55548 16.4446 -327.949 -3.55548 16.4446 -343.077 -3.55548 16.4446 -358.205 -3.55548 16.4446 -373.334 -3.55548 16.4446 -388.462 -3.55548 16.4446 -403.59 -3.55548 16.4446 -418.718 -3.55548 16.4446 -433.846 -3.55548 16.4446 -448.975 -3.55548 16.4446 -464.103 -3.55548 16.4446 -479.231 -3.55548 16.4446 -494.359 -3.55548 16.4446 -509.487 -3.55548 16.4446 -524.616 -3.55548 16.4446 -539.744 -3.55548 16.4446 -554.872 -3.55548 16.4446 4.87149 -4.12502 16.8816 -10.2567 -4.12502 16.8816 -25.3849 -4.12502 16.8816 -40.5131 -4.12502 16.8816 -55.6413 -4.12502 16.8816 -70.7695 -4.12502 16.8816 -85.8978 -4.12502 16.8816 -101.026 -4.12502 16.8816 -116.154 -4.12502 16.8816 -131.282 -4.12502 16.8816 -146.411 -4.12502 16.8816 -161.539 -4.12502 16.8816 -176.667 -4.12502 16.8816 -191.795 -4.12502 16.8816 -206.923 -4.12502 16.8816 -222.052 -4.12502 16.8816 -237.18 -4.12502 16.8816 -252.308 -4.12502 16.8816 -267.436 -4.12502 16.8816 -282.564 -4.12502 16.8816 -297.693 -4.12502 16.8816 -312.821 -4.12502 16.8816 -327.949 -4.12502 16.8816 -343.077 -4.12502 16.8816 -358.205 -4.12502 16.8816 -373.334 -4.12502 16.8816 -388.462 -4.12502 16.8816 -403.59 -4.12502 16.8816 -418.718 -4.12502 16.8816 -433.846 -4.12502 16.8816 -448.975 -4.12502 16.8816 -464.103 -4.12502 16.8816 -479.231 -4.12502 16.8816 -494.359 -4.12502 16.8816 -509.487 -4.12502 16.8816 -524.616 -4.12502 16.8816 -539.744 -4.12502 16.8816 -554.872 -4.12502 16.8816 4.87149 -4.78827 17.1563 -10.2567 -4.78827 17.1563 -25.3849 -4.78827 17.1563 -40.5131 -4.78827 17.1563 -55.6413 -4.78827 17.1563 -70.7695 -4.78827 17.1563 -85.8978 -4.78827 17.1563 -101.026 -4.78827 17.1563 -116.154 -4.78827 17.1563 -131.282 -4.78827 17.1563 -146.411 -4.78827 17.1563 -161.539 -4.78827 17.1563 -176.667 -4.78827 17.1563 -191.795 -4.78827 17.1563 -206.923 -4.78827 17.1563 -222.052 -4.78827 17.1563 -237.18 -4.78827 17.1563 -252.308 -4.78827 17.1563 -267.436 -4.78827 17.1563 -282.564 -4.78827 17.1563 -297.693 -4.78827 17.1563 -312.821 -4.78827 17.1563 -327.949 -4.78827 17.1563 -343.077 -4.78827 17.1563 -358.205 -4.78827 17.1563 -373.334 -4.78827 17.1563 -388.462 -4.78827 17.1563 -403.59 -4.78827 17.1563 -418.718 -4.78827 17.1563 -433.846 -4.78827 17.1563 -448.975 -4.78827 17.1563 -464.103 -4.78827 17.1563 -479.231 -4.78827 17.1563 -494.359 -4.78827 17.1563 -509.487 -4.78827 17.1563 -524.616 -4.78827 17.1563 -539.744 -4.78827 17.1563 -554.872 -4.78827 17.1563 -570 -5.50002 18.5 -570 -12 18.5 -570 -12 15.5 -570 -5.50002 -18.5 -570 -12 -18.5 -570 -5.50002 -17.25 -570 -2.75002 -14.5 -570 -2.84373 -15.2117 -570 -3.11845 -15.875 -570 -3.55548 -16.4445 -570 -4.12502 -16.8815 -570 -4.78827 -17.1563 4.87149 -4.78827 -17.1563 -10.2567 -4.78827 -17.1563 -25.3849 -4.78827 -17.1563 -40.5131 -4.78827 -17.1563 -55.6413 -4.78827 -17.1563 -70.7695 -4.78827 -17.1563 -85.8978 -4.78827 -17.1563 -101.026 -4.78827 -17.1563 -116.154 -4.78827 -17.1563 -131.282 -4.78827 -17.1563 -146.411 -4.78827 -17.1563 -161.539 -4.78827 -17.1563 -176.667 -4.78827 -17.1563 -191.795 -4.78827 -17.1563 -206.923 -4.78827 -17.1563 -222.052 -4.78827 -17.1563 -237.18 -4.78827 -17.1563 -252.308 -4.78827 -17.1563 -267.436 -4.78827 -17.1563 -282.564 -4.78827 -17.1563 -297.693 -4.78827 -17.1563 -312.821 -4.78827 -17.1563 -327.949 -4.78827 -17.1563 -343.077 -4.78827 -17.1563 -358.205 -4.78827 -17.1563 -373.334 -4.78827 -17.1563 -388.462 -4.78827 -17.1563 -403.59 -4.78827 -17.1563 -418.718 -4.78827 -17.1563 -433.846 -4.78827 -17.1563 -448.975 -4.78827 -17.1563 -464.103 -4.78827 -17.1563 -479.231 -4.78827 -17.1563 -494.359 -4.78827 -17.1563 -509.487 -4.78827 -17.1563 -524.616 -4.78827 -17.1563 -539.744 -4.78827 -17.1563 -554.872 -4.78827 -17.1563 4.87149 -4.12502 -16.8815 -10.2567 -4.12502 -16.8815 -25.3849 -4.12502 -16.8815 -40.5131 -4.12502 -16.8815 -55.6413 -4.12502 -16.8815 -70.7695 -4.12502 -16.8815 -85.8978 -4.12502 -16.8815 -101.026 -4.12502 -16.8815 -116.154 -4.12502 -16.8815 -131.282 -4.12502 -16.8815 -146.411 -4.12502 -16.8815 -161.539 -4.12502 -16.8815 -176.667 -4.12502 -16.8815 -191.795 -4.12502 -16.8815 -206.923 -4.12502 -16.8815 -222.052 -4.12502 -16.8815 -237.18 -4.12502 -16.8815 -252.308 -4.12502 -16.8815 -267.436 -4.12502 -16.8815 -282.564 -4.12502 -16.8815 -297.693 -4.12502 -16.8815 -312.821 -4.12502 -16.8815 -327.949 -4.12502 -16.8815 -343.077 -4.12502 -16.8815 -358.205 -4.12502 -16.8815 -373.334 -4.12502 -16.8815 -388.462 -4.12502 -16.8815 -403.59 -4.12502 -16.8815 -418.718 -4.12502 -16.8815 -433.846 -4.12502 -16.8815 -448.975 -4.12502 -16.8815 -464.103 -4.12502 -16.8815 -479.231 -4.12502 -16.8815 -494.359 -4.12502 -16.8815 -509.487 -4.12502 -16.8815 -524.616 -4.12502 -16.8815 -539.744 -4.12502 -16.8815 -554.872 -4.12502 -16.8815 4.87149 -3.55548 -16.4445 -10.2567 -3.55548 -16.4445 -25.3849 -3.55548 -16.4445 -40.5131 -3.55548 -16.4445 -55.6413 -3.55548 -16.4445 -70.7695 -3.55548 -16.4445 -85.8978 -3.55548 -16.4445 -101.026 -3.55548 -16.4445 -116.154 -3.55548 -16.4445 -131.282 -3.55548 -16.4445 -146.411 -3.55548 -16.4445 -161.539 -3.55548 -16.4445 -176.667 -3.55548 -16.4445 -191.795 -3.55548 -16.4445 -206.923 -3.55548 -16.4445 -222.052 -3.55548 -16.4445 -237.18 -3.55548 -16.4445 -252.308 -3.55548 -16.4445 -267.436 -3.55548 -16.4445 -282.564 -3.55548 -16.4445 -297.693 -3.55548 -16.4445 -312.821 -3.55548 -16.4445 -327.949 -3.55548 -16.4445 -343.077 -3.55548 -16.4445 -358.205 -3.55548 -16.4445 -373.334 -3.55548 -16.4445 -388.462 -3.55548 -16.4445 -403.59 -3.55548 -16.4445 -418.718 -3.55548 -16.4445 -433.846 -3.55548 -16.4445 -448.975 -3.55548 -16.4445 -464.103 -3.55548 -16.4445 -479.231 -3.55548 -16.4445 -494.359 -3.55548 -16.4445 -509.487 -3.55548 -16.4445 -524.616 -3.55548 -16.4445 -539.744 -3.55548 -16.4445 -554.872 -3.55548 -16.4445 4.87149 -3.11845 -15.875 -10.2567 -3.11845 -15.875 -25.3849 -3.11845 -15.875 -40.5131 -3.11845 -15.875 -55.6413 -3.11845 -15.875 -70.7695 -3.11845 -15.875 -85.8978 -3.11845 -15.875 -101.026 -3.11845 -15.875 -116.154 -3.11845 -15.875 -131.282 -3.11845 -15.875 -146.411 -3.11845 -15.875 -161.539 -3.11845 -15.875 -176.667 -3.11845 -15.875 -191.795 -3.11845 -15.875 -206.923 -3.11845 -15.875 -222.052 -3.11845 -15.875 -237.18 -3.11845 -15.875 -252.308 -3.11845 -15.875 -267.436 -3.11845 -15.875 -282.564 -3.11845 -15.875 -297.693 -3.11845 -15.875 -312.821 -3.11845 -15.875 -327.949 -3.11845 -15.875 -343.077 -3.11845 -15.875 -358.205 -3.11845 -15.875 -373.334 -3.11845 -15.875 -388.462 -3.11845 -15.875 -403.59 -3.11845 -15.875 -418.718 -3.11845 -15.875 -433.846 -3.11845 -15.875 -448.975 -3.11845 -15.875 -464.103 -3.11845 -15.875 -479.231 -3.11845 -15.875 -494.359 -3.11845 -15.875 -509.487 -3.11845 -15.875 -524.616 -3.11845 -15.875 -539.744 -3.11845 -15.875 -554.872 -3.11845 -15.875 4.87149 -2.84373 -15.2117 -10.2567 -2.84373 -15.2117 -25.3849 -2.84373 -15.2117 -40.5131 -2.84373 -15.2117 -55.6413 -2.84373 -15.2117 -70.7695 -2.84373 -15.2117 -85.8978 -2.84373 -15.2117 -101.026 -2.84373 -15.2117 -116.154 -2.84373 -15.2117 -131.282 -2.84373 -15.2117 -146.411 -2.84373 -15.2117 -161.539 -2.84373 -15.2117 -176.667 -2.84373 -15.2117 -191.795 -2.84373 -15.2117 -206.923 -2.84373 -15.2117 -222.052 -2.84373 -15.2117 -237.18 -2.84373 -15.2117 -252.308 -2.84373 -15.2117 -267.436 -2.84373 -15.2117 -282.564 -2.84373 -15.2117 -297.693 -2.84373 -15.2117 -312.821 -2.84373 -15.2117 -327.949 -2.84373 -15.2117 -343.077 -2.84373 -15.2117 -358.205 -2.84373 -15.2117 -373.334 -2.84373 -15.2117 -388.462 -2.84373 -15.2117 -403.59 -2.84373 -15.2117 -418.718 -2.84373 -15.2117 -433.846 -2.84373 -15.2117 -448.975 -2.84373 -15.2117 -464.103 -2.84373 -15.2117 -479.231 -2.84373 -15.2117 -494.359 -2.84373 -15.2117 -509.487 -2.84373 -15.2117 -524.616 -2.84373 -15.2117 -539.744 -2.84373 -15.2117 -554.872 -2.84373 -15.2117 -570 -1.50002 -14.5 -570 -1.50002 -7.99998 -570 -4.50002 -7.99998 -570 -38.5 -14.5 -570 -38.5 -7.99998 -570 -37.25 -14.5 -570 -34.5 -17.25 -570 -35.2118 -17.1563 -570 -35.875 -16.8815 -570 -36.4446 -16.4445 -570 -36.8816 -15.875 -570 -37.1563 -15.2117 4.87149 -37.1563 -15.2117 -10.2567 -37.1563 -15.2117 -25.3849 -37.1563 -15.2117 -40.5131 -37.1563 -15.2117 -55.6413 -37.1563 -15.2117 -70.7695 -37.1563 -15.2117 -85.8978 -37.1563 -15.2117 -101.026 -37.1563 -15.2117 -116.154 -37.1563 -15.2117 -131.282 -37.1563 -15.2117 -146.411 -37.1563 -15.2117 -161.539 -37.1563 -15.2117 -176.667 -37.1563 -15.2117 -191.795 -37.1563 -15.2117 -206.923 -37.1563 -15.2117 -222.052 -37.1563 -15.2117 -237.18 -37.1563 -15.2117 -252.308 -37.1563 -15.2117 -267.436 -37.1563 -15.2117 -282.564 -37.1563 -15.2117 -297.693 -37.1563 -15.2117 -312.821 -37.1563 -15.2117 -327.949 -37.1563 -15.2117 -343.077 -37.1563 -15.2117 -358.205 -37.1563 -15.2117 -373.334 -37.1563 -15.2117 -388.462 -37.1563 -15.2117 -403.59 -37.1563 -15.2117 -418.718 -37.1563 -15.2117 -433.846 -37.1563 -15.2117 -448.975 -37.1563 -15.2117 -464.103 -37.1563 -15.2117 -479.231 -37.1563 -15.2117 -494.359 -37.1563 -15.2117 -509.487 -37.1563 -15.2117 -524.616 -37.1563 -15.2117 -539.744 -37.1563 -15.2117 -554.872 -37.1563 -15.2117 4.87149 -36.8816 -15.875 -10.2567 -36.8816 -15.875 -25.3849 -36.8816 -15.875 -40.5131 -36.8816 -15.875 -55.6413 -36.8816 -15.875 -70.7695 -36.8816 -15.875 -85.8978 -36.8816 -15.875 -101.026 -36.8816 -15.875 -116.154 -36.8816 -15.875 -131.282 -36.8816 -15.875 -146.411 -36.8816 -15.875 -161.539 -36.8816 -15.875 -176.667 -36.8816 -15.875 -191.795 -36.8816 -15.875 -206.923 -36.8816 -15.875 -222.052 -36.8816 -15.875 -237.18 -36.8816 -15.875 -252.308 -36.8816 -15.875 -267.436 -36.8816 -15.875 -282.564 -36.8816 -15.875 -297.693 -36.8816 -15.875 -312.821 -36.8816 -15.875 -327.949 -36.8816 -15.875 -343.077 -36.8816 -15.875 -358.205 -36.8816 -15.875 -373.334 -36.8816 -15.875 -388.462 -36.8816 -15.875 -403.59 -36.8816 -15.875 -418.718 -36.8816 -15.875 -433.846 -36.8816 -15.875 -448.975 -36.8816 -15.875 -464.103 -36.8816 -15.875 -479.231 -36.8816 -15.875 -494.359 -36.8816 -15.875 -509.487 -36.8816 -15.875 -524.616 -36.8816 -15.875 -539.744 -36.8816 -15.875 -554.872 -36.8816 -15.875 4.87149 -36.4446 -16.4445 -10.2567 -36.4446 -16.4445 -25.3849 -36.4446 -16.4445 -40.5131 -36.4446 -16.4445 -55.6413 -36.4446 -16.4445 -70.7695 -36.4446 -16.4445 -85.8978 -36.4446 -16.4445 -101.026 -36.4446 -16.4445 -116.154 -36.4446 -16.4445 -131.282 -36.4446 -16.4445 -146.411 -36.4446 -16.4445 -161.539 -36.4446 -16.4445 -176.667 -36.4446 -16.4445 -191.795 -36.4446 -16.4445 -206.923 -36.4446 -16.4445 -222.052 -36.4446 -16.4445 -237.18 -36.4446 -16.4445 -252.308 -36.4446 -16.4445 -267.436 -36.4446 -16.4445 -282.564 -36.4446 -16.4445 -297.693 -36.4446 -16.4445 -312.821 -36.4446 -16.4445 -327.949 -36.4446 -16.4445 -343.077 -36.4446 -16.4445 -358.205 -36.4446 -16.4445 -373.334 -36.4446 -16.4445 -388.462 -36.4446 -16.4445 -403.59 -36.4446 -16.4445 -418.718 -36.4446 -16.4445 -433.846 -36.4446 -16.4445 -448.975 -36.4446 -16.4445 -464.103 -36.4446 -16.4445 -479.231 -36.4446 -16.4445 -494.359 -36.4446 -16.4445 -509.487 -36.4446 -16.4445 -524.616 -36.4446 -16.4445 -539.744 -36.4446 -16.4445 -554.872 -36.4446 -16.4445 4.87149 -35.875 -16.8815 -10.2567 -35.875 -16.8815 -25.3849 -35.875 -16.8815 -40.5131 -35.875 -16.8815 -55.6413 -35.875 -16.8815 -70.7695 -35.875 -16.8815 -85.8978 -35.875 -16.8815 -101.026 -35.875 -16.8815 -116.154 -35.875 -16.8815 -131.282 -35.875 -16.8815 -146.411 -35.875 -16.8815 -161.539 -35.875 -16.8815 -176.667 -35.875 -16.8815 -191.795 -35.875 -16.8815 -206.923 -35.875 -16.8815 -222.052 -35.875 -16.8815 -237.18 -35.875 -16.8815 -252.308 -35.875 -16.8815 -267.436 -35.875 -16.8815 -282.564 -35.875 -16.8815 -297.693 -35.875 -16.8815 -312.821 -35.875 -16.8815 -327.949 -35.875 -16.8815 -343.077 -35.875 -16.8815 -358.205 -35.875 -16.8815 -373.334 -35.875 -16.8815 -388.462 -35.875 -16.8815 -403.59 -35.875 -16.8815 -418.718 -35.875 -16.8815 -433.846 -35.875 -16.8815 -448.975 -35.875 -16.8815 -464.103 -35.875 -16.8815 -479.231 -35.875 -16.8815 -494.359 -35.875 -16.8815 -509.487 -35.875 -16.8815 -524.616 -35.875 -16.8815 -539.744 -35.875 -16.8815 -554.872 -35.875 -16.8815 4.87149 -35.2118 -17.1563 -10.2567 -35.2118 -17.1563 -25.3849 -35.2118 -17.1563 -40.5131 -35.2118 -17.1563 -55.6413 -35.2118 -17.1563 -70.7695 -35.2118 -17.1563 -85.8978 -35.2118 -17.1563 -101.026 -35.2118 -17.1563 -116.154 -35.2118 -17.1563 -131.282 -35.2118 -17.1563 -146.411 -35.2118 -17.1563 -161.539 -35.2118 -17.1563 -176.667 -35.2118 -17.1563 -191.795 -35.2118 -17.1563 -206.923 -35.2118 -17.1563 -222.052 -35.2118 -17.1563 -237.18 -35.2118 -17.1563 -252.308 -35.2118 -17.1563 -267.436 -35.2118 -17.1563 -282.564 -35.2118 -17.1563 -297.693 -35.2118 -17.1563 -312.821 -35.2118 -17.1563 -327.949 -35.2118 -17.1563 -343.077 -35.2118 -17.1563 -358.205 -35.2118 -17.1563 -373.334 -35.2118 -17.1563 -388.462 -35.2118 -17.1563 -403.59 -35.2118 -17.1563 -418.718 -35.2118 -17.1563 -433.846 -35.2118 -17.1563 -448.975 -35.2118 -17.1563 -464.103 -35.2118 -17.1563 -479.231 -35.2118 -17.1563 -494.359 -35.2118 -17.1563 -509.487 -35.2118 -17.1563 -524.616 -35.2118 -17.1563 -539.744 -35.2118 -17.1563 -554.872 -35.2118 -17.1563 -570 -34.5 -18.5 -570 -28 -18.5 -570 -28 -15.5 -570 -9.95002 14 -570 -9.95002 11.4642 -570 -15 14 -570 -15 18.5 -570 -14.2 18.5 -570 -14.2 20 -570 -3.00002 20 -570 -2.09808e-05 17 -570 -0.102243 17.7765 -570 -0.401944 18.5 -570 -0.8787 19.1213 -570 -1.50002 19.5981 -570 -2.22356 19.8978 3.14255 -2.22356 19.8978 -13.7146 -2.22356 19.8978 -30.5717 -2.22356 19.8978 -47.4289 -2.22356 19.8978 -64.286 -2.22356 19.8978 -81.1432 -2.22356 19.8978 -98.0003 -2.22356 19.8978 -114.857 -2.22356 19.8978 -131.715 -2.22356 19.8978 -148.572 -2.22356 19.8978 -165.429 -2.22356 19.8978 -182.286 -2.22356 19.8978 -199.143 -2.22356 19.8978 -216 -2.22356 19.8978 -232.857 -2.22356 19.8978 -249.715 -2.22356 19.8978 -266.572 -2.22356 19.8978 -283.429 -2.22356 19.8978 -300.286 -2.22356 19.8978 -317.143 -2.22356 19.8978 -334 -2.22356 19.8978 -350.857 -2.22356 19.8978 -367.715 -2.22356 19.8978 -384.572 -2.22356 19.8978 -401.429 -2.22356 19.8978 -418.286 -2.22356 19.8978 -435.143 -2.22356 19.8978 -452 -2.22356 19.8978 -468.857 -2.22356 19.8978 -485.715 -2.22356 19.8978 -502.572 -2.22356 19.8978 -519.429 -2.22356 19.8978 -536.286 -2.22356 19.8978 -553.143 -2.22356 19.8978 3.14255 -1.50002 19.5981 -13.7146 -1.50002 19.5981 -30.5717 -1.50002 19.5981 -47.4289 -1.50002 19.5981 -64.286 -1.50002 19.5981 -81.1432 -1.50002 19.5981 -98.0003 -1.50002 19.5981 -114.857 -1.50002 19.5981 -131.715 -1.50002 19.5981 -148.572 -1.50002 19.5981 -165.429 -1.50002 19.5981 -182.286 -1.50002 19.5981 -199.143 -1.50002 19.5981 -216 -1.50002 19.5981 -232.857 -1.50002 19.5981 -249.715 -1.50002 19.5981 -266.572 -1.50002 19.5981 -283.429 -1.50002 19.5981 -300.286 -1.50002 19.5981 -317.143 -1.50002 19.5981 -334 -1.50002 19.5981 -350.857 -1.50002 19.5981 -367.715 -1.50002 19.5981 -384.572 -1.50002 19.5981 -401.429 -1.50002 19.5981 -418.286 -1.50002 19.5981 -435.143 -1.50002 19.5981 -452 -1.50002 19.5981 -468.857 -1.50002 19.5981 -485.715 -1.50002 19.5981 -502.572 -1.50002 19.5981 -519.429 -1.50002 19.5981 -536.286 -1.50002 19.5981 -553.143 -1.50002 19.5981 3.14255 -0.8787 19.1213 -13.7146 -0.8787 19.1213 -30.5717 -0.8787 19.1213 -47.4289 -0.8787 19.1213 -64.286 -0.8787 19.1213 -81.1432 -0.8787 19.1213 -98.0003 -0.8787 19.1213 -114.857 -0.8787 19.1213 -131.715 -0.8787 19.1213 -148.572 -0.8787 19.1213 -165.429 -0.8787 19.1213 -182.286 -0.8787 19.1213 -199.143 -0.8787 19.1213 -216 -0.8787 19.1213 -232.857 -0.8787 19.1213 -249.715 -0.8787 19.1213 -266.572 -0.8787 19.1213 -283.429 -0.8787 19.1213 -300.286 -0.8787 19.1213 -317.143 -0.8787 19.1213 -334 -0.8787 19.1213 -350.857 -0.8787 19.1213 -367.715 -0.8787 19.1213 -384.572 -0.8787 19.1213 -401.429 -0.8787 19.1213 -418.286 -0.8787 19.1213 -435.143 -0.8787 19.1213 -452 -0.8787 19.1213 -468.857 -0.8787 19.1213 -485.715 -0.8787 19.1213 -502.572 -0.8787 19.1213 -519.429 -0.8787 19.1213 -536.286 -0.8787 19.1213 -553.143 -0.8787 19.1213 3.14255 -0.401944 18.5 -13.7146 -0.401944 18.5 -30.5717 -0.401944 18.5 -47.4289 -0.401944 18.5 -64.286 -0.401944 18.5 -81.1432 -0.401944 18.5 -98.0003 -0.401944 18.5 -114.857 -0.401944 18.5 -131.715 -0.401944 18.5 -148.572 -0.401944 18.5 -165.429 -0.401944 18.5 -182.286 -0.401944 18.5 -199.143 -0.401944 18.5 -216 -0.401944 18.5 -232.857 -0.401944 18.5 -249.715 -0.401944 18.5 -266.572 -0.401944 18.5 -283.429 -0.401944 18.5 -300.286 -0.401944 18.5 -317.143 -0.401944 18.5 -334 -0.401944 18.5 -350.857 -0.401944 18.5 -367.715 -0.401944 18.5 -384.572 -0.401944 18.5 -401.429 -0.401944 18.5 -418.286 -0.401944 18.5 -435.143 -0.401944 18.5 -452 -0.401944 18.5 -468.857 -0.401944 18.5 -485.715 -0.401944 18.5 -502.572 -0.401944 18.5 -519.429 -0.401944 18.5 -536.286 -0.401944 18.5 -553.143 -0.401944 18.5 3.14255 -0.102243 17.7765 -13.7146 -0.102243 17.7765 -30.5717 -0.102243 17.7765 -47.4289 -0.102243 17.7765 -64.286 -0.102243 17.7765 -81.1432 -0.102243 17.7765 -98.0003 -0.102243 17.7765 -114.857 -0.102243 17.7765 -131.715 -0.102243 17.7765 -148.572 -0.102243 17.7765 -165.429 -0.102243 17.7765 -182.286 -0.102243 17.7765 -199.143 -0.102243 17.7765 -216 -0.102243 17.7765 -232.857 -0.102243 17.7765 -249.715 -0.102243 17.7765 -266.572 -0.102243 17.7765 -283.429 -0.102243 17.7765 -300.286 -0.102243 17.7765 -317.143 -0.102243 17.7765 -334 -0.102243 17.7765 -350.857 -0.102243 17.7765 -367.715 -0.102243 17.7765 -384.572 -0.102243 17.7765 -401.429 -0.102243 17.7765 -418.286 -0.102243 17.7765 -435.143 -0.102243 17.7765 -452 -0.102243 17.7765 -468.857 -0.102243 17.7765 -485.715 -0.102243 17.7765 -502.572 -0.102243 17.7765 -519.429 -0.102243 17.7765 -536.286 -0.102243 17.7765 -553.143 -0.102243 17.7765 -570 -2.09808e-05 5.80002 -570 -1.50002 5.80002 -570 -1.50002 5.00002 -570 -6.00002 5.00002 -570 -6.00002 10.05 -570 -8.53581 10.05 -570 -12.5 6.0858 -570 -12.5 -6.08577 -570 -8.53581 -10.05 -570 -6.00002 -10.05 -570 -6.00002 -4.99998 -570 -1.50002 -4.99998 -570 -1.50002 -5.79998 -570 -2.09808e-05 -5.79998 -570 -2.09808e-05 -17 -570 -3.00002 -20 -570 -2.22356 -19.8978 -570 -1.50002 -19.5981 -570 -0.8787 -19.1213 -570 -0.401944 -18.5 -570 -0.102243 -17.7764 3.14255 -0.102243 -17.7764 -13.7146 -0.102243 -17.7764 -30.5717 -0.102243 -17.7764 -47.4289 -0.102243 -17.7764 -64.286 -0.102243 -17.7764 -81.1432 -0.102243 -17.7764 -98.0003 -0.102243 -17.7764 -114.857 -0.102243 -17.7764 -131.715 -0.102243 -17.7764 -148.572 -0.102243 -17.7764 -165.429 -0.102243 -17.7764 -182.286 -0.102243 -17.7764 -199.143 -0.102243 -17.7764 -216 -0.102243 -17.7764 -232.857 -0.102243 -17.7764 -249.715 -0.102243 -17.7764 -266.572 -0.102243 -17.7764 -283.429 -0.102243 -17.7764 -300.286 -0.102243 -17.7764 -317.143 -0.102243 -17.7764 -334 -0.102243 -17.7764 -350.857 -0.102243 -17.7764 -367.715 -0.102243 -17.7764 -384.572 -0.102243 -17.7764 -401.429 -0.102243 -17.7764 -418.286 -0.102243 -17.7764 -435.143 -0.102243 -17.7764 -452 -0.102243 -17.7764 -468.857 -0.102243 -17.7764 -485.715 -0.102243 -17.7764 -502.572 -0.102243 -17.7764 -519.429 -0.102243 -17.7764 -536.286 -0.102243 -17.7764 -553.143 -0.102243 -17.7764 3.14255 -0.401944 -18.5 -13.7146 -0.401944 -18.5 -30.5717 -0.401944 -18.5 -47.4289 -0.401944 -18.5 -64.286 -0.401944 -18.5 -81.1432 -0.401944 -18.5 -98.0003 -0.401944 -18.5 -114.857 -0.401944 -18.5 -131.715 -0.401944 -18.5 -148.572 -0.401944 -18.5 -165.429 -0.401944 -18.5 -182.286 -0.401944 -18.5 -199.143 -0.401944 -18.5 -216 -0.401944 -18.5 -232.857 -0.401944 -18.5 -249.715 -0.401944 -18.5 -266.572 -0.401944 -18.5 -283.429 -0.401944 -18.5 -300.286 -0.401944 -18.5 -317.143 -0.401944 -18.5 -334 -0.401944 -18.5 -350.857 -0.401944 -18.5 -367.715 -0.401944 -18.5 -384.572 -0.401944 -18.5 -401.429 -0.401944 -18.5 -418.286 -0.401944 -18.5 -435.143 -0.401944 -18.5 -452 -0.401944 -18.5 -468.857 -0.401944 -18.5 -485.715 -0.401944 -18.5 -502.572 -0.401944 -18.5 -519.429 -0.401944 -18.5 -536.286 -0.401944 -18.5 -553.143 -0.401944 -18.5 3.14255 -0.8787 -19.1213 -13.7146 -0.8787 -19.1213 -30.5717 -0.8787 -19.1213 -47.4289 -0.8787 -19.1213 -64.286 -0.8787 -19.1213 -81.1432 -0.8787 -19.1213 -98.0003 -0.8787 -19.1213 -114.857 -0.8787 -19.1213 -131.715 -0.8787 -19.1213 -148.572 -0.8787 -19.1213 -165.429 -0.8787 -19.1213 -182.286 -0.8787 -19.1213 -199.143 -0.8787 -19.1213 -216 -0.8787 -19.1213 -232.857 -0.8787 -19.1213 -249.715 -0.8787 -19.1213 -266.572 -0.8787 -19.1213 -283.429 -0.8787 -19.1213 -300.286 -0.8787 -19.1213 -317.143 -0.8787 -19.1213 -334 -0.8787 -19.1213 -350.857 -0.8787 -19.1213 -367.715 -0.8787 -19.1213 -384.572 -0.8787 -19.1213 -401.429 -0.8787 -19.1213 -418.286 -0.8787 -19.1213 -435.143 -0.8787 -19.1213 -452 -0.8787 -19.1213 -468.857 -0.8787 -19.1213 -485.715 -0.8787 -19.1213 -502.572 -0.8787 -19.1213 -519.429 -0.8787 -19.1213 -536.286 -0.8787 -19.1213 -553.143 -0.8787 -19.1213 3.14255 -1.50002 -19.5981 -13.7146 -1.50002 -19.5981 -30.5717 -1.50002 -19.5981 -47.4289 -1.50002 -19.5981 -64.286 -1.50002 -19.5981 -81.1432 -1.50002 -19.5981 -98.0003 -1.50002 -19.5981 -114.857 -1.50002 -19.5981 -131.715 -1.50002 -19.5981 -148.572 -1.50002 -19.5981 -165.429 -1.50002 -19.5981 -182.286 -1.50002 -19.5981 -199.143 -1.50002 -19.5981 -216 -1.50002 -19.5981 -232.857 -1.50002 -19.5981 -249.715 -1.50002 -19.5981 -266.572 -1.50002 -19.5981 -283.429 -1.50002 -19.5981 -300.286 -1.50002 -19.5981 -317.143 -1.50002 -19.5981 -334 -1.50002 -19.5981 -350.857 -1.50002 -19.5981 -367.715 -1.50002 -19.5981 -384.572 -1.50002 -19.5981 -401.429 -1.50002 -19.5981 -418.286 -1.50002 -19.5981 -435.143 -1.50002 -19.5981 -452 -1.50002 -19.5981 -468.857 -1.50002 -19.5981 -485.715 -1.50002 -19.5981 -502.572 -1.50002 -19.5981 -519.429 -1.50002 -19.5981 -536.286 -1.50002 -19.5981 -553.143 -1.50002 -19.5981 3.14255 -2.22356 -19.8978 -13.7146 -2.22356 -19.8978 -30.5717 -2.22356 -19.8978 -47.4289 -2.22356 -19.8978 -64.286 -2.22356 -19.8978 -81.1432 -2.22356 -19.8978 -98.0003 -2.22356 -19.8978 -114.857 -2.22356 -19.8978 -131.715 -2.22356 -19.8978 -148.572 -2.22356 -19.8978 -165.429 -2.22356 -19.8978 -182.286 -2.22356 -19.8978 -199.143 -2.22356 -19.8978 -216 -2.22356 -19.8978 -232.857 -2.22356 -19.8978 -249.715 -2.22356 -19.8978 -266.572 -2.22356 -19.8978 -283.429 -2.22356 -19.8978 -300.286 -2.22356 -19.8978 -317.143 -2.22356 -19.8978 -334 -2.22356 -19.8978 -350.857 -2.22356 -19.8978 -367.715 -2.22356 -19.8978 -384.572 -2.22356 -19.8978 -401.429 -2.22356 -19.8978 -418.286 -2.22356 -19.8978 -435.143 -2.22356 -19.8978 -452 -2.22356 -19.8978 -468.857 -2.22356 -19.8978 -485.715 -2.22356 -19.8978 -502.572 -2.22356 -19.8978 -519.429 -2.22356 -19.8978 -536.286 -2.22356 -19.8978 -553.143 -2.22356 -19.8978 -570 -14.2 -20 -570 -14.2 -18.5 -570 -15 -18.5 -570 -15 -14 -570 -9.95002 -14 -570 -9.95002 -11.4642 -570 -13.9142 -7.49998 -570 -26.0858 -7.49998 -570 -30.05 -11.4642 -570 -14.8 -2.261 -570 -14.8 -5.19998 -570 -22.261 -5.19998 -570 -25.2 -5.19998 -570 -24.5853 -1.99372 -570 -24.8952 -1.01819 -570 -25 1.95503e-05 -570 -24.8952 1.01823 -1.85214 -24.8952 1.01823 -23.704 -24.8952 1.01823 -45.5559 -24.8952 1.01823 -67.4077 -24.8952 1.01823 -89.2596 -24.8952 1.01823 -111.111 -24.8952 1.01823 -132.963 -24.8952 1.01823 -154.815 -24.8952 1.01823 -176.667 -24.8952 1.01823 -198.519 -24.8952 1.01823 -220.371 -24.8952 1.01823 -242.223 -24.8952 1.01823 -264.074 -24.8952 1.01823 -285.926 -24.8952 1.01823 -307.778 -24.8952 1.01823 -329.63 -24.8952 1.01823 -351.482 -24.8952 1.01823 -373.334 -24.8952 1.01823 -395.185 -24.8952 1.01823 -417.037 -24.8952 1.01823 -438.889 -24.8952 1.01823 -460.741 -24.8952 1.01823 -482.593 -24.8952 1.01823 -504.445 -24.8952 1.01823 -526.297 -24.8952 1.01823 -548.148 -24.8952 1.01823 -1.85214 -25 1.95503e-05 -23.704 -25 1.95503e-05 -45.5559 -25 1.95503e-05 -67.4077 -25 1.95503e-05 -89.2596 -25 1.95503e-05 -111.111 -25 1.95503e-05 -132.963 -25 1.95503e-05 -154.815 -25 1.95503e-05 -176.667 -25 1.95503e-05 -198.519 -25 1.95503e-05 -220.371 -25 1.95503e-05 -242.223 -25 1.95503e-05 -264.074 -25 1.95503e-05 -285.926 -25 1.95503e-05 -307.778 -25 1.95503e-05 -329.63 -25 1.95503e-05 -351.482 -25 1.95503e-05 -373.334 -25 1.95503e-05 -395.185 -25 1.95503e-05 -417.037 -25 1.95503e-05 -438.889 -25 1.95503e-05 -460.741 -25 1.95503e-05 -482.593 -25 1.95503e-05 -504.445 -25 1.95503e-05 -526.297 -25 1.95503e-05 -548.148 -25 1.95503e-05 -1.85214 -24.8952 -1.01819 -23.704 -24.8952 -1.01819 -45.5559 -24.8952 -1.01819 -67.4077 -24.8952 -1.01819 -89.2596 -24.8952 -1.01819 -111.111 -24.8952 -1.01819 -132.963 -24.8952 -1.01819 -154.815 -24.8952 -1.01819 -176.667 -24.8952 -1.01819 -198.519 -24.8952 -1.01819 -220.371 -24.8952 -1.01819 -242.223 -24.8952 -1.01819 -264.074 -24.8952 -1.01819 -285.926 -24.8952 -1.01819 -307.778 -24.8952 -1.01819 -329.63 -24.8952 -1.01819 -351.482 -24.8952 -1.01819 -373.334 -24.8952 -1.01819 -395.185 -24.8952 -1.01819 -417.037 -24.8952 -1.01819 -438.889 -24.8952 -1.01819 -460.741 -24.8952 -1.01819 -482.593 -24.8952 -1.01819 -504.445 -24.8952 -1.01819 -526.297 -24.8952 -1.01819 -548.148 -24.8952 -1.01819 -570 -21.9938 -4.58528 -570 -18.0063 -4.58528 -570 -18.9818 -4.89521 -570 -20 -4.99998 -570 -21.0182 -4.89521 -1.85214 -21.0182 -4.89521 -23.704 -21.0182 -4.89521 -45.5559 -21.0182 -4.89521 -67.4077 -21.0182 -4.89521 -89.2596 -21.0182 -4.89521 -111.111 -21.0182 -4.89521 -132.963 -21.0182 -4.89521 -154.815 -21.0182 -4.89521 -176.667 -21.0182 -4.89521 -198.519 -21.0182 -4.89521 -220.371 -21.0182 -4.89521 -242.223 -21.0182 -4.89521 -264.074 -21.0182 -4.89521 -285.926 -21.0182 -4.89521 -307.778 -21.0182 -4.89521 -329.63 -21.0182 -4.89521 -351.482 -21.0182 -4.89521 -373.334 -21.0182 -4.89521 -395.185 -21.0182 -4.89521 -417.037 -21.0182 -4.89521 -438.889 -21.0182 -4.89521 -460.741 -21.0182 -4.89521 -482.593 -21.0182 -4.89521 -504.445 -21.0182 -4.89521 -526.297 -21.0182 -4.89521 -548.148 -21.0182 -4.89521 -1.85214 -20 -4.99998 -23.704 -20 -4.99998 -45.5559 -20 -4.99998 -67.4077 -20 -4.99998 -89.2596 -20 -4.99998 -111.111 -20 -4.99998 -132.963 -20 -4.99998 -154.815 -20 -4.99998 -176.667 -20 -4.99998 -198.519 -20 -4.99998 -220.371 -20 -4.99998 -242.223 -20 -4.99998 -264.074 -20 -4.99998 -285.926 -20 -4.99998 -307.778 -20 -4.99998 -329.63 -20 -4.99998 -351.482 -20 -4.99998 -373.334 -20 -4.99998 -395.185 -20 -4.99998 -417.037 -20 -4.99998 -438.889 -20 -4.99998 -460.741 -20 -4.99998 -482.593 -20 -4.99998 -504.445 -20 -4.99998 -526.297 -20 -4.99998 -548.148 -20 -4.99998 -1.85214 -18.9818 -4.89521 -23.704 -18.9818 -4.89521 -45.5559 -18.9818 -4.89521 -67.4077 -18.9818 -4.89521 -89.2596 -18.9818 -4.89521 -111.111 -18.9818 -4.89521 -132.963 -18.9818 -4.89521 -154.815 -18.9818 -4.89521 -176.667 -18.9818 -4.89521 -198.519 -18.9818 -4.89521 -220.371 -18.9818 -4.89521 -242.223 -18.9818 -4.89521 -264.074 -18.9818 -4.89521 -285.926 -18.9818 -4.89521 -307.778 -18.9818 -4.89521 -329.63 -18.9818 -4.89521 -351.482 -18.9818 -4.89521 -373.334 -18.9818 -4.89521 -395.185 -18.9818 -4.89521 -417.037 -18.9818 -4.89521 -438.889 -18.9818 -4.89521 -460.741 -18.9818 -4.89521 -482.593 -18.9818 -4.89521 -504.445 -18.9818 -4.89521 -526.297 -18.9818 -4.89521 -548.148 -18.9818 -4.89521 -570 -35.5 -7.99998 -570 -35.5 -11.75 -570 -34.5 -11.75 -570 -33.7883 -11.8437 -570 -33.125 -12.1184 -570 -32.5555 -12.5554 -570 -32.1185 -13.125 -570 -31.8437 -13.7882 -570 -31.75 -14.5 4.87149 -31.8437 -13.7882 -10.2567 -31.8437 -13.7882 -25.3849 -31.8437 -13.7882 -40.5131 -31.8437 -13.7882 -55.6413 -31.8437 -13.7882 -70.7695 -31.8437 -13.7882 -85.8978 -31.8437 -13.7882 -101.026 -31.8437 -13.7882 -116.154 -31.8437 -13.7882 -131.282 -31.8437 -13.7882 -146.411 -31.8437 -13.7882 -161.539 -31.8437 -13.7882 -176.667 -31.8437 -13.7882 -191.795 -31.8437 -13.7882 -206.923 -31.8437 -13.7882 -222.052 -31.8437 -13.7882 -237.18 -31.8437 -13.7882 -252.308 -31.8437 -13.7882 -267.436 -31.8437 -13.7882 -282.564 -31.8437 -13.7882 -297.693 -31.8437 -13.7882 -312.821 -31.8437 -13.7882 -327.949 -31.8437 -13.7882 -343.077 -31.8437 -13.7882 -358.205 -31.8437 -13.7882 -373.334 -31.8437 -13.7882 -388.462 -31.8437 -13.7882 -403.59 -31.8437 -13.7882 -418.718 -31.8437 -13.7882 -433.846 -31.8437 -13.7882 -448.975 -31.8437 -13.7882 -464.103 -31.8437 -13.7882 -479.231 -31.8437 -13.7882 -494.359 -31.8437 -13.7882 -509.487 -31.8437 -13.7882 -524.616 -31.8437 -13.7882 -539.744 -31.8437 -13.7882 -554.872 -31.8437 -13.7882 4.87149 -32.1185 -13.125 -10.2567 -32.1185 -13.125 -25.3849 -32.1185 -13.125 -40.5131 -32.1185 -13.125 -55.6413 -32.1185 -13.125 -70.7695 -32.1185 -13.125 -85.8978 -32.1185 -13.125 -101.026 -32.1185 -13.125 -116.154 -32.1185 -13.125 -131.282 -32.1185 -13.125 -146.411 -32.1185 -13.125 -161.539 -32.1185 -13.125 -176.667 -32.1185 -13.125 -191.795 -32.1185 -13.125 -206.923 -32.1185 -13.125 -222.052 -32.1185 -13.125 -237.18 -32.1185 -13.125 -252.308 -32.1185 -13.125 -267.436 -32.1185 -13.125 -282.564 -32.1185 -13.125 -297.693 -32.1185 -13.125 -312.821 -32.1185 -13.125 -327.949 -32.1185 -13.125 -343.077 -32.1185 -13.125 -358.205 -32.1185 -13.125 -373.334 -32.1185 -13.125 -388.462 -32.1185 -13.125 -403.59 -32.1185 -13.125 -418.718 -32.1185 -13.125 -433.846 -32.1185 -13.125 -448.975 -32.1185 -13.125 -464.103 -32.1185 -13.125 -479.231 -32.1185 -13.125 -494.359 -32.1185 -13.125 -509.487 -32.1185 -13.125 -524.616 -32.1185 -13.125 -539.744 -32.1185 -13.125 -554.872 -32.1185 -13.125 4.87149 -32.5555 -12.5554 -10.2567 -32.5555 -12.5554 -25.3849 -32.5555 -12.5554 -40.5131 -32.5555 -12.5554 -55.6413 -32.5555 -12.5554 -70.7695 -32.5555 -12.5554 -85.8978 -32.5555 -12.5554 -101.026 -32.5555 -12.5554 -116.154 -32.5555 -12.5554 -131.282 -32.5555 -12.5554 -146.411 -32.5555 -12.5554 -161.539 -32.5555 -12.5554 -176.667 -32.5555 -12.5554 -191.795 -32.5555 -12.5554 -206.923 -32.5555 -12.5554 -222.052 -32.5555 -12.5554 -237.18 -32.5555 -12.5554 -252.308 -32.5555 -12.5554 -267.436 -32.5555 -12.5554 -282.564 -32.5555 -12.5554 -297.693 -32.5555 -12.5554 -312.821 -32.5555 -12.5554 -327.949 -32.5555 -12.5554 -343.077 -32.5555 -12.5554 -358.205 -32.5555 -12.5554 -373.334 -32.5555 -12.5554 -388.462 -32.5555 -12.5554 -403.59 -32.5555 -12.5554 -418.718 -32.5555 -12.5554 -433.846 -32.5555 -12.5554 -448.975 -32.5555 -12.5554 -464.103 -32.5555 -12.5554 -479.231 -32.5555 -12.5554 -494.359 -32.5555 -12.5554 -509.487 -32.5555 -12.5554 -524.616 -32.5555 -12.5554 -539.744 -32.5555 -12.5554 -554.872 -32.5555 -12.5554 4.87149 -33.125 -12.1184 -10.2567 -33.125 -12.1184 -25.3849 -33.125 -12.1184 -40.5131 -33.125 -12.1184 -55.6413 -33.125 -12.1184 -70.7695 -33.125 -12.1184 -85.8978 -33.125 -12.1184 -101.026 -33.125 -12.1184 -116.154 -33.125 -12.1184 -131.282 -33.125 -12.1184 -146.411 -33.125 -12.1184 -161.539 -33.125 -12.1184 -176.667 -33.125 -12.1184 -191.795 -33.125 -12.1184 -206.923 -33.125 -12.1184 -222.052 -33.125 -12.1184 -237.18 -33.125 -12.1184 -252.308 -33.125 -12.1184 -267.436 -33.125 -12.1184 -282.564 -33.125 -12.1184 -297.693 -33.125 -12.1184 -312.821 -33.125 -12.1184 -327.949 -33.125 -12.1184 -343.077 -33.125 -12.1184 -358.205 -33.125 -12.1184 -373.334 -33.125 -12.1184 -388.462 -33.125 -12.1184 -403.59 -33.125 -12.1184 -418.718 -33.125 -12.1184 -433.846 -33.125 -12.1184 -448.975 -33.125 -12.1184 -464.103 -33.125 -12.1184 -479.231 -33.125 -12.1184 -494.359 -33.125 -12.1184 -509.487 -33.125 -12.1184 -524.616 -33.125 -12.1184 -539.744 -33.125 -12.1184 -554.872 -33.125 -12.1184 4.87149 -33.7883 -11.8437 -10.2567 -33.7883 -11.8437 -25.3849 -33.7883 -11.8437 -40.5131 -33.7883 -11.8437 -55.6413 -33.7883 -11.8437 -70.7695 -33.7883 -11.8437 -85.8978 -33.7883 -11.8437 -101.026 -33.7883 -11.8437 -116.154 -33.7883 -11.8437 -131.282 -33.7883 -11.8437 -146.411 -33.7883 -11.8437 -161.539 -33.7883 -11.8437 -176.667 -33.7883 -11.8437 -191.795 -33.7883 -11.8437 -206.923 -33.7883 -11.8437 -222.052 -33.7883 -11.8437 -237.18 -33.7883 -11.8437 -252.308 -33.7883 -11.8437 -267.436 -33.7883 -11.8437 -282.564 -33.7883 -11.8437 -297.693 -33.7883 -11.8437 -312.821 -33.7883 -11.8437 -327.949 -33.7883 -11.8437 -343.077 -33.7883 -11.8437 -358.205 -33.7883 -11.8437 -373.334 -33.7883 -11.8437 -388.462 -33.7883 -11.8437 -403.59 -33.7883 -11.8437 -418.718 -33.7883 -11.8437 -433.846 -33.7883 -11.8437 -448.975 -33.7883 -11.8437 -464.103 -33.7883 -11.8437 -479.231 -33.7883 -11.8437 -494.359 -33.7883 -11.8437 -509.487 -33.7883 -11.8437 -524.616 -33.7883 -11.8437 -539.744 -33.7883 -11.8437 -554.872 -33.7883 -11.8437 -570 -31.75 -15.5 -570 -12 -15.5 -570 -8.25002 -15.5 -570 -8.25002 -14.5 -570 -8.15632 -13.7882 -570 -7.88159 -13.125 -570 -7.44457 -12.5554 -570 -6.87502 -12.1184 -570 -6.21177 -11.8437 -570 -5.50002 -11.75 4.87149 -6.21177 -11.8437 -10.2567 -6.21177 -11.8437 -25.3849 -6.21177 -11.8437 -40.5131 -6.21177 -11.8437 -55.6413 -6.21177 -11.8437 -70.7695 -6.21177 -11.8437 -85.8978 -6.21177 -11.8437 -101.026 -6.21177 -11.8437 -116.154 -6.21177 -11.8437 -131.282 -6.21177 -11.8437 -146.411 -6.21177 -11.8437 -161.539 -6.21177 -11.8437 -176.667 -6.21177 -11.8437 -191.795 -6.21177 -11.8437 -206.923 -6.21177 -11.8437 -222.052 -6.21177 -11.8437 -237.18 -6.21177 -11.8437 -252.308 -6.21177 -11.8437 -267.436 -6.21177 -11.8437 -282.564 -6.21177 -11.8437 -297.693 -6.21177 -11.8437 -312.821 -6.21177 -11.8437 -327.949 -6.21177 -11.8437 -343.077 -6.21177 -11.8437 -358.205 -6.21177 -11.8437 -373.334 -6.21177 -11.8437 -388.462 -6.21177 -11.8437 -403.59 -6.21177 -11.8437 -418.718 -6.21177 -11.8437 -433.846 -6.21177 -11.8437 -448.975 -6.21177 -11.8437 -464.103 -6.21177 -11.8437 -479.231 -6.21177 -11.8437 -494.359 -6.21177 -11.8437 -509.487 -6.21177 -11.8437 -524.616 -6.21177 -11.8437 -539.744 -6.21177 -11.8437 -554.872 -6.21177 -11.8437 4.87149 -6.87502 -12.1184 -10.2567 -6.87502 -12.1184 -25.3849 -6.87502 -12.1184 -40.5131 -6.87502 -12.1184 -55.6413 -6.87502 -12.1184 -70.7695 -6.87502 -12.1184 -85.8978 -6.87502 -12.1184 -101.026 -6.87502 -12.1184 -116.154 -6.87502 -12.1184 -131.282 -6.87502 -12.1184 -146.411 -6.87502 -12.1184 -161.539 -6.87502 -12.1184 -176.667 -6.87502 -12.1184 -191.795 -6.87502 -12.1184 -206.923 -6.87502 -12.1184 -222.052 -6.87502 -12.1184 -237.18 -6.87502 -12.1184 -252.308 -6.87502 -12.1184 -267.436 -6.87502 -12.1184 -282.564 -6.87502 -12.1184 -297.693 -6.87502 -12.1184 -312.821 -6.87502 -12.1184 -327.949 -6.87502 -12.1184 -343.077 -6.87502 -12.1184 -358.205 -6.87502 -12.1184 -373.334 -6.87502 -12.1184 -388.462 -6.87502 -12.1184 -403.59 -6.87502 -12.1184 -418.718 -6.87502 -12.1184 -433.846 -6.87502 -12.1184 -448.975 -6.87502 -12.1184 -464.103 -6.87502 -12.1184 -479.231 -6.87502 -12.1184 -494.359 -6.87502 -12.1184 -509.487 -6.87502 -12.1184 -524.616 -6.87502 -12.1184 -539.744 -6.87502 -12.1184 -554.872 -6.87502 -12.1184 4.87149 -7.44457 -12.5554 -10.2567 -7.44457 -12.5554 -25.3849 -7.44457 -12.5554 -40.5131 -7.44457 -12.5554 -55.6413 -7.44457 -12.5554 -70.7695 -7.44457 -12.5554 -85.8978 -7.44457 -12.5554 -101.026 -7.44457 -12.5554 -116.154 -7.44457 -12.5554 -131.282 -7.44457 -12.5554 -146.411 -7.44457 -12.5554 -161.539 -7.44457 -12.5554 -176.667 -7.44457 -12.5554 -191.795 -7.44457 -12.5554 -206.923 -7.44457 -12.5554 -222.052 -7.44457 -12.5554 -237.18 -7.44457 -12.5554 -252.308 -7.44457 -12.5554 -267.436 -7.44457 -12.5554 -282.564 -7.44457 -12.5554 -297.693 -7.44457 -12.5554 -312.821 -7.44457 -12.5554 -327.949 -7.44457 -12.5554 -343.077 -7.44457 -12.5554 -358.205 -7.44457 -12.5554 -373.334 -7.44457 -12.5554 -388.462 -7.44457 -12.5554 -403.59 -7.44457 -12.5554 -418.718 -7.44457 -12.5554 -433.846 -7.44457 -12.5554 -448.975 -7.44457 -12.5554 -464.103 -7.44457 -12.5554 -479.231 -7.44457 -12.5554 -494.359 -7.44457 -12.5554 -509.487 -7.44457 -12.5554 -524.616 -7.44457 -12.5554 -539.744 -7.44457 -12.5554 -554.872 -7.44457 -12.5554 4.87149 -7.88159 -13.125 -10.2567 -7.88159 -13.125 -25.3849 -7.88159 -13.125 -40.5131 -7.88159 -13.125 -55.6413 -7.88159 -13.125 -70.7695 -7.88159 -13.125 -85.8978 -7.88159 -13.125 -101.026 -7.88159 -13.125 -116.154 -7.88159 -13.125 -131.282 -7.88159 -13.125 -146.411 -7.88159 -13.125 -161.539 -7.88159 -13.125 -176.667 -7.88159 -13.125 -191.795 -7.88159 -13.125 -206.923 -7.88159 -13.125 -222.052 -7.88159 -13.125 -237.18 -7.88159 -13.125 -252.308 -7.88159 -13.125 -267.436 -7.88159 -13.125 -282.564 -7.88159 -13.125 -297.693 -7.88159 -13.125 -312.821 -7.88159 -13.125 -327.949 -7.88159 -13.125 -343.077 -7.88159 -13.125 -358.205 -7.88159 -13.125 -373.334 -7.88159 -13.125 -388.462 -7.88159 -13.125 -403.59 -7.88159 -13.125 -418.718 -7.88159 -13.125 -433.846 -7.88159 -13.125 -448.975 -7.88159 -13.125 -464.103 -7.88159 -13.125 -479.231 -7.88159 -13.125 -494.359 -7.88159 -13.125 -509.487 -7.88159 -13.125 -524.616 -7.88159 -13.125 -539.744 -7.88159 -13.125 -554.872 -7.88159 -13.125 4.87149 -8.15632 -13.7882 -10.2567 -8.15632 -13.7882 -25.3849 -8.15632 -13.7882 -40.5131 -8.15632 -13.7882 -55.6413 -8.15632 -13.7882 -70.7695 -8.15632 -13.7882 -85.8978 -8.15632 -13.7882 -101.026 -8.15632 -13.7882 -116.154 -8.15632 -13.7882 -131.282 -8.15632 -13.7882 -146.411 -8.15632 -13.7882 -161.539 -8.15632 -13.7882 -176.667 -8.15632 -13.7882 -191.795 -8.15632 -13.7882 -206.923 -8.15632 -13.7882 -222.052 -8.15632 -13.7882 -237.18 -8.15632 -13.7882 -252.308 -8.15632 -13.7882 -267.436 -8.15632 -13.7882 -282.564 -8.15632 -13.7882 -297.693 -8.15632 -13.7882 -312.821 -8.15632 -13.7882 -327.949 -8.15632 -13.7882 -343.077 -8.15632 -13.7882 -358.205 -8.15632 -13.7882 -373.334 -8.15632 -13.7882 -388.462 -8.15632 -13.7882 -403.59 -8.15632 -13.7882 -418.718 -8.15632 -13.7882 -433.846 -8.15632 -13.7882 -448.975 -8.15632 -13.7882 -464.103 -8.15632 -13.7882 -479.231 -8.15632 -13.7882 -494.359 -8.15632 -13.7882 -509.487 -8.15632 -13.7882 -524.616 -8.15632 -13.7882 -539.744 -8.15632 -13.7882 -554.872 -8.15632 -13.7882 -570 -4.50002 -11.75 -570 -4.50002 8.00002 -570 -4.50002 11.75 -570 -5.50002 11.75 -570 -6.21177 11.8437 -570 -6.87502 12.1185 -570 -7.44457 12.5555 -570 -7.88159 13.125 -570 -8.15632 13.7883 -570 -8.25002 14.5 4.87149 -8.15632 13.7883 -10.2567 -8.15632 13.7883 -25.3849 -8.15632 13.7883 -40.5131 -8.15632 13.7883 -55.6413 -8.15632 13.7883 -70.7695 -8.15632 13.7883 -85.8978 -8.15632 13.7883 -101.026 -8.15632 13.7883 -116.154 -8.15632 13.7883 -131.282 -8.15632 13.7883 -146.411 -8.15632 13.7883 -161.539 -8.15632 13.7883 -176.667 -8.15632 13.7883 -191.795 -8.15632 13.7883 -206.923 -8.15632 13.7883 -222.052 -8.15632 13.7883 -237.18 -8.15632 13.7883 -252.308 -8.15632 13.7883 -267.436 -8.15632 13.7883 -282.564 -8.15632 13.7883 -297.693 -8.15632 13.7883 -312.821 -8.15632 13.7883 -327.949 -8.15632 13.7883 -343.077 -8.15632 13.7883 -358.205 -8.15632 13.7883 -373.334 -8.15632 13.7883 -388.462 -8.15632 13.7883 -403.59 -8.15632 13.7883 -418.718 -8.15632 13.7883 -433.846 -8.15632 13.7883 -448.975 -8.15632 13.7883 -464.103 -8.15632 13.7883 -479.231 -8.15632 13.7883 -494.359 -8.15632 13.7883 -509.487 -8.15632 13.7883 -524.616 -8.15632 13.7883 -539.744 -8.15632 13.7883 -554.872 -8.15632 13.7883 4.87149 -7.88159 13.125 -10.2567 -7.88159 13.125 -25.3849 -7.88159 13.125 -40.5131 -7.88159 13.125 -55.6413 -7.88159 13.125 -70.7695 -7.88159 13.125 -85.8978 -7.88159 13.125 -101.026 -7.88159 13.125 -116.154 -7.88159 13.125 -131.282 -7.88159 13.125 -146.411 -7.88159 13.125 -161.539 -7.88159 13.125 -176.667 -7.88159 13.125 -191.795 -7.88159 13.125 -206.923 -7.88159 13.125 -222.052 -7.88159 13.125 -237.18 -7.88159 13.125 -252.308 -7.88159 13.125 -267.436 -7.88159 13.125 -282.564 -7.88159 13.125 -297.693 -7.88159 13.125 -312.821 -7.88159 13.125 -327.949 -7.88159 13.125 -343.077 -7.88159 13.125 -358.205 -7.88159 13.125 -373.334 -7.88159 13.125 -388.462 -7.88159 13.125 -403.59 -7.88159 13.125 -418.718 -7.88159 13.125 -433.846 -7.88159 13.125 -448.975 -7.88159 13.125 -464.103 -7.88159 13.125 -479.231 -7.88159 13.125 -494.359 -7.88159 13.125 -509.487 -7.88159 13.125 -524.616 -7.88159 13.125 -539.744 -7.88159 13.125 -554.872 -7.88159 13.125 4.87149 -7.44457 12.5555 -10.2567 -7.44457 12.5555 -25.3849 -7.44457 12.5555 -40.5131 -7.44457 12.5555 -55.6413 -7.44457 12.5555 -70.7695 -7.44457 12.5555 -85.8978 -7.44457 12.5555 -101.026 -7.44457 12.5555 -116.154 -7.44457 12.5555 -131.282 -7.44457 12.5555 -146.411 -7.44457 12.5555 -161.539 -7.44457 12.5555 -176.667 -7.44457 12.5555 -191.795 -7.44457 12.5555 -206.923 -7.44457 12.5555 -222.052 -7.44457 12.5555 -237.18 -7.44457 12.5555 -252.308 -7.44457 12.5555 -267.436 -7.44457 12.5555 -282.564 -7.44457 12.5555 -297.693 -7.44457 12.5555 -312.821 -7.44457 12.5555 -327.949 -7.44457 12.5555 -343.077 -7.44457 12.5555 -358.205 -7.44457 12.5555 -373.334 -7.44457 12.5555 -388.462 -7.44457 12.5555 -403.59 -7.44457 12.5555 -418.718 -7.44457 12.5555 -433.846 -7.44457 12.5555 -448.975 -7.44457 12.5555 -464.103 -7.44457 12.5555 -479.231 -7.44457 12.5555 -494.359 -7.44457 12.5555 -509.487 -7.44457 12.5555 -524.616 -7.44457 12.5555 -539.744 -7.44457 12.5555 -554.872 -7.44457 12.5555 4.87149 -6.87502 12.1185 -10.2567 -6.87502 12.1185 -25.3849 -6.87502 12.1185 -40.5131 -6.87502 12.1185 -55.6413 -6.87502 12.1185 -70.7695 -6.87502 12.1185 -85.8978 -6.87502 12.1185 -101.026 -6.87502 12.1185 -116.154 -6.87502 12.1185 -131.282 -6.87502 12.1185 -146.411 -6.87502 12.1185 -161.539 -6.87502 12.1185 -176.667 -6.87502 12.1185 -191.795 -6.87502 12.1185 -206.923 -6.87502 12.1185 -222.052 -6.87502 12.1185 -237.18 -6.87502 12.1185 -252.308 -6.87502 12.1185 -267.436 -6.87502 12.1185 -282.564 -6.87502 12.1185 -297.693 -6.87502 12.1185 -312.821 -6.87502 12.1185 -327.949 -6.87502 12.1185 -343.077 -6.87502 12.1185 -358.205 -6.87502 12.1185 -373.334 -6.87502 12.1185 -388.462 -6.87502 12.1185 -403.59 -6.87502 12.1185 -418.718 -6.87502 12.1185 -433.846 -6.87502 12.1185 -448.975 -6.87502 12.1185 -464.103 -6.87502 12.1185 -479.231 -6.87502 12.1185 -494.359 -6.87502 12.1185 -509.487 -6.87502 12.1185 -524.616 -6.87502 12.1185 -539.744 -6.87502 12.1185 -554.872 -6.87502 12.1185 4.87149 -6.21177 11.8437 -10.2567 -6.21177 11.8437 -25.3849 -6.21177 11.8437 -40.5131 -6.21177 11.8437 -55.6413 -6.21177 11.8437 -70.7695 -6.21177 11.8437 -85.8978 -6.21177 11.8437 -101.026 -6.21177 11.8437 -116.154 -6.21177 11.8437 -131.282 -6.21177 11.8437 -146.411 -6.21177 11.8437 -161.539 -6.21177 11.8437 -176.667 -6.21177 11.8437 -191.795 -6.21177 11.8437 -206.923 -6.21177 11.8437 -222.052 -6.21177 11.8437 -237.18 -6.21177 11.8437 -252.308 -6.21177 11.8437 -267.436 -6.21177 11.8437 -282.564 -6.21177 11.8437 -297.693 -6.21177 11.8437 -312.821 -6.21177 11.8437 -327.949 -6.21177 11.8437 -343.077 -6.21177 11.8437 -358.205 -6.21177 11.8437 -373.334 -6.21177 11.8437 -388.462 -6.21177 11.8437 -403.59 -6.21177 11.8437 -418.718 -6.21177 11.8437 -433.846 -6.21177 11.8437 -448.975 -6.21177 11.8437 -464.103 -6.21177 11.8437 -479.231 -6.21177 11.8437 -494.359 -6.21177 11.8437 -509.487 -6.21177 11.8437 -524.616 -6.21177 11.8437 -539.744 -6.21177 11.8437 -554.872 -6.21177 11.8437 -570 -8.25002 15.5 -570 -28 15.5 -570 -31.75 15.5 -570 -31.75 14.5 -570 -31.8437 13.7883 -570 -32.1185 13.125 -570 -32.5555 12.5555 -570 -33.125 12.1185 -570 -33.7883 11.8437 -570 -34.5 11.75 4.87149 -33.7883 11.8437 -10.2567 -33.7883 11.8437 -25.3849 -33.7883 11.8437 -40.5131 -33.7883 11.8437 -55.6413 -33.7883 11.8437 -70.7695 -33.7883 11.8437 -85.8978 -33.7883 11.8437 -101.026 -33.7883 11.8437 -116.154 -33.7883 11.8437 -131.282 -33.7883 11.8437 -146.411 -33.7883 11.8437 -161.539 -33.7883 11.8437 -176.667 -33.7883 11.8437 -191.795 -33.7883 11.8437 -206.923 -33.7883 11.8437 -222.052 -33.7883 11.8437 -237.18 -33.7883 11.8437 -252.308 -33.7883 11.8437 -267.436 -33.7883 11.8437 -282.564 -33.7883 11.8437 -297.693 -33.7883 11.8437 -312.821 -33.7883 11.8437 -327.949 -33.7883 11.8437 -343.077 -33.7883 11.8437 -358.205 -33.7883 11.8437 -373.334 -33.7883 11.8437 -388.462 -33.7883 11.8437 -403.59 -33.7883 11.8437 -418.718 -33.7883 11.8437 -433.846 -33.7883 11.8437 -448.975 -33.7883 11.8437 -464.103 -33.7883 11.8437 -479.231 -33.7883 11.8437 -494.359 -33.7883 11.8437 -509.487 -33.7883 11.8437 -524.616 -33.7883 11.8437 -539.744 -33.7883 11.8437 -554.872 -33.7883 11.8437 4.87149 -33.125 12.1185 -10.2567 -33.125 12.1185 -25.3849 -33.125 12.1185 -40.5131 -33.125 12.1185 -55.6413 -33.125 12.1185 -70.7695 -33.125 12.1185 -85.8978 -33.125 12.1185 -101.026 -33.125 12.1185 -116.154 -33.125 12.1185 -131.282 -33.125 12.1185 -146.411 -33.125 12.1185 -161.539 -33.125 12.1185 -176.667 -33.125 12.1185 -191.795 -33.125 12.1185 -206.923 -33.125 12.1185 -222.052 -33.125 12.1185 -237.18 -33.125 12.1185 -252.308 -33.125 12.1185 -267.436 -33.125 12.1185 -282.564 -33.125 12.1185 -297.693 -33.125 12.1185 -312.821 -33.125 12.1185 -327.949 -33.125 12.1185 -343.077 -33.125 12.1185 -358.205 -33.125 12.1185 -373.334 -33.125 12.1185 -388.462 -33.125 12.1185 -403.59 -33.125 12.1185 -418.718 -33.125 12.1185 -433.846 -33.125 12.1185 -448.975 -33.125 12.1185 -464.103 -33.125 12.1185 -479.231 -33.125 12.1185 -494.359 -33.125 12.1185 -509.487 -33.125 12.1185 -524.616 -33.125 12.1185 -539.744 -33.125 12.1185 -554.872 -33.125 12.1185 4.87149 -32.5555 12.5555 -10.2567 -32.5555 12.5555 -25.3849 -32.5555 12.5555 -40.5131 -32.5555 12.5555 -55.6413 -32.5555 12.5555 -70.7695 -32.5555 12.5555 -85.8978 -32.5555 12.5555 -101.026 -32.5555 12.5555 -116.154 -32.5555 12.5555 -131.282 -32.5555 12.5555 -146.411 -32.5555 12.5555 -161.539 -32.5555 12.5555 -176.667 -32.5555 12.5555 -191.795 -32.5555 12.5555 -206.923 -32.5555 12.5555 -222.052 -32.5555 12.5555 -237.18 -32.5555 12.5555 -252.308 -32.5555 12.5555 -267.436 -32.5555 12.5555 -282.564 -32.5555 12.5555 -297.693 -32.5555 12.5555 -312.821 -32.5555 12.5555 -327.949 -32.5555 12.5555 -343.077 -32.5555 12.5555 -358.205 -32.5555 12.5555 -373.334 -32.5555 12.5555 -388.462 -32.5555 12.5555 -403.59 -32.5555 12.5555 -418.718 -32.5555 12.5555 -433.846 -32.5555 12.5555 -448.975 -32.5555 12.5555 -464.103 -32.5555 12.5555 -479.231 -32.5555 12.5555 -494.359 -32.5555 12.5555 -509.487 -32.5555 12.5555 -524.616 -32.5555 12.5555 -539.744 -32.5555 12.5555 -554.872 -32.5555 12.5555 4.87149 -32.1185 13.125 -10.2567 -32.1185 13.125 -25.3849 -32.1185 13.125 -40.5131 -32.1185 13.125 -55.6413 -32.1185 13.125 -70.7695 -32.1185 13.125 -85.8978 -32.1185 13.125 -101.026 -32.1185 13.125 -116.154 -32.1185 13.125 -131.282 -32.1185 13.125 -146.411 -32.1185 13.125 -161.539 -32.1185 13.125 -176.667 -32.1185 13.125 -191.795 -32.1185 13.125 -206.923 -32.1185 13.125 -222.052 -32.1185 13.125 -237.18 -32.1185 13.125 -252.308 -32.1185 13.125 -267.436 -32.1185 13.125 -282.564 -32.1185 13.125 -297.693 -32.1185 13.125 -312.821 -32.1185 13.125 -327.949 -32.1185 13.125 -343.077 -32.1185 13.125 -358.205 -32.1185 13.125 -373.334 -32.1185 13.125 -388.462 -32.1185 13.125 -403.59 -32.1185 13.125 -418.718 -32.1185 13.125 -433.846 -32.1185 13.125 -448.975 -32.1185 13.125 -464.103 -32.1185 13.125 -479.231 -32.1185 13.125 -494.359 -32.1185 13.125 -509.487 -32.1185 13.125 -524.616 -32.1185 13.125 -539.744 -32.1185 13.125 -554.872 -32.1185 13.125 4.87149 -31.8437 13.7883 -10.2567 -31.8437 13.7883 -25.3849 -31.8437 13.7883 -40.5131 -31.8437 13.7883 -55.6413 -31.8437 13.7883 -70.7695 -31.8437 13.7883 -85.8978 -31.8437 13.7883 -101.026 -31.8437 13.7883 -116.154 -31.8437 13.7883 -131.282 -31.8437 13.7883 -146.411 -31.8437 13.7883 -161.539 -31.8437 13.7883 -176.667 -31.8437 13.7883 -191.795 -31.8437 13.7883 -206.923 -31.8437 13.7883 -222.052 -31.8437 13.7883 -237.18 -31.8437 13.7883 -252.308 -31.8437 13.7883 -267.436 -31.8437 13.7883 -282.564 -31.8437 13.7883 -297.693 -31.8437 13.7883 -312.821 -31.8437 13.7883 -327.949 -31.8437 13.7883 -343.077 -31.8437 13.7883 -358.205 -31.8437 13.7883 -373.334 -31.8437 13.7883 -388.462 -31.8437 13.7883 -403.59 -31.8437 13.7883 -418.718 -31.8437 13.7883 -433.846 -31.8437 13.7883 -448.975 -31.8437 13.7883 -464.103 -31.8437 13.7883 -479.231 -31.8437 13.7883 -494.359 -31.8437 13.7883 -509.487 -31.8437 13.7883 -524.616 -31.8437 13.7883 -539.744 -31.8437 13.7883 -554.872 -31.8437 13.7883 -570 -35.5 11.75 -570 -17.739 -5.19998 -570 -25.2 -2.261 -570 -30.05 -14 -570 -25 -14 -570 -25 -18.5 -570 -25.8 -18.5 -570 -25.8 -20 -570 -37 -20 -570 -40 -17 -570 -39.8978 -17.7764 -570 -39.5981 -18.5 -570 -39.1213 -19.1213 -570 -38.5 -19.5981 -570 -37.7765 -19.8978 3.14255 -37.7765 -19.8978 -13.7146 -37.7765 -19.8978 -30.5717 -37.7765 -19.8978 -47.4289 -37.7765 -19.8978 -64.286 -37.7765 -19.8978 -81.1432 -37.7765 -19.8978 -98.0003 -37.7765 -19.8978 -114.857 -37.7765 -19.8978 -131.715 -37.7765 -19.8978 -148.572 -37.7765 -19.8978 -165.429 -37.7765 -19.8978 -182.286 -37.7765 -19.8978 -199.143 -37.7765 -19.8978 -216 -37.7765 -19.8978 -232.857 -37.7765 -19.8978 -249.715 -37.7765 -19.8978 -266.572 -37.7765 -19.8978 -283.429 -37.7765 -19.8978 -300.286 -37.7765 -19.8978 -317.143 -37.7765 -19.8978 -334 -37.7765 -19.8978 -350.857 -37.7765 -19.8978 -367.715 -37.7765 -19.8978 -384.572 -37.7765 -19.8978 -401.429 -37.7765 -19.8978 -418.286 -37.7765 -19.8978 -435.143 -37.7765 -19.8978 -452 -37.7765 -19.8978 -468.857 -37.7765 -19.8978 -485.715 -37.7765 -19.8978 -502.572 -37.7765 -19.8978 -519.429 -37.7765 -19.8978 -536.286 -37.7765 -19.8978 -553.143 -37.7765 -19.8978 3.14255 -38.5 -19.5981 -13.7146 -38.5 -19.5981 -30.5717 -38.5 -19.5981 -47.4289 -38.5 -19.5981 -64.286 -38.5 -19.5981 -81.1432 -38.5 -19.5981 -98.0003 -38.5 -19.5981 -114.857 -38.5 -19.5981 -131.715 -38.5 -19.5981 -148.572 -38.5 -19.5981 -165.429 -38.5 -19.5981 -182.286 -38.5 -19.5981 -199.143 -38.5 -19.5981 -216 -38.5 -19.5981 -232.857 -38.5 -19.5981 -249.715 -38.5 -19.5981 -266.572 -38.5 -19.5981 -283.429 -38.5 -19.5981 -300.286 -38.5 -19.5981 -317.143 -38.5 -19.5981 -334 -38.5 -19.5981 -350.857 -38.5 -19.5981 -367.715 -38.5 -19.5981 -384.572 -38.5 -19.5981 -401.429 -38.5 -19.5981 -418.286 -38.5 -19.5981 -435.143 -38.5 -19.5981 -452 -38.5 -19.5981 -468.857 -38.5 -19.5981 -485.715 -38.5 -19.5981 -502.572 -38.5 -19.5981 -519.429 -38.5 -19.5981 -536.286 -38.5 -19.5981 -553.143 -38.5 -19.5981 3.14255 -39.1213 -19.1213 -13.7146 -39.1213 -19.1213 -30.5717 -39.1213 -19.1213 -47.4289 -39.1213 -19.1213 -64.286 -39.1213 -19.1213 -81.1432 -39.1213 -19.1213 -98.0003 -39.1213 -19.1213 -114.857 -39.1213 -19.1213 -131.715 -39.1213 -19.1213 -148.572 -39.1213 -19.1213 -165.429 -39.1213 -19.1213 -182.286 -39.1213 -19.1213 -199.143 -39.1213 -19.1213 -216 -39.1213 -19.1213 -232.857 -39.1213 -19.1213 -249.715 -39.1213 -19.1213 -266.572 -39.1213 -19.1213 -283.429 -39.1213 -19.1213 -300.286 -39.1213 -19.1213 -317.143 -39.1213 -19.1213 -334 -39.1213 -19.1213 -350.857 -39.1213 -19.1213 -367.715 -39.1213 -19.1213 -384.572 -39.1213 -19.1213 -401.429 -39.1213 -19.1213 -418.286 -39.1213 -19.1213 -435.143 -39.1213 -19.1213 -452 -39.1213 -19.1213 -468.857 -39.1213 -19.1213 -485.715 -39.1213 -19.1213 -502.572 -39.1213 -19.1213 -519.429 -39.1213 -19.1213 -536.286 -39.1213 -19.1213 -553.143 -39.1213 -19.1213 3.14255 -39.5981 -18.5 -13.7146 -39.5981 -18.5 -30.5717 -39.5981 -18.5 -47.4289 -39.5981 -18.5 -64.286 -39.5981 -18.5 -81.1432 -39.5981 -18.5 -98.0003 -39.5981 -18.5 -114.857 -39.5981 -18.5 -131.715 -39.5981 -18.5 -148.572 -39.5981 -18.5 -165.429 -39.5981 -18.5 -182.286 -39.5981 -18.5 -199.143 -39.5981 -18.5 -216 -39.5981 -18.5 -232.857 -39.5981 -18.5 -249.715 -39.5981 -18.5 -266.572 -39.5981 -18.5 -283.429 -39.5981 -18.5 -300.286 -39.5981 -18.5 -317.143 -39.5981 -18.5 -334 -39.5981 -18.5 -350.857 -39.5981 -18.5 -367.715 -39.5981 -18.5 -384.572 -39.5981 -18.5 -401.429 -39.5981 -18.5 -418.286 -39.5981 -18.5 -435.143 -39.5981 -18.5 -452 -39.5981 -18.5 -468.857 -39.5981 -18.5 -485.715 -39.5981 -18.5 -502.572 -39.5981 -18.5 -519.429 -39.5981 -18.5 -536.286 -39.5981 -18.5 -553.143 -39.5981 -18.5 3.14255 -39.8978 -17.7764 -13.7146 -39.8978 -17.7764 -30.5717 -39.8978 -17.7764 -47.4289 -39.8978 -17.7764 -64.286 -39.8978 -17.7764 -81.1432 -39.8978 -17.7764 -98.0003 -39.8978 -17.7764 -114.857 -39.8978 -17.7764 -131.715 -39.8978 -17.7764 -148.572 -39.8978 -17.7764 -165.429 -39.8978 -17.7764 -182.286 -39.8978 -17.7764 -199.143 -39.8978 -17.7764 -216 -39.8978 -17.7764 -232.857 -39.8978 -17.7764 -249.715 -39.8978 -17.7764 -266.572 -39.8978 -17.7764 -283.429 -39.8978 -17.7764 -300.286 -39.8978 -17.7764 -317.143 -39.8978 -17.7764 -334 -39.8978 -17.7764 -350.857 -39.8978 -17.7764 -367.715 -39.8978 -17.7764 -384.572 -39.8978 -17.7764 -401.429 -39.8978 -17.7764 -418.286 -39.8978 -17.7764 -435.143 -39.8978 -17.7764 -452 -39.8978 -17.7764 -468.857 -39.8978 -17.7764 -485.715 -39.8978 -17.7764 -502.572 -39.8978 -17.7764 -519.429 -39.8978 -17.7764 -536.286 -39.8978 -17.7764 -553.143 -39.8978 -17.7764 -570 -40 -5.79998 -570 -38.5 -5.79998 -570 -38.5 -4.99998 -570 -34 -4.99998 -570 -34 -10.05 -570 -31.4642 -10.05 -570 -27.5 -6.08577 -570 -27.5 6.0858 -570 -31.4642 10.05 -570 -34 10.05 -570 -34 5.00002 -570 -38.5 5.00002 -570 -38.5 5.80002 -570 -40 5.80002 -570 -40 17 -570 -37 20 -570 -37.7765 19.8978 -570 -38.5 19.5981 -570 -39.1213 19.1213 -570 -39.5981 18.5 -570 -39.8978 17.7765 3.14255 -39.8978 17.7765 -13.7146 -39.8978 17.7765 -30.5717 -39.8978 17.7765 -47.4289 -39.8978 17.7765 -64.286 -39.8978 17.7765 -81.1432 -39.8978 17.7765 -98.0003 -39.8978 17.7765 -114.857 -39.8978 17.7765 -131.715 -39.8978 17.7765 -148.572 -39.8978 17.7765 -165.429 -39.8978 17.7765 -182.286 -39.8978 17.7765 -199.143 -39.8978 17.7765 -216 -39.8978 17.7765 -232.857 -39.8978 17.7765 -249.715 -39.8978 17.7765 -266.572 -39.8978 17.7765 -283.429 -39.8978 17.7765 -300.286 -39.8978 17.7765 -317.143 -39.8978 17.7765 -334 -39.8978 17.7765 -350.857 -39.8978 17.7765 -367.715 -39.8978 17.7765 -384.572 -39.8978 17.7765 -401.429 -39.8978 17.7765 -418.286 -39.8978 17.7765 -435.143 -39.8978 17.7765 -452 -39.8978 17.7765 -468.857 -39.8978 17.7765 -485.715 -39.8978 17.7765 -502.572 -39.8978 17.7765 -519.429 -39.8978 17.7765 -536.286 -39.8978 17.7765 -553.143 -39.8978 17.7765 3.14255 -39.5981 18.5 -13.7146 -39.5981 18.5 -30.5717 -39.5981 18.5 -47.4289 -39.5981 18.5 -64.286 -39.5981 18.5 -81.1432 -39.5981 18.5 -98.0003 -39.5981 18.5 -114.857 -39.5981 18.5 -131.715 -39.5981 18.5 -148.572 -39.5981 18.5 -165.429 -39.5981 18.5 -182.286 -39.5981 18.5 -199.143 -39.5981 18.5 -216 -39.5981 18.5 -232.857 -39.5981 18.5 -249.715 -39.5981 18.5 -266.572 -39.5981 18.5 -283.429 -39.5981 18.5 -300.286 -39.5981 18.5 -317.143 -39.5981 18.5 -334 -39.5981 18.5 -350.857 -39.5981 18.5 -367.715 -39.5981 18.5 -384.572 -39.5981 18.5 -401.429 -39.5981 18.5 -418.286 -39.5981 18.5 -435.143 -39.5981 18.5 -452 -39.5981 18.5 -468.857 -39.5981 18.5 -485.715 -39.5981 18.5 -502.572 -39.5981 18.5 -519.429 -39.5981 18.5 -536.286 -39.5981 18.5 -553.143 -39.5981 18.5 3.14255 -39.1213 19.1213 -13.7146 -39.1213 19.1213 -30.5717 -39.1213 19.1213 -47.4289 -39.1213 19.1213 -64.286 -39.1213 19.1213 -81.1432 -39.1213 19.1213 -98.0003 -39.1213 19.1213 -114.857 -39.1213 19.1213 -131.715 -39.1213 19.1213 -148.572 -39.1213 19.1213 -165.429 -39.1213 19.1213 -182.286 -39.1213 19.1213 -199.143 -39.1213 19.1213 -216 -39.1213 19.1213 -232.857 -39.1213 19.1213 -249.715 -39.1213 19.1213 -266.572 -39.1213 19.1213 -283.429 -39.1213 19.1213 -300.286 -39.1213 19.1213 -317.143 -39.1213 19.1213 -334 -39.1213 19.1213 -350.857 -39.1213 19.1213 -367.715 -39.1213 19.1213 -384.572 -39.1213 19.1213 -401.429 -39.1213 19.1213 -418.286 -39.1213 19.1213 -435.143 -39.1213 19.1213 -452 -39.1213 19.1213 -468.857 -39.1213 19.1213 -485.715 -39.1213 19.1213 -502.572 -39.1213 19.1213 -519.429 -39.1213 19.1213 -536.286 -39.1213 19.1213 -553.143 -39.1213 19.1213 3.14255 -38.5 19.5981 -13.7146 -38.5 19.5981 -30.5717 -38.5 19.5981 -47.4289 -38.5 19.5981 -64.286 -38.5 19.5981 -81.1432 -38.5 19.5981 -98.0003 -38.5 19.5981 -114.857 -38.5 19.5981 -131.715 -38.5 19.5981 -148.572 -38.5 19.5981 -165.429 -38.5 19.5981 -182.286 -38.5 19.5981 -199.143 -38.5 19.5981 -216 -38.5 19.5981 -232.857 -38.5 19.5981 -249.715 -38.5 19.5981 -266.572 -38.5 19.5981 -283.429 -38.5 19.5981 -300.286 -38.5 19.5981 -317.143 -38.5 19.5981 -334 -38.5 19.5981 -350.857 -38.5 19.5981 -367.715 -38.5 19.5981 -384.572 -38.5 19.5981 -401.429 -38.5 19.5981 -418.286 -38.5 19.5981 -435.143 -38.5 19.5981 -452 -38.5 19.5981 -468.857 -38.5 19.5981 -485.715 -38.5 19.5981 -502.572 -38.5 19.5981 -519.429 -38.5 19.5981 -536.286 -38.5 19.5981 -553.143 -38.5 19.5981 3.14255 -37.7765 19.8978 -13.7146 -37.7765 19.8978 -30.5717 -37.7765 19.8978 -47.4289 -37.7765 19.8978 -64.286 -37.7765 19.8978 -81.1432 -37.7765 19.8978 -98.0003 -37.7765 19.8978 -114.857 -37.7765 19.8978 -131.715 -37.7765 19.8978 -148.572 -37.7765 19.8978 -165.429 -37.7765 19.8978 -182.286 -37.7765 19.8978 -199.143 -37.7765 19.8978 -216 -37.7765 19.8978 -232.857 -37.7765 19.8978 -249.715 -37.7765 19.8978 -266.572 -37.7765 19.8978 -283.429 -37.7765 19.8978 -300.286 -37.7765 19.8978 -317.143 -37.7765 19.8978 -334 -37.7765 19.8978 -350.857 -37.7765 19.8978 -367.715 -37.7765 19.8978 -384.572 -37.7765 19.8978 -401.429 -37.7765 19.8978 -418.286 -37.7765 19.8978 -435.143 -37.7765 19.8978 -452 -37.7765 19.8978 -468.857 -37.7765 19.8978 -485.715 -37.7765 19.8978 -502.572 -37.7765 19.8978 -519.429 -37.7765 19.8978 -536.286 -37.7765 19.8978 -553.143 -37.7765 19.8978 -570 -25.8 20 -570 -25.8 18.5 -570 -25 18.5 -570 -25 14 -570 -30.05 14 -570 -30.05 11.4642 -570 -26.0858 7.50002 -570 -13.9142 7.50002 -460 -33.3 -57.7728 -460 -33.3852 -57.1258 -460 -33.635 -56.5228 -460 -34.0323 -56.0051 -460 -34.55 -55.6078 -460 -35.153 -55.358 -460 -35.8 -55.2728 -460 -36.4471 -55.358 -460 -37.05 -55.6078 -460 -37.5678 -56.0051 -460 -37.9651 -56.5228 -460 -38.2148 -57.1258 -460 -38.3 -57.7728 -460 -38.2148 -58.4199 -460 -37.9651 -59.0228 -460 -37.5678 -59.5406 -460 -37.05 -59.9379 -460 -36.4471 -60.1876 -460 -35.8 -60.2728 -460 -35.153 -60.1876 -460 -34.55 -59.9379 -460 -34.0323 -59.5406 -460 -33.635 -59.0228 -460 -33.3852 -58.4199 -480 -33.3 -57.7728 -480 -33.3852 -58.4199 -480 -33.635 -59.0228 -480 -34.0323 -59.5406 -480 -34.55 -59.9379 -480 -35.153 -60.1876 -480 -35.8 -60.2728 -480 -36.4471 -60.1876 -480 -37.05 -59.9379 -480 -37.5678 -59.5406 -480 -37.9651 -59.0228 -480 -38.2148 -58.4199 -480 -38.3 -57.7728 -480 -38.2148 -57.1258 -480 -37.9651 -56.5228 -480 -37.5678 -56.0051 -480 -37.05 -55.6078 -480 -36.4471 -55.358 -480 -35.8 -55.2728 -480 -35.153 -55.358 -480 -34.55 -55.6078 -480 -34.0323 -56.0051 -480 -33.635 -56.5228 -480 -33.3852 -57.1258 -470 -33.3 -57.7728 -470 -33.3852 -57.1258 -470 -33.635 -56.5228 -470 -34.0323 -56.0051 -470 -34.55 -55.6078 -470 -35.153 -55.358 -470 -35.8 -55.2728 -470 -36.4471 -55.358 -470 -37.05 -55.6078 -470 -37.5678 -56.0051 -470 -37.9651 -56.5228 -470 -38.2148 -57.1258 -470 -38.3 -57.7728 -470 -38.2148 -58.4199 -470 -37.9651 -59.0228 -470 -37.5678 -59.5406 -470 -37.05 -59.9379 -470 -36.4471 -60.1876 -470 -35.8 -60.2728 -470 -35.153 -60.1876 -470 -34.55 -59.9379 -470 -34.0323 -59.5406 -470 -33.635 -59.0228 -470 -33.3852 -58.4199 -460 -38.3 -65.2728 -460 -38.9471 -65.1876 -460 -39.55 -64.9379 -460 -40.0678 -64.5406 -460 -40.4651 -64.0228 -460 -40.7148 -63.4199 -460 -40.8 -62.7728 -480 -40.8 -62.7728 -480 -40.7148 -63.4199 -480 -40.4651 -64.0228 -480 -40.0678 -64.5406 -480 -39.55 -64.9379 -480 -38.9471 -65.1876 -480 -38.3 -65.2728 -470 -38.9471 -65.1876 -470 -39.55 -64.9379 -470 -40.0678 -64.5406 -470 -40.4651 -64.0228 -470 -40.7148 -63.4199 -460 -40.8 -21.0358 -480 -40.8 -21.0358 -460 -33.3 -65.2728 -460 -32.653 -65.1876 -460 -32.05 -64.9379 -460 -31.5323 -64.5406 -460 -31.135 -64.0228 -460 -30.8852 -63.4199 -460 -30.8 -62.7728 -460 -30.8 -24.0358 -460 -9.32597 -24.0358 -460 -9.32597 -20.0358 -460 -14.3259 -20.0358 -460 -14.3259 -18.5 -460 -25.8 -18.5 -460 -25.8 -20.0358 -460 -39.8 -20.0358 -460 -40.0588 -20.0699 -460 -40.3 -20.1698 -460 -40.5071 -20.3287 -460 -40.666 -20.5358 -460 -40.7659 -20.777 -480 -33.3 -65.2728 -480 -32.653 -65.1876 -480 -32.05 -64.9379 -480 -31.5323 -64.5406 -480 -31.135 -64.0228 -480 -30.8852 -63.4199 -480 -30.8 -62.7728 -470 -32.653 -65.1876 -470 -32.05 -64.9379 -470 -31.5323 -64.5406 -470 -31.135 -64.0228 -470 -30.8852 -63.4199 -480 -30.8 -24.0358 -480 -40.7659 -20.777 -480 -40.666 -20.5358 -480 -40.5071 -20.3287 -480 -40.3 -20.1698 -480 -40.0588 -20.0699 -480 -39.8 -20.0358 -480 -25.8 -20.0358 -480 -25.8 -18.5 -480 -14.3259 -18.5 -480 -14.3259 -20.0358 -480 -9.32597 -20.0358 -480 -9.32597 -24.0358 -465 -40.7659 -20.777 -470 -40.7659 -20.777 -475 -40.7659 -20.777 -465 -40.666 -20.5358 -470 -40.666 -20.5358 -475 -40.666 -20.5358 -465 -40.5071 -20.3287 -470 -40.5071 -20.3287 -475 -40.5071 -20.3287 -465 -40.3 -20.1698 -470 -40.3 -20.1698 -475 -40.3 -20.1698 -465 -40.0588 -20.0699 -470 -40.0588 -20.0699 -475 -40.0588 -20.0699 -470 -22.563 -24.0358 -469.353 -22.4778 -24.0358 -468.75 -22.2281 -24.0358 -468.233 -21.8308 -24.0358 -467.835 -21.313 -24.0358 -467.586 -20.71 -24.0358 -467.5 -20.063 -24.0358 -467.586 -19.4159 -24.0358 -467.835 -18.813 -24.0358 -468.233 -18.2952 -24.0358 -468.75 -17.8979 -24.0358 -469.353 -17.6482 -24.0358 -470 -17.563 -24.0358 -470.647 -17.6482 -24.0358 -471.25 -17.8979 -24.0358 -471.768 -18.2952 -24.0358 -472.165 -18.813 -24.0358 -472.415 -19.4159 -24.0358 -472.5 -20.063 -24.0358 -472.415 -20.71 -24.0358 -472.165 -21.313 -24.0358 -471.768 -21.8308 -24.0358 -471.25 -22.2281 -24.0358 -470.647 -22.4778 -24.0358 -470 -22.563 -18.5 -470.647 -22.4778 -18.5 -471.25 -22.2281 -18.5 -471.768 -21.8308 -18.5 -472.165 -21.313 -18.5 -472.415 -20.71 -18.5 -472.5 -20.063 -18.5 -472.415 -19.4159 -18.5 -472.165 -18.813 -18.5 -471.768 -18.2952 -18.5 -471.25 -17.8979 -18.5 -470.647 -17.6482 -18.5 -470 -17.563 -18.5 -469.353 -17.6482 -18.5 -468.75 -17.8979 -18.5 -468.233 -18.2952 -18.5 -467.835 -18.813 -18.5 -467.586 -19.4159 -18.5 -467.5 -20.063 -18.5 -467.586 -20.71 -18.5 -467.835 -21.313 -18.5 -468.233 -21.8308 -18.5 -468.75 -22.2281 -18.5 -469.353 -22.4778 -18.5 -360.139 3.09998 3.9026 -360.139 3.09998 -3.7715 -355.839 3.09998 -3.7715 -355.839 3.09998 3.9026 -360.139 -0.100022 -3.7715 -355.839 -0.100022 -3.7715 -360.139 -0.100022 3.9026 -355.839 -0.100022 3.9026 -360.139 0.999975 -20.6715 -360.139 0.741158 -20.6374 -360.139 0.499977 -20.5375 -360.139 0.29287 -20.3786 -360.139 0.133952 -20.1715 -360.139 0.0340509 -19.9303 -360.139 -2.19345e-05 -19.6715 -360.139 -2.19345e-05 -5.6715 -360.139 -1.53587 -5.6715 -360.139 -1.53587 5.8026 -360.139 -2.19345e-05 5.8026 -360.139 -2.19345e-05 19.8026 -360.139 0.0340509 20.0614 -360.139 0.133952 20.3026 -360.139 0.29287 20.5097 -360.139 0.499977 20.6686 -360.139 0.741158 20.7685 -360.139 0.999975 20.8026 -360.139 17 20.8026 -360.139 17 10.8026 -360.139 8.99998 10.8026 -360.139 8.99998 -10.6715 -360.139 17 -10.6715 -360.139 17 -20.6715 -340.139 3.09998 -3.7715 -340.139 3.09998 3.9026 -344.439 3.09998 3.9026 -344.439 3.09998 -3.7715 -340.139 -0.100022 3.9026 -344.439 -0.100022 3.9026 -340.139 -0.100022 -3.7715 -344.439 -0.100022 -3.7715 -340.139 -2.19345e-05 -19.6715 -340.139 0.0340509 -19.9303 -340.139 0.133952 -20.1715 -340.139 0.29287 -20.3786 -340.139 0.499977 -20.5375 -340.139 0.741158 -20.6374 -340.139 0.999975 -20.6715 -340.139 17 -20.6715 -340.139 17 -10.6715 -340.139 8.99998 -10.6715 -340.139 8.99998 10.8026 -340.139 17 10.8026 -340.139 17 20.8026 -340.139 0.999975 20.8026 -340.139 0.741158 20.7685 -340.139 0.499977 20.6686 -340.139 0.29287 20.5097 -340.139 0.133952 20.3026 -340.139 0.0340509 20.0614 -340.139 -2.19345e-05 19.8026 -340.139 -2.19345e-05 5.8026 -340.139 -1.53587 5.8026 -340.139 -1.53587 -5.6715 -340.139 -2.19345e-05 -5.6715 -345.139 0.741158 -20.6374 -350.139 0.741158 -20.6374 -355.139 0.741158 -20.6374 -345.139 0.499977 -20.5375 -350.139 0.499977 -20.5375 -355.139 0.499977 -20.5375 -345.139 0.29287 -20.3786 -350.139 0.29287 -20.3786 -355.139 0.29287 -20.3786 -345.139 0.133952 -20.1715 -350.139 0.133952 -20.1715 -355.139 0.133952 -20.1715 -345.139 0.0340509 -19.9303 -350.139 0.0340509 -19.9303 -355.139 0.0340509 -19.9303 -345.139 0.0340509 20.0614 -350.139 0.0340509 20.0614 -355.139 0.0340509 20.0614 -345.139 0.133952 20.3026 -350.139 0.133952 20.3026 -355.139 0.133952 20.3026 -345.139 0.29287 20.5097 -350.139 0.29287 20.5097 -355.139 0.29287 20.5097 -345.139 0.499977 20.6686 -350.139 0.499977 20.6686 -355.139 0.499977 20.6686 -345.139 0.741158 20.7685 -350.139 0.741158 20.7685 -355.139 0.741158 20.7685 -350.126 -2.19345e-05 13.0776 -350.831 -2.19345e-05 13.1704 -351.489 -2.19345e-05 13.4426 -352.053 -2.19345e-05 13.8757 -352.486 -2.19345e-05 14.4401 -352.758 -2.19345e-05 15.0973 -352.851 -2.19345e-05 15.8026 -352.758 -2.19345e-05 16.5078 -352.486 -2.19345e-05 17.1651 -352.053 -2.19345e-05 17.7294 -351.489 -2.19345e-05 18.1625 -350.831 -2.19345e-05 18.4347 -350.126 -2.19345e-05 18.5276 -349.421 -2.19345e-05 18.4347 -348.764 -2.19345e-05 18.1625 -348.199 -2.19345e-05 17.7294 -347.766 -2.19345e-05 17.1651 -347.494 -2.19345e-05 16.5078 -347.401 -2.19345e-05 15.8026 -347.494 -2.19345e-05 15.0973 -347.766 -2.19345e-05 14.4401 -348.199 -2.19345e-05 13.8757 -348.764 -2.19345e-05 13.4426 -349.421 -2.19345e-05 13.1704 -350.139 -2.19345e-05 -18.3965 -349.433 -2.19345e-05 -18.3036 -348.776 -2.19345e-05 -18.0314 -348.212 -2.19345e-05 -17.5984 -347.779 -2.19345e-05 -17.034 -347.507 -2.19345e-05 -16.3768 -347.414 -2.19345e-05 -15.6715 -347.507 -2.19345e-05 -14.9662 -347.779 -2.19345e-05 -14.309 -348.212 -2.19345e-05 -13.7446 -348.776 -2.19345e-05 -13.3116 -349.433 -2.19345e-05 -13.0393 -350.139 -2.19345e-05 -12.9465 -350.844 -2.19345e-05 -13.0393 -351.501 -2.19345e-05 -13.3116 -352.066 -2.19345e-05 -13.7446 -352.499 -2.19345e-05 -14.309 -352.771 -2.19345e-05 -14.9662 -352.864 -2.19345e-05 -15.6715 -352.771 -2.19345e-05 -16.3768 -352.499 -2.19345e-05 -17.034 -352.066 -2.19345e-05 -17.5984 -351.501 -2.19345e-05 -18.0314 -350.844 -2.19345e-05 -18.3036 -350.139 17 -18.3965 -350.844 17 -18.3036 -351.501 17 -18.0314 -352.066 17 -17.5984 -352.499 17 -17.034 -352.771 17 -16.3768 -352.864 17 -15.6715 -352.771 17 -14.9662 -352.499 17 -14.309 -352.066 17 -13.7446 -351.501 17 -13.3116 -350.844 17 -13.0393 -350.139 17 -12.9465 -349.433 17 -13.0393 -348.776 17 -13.3116 -348.212 17 -13.7446 -347.779 17 -14.309 -347.507 17 -14.9662 -347.414 17 -15.6715 -347.507 17 -16.3768 -347.779 17 -17.034 -348.212 17 -17.5984 -348.776 17 -18.0314 -349.433 17 -18.3036 -350.139 8.49998 -18.3965 -349.433 8.49998 -18.3036 -348.776 8.49998 -18.0314 -348.212 8.49998 -17.5984 -347.779 8.49998 -17.034 -347.507 8.49998 -16.3768 -347.414 8.49998 -15.6715 -347.507 8.49998 -14.9662 -347.779 8.49998 -14.309 -348.212 8.49998 -13.7446 -348.776 8.49998 -13.3116 -349.433 8.49998 -13.0393 -350.139 8.49998 -12.9465 -350.844 8.49998 -13.0393 -351.501 8.49998 -13.3116 -352.066 8.49998 -13.7446 -352.499 8.49998 -14.309 -352.771 8.49998 -14.9662 -352.864 8.49998 -15.6715 -352.771 8.49998 -16.3768 -352.499 8.49998 -17.034 -352.066 8.49998 -17.5984 -351.501 8.49998 -18.0314 -350.844 8.49998 -18.3036 -350.126 17 13.0776 -349.421 17 13.1704 -348.764 17 13.4426 -348.199 17 13.8757 -347.766 17 14.4401 -347.494 17 15.0973 -347.401 17 15.8026 -347.494 17 16.5078 -347.766 17 17.1651 -348.199 17 17.7294 -348.764 17 18.1625 -349.421 17 18.4347 -350.126 17 18.5276 -350.831 17 18.4347 -351.489 17 18.1625 -352.053 17 17.7294 -352.486 17 17.1651 -352.758 17 16.5078 -352.851 17 15.8026 -352.758 17 15.0973 -352.486 17 14.4401 -352.053 17 13.8757 -351.489 17 13.4426 -350.831 17 13.1704 -350.139 8.99998 6.06553 -351.692 8.99998 5.86108 -353.139 8.99998 5.26168 -354.381 8.99998 4.30817 -355.335 8.99998 3.06553 -355.934 8.99998 1.61844 -356.139 8.99998 0.0655293 -355.934 8.99998 -1.48738 -355.335 8.99998 -2.93447 -354.381 8.99998 -4.17711 -353.139 8.99998 -5.13062 -351.692 8.99998 -5.73003 -350.139 8.99998 -5.93447 -348.586 8.99998 -5.73003 -347.139 8.99998 -5.13062 -345.896 8.99998 -4.17711 -344.943 8.99998 -2.93447 -344.343 8.99998 -1.48738 -344.139 8.99998 0.0655293 -344.343 8.99998 1.61844 -344.943 8.99998 3.06553 -345.896 8.99998 4.30817 -347.139 8.99998 5.26168 -348.586 8.99998 5.86108 -350.139 3.99998 -2.43447 -349.492 3.99998 -2.34928 -348.889 3.99998 -2.09954 -348.371 3.99998 -1.70224 -347.974 3.99998 -1.18447 -347.724 3.99998 -0.58152 -347.639 3.99998 0.0655293 -347.724 3.99998 0.712574 -347.974 3.99998 1.31553 -348.371 3.99998 1.83329 -348.889 3.99998 2.23059 -349.492 3.99998 2.48034 -350.139 3.99998 2.56553 -350.786 3.99998 2.48034 -351.389 3.99998 2.23059 -351.906 3.99998 1.83329 -352.304 3.99998 1.31553 -352.554 3.99998 0.712574 -352.639 3.99998 0.0655293 -352.554 3.99998 -0.58152 -352.304 3.99998 -1.18447 -351.906 3.99998 -1.70224 -351.389 3.99998 -2.09954 -350.786 3.99998 -2.34928 -356.139 3.99998 0.0655293 -355.934 3.99998 1.61844 -355.335 3.99998 3.06553 -354.381 3.99998 4.30817 -353.139 3.99998 5.26168 -351.692 3.99998 5.86108 -350.139 3.99998 6.06553 -348.586 3.99998 5.86108 -347.139 3.99998 5.26168 -345.896 3.99998 4.30817 -344.943 3.99998 3.06553 -344.343 3.99998 1.61844 -344.139 3.99998 0.0655293 -344.343 3.99998 -1.48738 -344.943 3.99998 -2.93447 -345.896 3.99998 -4.17711 -347.139 3.99998 -5.13062 -348.586 3.99998 -5.73003 -350.139 3.99998 -5.93447 -351.692 3.99998 -5.73003 -353.139 3.99998 -5.13062 -354.381 3.99998 -4.17711 -355.335 3.99998 -2.93447 -355.934 3.99998 -1.48738 -350.139 -1.53587 -2.43447 -350.786 -1.53587 -2.34928 -351.389 -1.53587 -2.09954 -351.906 -1.53587 -1.70224 -352.304 -1.53587 -1.18447 -352.554 -1.53587 -0.58152 -352.639 -1.53587 0.0655293 -352.554 -1.53587 0.712574 -352.304 -1.53587 1.31553 -351.906 -1.53587 1.83329 -351.389 -1.53587 2.23059 -350.786 -1.53587 2.48034 -350.139 -1.53587 2.56553 -349.492 -1.53587 2.48034 -348.889 -1.53587 2.23059 -348.371 -1.53587 1.83329 -347.974 -1.53587 1.31553 -347.724 -1.53587 0.712574 -347.639 -1.53587 0.0655293 -347.724 -1.53587 -0.58152 -347.974 -1.53587 -1.18447 -348.371 -1.53587 -1.70224 -348.889 -1.53587 -2.09954 -349.492 -1.53587 -2.34928 -350.126 8.49998 13.0776 -349.421 8.49998 13.1704 -348.764 8.49998 13.4426 -348.199 8.49998 13.8757 -347.766 8.49998 14.4401 -347.494 8.49998 15.0973 -347.401 8.49998 15.8026 -347.494 8.49998 16.5078 -347.766 8.49998 17.1651 -348.199 8.49998 17.7294 -348.764 8.49998 18.1625 -349.421 8.49998 18.4347 -350.126 8.49998 18.5276 -350.831 8.49998 18.4347 -351.489 8.49998 18.1625 -352.053 8.49998 17.7294 -352.486 8.49998 17.1651 -352.758 8.49998 16.5078 -352.851 8.49998 15.8026 -352.758 8.49998 15.0973 -352.486 8.49998 14.4401 -352.053 8.49998 13.8757 -351.489 8.49998 13.4426 -350.831 8.49998 13.1704 -570.139 3.09998 3.9026 -570.139 3.09998 -3.7715 -565.839 3.09998 -3.7715 -565.839 3.09998 3.9026 -570.139 -0.100022 -3.7715 -565.839 -0.100022 -3.7715 -570.139 -0.100022 3.9026 -565.839 -0.100022 3.9026 -570.139 0.999975 -20.6715 -570.139 0.741158 -20.6374 -570.139 0.499977 -20.5375 -570.139 0.29287 -20.3786 -570.139 0.133952 -20.1715 -570.139 0.0340509 -19.9303 -570.139 -2.19345e-05 -19.6715 -570.139 -2.19345e-05 -5.6715 -570.139 -1.53587 -5.6715 -570.139 -1.53587 5.8026 -570.139 -2.19345e-05 5.8026 -570.139 -2.19345e-05 19.8026 -570.139 0.0340509 20.0614 -570.139 0.133952 20.3026 -570.139 0.29287 20.5097 -570.139 0.499977 20.6686 -570.139 0.741158 20.7685 -570.139 0.999975 20.8026 -570.139 17 20.8026 -570.139 17 10.8026 -570.139 8.99998 10.8026 -570.139 8.99998 -10.6715 -570.139 17 -10.6715 -570.139 17 -20.6715 -550.139 3.09998 -3.7715 -550.139 3.09998 3.9026 -554.439 3.09998 3.9026 -554.439 3.09998 -3.7715 -550.139 -0.100022 3.9026 -554.439 -0.100022 3.9026 -550.139 -0.100022 -3.7715 -554.439 -0.100022 -3.7715 -550.139 -2.19345e-05 -19.6715 -550.139 0.0340509 -19.9303 -550.139 0.133952 -20.1715 -550.139 0.29287 -20.3786 -550.139 0.499977 -20.5375 -550.139 0.741158 -20.6374 -550.139 0.999975 -20.6715 -550.139 17 -20.6715 -550.139 17 -10.6715 -550.139 8.99998 -10.6715 -550.139 8.99998 10.8026 -550.139 17 10.8026 -550.139 17 20.8026 -550.139 0.999975 20.8026 -550.139 0.741158 20.7685 -550.139 0.499977 20.6686 -550.139 0.29287 20.5097 -550.139 0.133952 20.3026 -550.139 0.0340509 20.0614 -550.139 -2.19345e-05 19.8026 -550.139 -2.19345e-05 5.8026 -550.139 -1.53587 5.8026 -550.139 -1.53587 -5.6715 -550.139 -2.19345e-05 -5.6715 -555.139 0.741158 -20.6374 -560.139 0.741158 -20.6374 -565.139 0.741158 -20.6374 -555.139 0.499977 -20.5375 -560.139 0.499977 -20.5375 -565.139 0.499977 -20.5375 -555.139 0.29287 -20.3786 -560.139 0.29287 -20.3786 -565.139 0.29287 -20.3786 -555.139 0.133952 -20.1715 -560.139 0.133952 -20.1715 -565.139 0.133952 -20.1715 -555.139 0.0340509 -19.9303 -560.139 0.0340509 -19.9303 -565.139 0.0340509 -19.9303 -555.139 0.0340509 20.0614 -560.139 0.0340509 20.0614 -565.139 0.0340509 20.0614 -555.139 0.133952 20.3026 -560.139 0.133952 20.3026 -565.139 0.133952 20.3026 -555.139 0.29287 20.5097 -560.139 0.29287 20.5097 -565.139 0.29287 20.5097 -555.139 0.499977 20.6686 -560.139 0.499977 20.6686 -565.139 0.499977 20.6686 -555.139 0.741158 20.7685 -560.139 0.741158 20.7685 -565.139 0.741158 20.7685 -560.126 -2.19345e-05 13.0776 -560.831 -2.19345e-05 13.1704 -561.489 -2.19345e-05 13.4426 -562.053 -2.19345e-05 13.8757 -562.486 -2.19345e-05 14.4401 -562.758 -2.19345e-05 15.0973 -562.851 -2.19345e-05 15.8026 -562.758 -2.19345e-05 16.5078 -562.486 -2.19345e-05 17.1651 -562.053 -2.19345e-05 17.7294 -561.489 -2.19345e-05 18.1625 -560.831 -2.19345e-05 18.4347 -560.126 -2.19345e-05 18.5276 -559.421 -2.19345e-05 18.4347 -558.764 -2.19345e-05 18.1625 -558.199 -2.19345e-05 17.7294 -557.766 -2.19345e-05 17.1651 -557.494 -2.19345e-05 16.5078 -557.401 -2.19345e-05 15.8026 -557.494 -2.19345e-05 15.0973 -557.766 -2.19345e-05 14.4401 -558.199 -2.19345e-05 13.8757 -558.764 -2.19345e-05 13.4426 -559.421 -2.19345e-05 13.1704 -560.139 -2.19345e-05 -18.3965 -559.433 -2.19345e-05 -18.3036 -558.776 -2.19345e-05 -18.0314 -558.212 -2.19345e-05 -17.5984 -557.779 -2.19345e-05 -17.034 -557.507 -2.19345e-05 -16.3768 -557.414 -2.19345e-05 -15.6715 -557.507 -2.19345e-05 -14.9662 -557.779 -2.19345e-05 -14.309 -558.212 -2.19345e-05 -13.7446 -558.776 -2.19345e-05 -13.3116 -559.433 -2.19345e-05 -13.0393 -560.139 -2.19345e-05 -12.9465 -560.844 -2.19345e-05 -13.0393 -561.501 -2.19345e-05 -13.3116 -562.066 -2.19345e-05 -13.7446 -562.499 -2.19345e-05 -14.309 -562.771 -2.19345e-05 -14.9662 -562.864 -2.19345e-05 -15.6715 -562.771 -2.19345e-05 -16.3768 -562.499 -2.19345e-05 -17.034 -562.066 -2.19345e-05 -17.5984 -561.501 -2.19345e-05 -18.0314 -560.844 -2.19345e-05 -18.3036 -560.139 17 -18.3965 -560.844 17 -18.3036 -561.501 17 -18.0314 -562.066 17 -17.5984 -562.499 17 -17.034 -562.771 17 -16.3768 -562.864 17 -15.6715 -562.771 17 -14.9662 -562.499 17 -14.309 -562.066 17 -13.7446 -561.501 17 -13.3116 -560.844 17 -13.0393 -560.139 17 -12.9465 -559.433 17 -13.0393 -558.776 17 -13.3116 -558.212 17 -13.7446 -557.779 17 -14.309 -557.507 17 -14.9662 -557.414 17 -15.6715 -557.507 17 -16.3768 -557.779 17 -17.034 -558.212 17 -17.5984 -558.776 17 -18.0314 -559.433 17 -18.3036 -560.139 8.49998 -18.3965 -559.433 8.49998 -18.3036 -558.776 8.49998 -18.0314 -558.212 8.49998 -17.5984 -557.779 8.49998 -17.034 -557.507 8.49998 -16.3768 -557.414 8.49998 -15.6715 -557.507 8.49998 -14.9662 -557.779 8.49998 -14.309 -558.212 8.49998 -13.7446 -558.776 8.49998 -13.3116 -559.433 8.49998 -13.0393 -560.139 8.49998 -12.9465 -560.844 8.49998 -13.0393 -561.501 8.49998 -13.3116 -562.066 8.49998 -13.7446 -562.499 8.49998 -14.309 -562.771 8.49998 -14.9662 -562.864 8.49998 -15.6715 -562.771 8.49998 -16.3768 -562.499 8.49998 -17.034 -562.066 8.49998 -17.5984 -561.501 8.49998 -18.0314 -560.844 8.49998 -18.3036 -560.126 17 13.0776 -559.421 17 13.1704 -558.764 17 13.4426 -558.199 17 13.8757 -557.766 17 14.4401 -557.494 17 15.0973 -557.401 17 15.8026 -557.494 17 16.5078 -557.766 17 17.1651 -558.199 17 17.7294 -558.764 17 18.1625 -559.421 17 18.4347 -560.126 17 18.5276 -560.831 17 18.4347 -561.489 17 18.1625 -562.053 17 17.7294 -562.486 17 17.1651 -562.758 17 16.5078 -562.851 17 15.8026 -562.758 17 15.0973 -562.486 17 14.4401 -562.053 17 13.8757 -561.489 17 13.4426 -560.831 17 13.1704 -560.139 8.99998 6.06553 -561.692 8.99998 5.86108 -563.139 8.99998 5.26168 -564.381 8.99998 4.30817 -565.335 8.99998 3.06553 -565.934 8.99998 1.61844 -566.139 8.99998 0.0655293 -565.934 8.99998 -1.48738 -565.335 8.99998 -2.93447 -564.381 8.99998 -4.17711 -563.139 8.99998 -5.13062 -561.692 8.99998 -5.73003 -560.139 8.99998 -5.93447 -558.586 8.99998 -5.73003 -557.139 8.99998 -5.13062 -555.896 8.99998 -4.17711 -554.943 8.99998 -2.93447 -554.343 8.99998 -1.48738 -554.139 8.99998 0.0655293 -554.343 8.99998 1.61844 -554.943 8.99998 3.06553 -555.896 8.99998 4.30817 -557.139 8.99998 5.26168 -558.586 8.99998 5.86108 -560.139 3.99998 -2.43447 -559.492 3.99998 -2.34928 -558.889 3.99998 -2.09954 -558.371 3.99998 -1.70224 -557.974 3.99998 -1.18447 -557.724 3.99998 -0.58152 -557.639 3.99998 0.0655293 -557.724 3.99998 0.712574 -557.974 3.99998 1.31553 -558.371 3.99998 1.83329 -558.889 3.99998 2.23059 -559.492 3.99998 2.48034 -560.139 3.99998 2.56553 -560.786 3.99998 2.48034 -561.389 3.99998 2.23059 -561.906 3.99998 1.83329 -562.304 3.99998 1.31553 -562.554 3.99998 0.712574 -562.639 3.99998 0.0655293 -562.554 3.99998 -0.58152 -562.304 3.99998 -1.18447 -561.906 3.99998 -1.70224 -561.389 3.99998 -2.09954 -560.786 3.99998 -2.34928 -566.139 3.99998 0.0655293 -565.934 3.99998 1.61844 -565.335 3.99998 3.06553 -564.381 3.99998 4.30817 -563.139 3.99998 5.26168 -561.692 3.99998 5.86108 -560.139 3.99998 6.06553 -558.586 3.99998 5.86108 -557.139 3.99998 5.26168 -555.896 3.99998 4.30817 -554.943 3.99998 3.06553 -554.343 3.99998 1.61844 -554.139 3.99998 0.0655293 -554.343 3.99998 -1.48738 -554.943 3.99998 -2.93447 -555.896 3.99998 -4.17711 -557.139 3.99998 -5.13062 -558.586 3.99998 -5.73003 -560.139 3.99998 -5.93447 -561.692 3.99998 -5.73003 -563.139 3.99998 -5.13062 -564.381 3.99998 -4.17711 -565.335 3.99998 -2.93447 -565.934 3.99998 -1.48738 -560.139 -1.53587 -2.43447 -560.786 -1.53587 -2.34928 -561.389 -1.53587 -2.09954 -561.906 -1.53587 -1.70224 -562.304 -1.53587 -1.18447 -562.554 -1.53587 -0.58152 -562.639 -1.53587 0.0655293 -562.554 -1.53587 0.712574 -562.304 -1.53587 1.31553 -561.906 -1.53587 1.83329 -561.389 -1.53587 2.23059 -560.786 -1.53587 2.48034 -560.139 -1.53587 2.56553 -559.492 -1.53587 2.48034 -558.889 -1.53587 2.23059 -558.371 -1.53587 1.83329 -557.974 -1.53587 1.31553 -557.724 -1.53587 0.712574 -557.639 -1.53587 0.0655293 -557.724 -1.53587 -0.58152 -557.974 -1.53587 -1.18447 -558.371 -1.53587 -1.70224 -558.889 -1.53587 -2.09954 -559.492 -1.53587 -2.34928 -560.126 8.49998 13.0776 -559.421 8.49998 13.1704 -558.764 8.49998 13.4426 -558.199 8.49998 13.8757 -557.766 8.49998 14.4401 -557.494 8.49998 15.0973 -557.401 8.49998 15.8026 -557.494 8.49998 16.5078 -557.766 8.49998 17.1651 -558.199 8.49998 17.7294 -558.764 8.49998 18.1625 -559.421 8.49998 18.4347 -560.126 8.49998 18.5276 -560.831 8.49998 18.4347 -561.489 8.49998 18.1625 -562.053 8.49998 17.7294 -562.486 8.49998 17.1651 -562.758 8.49998 16.5078 -562.851 8.49998 15.8026 -562.758 8.49998 15.0973 -562.486 8.49998 14.4401 -562.053 8.49998 13.8757 -561.489 8.49998 13.4426 -560.831 8.49998 13.1704 22.9997 -3.00002 -18.5629 22.9486 -3.00002 -18.9512 22.7987 -3.00002 -19.3129 22.5604 -3.00002 -19.6236 22.2497 -3.00002 -19.862 21.8879 -3.00002 -20.0118 21.4997 -3.00002 -20.0629 21.4997 -2.22356 -19.9607 21.4997 -1.50002 -19.661 21.4997 -0.8787 -19.1843 21.4997 -0.401944 -18.5629 21.4997 -0.102243 -17.8394 21.4997 -2.09808e-05 -17.0629 21.8879 -0.0511322 -17.0629 22.2497 -0.200982 -17.0629 22.5604 -0.43936 -17.0629 22.7987 -0.750021 -17.0629 22.9486 -1.11179 -17.0629 22.9997 -1.50002 -17.0629 22.9997 -1.55113 -17.4512 22.9997 -1.70098 -17.8129 22.9997 -1.93936 -18.1236 22.9997 -2.25002 -18.362 22.9997 -2.61179 -18.5118 21.8879 -2.23679 -19.9113 22.2497 -2.27558 -19.7666 22.5604 -2.33727 -19.5363 22.7987 -2.41768 -19.2363 22.9486 -2.51131 -18.8868 21.8879 -1.52558 -19.6167 22.2497 -1.6005 -19.487 22.5604 -1.71969 -19.2805 22.7987 -1.87502 -19.0115 22.9486 -2.05591 -18.6982 21.8879 -0.914841 -19.1481 22.2497 -1.0208 -19.0422 22.5604 -1.18936 -18.8736 22.7987 -1.40903 -18.6539 22.9486 -1.66484 -18.3981 21.8879 -0.446208 -18.5374 22.2497 -0.575982 -18.4625 22.5604 -0.782424 -18.3433 22.7987 -1.05146 -18.1879 22.9486 -1.36477 -18.007 21.8879 -0.151613 -17.8262 22.2497 -0.296357 -17.7874 22.5604 -0.526613 -17.7257 22.7987 -0.826687 -17.6453 22.9486 -1.17613 -17.5516 21.4997 -2.09808e-05 -5.79998 21.6467 -0.00724316 -5.8072 21.7923 -0.0288429 -5.8288 22.0737 -0.114201 -5.91416 22.333 -0.252816 -6.05278 22.5604 -0.43936 -6.23931 22.7469 -0.666665 -6.46662 22.8855 -0.925995 -6.72596 22.9709 -1.20739 -7.00735 22.9997 -1.50002 -7.29998 21.8879 -0.0511322 -11.4315 22.2497 -0.200982 -11.4315 22.5604 -0.43936 -11.4315 22.7987 -0.750021 -11.4315 22.9486 -1.11179 -11.4315 22.9997 -3.03587 -7.29998 22.9997 -3.03587 7.17411 22.9997 -1.50002 7.17411 22.9997 -1.50002 16.9371 22.9997 -1.55113 17.3253 22.9997 -1.70098 17.6871 22.9997 -1.93936 17.9977 22.9997 -2.25002 18.2361 22.9997 -2.61179 18.386 22.9997 -3.00002 18.4371 22.9997 -12.763 18.4371 22.9997 -12.763 16.9012 22.9997 -27.2371 16.9012 22.9997 -27.2371 18.4371 22.9997 -37 18.4371 22.9997 -37.3883 18.386 22.9997 -37.75 18.2361 22.9997 -38.0607 17.9977 22.9997 -38.2991 17.6871 22.9997 -38.4489 17.3253 22.9997 -38.5 16.9371 22.9997 -38.5 7.17411 22.9997 -36.9642 7.17411 22.9997 -36.9642 -7.29998 22.9997 -38.5 -7.29998 22.9997 -38.5 -17.0629 22.9997 -38.4489 -17.4512 22.9997 -38.2991 -17.8129 22.9997 -38.0607 -18.1236 22.9997 -37.75 -18.362 22.9997 -37.3883 -18.5118 22.9997 -37 -18.5629 22.9997 -27.2371 -18.5629 22.9997 -27.2371 -17.0271 22.9997 -23.5001 -17.0271 22.9997 -23.5001 -17.0273 22.9997 -16.5001 -17.0273 22.9997 -16.5001 -17.0271 22.9997 -12.763 -17.0271 22.9997 -12.763 -18.5629 21.4997 -1.53587 -5.79998 21.6467 -1.54309 -5.8072 21.7923 -1.56469 -5.8288 22.0737 -1.65005 -5.91416 22.333 -1.78866 -6.05278 22.5604 -1.97521 -6.23931 22.7469 -2.20251 -6.46662 22.8855 -2.46184 -6.72596 22.9709 -2.74323 -7.00735 19.9997 -3.00002 -20.0629 19.9997 -2.22356 -19.9607 19.9997 -1.50002 -19.661 19.9997 -0.8787 -19.1843 19.9997 -0.401944 -18.5629 19.9997 -0.102243 -17.8394 19.9997 -2.09808e-05 -17.0629 22.9709 -23.7927 -17.3197 22.8855 -24.0741 -17.6011 22.7469 -24.3334 -17.8604 22.5604 -24.5607 -18.0877 22.333 -24.7473 -18.2743 22.0737 -24.8859 -18.4129 21.7923 -24.9712 -18.4983 21.6467 -24.9928 -18.5199 21.4997 -25.0001 -18.5271 21.4997 -25.0001 -18.5273 21.6467 -24.9928 -18.5201 21.7923 -24.9712 -18.4985 22.0737 -24.8859 -18.4131 22.333 -24.7473 -18.2745 22.5604 -24.5607 -18.0879 22.7469 -24.3334 -17.8606 22.8855 -24.0741 -17.6013 22.9709 -23.7927 -17.3199 21.4997 -40 -5.79998 21.4997 -40 -17.0629 21.8879 -39.9489 -17.0629 22.2497 -39.7991 -17.0629 22.5604 -39.5607 -17.0629 22.7987 -39.25 -17.0629 22.9486 -38.8883 -17.0629 22.9709 -38.7927 -7.00735 22.8855 -39.074 -6.72596 22.7469 -39.3334 -6.46662 22.5604 -39.5607 -6.23931 22.333 -39.7472 -6.05278 22.0737 -39.8858 -5.91416 21.7923 -39.9712 -5.8288 21.6467 -39.9928 -5.8072 21.8879 -39.9489 -11.4315 22.2497 -39.7991 -11.4315 22.5604 -39.5607 -11.4315 22.7987 -39.25 -11.4315 22.9486 -38.8883 -11.4315 21.4997 -14.263 -18.5271 21.4997 -14.263 -20.0629 21.6467 -14.2558 -20.0557 21.7923 -14.2342 -20.0341 22.0737 -14.1488 -19.9487 22.333 -14.0102 -19.8101 22.5604 -13.8237 -19.6236 22.7469 -13.5964 -19.3963 22.8855 -13.337 -19.137 22.9709 -13.0557 -18.8556 22.9709 -13.0557 -17.3197 22.8855 -13.337 -17.6011 22.7469 -13.5964 -17.8604 22.5604 -13.8237 -18.0877 22.333 -14.0102 -18.2743 22.0737 -14.1488 -18.4129 21.7923 -14.2342 -18.4983 21.6467 -14.2558 -18.5199 22.9709 -38.7927 6.88148 22.8855 -39.074 6.60009 22.7469 -39.3334 6.34076 22.5604 -39.5607 6.11346 22.333 -39.7472 5.92691 22.0737 -39.8858 5.7883 21.7923 -39.9712 5.70294 21.6467 -39.9928 5.68134 21.4997 -40 5.67411 21.4997 -38.4642 5.67411 21.6467 -38.457 5.68134 21.7923 -38.4354 5.70294 22.0737 -38.35 5.7883 22.333 -38.2114 5.92691 22.5604 -38.0248 6.11346 22.7469 -37.7975 6.34076 22.8855 -37.5382 6.60009 22.9709 -37.2568 6.88148 22.9486 -38.8883 16.9371 22.7987 -39.25 16.9371 22.5604 -39.5607 16.9371 22.2497 -39.7991 16.9371 21.8879 -39.9489 16.9371 21.4997 -40 16.9371 22.9486 -38.8883 11.3056 22.7987 -39.25 11.3056 22.5604 -39.5607 11.3056 22.2497 -39.7991 11.3056 21.8879 -39.9489 11.3056 22.9486 -37 18.8253 22.7987 -37 19.1871 22.5604 -37 19.4977 22.2497 -37 19.7361 21.8879 -37 19.886 21.4997 -37 19.9371 21.4997 -37.7765 19.8348 21.4997 -38.5 19.5351 21.4997 -39.1213 19.0584 21.4997 -39.5981 18.4371 21.4997 -39.8978 17.7135 21.8879 -37.7633 19.7855 22.2497 -37.7245 19.6407 22.5604 -37.6628 19.4105 22.7987 -37.5824 19.1104 22.9486 -37.4887 18.761 21.8879 -38.4745 19.4909 22.2497 -38.3995 19.3611 22.5604 -38.2804 19.1547 22.7987 -38.125 18.8856 22.9486 -37.9441 18.5723 21.8879 -39.0852 19.0223 22.2497 -38.9792 18.9163 22.5604 -38.8107 18.7477 22.7987 -38.591 18.5281 22.9486 -38.3352 18.2723 21.8879 -39.5538 18.4115 22.2497 -39.4241 18.3366 22.5604 -39.2176 18.2174 22.7987 -38.9486 18.0621 22.9486 -38.6353 17.8812 21.8879 -39.8484 17.7003 22.2497 -39.7037 17.6615 22.5604 -39.4734 17.5998 22.7987 -39.1734 17.5194 22.9486 -38.8239 17.4258 21.4997 -25.7371 19.9371 22.9709 -26.9445 18.7297 22.8855 -26.6631 19.0111 22.7469 -26.4038 19.2704 22.5604 -26.1765 19.4977 22.333 -25.9899 19.6843 22.0737 -25.8513 19.8229 21.7923 -25.7659 19.9082 21.6467 -25.7443 19.9298 21.8879 -31.3686 19.886 22.2497 -31.3686 19.7361 22.5604 -31.3686 19.4977 22.7987 -31.3686 19.1871 22.9486 -31.3686 18.8253 21.4997 -1.53587 5.67411 21.6467 -1.54309 5.68134 21.7923 -1.56469 5.70294 22.0737 -1.65005 5.7883 22.333 -1.78866 5.92691 22.5604 -1.97521 6.11346 22.7469 -2.20251 6.34076 22.8855 -2.46184 6.60009 22.9709 -2.74323 6.88148 21.8879 -1.58698 -0.0629306 22.2497 -1.73683 -0.0629306 22.5604 -1.97521 -0.0629306 22.7987 -2.28587 -0.0629306 22.9486 -2.64764 -0.0629306 22.9709 -26.9445 17.1939 22.8855 -26.6631 17.4752 22.7469 -26.4038 17.7346 22.5604 -26.1765 17.9619 22.333 -25.9899 18.1484 22.0737 -25.8513 18.287 21.7923 -25.7659 18.3724 21.6467 -25.7443 18.394 21.4997 -25.7371 18.4012 22.9486 -3.00002 18.8253 22.7987 -3.00002 19.1871 22.5604 -3.00002 19.4977 22.2497 -3.00002 19.7361 21.8879 -3.00002 19.886 21.4997 -3.00002 19.9371 21.4997 -14.263 19.9371 21.6467 -14.2558 19.9298 21.7923 -14.2342 19.9082 22.0737 -14.1488 19.8229 22.333 -14.0102 19.6843 22.5604 -13.8237 19.4977 22.7469 -13.5964 19.2704 22.8855 -13.337 19.0111 22.9709 -13.0557 18.7297 22.9486 -8.63152 18.8253 22.7987 -8.63152 19.1871 22.5604 -8.63152 19.4977 22.2497 -8.63152 19.7361 21.8879 -8.63152 19.886 21.4997 -14.263 18.4012 21.6467 -14.2558 18.394 21.7923 -14.2342 18.3724 22.0737 -14.1488 18.287 22.333 -14.0102 18.1484 22.5604 -13.8237 17.9619 22.7469 -13.5964 17.7346 22.8855 -13.337 17.4752 22.9709 -13.0557 17.1939 22.9486 -1.11179 16.9371 22.7987 -0.750021 16.9371 22.5604 -0.43936 16.9371 22.2497 -0.200982 16.9371 21.8879 -0.0511322 16.9371 21.4997 -2.09808e-05 16.9371 21.4997 -0.102243 17.7135 21.4997 -0.401944 18.4371 21.4997 -0.8787 19.0584 21.4997 -1.50002 19.5351 21.4997 -2.22356 19.8348 21.8879 -0.151613 17.7003 22.2497 -0.296357 17.6615 22.5604 -0.526613 17.5998 22.7987 -0.826687 17.5194 22.9486 -1.17613 17.4258 21.8879 -0.446208 18.4115 22.2497 -0.575982 18.3366 22.5604 -0.782424 18.2174 22.7987 -1.05146 18.0621 22.9486 -1.36477 17.8812 21.8879 -0.914841 19.0223 22.2497 -1.0208 18.9163 22.5604 -1.18936 18.7477 22.7987 -1.40903 18.5281 22.9486 -1.66484 18.2723 21.8879 -1.52558 19.4909 22.2497 -1.6005 19.3611 22.5604 -1.71969 19.1547 22.7987 -1.87502 18.8856 22.9486 -2.05591 18.5723 21.8879 -2.23679 19.7855 22.2497 -2.27558 19.6407 22.5604 -2.33727 19.4105 22.7987 -2.41768 19.1104 22.9486 -2.51131 18.761 21.4997 -2.09808e-05 5.67411 22.9709 -1.20739 6.88148 22.8855 -0.925995 6.60009 22.7469 -0.666665 6.34076 22.5604 -0.43936 6.11346 22.333 -0.252816 5.92691 22.0737 -0.114201 5.7883 21.7923 -0.0288429 5.70294 21.6467 -0.00724316 5.68134 21.8879 -0.0511322 11.3056 22.2497 -0.200982 11.3056 22.5604 -0.43936 11.3056 22.7987 -0.750021 11.3056 22.9486 -1.11179 11.3056 22.7987 -20.0001 17.6512 22.9486 -20.0001 17.2894 22.5604 -20.0001 17.9619 22.2497 -20.0001 18.2003 21.8879 -20.0001 18.3501 21.8879 -8.63152 -20.0118 22.2497 -8.63152 -19.862 22.5604 -8.63152 -19.6236 22.7987 -8.63152 -19.3129 22.9486 -8.63152 -18.9512 21.4997 -38.4642 -5.79998 21.6467 -38.457 -5.8072 21.7923 -38.4354 -5.8288 22.0737 -38.35 -5.91416 22.333 -38.2114 -6.05278 22.5604 -38.0248 -6.23931 22.7469 -37.7975 -6.46662 22.8855 -37.5382 -6.72596 22.9709 -37.2568 -7.00735 22.7987 -37.7142 -0.0629306 22.9486 -37.3524 -0.0629306 22.5604 -38.0248 -0.0629306 22.2497 -38.2632 -0.0629306 21.8879 -38.4131 -0.0629306 21.4997 -15.0001 -18.5271 22.9709 -16.2074 -17.3197 22.8855 -15.926 -17.6011 22.7469 -15.6667 -17.8604 22.5604 -15.4394 -18.0877 22.333 -15.2529 -18.2743 22.0737 -15.1143 -18.4129 21.7923 -15.0289 -18.4983 21.6467 -15.0073 -18.5199 21.4997 -37 -20.0629 21.8879 -37 -20.0118 22.2497 -37 -19.862 22.5604 -37 -19.6236 22.7987 -37 -19.3129 22.9486 -37 -18.9512 21.4997 -39.8978 -17.8394 21.4997 -39.5981 -18.5629 21.4997 -39.1213 -19.1843 21.4997 -38.5 -19.661 21.4997 -37.7765 -19.9607 22.9486 -37.4887 -18.8868 22.7987 -37.5824 -19.2363 22.5604 -37.6628 -19.5363 22.2497 -37.7245 -19.7666 21.8879 -37.7633 -19.9113 22.9486 -37.9441 -18.6982 22.7987 -38.125 -19.0115 22.5604 -38.2804 -19.2805 22.2497 -38.3995 -19.487 21.8879 -38.4745 -19.6167 22.9486 -38.3352 -18.3981 22.7987 -38.591 -18.6539 22.5604 -38.8107 -18.8736 22.2497 -38.9792 -19.0422 21.8879 -39.0852 -19.1481 22.9486 -38.6353 -18.007 22.7987 -38.9486 -18.1879 22.5604 -39.2176 -18.3433 22.2497 -39.4241 -18.4625 21.8879 -39.5538 -18.5374 22.9486 -38.8239 -17.5516 22.7987 -39.1734 -17.6453 22.5604 -39.4734 -17.7257 22.2497 -39.7037 -17.7874 21.8879 -39.8484 -17.8262 21.4997 -25.7371 -20.0629 21.6467 -25.7443 -20.0557 21.7923 -25.7659 -20.0341 22.0737 -25.8513 -19.9487 22.333 -25.9899 -19.8101 22.5604 -26.1765 -19.6236 22.7469 -26.4038 -19.3963 22.8855 -26.6631 -19.137 22.9709 -26.9445 -18.8556 22.9486 -31.3686 -18.9512 22.7987 -31.3686 -19.3129 22.5604 -31.3686 -19.6236 22.2497 -31.3686 -19.862 21.8879 -31.3686 -20.0118 21.4997 -15.0001 -18.5273 22.9709 -16.2074 -17.3199 22.8855 -15.926 -17.6013 22.7469 -15.6667 -17.8606 22.5604 -15.4394 -18.0879 22.333 -15.2529 -18.2745 22.0737 -15.1143 -18.4131 21.7923 -15.0289 -18.4985 21.6467 -15.0073 -18.5201 21.4997 -25.7371 -18.5271 21.6467 -25.7443 -18.5199 21.7923 -25.7659 -18.4983 22.0737 -25.8513 -18.4129 22.333 -25.9899 -18.2743 22.5604 -26.1765 -18.0877 22.7469 -26.4038 -17.8604 22.8855 -26.6631 -17.6011 22.9709 -26.9445 -17.3197 21.8879 -20.0001 -18.4762 22.2497 -20.0001 -18.3263 22.5604 -20.0001 -18.0879 22.7987 -20.0001 -17.7773 22.9486 -20.0001 -17.4155 19.9997 -25.7371 -20.0629 19.9997 -25.7371 -18.5271 19.9997 -37 -20.0629 19.9997 -40 -17.0629 19.9997 -39.8978 -17.8394 19.9997 -39.5981 -18.5629 19.9997 -39.1213 -19.1843 19.9997 -38.5 -19.661 19.9997 -37.7765 -19.9607 19.9997 -40 -5.79998 19.9997 -38.4642 -5.79998 19.9997 -38.4642 5.67411 19.9997 -40 5.67411 19.9997 -40 16.9371 19.9997 -37 19.9371 19.9997 -37.7765 19.8348 19.9997 -38.5 19.5351 19.9997 -39.1213 19.0584 19.9997 -39.5981 18.4371 19.9997 -39.8978 17.7135 19.9997 -25.7371 19.9371 19.9997 -25.7371 18.4012 19.9997 -14.263 18.4012 19.9997 -14.263 19.9371 19.9997 -3.00002 19.9371 19.9997 -15.0001 -18.5273 19.9997 -15.0001 -18.5271 19.9997 -25.0001 -18.5271 19.9997 -25.0001 -18.5273 19.9997 -2.22356 19.8348 19.9997 -1.50002 19.5351 19.9997 -0.8787 19.0584 19.9997 -0.401944 18.4371 19.9997 -0.102243 17.7135 19.9997 -2.09808e-05 16.9371 19.9997 -2.09808e-05 5.67411 19.9997 -1.53587 5.67411 19.9997 -1.53587 -5.79998 19.9997 -2.09808e-05 -5.79998 19.9997 -14.263 -20.0629 19.9997 -14.263 -18.5271 19.9997 -24.8637 -0.0757861 19.9997 -24.6968 -1.344 19.9997 -24.2072 -2.52579 19.9997 -23.4285 -3.54061 19.9997 -22.4137 -4.31931 19.9997 -21.2319 -4.80883 19.9997 -19.9637 -4.97579 19.9997 -18.6955 -4.80883 19.9997 -17.5137 -4.31931 19.9997 -16.4989 -3.54061 19.9997 -15.7202 -2.52579 19.9997 -15.2307 -1.344 19.9997 -15.0637 -0.0757861 19.9997 -15.2307 1.19243 19.9997 -15.7202 2.37421 19.9997 -16.4989 3.38903 19.9997 -17.5137 4.16774 19.9997 -18.6955 4.65725 19.9997 -19.9637 4.82422 19.9997 -21.2319 4.65725 19.9997 -22.4137 4.16774 19.9997 -23.4285 3.38903 19.9997 -24.2072 2.37421 19.9997 -24.6968 1.19243 19.9997 -3.93089 -12.4939 19.9997 -4.46937 -12.0807 19.9997 -5.09644 -11.8209 19.9997 -5.76937 -11.7324 19.9997 -6.4423 -11.8209 19.9997 -7.06937 -12.0807 19.9997 -7.60785 -12.4939 19.9997 -8.02103 -13.0324 19.9997 -8.28078 -13.6594 19.9997 -8.36937 -14.3324 19.9997 -8.28078 -15.0053 19.9997 -8.02103 -15.6324 19.9997 -7.60785 -16.1708 19.9997 -7.06937 -16.584 19.9997 -6.4423 -16.8438 19.9997 -5.76937 -16.9324 19.9997 -5.09644 -16.8438 19.9997 -4.46937 -16.584 19.9997 -3.93089 -16.1708 19.9997 -3.5177 -15.6324 19.9997 -3.25796 -15.0053 19.9997 -3.16937 -14.3324 19.9997 -3.25796 -13.6594 19.9997 -3.5177 -13.0324 19.9997 -36.1079 12.3292 19.9997 -35.5694 11.9161 19.9997 -34.9424 11.6563 19.9997 -34.2694 11.5677 19.9997 -33.5965 11.6563 19.9997 -32.9694 11.9161 19.9997 -32.431 12.3292 19.9997 -32.0178 12.8677 19.9997 -31.758 13.4948 19.9997 -31.6694 14.1677 19.9997 -31.758 14.8406 19.9997 -32.0178 15.4677 19.9997 -32.431 16.0062 19.9997 -32.9694 16.4194 19.9997 -33.5965 16.6791 19.9997 -34.2694 16.7677 19.9997 -34.9424 16.6791 19.9997 -35.5694 16.4194 19.9997 -36.1079 16.0062 19.9997 -36.5211 15.4677 19.9997 -36.7809 14.8406 19.9997 -36.8694 14.1677 19.9997 -36.7809 13.4948 19.9997 -36.5211 12.8677 19.9997 -7.60785 16.0062 19.9997 -8.02103 15.4677 19.9997 -8.28078 14.8406 19.9997 -8.36937 14.1677 19.9997 -8.28078 13.4948 19.9997 -8.02103 12.8677 19.9997 -7.60785 12.3292 19.9997 -7.06937 11.9161 19.9997 -6.4423 11.6563 19.9997 -5.76937 11.5677 19.9997 -5.09644 11.6563 19.9997 -4.46937 11.9161 19.9997 -3.93089 12.3292 19.9997 -3.5177 12.8677 19.9997 -3.25796 13.4948 19.9997 -3.16937 14.1677 19.9997 -3.25796 14.8406 19.9997 -3.5177 15.4677 19.9997 -3.93089 16.0062 19.9997 -4.46937 16.4194 19.9997 -5.09644 16.6791 19.9997 -5.76937 16.7677 19.9997 -6.4423 16.6791 19.9997 -7.06937 16.4194 19.9997 -32.431 -16.1708 19.9997 -32.0178 -15.6324 19.9997 -31.758 -15.0053 19.9997 -31.6694 -14.3324 19.9997 -31.758 -13.6594 19.9997 -32.0178 -13.0324 19.9997 -32.431 -12.4939 19.9997 -32.9694 -12.0807 19.9997 -33.5965 -11.8209 19.9997 -34.2694 -11.7324 19.9997 -34.9424 -11.8209 19.9997 -35.5694 -12.0807 19.9997 -36.1079 -12.4939 19.9997 -36.5211 -13.0324 19.9997 -36.7809 -13.6594 19.9997 -36.8694 -14.3324 19.9997 -36.7809 -15.0053 19.9997 -36.5211 -15.6324 19.9997 -36.1079 -16.1708 19.9997 -35.5694 -16.584 19.9997 -34.9424 -16.8438 19.9997 -34.2694 -16.9324 19.9997 -33.5965 -16.8438 19.9997 -32.9694 -16.584 14.9997 -32.431 -16.1708 14.9997 -32.0178 -15.6324 14.9997 -31.758 -15.0053 14.9997 -31.6694 -14.3324 14.9997 -31.758 -13.6594 14.9997 -32.0178 -13.0324 14.9997 -32.431 -12.4939 14.9997 -32.9694 -12.0807 14.9997 -33.5965 -11.8209 14.9997 -34.2694 -11.7324 14.9997 -34.9424 -11.8209 14.9997 -35.5694 -12.0807 14.9997 -36.1079 -12.4939 14.9997 -36.5211 -13.0324 14.9997 -36.7809 -13.6594 14.9997 -36.8694 -14.3324 14.9997 -36.7809 -15.0053 14.9997 -36.5211 -15.6324 14.9997 -36.1079 -16.1708 14.9997 -35.5694 -16.584 14.9997 -34.9424 -16.8438 14.9997 -34.2694 -16.9324 14.9997 -33.5965 -16.8438 14.9997 -32.9694 -16.584 14.9997 -7.60785 16.0062 14.9997 -8.02103 15.4677 14.9997 -8.28078 14.8406 14.9997 -8.36937 14.1677 14.9997 -8.28078 13.4948 14.9997 -8.02103 12.8677 14.9997 -7.60785 12.3292 14.9997 -7.06937 11.9161 14.9997 -6.4423 11.6563 14.9997 -5.76937 11.5677 14.9997 -5.09644 11.6563 14.9997 -4.46937 11.9161 14.9997 -3.93089 12.3292 14.9997 -3.5177 12.8677 14.9997 -3.25796 13.4948 14.9997 -3.16937 14.1677 14.9997 -3.25796 14.8406 14.9997 -3.5177 15.4677 14.9997 -3.93089 16.0062 14.9997 -4.46937 16.4194 14.9997 -5.09644 16.6791 14.9997 -5.76937 16.7677 14.9997 -6.4423 16.6791 14.9997 -7.06937 16.4194 14.9997 -3.93089 -12.4939 14.9997 -4.46937 -12.0807 14.9997 -5.09644 -11.8209 14.9997 -5.76937 -11.7324 14.9997 -6.4423 -11.8209 14.9997 -7.06937 -12.0807 14.9997 -7.60785 -12.4939 14.9997 -8.02103 -13.0324 14.9997 -8.28078 -13.6594 14.9997 -8.36937 -14.3324 14.9997 -8.28078 -15.0053 14.9997 -8.02103 -15.6324 14.9997 -7.60785 -16.1708 14.9997 -7.06937 -16.584 14.9997 -6.4423 -16.8438 14.9997 -5.76937 -16.9324 14.9997 -5.09644 -16.8438 14.9997 -4.46937 -16.584 14.9997 -3.93089 -16.1708 14.9997 -3.5177 -15.6324 14.9997 -3.25796 -15.0053 14.9997 -3.16937 -14.3324 14.9997 -3.25796 -13.6594 14.9997 -3.5177 -13.0324 14.9997 -36.1079 12.3292 14.9997 -35.5694 11.9161 14.9997 -34.9424 11.6563 14.9997 -34.2694 11.5677 14.9997 -33.5965 11.6563 14.9997 -32.9694 11.9161 14.9997 -32.431 12.3292 14.9997 -32.0178 12.8677 14.9997 -31.758 13.4948 14.9997 -31.6694 14.1677 14.9997 -31.758 14.8406 14.9997 -32.0178 15.4677 14.9997 -32.431 16.0062 14.9997 -32.9694 16.4194 14.9997 -33.5965 16.6791 14.9997 -34.2694 16.7677 14.9997 -34.9424 16.6791 14.9997 -35.5694 16.4194 14.9997 -36.1079 16.0062 14.9997 -36.5211 15.4677 14.9997 -36.7809 14.8406 14.9997 -36.8694 14.1677 14.9997 -36.7809 13.4948 14.9997 -36.5211 12.8677 14.9997 -24.8637 -0.0757861 14.9997 -24.6968 -1.344 14.9997 -24.2072 -2.52579 14.9997 -23.4285 -3.54061 14.9997 -22.4137 -4.31931 14.9997 -21.2319 -4.80883 14.9997 -19.9637 -4.97579 14.9997 -18.6955 -4.80883 14.9997 -17.5137 -4.31931 14.9997 -16.4989 -3.54061 14.9997 -15.7202 -2.52579 14.9997 -15.2307 -1.344 14.9997 -15.0637 -0.0757861 14.9997 -15.2307 1.19243 14.9997 -15.7202 2.37421 14.9997 -16.4989 3.38903 14.9997 -17.5137 4.16774 14.9997 -18.6955 4.65725 14.9997 -19.9637 4.82422 14.9997 -21.2319 4.65725 14.9997 -22.4137 4.16774 14.9997 -23.4285 3.38903 14.9997 -24.2072 2.37421 14.9997 -24.6968 1.19243 -360.139 2.99998 -3.6715 -360.139 2.99998 3.8026 -356.139 2.99998 3.8026 -356.139 2.99998 -3.6715 -360.139 -2.19345e-05 3.8026 -356.139 -2.19345e-05 3.8026 -360.139 -2.19345e-05 -3.6715 -356.139 -2.19345e-05 -3.6715 -360.139 -2.19345e-05 -21.0491 -360.139 0.145654 -23.3024 -360.139 0.58026 -25.5182 -360.139 1.29656 -27.6596 -360.139 2.28262 -29.691 -360.139 3.94731 -32.6223 -360.139 4.60256 -33.6858 -360.139 5.33201 -34.6999 -360.139 6.13194 -35.6594 -360.139 4.73119 -26.7464 -360.139 3.76624 -17.7305 -360.139 3.22676 -8.67367 -360.139 3.10238 0.362175 -360.139 3.38681 9.39437 -360.139 4.08716 18.4404 -360.139 5.21324 27.4376 -360.139 6.77483 36.3235 -360.139 5.64773 35.119 -360.139 4.63904 33.8138 -360.139 3.75773 32.4194 -360.139 2.28273 29.8221 -360.139 1.29662 27.7908 -360.139 0.580287 25.6493 -360.139 0.145661 23.4335 -360.139 -2.19345e-05 21.1801 -360.139 -2.19345e-05 5.8026 -360.139 -1.53587 5.8026 -360.139 -1.53587 -5.6715 -360.139 -2.19345e-05 -5.6715 -550.139 2.28273 29.8221 -550.139 1.29662 27.7908 -550.139 0.580287 25.6493 -550.139 0.145661 23.4335 -550.139 -2.19345e-05 21.1801 -407.639 0.145661 23.4335 -455.139 0.145661 23.4335 -502.639 0.145661 23.4335 -407.639 0.580287 25.6493 -455.139 0.580287 25.6493 -502.639 0.580287 25.6493 -407.639 1.29662 27.7908 -455.139 1.29662 27.7908 -502.639 1.29662 27.7908 -550.139 3.75773 32.4194 -550.139 6.77483 36.3235 -550.139 5.64773 35.119 -550.139 4.63904 33.8138 -407.639 5.128 34.4783 -455.139 5.128 34.4783 -502.639 5.128 34.4783 -550.139 6.13194 -35.6594 -550.139 5.39207 -31.3184 -550.139 4.75324 -26.9118 -550.139 3.78389 -17.9389 -550.139 3.23209 -8.81664 -550.139 3.10252 0.377671 -550.139 3.39627 9.56621 -550.139 4.11086 18.6712 -550.139 5.24023 27.6155 -550.139 5.95761 32.0037 -455.139 5.3819 -31.2538 -455.139 4.7314 -26.7464 -455.139 4.19799 -22.2738 -455.139 3.76649 -17.7305 -455.139 3.22683 -8.67367 -455.139 3.10238 0.362175 -455.139 3.38687 9.39436 -455.139 4.08742 18.4403 -455.139 4.60002 22.9758 -455.139 5.21346 27.4375 -455.139 5.94515 31.9329 -550.139 3.94731 -32.6223 -550.139 4.60256 -33.6858 -550.139 5.33201 -34.6999 -398.139 4.95823 -34.1994 -436.139 4.95823 -34.1994 -474.139 4.95823 -34.1994 -512.139 4.95823 -34.1994 -550.139 2.28262 -29.691 -550.139 2.99998 3.8026 -550.139 2.99998 -3.6715 -554.139 2.99998 -3.6715 -554.139 2.99998 3.8026 -550.139 -2.19345e-05 3.8026 -554.139 -2.19345e-05 3.8026 -550.139 -2.19345e-05 -3.6715 -554.139 -2.19345e-05 -3.6715 -550.139 1.29656 -27.6596 -550.139 0.58026 -25.5182 -550.139 0.145654 -23.3024 -550.139 -2.19345e-05 -21.0491 -550.139 -2.19345e-05 -5.6715 -550.139 -1.53587 -5.6715 -550.139 -1.53587 5.8026 -550.139 -2.19345e-05 5.8026 -407.639 1.29656 -27.6596 -455.139 1.29656 -27.6596 -502.639 1.29656 -27.6596 -407.639 0.58026 -25.5182 -455.139 0.58026 -25.5182 -502.639 0.58026 -25.5182 -407.639 0.145654 -23.3024 -455.139 0.145654 -23.3024 -502.639 0.145654 -23.3024 -350.139 22.0001 13.6026 -350.139 22.0001 -13.4715 -350.139 17.0001 -13.4715 -350.139 17.0001 13.6026 -20.1378 17.0003 20.8026 -20.1378 17.0003 -20.6714 -20.1378 22.0003 -20.6714 -20.1378 22.0003 20.8026 -30.1388 22.0003 18.0026 -30.7082 22.0003 17.9276 -31.2388 22.0003 17.7078 -31.6944 22.0003 17.3582 -32.044 22.0003 16.9026 -32.2638 22.0003 16.372 -32.3388 22.0003 15.8026 -32.2638 22.0003 15.2332 -32.044 22.0003 14.7026 -31.6944 22.0003 14.2469 -31.2388 22.0003 13.8973 -30.7082 22.0003 13.6775 -30.1388 22.0003 13.6026 -29.5694 22.0003 13.6775 -29.0388 22.0003 13.8973 -28.5831 22.0003 14.2469 -28.2335 22.0003 14.7026 -28.0137 22.0003 15.2332 -27.9388 22.0003 15.8026 -28.0137 22.0003 16.372 -28.2335 22.0003 16.9026 -28.5831 22.0003 17.3582 -29.0388 22.0003 17.7078 -29.5694 22.0003 17.9276 -30.1262 22.0003 -13.4715 -30.6956 22.0003 -13.5464 -31.2262 22.0003 -13.7662 -31.6819 22.0003 -14.1158 -32.0315 22.0003 -14.5715 -32.2513 22.0003 -15.1021 -32.3262 22.0003 -15.6715 -32.2513 22.0003 -16.2409 -32.0315 22.0003 -16.7715 -31.6819 22.0003 -17.2271 -31.2262 22.0003 -17.5767 -30.6956 22.0003 -17.7965 -30.1262 22.0003 -17.8715 -29.5568 22.0003 -17.7965 -29.0262 22.0003 -17.5767 -28.5706 22.0003 -17.2271 -28.221 22.0003 -16.7715 -28.0012 22.0003 -16.2409 -27.9262 22.0003 -15.6715 -28.0012 22.0003 -15.1021 -28.221 22.0003 -14.5715 -28.5706 22.0003 -14.1158 -29.0262 22.0003 -13.7662 -29.5568 22.0003 -13.5464 -349.569 22.0001 13.6775 -349.039 22.0001 13.8973 -348.583 22.0001 14.2469 -348.234 22.0001 14.7026 -348.014 22.0001 15.2332 -347.939 22.0001 15.8026 -348.014 22.0001 16.372 -348.234 22.0001 16.9026 -348.583 22.0001 17.3582 -349.039 22.0001 17.7078 -349.569 22.0001 17.9276 -350.139 22.0001 18.0026 -350.139 22.0001 20.8026 -340.139 22.0001 20.8026 -340.139 22.0001 7.56556 -40.1378 22.0003 7.56556 -40.1378 22.0003 20.8026 -40.1378 22.0003 -20.6714 -40.1378 22.0003 -7.43444 -340.139 22.0001 -7.43444 -340.139 22.0001 -20.6714 -350.139 22.0001 -20.6714 -350.139 22.0001 -17.8714 -349.61 22.0001 -17.8101 -349.112 22.0001 -17.6235 -348.672 22.0001 -17.3227 -348.318 22.0001 -16.9252 -348.07 22.0001 -16.4543 -347.942 22.0001 -15.9376 -347.942 22.0001 -15.4053 -348.07 22.0001 -14.8886 -348.318 22.0001 -14.4178 -348.672 22.0001 -14.0203 -349.112 22.0001 -13.7195 -349.61 22.0001 -13.5329 -40.1378 17.0003 20.8026 -40.1378 17.0003 7.56556 -340.139 17.0001 7.56556 -340.139 17.0001 20.8026 -350.139 17.0001 20.8026 -350.139 17.0001 18.0026 -349.569 17.0001 17.9276 -349.039 17.0001 17.7078 -348.583 17.0001 17.3582 -348.233 17.0001 16.9026 -348.014 17.0001 16.372 -347.939 17.0001 15.8026 -348.014 17.0001 15.2332 -348.233 17.0001 14.7026 -348.583 17.0001 14.2469 -349.039 17.0001 13.8973 -349.569 17.0001 13.6775 -349.61 17.0001 -13.5329 -349.112 17.0001 -13.7195 -348.672 17.0001 -14.0203 -348.318 17.0001 -14.4178 -348.07 17.0001 -14.8887 -347.942 17.0001 -15.4053 -347.942 17.0001 -15.9376 -348.07 17.0001 -16.4543 -348.318 17.0001 -16.9252 -348.672 17.0001 -17.3227 -349.112 17.0001 -17.6235 -349.61 17.0001 -17.8101 -350.139 17.0001 -17.8715 -350.139 17.0001 -20.6714 -340.139 17.0001 -20.6714 -340.139 17.0001 -7.43445 -40.1378 17.0003 -7.43445 -40.1378 17.0003 -20.6714 -30.1388 17.0003 18.0026 -29.5694 17.0003 17.9276 -29.0388 17.0003 17.7078 -28.5831 17.0003 17.3582 -28.2335 17.0003 16.9026 -28.0137 17.0003 16.372 -27.9388 17.0003 15.8026 -28.0137 17.0003 15.2332 -28.2335 17.0003 14.7026 -28.5831 17.0003 14.2469 -29.0388 17.0003 13.8973 -29.5694 17.0003 13.6775 -30.1388 17.0003 13.6026 -30.7082 17.0003 13.6775 -31.2388 17.0003 13.8973 -31.6944 17.0003 14.2469 -32.044 17.0003 14.7026 -32.2638 17.0003 15.2332 -32.3388 17.0003 15.8026 -32.2638 17.0003 16.372 -32.044 17.0003 16.9026 -31.6944 17.0003 17.3582 -31.2388 17.0003 17.7078 -30.7082 17.0003 17.9276 -30.1262 17.0003 -13.4715 -29.5568 17.0003 -13.5465 -29.0262 17.0003 -13.7662 -28.5706 17.0003 -14.1159 -28.221 17.0003 -14.5715 -28.0012 17.0003 -15.1021 -27.9262 17.0003 -15.6715 -28.0012 17.0003 -16.2409 -28.221 17.0003 -16.7715 -28.5706 17.0003 -17.2271 -29.0262 17.0003 -17.5767 -29.5568 17.0003 -17.7965 -30.1262 17.0003 -17.8715 -30.6956 17.0003 -17.7965 -31.2262 17.0003 -17.5767 -31.6819 17.0003 -17.2271 -32.0315 17.0003 -16.7715 -32.2513 17.0003 -16.2409 -32.3262 17.0003 -15.6715 -32.2513 17.0003 -15.1021 -32.0315 17.0003 -14.5715 -31.6819 17.0003 -14.1159 -31.2262 17.0003 -13.7662 -30.6956 17.0003 -13.5465</float_array>
          <technique_common>
            <accessor source="#geometry_01b0d4d9_8c22_48bc_b1f9_2a0e74ea27a6-mesh-positions-array" count="7156" stride="3">
              <param name="X" type="float"/>
              <param name="Y" type="float"/>
              <param name="Z" type="float"/>
            </accessor>
          </technique_common>
        </source>
        <source id="geometry_01b0d4d9_8c22_48bc_b1f9_2a0e74ea27a6-mesh-normals">
          <float_array id="geometry_01b0d4d9_8c22_48bc_b1f9_2a0e74ea27a6-mesh-normals-array" count="8253">0 0 1 0 0 -1 0 -1 0 -0.9874 0.158133 -0.00595722 -0.971674 0.224863 -0.0727044 -0.965091 0.242779 -0.0982742 -0.938584 0.321836 -0.124429 -0.933114 0.31819 -0.167494 -0.872619 0.435529 -0.221021 -0.863623 0.435666 -0.253675 -0.788803 0.53333 -0.30553 -0.777176 0.53457 -0.332012 -0.671993 0.630724 -0.388089 -0.658698 0.628135 -0.414202 -0.513919 0.717052 -0.470876 -0.498693 0.713631 -0.491972 -0.326834 0.778164 -0.536321 -0.310246 0.772818 -0.553624 -0.158432 0.802098 -0.575794 -0.136531 0.730702 -0.668906 -0.979632 0.176521 0.0957172 -0.975284 0.201274 0.0911561 -0.976871 0.191481 0.0951771 -0.90959 0.358242 0.210495 -0.930602 0.286206 0.228182 -0.84358 0.409568 0.347314 -0.863313 0.359738 0.353948 -0.759035 0.456149 0.464535 -0.779628 0.417391 0.466867 -0.640466 0.504508 0.57903 -0.664195 0.466455 0.584179 -0.482472 0.539381 0.690137 -0.508233 0.508582 0.695013 -0.296265 0.557492 0.775519 -0.324396 0.531633 0.78239 -0.175897 0.54921 0.816963 -0.139754 0.631274 0.762864 -0.878548 0.423688 0.220551 -0.903778 0.276182 0.32697 -0.819651 0.437733 0.369542 -0.755737 0.405365 0.514336 -0.757224 0.40055 0.515918 -0.779502 0.361124 0.511827 -0.755931 0.39854 0.51936 -0.616945 0.491175 0.61492 -0.639385 0.426092 0.640025 -0.666236 0.384972 0.638691 -0.599708 0.399094 0.693595 -0.460832 0.500816 0.732678 -0.482223 0.437192 0.759161 -0.512236 0.402446 0.758718 -0.410078 0.37021 0.833535 -0.272887 0.507339 0.817398 -0.296016 0.435103 0.850329 -0.330123 0.404124 0.853055 -0.19095 0.317843 0.928716 -0.143887 0.415323 0.898222 -0.0357319 0.349232 0.936355 -0.177689 0.398602 0.899746 -0.140306 0.502909 0.852876 -0.169831 0.66679 0.725637 -0.130159 0.739914 0.659989 -0.159302 0.770207 0.61758 -0.117328 0.831424 0.54311 -0.149324 0.859154 0.489446 -0.106263 0.906092 0.40952 -0.143535 0.93007 0.338183 -0.0999765 0.961389 0.25639 -0.142903 0.976182 0.163244 -0.0983081 0.991718 0.0826463 -0.136969 0.990498 -0.0123696 -0.098277 0.989883 -0.102335 -0.13483 0.975981 -0.171119 -0.103088 0.956446 -0.273099 -0.133473 0.9391 -0.316665 -0.113725 0.898923 -0.423089 -0.134892 0.884832 -0.445955 -0.13047 0.822492 -0.55361 -0.17659 0.690699 -0.70125 -0.143555 0.6213 -0.77031 -0.18604 0.562483 -0.805607 -0.143247 0.491597 -0.85896 -0.181942 0.413711 -0.892043 -0.15803 0.379598 -0.911555 -0.150718 0.393913 -0.906707 -0.0357665 0.336053 -0.941164 -0.280429 0.473264 -0.835093 -0.301403 0.44318 -0.844244 -0.449596 0.430839 -0.782459 -0.463345 0.48333 -0.742768 -0.584208 0.422663 -0.692861 -0.61241 0.494222 -0.617008 -0.702041 0.41252 -0.580487 -0.732865 0.464038 -0.497572 -0.80535 0.384098 -0.45153 -0.814785 0.445159 -0.371428 -0.892648 0.330698 -0.306298 -0.876163 0.426483 -0.224612 -0.964589 0.219951 -0.145566 -0.960036 0.243679 -0.137664 -0.959626 0.24678 -0.134976 -0.924211 0.33073 -0.190921 -0.927721 0.310647 -0.206958 -0.866041 0.416875 -0.276022 -0.93199 0.326354 -0.157759 -0.960634 0.249702 -0.121786 -0.994981 0.0948193 -0.0319871 -0.944889 0.320355 -0.0675119 -0.94214 0.322833 -0.090285 -0.879928 0.459858 -0.119406 -0.875829 0.462989 -0.136254 -0.797074 0.580863 -0.165143 -0.792159 0.583767 -0.178044 -0.681357 0.701355 -0.209415 -0.675663 0.702685 -0.222963 -0.523815 0.812837 -0.254781 -0.517264 0.813354 -0.266258 -0.336069 0.895576 -0.291551 -0.328628 0.894877 -0.301992 -0.984513 0.17377 0.0231909 -0.980045 0.192544 0.0493772 -0.939625 0.334477 0.0723132 -0.941884 0.307671 0.134885 -0.866225 0.46213 0.189975 -0.87131 0.414062 0.263385 -0.772886 0.537765 0.336833 -0.782539 0.466649 0.412155 -0.645925 0.570813 0.506905 -0.976772 0.19246 0.0942146 -0.917742 0.356056 0.175993 -0.93444 0.293614 0.201526 -0.850176 0.43335 0.299012 -0.866867 0.388775 0.312082 -0.764841 0.501434 0.404452 -0.920299 0.287096 -0.265756 -0.916737 0.330226 -0.224819 -0.92314 0.30032 -0.240041 -0.85046 0.334583 -0.405921 -0.854757 0.361973 -0.371975 -0.85189 0.375412 -0.365171 -0.859465 0.393448 -0.326373 -0.856867 0.40879 -0.314117 -0.764306 0.368211 -0.529393 -0.774154 0.389284 -0.499142 -0.764665 0.434174 -0.476215 -0.77666 0.447027 -0.44381 -0.769579 0.489339 -0.410239 -0.782154 0.494313 -0.379329 -0.647216 0.390678 -0.654586 -0.66024 0.416866 -0.624744 -0.64599 0.483725 -0.590514 -0.660795 0.501289 -0.558623 -0.650575 0.562412 -0.510338 -0.6655 0.571781 -0.479768 -0.300981 0.406293 -0.862749 -0.488145 0.406595 -0.772267 -0.506808 0.430857 -0.746664 -0.486376 0.526239 -0.697504 -0.505021 0.542314 -0.671453 -0.490552 0.627938 -0.604196 -0.508028 0.637029 -0.579743 -0.30038 0.663347 0.685377 -0.323375 0.642444 0.694761 -0.307295 0.754856 0.57945 -0.325896 0.738561 0.590186 -0.316144 0.832014 0.455857 -0.330589 0.820321 0.466673 -0.325672 0.892256 0.312757 -0.335897 0.885148 0.322004 -0.334108 0.930512 0.15006 -0.339357 0.927728 0.155425 -0.339522 0.940531 -0.0112738 -0.33916 0.940655 -0.0117933 -0.339371 0.927453 -0.157032 -0.334973 0.928009 -0.163073 -0.487241 0.627315 0.607513 -0.508773 0.601137 0.616266 -0.495138 0.70231 0.511467 -0.512475 0.681574 0.522329 -0.504659 0.764766 0.400564 -0.517848 0.749798 0.411868 -0.514165 0.812868 0.273642 -0.523238 0.803706 0.283336 -0.52204 0.842819 0.130881 -0.52655 0.839129 0.136409 -0.526914 0.849861 -0.00992445 -0.526681 0.850001 -0.0102756 -0.526771 0.838873 -0.13713 -0.523172 0.840091 -0.143313 -0.976483 0.197388 0.0867156 -0.926128 0.349426 0.142086 -0.938346 0.300601 0.170719 -0.858158 0.450286 0.246591 -0.861629 0.326508 0.388573 -0.903888 0.351564 0.2437 -0.927242 0.278796 0.249991 -0.840268 0.376731 0.389901 -0.666045 0.537574 0.517106 -0.654264 0.626017 0.424313 -0.787071 0.509413 0.347875 -0.781448 0.5666 0.26135 -0.875752 0.436078 0.20711 -0.87328 0.469961 0.128528 -0.944638 0.314495 0.0935553 -0.943843 0.328604 0.0343488 -0.670364 0.599378 0.437445 -0.933563 0.341886 0.107588 -0.977385 0.199187 0.071014 -0.663649 0.671002 0.330646 -0.675723 0.651813 0.344295 -0.672634 0.704928 0.225032 -0.68067 0.693366 0.2365 -0.679634 0.725635 0.107477 -0.683547 0.720976 0.113833 -0.683892 0.729536 -0.00834108 -0.683735 0.729679 -0.0086236 -0.683872 0.720816 -0.112887 -0.680786 0.7226 -0.119916 -0.989305 0.145847 -0.00186003 -0.946114 0.323816 -0.00352834 -0.946107 0.323835 -0.0036162 -0.881455 0.47224 -0.00510075 -0.881326 0.472478 -0.00540821 -0.799139 0.601109 -0.0067302 -0.799012 0.601274 -0.0070159 -0.792213 0.545531 0.273487 -0.789462 0.587563 0.177536 -0.879398 0.454198 0.142701 -0.878481 0.473836 0.0612414 -0.946119 0.320571 0.0457554 -0.796494 0.574732 0.187834 -0.99283 0.117812 -0.0202352 -0.946295 0.321156 -0.0372139 -0.944636 0.324384 -0.0493733 -0.881596 0.467477 -0.0652157 -0.87942 0.470337 -0.0735129 -0.799168 0.594449 -0.0892216 -0.79651 0.596969 -0.0959138 -0.79891 0.59458 0.0906536 -0.79549 0.600022 0.084673 -0.881342 0.467401 0.0690808 -0.321493 0.845675 -0.425999 -0.331266 0.848679 -0.412319 -0.510184 0.773079 -0.37691 -0.519101 0.774733 -0.361003 -0.669285 0.672382 -0.316165 -0.677049 0.673402 -0.296875 -0.786618 0.56342 -0.252567 -0.793382 0.562054 -0.233753 -0.942268 0.321066 -0.0951225 -0.871327 0.451216 -0.192856 -0.876679 0.450346 -0.169181 -0.938793 0.319964 -0.127636 -0.322266 0.680644 -0.657927 -0.321077 0.565929 -0.759364 -0.30288 0.670171 -0.677595 -0.324836 0.431503 -0.841597 -0.299277 0.548979 -0.78042 0 0.999835 -0.0181492 4.70188e-05 0.999809 -0.0195598 0.000235019 0.999801 -0.0199482 0.000161604 0.999756 -0.0220817 0 0.999756 -0.0220831 0 0.999991 0.00422025 -0.000173286 0.999991 0.0042207 -0.000155683 0.999993 0.00362316 0 0.999988 0.00492605 8.66009e-05 0.999834 -0.0182262 6.24586e-05 0.999859 -0.016806 3.70677e-05 0.999887 -0.0150378 1.53265e-05 0.999916 -0.0129713 1.69481e-06 0.999943 -0.0106744 -2.52427e-06 0.999976 -0.00690229 2.92075e-05 0.999994 -0.00350885 5.00011e-05 0.999998 -0.00187699 7.38181e-05 1 -0.00038626 0.00010077 0.999999 0.00104452 0.000127236 0.999997 0.00228828 0.000152193 0.999994 0.00336384 0.000175529 0.999991 0.00422293 0.00020583 0.999985 0.0054557 0.000173249 0.999991 0.00422163 0.000173845 0.999995 0.00307293 -0.000387571 0.999669 0.0257433 0 0.999988 0.00492453 -0.00045807 0.997631 0.0687965 7.83206e-05 0.998371 0.0570544 -0.000101086 0.999533 0.0305684 0 0.999533 0.0305684 0.000101085 0.999533 0.0305685 0.000387571 0.999669 0.0257433 -0.000332125 0.993644 0.112564 -0.000218192 0.993842 0.110806 0.000130634 0.996485 0.0837683 0 0.996485 0.0837679 -0.00013063 0.996485 0.0837675 0.00045807 0.997631 0.0687965 0.000167741 0.990395 0.138265 -0.000449331 0.987525 0.15746 0 0.986084 0.166248 0.000449331 0.987525 0.15746 -0.000167733 0.990395 0.138265 0.000332135 0.993644 0.112564 0.000218188 0.993842 0.110807 -0.000195205 0.999987 0.00501441 -0.00015975 0.999993 0.00367918 -0.000124861 0.999998 0.0022123 -8.7233e-05 1 0.000377372 -5.16414e-05 0.999999 -0.00171438 -2.30784e-05 0.999992 -0.00402952 5.38142e-06 0.99997 -0.00778519 -4.48847e-06 0.999937 -0.0111871 -1.46252e-05 0.999918 -0.0128019 -2.88241e-05 0.999898 -0.0142966 -4.61219e-05 0.999877 -0.0157082 -6.4037e-05 0.999857 -0.0168848 -8.14823e-05 0.999839 -0.0179367 -9.7871e-05 0.999824 -0.0187594 -0.0001627 0.999756 -0.022082 -0.000229451 0.999797 -0.0201284 0.000443326 0.999166 -0.0408267 -4.03477e-05 0.999795 -0.0202638 0 0.999806 -0.0197006 0.000465289 0.99641 -0.0846537 -2.59791e-05 0.99719 -0.0749177 2.78752e-05 0.998827 -0.0484315 0 0.998827 -0.048431 -2.7874e-05 0.998827 -0.0484315 -0.000443326 0.999166 -0.0408266 0.000320542 0.991619 -0.1292 0.000284682 0.991687 -0.128674 -0.000149507 0.994822 -0.101632 0 0.994822 -0.101634 0.00014951 0.994822 -0.101633 -0.000465289 0.99641 -0.0846532 -0.000161963 0.987736 -0.156135 0.000471672 0.984585 -0.174905 0 0.982904 -0.184117 -0.000471671 0.984585 -0.174905 0.000161963 0.987736 -0.156135 -0.000320538 0.991619 -0.1292 -0.000284678 0.991687 -0.128674 2.59816e-05 0.99719 -0.0749177 -7.83234e-05 0.998371 0.0570554 0 0.998371 0.0570549 0 0.998371 0.0570568 0 0.993842 0.110807 0 0.990395 0.138267 0 0.99719 -0.074918 0 0.991687 -0.128672 0 0.987736 -0.156135 -0.000527163 0.334822 -0.942281 0.000764208 0.130524 -0.991445 0 0.124144 -0.992264 -0.000699538 0.11819 -0.992991 0.000696722 -0.130522 -0.991445 -0.000653167 -0.14207 -0.989856 0.000654937 -0.382683 -0.923879 -0.000608544 -0.3927 -0.919666 0.000611958 -0.608755 -0.793358 -0.000567962 -0.616733 -0.787172 0.000565511 -0.793351 -0.608764 -0.000520764 -0.798989 -0.601345 0.000522551 -0.923875 -0.382693 -0.000477282 -0.927112 -0.374784 0.000478712 -0.991443 -0.130539 -0.000432126 -0.992424 -0.12286 0.000433713 -0.991443 0.130539 -0.000387372 -0.990514 0.137413 0.000389009 -0.923876 0.382692 -0.000342542 -0.921501 0.388377 0.000343723 -0.793354 0.608761 -0.000296977 -0.790063 0.613025 0.000299592 -0.608758 0.793356 -0.000251951 -0.605098 0.796151 0.000253147 -0.382682 0.92388 -0.000205367 -0.379145 0.925337 0.000209018 -0.13053 0.991444 -0.000160343 -0.127504 0.991838 0.000160248 0.13053 0.991444 -0.000112947 0.132767 0.991147 0 0.253696 0.967284 8.19898e-05 0.348 0.937495 0.00297358 0.382686 0.923874 -0.00351906 0.503976 0.86371 0.000265444 0.608761 0.793354 -0.00293459 0.634954 0.772545 -0.00548428 0.744815 0.667248 -0.000678436 0.793358 0.608756 -0.00535312 0.836497 0.547945 -0.0026509 0.910976 0.41245 0.000506815 0.923881 0.382679 -0.00329434 0.966148 0.257966 0.00329055 0.99144 0.130519 -0.000320858 0.996539 0.0831249 0.000335602 0.994694 -0.102881 0.0026382 0.991441 -0.13053 -0.00380079 0.961481 -0.274847 0.000301078 0.923878 -0.382686 -0.00402217 0.904481 -0.426496 -0.0055885 0.828789 -0.559533 -0.00134603 0.793355 -0.608757 -0.00631744 0.736088 -0.676856 -0.00214328 0.608763 -0.79335 -4.37023e-05 0.625039 -0.780593 -0.00366733 0.492676 -0.870205 0.00308132 0.382675 -0.923878 1 0 0 1 -7.34915e-06 0 1 1.1628e-05 0 1 -1.79857e-05 0 0.298275 0.95448 0 1 -4.68449e-05 0 1 0.000246429 0 1 -8.39766e-05 0 1 3.49905e-05 0 1 4.65449e-05 0 0.987395 0.158231 0.003635 0.971962 0.224774 0.0690383 0.96491 0.244697 0.0952423 0.93867 0.323245 0.12005 0.933147 0.320394 0.163049 0.872585 0.438635 0.214931 0.863728 0.439126 0.247271 0.788716 0.537909 0.297626 0.777164 0.539415 0.324112 0.672005 0.636361 0.378754 0.658667 0.634241 0.404841 0.513878 0.723913 0.460303 0.498659 0.720794 0.481452 0.326844 0.785974 0.524803 0.31023 0.780873 0.542212 0.158437 0.81043 0.564005 0.136503 0.740502 0.658046 0.979677 0.174804 -0.098372 0.975187 0.200329 -0.0942285 0.976839 0.190295 -0.0978466 0.909223 0.356171 -0.215538 0.930566 0.283093 -0.232176 0.843362 0.405088 -0.353049 0.863504 0.354112 -0.359117 0.758882 0.449527 -0.471194 0.779611 0.410426 -0.47303 0.640382 0.496113 -0.58633 0.664245 0.457687 -0.591017 0.482507 0.529172 -0.697971 0.508249 0.49831 -0.702403 0.29626 0.546077 -0.783601 0.324423 0.519989 -0.790165 0.175852 0.537131 -0.824965 0.139727 0.620034 -0.772033 0.878773 0.419941 -0.226732 0.903793 0.271255 -0.331026 0.819701 0.432052 -0.376061 0.755688 0.397709 -0.52035 0.757182 0.392861 -0.521857 0.779465 0.353502 -0.517175 0.755891 0.390981 -0.525131 0.616922 0.482181 -0.62202 0.639485 0.416422 -0.64626 0.666245 0.375529 -0.644279 0.599741 0.38879 -0.699395 0.460894 0.490017 -0.739905 0.48227 0.425972 -0.765483 0.512286 0.391156 -0.764565 0.410126 0.357627 -0.838987 0.272858 0.495382 -0.824709 0.296052 0.422342 -0.856727 0.330071 0.391667 -0.858865 0.190959 0.304027 -0.933328 0.143922 0.402064 -0.90423 0.035793 0.335542 -0.941345 0.177679 0.385353 -0.905502 0.140308 0.490282 -0.860196 0.169788 0.656083 -0.735342 0.130129 0.730112 -0.670823 0.159317 0.761026 -0.628855 0.117332 0.823347 -0.555278 0.149317 0.851882 -0.501997 0.106273 0.899981 -0.422777 0.143531 0.925004 -0.351804 0.0999685 0.957527 -0.270461 0.142895 0.973687 -0.177523 0.0983438 0.990391 -0.0972302 0.136975 0.990572 -0.00220696 0.0982647 0.991285 0.0877431 0.134837 0.978384 0.156792 0.103095 0.960342 0.259063 0.133478 0.94367 0.302772 0.113706 0.905035 0.409857 0.134899 0.891269 0.432946 0.13045 0.830543 0.541463 0.176591 0.700909 0.691044 0.14353 0.632564 0.761093 0.186045 0.574288 0.797233 0.143245 0.5042 0.851624 0.1819 0.426757 0.885884 0.158012 0.392913 0.905898 0.150752 0.407302 0.900766 0.0358198 0.349908 0.936099 0.280375 0.485549 0.828029 0.301472 0.45529 0.837751 0.449509 0.44249 0.77598 0.46333 0.494349 0.735489 0.584112 0.433079 0.686481 0.612293 0.503383 0.609675 0.702069 0.421025 0.574314 0.732892 0.471319 0.49064 0.805359 0.390669 0.445842 0.814768 0.450623 0.364818 0.892484 0.335641 0.301358 0.876353 0.429333 0.218354 0.964766 0.221208 0.142456 0.959934 0.245973 0.134256 0.95963 0.248827 0.131134 0.924076 0.333991 0.185833 0.927736 0.313607 0.202375 0.866086 0.420807 0.269846 0.931962 0.328721 0.152933 0.960591 0.251599 0.118165 0.994911 0.096073 0.0303726 0.944987 0.321073 0.0625498 0.942104 0.324227 0.085545 0.879925 0.46156 0.112673 0.875698 0.465215 0.129337 0.797152 0.583164 0.156428 0.792181 0.586294 0.169437 0.681301 0.704416 0.199067 0.675677 0.705838 0.212729 0.523783 0.816491 0.242886 0.517204 0.817199 0.254333 0.336066 0.899751 0.278402 0.328701 0.899178 0.28885 0.984556 0.173232 -0.0253028 0.980042 0.191747 -0.0524422 0.939663 0.333219 -0.0774526 0.941819 0.305925 -0.139233 0.86628 0.459218 -0.196667 0.871156 0.410464 -0.269455 0.772924 0.532682 -0.344729 0.782562 0.460504 -0.418967 0.645897 0.56335 -0.515222 0.97673 0.191226 -0.0971131 0.917789 0.353288 -0.18125 0.934498 0.290286 -0.20603 0.850138 0.428965 -0.305375 0.866797 0.384319 -0.317745 0.764814 0.49549 -0.411765 0.920208 0.291276 0.261487 0.916618 0.333703 0.220121 0.923182 0.303623 0.235687 0.850416 0.34064 0.400945 0.854802 0.367265 0.366646 0.851967 0.380499 0.359684 0.859468 0.398241 0.320499 0.856871 0.41342 0.307985 0.764342 0.375998 0.523838 0.774227 0.396403 0.493393 0.764634 0.441163 0.469798 0.776619 0.453512 0.437252 0.769559 0.495405 0.402931 0.782142 0.499908 0.371948 0.647142 0.400285 0.648828 0.660255 0.426015 0.618526 0.645968 0.492391 0.583332 0.660785 0.509357 0.551287 0.650549 0.569848 0.502055 0.665555 0.578729 0.471285 0.300985 0.41898 0.856658 0.488207 0.417792 0.766227 0.506883 0.441671 0.740268 0.486383 0.536439 0.689685 0.505016 0.552127 0.663411 0.490594 0.636672 0.594951 0.508002 0.645439 0.570388 0.300402 0.653176 -0.695069 0.323409 0.632128 -0.704145 0.307303 0.746323 -0.590396 0.325857 0.729874 -0.600917 0.316135 0.82523 -0.468033 0.330564 0.813392 -0.478665 0.325668 0.887559 -0.325851 0.335866 0.880334 -0.334972 0.334131 0.928204 -0.163686 0.339377 0.925339 -0.169028 0.339486 0.940608 -0.00257197 0.339142 0.940733 -0.00210914 0.339354 0.92966 0.143428 0.334978 0.930301 0.149429 0.487263 0.618285 -0.616684 0.508796 0.592042 -0.624991 0.495161 0.694714 -0.521717 0.512468 0.673848 -0.532265 0.504656 0.758783 -0.411789 0.51788 0.743631 -0.422863 0.514141 0.808783 -0.285531 0.523301 0.799415 -0.295115 0.522073 0.840784 -0.143256 0.526548 0.837044 -0.148674 0.526938 0.8499 -0.00257555 0.526633 0.85009 -0.00226642 0.5268 0.840792 0.124707 0.52319 0.842089 0.130992 0.976474 0.196225 -0.0894145 0.925979 0.347806 -0.146949 0.938496 0.297639 -0.175032 0.85819 0.446519 -0.25324 0.861676 0.320546 -0.393401 0.904013 0.347624 -0.248832 0.927198 0.275236 -0.254066 0.84003 0.371532 -0.395365 0.666036 0.529935 -0.524944 0.654325 0.619585 -0.433558 0.787073 0.504229 -0.355343 0.781552 0.562563 -0.269629 0.875666 0.43317 -0.213481 0.872996 0.468559 -0.135391 0.944646 0.313052 -0.0982014 0.943694 0.328537 -0.0387881 0.670324 0.592926 -0.446211 0.933671 0.339919 -0.112755 0.977292 0.198473 -0.0742243 0.663698 0.666054 -0.340407 0.675629 0.646829 -0.353748 0.672766 0.701374 -0.2355 0.680574 0.689913 -0.246655 0.679677 0.723956 -0.118017 0.683606 0.719169 -0.124415 0.683836 0.729631 -0.00252915 0.683688 0.729771 -0.00210001 0.683757 0.722511 0.102252 0.680794 0.724287 0.109213 0.989222 0.146423 -0.000781812 0.946184 0.323626 -0.001725 0.946038 0.324056 -0.00075792 0.881446 0.472282 -0.00149009 0.881442 0.472289 -0.00168153 0.799067 0.601238 -0.00221268 0.799039 0.601276 -0.00203017 0.7921 0.541684 -0.281346 0.789503 0.584793 -0.186285 0.879484 0.45185 -0.149461 0.878574 0.472691 -0.0683452 0.946211 0.31957 -0.0505985 0.796482 0.571862 -0.196444 0.99287 0.117721 0.0187415 0.946233 0.321825 0.032746 0.944612 0.325197 0.0442114 0.881678 0.468277 0.057967 0.879375 0.471411 0.0668689 0.799159 0.595676 0.0807217 0.796585 0.598216 0.0871207 0.798879 0.593251 -0.0992234 0.79556 0.598635 -0.0933842 0.881253 0.466526 -0.0758104 0.321474 0.85187 0.413488 0.331357 0.854632 0.399758 0.510154 0.778575 0.365464 0.519032 0.780014 0.349549 0.669336 0.676939 0.306175 0.677067 0.677628 0.287056 0.786638 0.567013 0.24433 0.793347 0.565484 0.225453 0.942252 0.322558 0.0900986 0.871264 0.454103 0.186251 0.876673 0.452843 0.162412 0.938754 0.321981 0.122756 0.322253 0.690277 0.64782 0.321073 0.577101 0.750911 0.302879 0.680047 0.667683 0.324825 0.443822 0.835171 0.299258 0.560385 0.772278 -8.40787e-05 0.348619 0.937265 0.000114951 0.132792 0.991144 0 0.132782 0.991145 -0.00291782 0.382675 0.923879 0.00367325 0.5054 0.862877 -2.40222e-05 0.60877 0.793347 0.00337727 0.636507 0.771264 0.00597065 0.745965 0.665958 0.00129361 0.793355 0.608757 0.00603561 0.836917 0.547296 0.0033829 0.910648 0.41317 0.000149332 0.923878 0.382686 0.00386675 0.965411 0.260702 -0.00287327 0.991441 0.13052 0.000343296 0.996099 0.0882477 -0.000322489 0.995209 -0.0977678 -0.00305397 0.99144 -0.130528 0.00324781 0.962262 -0.272104 -0.000958731 0.923876 -0.382691 0.00329576 0.904821 -0.42578 0.00490185 0.828351 -0.560188 0.00072663 0.793355 -0.608759 0.00582106 0.734936 -0.678112 0.00219408 0.623512 -0.781811 0.000270257 0.608767 -0.793349 0.00349852 0.491229 -0.871024 -0.00314008 0.38268 -0.923876 0.000523339 0.334207 -0.9425 -0.000764215 0.130526 -0.991445 0 0.124156 -0.992263 0.00069881 0.11819 -0.992991 -0.000696722 -0.130526 -0.991445 0.000652215 -0.142069 -0.989857 -0.000654937 -0.382683 -0.923879 0.000607961 -0.392701 -0.919666 -0.000611955 -0.60876 -0.793354 0.000568359 -0.616726 -0.787178 -0.00056551 -0.793359 -0.608754 0.000520611 -0.798988 -0.601347 -0.000522545 -0.923877 -0.382688 0.000477512 -0.92711 -0.374789 -0.000478715 -0.991444 -0.130531 0.000432098 -0.992424 -0.12286 -0.000433717 -0.991443 0.13054 0.000387254 -0.990514 0.137413 -0.000389005 -0.923877 0.382688 0.000342412 -0.921502 0.388374 -0.000343719 -0.793359 0.608754 0.000296994 -0.790057 0.613034 -0.000299591 -0.60876 0.793354 0.000251569 -0.605098 0.796151 -0.000251986 -0.38268 0.923881 0.000204983 -0.379143 0.925338 -0.000209018 -0.13053 0.991444 0.000160724 -0.127503 0.991838 -0.000160247 0.130532 0.991444 -1 0 0 -1 2.30838e-05 0 -1 9.19478e-06 0 -1 -1.9907e-05 0 -1 -9.08742e-05 0 -1 0.00089575 0 -1 0.000616073 0 -1 0.000116871 0 -1 -7.70816e-05 0 -1 7.7901e-05 0 -1 4.00905e-05 0 -1 -1.22062e-05 0 -1 -3.08287e-05 0 -1 3.25169e-05 0 0 -0.997917 0.0645174 0 -0.997917 0.0645124 0 -0.981302 0.192474 0 -0.948349 0.317229 0 -0.899604 0.436707 0 -0.899606 0.436703 0 -0.899605 0.436705 0 -0.981302 0.192476 0 -0.869557 0.493832 0.00116754 -0.730163 0.683272 0 -0.746068 0.66587 0 -0.832488 0.554043 0 -0.832486 0.554046 0 -0.776622 0.629966 0.000389443 -0.791259 0.611482 -0.00116754 -0.845314 0.534269 -0.000389443 -0.791259 0.611481 0 -0.805458 0.592653 0 -0.845314 0.53427 0.000233609 -0.821888 0.569649 0 -0.730164 0.683272 -0.00023361 -0.758499 0.651674 0 -0.89961 -0.436695 0 -0.948351 -0.317224 0 -0.981303 -0.192468 0 -0.997917 -0.064509 0 -0.997916 -0.0645192 0 -0.89961 -0.436695 0 -0.869563 -0.493821 -0.000893054 -0.768072 -0.640364 0 -0.779379 -0.626553 0 -0.779377 -0.626555 0 -0.822091 -0.569356 -0.000127588 -0.834935 -0.550349 0 -0.851385 -0.524541 0.000297792 -0.811796 -0.583941 0 -0.822081 -0.56937 0.000892722 -0.851385 -0.524541 0 -0.841885 -0.539657 0 -0.841888 -0.539653 0 -0.801243 -0.598339 0.000127564 -0.787303 -0.616566 0 -0.768072 -0.640364 -0.000297791 -0.811794 -0.583944 -0.995171 -0.0981608 0 -0.9952 -0.0978627 0 -0.956905 -0.290401 0 -0.956873 -0.290507 0 -0.881859 -0.471514 0 -0.882061 -0.471135 0 -0.773123 -0.634256 0 -0.772952 -0.634464 0 -0.634364 -0.773035 0 -0.63446 -0.772956 0 -0.471376 -0.881933 0 -0.471414 -0.881912 0 -0.29022 -0.95696 0 -0.290299 -0.956936 0 -0.146708 -0.98918 0 -0.146668 -0.989186 0 -0.0490985 -0.998794 0 -0.0490856 0.998795 0 -0.146681 0.989184 0 -0.14672 0.989178 0 -0.290296 0.956937 0 -0.290217 0.956961 0 -0.471412 0.881913 0 -0.471373 0.881934 0 -0.63446 0.772956 0 -0.634364 0.773035 0 -0.772955 0.634461 0 -0.773125 0.634253 0 -0.88206 0.471138 0 -0.881857 0.471517 0 -0.956872 0.290509 0 -0.956904 0.290403 0 -0.9952 0.0978614 0 -0.995171 0.0981595 0 -0.0490825 0.998795 0 -0.149285 0.988793 -0.00131474 -0.146486 0.989212 -0.00143565 -0.290683 0.956819 0.00115168 -0.382585 0.923917 -0.00232552 -0.471929 0.881636 0.00118207 -0.60877 0.793345 -0.00179073 -0.634557 0.772876 0 -0.77295 0.634467 0 -0.793331 0.608787 -0.00192452 -0.882454 0.470396 0.00133544 -0.923884 0.382662 -0.00271201 -0.957459 0.288565 0.00142569 -0.994882 0.101003 -0.00283235 -0.991461 0.130407 0 -0.991459 0.130422 0 -0.923978 0.382445 0 -0.9239 0.382634 0 -0.79317 0.609 0 -0.793384 0.608721 0 -0.608753 0.79336 0 -0.382714 0.923867 0 -0.382635 0.923899 0 -0.130539 0.991443 0 -0.0490644 0.998796 0 -0.146705 0.98918 0 -0.146741 0.989175 0 -0.290293 0.956938 0 -0.290307 0.956933 0 -0.634393 0.77301 0 -0.634377 0.773024 0 -0.773047 0.634349 0 -0.773147 0.634227 0 -0.88195 0.471343 0 -0.881922 0.471395 0 -0.956861 0.290545 0 -0.956937 0.290297 0 -0.995175 0.0981168 0 -0.995201 0.0978487 0 -0.995189 -0.0979702 0 -0.988072 -0.153984 -0.00164921 -0.95746 -0.288563 0.00142551 -0.923886 -0.382659 -0.00271262 -0.882454 -0.470398 0.0013359 -0.793328 -0.608792 -0.00192386 -0.772947 -0.63447 0 -0.634561 -0.772873 0 -0.608774 -0.793342 -0.00179039 -0.471919 -0.881641 0.00118145 -0.382583 -0.923918 -0.00232484 -0.290698 -0.956814 0.00115293 -0.146479 -0.989213 -0.00143716 -0.0488292 -0.998791 -0.00569637 -0.130561 -0.99144 0 -0.130546 -0.991442 0 -0.382633 -0.9239 0 -0.382712 -0.923868 0 -0.608758 -0.793356 0 -0.79338 -0.608726 0 -0.793167 -0.609005 0 -0.923902 -0.38263 0 -0.92398 -0.382441 0 -0.991458 -0.130423 0 -0.995189 0 -0.0979699 -0.956912 0 -0.290379 -0.881928 0 -0.471385 -0.881927 0 -0.471386 -0.773042 0 -0.634355 -0.634414 0 -0.772993 -0.471394 0 -0.881923 -0.290298 0 -0.956936 -0.146709 0 -0.98918 -0.0490511 0 -0.998796 -0.0490447 0 -0.998797 -0.049068 0 0.998795 -0.0490759 0 0.998795 -0.146709 0 0.98918 -0.29031 0 0.956933 -0.471384 0 0.881928 -0.471388 0 0.881926 -0.634404 0 0.773002 -0.63441 0 0.772997 -0.773048 0 0.634348 -0.881928 0 0.471385 -0.956912 0 0.290379 -0.995189 0 0.0979714 -0.995156 0.0983058 0 -0.988007 0.1544 0.00164913 -0.957459 0.288565 -0.00142569 -0.923884 0.382663 0.00271201 -0.882454 0.470396 -0.00133545 -0.793331 0.608787 0.00192452 -0.60877 0.793345 0.00179073 -0.471929 0.881636 -0.00118207 -0.382585 0.923917 0.00232552 -0.290683 0.956819 -0.00115168 -0.146486 0.989212 0.00143566 -0.04881 0.998792 0.00570214 -0.130554 0.991441 0 -0.991309 0.0170609 0.130445 -0.991307 0.0171406 0.130445 -0.991315 0.0501798 0.121556 -0.991301 0.0504654 0.121555 -0.991292 0.0802856 0.10438 -0.991324 0.0798847 0.104383 -0.991308 0.104372 0.0800947 -0.991318 0.10428 0.0800954 -0.991297 0.121633 0.0503492 -0.991313 0.121501 0.0503504 -0.991304 0.130464 0.0171729 -0.991309 0.130427 0.0171731 -0.922752 0.382099 0.0502954 -0.92278 0.38203 0.0502977 -0.790596 0.607104 0.0798947 -0.790865 0.606749 0.0799221 -0.60539 0.789122 0.103871 -0.605499 0.789036 0.10389 -0.379937 0.917097 0.120752 -0.379872 0.917126 0.120732 -0.129433 0.983107 0.129416 -0.129448 0.983103 0.129432 -0.922771 0.0503326 0.382048 -0.922774 0.0502274 0.382055 -0.922766 0.147495 0.356016 -0.922758 0.14757 0.356008 -0.922729 0.23477 0.305702 -0.9228 0.234464 0.305724 -0.922743 0.305809 0.234575 -0.922739 0.305825 0.234573 -0.922831 0.355857 0.147475 -0.922744 0.356088 0.147461 -0.790712 0.0798965 0.606952 -0.790727 0.0798418 0.60694 -0.790729 0.234221 0.565587 -0.790732 0.234174 0.565602 -0.790714 0.372672 0.485682 -0.790737 0.372598 0.485701 -0.790672 0.485761 0.372659 -0.790712 0.485681 0.372677 -0.790732 0.565558 0.234279 -0.790703 0.565603 0.23427 -0.605461 0.103856 0.789069 -0.605452 0.103945 0.789065 -0.605459 0.304553 0.7353 -0.605452 0.304609 0.735283 -0.605415 0.484622 0.631359 -0.605464 0.484479 0.631422 -0.605576 0.63122 0.484601 -0.605425 0.631458 0.484481 -0.605506 0.735244 0.304596 -0.605471 0.735281 0.304576 -0.379896 0.12068 0.917123 -0.379899 0.12073 0.917116 -0.379909 0.35393 0.854636 -0.379862 0.35416 0.854562 -0.379907 0.563059 0.733917 -0.379886 0.563177 0.733838 -0.379957 0.733785 0.563198 -0.379832 0.733984 0.563023 -0.379907 0.854606 0.354005 -0.379857 0.854649 0.353954 -0.129442 0.129416 0.983105 -0.129445 0.129401 0.983107 -0.129443 0.379442 0.916116 -0.129446 0.379447 0.916113 -0.12944 0.603703 0.786631 -0.129447 0.603618 0.786695 -0.129426 0.786735 0.60357 -0.129463 0.786633 0.603696 -0.129429 0.916129 0.379416 -0.129462 0.916083 0.379514 -0.0490907 0 0.998794 -0.149255 0.00131427 0.988798 -0.1465 0.00143505 0.98921 -0.290623 -0.00115441 0.956837 -0.382691 0.00232375 0.923873 -0.471861 -0.0011885 0.881672 -0.608754 0.00179667 0.793357 -0.634413 0 0.772994 -0.793246 0.00193052 0.608898 -0.88248 -0.00135092 0.470349 -0.92394 0.00273299 0.382527 -0.957308 -0.00141272 0.289068 -0.994905 0.00284659 0.100777 -0.991453 0 0.130463 -0.923943 0 0.382531 -0.793249 0 0.608897 -0.608753 0 0.79336 -0.608757 0 0.793356 -0.38269 0 0.923877 -0.382696 0 0.923874 -0.130539 0 0.991443 -0.0491168 -0.998793 0 -0.17902 -0.983845 0 -0.146932 -0.989146 -0.00138649 -0.289958 -0.957039 0.00110708 -0.38262 -0.923903 -0.0021932 -0.471095 -0.882082 0.00107856 -0.608746 -0.793364 -0.00160768 -0.634339 -0.773055 0 -0.773103 -0.634281 0 -0.793289 -0.608844 -0.00149157 -0.881416 -0.47234 0.00100383 -0.923933 -0.382549 -0.00191525 -0.956709 -0.291045 0.000940004 -0.988615 -0.150466 -0.00109871 -0.995179 -0.0980739 0 -0.995353 -0.0962705 0.00186986 -0.956709 -0.291045 -0.000940004 -0.923933 -0.382549 0.00191525 -0.881416 -0.47234 -0.00100383 -0.793289 -0.608844 0.00149147 -0.773094 -0.634291 0 -0.634343 -0.773052 0 -0.608746 -0.793364 0.00160809 -0.471103 -0.882078 -0.00107858 -0.38262 -0.923903 0.0021932 -0.289963 -0.957037 -0.0011071 -0.146932 -0.989146 0.00138649 -0.995201 -0.0978491 0 -0.995175 -0.0981166 0 -0.956955 -0.290235 0 -0.956862 -0.290544 0 -0.881839 -0.471551 0 -0.882036 -0.471183 0 -0.773017 -0.634385 0 -0.773014 -0.634389 0 -0.634392 -0.773011 0 -0.634377 -0.773024 0 -0.471346 -0.881948 0 -0.471486 -0.881874 0 -0.290252 -0.95695 0 -0.290313 -0.956932 0 -0.146765 -0.989171 0 -0.146729 -0.989177 0 -0.0490925 -0.998794 0 -0.988078 -0.00165745 0.153942 -0.957309 0.00141269 0.289065 -0.923939 -0.00273298 0.38253 -0.88248 0.00135622 0.470348 -0.793246 -0.0019305 0.608898 -0.608755 -0.00179666 0.793357 -0.471865 0.00119088 0.88167 -0.382694 -0.00232372 0.923872 -0.290621 0.00115324 0.956838 -0.146499 -0.00143272 0.98921 -0.0488137 -0.00569986 0.998792 -0.956881 0.290482 0 -0.88181 0.471604 0 -0.882064 0.47113 0 -0.773017 0.634385 0 -0.773014 0.634389 0 -0.634376 0.773025 0 -0.634411 0.772996 0 -0.471458 0.881889 0 -0.290232 0.956956 0 -0.991278 -0.130663 0.0171718 -0.99135 -0.130114 0.0171736 -0.991297 -0.121632 0.0503477 -0.991313 -0.121502 0.0503517 -0.991287 -0.104571 0.0800916 -0.991334 -0.104122 0.0800969 -0.991298 -0.0802101 0.104379 -0.991323 -0.0798863 0.104385 -0.9913 -0.0504801 0.121556 -0.991309 -0.0503059 0.121557 -0.991305 -0.0172619 0.130444 -0.991307 -0.0171406 0.130445 -0.922775 -0.0501746 0.382058 -0.922774 -0.050227 0.382053 -0.790722 -0.079895 0.60694 -0.790721 -0.0798442 0.606948 -0.605456 -0.103857 0.789073 -0.605462 -0.103892 0.789064 -0.379901 -0.12068 0.917121 -0.379897 -0.120757 0.917113 -0.129442 -0.129417 0.983105 -0.129439 -0.129427 0.983104 -0.92281 -0.381958 0.0502933 -0.922686 -0.382258 0.0502967 -0.922726 -0.356138 0.147453 -0.922745 -0.356086 0.147463 -0.922744 -0.305806 0.234576 -0.922739 -0.305827 0.23457 -0.922775 -0.234564 0.305723 -0.9228 -0.234466 0.305723 -0.92277 -0.147492 0.356007 -0.922756 -0.147573 0.356012 -0.790608 -0.607086 0.0799118 -0.790864 -0.606751 0.0799174 -0.790729 -0.565563 0.234278 -0.7907 -0.565604 0.234274 -0.790675 -0.485759 0.372655 -0.790711 -0.485683 0.372679 -0.790658 -0.372847 0.48564 -0.790737 -0.372594 0.485704 -0.790714 -0.234286 0.565581 -0.79072 -0.234279 0.565575 -0.605394 -0.78912 0.103866 -0.605496 -0.789038 0.103893 -0.605506 -0.735243 0.304599 -0.605471 -0.735282 0.304573 -0.605489 -0.63136 0.484529 -0.60543 -0.631455 0.484478 -0.605438 -0.484538 0.631402 -0.60547 -0.484478 0.631417 -0.605449 -0.304603 0.735288 -0.605445 -0.304611 0.735288 -0.379951 -0.91709 0.120758 -0.379876 -0.917125 0.120729 -0.379916 -0.854602 0.354004 -0.379915 -0.854597 0.354017 -0.379939 -0.733789 0.563206 -0.3799 -0.733889 0.5631 -0.3799 -0.563126 0.73387 -0.379912 -0.563041 0.733929 -0.379891 -0.353979 0.854624 -0.379885 -0.354068 0.85459 -0.129451 -0.983102 0.129432 -0.129425 -0.983108 0.129414 -0.129453 -0.916096 0.379487 -0.129444 -0.916113 0.379449 -0.129432 -0.786732 0.603573 -0.129457 -0.786637 0.603691 -0.129427 -0.6037 0.786635 -0.129454 -0.603621 0.786691 -0.129454 -0.379439 0.916116 -0.129446 -0.379448 0.916113 -0.049073 -0.998795 0 -0.14931 -0.98879 0.00131359 -0.146479 -0.989213 0.00143832 -0.290698 -0.956814 -0.00115293 -0.382584 -0.923918 0.00232484 -0.471919 -0.881641 -0.00118175 -0.608774 -0.793342 0.00179039 -0.793328 -0.608792 0.00192386 -0.882454 -0.470398 -0.0013359 -0.923886 -0.382659 0.00271262 -0.95746 -0.288563 -0.0014256 -0.994882 -0.101005 0.00283232 -0.991411 -0.130785 0 -0.793166 -0.609005 0 -0.988599 -0.00110425 0.15057 -0.95665 0.000924087 0.29124 -0.923941 -0.00191837 0.382529 -0.881503 0.00100746 0.472178 -0.793247 -0.00148457 0.608898 -0.77306 0 0.634332 -0.634397 0 0.773008 -0.60874 -0.00160036 0.793368 -0.470947 0.00109129 0.882161 -0.382693 -0.00219778 0.923873 -0.289991 0.00110832 0.957029 -0.146907 -0.00138964 0.989149 -0.179031 0 0.983843 -0.0491013 0 0.998794 -0.995368 0.00188696 0.0961198 -0.95665 -0.000924085 0.291239 -0.923941 0.00191838 0.382531 -0.881504 -0.00100746 0.472177 -0.793247 0.00148457 0.608898 -0.608744 0.00160523 0.793365 -0.470946 -0.00109129 0.882162 -0.382693 0.00219445 0.923873 -0.289985 -0.00110609 0.95703 -0.146919 0.00138963 0.989148 -0.290302 0 -0.956935 -0.290294 0 -0.956938 -0.471395 0 -0.881922 -0.634418 0 -0.77299 -0.773042 0 -0.634355 -0.991306 -0.0172617 -0.130443 -0.991307 -0.0171406 -0.130445 -0.991315 -0.0501792 -0.121558 -0.991301 -0.0504649 -0.121555 -0.991292 -0.0802861 -0.104378 -0.991324 -0.0798847 -0.104384 -0.991308 -0.104373 -0.0800953 -0.991318 -0.104281 -0.0800951 -0.991297 -0.121633 -0.0503513 -0.991314 -0.121501 -0.0503487 -0.991252 -0.13086 -0.0171744 -0.99135 -0.130117 -0.0171715 -0.922806 -0.381967 -0.0503044 -0.922686 -0.382258 -0.0502883 -0.79072 -0.606939 -0.0799148 -0.790746 -0.606905 -0.0799142 -0.605486 -0.789047 -0.103883 -0.605402 -0.789113 -0.103875 -0.379976 -0.917079 -0.120764 -0.379871 -0.917127 -0.120729 -0.129444 -0.983104 -0.129424 -0.129429 -0.983107 -0.12942 -0.922778 -0.0501737 -0.382052 -0.922773 -0.0502933 -0.382049 -0.922771 -0.147493 -0.356005 -0.922777 -0.147437 -0.356011 -0.922797 -0.234468 -0.305728 -0.922772 -0.23459 -0.305711 -0.922744 -0.305808 -0.234572 -0.922738 -0.305826 -0.234574 -0.922833 -0.355855 -0.147468 -0.922746 -0.356082 -0.147461 -0.790709 -0.0798971 -0.606956 -0.790711 -0.0799611 -0.606945 -0.790673 -0.234476 -0.565559 -0.790752 -0.234063 -0.565619 -0.790632 -0.372905 -0.485637 -0.790737 -0.372598 -0.485701 -0.790673 -0.48576 -0.372656 -0.790801 -0.485504 -0.372721 -0.790731 -0.56556 -0.234277 -0.790702 -0.565603 -0.234274 -0.605462 -0.103857 -0.789069 -0.605451 -0.103944 -0.789066 -0.605458 -0.304553 -0.735301 -0.60545 -0.304607 -0.735285 -0.605482 -0.484447 -0.631429 -0.605428 -0.484562 -0.631393 -0.605489 -0.63136 -0.484529 -0.605434 -0.631453 -0.484476 -0.605511 -0.735239 -0.304598 -0.605467 -0.735285 -0.304574 -0.379898 -0.120681 -0.917122 -0.379896 -0.120731 -0.917117 -0.379907 -0.353929 -0.854638 -0.379881 -0.354071 -0.85459 -0.379918 -0.563054 -0.733916 -0.379874 -0.563178 -0.733843 -0.379952 -0.733788 -0.563198 -0.379888 -0.73389 -0.563107 -0.379908 -0.85461 -0.353994 -0.379858 -0.854644 -0.353965 -0.129449 -0.129417 -0.983104 -0.129432 -0.129426 -0.983105 -0.129432 -0.379531 -0.916081 -0.129449 -0.379358 -0.91615 -0.129445 -0.603699 -0.786633 -0.129442 -0.603622 -0.786692 -0.129447 -0.786659 -0.603665 -0.129437 -0.78671 -0.6036 -0.129432 -0.916128 -0.379417 -0.129456 -0.916082 -0.379519 -0.0490903 0 -0.998794 -0.149267 -0.00131425 -0.988796 -0.146499 -0.00143736 -0.98921 -0.290612 0.00114975 -0.95684 -0.382694 -0.00232372 -0.923872 -0.471873 0.00118848 -0.881666 -0.608746 -0.00178218 -0.793364 -0.63441 0 -0.772997 -0.773046 0 -0.63435 -0.793246 -0.0019305 -0.608898 -0.88248 0.0013509 -0.470348 -0.923939 -0.00271642 -0.38253 -0.957308 0.00140122 -0.289068 -0.994905 -0.00284655 -0.100777 -0.991453 0 -0.130464 -0.923943 0 -0.382529 -0.793249 0 -0.608898 -0.608749 0 -0.793363 -0.382693 0 -0.923876 -0.130545 0 -0.991442 -0.995189 0.0979748 0 -0.98853 0.151023 0.0010987 -0.956689 0.291111 -0.000940093 -0.923933 0.382549 0.00191541 -0.881448 0.472279 -0.00100381 -0.793285 0.608849 0.00149194 -0.773096 0.634289 0 -0.634291 0.773095 0 -0.608753 0.793358 0.00160787 -0.471134 0.882061 -0.00107933 -0.382624 0.923901 0.00219293 -0.289934 0.957046 -0.00110751 -0.146907 0.989149 0.00138809 -0.17902 0.983845 0 -0.995377 0.0960306 -0.00187005 -0.95671 0.291042 0.000940113 -0.923933 0.382549 -0.00191542 -0.881415 0.472341 0.00100377 -0.793285 0.608849 -0.00149194 -0.634349 0.773047 0 -0.608753 0.793358 -0.00160786 -0.471098 0.88208 0.00107924 -0.382624 0.923901 -0.00219293 -0.289958 0.957039 0.0011076 -0.146938 0.989145 -0.00138838 -0.881927 0 0.471385 -0.146701 0 0.989181 -0.049066 0 -0.998796 -0.049082 0 -0.998795 -0.146703 0 -0.989181 -0.290311 0 -0.956932 -0.47139 0 -0.881925 -0.471385 0 -0.881928 -0.129445 0.129426 -0.983104 -0.129435 0.129416 -0.983106 -0.129433 0.379448 -0.916115 -0.129449 0.379442 -0.916115 -0.129439 0.603681 -0.786648 -0.12945 0.603575 -0.786728 -0.12943 0.78671 -0.603602 -0.129447 0.786658 -0.603667 -0.129435 0.916116 -0.379445 -0.12945 0.916096 -0.379487 -0.129423 0.983109 -0.129407 -0.129445 0.983103 -0.12943 -0.37989 0.917118 -0.120737 -0.379955 0.917089 -0.120758 -0.605387 0.789125 -0.10387 -0.605497 0.789037 -0.103891 -0.790735 0.60692 -0.0799099 -0.92278 0.382031 -0.0502977 -0.922693 0.382241 -0.0502932 -0.99134 0.130194 -0.0171739 -0.991278 0.130662 -0.0171725 -0.379897 0.120755 -0.917113 -0.379895 0.120707 -0.91712 -0.379886 0.35407 -0.854588 -0.379888 0.354024 -0.854606 -0.379881 0.563178 -0.73384 -0.379902 0.563128 -0.733868 -0.379894 0.733889 -0.563106 -0.379897 0.733884 -0.56311 -0.379792 0.854704 -0.353893 -0.379977 0.854548 -0.35407 -0.605456 0.103892 -0.789069 -0.605459 0.103885 -0.789067 -0.605454 0.304563 -0.735301 -0.605447 0.304657 -0.735268 -0.605464 0.484479 -0.631422 -0.605477 0.484446 -0.631435 -0.60543 0.631455 -0.484479 -0.605487 0.631361 -0.48453 -0.605465 0.735286 -0.304578 -0.605514 0.735238 -0.304593 -0.790711 0.0798732 -0.606957 -0.79071 0.0799297 -0.60695 -0.790732 0.234174 -0.565602 -0.790695 0.234352 -0.56558 -0.790717 0.37265 -0.485693 -0.790634 0.372903 -0.485635 -0.790757 0.485592 -0.372698 -0.790673 0.48576 -0.372659 -0.790803 0.565449 -0.234303 -0.790614 0.565738 -0.234243 -0.922776 0.0502596 -0.382045 -0.922776 0.0502527 -0.382047 -0.922787 0.147372 -0.356013 -0.922768 0.147493 -0.356011 -0.922789 0.234511 -0.30572 -0.922765 0.234618 -0.305712 -0.922776 0.305704 -0.234583 -0.922744 0.305808 -0.234575 -0.922789 0.355969 -0.147467 -0.922728 0.356132 -0.147457 -0.991309 0.0170609 -0.130445 -0.991306 0.0172114 -0.130445 -0.991309 0.0503059 -0.121555 -0.9913 0.0504805 -0.121555 -0.991319 0.0799441 -0.104383 -0.991292 0.0802858 -0.104381 -0.991317 0.104281 -0.0800962 -0.991287 0.10457 -0.080093 -0.991333 0.121343 -0.0503509 -0.991297 0.121634 -0.0503497 -0.988079 0.00165746 -0.153941 -0.957307 -0.00140125 -0.289071 -0.923939 0.00271645 -0.38253 -0.882482 -0.00135091 -0.470344 -0.793246 0.00193052 -0.608898 -0.608744 0.0017822 -0.793364 -0.471876 -0.00119088 -0.881664 -0.382691 0.00232375 -0.923873 -0.290623 -0.00115208 -0.956837 -0.146482 0.00143737 -0.989212 -0.048814 0.0056999 -0.998792 -0.130549 0 -0.991442 -0.382696 0 -0.923874 -0.956937 -0.290297 0 -0.881922 -0.471395 0 -0.88195 -0.471343 0 -0.773147 -0.634227 0 -0.773047 -0.634349 0 -0.471374 -0.881934 0 -0.146692 -0.989182 0 -0.0490644 -0.998796 0 -0.146673 0 -0.989185 -0.192786 -0.000685961 -0.981241 -0.289956 0.00126728 -0.957039 -0.382701 -0.00251451 -0.923869 -0.470873 0.00124328 -0.8822 -0.608745 -0.00183974 -0.793364 -0.793249 -0.00169141 -0.608895 -0.881451 0.00114554 -0.472274 -0.923941 -0.00217013 -0.38253 -0.956619 0.00103972 -0.291339 -0.995389 -0.00210605 -0.0958954 -0.988587 0.00123664 -0.150647 -0.146922 0.0015953 -0.989147 -0.289957 -0.00126728 -0.957039 -0.382701 0.0025107 -0.923869 -0.470866 -0.00124578 -0.882204 -0.60875 0.00183973 -0.79336 -0.793249 0.00169141 -0.608895 -0.881453 -0.00115455 -0.472271 -0.92394 0.00216356 -0.382532 -0.95662 -0.00103547 -0.291338 -0.146692 0 -0.989182 -0.14672 0 -0.989178 0 0.130535 -0.991444 0 0.130529 -0.991445 0 0.382695 -0.923875 0 0.382672 -0.923884 0 0.608753 -0.79336 0 0.793369 -0.608741 0 0.79333 -0.608791 0 0.923891 -0.382656 0 0.923876 -0.382692 0 0.991445 -0.130524 0 0.991444 -0.13053 0 1 0 0 0.991446 0.130517 0 0.991444 0.13053 0 0.923883 0.382674 0 0.923876 0.382692 0 0.793369 0.608741 0 0.79335 0.608766 0 0.608786 0.793335 0 0.608753 0.79336 0 0.382694 0.923875 0 0.382672 0.923884 0 0.130529 0.991445 0 0.130516 0.991446 -1 5.76205e-05 0 -1 0.000241398 0 -1 -0.000128021 0 -1 -0.000135769 0 -1 0.000768963 0 -1 0.000135768 0 -1 0.000384504 0 -1 0.000131141 0 -1 -0.000192257 0 -1 -0.000211225 0 1 1.82112e-05 0 1 3.71953e-05 0 1 -2.66137e-05 0 1 9.29983e-05 0 1 -7.14186e-05 0 1 0.000104605 0 1 -0.000100006 0 1 -4.24215e-05 0 1 -9.42755e-05 0 1 7.46068e-05 0 1 -0.000106656 0 1 0.000236243 0 1 8.25741e-05 0 1 -0.000237072 0 0 -0.793353 -0.608762 0 -0.608763 -0.793352 0 -0.382684 -0.92388 0 -0.130526 -0.991445 0 0.130526 -0.991445 0 0.382683 -0.92388 0 0.608763 -0.793352 0 0.793352 -0.608763 0 0.923881 -0.38268 0 0.923881 0.382681 0 0.793352 0.608763 0 0.608769 0.793348 0 0.608763 0.793352 0 0.382675 0.923883 0 0.130526 0.991445 0 -0.130526 0.991445 0 -0.382676 0.923883 0 -0.608767 0.793349 0 -0.608763 0.793352 0 -0.793353 0.608762 0 -0.923878 0.382688 0 -0.991445 0.130527 0 -0.991445 0.130524 0 -0.991445 -0.130527 0 -0.991445 -0.130524 0 -0.923876 -0.382691 0 -0.923881 -0.382681 0 0.793356 0.608758 0 -0.130524 0.991445 0 -0.130527 0.991445 0 -0.793356 0.608758 0 -0.923875 0.382695 0 -0.923881 0.382681 0 -0.793358 -0.608755 0 -0.793356 -0.608758 0 -0.608758 -0.793356 0 -0.608753 -0.79336 0 -0.130527 -0.991445 0 -0.130524 -0.991445 0 0.608758 -0.793356 0 0.793363 -0.608749 0 0.793348 -0.608769 0 0.923884 -0.382673 0 0.793356 -0.608758 0 0.79336 0.608752 0 0.382693 0.923876 0 -0.382694 0.923875 0 -0.79336 0.608752 0 -0.382686 -0.923879 0 0.382686 -0.923879 0 -0.923893 -0.38265 0 -0.923873 -0.382698 0 -0.793372 -0.608738 0 -0.793327 -0.608796 0 -0.382672 -0.923884 0 -0.130535 -0.991444 0 -0.382694 0.923875 0 -0.38267 0.923885 0 -0.608788 0.793333 0 -0.608752 0.79336 0 -0.793365 0.608746 0 -0.991444 0.130535 -1 4.80083e-05 0 0 -0.608746 0.793366 0 -0.130551 0.991442 -0.13052 0 0.991446 0.13052 0 0.991446 0.382687 0 0.923878 0.382682 0 0.92388 0.608763 0 0.793352 0.79335 0 0.608766 0.923878 0 0.382687 0.991445 0 0.130523 0.991445 0 -0.130522 0.923877 0 -0.382689 0.793351 0 -0.608764 0.79335 0 -0.608765 0.608763 0 -0.793352 0.38268 0 -0.923881 0.130525 0 -0.991445 0.130527 0 -0.991445 -0.130527 0 -0.991445 -0.130525 0 -0.991445 -0.608763 0 -0.793352 -0.79334 0 -0.608779 -0.923885 0 -0.382671 -0.991443 0 -0.130544 -0.991443 0 0.130544 -0.923886 0 0.382669 -0.793337 0 0.608782 -0.608763 0 0.793352 -0.13053 0 0.991444 -0.382672 0 0.923884 -0.608766 0 0.79335 -0.793346 0 0.608771 -0.923877 0 0.38269 -0.991447 0 0.13051 -0.991447 0 -0.13051 -0.923878 0 -0.382688 -0.793344 0 -0.608774 -0.608766 0 -0.79335 -0.382677 0 -0.923882 0.382694 0 -0.923875 0.608766 0 -0.79335 0.793332 0 -0.608789 0.991447 0 -0.13051 0.991447 0 0.13051 0.793334 0 0.608786 0.608766 0 0.79335 0.608758 0 -0.793356 0.793355 0 -0.608759 0.793355 0 0.608759 0.793355 0 0.608759 0.608758 0 0.793356 0.130526 0 0.991445 -0.79336 0 0.608753 -0.923874 0 0.382696 -0.991445 0 0.130521 -0.991445 0 -0.130521 -0.923874 0 -0.382696 -0.79336 0 -0.608753 -0.608758 0 -0.793356 0.382674 0 0.923884 0.79336 0 -0.608753 0.608746 0 -0.793365 0.3827 0 -0.923873 0.13051 0 -0.991447 -0.923871 0 -0.382705 -0.991448 0 -0.130503 -0.991448 0 0.130501 -0.923871 0 0.382705 -0.793357 0 0.608757 -0.382676 0 0.923883 0 -0.793348 0.608769 0 0.608757 0.793357 0 -0.79335 -0.608765 0 0.991443 -0.130537 0 0.991443 0.130537 0 -0.608765 -0.79335 0 -0.991443 -0.130538 0 -0.923884 -0.382673 1 -0.00015274 0 0 0.608765 -0.79335 -1 -6.21348e-05 0 -1 -4.93564e-05 0 -1 9.23713e-05 0 0 -0.991447 0.13051 0 -0.923885 0.382671 0 -0.608758 0.793356 0.130526 0.991445 0 0.130522 0.991445 0 -0.130522 0.991445 0 -0.130526 0.991445 0 -0.382681 0.923881 0 -0.382693 0.923876 0 -0.608771 0.793346 0 -0.793341 0.608777 0 -0.793357 0.608756 0 -0.923869 0.382709 0 -0.923881 0.382681 0 -0.991446 0.130522 0 -0.99145 0.130488 0 -0.99145 -0.130489 0 -0.991445 -0.130522 0 -0.923881 -0.382679 0 -0.923869 -0.382708 0 -0.793357 -0.608756 0 -0.793341 -0.608777 0 -0.608755 -0.793359 0 -0.608771 -0.793346 0 -0.38269 -0.923877 0 -0.382679 -0.923882 0 -0.130529 -0.991445 0 -0.130524 -0.991445 0 0.130524 -0.991445 0 0.130529 -0.991445 0 0.382678 -0.923882 0 0.38269 -0.923877 0 0.608771 -0.793346 0 0.608755 -0.793359 0 0.793357 -0.608756 0 0.793341 -0.608777 0 0.923893 -0.382651 0 0.923869 -0.382708 0 0.991441 -0.130555 0 0.99145 -0.130489 0 0.99145 0.130488 0 0.991441 0.130555 0 0.923869 0.382709 0 0.923893 0.382652 0 0.793341 0.608777 0 0.793357 0.608756 0 0.608755 0.793359 0 0.608771 0.793346 0 0.382693 0.923876 0 0.382681 0.923881 0 0 0.540962 -0.841047 0 0.712901 -0.701265 0 0.712901 -0.701265 0 0.849837 -0.527046 0 0.945042 -0.326949 0 0.993407 -0.114643 -0.000372655 0.993843 -0.110797 -9.05831e-06 0.999979 -0.0065012 -2.95653e-06 0.999993 -0.0038095 0 0.999999 -0.00131341 0 0.993406 -0.114646 0.000372641 0.993843 -0.110797 9.05837e-06 0.999979 -0.00650125 2.95652e-06 0.999992 -0.00387518 -1 0.000278726 0 0 0.999914 0.0131497 -2.77723e-05 0.991167 0.132617 0 0.990851 0.134961 0 0.930424 0.366484 0 0.81404 0.580808 0 0.649236 0.760587 -0.00109052 0.649236 0.760587 0.000545567 0.537362 0.843352 -0.00226355 0.403794 0.914847 0 0.445816 0.895125 0 0.991467 0.130357 0.00572191 0.999897 0.0131497 0.00196017 0.995621 0.0934612 -0.000568664 0.970077 0.242796 0.0011993 0.930424 0.366483 0.000436167 0.922266 0.386556 -0.000313965 0.853285 0.521444 0.00149049 0.814039 0.580808 -0.000400178 0.764718 0.644365 0.000630972 0.658602 0.752491 0.00109052 0.649236 0.760586 -0.000545567 0.537362 0.843351 0 0.512343 0.858781 0 0.403796 0.914849 0.000286996 0.471957 0.881621 -0.000631062 0.658602 0.752492 0.000400178 0.764719 0.644364 -0.00149049 0.814039 0.580808 0.000313965 0.853285 0.521444 -0.000436167 0.922266 0.386556 -0.0011993 0.930424 0.366483 0.000568664 0.970077 0.242796 -0.00196017 0.995621 0.0934613 0.382668 -0.923886 0 0.382695 -0.923875 0 0.608757 -0.793357 0 0.608775 -0.793343 0 0.92389 -0.382658 0 0.923877 -0.382689 0 0.991451 -0.130482 0 0.991451 0.130482 0 0.991441 0.130556 0 0.923877 0.38269 0 0.92389 0.382659 0 0.608775 0.793343 0 0.608757 0.793357 0 0.382697 0.923874 0 0.382671 0.923885 0 -0.382671 0.923885 0 -0.382697 0.923874 0 -0.608775 0.793343 0 -0.608757 0.793357 0 -0.923877 0.38269 0 -0.923877 -0.382689 0 -0.608775 -0.793343 0 -0.382695 -0.923875 0 -0.382668 -0.923886 0 5.29143e-06 0 1 -0.130542 -0.991443 0 0.793304 -0.608826 0 0.923904 -0.382626 0 0.923903 0.382627 0 0.793304 0.608826 0 -0.38275 0.923852 0 -0.608685 0.793412 0 -0.793376 0.608732 0 -0.92385 0.382754 0 -0.991451 0.130482 0 -0.991431 0.130629 0 -0.991431 -0.13063 0 -0.991451 -0.130482 0 -0.923851 -0.382753 0 -0.608685 -0.793412 0 -0.382748 -0.923853 0 0.992875 -0.119164 0 0.995911 0.0903448 0 -1 0.000506757 0 -1 0.000274128 0 -0.99955 -0.0299947 0 9.05174e-05 0.982572 -0.185885 -6.32335e-05 0.983364 -0.181644 6.70896e-05 0.986899 -0.161338 -0.000133921 0.987736 -0.156134 0.00022083 0.991687 -0.128673 -0.00022083 0.991687 -0.128673 -0.000441121 0.992122 -0.125273 -6.70896e-05 0.986899 -0.161338 0.000133925 0.987736 -0.156134 0.000175225 0.994822 -0.101633 -0.000435443 0.996934 -0.0782423 -0.000217604 0.99719 -0.074918 0.000129994 0.998827 -0.0484312 0.000519034 0.999901 0.0140911 -0.000129969 0.999533 0.0305693 0.000217438 0.998371 0.0570541 -0.000217437 0.998371 0.0570541 -0.000435172 0.998176 0.0603791 -0.000519152 0.999489 -0.031953 -0.000519033 0.999901 0.0140911 0.000129969 0.999533 0.0305692 0.000175052 0.996485 0.0837687 -0.000440657 0.994215 0.107406 0.000133731 0.990395 0.138266 -9.0344e-05 0.985784 0.168016 -6.70346e-05 0.989655 0.14347 6.31162e-05 0.986497 0.163777 0 0.985784 0.168016 6.70335e-05 0.989655 0.14347 -0.000133729 0.990395 0.138266 0.000440657 0.994215 0.107406 -0.000175053 0.996485 0.0837687 0.000435172 0.998175 0.0603791 0.000519152 0.999489 -0.031953 -0.000129994 0.998827 -0.0484312 0.000217604 0.99719 -0.074918 0.000435443 0.996934 -0.0782423 -0.000175225 0.994822 -0.101633 0.000441121 0.992122 -0.125273 0 0.982572 -0.185885 -1 -0.000318543 0 -1 0.000332735 0 -1 -6.79174e-05 0 -1 -0.000250617 0 -1 -0.000109435 0 0.00038897 -0.791255 0.611487 -0.00116607 -0.845316 0.534265 -0.000388969 -0.791255 0.611487 0 -0.805447 0.592667 0 -0.845317 0.534266 0 -0.730165 0.683271 -0.000233298 -0.758497 0.651676 -0.000127407 -0.834936 -0.550348 0.000127407 -0.787305 -0.616564 -0.000297354 -0.811796 -0.583942 0 -0.841886 -0.539655 -0.382659 5.31338e-06 -0.92389 -0.382655 -5.31338e-06 -0.923891 -0.793362 1.06276e-05 -0.60875 -0.793364 -1.06276e-05 -0.608747 -0.923875 2.12549e-05 -0.382694 -0.923875 -2.12549e-05 -0.382694 -0.991434 0 -0.130611 -0.991434 0 0.130609 -0.923875 2.12549e-05 0.382694 -0.923875 -2.12549e-05 0.382694 -0.793364 1.06276e-05 0.608747 -0.793362 -1.06276e-05 0.60875 -0.382654 5.31339e-06 0.923892 -0.382659 -5.31338e-06 0.92389 0.130514 0 0.991446 0.382734 0 0.923859 0.382729 -5.31443e-06 0.923861 0.793362 0 0.60875 0.923875 0 0.382695 0.991448 0 0.130505 0.991434 2.12548e-05 0.130611 0.991448 2.12551e-05 -0.130506 0.991434 0 -0.130609 0.382729 5.31443e-06 -0.923861 0.382734 0 -0.923859 -0.382705 0 -0.923871 -0.608717 0 -0.793387 -0.608714 0 -0.79339 -0.60872 0 0.793385 -0.60873 0 0.793377 -0.382683 -5.31393e-06 0.92388 0.382716 0 0.923866 0.608775 0 0.793343 0.608727 -1.06266e-05 0.79338 0.793313 2.12538e-05 0.608814 0.991448 -2.12548e-05 0.130505 0.991448 2.12548e-05 -0.130505 0.793307 0 -0.608822 0.793364 2.12551e-05 -0.608747 0.60871 0 -0.793393 0.382743 0 -0.923855 0.115312 -1.43338e-06 0.993329 0.115318 -1.43337e-06 0.993329 0.350523 0 0.936554 0.350528 0 0.936552 0.565145 0 0.824992 0.565137 0 0.824997 0.746771 0 0.665081 0.884632 0 0.46629 0.97073 0 0.240175 0.97073 0 -0.240174 0.884628 0 -0.466297 0.884631 0 -0.466292 0.746769 0 -0.665084 0.565153 0 -0.824986 0.565141 4.78167e-06 -0.824994 0.350523 0 -0.936554 0.350528 0 -0.936552 0.115318 0 -0.993329 0.382674 -5.31365e-06 0.923884 0.991441 0 0.130558 0.991441 0 -0.130557 0.382673 5.31365e-06 -0.923884 6.88043e-07 -1 -6.0404e-06 2.23526e-06 -1 1.96232e-05 2.33039e-07 -1 8.48263e-06 -2.73549e-06 -1 -2.07441e-05 -5.3939e-06 -1 -9.08562e-06 -2.33047e-07 1 -8.48263e-06 3.95265e-06 1 5.20443e-06 2.73403e-06 1 3.31741e-05 -2.23452e-06 1 -1.96171e-05 5.39357e-06 1 1.06465e-05 0 -0.953059 0.302785 0 -0.994748 0.102359 0 -0.994748 -0.102359 0 -0.953059 -0.302785 0 -0.953053 -0.302805 0 -0.953053 0.302805 0 -0.953061 0.302777 0 -0.953059 -0.302785 0 -0.953055 0.302798 0 -0.953046 -0.302825 0 -0.953056 0.302795 0 -0.398752 0.917059 0 0.917061 -0.398746 0 -0.302788 -0.953058 0 -0.10236 -0.994747 0 0.102361 -0.994747 0 0.302783 -0.95306 0 0.302792 -0.953057 0 0.302799 -0.953055 0 -0.302784 -0.953059 0 -0.91706 -0.39875 0 0.39875 0.91706 0 0.130525 -0.991445 0 0.99144 -0.130562 0 0.991452 -0.130473 0 0.991463 -0.130385 0 0.130503 -0.991448 0 0.130513 -0.991447 0 0.793345 -0.608773 0 0.991463 -0.130385 0 0.991435 -0.130605 0 0.991448 -0.130506 0 0.991442 -0.130551 0 -0.991445 -0.130526 0 -0.991445 0.130526 0 0.793344 0.608774 0 0.991452 0.130473 0 0.99144 0.130562 0 0.130538 0.991443 0 0.130503 0.991448 0 0.991463 0.130385 0 0.991447 0.130507 0 0.793342 0.608777 0 0.130513 0.991447 0 0.991449 0.130495 0 0.991463 0.130385 0 0.991445 0.130525 0 0.707107 -0.707106 0 0.707107 0.707107 0 0.991445 -0.130525 0 -0.707107 -0.707107 0 -0.39875 -0.91706 0 0.953059 -0.302785 0 0.953059 -0.302785 0 0.994748 -0.102356 0 0.994748 0.102357 0 0.953053 0.302805 0 0.953059 0.302785 0 0.953062 -0.302775 0 0.953046 0.302825 0 0.953071 0.302746 0 0.953046 -0.302825 0 0.953059 0.302784 0 0.953053 -0.302804 0 0.953056 0.302795 0 0.953049 -0.302815 0 0.95307 -0.302751 0 0.953065 0.302765 0 0.953056 -0.302795 0 0.953062 0.302775 0 -0.917061 0.398746 0 0.302784 0.953059 0 0.302786 0.953059 0 0.10236 0.994747 0 -0.102361 0.994747 0 -0.302783 0.95306 0 -0.302789 0.953058 0 0.302795 0.953056 0 -0.99144 -0.130562 0 -0.991449 -0.130495 0 -0.991437 -0.130584 0 -0.991452 -0.130473 0 -0.991463 -0.130385 0 -0.130551 -0.991442 0 -0.99144 0.130562 0 -0.991452 0.130473 0 -0.13054 0.991443 0 -0.991437 0.130584 0 -0.991449 0.130495 0 -0.991461 0.130407 0 0.91706 0.39875 0 0.398752 -0.917059 0 -0.99145 -0.130487 0 -0.991431 -0.130632 0 -0.923875 -0.382695 0 -0.991448 -0.130505 0 -0.707106 0.707107 0 -0.99145 0.130487 0 -0.923875 0.382695 -1 0.000102694 0 -1 -3.61174e-05 0 -1 7.1806e-05 0 -1 -0.000102694 0 -1 -0.000277096 0 1 0.000138366 0 1 -0.000121071 0 1 -0.000195508 0 1 -0.000553667 0 1 -0.000409742 0 1 -0.000138557 0 1 0.000198831 0 1 0.000553671 0 1 0.000610961 0 -1 0.000109501 0 -1 -0.000610961 0 -1 -0.000195508 0 -1 0.000195508 0 -0.382729 0.923861 0 -0.608706 0.793396 0 -0.793374 0.608735 0 -0.923905 0.382623 0 -0.923857 0.382738 0 -0.991441 0.130555 0 -0.991441 -0.130555 0 -0.923857 -0.382737 0 -0.923905 -0.382622 0 -0.793374 -0.608735 0 -0.608706 -0.793396 0 -0.382726 -0.923862 0 0.793309 -0.60882 0 0.793374 -0.608735 0 0.923857 -0.382737 0 0.991459 -0.130422 0 0.991459 0.130422 0 0.923857 0.382738 0 0.793374 0.608735 0 0.793309 0.60882 0 1 -0.000229108 0 1 0.000384066 0 -0.130514 0 0.991446 0.793339 0 0.60878 0.923901 0 0.382632 0.991443 0 0.130544 0.991443 0 -0.130543 0.9239 0 -0.382634 0.793341 0 -0.608778 -0.382713 0 0.923868 -0.382717 0 0.923866 0.793343 0 -0.608774 0.923881 0 -0.38268 0.923881 0 0.38268 0.923871 0 0.382705 0.991448 0 -0.130503 0.923871 0 -0.382705 -0.13051 0 -0.991447 -0.382719 0 -0.923865 -0.923855 0 -0.382742 -0.923855 0 0.382742 -1 -0.00022066 0 -1 0.000432074 0 -1 -0.000590144 0 -1 -0.000384066 0 -1 0.000610943 0 -0.999999 -0.0011803 0 1 0.000152768 0 1 0.000590144 0 1 -0.000458216 0 1 -0.000186712 0 1 -0.000610943 0 0 -0.608742 0.793368 0.608742 0 0.793368 0.923886 0 0.382669 0.923885 0 -0.38267 0.608742 0 -0.793368 -0.608742 0 -0.793368 -0.608742 0 0.793368 0.130525 0 0.991445 -0.130525 0 0.991445 -0.793368 0 0.608742 -0.991441 0 0.130556 -0.991441 0 -0.130556 -0.793366 0 -0.608745 0.793366 0 -0.608745 0.793368 0 0.608742 0.923888 0 -0.382663 0.923888 0 0.382663 -0.923888 0 0.382663 -0.923888 0 -0.382663 0.60879 0 0.793331 0.793315 0 0.608812 0.793316 0 0.608811 0.923886 0 -0.382669 0.793319 0 -0.608807 0.79332 0 -0.608804 0.608777 0 -0.793341 -0.130504 0 -0.991448 -0.382734 0 -0.923859 -0.923886 0 -0.382669 -0.991437 0 -0.130587 -0.991437 0 0.130585 0.991297 0.0171862 -0.130521 0.991297 0.0171816 -0.130521 0.991297 0.0503793 -0.121626 0.991296 0.0801477 -0.104443 0.991297 0.080142 -0.104443 0.991296 0.104447 -0.0801418 0.991297 0.104438 -0.0801418 0.991296 0.121633 -0.0503793 0.991296 0.130527 -0.0171834 0.991297 0.130517 -0.0171836 0.922717 0.382181 -0.0503154 0.922717 0.382179 -0.0503141 0.790822 0.606811 -0.0798867 0.605455 0.789071 -0.103884 0.605462 0.789065 -0.103884 0.379867 0.917128 -0.120741 0.379872 0.917125 -0.120743 0.129432 0.983105 -0.129427 0.129434 0.983105 -0.129429 0.922718 0.0503192 -0.382177 0.922717 0.147515 -0.356136 0.92272 0.147507 -0.356132 0.922716 0.234673 -0.305818 0.922719 0.234658 -0.305818 0.922718 0.305818 -0.234662 0.92272 0.356128 -0.147516 0.922719 0.35613 -0.147515 0.790823 0.0798918 -0.606809 0.790826 0.0798859 -0.606805 0.790823 0.234223 -0.565455 0.790821 0.372594 -0.485567 0.790826 0.372585 -0.485566 0.790826 0.485563 -0.372589 0.790823 0.565455 -0.23422 0.605455 0.103882 -0.789071 0.605457 0.304567 -0.735297 0.605459 0.484494 -0.631415 0.605453 0.484502 -0.631415 0.605459 0.631412 -0.484499 0.605457 0.631416 -0.484496 0.605464 0.735289 -0.304572 0.605456 0.735297 -0.304567 0.379871 0.120744 -0.917126 0.379876 0.120742 -0.917123 0.379866 0.353997 -0.854628 0.379876 0.353997 -0.854623 0.379878 0.563126 -0.733881 0.379865 0.563132 -0.733883 0.379869 0.733882 -0.563131 0.379869 0.854626 -0.353998 0.129425 0.129432 -0.983106 0.129432 0.37946 -0.91611 0.129441 0.379461 -0.916108 0.129431 0.603642 -0.786679 0.12944 0.603644 -0.786676 0.129438 0.786678 -0.603641 0.129434 0.786682 -0.603638 0.129435 0.916108 -0.379464 0.048779 0.998793 -0.00570226 0.146539 0.989204 -0.00143551 0.290587 0.956848 0.00115077 0.382668 0.923883 -0.00232724 0.382667 0.923886 0 0.79336 0.608752 0 0.923885 0.382669 0 0.991443 0.130544 0 0.98807 0.153995 -0.00164793 0.99518 0.0980702 0 0.471924 0.881639 0.00118382 0.608749 0.793361 -0.00178708 0.634355 0.773042 0 0.773044 0.634352 0 0.793362 0.608748 -0.00193516 0.882428 0.470446 0.00131712 0.923884 0.382662 -0.00273025 0.957364 0.28888 0.00142118 0.995179 0 0.0980755 0.95697 0 0.290186 0.881885 0 0.471465 0.881885 0 0.471465 0.773053 0 0.634342 0.634351 0 0.773045 0.471428 0 0.881905 0.290273 0 0.956944 0.146739 0 0.989175 0.0490813 0 0.998795 0.993687 -0.11219 0 0.996287 -0.0860892 0 0.957826 -0.287348 0 0.955445 -0.295171 0 0.891163 -0.453683 0 0.878986 -0.476848 0 0.761539 -0.648119 0 0.779266 -0.626693 0 0.635425 -0.772162 0 0.634917 -0.772581 0 0.473127 -0.880994 0 0.468151 -0.883648 0 0.289561 -0.95716 0 0.291881 -0.956455 0 0.146186 -0.989257 0 0.146304 -0.98924 0 0.0490391 -0.998797 0 0.0490821 -0.998795 0 0.0490535 -0.998796 0 0.14927 -0.988796 -0.00131638 0.146559 -0.989201 -0.00143363 0.290587 -0.956848 0.00115021 0.382674 -0.923881 -0.00232621 0.471921 -0.88164 0.00118292 0.608741 -0.793367 -0.00178672 0.634353 -0.773043 0 0.773046 -0.63435 0 0.793361 -0.608748 -0.00193471 0.882427 -0.470447 0.00131692 0.923884 -0.382662 -0.00272972 0.957364 -0.288882 0.00142108 0.994895 -0.100878 -0.00282999 0.991444 -0.130533 0 0.991443 -0.130544 0 0.923885 -0.382669 0 0.79336 -0.608752 0 0.608742 -0.793369 0 0.608745 -0.793366 0 0.382673 -0.923884 0 0.130536 -0.991444 0 0.0490679 -0.998795 0 0.146739 -0.989175 0 0.146734 -0.989176 0 0.290277 -0.956943 0 0.471429 -0.881904 0 0.634361 -0.773037 0 0.773039 -0.634359 0 0.881886 -0.471462 0 0.956969 -0.290191 0 0.995179 -0.0980727 0 0.995178 -0.0980829 0 0.995179 0 -0.0980756 0.995179 0 -0.0980747 0.956969 0 -0.290189 0.881884 0 -0.471467 0.773042 0 -0.634355 0.773043 0 -0.634354 0.634364 0 -0.773035 0.471439 0 -0.881898 0.290269 0 -0.956945 0.146731 0 -0.989176 0.146742 0 -0.989175 0.0490812 0 -0.998795 0.988068 -0.154009 0.00164784 0.957361 -0.288893 -0.00142107 0.923884 -0.382663 0.00272972 0.882432 -0.470439 -0.00131692 0.793357 -0.608753 0.0019347 0.77305 -0.634345 0 0.608741 -0.793367 0.00178672 0.471921 -0.88164 -0.00118262 0.382674 -0.923881 0.00232621 0.290587 -0.956848 -0.0011505 0.146556 -0.989201 0.00143302 0.0487733 -0.998794 0.00570676 0.991297 -0.0171861 0.13052 0.991297 -0.0171817 0.130522 0.991297 -0.0503793 0.121627 0.991297 -0.0503835 0.121623 0.991297 -0.0801345 0.104443 0.991296 -0.0801424 0.104444 0.991296 -0.104447 0.0801405 0.991297 -0.104436 0.0801396 0.991296 -0.121631 0.0503786 0.991296 -0.130527 0.0171814 0.991297 -0.130517 0.0171854 0.922718 -0.382178 0.050314 0.922717 -0.38218 0.0503152 0.790825 -0.606807 0.0798829 0.790825 -0.606806 0.0798911 0.605458 -0.789068 0.103886 0.605445 -0.789079 0.103879 0.379872 -0.917125 0.120744 0.379878 -0.917123 0.120741 0.129432 -0.983106 0.129424 0.129439 -0.983105 0.129423 0.922718 -0.0503192 0.382177 0.922718 -0.147514 0.356134 0.922716 -0.234666 0.305821 0.922717 -0.23466 0.305822 0.922716 -0.305827 0.234659 0.922717 -0.305818 0.234668 0.922721 -0.356127 0.147513 0.922718 -0.356133 0.147516 0.790825 -0.0798913 0.606805 0.790822 -0.0798925 0.606809 0.790816 -0.234223 0.565464 0.79083 -0.234208 0.56545 0.79083 -0.372585 0.48556 0.790825 -0.372584 0.485568 0.790828 -0.485562 0.372586 0.790819 -0.485575 0.37259 0.790818 -0.565461 0.234225 0.790824 -0.565456 0.234218 0.605434 -0.103891 0.789086 0.605459 -0.103872 0.789069 0.605456 -0.304566 0.735298 0.605436 -0.30458 0.735308 0.605444 -0.484503 0.631423 0.605454 -0.484494 0.63142 0.605455 -0.631416 0.484497 0.60546 -0.73529 0.304576 0.60545 -0.7353 0.304571 0.379902 -0.12073 0.917115 0.379876 -0.120748 0.917122 0.379868 -0.354006 0.854623 0.379876 -0.354004 0.85462 0.379876 -0.563119 0.733888 0.379874 -0.733879 0.563132 0.379866 -0.733891 0.563122 0.379867 -0.854624 0.354003 0.379875 -0.854625 0.353993 0.129431 -0.129436 0.983104 0.129428 -0.129433 0.983105 0.129431 -0.379469 0.916106 0.129454 -0.379463 0.916106 0.129452 -0.60363 0.786685 0.129428 -0.603638 0.786682 0.129432 -0.786683 0.603636 0.12944 -0.786678 0.603641 0.129442 -0.916102 0.379475 0.129431 -0.916111 0.379457 0.0490704 0 0.998795 0.149255 -0.001315 0.988798 0.14653 -0.00143491 0.989205 0.290585 0.00115139 0.956848 0.3827 -0.00232774 0.92387 0.471927 0.00118247 0.881637 0.60873 -0.00178766 0.793375 0.634344 0 0.773051 0.793359 -0.00193472 0.608751 0.882424 0.00131829 0.470453 0.923885 -0.00272972 0.38266 0.957364 0.00142142 0.288882 0.994895 -0.00283077 0.100878 0.608731 0 0.793377 0.382704 0 0.923871 0.0490667 0.998796 0 0.179038 0.983842 0 0.146947 0.989143 -0.00138782 0.289964 0.957037 0.00110712 0.382669 0.923883 -0.0021943 0.470977 0.882145 0.00108051 0.608748 0.793362 -0.00160475 0.79336 0.608752 -0.00150031 0.881474 0.472231 0.000990126 0.923884 0.382667 -0.00192814 0.956709 0.291045 0.000937198 0.988591 0.150623 -0.00109792 0.995179 0.0980774 0 0.995358 0.096226 0.00186857 0.956712 0.291034 -0.0009372 0.923884 0.382667 0.00192814 0.881474 0.472231 -0.000990126 0.79336 0.608752 0.00150031 0.773046 0.63435 0 0.608748 0.793362 0.00160477 0.47098 0.882143 -0.00108052 0.382669 0.923883 0.0021943 0.289961 0.957038 -0.00110711 0.146948 0.989143 0.00138783 0.95697 0.290187 0 0.881888 0.47146 0 0.773042 0.634355 0 0.634366 0.773033 0 0.471425 0.881906 0 0.29027 0.956945 0 0.290269 0.956945 0 0.146738 0.989175 0 0.98807 0.00164824 0.154 0.957365 -0.00142139 0.288878 0.923884 0.00272972 0.382663 0.882425 -0.00131794 0.470452 0.793359 0.0019347 0.608751 0.77305 0 0.634345 0.608727 0.00178765 0.793378 0.471932 -0.00118245 0.881634 0.382697 0.00232772 0.923871 0.290592 -0.00115138 0.956846 0.146529 0.0014349 0.989205 0.0487933 0.00570065 0.998793 0.881885 -0.471465 0 0.773043 -0.634354 0 0.290273 -0.956944 0 0.991296 0.130526 0.0171833 0.991297 0.130518 0.0171837 0.991297 0.121621 0.0503796 0.991295 0.121637 0.050379 0.991297 0.104443 0.0801409 0.991297 0.0801359 0.104445 0.991297 0.08014 0.104441 0.991297 0.0503834 0.121621 0.991297 0.05038 0.121626 0.991297 0.01718 0.130522 0.922717 0.0503147 0.382181 0.922717 0.0503195 0.382179 0.790826 0.0798913 0.606805 0.790821 0.0798922 0.606811 0.605436 0.103891 0.789084 0.605456 0.103872 0.789072 0.3799 0.120729 0.917115 0.379873 0.120748 0.917124 0.129431 0.129436 0.983104 0.12943 0.129433 0.983105 0.129435 0.379461 0.916109 0.129456 0.37947 0.916103 0.129453 0.603639 0.786678 0.129433 0.60363 0.786688 0.129435 0.786679 0.603641 0.129437 0.786683 0.603635 0.129435 0.916108 0.379464 0.129434 0.983105 0.129429 0.129433 0.983105 0.129427 0.379871 0.917125 0.120743 0.605457 0.78907 0.103883 0.790822 0.60681 0.0798884 0.790825 0.606807 0.0798865 0.922718 0.382178 0.0503136 0.922717 0.38218 0.0503156 0.379872 0.854625 0.353995 0.379864 0.854628 0.353999 0.379868 0.73388 0.563135 0.379879 0.733885 0.56312 0.379886 0.563118 0.733884 0.379869 0.563119 0.733891 0.379876 0.354005 0.85462 0.379869 0.354006 0.854622 0.605458 0.735294 0.304571 0.605463 0.631412 0.484494 0.605446 0.63142 0.484504 0.605456 0.484498 0.631415 0.60544 0.484499 0.631429 0.605439 0.304571 0.73531 0.605455 0.304577 0.735294 0.922722 0.356124 0.147515 0.790823 0.565455 0.23422 0.790825 0.485564 0.37259 0.790822 0.485573 0.372584 0.79083 0.372582 0.485563 0.790824 0.372591 0.485565 0.79083 0.234216 0.565448 0.790822 0.234216 0.565459 0.922718 0.305821 0.23466 0.922718 0.356134 0.147516 0.922716 0.305822 0.234667 0.922716 0.234663 0.305824 0.922716 0.234668 0.30582 0.922717 0.147515 0.356135 0.922717 0.147517 0.356134 0.04906 0.998796 0 0.149264 0.988797 0.00131538 0.146537 0.989204 0.0014355 0.290588 0.956848 -0.00115077 0.382668 0.923883 0.00232724 0.471923 0.881639 -0.00118382 0.608749 0.793361 0.00178708 0.793358 0.608753 0.00193516 0.882431 0.47044 -0.00131713 0.923884 0.382663 0.00273024 0.957361 0.28889 -0.00142117 0.994895 0.100879 0.00283016 0.988589 0.00109815 0.150634 0.956708 -0.0009374 0.291047 0.923889 0.00192773 0.382656 0.881472 -0.000990148 0.472235 0.793353 0.00149964 0.60876 0.773043 0 0.634353 0.634366 0 0.773033 0.608753 0.00160522 0.793358 0.470983 -0.00108048 0.882142 0.382666 0.00219492 0.923884 0.289962 -0.00110636 0.957038 0.146955 0.00138866 0.989142 0.179043 0 0.983841 0.049088 0 0.998794 0.995358 -0.00186871 0.0962242 0.956708 0.000936931 0.291049 0.923889 -0.00192773 0.382656 0.881473 0.000990394 0.472233 0.793351 -0.00149964 0.608763 0.608752 -0.00160511 0.793359 0.470989 0.00108047 0.882139 0.382666 -0.00219492 0.923884 0.289958 0.00110639 0.957039 0.146952 -0.00138859 0.989143 0.0490729 0 -0.998795 0.146739 0 -0.989175 0.290272 0 -0.956944 0.290265 0 -0.956946 0.634363 0 -0.773035 0.149258 0.00131539 -0.988797 0.0490409 0 -0.998797 0.382672 0 -0.923884 0.994895 0.00282995 -0.100875 0.957362 -0.00142215 -0.288887 0.923884 0.00272972 -0.382663 0.88243 -0.00131692 -0.470442 0.793359 0.00193519 -0.608751 0.773048 0 -0.634348 0.634346 0 -0.773049 0.60875 0.00178625 -0.79336 0.471927 -0.0011844 -0.881637 0.382673 0.00232686 -0.923881 0.290599 -0.00115094 -0.956844 0.146545 0.00143562 -0.989203 0.988589 -0.150632 0.00109791 0.956713 -0.291031 -0.000937404 0.923884 -0.382669 0.00192812 0.881476 -0.472228 -0.00099028 0.793361 -0.608749 0.00150076 0.608745 -0.793364 0.00160522 0.470979 -0.882144 -0.00108157 0.382676 -0.92388 0.00219263 0.289971 -0.957035 -0.00110652 0.14694 -0.989144 0.00138769 0.179034 -0.983843 0 0.995359 -0.0962104 -0.00186863 0.956708 -0.291048 0.000937399 0.923884 -0.382669 -0.00192831 0.881475 -0.47223 0.000990404 0.793361 -0.608749 -0.00150038 0.608745 -0.793364 -0.00160501 0.470977 -0.882145 0.00108157 0.382675 -0.92388 -0.00219304 0.289973 -0.957034 0.00110597 0.14694 -0.989144 -0.00138656 0.995179 0 0.0980747 0.956971 0 0.290185 0.471426 0 0.881906 0.290269 0 0.956945 0.146747 0 0.989174 0.146731 0 0.989177 0.0490453 0 -0.998797 0.0490645 0 -0.998796 0.29028 0 -0.956942 0.471423 0 -0.881907 0.471429 0 -0.881904 0.634365 0 -0.773033 0.881885 0 -0.471464 0.956971 0 -0.290184 0.129429 -0.129429 -0.983106 0.129425 -0.129431 -0.983106 0.379877 -0.120743 -0.917123 0.379873 -0.120744 -0.917125 0.605462 -0.103882 -0.789065 0.605453 -0.103881 -0.789072 0.790825 -0.0798848 -0.606806 0.790825 -0.0798913 -0.606805 0.922718 -0.0503149 -0.382178 0.991297 -0.0171803 -0.13052 0.991297 -0.0503795 -0.121625 0.991297 -0.0801437 -0.104442 0.991296 -0.0801419 -0.104447 0.991297 -0.104441 -0.0801412 0.991296 -0.121631 -0.0503795 0.991297 -0.121621 -0.0503796 0.991297 -0.130517 -0.0171829 0.991296 -0.130526 -0.0171845 0.922717 -0.382179 -0.0503194 0.922718 -0.382179 -0.0503109 0.922721 -0.356124 -0.147517 0.922716 -0.35614 -0.147512 0.922718 -0.305817 -0.234664 0.92272 -0.234663 -0.305813 0.922717 -0.234664 -0.305821 0.922719 -0.147514 -0.356132 0.790825 -0.606805 -0.0798913 0.790824 -0.606808 -0.079884 0.790826 -0.565451 -0.234221 0.790816 -0.565466 -0.234219 0.790824 -0.485568 -0.372588 0.790825 -0.485565 -0.372588 0.790822 -0.372589 -0.485571 0.790823 -0.372594 -0.485564 0.790817 -0.234219 -0.565465 0.605452 -0.789073 -0.103886 0.605456 -0.789071 -0.103878 0.605457 -0.735293 -0.304574 0.605453 -0.735297 -0.304572 0.60545 -0.631422 -0.484496 0.605456 -0.631415 -0.484498 0.605457 -0.484499 -0.631413 0.605456 -0.304566 -0.735298 0.379874 -0.917124 -0.120742 0.379872 -0.854625 -0.353996 0.379873 -0.854621 -0.354004 0.379873 -0.733883 -0.563128 0.379866 -0.733885 -0.563129 0.37986 -0.563133 -0.733885 0.37987 -0.563132 -0.733881 0.379872 -0.353997 -0.854625 0.37987 -0.353994 -0.854627 0.129437 -0.983105 -0.129424 0.129435 -0.983105 -0.129423 0.129437 -0.916106 -0.379469 0.129435 -0.91611 -0.379459 0.129438 -0.78668 -0.603639 0.129438 -0.603643 -0.786677 0.129434 -0.603638 -0.786682 0.129439 -0.379465 -0.916107 0.129441 -0.379459 -0.916109 0.988069 -0.00164826 -0.154 0.957362 0.00142217 -0.288888 0.923885 -0.00272972 -0.38266 0.882429 0.00131677 -0.470444 0.793359 -0.00193521 -0.608751 0.608749 -0.00178627 -0.793361 0.471927 0.00118441 -0.881637 0.38267 -0.00232689 -0.923882 0.290602 0.00115095 -0.956843 0.14653 -0.00143563 -0.989205 0.0487753 -0.00570244 -0.998793 0.0490882 0.998794 0 0.0490391 0.998797 0 0.148145 0.988966 0 0.146186 0.989257 0 0.28845 0.957495 0 0.293239 0.956039 0 0.469747 0.882801 0 0.473127 0.880994 0 0.633686 0.773591 0 0.640184 0.768221 0 0.776114 0.630593 0 0.761539 0.648119 0 0.880994 0.473127 0 0.891163 0.453683 0 0.953342 0.301892 0 0.957826 0.287348 0 0.996764 0.0803842 0 0.993687 0.11219 0 0.146734 0.989176 0 0.0490277 0 -0.998797 0.149263 0.00148166 -0.988797 0.1465 0.00161852 -0.989209 0.290629 -0.00129783 -0.956835 0.382678 0.00262836 -0.923878 0.471995 -0.00133976 -0.8816 0.608747 0.0020249 -0.793362 0.634354 0 -0.773043 0.793359 0.0022172 -0.60875 0.882509 -0.00151351 -0.470293 0.923883 0.00315283 -0.382662 0.957426 -0.00165197 -0.288674 0.994847 0.00329025 -0.10133 0.98887 -0.00205916 -0.148765 0.0487365 -0.00642534 -0.998791 0.14652 -0.00161852 -0.989206 0.290623 0.00129783 -0.956837 0.382678 -0.00262835 -0.923878 0.471993 0.00133976 -0.881601 0.608747 -0.0020249 -0.793362 0.793359 -0.00221706 -0.60875 0.882508 0.00151351 -0.470294 0.923883 -0.00315343 -0.382662 0.957427 0.00165154 -0.288671 0.146721 0 -0.989178 1 0.000318976 0 1 0.000256519 0 1 -0.00034217 0 1 -0.000371871 0 -0.00122745 -0.845316 0.534265 0.00122735 -0.730165 0.68327 0.000409442 -0.791254 0.611487 -0.000409268 -0.761563 0.648091 -0.000409441 -0.791255 0.611487 0.000409285 -0.81919 0.573522 0 0.98261 -0.185683 -0.000602271 0.984907 -0.173086 2.3699e-06 0.987011 -0.160651 2.36715e-06 0.99068 -0.136208 2.39925e-05 0.99068 -0.136208 0.000567807 0.992122 -0.125272 -2.7721e-05 0.993674 -0.112306 5.58663e-05 0.996934 -0.0782424 -4.10263e-05 0.997015 -0.0772113 4.10889e-05 0.999489 -0.0319529 -3.67008e-06 0.999504 -0.0314818 3.71172e-06 0.999905 0.0137708 7.03186e-07 0.999905 0.0137634 -0.000572286 0.992258 -0.12419 2.68706e-06 0.993674 -0.112306 2.68862e-06 0.997016 -0.0771907 7.11199e-07 0.997015 -0.0772113 7.07632e-07 0.999505 -0.0314744 7.04808e-07 0.998231 0.0594612 2.57693e-06 0.99823 0.0594807 -3.41771e-05 0.99823 0.0594807 5.04149e-05 0.998176 0.0603791 -2.50187e-05 0.99552 0.0945486 0.000567376 0.994215 0.107406 2.20956e-05 0.992963 0.118426 -2.11525e-05 0.989746 0.142837 2.28948e-06 0.989746 0.142837 -0.000599634 0.987875 0.155253 2.57798e-06 0.99552 0.0945486 -0.000570579 0.994321 0.106419 2.29416e-06 0.992963 0.118425 -8.49046e-06 0.985846 0.167655 8.38676e-06 0.989655 0.14347 3.42223e-05 0.999901 0.014091 -2.28257e-05 0.987011 -0.160651 9.21138e-06 0.986899 -0.161338 -9.64506e-06 0.982572 -0.185884 -0.000879803 -0.76807 -0.640365 0.000879881 -0.851385 -0.524541 -0.000293402 -0.811795 -0.583942 0.000293442 -0.811795 -0.583942 -0.000195599 -0.835403 -0.549638 0.000195564 -0.78678 -0.617233 0 -0.801245 -0.598336 -1 -0.000118348 0 -1 0.000218878 0 -1 -0.000371871 0 -2.24217e-06 1 1.96839e-05 -0.382673 0 -0.923884 -0.608775 0 -0.793343 -0.923892 -1.06278e-05 -0.382653 -0.923893 0 0.382651 -0.923877 -1.06273e-05 0.38269 -0.608775 0 0.793343 -0.115318 0 -0.993329 -0.115312 1.43338e-06 -0.993329 -0.350509 0 -0.936559 -0.35049 2.54692e-06 -0.936567 -0.565172 0 -0.824973 -0.565198 3.80591e-06 -0.824955 -0.746771 -1.14669e-05 -0.665081 -0.74674 1.05537e-05 -0.665116 -0.88463 -1.14667e-05 -0.466295 -0.884653 -2.01307e-07 -0.46625 -0.97073 0 -0.240172 -0.970731 0 0.24017 -0.88463 0 0.466295 -0.884653 -1.1467e-05 0.46625 -0.746769 0 0.665084 -0.746743 0 0.665113 -0.565168 0 0.824976 -0.565199 2.54713e-06 0.824955 -0.350509 0 0.936559 -0.35049 1.11783e-06 0.936567 -0.115312 -1.43338e-06 0.993329 -0.115318 0 0.993329 0.991444 0 0.130531 0.991444 0 -0.130532 0.130538 2.989e-06 -0.991443 -0.793337 -5.31364e-06 0.608783 0.923885 0 0.382671</float_array>
          <technique_common>
            <accessor source="#geometry_01b0d4d9_8c22_48bc_b1f9_2a0e74ea27a6-mesh-normals-array" count="2751" stride="3">
              <param name="X" type="float"/>
              <param name="Y" type="float"/>
              <param name="Z" type="float"/>
            </accessor>
          </technique_common>
        </source>
        <vertices id="geometry_01b0d4d9_8c22_48bc_b1f9_2a0e74ea27a6-mesh-vertices">
          <input semantic="POSITION" source="#geometry_01b0d4d9_8c22_48bc_b1f9_2a0e74ea27a6-mesh-positions"/>
        </vertices>
        <triangles count="14344" material="mat_16">
          <input semantic="VERTEX" source="#geometry_01b0d4d9_8c22_48bc_b1f9_2a0e74ea27a6-mesh-vertices" offset="0"/>
          <input semantic="NORMAL" source="#geometry_01b0d4d9_8c22_48bc_b1f9_2a0e74ea27a6-mesh-normals" offset="1"/>
          <p>0 0 1 0 3 0 3 0 1 0 2 0 4 1 5 1 7 1 7 1 5 1 6 1 1 2 4 2 2 2 2 2 4 2 7 2 6 2 5 2 9 2 9 2 5 2 8 2 11 3 44 3 10 3 10 4 44 4 135 4 10 5 135 5 109 5 109 6 135 6 134 6 109 7 134 7 141 7 141 8 134 8 133 8 141 9 133 9 140 9 140 10 133 10 132 10 140 11 132 11 139 11 139 12 132 12 131 12 139 13 131 13 138 13 138 14 131 14 130 14 138 15 130 15 137 15 137 16 130 16 129 16 137 17 129 17 136 17 136 18 129 18 30 18 136 19 30 19 31 19 12 20 74 20 11 20 11 21 74 21 61 21 11 22 61 22 60 22 60 23 61 23 62 23 60 24 62 24 59 24 59 25 62 25 63 25 59 26 63 26 58 26 58 27 63 27 64 27 58 28 64 28 57 28 57 29 64 29 65 29 57 30 65 30 56 30 56 31 65 31 66 31 56 32 66 32 55 32 55 33 66 33 67 33 55 34 67 34 54 34 54 35 67 35 20 35 54 36 20 36 21 36 74 37 12 37 73 37 73 38 12 38 13 38 73 39 13 39 72 39 72 40 13 40 71 40 72 41 71 41 63 41 63 42 71 42 64 42 13 43 14 43 71 43 71 44 14 44 70 44 71 45 70 45 64 45 64 46 70 46 65 46 14 47 15 47 70 47 70 48 15 48 69 48 70 49 69 49 65 49 65 50 69 50 66 50 15 51 16 51 69 51 69 52 16 52 68 52 69 53 68 53 66 53 66 54 68 54 67 54 16 55 17 55 68 55 68 56 17 56 67 56 18 57 19 57 17 57 17 58 19 58 67 58 19 59 20 59 67 59 54 60 21 60 75 60 75 61 21 61 22 61 75 62 22 62 82 62 82 63 22 63 23 63 82 64 23 64 89 64 89 65 23 65 24 65 89 66 24 66 96 66 96 67 24 67 25 67 96 68 25 68 103 68 103 69 25 69 26 69 103 70 26 70 110 70 110 71 26 71 27 71 110 72 27 72 117 72 117 73 27 73 28 73 117 74 28 74 123 74 123 75 28 75 29 75 123 76 29 76 129 76 129 77 29 77 30 77 136 78 31 78 142 78 142 79 31 79 32 79 142 80 32 80 149 80 149 81 32 81 33 81 149 82 33 82 53 82 53 83 33 83 35 83 53 84 35 84 36 84 33 85 34 85 35 85 53 86 36 86 52 86 52 87 36 87 37 87 52 88 37 88 38 88 52 89 38 89 51 89 51 90 38 90 39 90 51 91 39 91 50 91 50 92 39 92 40 92 50 93 40 93 49 93 49 94 40 94 41 94 49 95 41 95 48 95 48 96 41 96 42 96 48 97 42 97 47 97 47 98 42 98 10 98 47 99 10 99 43 99 43 100 10 100 148 100 43 101 148 101 147 101 147 102 148 102 141 102 147 103 141 103 140 103 141 104 148 104 109 104 109 105 148 105 10 105 11 106 95 106 44 106 44 107 95 107 122 107 44 108 122 108 128 108 128 109 122 109 121 109 128 110 121 110 127 110 127 111 121 111 120 111 127 112 120 112 126 112 126 113 120 113 119 113 126 114 119 114 125 114 125 115 119 115 118 115 125 116 118 116 124 116 124 117 118 117 117 117 124 118 117 118 123 118 45 119 11 119 102 119 102 120 11 120 81 120 102 121 81 121 94 121 94 122 81 122 87 122 94 123 87 123 86 123 86 124 87 124 79 124 86 125 79 125 78 125 78 126 79 126 57 126 78 127 57 127 56 127 11 128 60 128 46 128 46 129 60 129 59 129 46 130 59 130 80 130 80 131 59 131 58 131 80 132 58 132 79 132 79 133 58 133 57 133 48 134 47 134 154 134 154 135 47 135 43 135 154 136 43 136 147 136 49 137 48 137 153 137 153 138 48 138 154 138 153 139 154 139 146 139 146 140 154 140 147 140 146 141 147 141 140 141 50 142 49 142 152 142 152 143 49 143 153 143 152 144 153 144 145 144 145 145 153 145 146 145 145 146 146 146 139 146 139 147 146 147 140 147 51 148 50 148 151 148 151 149 50 149 152 149 151 150 152 150 144 150 144 151 152 151 145 151 144 152 145 152 138 152 138 153 145 153 139 153 149 154 53 154 52 154 52 155 51 155 150 155 150 156 51 156 151 156 150 157 151 157 143 157 143 158 151 158 144 158 143 159 144 159 137 159 137 160 144 160 138 160 55 161 54 161 76 161 76 162 54 162 75 162 76 163 75 163 83 163 83 164 75 164 82 164 83 165 82 165 90 165 90 166 82 166 89 166 90 167 89 167 97 167 97 168 89 168 96 168 97 169 96 169 104 169 104 170 96 170 103 170 104 171 103 171 111 171 111 172 103 172 110 172 111 173 110 173 118 173 118 174 110 174 117 174 56 175 55 175 77 175 77 176 55 176 76 176 77 177 76 177 84 177 84 178 76 178 83 178 84 179 83 179 91 179 91 180 83 180 90 180 91 181 90 181 98 181 98 182 90 182 97 182 98 183 97 183 105 183 105 184 97 184 104 184 105 185 104 185 112 185 112 186 104 186 111 186 112 187 111 187 119 187 119 188 111 188 118 188 11 189 46 189 88 189 88 190 46 190 80 190 88 191 80 191 87 191 87 192 80 192 79 192 72 193 63 193 62 193 74 194 73 194 61 194 61 195 73 195 62 195 73 196 72 196 62 196 56 197 77 197 78 197 78 198 77 198 85 198 78 199 85 199 86 199 86 200 85 200 93 200 86 201 93 201 94 201 94 202 93 202 101 202 94 203 101 203 102 203 102 204 101 204 45 204 85 205 77 205 84 205 87 206 81 206 88 206 88 207 81 207 11 207 85 208 84 208 92 208 92 209 84 209 91 209 92 210 91 210 99 210 99 211 91 211 98 211 99 212 98 212 106 212 106 213 98 213 105 213 106 214 105 214 113 214 113 215 105 215 112 215 113 216 112 216 120 216 120 217 112 217 119 217 11 218 45 218 116 218 116 219 45 219 108 219 116 220 108 220 115 220 115 221 108 221 107 221 115 222 107 222 114 222 114 223 107 223 106 223 114 224 106 224 113 224 85 225 92 225 93 225 93 226 92 226 100 226 93 227 100 227 101 227 101 228 100 228 108 228 101 229 108 229 45 229 100 230 92 230 99 230 11 231 116 231 95 231 95 232 116 232 115 232 95 233 115 233 122 233 122 234 115 234 114 234 122 235 114 235 121 235 121 236 114 236 113 236 121 237 113 237 120 237 106 238 107 238 99 238 99 239 107 239 100 239 107 240 108 240 100 240 129 241 130 241 123 241 123 242 130 242 124 242 130 243 131 243 124 243 124 244 131 244 125 244 131 245 132 245 125 245 125 246 132 246 126 246 132 247 133 247 126 247 126 248 133 248 127 248 135 249 44 249 128 249 133 250 134 250 127 250 127 251 134 251 128 251 134 252 135 252 128 252 143 253 137 253 136 253 150 254 143 254 142 254 142 255 143 255 136 255 52 256 150 256 149 256 149 257 150 257 142 257 18 258 17 258 155 258 155 259 17 259 16 259 155 260 16 260 196 260 196 261 16 261 201 261 196 262 201 262 202 262 202 263 201 263 197 263 202 264 197 264 167 264 167 265 197 265 165 265 167 266 165 266 166 266 16 267 15 267 201 267 201 268 15 268 14 268 201 269 14 269 13 269 13 270 12 270 201 270 201 271 12 271 11 271 201 272 11 272 10 272 10 273 42 273 201 273 201 274 42 274 41 274 201 275 41 275 40 275 40 276 39 276 201 276 201 277 39 277 38 277 201 278 38 278 37 278 37 279 36 279 201 279 201 280 36 280 35 280 201 281 35 281 198 281 198 282 35 282 156 282 198 283 156 283 157 283 35 284 34 284 156 284 158 285 203 285 157 285 157 286 203 286 206 286 157 287 206 287 198 287 198 288 206 288 205 288 198 288 205 288 197 288 197 289 205 289 164 289 197 290 164 290 165 290 159 291 200 291 158 291 158 292 200 292 207 292 158 293 207 293 203 293 203 294 207 294 208 294 203 294 208 294 204 294 204 295 208 295 163 295 204 296 163 296 164 296 200 297 159 297 209 297 209 298 159 298 160 298 209 299 160 299 161 299 209 299 161 299 210 299 210 300 161 300 162 300 210 301 162 301 199 301 199 302 162 302 163 302 199 303 163 303 208 303 167 304 168 304 202 304 202 305 168 305 169 305 202 306 169 306 170 306 170 307 171 307 202 307 202 308 171 308 172 308 202 309 172 309 173 309 173 310 174 310 202 310 202 311 174 311 175 311 202 312 175 312 176 312 176 313 177 313 202 313 202 314 177 314 178 314 202 315 178 315 179 315 179 316 180 316 202 316 202 317 180 317 181 317 202 318 181 318 195 318 195 319 181 319 184 319 195 320 184 320 185 320 181 321 182 321 184 321 184 322 182 322 183 322 186 323 211 323 185 323 185 324 211 324 214 324 185 325 214 325 195 325 195 326 214 326 213 326 195 326 213 326 196 326 196 327 213 327 192 327 196 328 192 328 155 328 187 329 193 329 186 329 186 330 193 330 215 330 186 331 215 331 211 331 211 332 215 332 216 332 211 332 216 332 212 332 212 333 216 333 191 333 212 334 191 334 192 334 193 335 187 335 217 335 217 336 187 336 188 336 217 337 188 337 189 337 217 337 189 337 218 337 218 338 189 338 190 338 218 339 190 339 194 339 194 340 190 340 191 340 194 341 191 341 216 341 195 262 196 262 202 262 198 263 197 263 201 263 212 342 192 342 213 342 204 343 164 343 205 343 205 344 206 344 204 344 204 345 206 345 203 345 199 346 208 346 207 346 209 347 210 347 200 347 200 347 210 347 199 347 200 346 199 346 207 346 213 348 214 348 212 348 212 348 214 348 211 348 194 349 216 349 215 349 217 350 218 350 193 350 193 350 218 350 194 350 193 349 194 349 215 349 33 351 249 351 34 351 34 352 249 352 250 352 34 353 250 353 156 353 156 354 250 354 231 354 231 355 250 355 251 355 231 356 251 356 230 356 230 357 251 357 252 357 230 358 252 358 229 358 229 359 252 359 253 359 229 360 253 360 228 360 228 361 253 361 254 361 228 362 254 362 227 362 227 363 254 363 255 363 227 364 255 364 226 364 226 365 255 365 232 365 226 366 232 366 225 366 225 367 232 367 233 367 225 368 233 368 224 368 224 369 233 369 234 369 224 370 234 370 223 370 223 371 234 371 235 371 223 372 235 372 222 372 222 373 235 373 236 373 222 374 236 374 221 374 221 375 236 375 237 375 221 376 237 376 220 376 220 377 237 377 238 377 220 378 238 378 219 378 219 379 238 379 239 379 219 380 239 380 155 380 155 381 239 381 18 381 18 382 239 382 19 382 19 383 239 383 240 383 19 384 240 384 20 384 20 385 240 385 241 385 20 386 241 386 21 386 21 387 241 387 22 387 22 388 241 388 242 388 22 389 242 389 23 389 23 390 242 390 24 390 24 391 242 391 243 391 24 392 243 392 25 392 25 393 243 393 244 393 25 394 244 394 26 394 26 395 244 395 27 395 27 396 244 396 245 396 27 397 245 397 28 397 28 398 245 398 246 398 28 399 246 399 29 399 29 400 246 400 30 400 30 401 246 401 247 401 30 402 247 402 31 402 31 403 247 403 248 403 31 404 248 404 32 404 32 405 248 405 33 405 33 406 248 406 249 406 255 407 245 407 232 407 232 407 245 407 244 407 232 407 244 407 233 407 233 407 244 407 243 407 233 407 243 407 234 407 234 407 243 407 242 407 234 407 242 407 235 407 235 407 242 407 241 407 235 407 241 407 236 407 236 407 241 407 240 407 236 407 240 407 237 407 237 407 240 407 239 407 237 407 239 407 238 407 245 407 255 407 246 407 246 407 255 407 254 407 246 407 254 407 247 407 247 407 254 407 253 407 247 407 253 407 248 407 248 407 253 407 252 407 248 407 252 407 249 407 249 407 252 407 251 407 249 407 251 407 250 407 156 407 231 407 157 407 157 408 231 408 230 408 157 409 230 409 268 409 268 410 230 410 229 410 268 407 229 407 267 407 267 407 229 407 265 407 267 407 265 407 266 407 265 408 229 408 9 408 9 407 229 407 228 407 9 411 228 411 6 411 6 410 228 410 227 410 6 412 227 412 226 412 226 413 225 413 6 413 6 407 225 407 7 407 7 407 225 407 2 407 2 407 225 407 3 407 3 414 225 414 224 414 3 407 224 407 223 407 223 407 222 407 3 407 3 407 222 407 263 407 263 415 222 415 221 415 263 407 221 407 261 407 261 407 221 407 260 407 260 409 221 409 220 409 260 407 220 407 192 407 192 408 220 408 219 408 192 408 219 408 155 408 260 407 192 407 259 407 259 407 192 407 191 407 259 407 191 407 258 407 258 407 191 407 257 407 257 407 191 407 190 407 257 407 190 407 256 407 256 407 190 407 189 407 261 407 262 407 263 407 9 407 264 407 265 407 268 410 269 410 157 410 157 407 269 407 158 407 158 409 269 409 270 409 158 407 270 407 159 407 159 408 270 408 271 408 159 408 271 408 272 408 272 416 160 416 159 416 173 417 289 417 174 417 174 418 289 418 380 418 174 419 380 419 354 419 354 420 380 420 379 420 354 421 379 421 386 421 386 422 379 422 378 422 386 423 378 423 385 423 385 424 378 424 377 424 385 425 377 425 384 425 384 426 377 426 376 426 384 427 376 427 383 427 383 428 376 428 375 428 383 429 375 429 382 429 382 430 375 430 374 430 382 431 374 431 381 431 381 432 374 432 284 432 381 433 284 433 285 433 172 434 319 434 173 434 173 435 319 435 306 435 173 436 306 436 305 436 305 437 306 437 307 437 305 438 307 438 304 438 304 439 307 439 308 439 304 440 308 440 303 440 303 441 308 441 309 441 303 442 309 442 302 442 302 443 309 443 310 443 302 444 310 444 301 444 301 445 310 445 311 445 301 446 311 446 300 446 300 447 311 447 312 447 300 448 312 448 299 448 299 449 312 449 274 449 299 450 274 450 275 450 319 451 172 451 318 451 318 452 172 452 171 452 318 453 171 453 317 453 317 454 171 454 316 454 317 455 316 455 308 455 308 456 316 456 309 456 171 457 170 457 316 457 316 458 170 458 315 458 316 459 315 459 309 459 309 460 315 460 310 460 170 461 169 461 315 461 315 462 169 462 314 462 315 463 314 463 310 463 310 464 314 464 311 464 169 465 168 465 314 465 314 466 168 466 313 466 314 467 313 467 311 467 311 468 313 468 312 468 168 469 167 469 313 469 313 470 167 470 312 470 166 471 273 471 167 471 167 472 273 472 312 472 273 473 274 473 312 473 299 474 275 474 320 474 320 475 275 475 276 475 320 476 276 476 327 476 327 477 276 477 277 477 327 478 277 478 334 478 334 479 277 479 278 479 334 480 278 480 341 480 341 481 278 481 279 481 341 482 279 482 348 482 348 483 279 483 280 483 348 484 280 484 355 484 355 485 280 485 281 485 355 486 281 486 362 486 362 487 281 487 282 487 362 488 282 488 368 488 368 489 282 489 283 489 368 490 283 490 374 490 374 491 283 491 284 491 381 492 285 492 387 492 387 493 285 493 286 493 387 494 286 494 394 494 394 495 286 495 287 495 394 496 287 496 298 496 298 497 287 497 182 497 298 498 182 498 181 498 287 499 183 499 182 499 298 500 181 500 297 500 297 501 181 501 180 501 297 502 180 502 179 502 297 503 179 503 296 503 296 504 179 504 178 504 296 505 178 505 295 505 295 506 178 506 177 506 295 507 177 507 294 507 294 508 177 508 176 508 294 509 176 509 293 509 293 510 176 510 175 510 293 511 175 511 292 511 292 512 175 512 174 512 292 513 174 513 288 513 288 514 174 514 393 514 288 515 393 515 392 515 392 516 393 516 386 516 392 517 386 517 385 517 386 518 393 518 354 518 354 519 393 519 174 519 173 520 340 520 289 520 289 521 340 521 367 521 289 522 367 522 373 522 373 523 367 523 366 523 373 524 366 524 372 524 372 525 366 525 365 525 372 526 365 526 371 526 371 527 365 527 364 527 371 528 364 528 370 528 370 529 364 529 363 529 370 530 363 530 369 530 369 531 363 531 362 531 369 532 362 532 368 532 290 533 173 533 347 533 347 534 173 534 326 534 347 535 326 535 339 535 339 536 326 536 332 536 339 537 332 537 331 537 331 538 332 538 324 538 331 539 324 539 323 539 323 540 324 540 302 540 323 541 302 541 301 541 173 542 305 542 291 542 291 543 305 543 304 543 291 544 304 544 325 544 325 545 304 545 303 545 325 546 303 546 324 546 324 547 303 547 302 547 293 548 292 548 399 548 399 549 292 549 288 549 399 550 288 550 392 550 294 551 293 551 398 551 398 552 293 552 399 552 398 553 399 553 391 553 391 554 399 554 392 554 391 555 392 555 385 555 295 556 294 556 397 556 397 557 294 557 398 557 397 558 398 558 390 558 390 559 398 559 391 559 390 560 391 560 384 560 384 561 391 561 385 561 296 562 295 562 396 562 396 563 295 563 397 563 396 564 397 564 389 564 389 565 397 565 390 565 389 566 390 566 383 566 383 567 390 567 384 567 394 568 298 568 297 568 297 569 296 569 395 569 395 570 296 570 396 570 395 571 396 571 388 571 388 572 396 572 389 572 388 573 389 573 382 573 382 574 389 574 383 574 300 575 299 575 321 575 321 576 299 576 320 576 321 577 320 577 328 577 328 578 320 578 327 578 328 579 327 579 335 579 335 580 327 580 334 580 335 581 334 581 342 581 342 582 334 582 341 582 342 583 341 583 349 583 349 584 341 584 348 584 349 585 348 585 356 585 356 586 348 586 355 586 356 587 355 587 363 587 363 588 355 588 362 588 301 589 300 589 322 589 322 590 300 590 321 590 322 591 321 591 329 591 329 592 321 592 328 592 329 593 328 593 336 593 336 594 328 594 335 594 336 595 335 595 343 595 343 596 335 596 342 596 343 597 342 597 350 597 350 598 342 598 349 598 350 599 349 599 357 599 357 600 349 600 356 600 357 601 356 601 364 601 364 602 356 602 363 602 173 603 291 603 333 603 333 604 291 604 325 604 333 605 325 605 332 605 332 606 325 606 324 606 317 607 308 607 307 607 319 608 318 608 306 608 306 609 318 609 307 609 318 610 317 610 307 610 301 611 322 611 323 611 323 612 322 612 330 612 323 613 330 613 331 613 331 614 330 614 338 614 331 615 338 615 339 615 339 616 338 616 346 616 339 617 346 617 347 617 347 618 346 618 290 618 330 619 322 619 329 619 332 620 326 620 333 620 333 621 326 621 173 621 330 622 329 622 337 622 337 623 329 623 336 623 337 624 336 624 344 624 344 625 336 625 343 625 344 626 343 626 351 626 351 627 343 627 350 627 351 628 350 628 358 628 358 629 350 629 357 629 358 630 357 630 365 630 365 631 357 631 364 631 173 632 290 632 361 632 361 633 290 633 353 633 361 634 353 634 360 634 360 635 353 635 352 635 360 636 352 636 359 636 359 637 352 637 351 637 359 638 351 638 358 638 330 639 337 639 338 639 338 640 337 640 345 640 338 641 345 641 346 641 346 642 345 642 353 642 346 643 353 643 290 643 345 644 337 644 344 644 173 645 361 645 340 645 340 646 361 646 360 646 340 647 360 647 367 647 367 648 360 648 359 648 367 649 359 649 366 649 366 650 359 650 358 650 366 651 358 651 365 651 351 652 352 652 344 652 344 653 352 653 345 653 352 654 353 654 345 654 374 655 375 655 368 655 368 656 375 656 369 656 375 657 376 657 369 657 369 658 376 658 370 658 376 659 377 659 370 659 370 660 377 660 371 660 377 661 378 661 371 661 371 662 378 662 372 662 380 663 289 663 373 663 378 664 379 664 372 664 372 665 379 665 373 665 379 666 380 666 373 666 388 667 382 667 381 667 395 668 388 668 387 668 387 669 388 669 381 669 297 670 395 670 394 670 394 671 395 671 387 671 287 672 418 672 183 672 183 673 418 673 412 673 183 674 412 674 184 674 418 675 287 675 417 675 417 676 287 676 286 676 417 677 286 677 416 677 416 678 286 678 285 678 416 679 285 679 284 679 416 680 284 680 415 680 415 681 284 681 283 681 415 682 283 682 282 682 415 683 282 683 414 683 414 684 282 684 281 684 414 685 281 685 413 685 413 686 281 686 280 686 413 687 280 687 279 687 413 688 279 688 436 688 436 689 279 689 278 689 436 690 278 690 435 690 435 691 278 691 277 691 435 692 277 692 276 692 435 693 276 693 434 693 434 694 276 694 275 694 434 695 275 695 274 695 434 696 274 696 433 696 433 697 274 697 273 697 433 698 273 698 432 698 432 699 273 699 166 699 432 700 166 700 431 700 431 701 166 701 165 701 431 702 165 702 400 702 431 703 400 703 430 703 430 704 400 704 401 704 430 705 401 705 429 705 429 706 401 706 402 706 429 707 402 707 428 707 428 708 402 708 403 708 428 709 403 709 427 709 427 710 403 710 404 710 427 711 404 711 426 711 426 712 404 712 405 712 426 713 405 713 425 713 425 714 405 714 406 714 425 715 406 715 424 715 424 716 406 716 407 716 424 717 407 717 423 717 423 718 407 718 408 718 423 719 408 719 422 719 422 720 408 720 409 720 422 721 409 721 421 721 421 722 409 722 410 722 421 723 410 723 420 723 420 724 410 724 411 724 420 725 411 725 419 725 419 726 411 726 412 726 419 727 412 727 418 727 436 728 426 728 413 728 413 728 426 728 425 728 413 728 425 728 414 728 414 728 425 728 424 728 414 728 424 728 415 728 415 728 424 728 423 728 415 728 423 728 416 728 416 728 423 728 422 728 416 728 422 728 417 728 417 728 422 728 421 728 417 728 421 728 418 728 418 728 421 728 420 728 418 728 420 728 419 728 426 728 436 728 427 728 427 728 436 728 435 728 427 728 435 728 428 728 428 728 435 728 434 728 428 728 434 728 429 728 429 728 434 728 433 728 429 728 433 728 430 728 430 728 433 728 432 728 430 728 432 728 431 728 184 728 412 728 185 728 185 729 412 729 411 729 185 728 411 728 449 728 449 730 411 730 410 730 449 728 410 728 448 728 448 728 410 728 446 728 448 728 446 728 447 728 410 728 409 728 446 728 446 731 409 731 0 731 0 728 409 728 408 728 0 732 408 732 407 732 407 733 406 733 0 733 0 728 406 728 1 728 1 728 406 728 4 728 4 728 406 728 5 728 5 734 406 734 405 734 5 728 405 728 404 728 404 728 403 728 5 728 5 728 403 728 8 728 8 730 403 730 402 730 8 728 402 728 444 728 444 735 402 735 442 735 444 728 442 728 443 728 442 728 402 728 441 728 441 736 402 736 401 736 441 729 401 729 164 729 164 737 401 737 400 737 164 736 400 736 165 736 441 728 164 728 440 728 440 728 164 728 163 728 440 728 163 728 439 728 439 738 163 738 162 738 439 728 162 728 438 728 438 728 162 728 437 728 437 732 162 732 161 732 444 728 445 728 8 728 449 728 450 728 185 728 185 728 450 728 186 728 186 739 450 739 451 739 186 740 451 740 452 740 186 728 452 728 187 728 187 729 452 729 453 729 187 741 453 741 188 741 445 0 264 0 8 0 8 0 264 0 9 0 262 742 454 742 263 742 263 742 454 742 455 742 263 743 455 743 456 743 456 744 455 744 462 744 456 744 462 744 463 744 463 745 462 745 469 745 463 745 469 745 470 745 470 746 469 746 450 746 470 747 450 747 471 747 471 747 450 747 449 747 471 745 449 745 465 745 465 745 449 745 448 745 465 744 448 744 459 744 459 744 448 744 447 744 459 742 447 742 446 742 454 744 262 744 460 744 460 744 262 744 261 744 460 745 261 745 466 745 466 745 261 745 260 745 466 747 260 747 259 747 450 748 468 748 259 748 259 747 468 747 467 747 259 746 467 746 466 746 466 745 467 745 460 745 263 742 457 742 446 742 446 743 457 743 458 743 446 742 458 742 459 742 459 744 458 744 465 744 457 742 263 742 456 742 455 744 454 744 461 744 461 749 454 749 460 749 461 745 460 745 467 745 456 744 463 744 457 744 457 749 463 749 464 749 457 744 464 744 458 744 458 744 464 744 465 744 455 744 461 744 462 744 462 745 461 745 468 745 462 745 468 745 469 745 469 746 468 746 450 746 468 745 461 745 467 745 471 745 465 745 464 745 471 745 464 745 470 745 470 745 464 745 463 745 259 750 258 750 450 750 450 750 258 750 451 750 453 751 472 751 188 751 188 752 472 752 473 752 188 752 473 752 474 752 474 753 473 753 258 753 474 753 258 753 475 753 475 754 258 754 476 754 475 755 476 755 256 755 256 756 476 756 257 756 257 757 476 757 258 757 453 758 452 758 472 758 472 759 452 759 473 759 451 760 258 760 452 760 452 761 258 761 473 761 189 762 188 762 256 762 256 763 188 763 475 763 475 752 188 752 474 752 268 764 477 764 269 764 269 764 477 764 478 764 269 764 478 764 479 764 479 765 478 765 485 765 479 765 485 765 486 765 486 766 485 766 492 766 486 766 492 766 493 766 493 767 492 767 444 767 493 768 444 768 494 768 494 768 444 768 443 768 494 766 443 766 488 766 488 766 443 766 442 766 488 765 442 765 482 765 482 765 442 765 441 765 482 764 441 764 440 764 477 765 268 765 483 765 483 765 268 765 267 765 483 766 267 766 489 766 489 766 267 766 266 766 489 768 266 768 265 768 444 767 491 767 265 767 265 768 491 768 490 768 265 767 490 767 489 767 489 766 490 766 483 766 269 764 480 764 440 764 440 764 480 764 481 764 440 769 481 769 482 769 482 765 481 765 488 765 480 764 269 764 479 764 478 765 477 765 484 765 484 765 477 765 483 765 484 766 483 766 490 766 479 765 486 765 480 765 480 765 486 765 487 765 480 765 487 765 481 765 481 765 487 765 488 765 478 765 484 765 485 765 485 766 484 766 491 766 485 766 491 766 492 766 492 768 491 768 444 768 491 766 484 766 490 766 494 766 488 766 487 766 494 766 487 766 493 766 493 766 487 766 486 766 440 770 439 770 269 770 269 770 439 770 270 770 272 771 495 771 160 771 160 772 495 772 496 772 160 773 496 773 497 773 497 774 496 774 271 774 497 775 271 775 439 775 439 776 271 776 270 776 272 777 271 777 495 777 495 778 271 778 496 778 438 779 501 779 439 779 439 780 501 780 500 780 439 781 500 781 499 781 499 782 500 782 437 782 499 783 437 783 160 783 160 784 437 784 161 784 438 785 437 785 501 785 501 782 437 782 500 782 499 772 160 772 498 772 498 772 160 772 497 772 498 780 497 780 439 780 439 780 499 780 498 780 3 2 263 2 0 2 0 2 263 2 446 2 265 2 264 2 444 2 444 2 264 2 445 2 502 786 503 786 521 786 521 787 503 787 504 787 521 788 504 788 520 788 520 789 504 789 505 789 520 790 505 790 519 790 519 791 505 791 506 791 519 792 506 792 518 792 518 793 506 793 507 793 518 794 507 794 517 794 517 795 507 795 508 795 517 796 508 796 516 796 516 797 508 797 509 797 516 798 509 798 515 798 515 799 509 799 510 799 515 800 510 800 514 800 514 801 510 801 511 801 514 802 511 802 513 802 513 802 511 802 512 802 523 803 524 803 522 803 522 803 524 803 541 803 541 804 524 804 525 804 541 805 525 805 540 805 540 806 525 806 526 806 540 807 526 807 539 807 539 808 526 808 527 808 539 809 527 809 538 809 538 810 527 810 528 810 538 811 528 811 537 811 537 812 528 812 529 812 537 813 529 813 536 813 536 814 529 814 530 814 536 815 530 815 535 815 535 816 530 816 531 816 535 817 531 817 534 817 534 818 531 818 532 818 534 819 532 819 533 819 542 820 543 820 558 820 558 821 543 821 559 821 558 822 559 822 557 822 557 823 559 823 556 823 556 824 559 824 560 824 556 825 560 825 555 825 555 826 560 826 561 826 555 827 561 827 554 827 554 828 561 828 553 828 553 829 561 829 562 829 553 830 562 830 552 830 552 831 562 831 563 831 552 832 563 832 551 832 551 833 563 833 550 833 550 834 563 834 549 834 549 835 563 835 548 835 548 836 563 836 547 836 547 837 563 837 562 837 547 838 562 838 546 838 546 839 562 839 561 839 546 840 561 840 545 840 545 840 561 840 560 840 545 841 560 841 544 841 544 842 560 842 559 842 544 843 559 843 543 843 565 803 566 803 564 803 564 844 566 844 583 844 583 845 566 845 567 845 583 846 567 846 582 846 582 847 567 847 568 847 582 848 568 848 581 848 581 809 568 809 569 809 581 809 569 809 580 809 580 849 569 849 570 849 580 850 570 850 579 850 579 851 570 851 571 851 579 852 571 852 578 852 578 853 571 853 572 853 578 854 572 854 577 854 577 855 572 855 573 855 577 856 573 856 576 856 576 857 573 857 574 857 576 858 574 858 575 858 584 859 585 859 600 859 600 860 585 860 601 860 600 861 601 861 599 861 599 862 601 862 602 862 599 863 602 863 598 863 598 864 602 864 603 864 598 865 603 865 597 865 597 866 603 866 596 866 596 867 603 867 604 867 596 868 604 868 595 868 595 869 604 869 605 869 595 870 605 870 594 870 594 871 605 871 593 871 593 872 605 872 592 872 592 873 605 873 591 873 591 874 605 874 590 874 590 875 605 875 589 875 589 876 605 876 604 876 589 877 604 877 588 877 588 877 604 877 603 877 588 878 603 878 587 878 587 879 603 879 602 879 587 880 602 880 586 880 586 881 602 881 601 881 586 882 601 882 585 882 606 883 607 883 625 883 625 883 607 883 608 883 625 884 608 884 624 884 624 884 608 884 609 884 624 885 609 885 623 885 623 886 609 886 610 886 623 887 610 887 622 887 622 887 610 887 611 887 622 888 611 888 621 888 621 888 611 888 612 888 621 889 612 889 620 889 620 889 612 889 613 889 620 890 613 890 619 890 619 890 613 890 614 890 619 891 614 891 618 891 618 891 614 891 615 891 618 892 615 892 617 892 617 893 615 893 616 893 592 894 626 894 593 894 593 895 626 895 627 895 593 896 627 896 594 896 594 896 627 896 628 896 594 897 628 897 595 897 595 897 628 897 629 897 595 898 629 898 596 898 596 899 629 899 630 899 596 900 630 900 597 900 597 901 630 901 631 901 597 902 631 902 598 902 598 902 631 902 632 902 598 903 632 903 599 903 599 903 632 903 633 903 599 904 633 904 600 904 600 904 633 904 634 904 600 905 634 905 584 905 584 905 634 905 635 905 607 906 636 906 608 906 608 907 636 907 643 907 608 908 643 908 609 908 609 909 643 909 644 909 609 910 644 910 610 910 610 911 644 911 645 911 610 828 645 828 611 828 611 827 645 827 612 827 612 912 645 912 646 912 612 913 646 913 613 913 613 914 646 914 647 914 613 915 647 915 614 915 614 916 647 916 615 916 615 917 647 917 616 917 616 918 647 918 642 918 642 843 647 843 641 843 641 842 647 842 640 842 640 841 647 841 646 841 640 840 646 840 639 840 639 840 646 840 645 840 639 839 645 839 638 839 638 838 645 838 644 838 638 837 644 837 637 837 637 836 644 836 643 836 637 835 643 835 636 835 648 919 649 919 664 919 664 920 649 920 669 920 664 921 669 921 663 921 663 922 669 922 674 922 663 923 674 923 662 923 662 924 674 924 679 924 662 925 679 925 661 925 661 926 679 926 684 926 661 927 684 927 660 927 660 928 684 928 689 928 660 929 689 929 636 929 636 930 689 930 637 930 637 931 689 931 688 931 637 932 688 932 638 932 638 933 688 933 687 933 638 934 687 934 639 934 639 935 687 935 686 935 639 936 686 936 640 936 640 937 686 937 685 937 640 938 685 938 641 938 641 939 685 939 659 939 641 940 659 940 642 940 649 941 650 941 669 941 669 942 650 942 668 942 669 943 668 943 674 943 674 944 668 944 673 944 674 945 673 945 679 945 679 946 673 946 678 946 679 947 678 947 684 947 684 948 678 948 683 948 684 949 683 949 689 949 689 950 683 950 688 950 650 951 651 951 668 951 668 952 651 952 667 952 668 953 667 953 673 953 673 954 667 954 672 954 673 955 672 955 678 955 678 956 672 956 677 956 678 957 677 957 683 957 683 958 677 958 682 958 683 959 682 959 688 959 688 960 682 960 687 960 651 961 652 961 667 961 667 962 652 962 666 962 667 963 666 963 672 963 672 964 666 964 671 964 672 965 671 965 677 965 677 966 671 966 676 966 677 967 676 967 682 967 682 968 676 968 681 968 682 969 681 969 687 969 687 970 681 970 686 970 652 971 653 971 666 971 666 972 653 972 665 972 666 973 665 973 671 973 671 974 665 974 670 974 671 975 670 975 676 975 676 976 670 976 675 976 676 977 675 977 681 977 681 978 675 978 680 978 681 979 680 979 686 979 686 980 680 980 685 980 653 981 654 981 665 981 665 982 654 982 655 982 665 983 655 983 670 983 670 984 655 984 656 984 670 985 656 985 675 985 675 986 656 986 657 986 675 987 657 987 680 987 680 988 657 988 658 988 680 989 658 989 685 989 685 990 658 990 659 990 690 991 654 991 699 991 699 992 654 992 700 992 699 993 700 993 698 993 698 994 700 994 697 994 697 995 700 995 701 995 697 996 701 996 696 996 696 997 701 997 702 997 696 998 702 998 695 998 695 902 702 902 694 902 694 999 702 999 703 999 694 1000 703 1000 693 1000 693 1001 703 1001 704 1001 693 1002 704 1002 692 1002 692 1003 704 1003 691 1003 691 1004 704 1004 648 1004 648 1004 704 1004 649 1004 649 1005 704 1005 650 1005 650 1005 704 1005 703 1005 650 1006 703 1006 651 1006 651 1006 703 1006 702 1006 651 1007 702 1007 652 1007 652 1008 702 1008 701 1008 652 1009 701 1009 653 1009 653 1010 701 1010 700 1010 653 1011 700 1011 654 1011 626 802 705 802 627 802 627 1012 705 1012 706 1012 627 1013 706 1013 715 1013 715 1014 706 1014 707 1014 715 1015 707 1015 708 1015 715 1016 708 1016 716 1016 716 1017 708 1017 709 1017 716 1018 709 1018 717 1018 717 1019 709 1019 710 1019 717 1020 710 1020 711 1020 717 1021 711 1021 718 1021 718 1022 711 1022 712 1022 718 1023 712 1023 719 1023 719 1024 712 1024 713 1024 719 1025 713 1025 635 1025 635 1026 713 1026 714 1026 635 1027 634 1027 719 1027 719 1028 634 1028 633 1028 719 1029 633 1029 718 1029 718 1030 633 1030 632 1030 718 1031 632 1031 717 1031 717 1032 632 1032 631 1032 717 1033 631 1033 630 1033 717 1034 630 1034 716 1034 716 1035 630 1035 629 1035 716 1036 629 1036 715 1036 715 1037 629 1037 628 1037 715 1038 628 1038 627 1038 720 1039 721 1039 691 1039 691 1040 721 1040 692 1040 692 1041 721 1041 722 1041 692 1042 722 1042 693 1042 693 1043 722 1043 723 1043 693 1044 723 1044 694 1044 694 1045 723 1045 724 1045 694 1046 724 1046 695 1046 695 1047 724 1047 725 1047 695 1048 725 1048 696 1048 696 1049 725 1049 726 1049 696 1050 726 1050 697 1050 697 1051 726 1051 727 1051 697 1052 727 1052 698 1052 698 1053 727 1053 728 1053 698 1054 728 1054 699 1054 699 1055 728 1055 729 1055 699 1055 729 1055 690 1055 730 905 731 905 746 905 746 1056 731 1056 747 1056 746 1057 747 1057 745 1057 745 1058 747 1058 748 1058 745 1059 748 1059 744 1059 744 1060 748 1060 749 1060 744 902 749 902 743 902 743 901 749 901 742 901 742 1061 749 1061 750 1061 742 1062 750 1062 741 1062 741 1063 750 1063 751 1063 741 1064 751 1064 740 1064 740 1065 751 1065 739 1065 739 1066 751 1066 738 1066 738 1011 751 1011 737 1011 737 1011 751 1011 736 1011 736 1009 751 1009 735 1009 735 1009 751 1009 750 1009 735 1007 750 1007 734 1007 734 1007 750 1007 749 1007 734 1006 749 1006 733 1006 733 1006 749 1006 748 1006 733 1005 748 1005 732 1005 732 1005 748 1005 747 1005 732 1004 747 1004 731 1004 752 858 730 858 761 858 761 857 730 857 746 857 761 856 746 856 760 856 760 1067 746 1067 745 1067 760 1068 745 1068 759 1068 759 1069 745 1069 744 1069 759 1070 744 1070 758 1070 758 1071 744 1071 743 1071 758 1072 743 1072 757 1072 757 1073 743 1073 742 1073 757 809 742 809 756 809 756 1074 742 1074 741 1074 756 1075 741 1075 755 1075 755 847 741 847 740 847 755 846 740 846 754 846 754 845 740 845 739 845 754 803 739 803 753 803 753 803 739 803 738 803 762 1076 763 1076 778 1076 778 1077 763 1077 783 1077 778 1078 783 1078 777 1078 777 1079 783 1079 788 1079 777 1080 788 1080 776 1080 776 1081 788 1081 793 1081 776 1082 793 1082 775 1082 775 1083 793 1083 798 1083 775 1084 798 1084 774 1084 774 1085 798 1085 803 1085 774 1086 803 1086 731 1086 731 1087 803 1087 732 1087 732 1088 803 1088 802 1088 732 1089 802 1089 733 1089 733 1090 802 1090 801 1090 733 1091 801 1091 734 1091 734 1092 801 1092 800 1092 734 1093 800 1093 735 1093 735 1094 800 1094 799 1094 735 1095 799 1095 736 1095 736 1096 799 1096 773 1096 736 1097 773 1097 737 1097 763 1098 764 1098 783 1098 783 1099 764 1099 782 1099 783 1100 782 1100 788 1100 788 1101 782 1101 787 1101 788 1102 787 1102 793 1102 793 1103 787 1103 792 1103 793 1104 792 1104 798 1104 798 1105 792 1105 797 1105 798 1106 797 1106 803 1106 803 1107 797 1107 802 1107 764 1108 765 1108 782 1108 782 1109 765 1109 781 1109 782 1110 781 1110 787 1110 787 1111 781 1111 786 1111 787 1112 786 1112 792 1112 792 1113 786 1113 791 1113 792 1114 791 1114 797 1114 797 1115 791 1115 796 1115 797 1116 796 1116 802 1116 802 1117 796 1117 801 1117 765 1118 766 1118 781 1118 781 1119 766 1119 780 1119 781 1120 780 1120 786 1120 786 1121 780 1121 785 1121 786 1122 785 1122 791 1122 791 1123 785 1123 790 1123 791 1124 790 1124 796 1124 796 1125 790 1125 795 1125 796 1126 795 1126 801 1126 801 1127 795 1127 800 1127 766 1128 767 1128 780 1128 780 1129 767 1129 779 1129 780 1130 779 1130 785 1130 785 1131 779 1131 784 1131 785 1132 784 1132 790 1132 790 1133 784 1133 789 1133 790 1134 789 1134 795 1134 795 1135 789 1135 794 1135 795 1136 794 1136 800 1136 800 1137 794 1137 799 1137 767 1138 768 1138 779 1138 779 1139 768 1139 769 1139 779 1140 769 1140 784 1140 784 1141 769 1141 770 1141 784 1142 770 1142 789 1142 789 1143 770 1143 771 1143 789 1144 771 1144 794 1144 794 1145 771 1145 772 1145 794 1146 772 1146 799 1146 799 1147 772 1147 773 1147 804 1148 768 1148 813 1148 813 1149 768 1149 814 1149 813 1150 814 1150 812 1150 812 1151 814 1151 811 1151 811 1152 814 1152 815 1152 811 1153 815 1153 810 1153 810 1154 815 1154 816 1154 810 866 816 866 809 866 809 865 816 865 808 865 808 1155 816 1155 817 1155 808 1156 817 1156 807 1156 807 1157 817 1157 818 1157 807 1158 818 1158 806 1158 806 1159 818 1159 805 1159 805 1160 818 1160 762 1160 762 882 818 882 763 882 763 881 818 881 764 881 764 880 818 880 817 880 764 1161 817 1161 765 1161 765 878 817 878 816 878 765 877 816 877 766 877 766 877 816 877 815 877 766 876 815 876 767 876 767 875 815 875 814 875 767 874 814 874 768 874 720 905 752 905 721 905 721 1162 752 1162 820 1162 721 1163 820 1163 722 1163 722 1164 820 1164 819 1164 722 1165 819 1165 723 1165 723 1166 819 1166 821 1166 723 1167 821 1167 724 1167 724 1168 821 1168 725 1168 725 1169 821 1169 822 1169 725 1170 822 1170 726 1170 726 1171 822 1171 823 1171 726 1172 823 1172 727 1172 727 1173 823 1173 728 1173 728 1174 823 1174 754 1174 728 1175 754 1175 729 1175 729 991 754 991 753 991 752 1176 761 1176 820 1176 820 1177 761 1177 760 1177 820 1178 760 1178 819 1178 819 1179 760 1179 759 1179 819 1180 759 1180 821 1180 821 1167 759 1167 758 1167 821 1168 758 1168 757 1168 821 1181 757 1181 822 1181 822 1182 757 1182 756 1182 822 1183 756 1183 823 1183 823 1184 756 1184 755 1184 823 1185 755 1185 754 1185 804 893 813 893 705 893 705 892 813 892 706 892 706 891 813 891 812 891 706 891 812 891 707 891 707 1186 812 1186 811 1186 707 1187 811 1187 708 1187 708 1188 811 1188 810 1188 708 1188 810 1188 709 1188 709 888 810 888 809 888 709 1189 809 1189 710 1189 710 1190 809 1190 808 1190 710 1190 808 1190 711 1190 711 886 808 886 807 886 711 885 807 885 712 885 712 884 807 884 806 884 712 884 806 884 713 884 713 883 806 883 805 883 713 883 805 883 714 883 824 1191 825 1191 840 1191 840 1192 825 1192 845 1192 840 1193 845 1193 839 1193 839 1194 845 1194 850 1194 839 1195 850 1195 838 1195 838 1196 850 1196 855 1196 838 1197 855 1197 837 1197 837 1198 855 1198 860 1198 837 1199 860 1199 836 1199 836 1200 860 1200 865 1200 836 1201 865 1201 585 1201 585 1202 865 1202 586 1202 586 1203 865 1203 864 1203 586 1204 864 1204 587 1204 587 1205 864 1205 863 1205 587 1206 863 1206 588 1206 588 1207 863 1207 862 1207 588 1208 862 1208 589 1208 589 1209 862 1209 861 1209 589 1210 861 1210 590 1210 590 1211 861 1211 835 1211 590 1212 835 1212 591 1212 825 1213 826 1213 845 1213 845 1214 826 1214 844 1214 845 1215 844 1215 850 1215 850 1216 844 1216 849 1216 850 1217 849 1217 855 1217 855 1218 849 1218 854 1218 855 1219 854 1219 860 1219 860 1220 854 1220 859 1220 860 1221 859 1221 865 1221 865 1222 859 1222 864 1222 826 1223 827 1223 844 1223 844 1224 827 1224 843 1224 844 1225 843 1225 849 1225 849 1226 843 1226 848 1226 849 1227 848 1227 854 1227 854 1228 848 1228 853 1228 854 1229 853 1229 859 1229 859 1230 853 1230 858 1230 859 1231 858 1231 864 1231 864 1232 858 1232 863 1232 827 1233 828 1233 843 1233 843 1234 828 1234 842 1234 843 1235 842 1235 848 1235 848 1236 842 1236 847 1236 848 1237 847 1237 853 1237 853 1238 847 1238 852 1238 853 1239 852 1239 858 1239 858 1240 852 1240 857 1240 858 1241 857 1241 863 1241 863 1242 857 1242 862 1242 828 1243 829 1243 842 1243 842 1244 829 1244 841 1244 842 1245 841 1245 847 1245 847 1246 841 1246 846 1246 847 1247 846 1247 852 1247 852 1248 846 1248 851 1248 852 1249 851 1249 857 1249 857 1250 851 1250 856 1250 857 1251 856 1251 862 1251 862 1252 856 1252 861 1252 829 1253 830 1253 841 1253 841 1254 830 1254 831 1254 841 1255 831 1255 846 1255 846 1256 831 1256 832 1256 846 1257 832 1257 851 1257 851 1258 832 1258 833 1258 851 1259 833 1259 856 1259 856 1260 833 1260 834 1260 856 1261 834 1261 861 1261 861 1262 834 1262 835 1262 565 1263 830 1263 566 1263 566 1264 830 1264 866 1264 566 1265 866 1265 567 1265 567 1266 866 1266 568 1266 568 1267 866 1267 867 1267 568 1268 867 1268 569 1268 569 1269 867 1269 868 1269 569 1270 868 1270 570 1270 570 1271 868 1271 571 1271 571 1272 868 1272 869 1272 571 1273 869 1273 572 1273 572 1274 869 1274 870 1274 572 1275 870 1275 573 1275 573 1276 870 1276 574 1276 574 1277 870 1277 824 1277 824 1277 870 1277 825 1277 825 1278 870 1278 826 1278 826 1278 870 1278 869 1278 826 1279 869 1279 827 1279 827 1279 869 1279 868 1279 827 1280 868 1280 828 1280 828 1280 868 1280 867 1280 828 1281 867 1281 829 1281 829 1281 867 1281 866 1281 829 1282 866 1282 830 1282 871 1283 606 1283 880 1283 880 1284 606 1284 882 1284 880 1285 882 1285 879 1285 879 1286 882 1286 881 1286 879 1287 881 1287 878 1287 878 1288 881 1288 883 1288 878 1289 883 1289 877 1289 877 1290 883 1290 876 1290 876 1291 883 1291 884 1291 876 1292 884 1292 875 1292 875 1293 884 1293 885 1293 875 1294 885 1294 874 1294 874 1295 885 1295 873 1295 873 1296 885 1296 618 1296 873 820 618 820 872 820 872 803 618 803 617 803 606 1297 625 1297 882 1297 882 1298 625 1298 624 1298 882 1299 624 1299 881 1299 881 1300 624 1300 623 1300 881 1301 623 1301 883 1301 883 1289 623 1289 622 1289 883 1302 622 1302 621 1302 883 1303 621 1303 884 1303 884 1304 621 1304 620 1304 884 1305 620 1305 885 1305 885 1306 620 1306 619 1306 885 1307 619 1307 618 1307 871 905 880 905 550 905 550 905 880 905 551 905 551 904 880 904 879 904 551 904 879 904 552 904 552 1308 879 1308 878 1308 552 1308 878 1308 553 1308 553 902 878 902 877 902 553 902 877 902 554 902 554 900 877 900 876 900 554 901 876 901 555 901 555 899 876 899 875 899 555 898 875 898 556 898 556 897 875 897 874 897 556 897 874 897 557 897 557 1309 874 1309 873 1309 557 896 873 896 558 896 558 895 873 895 872 895 558 895 872 895 542 895 523 1310 564 1310 524 1310 524 1311 564 1311 583 1311 524 1312 583 1312 525 1312 525 891 583 891 582 891 525 1313 582 1313 526 1313 526 1313 582 1313 581 1313 526 1314 581 1314 527 1314 527 1315 581 1315 580 1315 527 1270 580 1270 528 1270 528 1270 580 1270 579 1270 528 1271 579 1271 529 1271 529 1271 579 1271 578 1271 529 885 578 885 530 885 530 886 578 886 577 886 530 884 577 884 531 884 531 884 577 884 576 884 531 883 576 883 532 883 532 883 576 883 575 883 886 1316 887 1316 902 1316 902 1317 887 1317 907 1317 902 1318 907 1318 901 1318 901 1319 907 1319 912 1319 901 1320 912 1320 900 1320 900 1321 912 1321 917 1321 900 1322 917 1322 899 1322 899 1323 917 1323 922 1323 899 1324 922 1324 898 1324 898 1325 922 1325 927 1325 898 1326 927 1326 543 1326 543 1327 927 1327 544 1327 544 1328 927 1328 926 1328 544 1329 926 1329 545 1329 545 1330 926 1330 925 1330 545 1331 925 1331 546 1331 546 1332 925 1332 924 1332 546 1332 924 1332 547 1332 547 1333 924 1333 923 1333 547 1334 923 1334 548 1334 548 1335 923 1335 897 1335 548 1336 897 1336 549 1336 887 1337 888 1337 907 1337 907 1338 888 1338 906 1338 907 1339 906 1339 912 1339 912 1340 906 1340 911 1340 912 1341 911 1341 917 1341 917 1342 911 1342 916 1342 917 1343 916 1343 922 1343 922 1344 916 1344 921 1344 922 1345 921 1345 927 1345 927 1346 921 1346 926 1346 888 1347 889 1347 906 1347 906 1348 889 1348 905 1348 906 1349 905 1349 911 1349 911 1350 905 1350 910 1350 911 1351 910 1351 916 1351 916 1352 910 1352 915 1352 916 1353 915 1353 921 1353 921 1354 915 1354 920 1354 921 1355 920 1355 926 1355 926 1356 920 1356 925 1356 889 1357 890 1357 905 1357 905 1358 890 1358 904 1358 905 1359 904 1359 910 1359 910 1360 904 1360 909 1360 910 1361 909 1361 915 1361 915 1362 909 1362 914 1362 915 1363 914 1363 920 1363 920 1364 914 1364 919 1364 920 1365 919 1365 925 1365 925 1366 919 1366 924 1366 890 1367 891 1367 904 1367 904 1368 891 1368 903 1368 904 1369 903 1369 909 1369 909 1370 903 1370 908 1370 909 1371 908 1371 914 1371 914 1372 908 1372 913 1372 914 1373 913 1373 919 1373 919 1374 913 1374 918 1374 919 1375 918 1375 924 1375 924 1376 918 1376 923 1376 891 1377 892 1377 903 1377 903 1378 892 1378 893 1378 903 1379 893 1379 908 1379 908 1380 893 1380 894 1380 908 1381 894 1381 913 1381 913 1382 894 1382 895 1382 913 1383 895 1383 918 1383 918 1384 895 1384 896 1384 918 1385 896 1385 923 1385 923 1386 896 1386 897 1386 928 883 892 883 937 883 937 1387 892 1387 938 1387 937 1388 938 1388 936 1388 936 1389 938 1389 939 1389 936 1390 939 1390 935 1390 935 1391 939 1391 940 1391 935 1271 940 1271 934 1271 934 1270 940 1270 933 1270 933 1392 940 1392 941 1392 933 1393 941 1393 932 1393 932 1394 941 1394 942 1394 932 1395 942 1395 931 1395 931 1396 942 1396 930 1396 930 1397 942 1397 929 1397 929 1398 942 1398 886 1398 886 1398 942 1398 887 1398 887 1399 942 1399 888 1399 888 1281 942 1281 941 1281 888 1280 941 1280 889 1280 889 1280 941 1280 940 1280 889 1279 940 1279 890 1279 890 1279 940 1279 939 1279 890 1278 939 1278 891 1278 891 1278 939 1278 938 1278 891 1277 938 1277 892 1277 943 1039 928 1039 952 1039 952 1040 928 1040 937 1040 952 1400 937 1400 951 1400 951 1042 937 1042 936 1042 951 1401 936 1401 950 1401 950 1402 936 1402 935 1402 950 1403 935 1403 949 1403 949 1404 935 1404 934 1404 949 1048 934 1048 948 1048 948 1047 934 1047 933 1047 948 1405 933 1405 947 1405 947 1405 933 1405 932 1405 947 1052 932 1052 946 1052 946 799 932 799 931 799 946 1054 931 1054 945 1054 945 1406 931 1406 930 1406 945 1407 930 1407 944 1407 944 1055 930 1055 929 1055 522 1310 541 1310 513 1310 513 1311 541 1311 514 1311 514 1408 541 1408 515 1408 515 1409 541 1409 954 1409 515 1410 954 1410 516 1410 516 1411 954 1411 953 1411 516 1412 953 1412 517 1412 517 1413 953 1413 955 1413 517 1189 955 1189 518 1189 518 1271 955 1271 519 1271 519 1414 955 1414 956 1414 519 1415 956 1415 520 1415 520 1416 956 1416 957 1416 520 1417 957 1417 521 1417 521 1418 957 1418 502 1418 502 1419 957 1419 534 1419 502 883 534 883 533 883 541 1420 540 1420 954 1420 954 1421 540 1421 539 1421 954 1422 539 1422 953 1422 953 1423 539 1423 538 1423 953 1424 538 1424 955 1424 955 888 538 888 537 888 955 1271 537 1271 536 1271 955 1425 536 1425 956 1425 956 1426 536 1426 535 1426 956 1427 535 1427 957 1427 957 1428 535 1428 534 1428 943 883 952 883 503 883 503 883 952 883 504 883 504 884 952 884 951 884 504 884 951 884 505 884 505 886 951 886 950 886 505 886 950 886 506 886 506 1271 950 1271 949 1271 506 1271 949 1271 507 1271 507 1270 949 1270 948 1270 507 1270 948 1270 508 1270 508 1315 948 1315 947 1315 508 1315 947 1315 509 1315 509 1313 947 1313 946 1313 509 1313 946 1313 510 1313 510 1429 946 1429 945 1429 510 1430 945 1430 511 1430 511 1311 945 1311 944 1311 511 1310 944 1310 512 1310 944 2 929 2 959 2 959 2 929 2 958 2 929 1 886 1 958 1 958 1 886 1 960 1 960 1431 886 1431 966 1431 966 1432 886 1432 902 1432 966 1433 902 1433 965 1433 965 1434 902 1434 901 1434 965 1435 901 1435 964 1435 964 1435 901 1435 900 1435 964 1436 900 1436 963 1436 963 1437 900 1437 899 1437 963 1438 899 1438 962 1438 962 1439 899 1439 898 1439 962 1440 898 1440 961 1440 961 1441 898 1441 543 1441 543 1442 542 1442 961 1442 961 1442 542 1442 967 1442 542 0 872 0 967 0 967 0 872 0 968 0 872 1442 617 1442 968 1442 968 1442 617 1442 969 1442 617 1 616 1 969 1 969 1 616 1 970 1 616 1442 642 1442 970 1442 970 1442 642 1442 971 1442 971 1443 642 1443 977 1443 977 1444 642 1444 659 1444 977 1445 659 1445 976 1445 976 1446 659 1446 658 1446 976 1447 658 1447 975 1447 975 1448 658 1448 657 1448 975 1449 657 1449 974 1449 974 1450 657 1450 656 1450 974 1451 656 1451 973 1451 973 1452 656 1452 655 1452 973 1453 655 1453 972 1453 972 1454 655 1454 654 1454 654 0 690 0 972 0 972 0 690 0 978 0 690 2 729 2 978 2 978 2 729 2 979 2 729 0 753 0 979 0 979 0 753 0 980 0 753 1442 738 1442 980 1442 980 1442 738 1442 981 1442 738 0 737 0 981 0 981 0 737 0 982 0 730 728 752 728 731 728 731 739 752 739 714 739 731 1455 714 1455 762 1455 762 728 714 728 805 728 714 728 752 728 533 728 533 728 752 728 720 728 533 728 720 728 502 728 502 728 720 728 606 728 502 728 606 728 871 728 691 728 648 728 720 728 720 728 648 728 636 728 720 728 636 728 606 728 606 728 636 728 607 728 648 1456 664 1456 636 1456 636 1457 664 1457 663 1457 636 1458 663 1458 662 1458 662 728 661 728 636 728 636 1459 661 1459 660 1459 550 728 549 728 871 728 871 730 549 730 502 730 502 731 549 731 892 731 892 1455 549 1455 897 1455 892 728 897 728 896 728 896 1460 895 1460 892 1460 892 728 895 728 894 728 892 1461 894 1461 893 1461 928 728 943 728 892 728 892 728 943 728 502 728 943 728 503 728 502 728 532 728 575 728 533 728 533 739 575 739 824 739 533 729 824 729 585 729 585 728 824 728 836 728 836 728 824 728 837 728 837 1458 824 1458 838 1458 838 1462 824 1462 839 1462 839 1463 824 1463 840 1463 575 728 574 728 824 728 584 728 635 728 585 728 585 739 635 739 533 739 635 728 714 728 533 728 778 728 777 728 762 728 762 728 777 728 776 728 762 1460 776 1460 775 1460 775 728 774 728 762 728 762 1464 774 1464 731 1464 522 1 513 1 984 1 984 1 513 1 983 1 523 1442 522 1442 985 1442 985 1442 522 1442 984 1442 981 407 1078 407 980 407 980 408 1078 408 1079 408 980 407 1079 407 1080 407 982 407 1100 407 981 407 981 409 1100 409 1101 409 981 409 1101 409 1078 409 986 407 1096 407 982 407 982 410 1096 410 1097 410 982 410 1097 410 1098 410 986 407 987 407 1096 407 1096 1465 987 1465 988 1465 1096 410 988 410 989 410 989 1466 990 1466 1096 1466 1096 407 990 407 991 407 1096 412 991 412 1095 412 1095 407 991 407 1094 407 1094 407 991 407 1093 407 1093 407 991 407 1092 407 1092 1467 991 1467 992 1467 1092 407 992 407 1091 407 1091 407 992 407 1090 407 1090 407 992 407 993 407 1090 407 993 407 1089 407 1089 407 993 407 1088 407 1088 407 993 407 1087 407 1087 407 993 407 1086 407 1086 409 993 409 1020 409 1086 407 1020 407 1085 407 1085 415 1020 415 1021 415 1085 407 1021 407 1084 407 1084 407 1021 407 1083 407 1083 1465 1021 1465 1022 1465 1083 407 1022 407 1082 407 1082 407 1022 407 980 407 1082 407 980 407 1081 407 1081 407 980 407 1080 407 994 408 1018 408 993 408 993 415 1018 415 1019 415 993 408 1019 408 1020 408 995 407 1030 407 994 407 994 1468 1030 1468 1031 1468 994 1469 1031 1469 1032 1469 996 1467 1052 1467 995 1467 995 1470 1052 1470 1053 1470 995 1471 1053 1471 1030 1471 997 1472 1049 1472 996 1472 996 1465 1049 1465 1050 1465 996 407 1050 407 1051 407 1049 1466 997 1466 1048 1466 1048 1472 997 1472 998 1472 1048 1466 998 1466 999 1466 999 407 1000 407 1048 407 1048 407 1000 407 1001 407 1048 415 1001 415 1002 415 1003 407 1044 407 1002 407 1002 1473 1044 1473 1045 1473 1002 1474 1045 1474 1046 1474 1004 407 1042 407 1003 407 1003 416 1042 416 1043 416 1003 407 1043 407 1044 407 985 407 984 407 1004 407 1004 407 984 407 1040 407 1004 409 1040 409 1041 409 983 407 1012 407 984 407 984 407 1012 407 1013 407 984 410 1013 410 1014 410 1005 407 959 407 983 407 983 409 959 409 1104 409 983 407 1104 407 1105 407 958 1465 1102 1465 959 1465 959 407 1102 407 1103 407 959 408 1103 408 1104 408 960 407 1124 407 958 407 958 407 1124 407 1125 407 958 412 1125 412 1102 412 966 407 1120 407 960 407 960 1470 1120 1470 1121 1470 960 407 1121 407 1122 407 966 407 965 407 1120 407 1120 410 965 410 964 410 1120 1472 964 1472 963 1472 963 1466 962 1466 1120 1466 1120 407 962 407 961 407 1120 412 961 412 1119 412 1119 407 961 407 1118 407 1118 407 961 407 1117 407 1117 407 961 407 1116 407 1116 415 961 415 967 415 1116 407 967 407 1115 407 1115 1470 967 1470 1114 1470 1114 407 967 407 968 407 1114 1475 968 1475 1113 1475 1113 1470 968 1470 1112 1470 1112 407 968 407 1111 407 1111 407 968 407 1110 407 1110 408 968 408 1008 408 1110 1476 1008 1476 1109 1476 1109 1467 1008 1467 1009 1467 1109 407 1009 407 1108 407 1108 407 1009 407 983 407 1108 407 983 407 1107 407 1107 407 983 407 1106 407 1106 409 983 409 1105 409 969 409 1006 409 968 409 968 407 1006 407 1007 407 968 408 1007 408 1008 408 970 407 1054 407 969 407 969 408 1054 408 1055 408 969 409 1055 409 1056 409 971 415 1076 415 970 415 970 407 1076 407 1077 407 970 409 1077 409 1054 409 977 407 1072 407 971 407 971 1465 1072 1465 1073 1465 971 412 1073 412 1074 412 977 407 976 407 1072 407 1072 1465 976 1465 975 1465 1072 410 975 410 974 410 974 407 973 407 1072 407 1072 407 973 407 1071 407 1071 407 973 407 972 407 1071 407 972 407 1070 407 1070 407 972 407 1069 407 1069 407 972 407 1068 407 1068 407 972 407 978 407 1068 407 978 407 1067 407 1067 407 978 407 1066 407 1066 407 978 407 979 407 1066 407 979 407 1065 407 1065 407 979 407 1064 407 1064 407 979 407 1063 407 1063 407 979 407 1062 407 1062 407 979 407 1026 407 1062 407 1026 407 1061 407 1061 410 1026 410 1027 410 1061 407 1027 407 1060 407 1060 407 1027 407 1059 407 1059 1467 1027 1467 1028 1467 1059 407 1028 407 1058 407 1058 408 1028 408 969 408 1058 407 969 407 1057 407 1057 407 969 407 1056 407 980 407 1024 407 979 407 979 415 1024 415 1025 415 979 408 1025 408 1026 408 1009 414 1010 414 983 414 983 1465 1010 1465 1011 1465 983 407 1011 407 1012 407 1014 1477 1015 1477 984 1477 984 407 1015 407 1036 407 984 407 1036 407 1037 407 1036 407 1015 407 1035 407 1035 415 1015 415 1016 415 1035 1478 1016 1478 1034 1478 1034 409 1016 409 994 409 1034 407 994 407 1033 407 1033 407 994 407 1032 407 1016 407 1017 407 994 407 994 407 1017 407 1018 407 1022 407 1023 407 980 407 980 1467 1023 1467 1024 1467 1028 415 1029 415 969 415 969 1467 1029 1467 1006 1467 1037 407 1038 407 984 407 984 407 1038 407 1039 407 984 407 1039 407 1040 407 1041 407 1042 407 1004 407 1046 407 1047 407 1002 407 1002 1471 1047 1471 1048 1471 1051 407 1052 407 996 407 1074 407 1075 407 971 407 971 407 1075 407 1076 407 1098 407 1099 407 982 407 982 1466 1099 1466 1100 1466 1122 1471 1123 1471 960 1471 960 1468 1123 1468 1124 1468 513 2 512 2 983 2 983 2 512 2 1005 2 705 2 626 2 993 2 993 2 626 2 994 2 804 1 705 1 992 1 992 1 705 1 993 1 626 0 592 0 994 0 994 0 592 0 995 0 512 1 944 1 1005 1 1005 1 944 1 959 1 565 1442 564 1442 1003 1442 1003 1442 564 1442 1004 1442 768 2 804 2 991 2 991 2 804 2 992 2 830 1 565 1 1002 1 1002 1 565 1 1003 1 1127 1479 1103 1479 1126 1479 1126 1479 1103 1479 1102 1479 1126 1480 1102 1480 1149 1480 1149 1480 1102 1480 1125 1480 1149 1481 1125 1481 1148 1481 1148 1481 1125 1481 1124 1481 1148 1482 1124 1482 1147 1482 1147 1482 1124 1482 1123 1482 1147 1483 1123 1483 1146 1483 1146 1432 1123 1432 1122 1432 1146 1484 1122 1484 1145 1484 1145 1484 1122 1484 1121 1484 1145 1485 1121 1485 1144 1485 1144 1485 1121 1485 1120 1485 1144 1486 1120 1486 1143 1486 1143 1486 1120 1486 1119 1486 1143 1439 1119 1439 1142 1439 1142 1487 1119 1487 1118 1487 1142 1441 1118 1441 1141 1441 1141 1441 1118 1441 1117 1441 1141 1444 1117 1444 1140 1444 1140 1444 1117 1444 1116 1444 1140 1446 1116 1446 1139 1446 1139 1488 1116 1488 1115 1488 1139 1489 1115 1489 1138 1489 1138 1489 1115 1489 1114 1489 1138 1490 1114 1490 1137 1490 1137 1491 1114 1491 1113 1491 1137 1492 1113 1492 1136 1492 1136 1492 1113 1492 1112 1492 1136 1453 1112 1453 1135 1453 1135 1493 1112 1493 1111 1493 1135 1494 1111 1494 1134 1494 1134 1494 1111 1494 1110 1494 1134 1495 1110 1495 1133 1495 1133 1495 1110 1495 1109 1495 1133 1496 1109 1496 1132 1496 1132 1497 1109 1497 1108 1497 1132 1498 1108 1498 1131 1498 1131 1498 1108 1498 1107 1498 1131 1499 1107 1499 1130 1499 1130 1499 1107 1499 1106 1499 1130 1500 1106 1500 1129 1500 1129 1501 1106 1501 1105 1501 1129 1502 1105 1502 1128 1502 1128 1503 1105 1503 1104 1503 1128 1504 1104 1504 1127 1504 1127 1505 1104 1505 1103 1505 1149 407 1145 407 1126 407 1126 407 1145 407 1144 407 1126 407 1144 407 1127 407 1127 407 1144 407 1143 407 1127 407 1143 407 1128 407 1128 407 1143 407 1142 407 1128 407 1142 407 1129 407 1129 407 1142 407 1141 407 1129 407 1141 407 1130 407 1130 407 1141 407 1140 407 1130 407 1140 407 1131 407 1131 407 1140 407 1139 407 1131 407 1139 407 1132 407 1132 407 1139 407 1138 407 1132 407 1138 407 1133 407 1133 407 1138 407 1137 407 1133 407 1137 407 1134 407 1134 407 1137 407 1136 407 1134 407 1136 407 1135 407 1145 407 1149 407 1146 407 1146 407 1149 407 1148 407 1146 407 1148 407 1147 407 1151 1448 1079 1448 1150 1448 1150 1506 1079 1506 1078 1506 1150 1490 1078 1490 1173 1490 1173 1491 1078 1491 1101 1491 1173 1492 1101 1492 1172 1492 1172 1492 1101 1492 1100 1492 1172 1453 1100 1453 1171 1453 1171 1453 1100 1453 1099 1453 1171 1507 1099 1507 1170 1507 1170 1508 1099 1508 1098 1508 1170 1495 1098 1495 1169 1495 1169 1495 1098 1495 1097 1495 1169 1497 1097 1497 1168 1497 1168 1497 1097 1497 1096 1497 1168 1509 1096 1509 1167 1509 1167 1498 1096 1498 1095 1498 1167 1510 1095 1510 1166 1510 1166 1511 1095 1511 1094 1511 1166 1501 1094 1501 1165 1501 1165 1501 1094 1501 1093 1501 1165 1502 1093 1502 1164 1502 1164 1503 1093 1503 1092 1503 1164 1504 1092 1504 1163 1504 1163 1504 1092 1504 1091 1504 1163 1512 1091 1512 1162 1512 1162 1513 1091 1513 1090 1513 1162 1514 1090 1514 1161 1514 1161 1515 1090 1515 1089 1515 1161 1481 1089 1481 1160 1481 1160 1481 1089 1481 1088 1481 1160 1516 1088 1516 1159 1516 1159 1517 1088 1517 1087 1517 1159 1432 1087 1432 1158 1432 1158 1432 1087 1432 1086 1432 1158 1484 1086 1484 1157 1484 1157 1484 1086 1484 1085 1484 1157 1518 1085 1518 1156 1518 1156 1518 1085 1518 1084 1518 1156 1519 1084 1519 1155 1519 1155 1520 1084 1520 1083 1520 1155 1439 1083 1439 1154 1439 1154 1521 1083 1521 1082 1521 1154 1441 1082 1441 1153 1441 1153 1440 1082 1440 1081 1440 1153 1443 1081 1443 1152 1443 1152 1443 1081 1443 1080 1443 1152 1488 1080 1488 1151 1488 1151 1488 1080 1488 1079 1488 1173 407 1169 407 1150 407 1150 407 1169 407 1168 407 1150 407 1168 407 1151 407 1151 407 1168 407 1167 407 1151 407 1167 407 1152 407 1152 407 1167 407 1166 407 1152 407 1166 407 1153 407 1153 407 1166 407 1165 407 1153 407 1165 407 1154 407 1154 407 1165 407 1164 407 1154 407 1164 407 1155 407 1155 407 1164 407 1163 407 1155 407 1163 407 1156 407 1156 407 1163 407 1162 407 1156 407 1162 407 1157 407 1157 407 1162 407 1161 407 1157 407 1161 407 1158 407 1158 407 1161 407 1160 407 1158 407 1160 407 1159 407 1169 407 1173 407 1170 407 1170 407 1173 407 1172 407 1170 407 1172 407 1171 407 1175 1497 1031 1497 1174 1497 1174 1497 1031 1497 1030 1497 1174 1509 1030 1509 1197 1509 1197 1498 1030 1498 1053 1498 1197 1510 1053 1510 1196 1510 1196 1511 1053 1511 1052 1511 1196 1500 1052 1500 1195 1500 1195 1501 1052 1501 1051 1501 1195 1502 1051 1502 1194 1502 1194 1503 1051 1503 1050 1503 1194 1504 1050 1504 1193 1504 1193 1504 1050 1504 1049 1504 1193 1479 1049 1479 1192 1479 1192 1513 1049 1513 1048 1513 1192 1480 1048 1480 1191 1480 1191 1514 1048 1514 1047 1514 1191 1481 1047 1481 1190 1481 1190 1481 1047 1481 1046 1481 1190 1516 1046 1516 1189 1516 1189 1517 1046 1517 1045 1517 1189 1432 1045 1432 1188 1432 1188 1432 1045 1432 1044 1432 1188 1484 1044 1484 1187 1484 1187 1484 1044 1484 1043 1484 1187 1485 1043 1485 1186 1485 1186 1485 1043 1485 1042 1485 1186 1522 1042 1522 1185 1522 1185 1520 1042 1520 1041 1520 1185 1439 1041 1439 1184 1439 1184 1521 1041 1521 1040 1521 1184 1441 1040 1441 1183 1441 1183 1440 1040 1440 1039 1440 1183 1444 1039 1444 1182 1444 1182 1443 1039 1443 1038 1443 1182 1488 1038 1488 1181 1488 1181 1488 1038 1488 1037 1488 1181 1448 1037 1448 1180 1448 1180 1506 1037 1506 1036 1506 1180 1490 1036 1490 1179 1490 1179 1491 1036 1491 1035 1491 1179 1452 1035 1452 1178 1452 1178 1492 1035 1492 1034 1492 1178 1453 1034 1453 1177 1453 1177 1453 1034 1453 1033 1453 1177 1507 1033 1507 1176 1507 1176 1508 1033 1508 1032 1508 1176 1495 1032 1495 1175 1495 1175 1495 1032 1495 1031 1495 1197 407 1181 407 1174 407 1174 407 1181 407 1180 407 1174 407 1180 407 1175 407 1175 407 1180 407 1179 407 1175 407 1179 407 1176 407 1176 407 1179 407 1178 407 1176 407 1178 407 1177 407 1181 407 1197 407 1182 407 1182 407 1197 407 1196 407 1182 407 1196 407 1183 407 1183 407 1196 407 1195 407 1183 407 1195 407 1184 407 1184 407 1195 407 1194 407 1184 407 1194 407 1185 407 1185 407 1194 407 1193 407 1185 407 1193 407 1186 407 1186 407 1193 407 1192 407 1186 407 1192 407 1187 407 1187 407 1192 407 1191 407 1187 407 1191 407 1188 407 1188 407 1191 407 1190 407 1188 407 1190 407 1189 407 1199 1518 1055 1518 1198 1518 1198 1518 1055 1518 1054 1518 1198 1519 1054 1519 1221 1519 1221 1486 1054 1486 1077 1486 1221 1439 1077 1439 1220 1439 1220 1487 1077 1487 1076 1487 1220 1441 1076 1441 1219 1441 1219 1441 1076 1441 1075 1441 1219 1444 1075 1444 1218 1444 1218 1444 1075 1444 1074 1444 1218 1446 1074 1446 1217 1446 1217 1488 1074 1488 1073 1488 1217 1489 1073 1489 1216 1489 1216 1489 1073 1489 1072 1489 1216 1490 1072 1490 1215 1490 1215 1491 1072 1491 1071 1491 1215 1492 1071 1492 1214 1492 1214 1492 1071 1492 1070 1492 1214 1453 1070 1453 1213 1453 1213 1493 1070 1493 1069 1493 1213 1494 1069 1494 1212 1494 1212 1494 1069 1494 1068 1494 1212 1495 1068 1495 1211 1495 1211 1495 1068 1495 1067 1495 1211 1496 1067 1496 1210 1496 1210 1497 1067 1497 1066 1497 1210 1498 1066 1498 1209 1498 1209 1498 1066 1498 1065 1498 1209 1499 1065 1499 1208 1499 1208 1499 1065 1499 1064 1499 1208 1501 1064 1501 1207 1501 1207 1501 1064 1501 1063 1501 1207 1502 1063 1502 1206 1502 1206 1503 1063 1503 1062 1503 1206 1504 1062 1504 1205 1504 1205 1505 1062 1505 1061 1505 1205 1512 1061 1512 1204 1512 1204 1479 1061 1479 1060 1479 1204 1514 1060 1514 1203 1514 1203 1514 1060 1514 1059 1514 1203 1481 1059 1481 1202 1481 1202 1481 1059 1481 1058 1481 1202 1482 1058 1482 1201 1482 1201 1482 1058 1482 1057 1482 1201 1483 1057 1483 1200 1483 1200 1432 1057 1432 1056 1432 1200 1484 1056 1484 1199 1484 1199 1484 1056 1484 1055 1484 1221 407 1205 407 1198 407 1198 407 1205 407 1204 407 1198 407 1204 407 1199 407 1199 407 1204 407 1203 407 1199 407 1203 407 1200 407 1200 407 1203 407 1202 407 1200 407 1202 407 1201 407 1205 407 1221 407 1206 407 1206 407 1221 407 1220 407 1206 407 1220 407 1207 407 1207 407 1220 407 1219 407 1207 407 1219 407 1208 407 1208 407 1219 407 1218 407 1208 407 1218 407 1209 407 1209 407 1218 407 1217 407 1209 407 1217 407 1210 407 1210 407 1217 407 1216 407 1210 407 1216 407 1211 407 1211 407 1216 407 1215 407 1211 407 1215 407 1212 407 1212 407 1215 407 1214 407 1212 407 1214 407 1213 407 564 1 523 1 1004 1 1004 1 523 1 985 1 1223 1440 1007 1440 1222 1440 1222 1441 1007 1441 1006 1441 1222 1444 1006 1444 1245 1444 1245 1443 1006 1443 1029 1443 1245 1488 1029 1488 1244 1488 1244 1488 1029 1488 1028 1488 1244 1523 1028 1523 1243 1523 1243 1489 1028 1489 1027 1489 1243 1491 1027 1491 1242 1491 1242 1491 1027 1491 1026 1491 1242 1524 1026 1524 1241 1524 1241 1524 1026 1524 1025 1524 1241 1453 1025 1453 1240 1453 1240 1454 1025 1454 1024 1454 1240 1507 1024 1507 1239 1507 1239 1507 1024 1507 1023 1507 1239 1525 1023 1525 1238 1525 1238 1495 1023 1495 1022 1495 1238 1497 1022 1497 1237 1497 1237 1497 1022 1497 1021 1497 1237 1526 1021 1526 1236 1526 1236 1498 1021 1498 1020 1498 1236 1511 1020 1511 1235 1511 1235 1511 1020 1511 1019 1511 1235 1500 1019 1500 1234 1500 1234 1501 1019 1501 1018 1501 1234 1503 1018 1503 1233 1503 1233 1502 1018 1502 1017 1502 1233 1505 1017 1505 1232 1505 1232 1505 1017 1505 1016 1505 1232 1513 1016 1513 1231 1513 1231 1479 1016 1479 1015 1479 1231 1480 1015 1480 1230 1480 1230 1480 1015 1480 1014 1480 1230 1481 1014 1481 1229 1481 1229 1527 1014 1527 1013 1527 1229 1516 1013 1516 1228 1516 1228 1516 1013 1516 1012 1516 1228 1432 1012 1432 1227 1432 1227 1432 1012 1432 1011 1432 1227 1528 1011 1528 1226 1528 1226 1484 1011 1484 1010 1484 1226 1485 1010 1485 1225 1485 1225 1485 1010 1485 1009 1485 1225 1519 1009 1519 1224 1519 1224 1486 1009 1486 1008 1486 1224 1487 1008 1487 1223 1487 1223 1487 1008 1487 1007 1487 1245 407 1235 407 1222 407 1222 407 1235 407 1234 407 1222 407 1234 407 1223 407 1223 407 1234 407 1233 407 1223 407 1233 407 1224 407 1224 407 1233 407 1232 407 1224 407 1232 407 1225 407 1225 407 1232 407 1231 407 1225 407 1231 407 1226 407 1226 407 1231 407 1230 407 1226 407 1230 407 1227 407 1227 407 1230 407 1229 407 1227 407 1229 407 1228 407 1235 407 1245 407 1236 407 1236 407 1245 407 1244 407 1236 407 1244 407 1237 407 1237 407 1244 407 1243 407 1237 407 1243 407 1238 407 1238 407 1243 407 1242 407 1238 407 1242 407 1239 407 1239 407 1242 407 1241 407 1239 407 1241 407 1240 407 996 1502 591 1502 997 1502 997 1502 591 1502 835 1502 997 1529 835 1529 998 1529 998 1530 835 1530 834 1530 998 1531 834 1531 999 1531 999 1532 834 1532 833 1532 999 1515 833 1515 1000 1515 1000 1514 833 1514 832 1514 1000 1527 832 1527 1001 1527 1001 1533 832 1533 831 1533 1001 1534 831 1534 1002 1534 1002 1516 831 1516 830 1516 592 2 591 2 995 2 995 2 591 2 996 2 982 1508 737 1508 986 1508 986 1507 737 1507 773 1507 986 1535 773 1535 987 1535 987 1536 773 1536 772 1536 987 1537 772 1537 988 1537 988 1538 772 1538 771 1538 988 1539 771 1539 989 1539 989 1498 771 1498 770 1498 989 1511 770 1511 990 1511 990 1499 770 1499 769 1499 990 1501 769 1501 991 1501 991 1540 769 1540 768 1540 1246 2 1247 2 1249 2 1249 2 1247 2 1248 2 1250 0 1251 0 1248 0 1248 0 1251 0 1249 0 1252 1442 1253 1442 1250 1442 1250 1442 1253 1442 1251 1442 1255 407 1254 407 1247 407 1247 407 1254 407 1252 407 1247 407 1252 407 1250 407 1250 407 1248 407 1247 407 1256 2 1254 2 1257 2 1257 2 1254 2 1255 2 1251 728 1253 728 1246 728 1246 728 1253 728 1256 728 1246 728 1256 728 1257 728 1246 728 1249 728 1251 728 1246 0 1257 0 1247 0 1247 0 1257 0 1255 0 1256 1 1253 1 1254 1 1254 1 1253 1 1252 1 1258 1 1259 1 1261 1 1261 1 1259 1 1260 1 1263 2 1261 2 1262 2 1262 2 1261 2 1260 2 1264 0 1265 0 1262 0 1262 0 1265 0 1263 0 1267 407 1266 407 1259 407 1259 407 1266 407 1264 407 1259 407 1264 407 1262 407 1262 407 1260 407 1259 407 1268 1 1266 1 1269 1 1269 1 1266 1 1267 1 1263 728 1265 728 1258 728 1258 728 1265 728 1268 728 1258 728 1268 728 1269 728 1258 728 1261 728 1263 728 1258 2 1269 2 1259 2 1259 2 1269 2 1267 2 1268 1442 1265 1442 1266 1442 1266 1442 1265 1442 1264 1442 1270 2 1271 2 1273 2 1273 2 1271 2 1272 2 1271 0 1274 0 1272 0 1272 0 1274 0 1275 0 1274 1442 1276 1442 1275 1442 1275 1442 1276 1442 1277 1442 1276 1 1270 1 1277 1 1277 1 1270 1 1273 1 1277 728 1273 728 1275 728 1275 728 1273 728 1272 728 1270 728 1298 728 1271 728 1271 728 1298 728 1299 728 1271 728 1299 728 1278 728 1278 728 1299 728 1301 728 1301 728 1299 728 1300 728 1276 728 1288 728 1270 728 1270 728 1288 728 1295 728 1270 728 1295 728 1298 728 1298 728 1295 728 1296 728 1298 728 1296 728 1297 728 1288 728 1276 728 1287 728 1287 730 1276 730 1274 730 1287 728 1274 728 1286 728 1286 728 1274 728 1285 728 1285 728 1274 728 1271 728 1285 728 1271 728 1278 728 1285 728 1278 728 1284 728 1284 730 1278 730 1279 730 1284 731 1279 731 1280 731 1280 728 1281 728 1284 728 1284 728 1281 728 1282 728 1284 728 1282 728 1283 728 1288 739 1289 739 1295 739 1295 728 1289 728 1294 728 1294 1541 1289 1541 1293 1541 1293 728 1289 728 1292 728 1292 728 1289 728 1291 728 1291 728 1289 728 1290 728 1302 2 1303 2 1305 2 1305 2 1303 2 1304 2 1303 1 1306 1 1304 1 1304 1 1306 1 1307 1 1306 1442 1308 1442 1307 1442 1307 1442 1308 1442 1309 1442 1308 0 1302 0 1309 0 1309 0 1302 0 1305 0 1309 407 1305 407 1307 407 1307 407 1305 407 1304 407 1302 407 1320 407 1303 407 1303 407 1320 407 1323 407 1303 407 1323 407 1330 407 1330 407 1323 407 1329 407 1329 407 1323 407 1324 407 1329 408 1324 408 1325 408 1308 407 1333 407 1302 407 1302 407 1333 407 1316 407 1302 407 1316 407 1319 407 1319 407 1316 407 1317 407 1319 407 1317 407 1318 407 1306 407 1331 407 1308 407 1308 407 1331 407 1332 407 1308 407 1332 407 1333 407 1331 407 1306 407 1330 407 1330 407 1306 407 1303 407 1311 407 1312 407 1310 407 1310 410 1312 410 1313 410 1310 407 1313 407 1314 407 1314 407 1315 407 1310 407 1310 409 1315 409 1316 409 1310 407 1316 407 1333 407 1319 407 1320 407 1302 407 1321 407 1322 407 1320 407 1320 407 1322 407 1323 407 1325 1465 1326 1465 1329 1465 1329 410 1326 410 1327 410 1329 407 1327 407 1328 407 1315 1534 1334 1534 1316 1534 1316 1534 1334 1534 1335 1534 1316 1534 1335 1534 1278 1534 1278 1534 1335 1534 1336 1534 1278 1534 1336 1534 1279 1534 1279 1481 1336 1481 1280 1481 1280 1481 1336 1481 1339 1481 1280 1515 1339 1515 1281 1515 1281 1515 1339 1515 1342 1515 1281 1513 1342 1513 1282 1513 1282 1513 1342 1513 1345 1513 1282 1504 1345 1504 1283 1504 1283 1504 1345 1504 1348 1504 1283 1503 1348 1503 1284 1503 1284 1503 1348 1503 1347 1503 1284 1503 1347 1503 1310 1503 1310 1503 1347 1503 1346 1503 1310 1503 1346 1503 1311 1503 1311 1504 1346 1504 1312 1504 1312 1504 1346 1504 1343 1504 1312 1513 1343 1513 1313 1513 1313 1513 1343 1513 1340 1513 1313 1515 1340 1515 1314 1515 1314 1515 1340 1515 1337 1515 1314 1481 1337 1481 1315 1481 1315 1481 1337 1481 1334 1481 1339 1481 1336 1481 1335 1481 1335 1481 1334 1481 1338 1481 1338 1481 1334 1481 1337 1481 1338 1515 1337 1515 1341 1515 1341 1515 1337 1515 1340 1515 1341 1513 1340 1513 1344 1513 1344 1513 1340 1513 1343 1513 1344 1504 1343 1504 1347 1504 1347 1504 1343 1504 1346 1504 1342 1514 1339 1514 1338 1514 1338 1481 1339 1481 1335 1481 1342 1515 1338 1515 1341 1515 1345 1513 1342 1513 1341 1513 1345 1513 1341 1513 1344 1513 1348 1504 1345 1504 1344 1504 1348 1504 1344 1504 1347 1504 1278 1 1301 1 1316 1 1316 1 1301 1 1317 1 1328 1501 1349 1501 1329 1501 1329 1501 1349 1501 1350 1501 1329 1501 1350 1501 1289 1501 1289 1501 1350 1501 1351 1501 1289 1501 1351 1501 1290 1501 1290 1499 1351 1499 1291 1499 1291 1499 1351 1499 1354 1499 1291 1509 1354 1509 1292 1509 1292 1509 1354 1509 1357 1509 1292 1542 1357 1542 1293 1542 1293 1542 1357 1542 1360 1542 1293 1495 1360 1495 1294 1495 1294 1495 1360 1495 1363 1495 1294 1543 1363 1543 1295 1543 1295 1543 1363 1543 1362 1543 1295 1543 1362 1543 1323 1543 1323 1543 1362 1543 1361 1543 1323 1543 1361 1543 1324 1543 1324 1495 1361 1495 1325 1495 1325 1495 1361 1495 1358 1495 1325 1542 1358 1542 1326 1542 1326 1542 1358 1542 1355 1542 1326 1509 1355 1509 1327 1509 1327 1509 1355 1509 1352 1509 1327 1499 1352 1499 1328 1499 1328 1499 1352 1499 1349 1499 1354 1499 1351 1499 1350 1499 1350 1499 1349 1499 1353 1499 1353 1499 1349 1499 1352 1499 1353 1509 1352 1509 1356 1509 1356 1509 1352 1509 1355 1509 1356 1542 1355 1542 1359 1542 1359 1542 1355 1542 1358 1542 1359 1495 1358 1495 1362 1495 1362 1495 1358 1495 1361 1495 1357 1509 1354 1509 1353 1509 1353 1499 1354 1499 1350 1499 1357 1509 1353 1509 1356 1509 1360 1542 1357 1542 1356 1542 1360 1542 1356 1542 1359 1542 1363 1495 1360 1495 1359 1495 1363 1495 1359 1495 1362 1495 1365 2 1288 2 1364 2 1364 2 1288 2 1330 2 1364 2 1330 2 1387 2 1387 2 1330 2 1386 2 1386 2 1330 2 1385 2 1385 2 1330 2 1384 2 1384 2 1330 2 1383 2 1383 2 1330 2 1329 2 1383 2 1329 2 1382 2 1382 2 1329 2 1381 2 1381 2 1329 2 1380 2 1380 2 1329 2 1379 2 1379 2 1329 2 1378 2 1378 2 1329 2 1377 2 1377 2 1329 2 1376 2 1376 2 1329 2 1289 2 1376 2 1289 2 1375 2 1375 2 1289 2 1374 2 1374 2 1289 2 1373 2 1373 2 1289 2 1372 2 1372 2 1289 2 1371 2 1371 2 1289 2 1370 2 1370 2 1289 2 1369 2 1369 2 1289 2 1288 2 1369 2 1288 2 1368 2 1368 2 1288 2 1367 2 1367 2 1288 2 1366 2 1366 2 1288 2 1365 2 1389 1544 1437 1544 1388 1544 1388 1544 1437 1544 1436 1544 1388 1545 1436 1545 1411 1545 1411 1545 1436 1545 1459 1545 1411 1546 1459 1546 1410 1546 1410 1547 1459 1547 1458 1547 1410 1548 1458 1548 1409 1548 1409 1548 1458 1548 1457 1548 1409 1549 1457 1549 1408 1549 1408 1549 1457 1549 1456 1549 1408 1550 1456 1550 1407 1550 1407 1550 1456 1550 1455 1550 1407 1551 1455 1551 1406 1551 1406 1551 1455 1551 1454 1551 1406 1552 1454 1552 1405 1552 1405 1552 1454 1552 1453 1552 1405 1553 1453 1553 1404 1553 1404 1553 1453 1553 1452 1553 1404 1554 1452 1554 1403 1554 1403 1555 1452 1555 1451 1555 1403 1556 1451 1556 1402 1556 1402 1556 1451 1556 1450 1556 1402 1557 1450 1557 1401 1557 1401 1557 1450 1557 1449 1557 1401 1558 1449 1558 1400 1558 1400 1559 1449 1559 1448 1559 1400 1560 1448 1560 1399 1560 1399 1561 1448 1561 1447 1561 1399 1281 1447 1281 1398 1281 1398 1399 1447 1399 1446 1399 1398 1562 1446 1562 1397 1562 1397 1562 1446 1562 1445 1562 1397 1563 1445 1563 1396 1563 1396 1563 1445 1563 1444 1563 1396 1564 1444 1564 1395 1564 1395 1564 1444 1564 1443 1564 1395 1565 1443 1565 1394 1565 1394 1565 1443 1565 1442 1565 1394 1566 1442 1566 1393 1566 1393 1566 1442 1566 1441 1566 1393 1567 1441 1567 1392 1567 1392 1567 1441 1567 1440 1567 1392 1568 1440 1568 1391 1568 1391 1568 1440 1568 1439 1568 1391 1569 1439 1569 1390 1569 1390 1569 1439 1569 1438 1569 1390 1010 1438 1010 1389 1010 1389 1010 1438 1010 1437 1010 1413 1545 1459 1545 1412 1545 1412 1545 1459 1545 1436 1545 1412 1544 1436 1544 1435 1544 1435 1544 1436 1544 1437 1544 1435 1010 1437 1010 1434 1010 1434 1010 1437 1010 1438 1010 1434 1569 1438 1569 1433 1569 1433 1569 1438 1569 1439 1569 1433 1568 1439 1568 1432 1568 1432 1568 1439 1568 1440 1568 1432 1567 1440 1567 1431 1567 1431 1567 1440 1567 1441 1567 1431 1566 1441 1566 1430 1566 1430 1566 1441 1566 1442 1566 1430 1565 1442 1565 1429 1565 1429 1565 1442 1565 1443 1565 1429 1564 1443 1564 1428 1564 1428 1564 1443 1564 1444 1564 1428 1563 1444 1563 1427 1563 1427 1563 1444 1563 1445 1563 1427 1562 1445 1562 1426 1562 1426 1562 1445 1562 1446 1562 1426 1281 1446 1281 1425 1281 1425 1399 1446 1399 1447 1399 1425 1561 1447 1561 1424 1561 1424 1560 1447 1560 1448 1560 1424 1559 1448 1559 1423 1559 1423 1558 1448 1558 1449 1558 1423 1557 1449 1557 1422 1557 1422 1557 1449 1557 1450 1557 1422 1556 1450 1556 1421 1556 1421 1556 1450 1556 1451 1556 1421 1555 1451 1555 1420 1555 1420 1555 1451 1555 1452 1555 1420 1553 1452 1553 1419 1553 1419 1553 1452 1553 1453 1553 1419 1552 1453 1552 1418 1552 1418 1552 1453 1552 1454 1552 1418 1551 1454 1551 1417 1551 1417 1551 1454 1551 1455 1551 1417 1550 1455 1550 1416 1550 1416 1550 1455 1550 1456 1550 1416 1549 1456 1549 1415 1549 1415 1549 1456 1549 1457 1549 1415 1548 1457 1548 1414 1548 1414 1548 1457 1548 1458 1548 1414 1547 1458 1547 1413 1547 1413 1546 1458 1546 1459 1546 1310 2 1388 2 1284 2 1284 2 1388 2 1411 2 1284 2 1411 2 1410 2 1333 2 1395 2 1310 2 1310 2 1395 2 1394 2 1310 2 1394 2 1393 2 1285 2 1400 2 1333 2 1333 2 1400 2 1399 2 1333 2 1399 2 1398 2 1284 2 1405 2 1285 2 1285 2 1405 2 1404 2 1285 2 1404 2 1403 2 1410 2 1409 2 1284 2 1284 2 1409 2 1408 2 1284 2 1408 2 1407 2 1407 2 1406 2 1284 2 1284 2 1406 2 1405 2 1403 2 1402 2 1285 2 1285 2 1402 2 1401 2 1285 2 1401 2 1400 2 1398 2 1397 2 1333 2 1333 2 1397 2 1396 2 1333 2 1396 2 1395 2 1393 2 1392 2 1310 2 1310 2 1392 2 1391 2 1310 2 1391 2 1390 2 1390 2 1389 2 1310 2 1310 2 1389 2 1388 2 1435 1442 1317 1442 1412 1442 1412 1442 1317 1442 1301 1442 1412 1442 1301 1442 1413 1442 1413 1442 1301 1442 1414 1442 1414 1442 1301 1442 1415 1442 1415 1442 1301 1442 1416 1442 1416 1442 1301 1442 1417 1442 1417 1442 1301 1442 1418 1442 1418 1442 1301 1442 1300 1442 1418 1442 1300 1442 1419 1442 1419 1442 1300 1442 1420 1442 1420 1442 1300 1442 1421 1442 1421 1442 1300 1442 1422 1442 1422 1442 1300 1442 1423 1442 1423 1442 1300 1442 1424 1442 1424 1442 1300 1442 1318 1442 1424 1442 1318 1442 1425 1442 1425 1442 1318 1442 1426 1442 1426 1442 1318 1442 1427 1442 1427 1442 1318 1442 1428 1442 1428 1442 1318 1442 1429 1442 1429 1442 1318 1442 1430 1442 1430 1442 1318 1442 1317 1442 1430 1442 1317 1442 1431 1442 1431 1442 1317 1442 1432 1442 1432 1442 1317 1442 1433 1442 1433 1442 1317 1442 1434 1442 1434 1442 1317 1442 1435 1442 1461 1442 1321 1442 1460 1442 1460 1442 1321 1442 1297 1442 1460 1442 1297 1442 1483 1442 1483 1442 1297 1442 1482 1442 1482 1442 1297 1442 1481 1442 1481 1442 1297 1442 1480 1442 1480 1442 1297 1442 1479 1442 1479 1442 1297 1442 1478 1442 1478 1442 1297 1442 1296 1442 1478 1442 1296 1442 1477 1442 1477 1442 1296 1442 1476 1442 1476 1442 1296 1442 1475 1442 1475 1442 1296 1442 1474 1442 1474 1442 1296 1442 1473 1442 1473 1442 1296 1442 1472 1442 1472 1442 1296 1442 1322 1442 1472 1442 1322 1442 1471 1442 1471 1442 1322 1442 1470 1442 1470 1442 1322 1442 1469 1442 1469 1442 1322 1442 1468 1442 1468 1442 1322 1442 1467 1442 1467 1442 1322 1442 1466 1442 1466 1442 1322 1442 1321 1442 1466 1442 1321 1442 1465 1442 1465 1442 1321 1442 1464 1442 1464 1442 1321 1442 1463 1442 1463 1442 1321 1442 1462 1442 1462 1442 1321 1442 1461 1442 1297 1 1321 1 1298 1 1298 1 1321 1 1320 1 1319 1442 1502 1442 1320 1442 1320 1442 1502 1442 1503 1442 1320 1442 1503 1442 1504 1442 1299 1442 1496 1442 1319 1442 1319 1442 1496 1442 1497 1442 1319 1442 1497 1442 1498 1442 1298 1442 1490 1442 1299 1442 1299 1442 1490 1442 1491 1442 1299 1442 1491 1442 1492 1442 1320 1442 1484 1442 1298 1442 1298 1442 1484 1442 1485 1442 1298 1442 1485 1442 1486 1442 1486 1442 1487 1442 1298 1442 1298 1442 1487 1442 1488 1442 1298 1442 1488 1442 1489 1442 1489 1442 1490 1442 1298 1442 1492 1442 1493 1442 1299 1442 1299 1442 1493 1442 1494 1442 1299 1442 1494 1442 1495 1442 1495 1442 1496 1442 1299 1442 1498 1442 1499 1442 1319 1442 1319 1442 1499 1442 1500 1442 1319 1442 1500 1442 1501 1442 1501 1442 1502 1442 1319 1442 1504 1442 1505 1442 1320 1442 1320 1442 1505 1442 1506 1442 1320 1442 1506 1442 1507 1442 1507 1442 1484 1442 1320 1442 1531 1442 1508 1442 1550 1442 1550 1442 1508 1442 1509 1442 1550 1442 1509 1442 1549 1442 1549 1442 1509 1442 1510 1442 1549 1442 1510 1442 1548 1442 1548 1442 1510 1442 1511 1442 1548 1442 1511 1442 1547 1442 1547 1442 1511 1442 1512 1442 1547 1442 1512 1442 1546 1442 1546 1442 1512 1442 1513 1442 1546 1442 1513 1442 1545 1442 1545 1442 1513 1442 1514 1442 1545 1442 1514 1442 1544 1442 1544 1442 1514 1442 1543 1442 1543 1442 1514 1442 1515 1442 1543 1442 1515 1442 1542 1442 1542 1442 1515 1442 1516 1442 1542 1442 1516 1442 1541 1442 1541 1442 1516 1442 1517 1442 1541 1442 1517 1442 1540 1442 1540 1442 1517 1442 1518 1442 1540 1442 1518 1442 1539 1442 1539 1442 1518 1442 1519 1442 1539 1442 1519 1442 1538 1442 1538 1442 1519 1442 1520 1442 1538 1442 1520 1442 1537 1442 1537 1442 1520 1442 1521 1442 1537 1442 1521 1442 1522 1442 1537 1442 1522 1442 1536 1442 1536 1442 1522 1442 1523 1442 1536 1442 1523 1442 1535 1442 1535 1442 1523 1442 1524 1442 1535 1442 1524 1442 1534 1442 1534 1442 1524 1442 1525 1442 1534 1442 1525 1442 1533 1442 1533 1442 1525 1442 1526 1442 1533 1442 1526 1442 1532 1442 1532 1442 1526 1442 1555 1442 1555 1442 1526 1442 1527 1442 1555 1442 1527 1442 1554 1442 1554 1442 1527 1442 1528 1442 1554 1442 1528 1442 1553 1442 1553 1442 1528 1442 1529 1442 1553 1442 1529 1442 1552 1442 1552 1442 1529 1442 1530 1442 1552 1442 1530 1442 1551 1442 1551 1442 1530 1442 1531 1442 1551 1442 1531 1442 1550 1442 1333 1 1332 1 1285 1 1285 1 1332 1 1286 1 1557 2 1286 2 1556 2 1556 2 1286 2 1332 2 1556 2 1332 2 1579 2 1579 2 1332 2 1578 2 1578 2 1332 2 1577 2 1577 2 1332 2 1576 2 1576 2 1332 2 1575 2 1575 2 1332 2 1574 2 1574 2 1332 2 1331 2 1574 2 1331 2 1573 2 1573 2 1331 2 1572 2 1572 2 1331 2 1571 2 1571 2 1331 2 1570 2 1570 2 1331 2 1569 2 1569 2 1331 2 1568 2 1568 2 1331 2 1287 2 1568 2 1287 2 1567 2 1567 2 1287 2 1566 2 1566 2 1287 2 1565 2 1565 2 1287 2 1564 2 1564 2 1287 2 1563 2 1563 2 1287 2 1562 2 1562 2 1287 2 1286 2 1562 2 1286 2 1561 2 1561 2 1286 2 1560 2 1560 2 1286 2 1559 2 1559 2 1286 2 1558 2 1558 2 1286 2 1557 2 1331 0 1330 0 1287 0 1287 0 1330 0 1288 0 1318 0 1300 0 1319 0 1319 0 1300 0 1299 0 1531 1545 1557 1545 1508 1545 1508 1545 1557 1545 1556 1545 1508 1570 1556 1570 1509 1570 1509 1570 1556 1570 1579 1570 1509 1571 1579 1571 1510 1571 1510 1571 1579 1571 1578 1571 1510 1572 1578 1572 1511 1572 1511 1572 1578 1572 1577 1572 1511 1573 1577 1573 1512 1573 1512 1573 1577 1573 1576 1573 1512 1574 1576 1574 1513 1574 1513 1574 1576 1574 1575 1574 1513 1575 1575 1575 1514 1575 1514 1575 1575 1575 1574 1575 1514 1576 1574 1576 1515 1576 1515 1576 1574 1576 1573 1576 1515 1577 1573 1577 1516 1577 1516 1577 1573 1577 1572 1577 1516 1578 1572 1578 1517 1578 1517 1578 1572 1578 1571 1578 1517 1579 1571 1579 1518 1579 1518 1579 1571 1579 1570 1579 1518 1580 1570 1580 1519 1580 1519 1580 1570 1580 1569 1580 1519 1560 1569 1560 1520 1560 1520 1560 1569 1560 1568 1560 1520 1558 1568 1558 1521 1558 1521 1558 1568 1558 1567 1558 1521 1581 1567 1581 1522 1581 1522 1581 1567 1581 1566 1581 1522 1582 1566 1582 1523 1582 1523 1582 1566 1582 1565 1582 1523 1583 1565 1583 1524 1583 1524 1583 1565 1583 1564 1583 1524 1553 1564 1553 1525 1553 1525 1553 1564 1553 1563 1553 1525 1584 1563 1584 1526 1584 1526 1584 1563 1584 1562 1584 1526 1585 1562 1585 1527 1585 1527 1585 1562 1585 1561 1585 1527 1550 1561 1550 1528 1550 1528 1550 1561 1550 1560 1550 1528 1586 1560 1586 1529 1586 1529 1586 1560 1586 1559 1586 1529 1587 1559 1587 1530 1587 1530 1587 1559 1587 1558 1587 1530 1546 1558 1546 1531 1546 1531 1546 1558 1546 1557 1546 1507 1560 1539 1560 1484 1560 1484 1560 1539 1560 1538 1560 1484 1559 1538 1559 1485 1559 1485 1559 1538 1559 1537 1559 1485 1557 1537 1557 1486 1557 1486 1557 1537 1557 1536 1557 1486 1588 1536 1588 1487 1588 1487 1588 1536 1588 1535 1588 1487 1589 1535 1589 1488 1589 1488 1589 1535 1589 1534 1589 1488 1553 1534 1553 1489 1553 1489 1553 1534 1553 1533 1553 1489 1552 1533 1552 1490 1552 1490 1552 1533 1552 1532 1552 1490 1551 1532 1551 1491 1551 1491 1551 1532 1551 1555 1551 1491 1550 1555 1550 1492 1550 1492 1550 1555 1550 1554 1550 1492 1590 1554 1590 1493 1590 1493 1591 1554 1591 1553 1591 1493 1592 1553 1592 1494 1592 1494 1592 1553 1592 1552 1592 1494 1547 1552 1547 1495 1547 1495 1547 1552 1547 1551 1547 1495 1593 1551 1593 1496 1593 1496 1593 1551 1593 1550 1593 1496 1570 1550 1570 1497 1570 1497 1570 1550 1570 1549 1570 1497 1009 1549 1009 1498 1009 1498 1009 1549 1009 1548 1009 1498 1008 1548 1008 1499 1008 1499 1008 1548 1008 1547 1008 1499 1594 1547 1594 1500 1594 1500 1594 1547 1594 1546 1594 1500 1595 1546 1595 1501 1595 1501 1595 1546 1595 1545 1595 1501 1596 1545 1596 1502 1596 1502 1596 1545 1596 1544 1596 1502 1597 1544 1597 1503 1597 1503 1597 1544 1597 1543 1597 1503 1598 1543 1598 1504 1598 1504 1598 1543 1598 1542 1598 1504 1599 1542 1599 1505 1599 1505 1599 1542 1599 1541 1599 1505 1600 1541 1600 1506 1600 1506 1600 1541 1600 1540 1600 1506 1580 1540 1580 1507 1580 1507 1580 1540 1580 1539 1580 1323 0 1322 0 1295 0 1295 0 1322 0 1296 0 1387 1570 1581 1570 1364 1570 1364 1570 1581 1570 1580 1570 1364 1545 1580 1545 1365 1545 1365 1545 1580 1545 1603 1545 1365 1601 1603 1601 1366 1601 1366 1547 1603 1547 1602 1547 1366 1592 1602 1592 1367 1592 1367 1548 1602 1548 1601 1548 1367 1591 1601 1591 1368 1591 1368 1591 1601 1591 1600 1591 1368 1550 1600 1550 1369 1550 1369 1550 1600 1550 1599 1550 1369 1551 1599 1551 1370 1551 1370 1551 1599 1551 1598 1551 1370 1552 1598 1552 1371 1552 1371 1552 1598 1552 1597 1552 1371 1553 1597 1553 1372 1553 1372 1553 1597 1553 1596 1553 1372 1602 1596 1602 1373 1602 1373 1602 1596 1602 1595 1602 1373 1603 1595 1603 1374 1603 1374 1603 1595 1603 1594 1603 1374 1604 1594 1604 1375 1604 1375 1604 1594 1604 1593 1604 1375 1605 1593 1605 1376 1605 1376 1605 1593 1605 1592 1605 1376 1561 1592 1561 1377 1561 1377 1561 1592 1561 1591 1561 1377 1399 1591 1399 1378 1399 1378 1399 1591 1399 1590 1399 1378 1600 1590 1600 1379 1600 1379 1600 1590 1600 1589 1600 1379 1599 1589 1599 1380 1599 1380 1599 1589 1599 1588 1599 1380 1606 1588 1606 1381 1606 1381 1606 1588 1606 1587 1606 1381 1607 1587 1607 1382 1607 1382 1607 1587 1607 1586 1607 1382 1608 1586 1608 1383 1608 1383 1608 1586 1608 1585 1608 1383 1609 1585 1609 1384 1609 1384 1609 1585 1609 1584 1609 1384 1610 1584 1610 1385 1610 1385 1610 1584 1610 1583 1610 1385 1572 1583 1572 1386 1572 1386 1572 1583 1572 1582 1572 1386 1611 1582 1611 1387 1611 1387 1571 1582 1571 1581 1571 1483 1545 1603 1545 1460 1545 1460 1545 1603 1545 1580 1545 1460 1570 1580 1570 1461 1570 1461 1570 1580 1570 1581 1570 1461 1611 1581 1611 1462 1611 1462 1571 1581 1571 1582 1571 1462 1572 1582 1572 1463 1572 1463 1572 1582 1572 1583 1572 1463 1610 1583 1610 1464 1610 1464 1610 1583 1610 1584 1610 1464 1609 1584 1609 1465 1609 1465 1609 1584 1609 1585 1609 1465 1608 1585 1608 1466 1608 1466 1608 1585 1608 1586 1608 1466 1607 1586 1607 1467 1607 1467 1607 1586 1607 1587 1607 1467 1606 1587 1606 1468 1606 1468 1606 1587 1606 1588 1606 1468 1599 1588 1599 1469 1599 1469 1599 1588 1599 1589 1599 1469 1600 1589 1600 1470 1600 1470 1600 1589 1600 1590 1600 1470 1399 1590 1399 1471 1399 1471 1399 1590 1399 1591 1399 1471 1561 1591 1561 1472 1561 1472 1561 1591 1561 1592 1561 1472 1605 1592 1605 1473 1605 1473 1605 1592 1605 1593 1605 1473 1604 1593 1604 1474 1604 1474 1604 1593 1604 1594 1604 1474 1603 1594 1603 1475 1603 1475 1603 1594 1603 1595 1603 1475 1602 1595 1602 1476 1602 1476 1602 1595 1602 1596 1602 1476 1553 1596 1553 1477 1553 1477 1553 1596 1553 1597 1553 1477 1552 1597 1552 1478 1552 1478 1552 1597 1552 1598 1552 1478 1551 1598 1551 1479 1551 1479 1551 1598 1551 1599 1551 1479 1550 1599 1550 1480 1550 1480 1550 1599 1550 1600 1550 1480 1591 1600 1591 1481 1591 1481 1591 1600 1591 1601 1591 1481 1548 1601 1548 1482 1548 1482 1592 1601 1592 1602 1592 1482 1601 1602 1601 1483 1601 1483 1547 1602 1547 1603 1547 1605 1502 1653 1502 1604 1502 1604 1502 1653 1502 1652 1502 1604 1500 1652 1500 1627 1500 1627 1500 1652 1500 1675 1500 1627 1499 1675 1499 1626 1499 1626 1511 1675 1511 1674 1511 1626 1612 1674 1612 1625 1612 1625 1509 1674 1509 1673 1509 1625 1496 1673 1496 1624 1496 1624 1497 1673 1497 1672 1497 1624 1495 1672 1495 1623 1495 1623 1495 1672 1495 1671 1495 1623 1508 1671 1508 1622 1508 1622 1508 1671 1508 1670 1508 1622 1453 1670 1453 1621 1453 1621 1453 1670 1453 1669 1453 1621 1492 1669 1492 1620 1492 1620 1524 1669 1524 1668 1524 1620 1491 1668 1491 1619 1491 1619 1613 1668 1613 1667 1613 1619 1448 1667 1448 1618 1448 1618 1506 1667 1506 1666 1506 1618 1488 1666 1488 1617 1488 1617 1488 1666 1488 1665 1488 1617 1444 1665 1444 1616 1444 1616 1443 1665 1443 1664 1443 1616 1440 1664 1440 1615 1440 1615 1441 1664 1441 1663 1441 1615 1487 1663 1487 1614 1487 1614 1487 1663 1487 1662 1487 1614 1519 1662 1519 1613 1519 1613 1520 1662 1520 1661 1520 1613 1435 1661 1435 1612 1435 1612 1518 1661 1518 1660 1518 1612 1528 1660 1528 1611 1528 1611 1484 1660 1484 1659 1484 1611 1432 1659 1432 1610 1432 1610 1432 1659 1432 1658 1432 1610 1516 1658 1516 1609 1516 1609 1516 1658 1516 1657 1516 1609 1481 1657 1481 1608 1481 1608 1481 1657 1481 1656 1481 1608 1514 1656 1514 1607 1514 1607 1480 1656 1480 1655 1480 1607 1512 1655 1512 1606 1512 1606 1614 1655 1614 1654 1614 1606 1505 1654 1505 1605 1505 1605 1504 1654 1504 1653 1504 1629 1500 1675 1500 1628 1500 1628 1501 1675 1501 1652 1501 1628 1503 1652 1503 1651 1503 1651 1502 1652 1502 1653 1502 1651 1504 1653 1504 1650 1504 1650 1505 1653 1505 1654 1505 1650 1614 1654 1614 1649 1614 1649 1512 1654 1512 1655 1512 1649 1480 1655 1480 1648 1480 1648 1514 1655 1514 1656 1514 1648 1481 1656 1481 1647 1481 1647 1527 1656 1527 1657 1527 1647 1516 1657 1516 1646 1516 1646 1516 1657 1516 1658 1516 1646 1432 1658 1432 1645 1432 1645 1432 1658 1432 1659 1432 1645 1528 1659 1528 1644 1528 1644 1484 1659 1484 1660 1484 1644 1518 1660 1518 1643 1518 1643 1518 1660 1518 1661 1518 1643 1520 1661 1520 1642 1520 1642 1519 1661 1519 1662 1519 1642 1487 1662 1487 1641 1487 1641 1487 1662 1487 1663 1487 1641 1615 1663 1615 1640 1615 1640 1440 1663 1440 1664 1440 1640 1443 1664 1443 1639 1443 1639 1616 1664 1616 1665 1616 1639 1445 1665 1445 1638 1445 1638 1488 1665 1488 1666 1488 1638 1506 1666 1506 1637 1506 1637 1448 1666 1448 1667 1448 1637 1491 1667 1491 1636 1491 1636 1491 1667 1491 1668 1491 1636 1492 1668 1492 1635 1492 1635 1524 1668 1524 1669 1524 1635 1453 1669 1453 1634 1453 1634 1453 1669 1453 1670 1453 1634 1508 1670 1508 1633 1508 1633 1508 1670 1508 1671 1508 1633 1525 1671 1525 1632 1525 1632 1495 1671 1495 1672 1495 1632 1497 1672 1497 1631 1497 1631 1496 1672 1496 1673 1496 1631 1509 1673 1509 1630 1509 1630 1612 1673 1612 1674 1612 1630 1511 1674 1511 1629 1511 1629 1499 1674 1499 1675 1499 1689 1516 1676 1516 1690 1516 1690 1516 1676 1516 1677 1516 1690 1481 1677 1481 1691 1481 1691 1481 1677 1481 1678 1481 1691 1617 1678 1617 1692 1617 1692 1480 1678 1480 1679 1480 1692 1614 1679 1614 1693 1614 1693 1479 1679 1479 1680 1479 1693 1505 1680 1505 1694 1505 1694 1505 1680 1505 1681 1505 1694 1502 1681 1502 1682 1502 1682 1503 1683 1503 1694 1503 1694 1618 1683 1618 1684 1618 1694 1505 1684 1505 1693 1505 1693 1619 1684 1619 1685 1619 1693 1614 1685 1614 1692 1614 1692 1614 1685 1614 1686 1614 1692 1480 1686 1480 1691 1480 1691 1480 1686 1480 1687 1480 1691 1481 1687 1481 1690 1481 1690 1481 1687 1481 1688 1481 1690 1516 1688 1516 1689 1516 1682 2 1695 2 1683 2 1683 2 1695 2 1696 2 1605 1470 1604 1470 1703 1470 1703 410 1604 410 1627 410 1703 408 1627 408 1626 408 1626 1465 1625 1465 1703 1465 1703 407 1625 407 1699 407 1703 1472 1699 1472 1700 1472 1624 1472 1697 1472 1625 1472 1625 409 1697 409 1698 409 1625 408 1698 408 1699 408 1624 407 1623 407 1697 407 1697 409 1623 409 1622 409 1697 407 1622 407 1676 407 1676 408 1622 408 1621 408 1676 410 1621 410 1620 410 1620 1466 1619 1466 1676 1466 1676 407 1619 407 1677 407 1677 407 1619 407 1678 407 1678 407 1619 407 1682 407 1678 416 1682 416 1679 416 1679 407 1682 407 1680 407 1680 407 1682 407 1681 407 1619 407 1618 407 1682 407 1682 409 1618 409 1617 409 1682 1465 1617 1465 1616 1465 1616 1471 1615 1471 1682 1471 1682 407 1615 407 1695 407 1695 416 1615 416 1614 416 1695 407 1614 407 1613 407 1613 407 1612 407 1695 407 1695 407 1612 407 1611 407 1695 407 1611 407 1704 407 1704 410 1611 410 1610 410 1704 1465 1610 1465 1609 1465 1609 407 1608 407 1704 407 1704 408 1608 408 1607 408 1704 407 1607 407 1606 407 1606 1471 1605 1471 1704 1471 1704 407 1605 407 1703 407 1700 407 1701 407 1703 407 1703 407 1701 407 1702 407 1705 407 1710 407 1704 407 1704 407 1710 407 1711 407 1704 407 1711 407 1695 407 1695 1466 1711 1466 1712 1466 1695 410 1712 410 1713 410 1706 407 1707 407 1705 407 1705 407 1707 407 1710 407 1707 407 1708 407 1710 407 1710 407 1708 407 1709 407 1713 1620 1714 1620 1695 1620 1695 1474 1714 1474 1715 1474 1695 407 1715 407 1716 407 1697 1432 1717 1432 1724 1432 1724 1432 1717 1432 1718 1432 1724 1484 1718 1484 1725 1484 1725 1484 1718 1484 1719 1484 1725 1485 1719 1485 1726 1485 1726 1621 1719 1621 1720 1621 1726 1486 1720 1486 1727 1486 1727 1520 1720 1520 1721 1520 1727 1439 1721 1439 1728 1439 1728 1487 1721 1487 1722 1487 1728 1441 1722 1441 1723 1441 1723 1441 1703 1441 1728 1441 1728 1440 1703 1440 1702 1440 1728 1439 1702 1439 1727 1439 1727 1487 1702 1487 1701 1487 1727 1520 1701 1520 1726 1520 1726 1520 1701 1520 1700 1520 1726 1621 1700 1621 1725 1621 1725 1621 1700 1621 1699 1621 1725 1484 1699 1484 1724 1484 1724 1484 1699 1484 1698 1484 1724 1432 1698 1432 1697 1432 1703 1442 1723 1442 1704 1442 1704 1442 1723 1442 1729 1442 1689 1 1717 1 1676 1 1676 1 1717 1 1697 1 1629 728 1628 728 1723 728 1723 741 1628 741 1651 741 1723 728 1651 728 1729 728 1729 1622 1651 1622 1650 1622 1729 739 1650 739 1649 739 1649 728 1648 728 1729 728 1729 728 1648 728 1647 728 1729 738 1647 738 1646 738 1646 1623 1645 1623 1729 1623 1729 728 1645 728 1696 728 1729 728 1696 728 1735 728 1735 728 1696 728 1734 728 1734 728 1696 728 1733 728 1733 728 1696 728 1732 728 1732 728 1696 728 1731 728 1731 728 1696 728 1730 728 1645 728 1644 728 1696 728 1696 739 1644 739 1643 739 1696 730 1643 730 1642 730 1642 1624 1641 1624 1696 1624 1696 728 1641 728 1683 728 1683 740 1641 740 1640 740 1683 739 1640 739 1639 739 1639 728 1638 728 1683 728 1683 729 1638 729 1637 729 1683 728 1637 728 1687 728 1687 728 1637 728 1688 728 1688 740 1637 740 1689 740 1689 728 1637 728 1636 728 1689 741 1636 741 1635 741 1635 728 1634 728 1689 728 1689 728 1634 728 1717 728 1717 730 1634 730 1633 730 1717 740 1633 740 1632 740 1632 728 1631 728 1717 728 1717 741 1631 741 1718 741 1718 728 1631 728 1719 728 1719 728 1631 728 1723 728 1719 728 1723 728 1720 728 1720 1624 1723 1624 1721 1624 1721 728 1723 728 1722 728 1631 728 1630 728 1723 728 1723 728 1630 728 1629 728 1687 728 1686 728 1683 728 1683 1623 1686 1623 1685 1623 1683 728 1685 728 1684 728 1735 728 1736 728 1729 728 1729 728 1736 728 1741 728 1741 728 1736 728 1739 728 1741 728 1739 728 1740 728 1736 728 1737 728 1739 728 1739 728 1737 728 1738 728 1741 1442 1740 1442 1705 1442 1705 1442 1740 1442 1706 1442 1740 0 1739 0 1706 0 1706 0 1739 0 1707 0 1716 1500 1742 1500 1695 1500 1695 1500 1742 1500 1743 1500 1695 1501 1743 1501 1696 1501 1696 1625 1743 1625 1744 1625 1696 1500 1744 1500 1730 1500 1730 1626 1744 1626 1731 1626 1731 1626 1744 1626 1747 1626 1731 1612 1747 1612 1732 1612 1732 1509 1747 1509 1750 1509 1732 1627 1750 1627 1733 1627 1733 1496 1750 1496 1753 1496 1733 1495 1753 1495 1734 1495 1734 1495 1753 1495 1756 1495 1734 1507 1756 1507 1735 1507 1735 1507 1756 1507 1755 1507 1735 1507 1755 1507 1711 1507 1711 1507 1755 1507 1754 1507 1711 1507 1754 1507 1712 1507 1712 1495 1754 1495 1713 1495 1713 1495 1754 1495 1751 1495 1713 1627 1751 1627 1714 1627 1714 1496 1751 1496 1748 1496 1714 1612 1748 1612 1715 1612 1715 1509 1748 1509 1745 1509 1715 1499 1745 1499 1716 1499 1716 1626 1745 1626 1742 1626 1747 1626 1744 1626 1743 1626 1743 1626 1742 1626 1746 1626 1746 1499 1742 1499 1745 1499 1746 1509 1745 1509 1749 1509 1749 1612 1745 1612 1748 1612 1749 1496 1748 1496 1752 1496 1752 1627 1748 1627 1751 1627 1752 1495 1751 1495 1755 1495 1755 1495 1751 1495 1754 1495 1750 1509 1747 1509 1746 1509 1746 1499 1747 1499 1743 1499 1750 1612 1746 1612 1749 1612 1753 1496 1750 1496 1749 1496 1753 1627 1749 1627 1752 1627 1756 1495 1753 1495 1752 1495 1756 1495 1752 1495 1755 1495 1711 0 1710 0 1735 0 1735 0 1710 0 1736 0 1705 1 1769 1 1741 1 1741 1 1769 1 1770 1 1741 1 1770 1 1771 1 1704 1 1763 1 1705 1 1705 1 1763 1 1764 1 1705 1 1764 1 1765 1 1729 1 1757 1 1704 1 1704 1 1757 1 1758 1 1704 1 1758 1 1759 1 1741 1 1775 1 1729 1 1729 1 1775 1 1776 1 1729 1 1776 1 1777 1 1759 1 1760 1 1704 1 1704 1 1760 1 1761 1 1704 1 1761 1 1762 1 1762 1 1763 1 1704 1 1765 1 1766 1 1705 1 1705 1 1766 1 1767 1 1705 1 1767 1 1768 1 1768 1 1769 1 1705 1 1771 1 1772 1 1741 1 1741 1 1772 1 1773 1 1741 1 1773 1 1774 1 1774 1 1775 1 1741 1 1777 1 1778 1 1729 1 1729 1 1778 1 1779 1 1729 1 1779 1 1780 1 1780 1 1757 1 1729 1 1710 2 1709 2 1736 2 1736 2 1709 2 1737 2 1782 0 1737 0 1781 0 1781 0 1737 0 1709 0 1781 0 1709 0 1804 0 1804 0 1709 0 1803 0 1803 0 1709 0 1802 0 1802 0 1709 0 1801 0 1801 0 1709 0 1800 0 1800 0 1709 0 1799 0 1799 0 1709 0 1708 0 1799 0 1708 0 1798 0 1798 0 1708 0 1797 0 1797 0 1708 0 1796 0 1796 0 1708 0 1795 0 1795 0 1708 0 1794 0 1794 0 1708 0 1793 0 1793 0 1708 0 1738 0 1793 0 1738 0 1792 0 1792 0 1738 0 1791 0 1791 0 1738 0 1790 0 1790 0 1738 0 1789 0 1789 0 1738 0 1788 0 1788 0 1738 0 1787 0 1787 0 1738 0 1737 0 1787 0 1737 0 1786 0 1786 0 1737 0 1785 0 1785 0 1737 0 1784 0 1784 0 1737 0 1783 0 1783 0 1737 0 1782 0 1708 1442 1707 1442 1738 1442 1738 1442 1707 1442 1739 1442 1780 1628 1782 1628 1757 1628 1757 1629 1782 1629 1781 1629 1757 1630 1781 1630 1758 1630 1758 1631 1781 1631 1804 1631 1758 1632 1804 1632 1759 1632 1759 1633 1804 1633 1803 1633 1759 1634 1803 1634 1760 1634 1760 840 1803 840 1802 840 1760 1635 1802 1635 1761 1635 1761 1636 1802 1636 1801 1636 1761 1637 1801 1637 1762 1637 1762 1638 1801 1638 1800 1638 1762 1639 1800 1639 1763 1639 1763 1640 1800 1640 1799 1640 1763 1641 1799 1641 1764 1641 1764 1642 1799 1642 1798 1642 1764 1643 1798 1643 1765 1643 1765 1644 1798 1644 1797 1644 1765 1645 1797 1645 1766 1645 1766 1646 1797 1646 1796 1646 1766 1647 1796 1647 1767 1647 1767 1648 1796 1648 1795 1648 1767 1649 1795 1649 1768 1649 1768 1650 1795 1650 1794 1650 1768 1651 1794 1651 1769 1651 1769 1652 1794 1652 1793 1652 1769 1653 1793 1653 1770 1653 1770 1654 1793 1654 1792 1654 1770 1655 1792 1655 1771 1655 1771 1656 1792 1656 1791 1656 1771 1657 1791 1657 1772 1657 1772 1658 1791 1658 1790 1658 1772 1659 1790 1659 1773 1659 1773 1660 1790 1660 1789 1660 1773 1661 1789 1661 1774 1661 1774 1662 1789 1662 1788 1662 1774 1663 1788 1663 1775 1663 1775 1664 1788 1664 1787 1664 1775 1665 1787 1665 1776 1665 1776 1666 1787 1666 1786 1666 1776 1667 1786 1667 1777 1667 1777 1668 1786 1668 1785 1668 1777 1669 1785 1669 1778 1669 1778 1670 1785 1670 1784 1670 1778 1671 1784 1671 1779 1671 1779 1672 1784 1672 1783 1672 1779 1673 1783 1673 1780 1673 1780 1674 1783 1674 1782 1674 1806 1675 1825 1675 1805 1675 1805 1675 1825 1675 1826 1675 1805 1675 1826 1675 1827 1675 1827 1676 1826 1676 1834 1676 1827 1677 1834 1677 1835 1677 1835 1678 1834 1678 1842 1678 1835 1678 1842 1678 1843 1678 1843 1679 1842 1679 1850 1679 1843 1679 1850 1679 1851 1679 1851 1680 1850 1680 1815 1680 1851 1680 1815 1680 1852 1680 1852 1680 1815 1680 1820 1680 1852 1679 1820 1679 1845 1679 1845 1679 1820 1679 1821 1679 1845 1678 1821 1678 1838 1678 1838 1678 1821 1678 1822 1678 1838 1677 1822 1677 1831 1677 1831 1677 1822 1677 1823 1677 1831 1675 1823 1675 1824 1675 1825 1677 1806 1677 1832 1677 1832 1676 1806 1676 1807 1676 1832 1678 1807 1678 1839 1678 1839 1678 1807 1678 1808 1678 1839 1679 1808 1679 1846 1679 1846 1679 1808 1679 1809 1679 1846 1680 1809 1680 1814 1680 1814 1681 1809 1681 1810 1681 1814 1682 1810 1682 1813 1682 1813 1683 1810 1683 1812 1683 1812 1684 1810 1684 1811 1684 1815 1680 1849 1680 1814 1680 1814 1685 1849 1685 1848 1685 1814 1680 1848 1680 1847 1680 1847 1679 1848 1679 1840 1679 1847 1679 1840 1679 1839 1679 1839 1678 1840 1678 1832 1678 1820 1686 1815 1686 1819 1686 1819 1687 1815 1687 1816 1687 1819 1688 1816 1688 1817 1688 1817 1684 1818 1684 1819 1684 1805 1675 1828 1675 1824 1675 1824 1675 1828 1675 1829 1675 1824 1675 1829 1675 1830 1675 1830 1677 1829 1677 1837 1677 1830 1677 1837 1677 1838 1677 1838 1678 1837 1678 1845 1678 1828 1675 1805 1675 1827 1675 1826 1677 1825 1677 1833 1677 1833 1676 1825 1676 1832 1676 1833 1678 1832 1678 1840 1678 1827 1677 1835 1677 1828 1677 1828 1677 1835 1677 1836 1677 1828 1676 1836 1676 1829 1676 1829 1677 1836 1677 1837 1677 1831 1675 1824 1675 1830 1675 1838 1677 1831 1677 1830 1677 1826 1677 1833 1677 1834 1677 1834 1678 1833 1678 1841 1678 1834 1678 1841 1678 1842 1678 1842 1679 1841 1679 1849 1679 1842 1679 1849 1679 1850 1679 1850 1680 1849 1680 1815 1680 1841 1678 1833 1678 1840 1678 1835 1678 1843 1678 1836 1678 1836 1678 1843 1678 1844 1678 1836 1678 1844 1678 1837 1678 1837 1678 1844 1678 1845 1678 1847 1679 1839 1679 1846 1679 1849 1679 1841 1679 1848 1679 1848 1679 1841 1679 1840 1679 1852 1679 1845 1679 1844 1679 1852 1679 1844 1679 1851 1679 1851 1679 1844 1679 1843 1679 1814 1680 1847 1680 1846 1680 1809 1689 1808 1689 1810 1689 1810 1623 1808 1623 1807 1623 1810 729 1807 729 1806 729 1806 728 1805 728 1810 728 1810 728 1805 728 1853 728 1810 728 1853 728 1856 728 1856 728 1853 728 1855 728 1855 728 1853 728 1854 728 1860 407 1824 407 1819 407 1819 410 1824 410 1823 410 1819 407 1823 407 1822 407 1822 416 1821 416 1819 416 1819 407 1821 407 1820 407 1819 407 1857 407 1860 407 1860 407 1857 407 1858 407 1860 407 1858 407 1859 407 1818 1442 1861 1442 1819 1442 1819 1442 1861 1442 1857 1442 1815 1690 1814 1690 1879 1690 1879 1691 1814 1691 1883 1691 1879 1692 1883 1692 1884 1692 1884 1693 1883 1693 1891 1693 1884 1693 1891 1693 1892 1693 1892 1694 1891 1694 1899 1694 1892 1694 1899 1694 1900 1694 1900 1695 1899 1695 1907 1695 1900 1696 1907 1696 1873 1696 1873 1697 1907 1697 1872 1697 1872 1698 1907 1698 1871 1698 1871 1699 1907 1699 1906 1699 1871 1699 1906 1699 1905 1699 1905 1695 1906 1695 1898 1695 1905 1695 1898 1695 1897 1695 1897 1694 1898 1694 1890 1694 1897 1694 1890 1694 1889 1694 1889 1693 1890 1693 1882 1693 1889 1693 1882 1693 1881 1693 1881 1700 1882 1700 1814 1700 1881 1700 1814 1700 1880 1700 1880 1701 1814 1701 1862 1701 1880 1702 1862 1702 1863 1702 1863 1703 1864 1703 1880 1703 1880 1704 1864 1704 1887 1704 1880 1693 1887 1693 1888 1693 1888 1694 1887 1694 1895 1694 1888 1694 1895 1694 1896 1694 1896 1695 1895 1695 1903 1695 1896 1695 1903 1695 1904 1695 1904 1699 1903 1699 1871 1699 1904 1699 1871 1699 1905 1699 1864 1705 1865 1705 1887 1705 1887 1706 1865 1706 1866 1706 1887 1707 1866 1707 1894 1707 1894 1708 1866 1708 1867 1708 1894 1709 1867 1709 1868 1709 1894 1710 1868 1710 1901 1710 1901 1711 1868 1711 1869 1711 1901 1712 1869 1712 1902 1712 1902 1712 1869 1712 1903 1712 1902 1695 1903 1695 1895 1695 1870 1713 1871 1713 1869 1713 1869 1714 1871 1714 1903 1714 1873 1715 1874 1715 1900 1715 1900 1716 1874 1716 1875 1716 1900 1717 1875 1717 1893 1717 1893 1718 1875 1718 1876 1718 1893 1719 1876 1719 1877 1719 1893 1720 1877 1720 1886 1720 1886 1721 1877 1721 1878 1721 1886 1722 1878 1722 1879 1722 1883 1700 1814 1700 1882 1700 1889 1693 1881 1693 1888 1693 1888 1693 1881 1693 1880 1693 1891 1693 1883 1693 1890 1693 1890 1693 1883 1693 1882 1693 1886 1692 1879 1692 1885 1692 1885 1692 1879 1692 1884 1692 1885 1693 1884 1693 1892 1693 1893 1693 1886 1693 1885 1693 1893 1693 1885 1693 1892 1693 1897 1694 1889 1694 1896 1694 1896 1694 1889 1694 1888 1694 1899 1694 1891 1694 1898 1694 1898 1694 1891 1694 1890 1694 1900 1694 1893 1694 1892 1694 1902 1695 1895 1695 1894 1695 1894 1694 1895 1694 1887 1694 1901 1695 1902 1695 1894 1695 1905 1695 1897 1695 1904 1695 1904 1695 1897 1695 1896 1695 1907 1695 1899 1695 1906 1695 1906 1695 1899 1695 1898 1695 1909 1651 1955 1651 1908 1651 1908 1652 1955 1652 1932 1652 1908 1653 1932 1653 1931 1653 1931 1654 1932 1654 1933 1654 1931 1723 1933 1723 1930 1723 1930 1724 1933 1724 1934 1724 1930 1725 1934 1725 1929 1725 1929 1726 1934 1726 1935 1726 1929 1660 1935 1660 1928 1660 1928 1660 1935 1660 1936 1660 1928 1727 1936 1727 1927 1727 1927 1728 1936 1728 1937 1728 1927 1663 1937 1663 1926 1663 1926 1729 1937 1729 1938 1729 1926 1730 1938 1730 1925 1730 1925 1731 1938 1731 1939 1731 1925 1732 1939 1732 1924 1732 1924 1733 1939 1733 1940 1733 1924 1669 1940 1669 1923 1669 1923 1669 1940 1669 1941 1669 1923 1734 1941 1734 1922 1734 1922 1735 1941 1735 1942 1735 1922 1736 1942 1736 1921 1736 1921 1737 1942 1737 1943 1737 1921 1628 1943 1628 1920 1628 1920 1629 1943 1629 1944 1629 1920 1630 1944 1630 1919 1630 1919 1631 1944 1631 1945 1631 1919 1738 1945 1738 1918 1738 1918 1739 1945 1739 1946 1739 1918 1740 1946 1740 1917 1740 1917 1741 1946 1741 1947 1741 1917 1636 1947 1636 1916 1636 1916 1635 1947 1635 1948 1635 1916 1742 1948 1742 1915 1742 1915 1742 1948 1742 1949 1742 1915 1639 1949 1639 1914 1639 1914 1639 1949 1639 1950 1639 1914 1642 1950 1642 1913 1642 1913 1642 1950 1642 1951 1642 1913 1743 1951 1743 1912 1743 1912 1743 1951 1743 1952 1743 1912 1646 1952 1646 1911 1646 1911 1645 1952 1645 1953 1645 1911 877 1953 877 1910 877 1910 1744 1953 1744 1954 1744 1910 1745 1954 1745 1909 1745 1909 1746 1954 1746 1955 1746 1931 1 1956 1 1908 1 1908 1 1956 1 1860 1 1908 1 1860 1 1909 1 1909 1 1860 1 1910 1 1910 1 1860 1 1911 1 1911 1 1860 1 1912 1 1912 1 1860 1 1913 1 1913 1 1860 1 1914 1 1914 1 1860 1 1915 1 1915 1 1860 1 1859 1 1915 1 1859 1 1916 1 1916 1 1859 1 1917 1 1917 1 1859 1 1918 1 1918 1 1859 1 1919 1 1919 1 1859 1 1920 1 1920 1 1859 1 1957 1 1920 1 1957 1 1921 1 1921 1 1957 1 1922 1 1922 1 1957 1 1923 1 1923 1 1957 1 1924 1 1924 1 1957 1 1925 1 1925 1 1957 1 1956 1 1925 1 1956 1 1926 1 1926 1 1956 1 1927 1 1927 1 1956 1 1928 1 1928 1 1956 1 1929 1 1929 1 1956 1 1930 1 1930 1 1956 1 1931 1 1859 2 1858 2 1957 2 1957 2 1858 2 1958 2 1956 2 1871 2 1860 2 1860 2 1871 2 1824 2 1824 2 1871 2 1805 2 1805 2 1871 2 1870 2 1805 2 1870 2 1853 2 1853 2 1870 2 1959 2 1955 0 1857 0 1932 0 1932 0 1857 0 1861 0 1932 0 1861 0 1933 0 1933 0 1861 0 1934 0 1934 0 1861 0 1935 0 1935 0 1861 0 1936 0 1936 0 1861 0 1937 0 1937 0 1861 0 1938 0 1938 0 1861 0 1958 0 1938 0 1958 0 1939 0 1939 0 1958 0 1940 0 1940 0 1958 0 1941 0 1941 0 1958 0 1942 0 1942 0 1958 0 1943 0 1943 0 1958 0 1944 0 1944 0 1958 0 1858 0 1944 0 1858 0 1945 0 1945 0 1858 0 1946 0 1946 0 1858 0 1947 0 1947 0 1858 0 1948 0 1948 0 1858 0 1949 0 1949 0 1858 0 1950 0 1950 0 1858 0 1857 0 1950 1747 1857 1747 1951 1747 1951 0 1857 0 1952 0 1952 0 1857 0 1953 0 1953 0 1857 0 1954 0 1954 0 1857 0 1955 0 1961 1652 2007 1652 1960 1652 1960 1748 2007 1748 1984 1748 1960 1653 1984 1653 1983 1653 1983 1653 1984 1653 1985 1653 1983 1724 1985 1724 1982 1724 1982 1724 1985 1724 1986 1724 1982 1725 1986 1725 1981 1725 1981 1725 1986 1725 1987 1725 1981 1749 1987 1749 1980 1749 1980 1749 1987 1749 1988 1749 1980 1750 1988 1750 1979 1750 1979 1750 1988 1750 1989 1750 1979 1729 1989 1729 1978 1729 1978 1729 1989 1729 1990 1729 1978 1730 1990 1730 1977 1730 1977 1730 1990 1730 1991 1730 1977 1751 1991 1751 1976 1751 1976 1751 1991 1751 1992 1751 1976 1752 1992 1752 1975 1752 1975 1752 1992 1752 1993 1752 1975 1735 1993 1735 1974 1735 1974 1735 1993 1735 1994 1735 1974 1736 1994 1736 1973 1736 1973 1736 1994 1736 1995 1736 1973 1629 1995 1629 1972 1629 1972 1629 1995 1629 1996 1629 1972 843 1996 843 1971 843 1971 1630 1996 1630 1997 1630 1971 1739 1997 1739 1970 1739 1970 1753 1997 1753 1998 1753 1970 1754 1998 1754 1969 1754 1969 1754 1998 1754 1999 1754 1969 1755 1999 1755 1968 1755 1968 1755 1999 1755 2000 1755 1968 837 2000 837 1967 837 1967 1756 2000 1756 2001 1756 1967 1757 2001 1757 1966 1757 1966 1758 2001 1758 2002 1758 1966 1759 2002 1759 1965 1759 1965 1760 2002 1760 2003 1760 1965 1761 2003 1761 1964 1761 1964 880 2003 880 2004 880 1964 878 2004 878 1963 878 1963 878 2004 878 2005 878 1963 1762 2005 1762 1962 1762 1962 1762 2005 1762 2006 1762 1962 1763 2006 1763 1961 1763 1961 1745 2006 1745 2007 1745 1983 1 1853 1 1960 1 1960 1 1853 1 1959 1 1960 1 1959 1 1961 1 1961 1 1959 1 1962 1 1962 1 1959 1 1963 1 1963 1 1959 1 1964 1 1964 1 1959 1 1965 1 1965 1 1959 1 1966 1 1966 1 1959 1 1967 1 1967 1 1959 1 2008 1 1967 1 2008 1 1968 1 1968 1 2008 1 1969 1 1969 1 2008 1 1970 1 1970 1 2008 1 1971 1 1971 1 2008 1 1972 1 1972 1 2008 1 1854 1 1972 1 1854 1 1973 1 1973 1 1854 1 1974 1 1974 1 1854 1 1975 1 1975 1 1854 1 1976 1 1976 1 1854 1 1977 1 1977 1 1854 1 1853 1 1977 1 1853 1 1978 1 1978 1 1853 1 1979 1 1979 1 1853 1 1980 1 1980 1 1853 1 1981 1 1981 1 1853 1 1982 1 1982 1 1853 1 1983 1 2008 2 2009 2 1854 2 1854 2 2009 2 1855 2 2007 0 2010 0 1984 0 1984 0 2010 0 1856 0 1984 0 1856 0 1985 0 1985 0 1856 0 1986 0 1986 0 1856 0 1987 0 1987 0 1856 0 1988 0 1988 0 1856 0 1989 0 1989 0 1856 0 1990 0 1990 0 1856 0 1855 0 1990 0 1855 0 1991 0 1991 0 1855 0 1992 0 1992 0 1855 0 1993 0 1993 0 1855 0 1994 0 1994 0 1855 0 1995 0 1995 0 1855 0 1996 0 1996 0 1855 0 2009 0 1996 0 2009 0 1997 0 1997 0 2009 0 1998 0 1998 0 2009 0 1999 0 1999 0 2009 0 2000 0 2000 0 2009 0 2001 0 2001 0 2009 0 2002 0 2002 0 2009 0 2010 0 2002 1747 2010 1747 2003 1747 2003 0 2010 0 2004 0 2004 0 2010 0 2005 0 2005 0 2010 0 2006 0 2006 0 2010 0 2007 0 1810 1442 1856 1442 1811 1442 1811 1442 1856 1442 2010 1442 1814 1764 1813 1764 1862 1764 1862 407 1813 407 1812 407 1862 407 1812 407 1811 407 1862 1765 1811 1765 1863 1765 1863 407 1811 407 2010 407 1863 407 2010 407 1864 407 1864 407 2010 407 1865 407 1865 407 2010 407 1866 407 1866 1473 2010 1473 1867 1473 1867 407 2010 407 1959 407 1867 407 1959 407 1868 407 1868 407 1959 407 1869 407 1869 1468 1959 1468 1870 1468 2010 407 2009 407 1959 407 1959 407 2009 407 2008 407 1817 1766 1879 1766 1818 1766 1818 728 1879 728 1878 728 1818 1767 1878 1767 1861 1767 1861 732 1878 732 1877 732 1861 1541 1877 1541 1876 1541 1817 728 1816 728 1879 728 1879 1768 1816 1768 1815 1768 1876 728 1875 728 1861 728 1861 731 1875 731 1874 731 1861 728 1874 728 1956 728 1956 728 1874 728 1873 728 1956 729 1873 729 1872 729 1872 728 1871 728 1956 728 1957 728 1958 728 1956 728 1956 728 1958 728 1861 728 2011 1442 2012 1442 2014 1442 2014 1442 2012 1442 2013 1442 2012 0 2015 0 2013 0 2013 0 2015 0 2016 0 2015 2 2017 2 2016 2 2016 2 2017 2 2018 2 2017 1 2011 1 2018 1 2018 1 2011 1 2014 1 2018 407 2014 407 2016 407 2016 407 2014 407 2013 407 2019 1442 2020 1442 2022 1442 2022 1442 2020 1442 2021 1442 2023 0 2019 0 2024 0 2024 0 2019 0 2022 0 2025 2 2023 2 2026 2 2026 2 2023 2 2024 2 2020 1 2025 1 2021 1 2021 1 2025 1 2026 1 2021 728 2026 728 2022 728 2022 728 2026 728 2024 728 2028 1769 2057 1769 2027 1769 2027 337 2057 337 2058 337 2027 1770 2058 1770 2047 1770 2047 1771 2058 1771 2046 1771 2046 1772 2058 1772 2060 1772 2046 1773 2060 1773 2049 1773 2049 349 2060 349 2059 349 2049 349 2059 349 2050 349 2050 1774 2059 1774 2029 1774 2050 1775 2029 1775 2030 1775 2028 1776 2029 1776 2057 1776 2057 1777 2029 1777 2059 1777 2057 350 2059 350 2060 350 2050 1778 2030 1778 2052 1778 2052 1779 2030 1779 2031 1779 2052 1780 2031 1780 2064 1780 2064 1781 2031 1781 2061 1781 2064 326 2061 326 2062 326 2062 262 2061 262 2067 262 2062 262 2067 262 2043 262 2043 263 2067 263 2066 263 2043 1782 2066 1782 2042 1782 2042 1783 2066 1783 2070 1783 2042 1784 2070 1784 2053 1784 2053 344 2070 344 2069 344 2053 344 2069 344 2054 344 2054 1785 2069 1785 2033 1785 2054 1786 2033 1786 2034 1786 2031 1787 2032 1787 2061 1787 2061 262 2032 262 2068 262 2061 262 2068 262 2067 262 2067 263 2068 263 2066 263 2068 263 2032 263 2065 263 2065 1788 2032 1788 2033 1788 2065 1789 2033 1789 2069 1789 2054 1790 2034 1790 2056 1790 2056 1791 2034 1791 2035 1791 2056 292 2035 292 2074 292 2074 1792 2035 1792 2071 1792 2074 347 2071 347 2072 347 2072 299 2071 299 2038 299 2072 1793 2038 1793 2039 1793 2035 1794 2036 1794 2071 1794 2071 1795 2036 1795 2038 1795 2036 1796 2037 1796 2038 1796 2039 1797 2040 1797 2072 1797 2072 1798 2040 1798 2073 1798 2072 347 2073 347 2074 347 2074 346 2073 346 2056 346 2073 303 2040 303 2055 303 2055 1799 2040 1799 2041 1799 2055 1800 2041 1800 2053 1800 2053 1801 2041 1801 2042 1801 2043 1802 2044 1802 2062 1802 2062 1803 2044 1803 2063 1803 2062 326 2063 326 2064 326 2064 348 2063 348 2052 348 2063 1804 2044 1804 2051 1804 2051 1805 2044 1805 2045 1805 2051 1806 2045 1806 2049 1806 2049 1807 2045 1807 2046 1807 2047 1808 2048 1808 2027 1808 2060 350 2058 350 2057 350 2049 332 2050 332 2051 332 2051 332 2050 332 2052 332 2051 348 2052 348 2063 348 2070 288 2066 288 2065 288 2065 263 2066 263 2068 263 2069 288 2070 288 2065 288 2053 294 2054 294 2055 294 2055 294 2054 294 2056 294 2055 346 2056 346 2073 346 2076 742 2085 742 2075 742 2075 742 2085 742 2086 742 2075 742 2086 742 2087 742 2087 749 2086 749 2093 749 2087 749 2093 749 2094 749 2094 745 2093 745 2100 745 2094 745 2100 745 2101 745 2101 747 2100 747 2080 747 2101 747 2080 747 2102 747 2102 747 2080 747 2081 747 2102 745 2081 745 2096 745 2096 745 2081 745 2082 745 2096 749 2082 749 2090 749 2090 744 2082 744 2083 744 2090 742 2083 742 2084 742 2085 749 2076 749 2091 749 2091 749 2076 749 2077 749 2091 745 2077 745 2097 745 2097 745 2077 745 2078 745 2097 747 2078 747 2079 747 2080 747 2099 747 2079 747 2079 747 2099 747 2098 747 2079 747 2098 747 2097 747 2097 745 2098 745 2091 745 2075 742 2088 742 2084 742 2084 742 2088 742 2089 742 2084 742 2089 742 2090 742 2090 744 2089 744 2096 744 2088 742 2075 742 2087 742 2086 749 2085 749 2092 749 2092 749 2085 749 2091 749 2092 745 2091 745 2098 745 2087 749 2094 749 2088 749 2088 744 2094 744 2095 744 2088 749 2095 749 2089 749 2089 749 2095 749 2096 749 2086 744 2092 744 2093 744 2093 745 2092 745 2099 745 2093 745 2099 745 2100 745 2100 747 2099 747 2080 747 2099 745 2092 745 2098 745 2102 745 2096 745 2095 745 2102 745 2095 745 2101 745 2101 745 2095 745 2094 745 2019 1809 2043 1809 2020 1809 2020 1810 2043 1810 2042 1810 2020 728 2042 728 2114 728 2114 739 2042 739 2110 739 2114 729 2110 729 2111 729 2023 728 2117 728 2019 728 2019 728 2117 728 2081 728 2019 728 2081 728 2044 728 2044 729 2081 729 2080 729 2044 731 2080 731 2045 731 2045 731 2080 731 2103 731 2045 730 2103 730 2104 730 2117 728 2023 728 2116 728 2116 738 2023 738 2025 738 2116 730 2025 730 2115 730 2115 728 2025 728 2114 728 2114 728 2025 728 2020 728 2045 738 2104 738 2046 738 2046 730 2104 730 2105 730 2046 1811 2105 1811 2047 1811 2047 741 2105 741 2048 741 2044 1812 2043 1812 2019 1812 2110 728 2042 728 2109 728 2109 728 2042 728 2041 728 2109 728 2041 728 2108 728 2108 738 2041 738 2040 738 2108 728 2040 728 2107 728 2107 728 2040 728 2039 728 2107 728 2039 728 2106 728 2106 1624 2039 1624 2038 1624 2112 728 2113 728 2111 728 2111 728 2113 728 2114 728 2081 728 2117 728 2082 728 2082 1813 2117 1813 2084 1813 2082 1463 2084 1463 2083 1463 2079 750 2118 750 2080 750 2080 750 2118 750 2103 750 2105 751 2121 751 2048 751 2048 752 2121 752 2122 752 2048 752 2122 752 2123 752 2123 753 2122 753 2118 753 2123 753 2118 753 2124 753 2124 753 2118 753 2125 753 2124 755 2125 755 2120 755 2120 1814 2125 1814 2119 1814 2119 1815 2125 1815 2118 1815 2105 1816 2104 1816 2121 1816 2121 1817 2104 1817 2122 1817 2103 1818 2118 1818 2104 1818 2104 761 2118 761 2122 761 2027 1819 2048 1819 2120 1819 2120 1820 2048 1820 2124 1820 2124 752 2048 752 2123 752 2127 764 2131 764 2126 764 2126 764 2131 764 2132 764 2126 764 2132 764 2133 764 2133 765 2132 765 2139 765 2133 765 2139 765 2140 765 2140 766 2139 766 2146 766 2140 766 2146 766 2147 766 2147 767 2146 767 2113 767 2147 767 2113 767 2148 767 2148 767 2113 767 2112 767 2148 766 2112 766 2142 766 2142 766 2112 766 2111 766 2142 765 2111 765 2136 765 2136 765 2111 765 2110 765 2136 764 2110 764 2109 764 2131 765 2127 765 2137 765 2137 765 2127 765 2128 765 2137 766 2128 766 2143 766 2143 766 2128 766 2129 766 2143 767 2129 767 2130 767 2113 767 2145 767 2130 767 2130 767 2145 767 2144 767 2130 767 2144 767 2143 767 2143 766 2144 766 2137 766 2126 764 2134 764 2109 764 2109 764 2134 764 2135 764 2109 764 2135 764 2136 764 2136 765 2135 765 2142 765 2134 764 2126 764 2133 764 2132 765 2131 765 2138 765 2138 765 2131 765 2137 765 2138 766 2137 766 2144 766 2133 765 2140 765 2134 765 2134 765 2140 765 2141 765 2134 765 2141 765 2135 765 2135 765 2141 765 2142 765 2132 765 2138 765 2139 765 2139 766 2138 766 2145 766 2139 766 2145 766 2146 766 2146 767 2145 767 2113 767 2145 766 2138 766 2144 766 2148 766 2142 766 2141 766 2148 766 2141 766 2147 766 2147 766 2141 766 2140 766 2109 770 2108 770 2126 770 2126 770 2108 770 2149 770 2150 771 2152 771 2037 771 2037 772 2152 772 2153 772 2037 772 2153 772 2154 772 2154 774 2153 774 2151 774 2154 1821 2151 1821 2108 1821 2108 776 2151 776 2149 776 2150 777 2151 777 2152 777 2152 774 2151 774 2153 774 2107 779 2158 779 2108 779 2108 781 2158 781 2157 781 2108 781 2157 781 2156 781 2156 782 2157 782 2106 782 2156 1822 2106 1822 2037 1822 2037 784 2106 784 2038 784 2107 1823 2106 1823 2158 1823 2158 782 2106 782 2157 782 2156 772 2037 772 2155 772 2155 772 2037 772 2154 772 2155 781 2154 781 2108 781 2108 1824 2156 1824 2155 1824 2084 2 2117 2 2075 2 2075 2 2117 2 2159 2 2130 2 2160 2 2113 2 2113 2 2160 2 2114 2 2115 1 2114 1 2161 1 2161 1 2114 1 2160 1 2116 2 2115 2 2162 2 2162 2 2115 2 2161 2 2117 0 2116 0 2159 0 2159 0 2116 0 2162 0 2011 407 2032 407 2012 407 2012 415 2032 415 2031 415 2012 407 2031 407 2078 407 2078 407 2031 407 2079 407 2079 407 2031 407 2030 407 2079 407 2030 407 2118 407 2118 407 2030 407 2119 407 2119 407 2030 407 2029 407 2119 407 2029 407 2120 407 2120 407 2029 407 2028 407 2120 407 2028 407 2027 407 2017 407 2160 407 2011 407 2011 407 2160 407 2033 407 2011 407 2033 407 2032 407 2160 407 2017 407 2161 407 2161 408 2017 408 2015 408 2161 407 2015 407 2162 407 2162 407 2015 407 2159 407 2159 407 2015 407 2012 407 2159 407 2012 407 2078 407 2037 408 2036 408 2150 408 2150 407 2036 407 2151 407 2151 409 2036 409 2035 409 2151 408 2035 408 2149 408 2149 407 2035 407 2034 407 2149 407 2034 407 2126 407 2126 407 2034 407 2033 407 2126 409 2033 409 2127 409 2127 407 2033 407 2160 407 2127 407 2160 407 2128 407 2128 407 2160 407 2130 407 2128 407 2130 407 2129 407 2078 407 2077 407 2159 407 2159 407 2077 407 2075 407 2075 407 2077 407 2076 407 2164 1605 2210 1605 2163 1605 2163 1605 2210 1605 2187 1605 2163 1560 2187 1560 2186 1560 2186 1561 2187 1561 2188 1561 2186 1825 2188 1825 2185 1825 2185 1826 2188 1826 2189 1826 2185 1579 2189 1579 2184 1579 2184 1579 2189 1579 2190 1579 2184 1827 2190 1827 2183 1827 2183 1828 2190 1828 2191 1828 2183 1829 2191 1829 2182 1829 2182 1830 2191 1830 2192 1830 2182 1831 2192 1831 2181 1831 2181 1831 2192 1831 2193 1831 2181 1832 2193 1832 2180 1832 2180 1832 2193 1832 2194 1832 2180 1833 2194 1833 2179 1833 2179 1834 2194 1834 2195 1834 2179 1835 2195 1835 2178 1835 2178 1836 2195 1836 2196 1836 2178 1572 2196 1572 2177 1572 2177 1572 2196 1572 2197 1572 2177 1837 2197 1837 2176 1837 2176 1838 2197 1838 2198 1838 2176 1544 2198 1544 2175 1544 2175 1570 2198 1570 2199 1570 2175 1839 2199 1839 2174 1839 2174 1839 2199 1839 2200 1839 2174 1840 2200 1840 2173 1840 2173 1841 2200 1841 2201 1841 2173 1587 2201 1587 2172 1587 2172 1587 2201 1587 2202 1587 2172 1842 2202 1842 2171 1842 2171 1842 2202 1842 2203 1842 2171 1550 2203 1550 2170 1550 2170 1843 2203 1843 2204 1843 2170 1844 2204 1844 2169 1844 2169 1845 2204 1845 2205 1845 2169 1846 2205 1846 2168 1846 2168 1847 2205 1847 2206 1847 2168 1553 2206 1553 2167 1553 2167 1553 2206 1553 2207 1553 2167 1602 2207 1602 2166 1602 2166 1602 2207 1602 2208 1602 2166 1582 2208 1582 2165 1582 2165 1582 2208 1582 2209 1582 2165 1848 2209 1848 2164 1848 2164 1849 2209 1849 2210 1849 2212 1558 2258 1558 2211 1558 2211 1605 2258 1605 2235 1605 2211 1282 2235 1282 2234 1282 2234 1561 2235 1561 2236 1561 2234 1399 2236 1399 2233 1399 2233 1850 2236 1850 2237 1850 2233 1851 2237 1851 2232 1851 2232 1852 2237 1852 2238 1852 2232 1599 2238 1599 2231 1599 2231 1599 2238 1599 2239 1599 2231 1577 2239 1577 2230 1577 2230 1577 2239 1577 2240 1577 2230 1831 2240 1831 2229 1831 2229 1831 2240 1831 2241 1831 2229 1832 2241 1832 2228 1832 2228 1832 2241 1832 2242 1832 2228 1574 2242 1574 2227 1574 2227 1574 2242 1574 2243 1574 2227 1594 2243 1594 2226 1594 2226 1594 2243 1594 2244 1594 2226 1853 2244 1853 2225 1853 2225 1854 2244 1854 2245 1854 2225 1009 2245 1009 2224 1009 2224 1855 2245 1855 2246 1855 2224 1544 2246 1544 2223 1544 2223 1011 2246 1011 2247 1011 2223 1839 2247 1839 2222 1839 2222 1545 2247 1545 2248 1545 2222 1840 2248 1840 2221 1840 2221 1856 2248 1856 2249 1856 2221 1857 2249 1857 2220 1857 2220 1858 2249 1858 2250 1858 2220 1859 2250 1859 2219 1859 2219 1842 2250 1842 2251 1842 2219 1550 2251 1550 2218 1550 2218 1550 2251 1550 2252 1550 2218 1585 2252 1585 2217 1585 2217 1860 2252 1860 2253 1860 2217 1861 2253 1861 2216 1861 2216 1584 2253 1584 2254 1584 2216 1553 2254 1553 2215 1553 2215 1553 2254 1553 2255 1553 2215 1862 2255 1862 2214 1862 2214 1863 2255 1863 2256 1863 2214 1582 2256 1582 2213 1582 2213 1864 2256 1864 2257 1864 2213 1849 2257 1849 2212 1849 2212 1865 2257 1865 2258 1865 2286 1866 2259 1866 2285 1866 2285 1867 2259 1867 2260 1867 2285 1868 2260 1868 2261 1868 2285 1869 2261 1869 2284 1869 2284 1870 2261 1870 2262 1870 2284 1871 2262 1871 2283 1871 2283 1872 2262 1872 2263 1872 2283 1872 2263 1872 2282 1872 2282 1873 2263 1873 2264 1873 2282 1873 2264 1873 2281 1873 2281 1874 2264 1874 2265 1874 2281 1874 2265 1874 2280 1874 2280 407 2265 407 2266 407 2280 407 2266 407 2279 407 2279 1875 2266 1875 2267 1875 2279 1875 2267 1875 2278 1875 2278 1876 2267 1876 2268 1876 2278 1877 2268 1877 2277 1877 2277 1878 2268 1878 2269 1878 2277 1878 2269 1878 2276 1878 2276 1879 2269 1879 2270 1879 2276 1880 2270 1880 2275 1880 2275 1881 2270 1881 2271 1881 2275 1882 2271 1882 2274 1882 2274 1883 2271 1883 2273 1883 2273 1883 2271 1883 2272 1883 2287 407 2259 407 2288 407 2288 408 2259 408 2286 408 2312 1593 2289 1593 2311 1593 2311 1545 2289 1545 2290 1545 2311 1547 2290 1547 2310 1547 2310 1884 2290 1884 2291 1884 2310 1587 2291 1587 2309 1587 2309 1587 2291 1587 2292 1587 2309 1842 2292 1842 2308 1842 2308 1842 2292 1842 2293 1842 2308 1550 2293 1550 2307 1550 2307 1550 2293 1550 2294 1550 2307 1844 2294 1844 2306 1844 2306 1885 2294 1885 2295 1885 2306 1584 2295 1584 2305 1584 2305 1886 2295 1886 2296 1886 2305 1553 2296 1553 2304 1553 2304 1553 2296 1553 2297 1553 2304 1602 2297 1602 2303 1602 2303 1602 2297 1602 2298 1602 2303 1582 2298 1582 2302 1582 2302 1582 2298 1582 2299 1582 2302 1887 2299 1887 2301 1887 2301 1557 2299 1557 2300 1557 2301 1558 2300 1558 2288 1558 2288 1559 2300 1559 2287 1559 2313 407 2289 407 2314 407 2314 407 2289 407 2312 407 2315 1 2313 1 2316 1 2316 1 2313 1 2314 1 2317 728 2315 728 2318 728 2318 728 2315 728 2316 728 2319 1 2317 1 2320 1 2320 1 2317 1 2318 1 2321 408 2319 408 2322 408 2322 409 2319 409 2320 409 2323 1 2321 1 2324 1 2324 1 2321 1 2322 1 2325 728 2323 728 2326 728 2326 728 2323 728 2324 728 2327 0 2325 0 2328 0 2328 0 2325 0 2326 0 2329 407 2327 407 2330 407 2330 407 2327 407 2328 407 2331 0 2329 0 2332 0 2332 0 2329 0 2330 0 2333 728 2331 728 2334 728 2334 728 2331 728 2332 728 2335 0 2333 0 2336 0 2336 0 2333 0 2334 0 2272 407 2335 407 2273 407 2273 407 2335 407 2336 407 2234 2 2328 2 2211 2 2211 2 2328 2 2326 2 2211 2 2326 2 2212 2 2212 2 2326 2 2213 2 2213 2 2326 2 2214 2 2214 1888 2326 1888 2215 1888 2215 2 2326 2 2216 2 2216 2 2326 2 2217 2 2217 2 2326 2 2218 2 2218 2 2326 2 2219 2 2219 1889 2326 1889 2220 1889 2220 2 2326 2 2166 2 2220 2 2166 2 2221 2 2221 2 2166 2 2165 2 2221 2 2165 2 2320 2 2320 2 2165 2 2164 2 2320 2 2164 2 2163 2 2234 1890 2233 1890 2328 1890 2328 2 2233 2 2232 2 2328 2 2232 2 2231 2 2231 2 2230 2 2328 2 2328 2 2230 2 2229 2 2328 2 2229 2 2228 2 2328 2 2228 2 2330 2 2330 1888 2228 1888 2227 1888 2330 2 2227 2 2226 2 2226 1890 2225 1890 2330 1890 2330 2 2225 2 2224 2 2330 2 2224 2 2223 2 2223 2 2222 2 2330 2 2330 1891 2222 1891 2221 1891 2330 2 2221 2 2320 2 2163 2 2186 2 2320 2 2320 1888 2186 1888 2185 1888 2320 2 2185 2 2184 2 2184 2 2183 2 2320 2 2320 2 2183 2 2182 2 2320 2 2182 2 2322 2 2322 2 2182 2 2181 2 2322 2 2181 2 2180 2 2180 2 2179 2 2322 2 2322 2 2179 2 2178 2 2322 2 2178 2 2177 2 2177 1888 2176 1888 2322 1888 2322 2 2176 2 2175 2 2322 2 2175 2 2324 2 2324 2 2175 2 2174 2 2324 2 2174 2 2173 2 2173 2 2172 2 2324 2 2324 2 2172 2 2171 2 2324 1888 2171 1888 2170 1888 2170 2 2169 2 2324 2 2324 2 2169 2 2168 2 2324 2 2168 2 2167 2 2167 2 2166 2 2324 2 2324 2 2166 2 2326 2 2273 2 2336 2 2274 2 2274 2 2336 2 2334 2 2274 2 2334 2 2275 2 2275 2 2334 2 2276 2 2276 2 2334 2 2277 2 2277 1888 2334 1888 2278 1888 2278 2 2334 2 2279 2 2279 2 2334 2 2280 2 2280 1892 2334 1892 2281 1892 2281 2 2334 2 2332 2 2281 1890 2332 1890 2282 1890 2282 2 2332 2 2283 2 2283 2 2332 2 2284 2 2284 1888 2332 1888 2285 1888 2285 1890 2332 1890 2286 1890 2286 2 2332 2 2288 2 2288 2 2332 2 2318 2 2288 2 2318 2 2301 2 2301 2 2318 2 2302 2 2302 1890 2318 1890 2303 1890 2303 2 2318 2 2304 2 2304 2 2318 2 2305 2 2305 2 2318 2 2316 2 2305 2 2316 2 2306 2 2306 2 2316 2 2307 2 2307 2 2316 2 2308 2 2308 1890 2316 1890 2309 1890 2309 1888 2316 1888 2310 1888 2310 1888 2316 1888 2311 1888 2311 2 2316 2 2312 2 2312 2 2316 2 2314 2 2318 2 2332 2 2320 2 2320 2 2332 2 2330 2 2258 1442 2325 1442 2235 1442 2235 1442 2325 1442 2327 1442 2235 1442 2327 1442 2236 1442 2236 1893 2327 1893 2237 1893 2237 1442 2327 1442 2238 1442 2238 1442 2327 1442 2239 1442 2239 1442 2327 1442 2240 1442 2240 1442 2327 1442 2241 1442 2241 1442 2327 1442 2242 1442 2242 1442 2327 1442 2329 1442 2242 1894 2329 1894 2243 1894 2243 1442 2329 1442 2244 1442 2244 1893 2329 1893 2245 1893 2245 1893 2329 1893 2246 1893 2246 1894 2329 1894 2247 1894 2247 1442 2329 1442 2248 1442 2248 1895 2329 1895 2249 1895 2249 1442 2329 1442 2319 1442 2249 1442 2319 1442 2209 1442 2209 1442 2319 1442 2210 1442 2210 1442 2319 1442 2187 1442 2187 1442 2319 1442 2188 1442 2188 1894 2319 1894 2189 1894 2189 1442 2319 1442 2190 1442 2190 1442 2319 1442 2191 1442 2191 1442 2319 1442 2192 1442 2192 1442 2319 1442 2321 1442 2192 1442 2321 1442 2193 1442 2193 1442 2321 1442 2194 1442 2194 1442 2321 1442 2195 1442 2195 1442 2321 1442 2196 1442 2196 1442 2321 1442 2197 1442 2197 1894 2321 1894 2198 1894 2198 1442 2321 1442 2199 1442 2199 1442 2321 1442 2323 1442 2199 1442 2323 1442 2200 1442 2200 1442 2323 1442 2201 1442 2201 1442 2323 1442 2202 1442 2202 1442 2323 1442 2203 1442 2203 1894 2323 1894 2204 1894 2204 1442 2323 1442 2205 1442 2205 1442 2323 1442 2206 1442 2206 1442 2323 1442 2207 1442 2207 1442 2323 1442 2208 1442 2208 1442 2323 1442 2325 1442 2208 1442 2325 1442 2250 1442 2250 1896 2325 1896 2251 1896 2251 1442 2325 1442 2252 1442 2252 1442 2325 1442 2253 1442 2253 1442 2325 1442 2254 1442 2254 1442 2325 1442 2255 1442 2255 1894 2325 1894 2256 1894 2256 1442 2325 1442 2257 1442 2257 1442 2325 1442 2258 1442 2250 1442 2249 1442 2208 1442 2208 1442 2249 1442 2209 1442 2272 1442 2271 1442 2335 1442 2335 1442 2271 1442 2333 1442 2333 1442 2271 1442 2270 1442 2333 1442 2270 1442 2269 1442 2269 1442 2268 1442 2333 1442 2333 1442 2268 1442 2267 1442 2333 1442 2267 1442 2266 1442 2266 1442 2265 1442 2333 1442 2333 1897 2265 1897 2264 1897 2333 1442 2264 1442 2331 1442 2331 1442 2264 1442 2263 1442 2331 1442 2263 1442 2262 1442 2262 1442 2261 1442 2331 1442 2331 1442 2261 1442 2260 1442 2331 1442 2260 1442 2259 1442 2259 1442 2287 1442 2331 1442 2331 1442 2287 1442 2317 1442 2331 1442 2317 1442 2329 1442 2329 1442 2317 1442 2319 1442 2287 1442 2300 1442 2317 1442 2317 1442 2300 1442 2299 1442 2317 1442 2299 1442 2298 1442 2298 1442 2297 1442 2317 1442 2317 1442 2297 1442 2296 1442 2317 1442 2296 1442 2315 1442 2315 1442 2296 1442 2295 1442 2315 1442 2295 1442 2294 1442 2294 1442 2293 1442 2315 1442 2315 1442 2293 1442 2292 1442 2315 1442 2292 1442 2291 1442 2291 1894 2290 1894 2315 1894 2315 1894 2290 1894 2289 1894 2315 1442 2289 1442 2313 1442 2338 407 2402 407 2337 407 2337 407 2402 407 2403 407 2337 407 2403 407 2438 407 2438 407 2403 407 2437 407 2437 407 2403 407 2404 407 2437 407 2404 407 2436 407 2436 407 2404 407 2435 407 2435 407 2404 407 2434 407 2434 407 2404 407 2433 407 2433 407 2404 407 2405 407 2433 407 2405 407 2407 407 2407 407 2405 407 2406 407 2339 407 2531 407 2338 407 2338 407 2531 407 2534 407 2338 407 2534 407 2535 407 2340 407 2359 407 2339 407 2339 407 2359 407 2527 407 2339 407 2527 407 2528 407 2341 407 2459 407 2340 407 2340 407 2459 407 2460 407 2340 407 2460 407 2358 407 2358 407 2460 407 2461 407 2358 407 2461 407 2357 407 2357 407 2461 407 2462 407 2357 407 2462 407 2463 407 2342 407 2455 407 2341 407 2341 407 2455 407 2456 407 2341 407 2456 407 2457 407 2343 407 2344 407 2342 407 2342 407 2344 407 2455 407 2455 407 2344 407 2454 407 2454 407 2344 407 2345 407 2454 407 2345 407 2453 407 2453 407 2345 407 2346 407 2453 407 2346 407 2451 407 2451 407 2346 407 2450 407 2450 407 2346 407 2347 407 2450 407 2347 407 2449 407 2449 407 2347 407 2348 407 2449 407 2348 407 2349 407 2349 407 2350 407 2449 407 2449 407 2350 407 2351 407 2449 407 2351 407 2448 407 2448 407 2351 407 2352 407 2448 407 2352 407 2447 407 2447 407 2352 407 2445 407 2447 407 2445 407 2446 407 2352 407 2353 407 2445 407 2445 407 2353 407 2444 407 2444 407 2353 407 2354 407 2444 407 2354 407 2443 407 2443 407 2354 407 2356 407 2443 407 2356 407 2357 407 2354 407 2355 407 2356 407 2358 407 2359 407 2340 407 2360 407 2523 407 2359 407 2359 407 2523 407 2526 407 2359 407 2526 407 2527 407 2361 407 2379 407 2360 407 2360 407 2379 407 2380 407 2360 407 2380 407 2519 407 2519 407 2380 407 2518 407 2518 407 2380 407 2515 407 2518 407 2515 407 2516 407 2362 407 2481 407 2361 407 2361 407 2481 407 2482 407 2361 407 2482 407 2379 407 2379 407 2482 407 2483 407 2379 407 2483 407 2378 407 2378 407 2483 407 2484 407 2378 407 2484 407 2485 407 2363 407 2477 407 2362 407 2362 407 2477 407 2478 407 2362 407 2478 407 2479 407 2364 407 2365 407 2363 407 2363 407 2365 407 2477 407 2477 407 2365 407 2476 407 2476 407 2365 407 2366 407 2476 407 2366 407 2475 407 2475 407 2366 407 2367 407 2475 407 2367 407 2473 407 2473 407 2367 407 2472 407 2472 407 2367 407 2368 407 2472 407 2368 407 2471 407 2471 407 2368 407 2369 407 2471 407 2369 407 2370 407 2370 407 2371 407 2471 407 2471 407 2371 407 2372 407 2471 407 2372 407 2470 407 2470 407 2372 407 2373 407 2470 407 2373 407 2469 407 2469 407 2373 407 2467 407 2469 407 2467 407 2468 407 2373 407 2374 407 2467 407 2467 407 2374 407 2466 407 2466 407 2374 407 2375 407 2466 407 2375 407 2465 407 2465 407 2375 407 2377 407 2465 407 2377 407 2378 407 2375 407 2376 407 2377 407 2380 407 2381 407 2515 407 2515 407 2381 407 2512 407 2515 407 2512 407 2514 407 2514 407 2512 407 2513 407 2382 407 2401 407 2381 407 2381 407 2401 407 2511 407 2381 407 2511 407 2512 407 2383 407 2503 407 2382 407 2382 407 2503 407 2504 407 2382 407 2504 407 2400 407 2400 407 2504 407 2505 407 2400 407 2505 407 2399 407 2399 407 2505 407 2506 407 2399 407 2506 407 2507 407 2384 407 2499 407 2383 407 2383 407 2499 407 2500 407 2383 407 2500 407 2501 407 2385 407 2386 407 2384 407 2384 407 2386 407 2499 407 2499 407 2386 407 2498 407 2498 407 2386 407 2387 407 2498 407 2387 407 2497 407 2497 407 2387 407 2388 407 2497 407 2388 407 2495 407 2495 407 2388 407 2494 407 2494 407 2388 407 2389 407 2494 407 2389 407 2493 407 2493 407 2389 407 2390 407 2493 407 2390 407 2391 407 2391 407 2392 407 2493 407 2493 407 2392 407 2393 407 2493 407 2393 407 2492 407 2492 407 2393 407 2394 407 2492 407 2394 407 2491 407 2491 407 2394 407 2489 407 2491 407 2489 407 2490 407 2394 407 2395 407 2489 407 2489 407 2395 407 2488 407 2488 407 2395 407 2396 407 2488 407 2396 407 2487 407 2487 407 2396 407 2398 407 2487 407 2398 407 2399 407 2396 407 2397 407 2398 407 2400 407 2401 407 2382 407 2402 407 2539 407 2401 407 2401 407 2539 407 2510 407 2401 407 2510 407 2511 407 2433 407 2407 407 2432 407 2432 407 2407 407 2408 407 2432 407 2408 407 2431 407 2431 407 2408 407 2409 407 2431 407 2409 407 2429 407 2429 407 2409 407 2428 407 2428 407 2409 407 2410 407 2428 407 2410 407 2427 407 2427 407 2410 407 2411 407 2427 407 2411 407 2412 407 2412 407 2413 407 2427 407 2427 407 2413 407 2414 407 2427 407 2414 407 2426 407 2426 407 2414 407 2415 407 2426 407 2415 407 2425 407 2425 407 2415 407 2423 407 2425 407 2423 407 2424 407 2415 407 2416 407 2423 407 2423 407 2416 407 2422 407 2422 407 2416 407 2417 407 2422 407 2417 407 2421 407 2421 407 2417 407 2419 407 2421 407 2419 407 2420 407 2417 407 2418 407 2419 407 2337 407 2439 407 2420 407 2420 407 2439 407 2440 407 2420 407 2440 407 2441 407 2429 407 2430 407 2431 407 2438 407 2439 407 2337 407 2441 407 2442 407 2420 407 2420 407 2442 407 2421 407 2451 407 2452 407 2453 407 2457 407 2458 407 2341 407 2341 407 2458 407 2459 407 2463 407 2464 407 2357 407 2357 407 2464 407 2443 407 2473 407 2474 407 2475 407 2479 409 2480 409 2362 409 2362 407 2480 407 2481 407 2485 407 2486 407 2378 407 2378 407 2486 407 2465 407 2495 407 2496 407 2497 407 2501 407 2502 407 2383 407 2383 407 2502 407 2503 407 2507 407 2508 407 2399 407 2399 407 2508 407 2487 407 2509 407 2510 407 2540 407 2540 407 2510 407 2539 407 2516 407 2517 407 2518 407 2519 407 2520 407 2360 407 2360 407 2520 407 2523 407 2521 407 2522 407 2520 407 2520 407 2522 407 2523 407 2523 407 2524 407 2526 407 2526 407 2524 407 2525 407 2529 407 2530 407 2528 407 2528 407 2530 407 2531 407 2528 407 2531 407 2339 407 2531 407 2532 407 2534 407 2534 407 2532 407 2533 407 2338 407 2535 407 2402 407 2402 407 2535 407 2536 407 2402 407 2536 407 2539 407 2539 407 2536 407 2538 407 2538 407 2536 407 2537 407 2524 1898 2546 1898 2525 1898 2525 1898 2546 1898 2547 1898 2525 1898 2547 1898 2548 1898 2548 1899 2547 1899 2574 1899 2548 1899 2574 1899 2575 1899 2575 1900 2574 1900 2601 1900 2575 1900 2601 1900 2602 1900 2602 1901 2601 1901 2521 1901 2602 1901 2521 1901 2603 1901 2603 1902 2521 1902 2604 1902 2603 1900 2604 1900 2577 1900 2577 1900 2604 1900 2578 1900 2577 1899 2578 1899 2551 1899 2551 1899 2578 1899 2552 1899 2551 1903 2552 1903 2525 1903 2525 1904 2552 1904 2553 1904 2525 1904 2553 1904 2554 1904 2554 1899 2553 1899 2580 1899 2554 1899 2580 1899 2581 1899 2581 1900 2580 1900 2607 1900 2581 1900 2607 1900 2608 1900 2608 1905 2607 1905 2521 1905 2608 1901 2521 1901 2609 1901 2609 1905 2521 1905 2610 1905 2609 1900 2610 1900 2583 1900 2583 1900 2610 1900 2584 1900 2583 1899 2584 1899 2557 1899 2557 1899 2584 1899 2558 1899 2557 1904 2558 1904 2525 1904 2525 1903 2558 1903 2559 1903 2525 1898 2559 1898 2545 1898 2545 1904 2559 1904 2560 1904 2545 1904 2560 1904 2561 1904 2561 1899 2560 1899 2587 1899 2561 1899 2587 1899 2588 1899 2588 1900 2587 1900 2614 1900 2588 1900 2614 1900 2615 1900 2615 1905 2614 1905 2541 1905 2615 1901 2541 1901 2616 1901 2616 1905 2541 1905 2617 1905 2616 1900 2617 1900 2590 1900 2590 1900 2617 1900 2591 1900 2590 1899 2591 1899 2564 1899 2564 1899 2591 1899 2565 1899 2564 1904 2565 1904 2545 1904 2545 1906 2565 1906 2566 1906 2545 1898 2566 1898 2567 1898 2567 1899 2566 1899 2593 1899 2567 1899 2593 1899 2594 1899 2594 1900 2593 1900 2620 1900 2594 1900 2620 1900 2621 1900 2621 1901 2620 1901 2541 1901 2621 1901 2541 1901 2622 1901 2622 1905 2541 1905 2623 1905 2622 1900 2623 1900 2596 1900 2596 1900 2623 1900 2597 1900 2596 1899 2597 1899 2570 1899 2570 1899 2597 1899 2571 1899 2570 1904 2571 1904 2545 1904 2545 1898 2571 1898 2544 1898 2544 1899 2571 1899 2543 1899 2543 1899 2571 1899 2597 1899 2543 1900 2597 1900 2542 1900 2542 1900 2597 1900 2623 1900 2542 1901 2623 1901 2541 1901 2546 1899 2524 1899 2572 1899 2572 1899 2524 1899 2523 1899 2572 1900 2523 1900 2598 1900 2598 1900 2523 1900 2522 1900 2598 1901 2522 1901 2521 1901 2521 1901 2541 1901 2610 1901 2610 1907 2541 1907 2611 1907 2610 1900 2611 1900 2584 1900 2584 1900 2611 1900 2585 1900 2584 1899 2585 1899 2558 1899 2558 1899 2585 1899 2559 1899 2547 1899 2546 1899 2573 1899 2573 1899 2546 1899 2572 1899 2573 1900 2572 1900 2599 1900 2599 1900 2572 1900 2598 1900 2599 1901 2598 1901 2521 1901 2548 1898 2549 1898 2525 1898 2525 1898 2549 1898 2550 1898 2525 1898 2550 1898 2551 1898 2551 1899 2550 1899 2577 1899 2548 1899 2575 1899 2549 1899 2549 1899 2575 1899 2576 1899 2549 1899 2576 1899 2550 1899 2550 1899 2576 1899 2577 1899 2553 1899 2552 1899 2579 1899 2579 1899 2552 1899 2578 1899 2579 1900 2578 1900 2605 1900 2605 1900 2578 1900 2604 1900 2605 1905 2604 1905 2521 1905 2554 1903 2555 1903 2525 1903 2525 1904 2555 1904 2556 1904 2525 1908 2556 1908 2557 1908 2557 1899 2556 1899 2583 1899 2554 1899 2581 1899 2555 1899 2555 1899 2581 1899 2582 1899 2555 1899 2582 1899 2556 1899 2556 1899 2582 1899 2583 1899 2560 1899 2559 1899 2586 1899 2586 1899 2559 1899 2585 1899 2586 1900 2585 1900 2612 1900 2612 1900 2585 1900 2611 1900 2612 1901 2611 1901 2541 1901 2561 1903 2562 1903 2545 1903 2545 1904 2562 1904 2563 1904 2545 1908 2563 1908 2564 1908 2564 1899 2563 1899 2590 1899 2561 1899 2588 1899 2562 1899 2562 1899 2588 1899 2589 1899 2562 1899 2589 1899 2563 1899 2563 1899 2589 1899 2590 1899 2566 1899 2565 1899 2592 1899 2592 1899 2565 1899 2591 1899 2592 1900 2591 1900 2618 1900 2618 1900 2591 1900 2617 1900 2618 1902 2617 1902 2541 1902 2567 1898 2568 1898 2545 1898 2545 1898 2568 1898 2569 1898 2545 1898 2569 1898 2570 1898 2570 1899 2569 1899 2596 1899 2567 1899 2594 1899 2568 1899 2568 1899 2594 1899 2595 1899 2568 1899 2595 1899 2569 1899 2569 1899 2595 1899 2596 1899 2547 1899 2573 1899 2574 1899 2574 1900 2573 1900 2600 1900 2574 1900 2600 1900 2601 1900 2601 1901 2600 1901 2521 1901 2600 1900 2573 1900 2599 1900 2603 1900 2577 1900 2576 1900 2603 1900 2576 1900 2602 1900 2602 1900 2576 1900 2575 1900 2553 1899 2579 1899 2580 1899 2580 1900 2579 1900 2606 1900 2580 1900 2606 1900 2607 1900 2607 1901 2606 1901 2521 1901 2606 1900 2579 1900 2605 1900 2609 1900 2583 1900 2582 1900 2609 1900 2582 1900 2608 1900 2608 1900 2582 1900 2581 1900 2560 1899 2586 1899 2587 1899 2587 1900 2586 1900 2613 1900 2587 1900 2613 1900 2614 1900 2614 1901 2613 1901 2541 1901 2613 1900 2586 1900 2612 1900 2616 1900 2590 1900 2589 1900 2616 1900 2589 1900 2615 1900 2615 1900 2589 1900 2588 1900 2566 1899 2592 1899 2593 1899 2593 1900 2592 1900 2619 1900 2593 1900 2619 1900 2620 1900 2620 1901 2619 1901 2541 1901 2619 1900 2592 1900 2618 1900 2622 1900 2596 1900 2595 1900 2622 1900 2595 1900 2621 1900 2621 1900 2595 1900 2594 1900 2521 1901 2600 1901 2599 1901 2521 1905 2606 1905 2605 1905 2541 1905 2613 1905 2612 1905 2541 1901 2619 1901 2618 1901 2521 1909 2520 1909 2541 1909 2541 1909 2520 1909 2624 1909 2520 2 2519 2 2624 2 2624 2 2519 2 2625 2 2519 1 2518 1 2625 1 2625 1 2518 1 2626 1 2518 1910 2517 1910 2626 1910 2626 1910 2517 1910 2627 1910 2516 1911 2632 1911 2517 1911 2517 1911 2632 1911 2633 1911 2517 1911 2633 1911 2634 1911 2634 1912 2633 1912 2660 1912 2634 1912 2660 1912 2661 1912 2661 1913 2660 1913 2687 1913 2661 1913 2687 1913 2688 1913 2688 1914 2687 1914 2513 1914 2688 1915 2513 1915 2689 1915 2689 1915 2513 1915 2690 1915 2689 1913 2690 1913 2663 1913 2663 1913 2690 1913 2664 1913 2663 1912 2664 1912 2637 1912 2637 1912 2664 1912 2638 1912 2637 1911 2638 1911 2517 1911 2517 1911 2638 1911 2639 1911 2517 1911 2639 1911 2640 1911 2640 1912 2639 1912 2666 1912 2640 1912 2666 1912 2667 1912 2667 1913 2666 1913 2693 1913 2667 1913 2693 1913 2694 1913 2694 1915 2693 1915 2513 1915 2694 1915 2513 1915 2695 1915 2695 1915 2513 1915 2696 1915 2695 1913 2696 1913 2669 1913 2669 1913 2696 1913 2670 1913 2669 1912 2670 1912 2643 1912 2643 1912 2670 1912 2644 1912 2643 1911 2644 1911 2517 1911 2517 1911 2644 1911 2645 1911 2517 1911 2645 1911 2627 1911 2627 1911 2645 1911 2646 1911 2627 1911 2646 1911 2647 1911 2647 1912 2646 1912 2673 1912 2647 1912 2673 1912 2674 1912 2674 1913 2673 1913 2700 1913 2674 1913 2700 1913 2701 1913 2701 1915 2700 1915 2628 1915 2701 1915 2628 1915 2702 1915 2702 1915 2628 1915 2703 1915 2702 1913 2703 1913 2676 1913 2676 1913 2703 1913 2677 1913 2676 1912 2677 1912 2650 1912 2650 1912 2677 1912 2651 1912 2650 1911 2651 1911 2627 1911 2627 1911 2651 1911 2652 1911 2627 1911 2652 1911 2653 1911 2653 1912 2652 1912 2679 1912 2653 1912 2679 1912 2680 1912 2680 1913 2679 1913 2706 1913 2680 1913 2706 1913 2707 1913 2707 1915 2706 1915 2628 1915 2707 1915 2628 1915 2708 1915 2708 1915 2628 1915 2709 1915 2708 1913 2709 1913 2682 1913 2682 1913 2709 1913 2683 1913 2682 1912 2683 1912 2656 1912 2656 1912 2683 1912 2657 1912 2656 1911 2657 1911 2627 1911 2627 1911 2657 1911 2631 1911 2631 1912 2657 1912 2630 1912 2630 1912 2657 1912 2683 1912 2630 1913 2683 1913 2629 1913 2629 1913 2683 1913 2709 1913 2629 1915 2709 1915 2628 1915 2632 1912 2516 1912 2658 1912 2658 1912 2516 1912 2515 1912 2658 1913 2515 1913 2684 1913 2684 1913 2515 1913 2514 1913 2684 1915 2514 1915 2513 1915 2513 1915 2628 1915 2696 1915 2696 1915 2628 1915 2697 1915 2696 1913 2697 1913 2670 1913 2670 1913 2697 1913 2671 1913 2670 1912 2671 1912 2644 1912 2644 1912 2671 1912 2645 1912 2633 1912 2632 1912 2659 1912 2659 1912 2632 1912 2658 1912 2659 1913 2658 1913 2685 1913 2685 1913 2658 1913 2684 1913 2685 1915 2684 1915 2513 1915 2634 1911 2635 1911 2517 1911 2517 1911 2635 1911 2636 1911 2517 1911 2636 1911 2637 1911 2637 1912 2636 1912 2663 1912 2634 1912 2661 1912 2635 1912 2635 1912 2661 1912 2662 1912 2635 1912 2662 1912 2636 1912 2636 1912 2662 1912 2663 1912 2639 1912 2638 1912 2665 1912 2665 1912 2638 1912 2664 1912 2665 1913 2664 1913 2691 1913 2691 1913 2664 1913 2690 1913 2691 1915 2690 1915 2513 1915 2640 1911 2641 1911 2517 1911 2517 1911 2641 1911 2642 1911 2517 1911 2642 1911 2643 1911 2643 1912 2642 1912 2669 1912 2640 1912 2667 1912 2641 1912 2641 1912 2667 1912 2668 1912 2641 1912 2668 1912 2642 1912 2642 1912 2668 1912 2669 1912 2646 1912 2645 1912 2672 1912 2672 1912 2645 1912 2671 1912 2672 1913 2671 1913 2698 1913 2698 1913 2671 1913 2697 1913 2698 1916 2697 1916 2628 1916 2647 1911 2648 1911 2627 1911 2627 1911 2648 1911 2649 1911 2627 1917 2649 1917 2650 1917 2650 1912 2649 1912 2676 1912 2647 1912 2674 1912 2648 1912 2648 1912 2674 1912 2675 1912 2648 1912 2675 1912 2649 1912 2649 1912 2675 1912 2676 1912 2652 1912 2651 1912 2678 1912 2678 1912 2651 1912 2677 1912 2678 1913 2677 1913 2704 1913 2704 1913 2677 1913 2703 1913 2704 1915 2703 1915 2628 1915 2653 1917 2654 1917 2627 1917 2627 1911 2654 1911 2655 1911 2627 1911 2655 1911 2656 1911 2656 1912 2655 1912 2682 1912 2653 1912 2680 1912 2654 1912 2654 1912 2680 1912 2681 1912 2654 1912 2681 1912 2655 1912 2655 1912 2681 1912 2682 1912 2633 1912 2659 1912 2660 1912 2660 1913 2659 1913 2686 1913 2660 1913 2686 1913 2687 1913 2687 1915 2686 1915 2513 1915 2686 1913 2659 1913 2685 1913 2689 1913 2663 1913 2662 1913 2689 1913 2662 1913 2688 1913 2688 1913 2662 1913 2661 1913 2639 1912 2665 1912 2666 1912 2666 1913 2665 1913 2692 1913 2666 1913 2692 1913 2693 1913 2693 1916 2692 1916 2513 1916 2692 1913 2665 1913 2691 1913 2695 1913 2669 1913 2668 1913 2695 1913 2668 1913 2694 1913 2694 1913 2668 1913 2667 1913 2646 1912 2672 1912 2673 1912 2673 1913 2672 1913 2699 1913 2673 1913 2699 1913 2700 1913 2700 1914 2699 1914 2628 1914 2699 1913 2672 1913 2698 1913 2702 1913 2676 1913 2675 1913 2702 1913 2675 1913 2701 1913 2701 1913 2675 1913 2674 1913 2652 1912 2678 1912 2679 1912 2679 1913 2678 1913 2705 1913 2679 1913 2705 1913 2706 1913 2706 1915 2705 1915 2628 1915 2705 1913 2678 1913 2704 1913 2708 1913 2682 1913 2681 1913 2708 1913 2681 1913 2707 1913 2707 1913 2681 1913 2680 1913 2513 1915 2686 1915 2685 1915 2513 1914 2692 1914 2691 1914 2628 1915 2699 1915 2698 1915 2628 1915 2705 1915 2704 1915 2513 1918 2512 1918 2628 1918 2628 1918 2512 1918 2710 1918 2512 1 2511 1 2710 1 2710 1 2511 1 2711 1 2511 1442 2510 1442 2711 1442 2711 1442 2510 1442 2712 1442 2510 1919 2509 1919 2712 1919 2712 1919 2509 1919 2713 1919 2498 1 2497 1 2715 1 2715 1 2497 1 2714 1 2497 1442 2496 1442 2714 1442 2714 1442 2496 1442 2716 1442 2495 1432 2723 1432 2496 1432 2496 1432 2723 1432 2724 1432 2496 1920 2724 1920 2725 1920 2725 1528 2724 1528 2763 1528 2725 1528 2763 1528 2764 1528 2764 1621 2763 1621 2802 1621 2764 1621 2802 1621 2803 1621 2803 1520 2802 1520 2841 1520 2803 1486 2841 1486 2842 1486 2842 1439 2841 1439 2880 1439 2842 1439 2880 1439 2881 1439 2881 1440 2880 1440 2490 1440 2881 1921 2490 1921 2882 1921 2882 1922 2490 1922 2883 1922 2882 1439 2883 1439 2844 1439 2844 1487 2883 1487 2845 1487 2844 1486 2845 1486 2806 1486 2806 1520 2845 1520 2807 1520 2806 1621 2807 1621 2768 1621 2768 1621 2807 1621 2769 1621 2768 1528 2769 1528 2730 1528 2730 1528 2769 1528 2731 1528 2730 1432 2731 1432 2496 1432 2496 1920 2731 1920 2732 1920 2496 1920 2732 1920 2733 1920 2733 1528 2732 1528 2771 1528 2733 1528 2771 1528 2772 1528 2772 1621 2771 1621 2810 1621 2772 1621 2810 1621 2811 1621 2811 1520 2810 1520 2849 1520 2811 1486 2849 1486 2850 1486 2850 1439 2849 1439 2888 1439 2850 1439 2888 1439 2889 1439 2889 1921 2888 1921 2490 1921 2889 1921 2490 1921 2890 1921 2890 1923 2490 1923 2891 1923 2890 1439 2891 1439 2852 1439 2852 1439 2891 1439 2853 1439 2852 1486 2853 1486 2814 1486 2814 1520 2853 1520 2815 1520 2814 1621 2815 1621 2776 1621 2776 1621 2815 1621 2777 1621 2776 1528 2777 1528 2738 1528 2738 1528 2777 1528 2739 1528 2738 1924 2739 1924 2496 1924 2496 1431 2739 1431 2740 1431 2496 1925 2740 1925 2741 1925 2741 1528 2740 1528 2779 1528 2741 1528 2779 1528 2780 1528 2780 1621 2779 1621 2818 1621 2780 1621 2818 1621 2819 1621 2819 1926 2818 1926 2857 1926 2819 1520 2857 1520 2858 1520 2858 1487 2857 1487 2896 1487 2858 1439 2896 1439 2897 1439 2897 1927 2896 1927 2717 1927 2897 1921 2717 1921 2898 1921 2898 1921 2717 1921 2899 1921 2898 1487 2899 1487 2860 1487 2860 1439 2899 1439 2861 1439 2860 1486 2861 1486 2822 1486 2822 1926 2861 1926 2823 1926 2822 1621 2823 1621 2784 1621 2784 1621 2823 1621 2785 1621 2784 1528 2785 1528 2746 1528 2746 1528 2785 1528 2747 1528 2746 1432 2747 1432 2716 1432 2716 1920 2747 1920 2748 1920 2716 1920 2748 1920 2749 1920 2749 1528 2748 1528 2787 1528 2749 1528 2787 1528 2788 1528 2788 1621 2787 1621 2826 1621 2788 1621 2826 1621 2827 1621 2827 1926 2826 1926 2865 1926 2827 1486 2865 1486 2866 1486 2866 1439 2865 1439 2904 1439 2866 1487 2904 1487 2905 1487 2905 1922 2904 1922 2717 1922 2905 1928 2717 1928 2906 1928 2906 1440 2717 1440 2907 1440 2906 1487 2907 1487 2868 1487 2868 1439 2907 1439 2869 1439 2868 1522 2869 1522 2830 1522 2830 1520 2869 1520 2831 1520 2830 1621 2831 1621 2792 1621 2792 1621 2831 1621 2793 1621 2792 1484 2793 1484 2754 1484 2754 1528 2793 1528 2755 1528 2754 1432 2755 1432 2716 1432 2716 1920 2755 1920 2756 1920 2716 1432 2756 1432 2757 1432 2757 1484 2756 1484 2795 1484 2757 1528 2795 1528 2796 1528 2796 1621 2795 1621 2834 1621 2796 1621 2834 1621 2835 1621 2835 1926 2834 1926 2873 1926 2835 1522 2873 1522 2874 1522 2874 1439 2873 1439 2912 1439 2874 1487 2912 1487 2718 1487 2718 1441 2912 1441 2717 1441 2717 1615 2912 1615 2911 1615 2717 1929 2911 1929 2910 1929 2910 1439 2911 1439 2872 1439 2910 1487 2872 1487 2871 1487 2871 1486 2872 1486 2833 1486 2871 1520 2833 1520 2832 1520 2832 1621 2833 1621 2794 1621 2832 1621 2794 1621 2793 1621 2793 1528 2794 1528 2755 1528 2723 1528 2495 1528 2761 1528 2761 1528 2495 1528 2494 1528 2761 1621 2494 1621 2799 1621 2799 1621 2494 1621 2493 1621 2799 1520 2493 1520 2837 1520 2837 1486 2493 1486 2492 1486 2837 1439 2492 1439 2875 1439 2875 1439 2492 1439 2491 1439 2875 1441 2491 1441 2490 1441 2717 1441 2893 1441 2490 1441 2490 1921 2893 1921 2892 1921 2490 1921 2892 1921 2891 1921 2891 1439 2892 1439 2853 1439 2718 1487 2719 1487 2874 1487 2874 1520 2719 1520 2836 1520 2874 1520 2836 1520 2835 1520 2835 1621 2836 1621 2797 1621 2835 1621 2797 1621 2796 1621 2796 1484 2797 1484 2758 1484 2796 1484 2758 1484 2757 1484 2757 1432 2758 1432 2716 1432 2719 1520 2720 1520 2836 1520 2836 1621 2720 1621 2798 1621 2836 1621 2798 1621 2797 1621 2797 1528 2798 1528 2759 1528 2797 1528 2759 1528 2758 1528 2758 1920 2759 1920 2716 1920 2720 1621 2721 1621 2798 1621 2798 1528 2721 1528 2760 1528 2798 1484 2760 1484 2759 1484 2759 1432 2760 1432 2716 1432 2721 1484 2722 1484 2760 1484 2760 1432 2722 1432 2716 1432 2496 1432 2742 1432 2716 1432 2716 1925 2742 1925 2743 1925 2716 1431 2743 1431 2744 1431 2744 1528 2743 1528 2782 1528 2744 1528 2782 1528 2783 1528 2783 1621 2782 1621 2821 1621 2783 1621 2821 1621 2822 1621 2822 1520 2821 1520 2860 1520 2724 1528 2723 1528 2762 1528 2762 1528 2723 1528 2761 1528 2762 1621 2761 1621 2800 1621 2800 1621 2761 1621 2799 1621 2800 1520 2799 1520 2838 1520 2838 1486 2799 1486 2837 1486 2838 1439 2837 1439 2876 1439 2876 1439 2837 1439 2875 1439 2876 1441 2875 1441 2490 1441 2725 1432 2726 1432 2496 1432 2496 1920 2726 1920 2727 1920 2496 1920 2727 1920 2728 1920 2728 1528 2727 1528 2766 1528 2728 1528 2766 1528 2767 1528 2767 1621 2766 1621 2805 1621 2767 1621 2805 1621 2806 1621 2806 1520 2805 1520 2844 1520 2725 1484 2764 1484 2726 1484 2726 1528 2764 1528 2765 1528 2726 1528 2765 1528 2727 1528 2727 1528 2765 1528 2766 1528 2730 1432 2496 1432 2729 1432 2729 1432 2496 1432 2728 1432 2729 1528 2728 1528 2767 1528 2768 1528 2730 1528 2729 1528 2768 1528 2729 1528 2767 1528 2732 1528 2731 1528 2770 1528 2770 1528 2731 1528 2769 1528 2770 1621 2769 1621 2808 1621 2808 1621 2769 1621 2807 1621 2808 1520 2807 1520 2846 1520 2846 1486 2807 1486 2845 1486 2846 1439 2845 1439 2884 1439 2884 1439 2845 1439 2883 1439 2884 1921 2883 1921 2490 1921 2733 1432 2734 1432 2496 1432 2496 1920 2734 1920 2735 1920 2496 1920 2735 1920 2736 1920 2736 1528 2735 1528 2774 1528 2736 1528 2774 1528 2775 1528 2775 1621 2774 1621 2813 1621 2775 1621 2813 1621 2814 1621 2814 1520 2813 1520 2852 1520 2733 1484 2772 1484 2734 1484 2734 1528 2772 1528 2773 1528 2734 1528 2773 1528 2735 1528 2735 1528 2773 1528 2774 1528 2738 1432 2496 1432 2737 1432 2737 1431 2496 1431 2736 1431 2737 1528 2736 1528 2775 1528 2776 1528 2738 1528 2737 1528 2776 1528 2737 1528 2775 1528 2742 1432 2496 1432 2741 1432 2740 1528 2739 1528 2778 1528 2778 1528 2739 1528 2777 1528 2778 1621 2777 1621 2816 1621 2816 1621 2777 1621 2815 1621 2816 1520 2815 1520 2854 1520 2854 1486 2815 1486 2853 1486 2854 1439 2853 1439 2892 1439 2741 1528 2780 1528 2742 1528 2742 1528 2780 1528 2781 1528 2742 1528 2781 1528 2743 1528 2743 1528 2781 1528 2782 1528 2746 1432 2716 1432 2745 1432 2745 1924 2716 1924 2744 1924 2745 1528 2744 1528 2783 1528 2784 1528 2746 1528 2745 1528 2784 1528 2745 1528 2783 1528 2748 1528 2747 1528 2786 1528 2786 1528 2747 1528 2785 1528 2786 1621 2785 1621 2824 1621 2824 1621 2785 1621 2823 1621 2824 1520 2823 1520 2862 1520 2862 1486 2823 1486 2861 1486 2862 1487 2861 1487 2900 1487 2900 1439 2861 1439 2899 1439 2900 1921 2899 1921 2717 1921 2749 1432 2750 1432 2716 1432 2716 1920 2750 1920 2751 1920 2716 1920 2751 1920 2752 1920 2752 1484 2751 1484 2790 1484 2752 1528 2790 1528 2791 1528 2791 1621 2790 1621 2829 1621 2791 1621 2829 1621 2830 1621 2830 1520 2829 1520 2868 1520 2749 1528 2788 1528 2750 1528 2750 1528 2788 1528 2789 1528 2750 1528 2789 1528 2751 1528 2751 1528 2789 1528 2790 1528 2754 1432 2716 1432 2753 1432 2753 1432 2716 1432 2752 1432 2753 1528 2752 1528 2791 1528 2792 1484 2754 1484 2753 1484 2792 1528 2753 1528 2791 1528 2795 1528 2756 1528 2794 1528 2794 1484 2756 1484 2755 1484 2724 1528 2762 1528 2763 1528 2763 1621 2762 1621 2801 1621 2763 1621 2801 1621 2802 1621 2802 1520 2801 1520 2840 1520 2802 1486 2840 1486 2841 1486 2841 1439 2840 1439 2879 1439 2841 1439 2879 1439 2880 1439 2880 1440 2879 1440 2490 1440 2801 1621 2762 1621 2800 1621 2764 1621 2803 1621 2765 1621 2765 1621 2803 1621 2804 1621 2765 1621 2804 1621 2766 1621 2766 1621 2804 1621 2805 1621 2806 1621 2768 1621 2767 1621 2732 1528 2770 1528 2771 1528 2771 1621 2770 1621 2809 1621 2771 1621 2809 1621 2810 1621 2810 1520 2809 1520 2848 1520 2810 1486 2848 1486 2849 1486 2849 1439 2848 1439 2887 1439 2849 1439 2887 1439 2888 1439 2888 1922 2887 1922 2490 1922 2809 1621 2770 1621 2808 1621 2772 1621 2811 1621 2773 1621 2773 1621 2811 1621 2812 1621 2773 1621 2812 1621 2774 1621 2774 1621 2812 1621 2813 1621 2814 1621 2776 1621 2775 1621 2740 1528 2778 1528 2779 1528 2779 1621 2778 1621 2817 1621 2779 1621 2817 1621 2818 1621 2818 1520 2817 1520 2856 1520 2818 1486 2856 1486 2857 1486 2857 1439 2856 1439 2895 1439 2857 1439 2895 1439 2896 1439 2896 1921 2895 1921 2717 1921 2817 1621 2778 1621 2816 1621 2780 1621 2819 1621 2781 1621 2781 1621 2819 1621 2820 1621 2781 1621 2820 1621 2782 1621 2782 1621 2820 1621 2821 1621 2822 1621 2784 1621 2783 1621 2748 1528 2786 1528 2787 1528 2787 1621 2786 1621 2825 1621 2787 1621 2825 1621 2826 1621 2826 1520 2825 1520 2864 1520 2826 1486 2864 1486 2865 1486 2865 1487 2864 1487 2903 1487 2865 1487 2903 1487 2904 1487 2904 1921 2903 1921 2717 1921 2825 1621 2786 1621 2824 1621 2788 1621 2827 1621 2789 1621 2789 1621 2827 1621 2828 1621 2789 1621 2828 1621 2790 1621 2790 1621 2828 1621 2829 1621 2830 1621 2792 1621 2791 1621 2832 1621 2793 1621 2831 1621 2834 1621 2795 1621 2833 1621 2833 1621 2795 1621 2794 1621 2801 1520 2800 1520 2839 1520 2839 1486 2800 1486 2838 1486 2839 1439 2838 1439 2877 1439 2877 1439 2838 1439 2876 1439 2877 1440 2876 1440 2490 1440 2803 1520 2842 1520 2804 1520 2804 1486 2842 1486 2843 1486 2804 1520 2843 1520 2805 1520 2805 1486 2843 1486 2844 1486 2809 1520 2808 1520 2847 1520 2847 1486 2808 1486 2846 1486 2847 1439 2846 1439 2885 1439 2885 1439 2846 1439 2884 1439 2885 1922 2884 1922 2490 1922 2811 1520 2850 1520 2812 1520 2812 1486 2850 1486 2851 1486 2812 1520 2851 1520 2813 1520 2813 1486 2851 1486 2852 1486 2817 1520 2816 1520 2855 1520 2855 1486 2816 1486 2854 1486 2855 1439 2854 1439 2893 1439 2893 1487 2854 1487 2892 1487 2819 1520 2858 1520 2820 1520 2820 1486 2858 1486 2859 1486 2820 1520 2859 1520 2821 1520 2821 1520 2859 1520 2860 1520 2825 1926 2824 1926 2863 1926 2863 1486 2824 1486 2862 1486 2863 1439 2862 1439 2901 1439 2901 1487 2862 1487 2900 1487 2901 1922 2900 1922 2717 1922 2827 1520 2866 1520 2828 1520 2828 1522 2866 1522 2867 1522 2828 1926 2867 1926 2829 1926 2829 1486 2867 1486 2868 1486 2832 1520 2831 1520 2870 1520 2870 1486 2831 1486 2869 1486 2870 1487 2869 1487 2908 1487 2908 1487 2869 1487 2907 1487 2908 1440 2907 1440 2717 1440 2873 1522 2834 1522 2872 1522 2872 1520 2834 1520 2833 1520 2801 1486 2839 1486 2840 1486 2840 1487 2839 1487 2878 1487 2840 1439 2878 1439 2879 1439 2879 1440 2878 1440 2490 1440 2878 1487 2839 1487 2877 1487 2882 1439 2844 1439 2843 1439 2882 1439 2843 1439 2881 1439 2881 1439 2843 1439 2842 1439 2809 1486 2847 1486 2848 1486 2848 1487 2847 1487 2886 1487 2848 1487 2886 1487 2887 1487 2887 1921 2886 1921 2490 1921 2886 1439 2847 1439 2885 1439 2890 1439 2852 1439 2851 1439 2890 1439 2851 1439 2889 1439 2889 1439 2851 1439 2850 1439 2817 1520 2855 1520 2856 1520 2856 1439 2855 1439 2894 1439 2856 1487 2894 1487 2895 1487 2895 1921 2894 1921 2717 1921 2894 1439 2855 1439 2893 1439 2898 1487 2860 1487 2859 1487 2898 1439 2859 1439 2897 1439 2897 1439 2859 1439 2858 1439 2825 1520 2863 1520 2864 1520 2864 1487 2863 1487 2902 1487 2864 1439 2902 1439 2903 1439 2903 1922 2902 1922 2717 1922 2902 1439 2863 1439 2901 1439 2906 1439 2868 1439 2867 1439 2906 1487 2867 1487 2905 1487 2905 1439 2867 1439 2866 1439 2832 1522 2870 1522 2871 1522 2871 1439 2870 1439 2909 1439 2871 1487 2909 1487 2910 1487 2910 1921 2909 1921 2717 1921 2909 1439 2870 1439 2908 1439 2912 1439 2873 1439 2911 1439 2911 1439 2873 1439 2872 1439 2490 1441 2878 1441 2877 1441 2490 1930 2886 1930 2885 1930 2717 1921 2894 1921 2893 1921 2717 1921 2902 1921 2901 1921 2717 1929 2909 1929 2908 1929 2490 1 2489 1 2717 1 2717 1 2489 1 2913 1 2489 1442 2488 1442 2913 1442 2913 1442 2488 1442 2914 1442 2488 0 2487 0 2914 0 2914 0 2487 0 2915 0 2476 2 2475 2 2917 2 2917 2 2475 2 2916 2 2475 1 2474 1 2916 1 2916 1 2474 1 2918 1 2473 1502 2925 1502 2474 1502 2474 1502 2925 1502 2926 1502 2474 1502 2926 1502 2927 1502 2927 1505 2926 1505 2965 1505 2927 1505 2965 1505 2966 1505 2966 1479 2965 1479 3004 1479 2966 1479 3004 1479 3005 1479 3005 1480 3004 1480 3043 1480 3005 1480 3043 1480 3044 1480 3044 1481 3043 1481 3082 1481 3044 1481 3082 1481 3083 1481 3083 1516 3082 1516 2468 1516 3083 1516 2468 1516 3084 1516 3084 1516 2468 1516 3085 1516 3084 1481 3085 1481 3046 1481 3046 1481 3085 1481 3047 1481 3046 1480 3047 1480 3008 1480 3008 1480 3047 1480 3009 1480 3008 1479 3009 1479 2970 1479 2970 1479 3009 1479 2971 1479 2970 1505 2971 1505 2932 1505 2932 1505 2971 1505 2933 1505 2932 1503 2933 1503 2474 1503 2474 1503 2933 1503 2934 1503 2474 1502 2934 1502 2935 1502 2935 1505 2934 1505 2973 1505 2935 1505 2973 1505 2974 1505 2974 1479 2973 1479 3012 1479 2974 1479 3012 1479 3013 1479 3013 1480 3012 1480 3051 1480 3013 1480 3051 1480 3052 1480 3052 1481 3051 1481 3090 1481 3052 1481 3090 1481 3091 1481 3091 1516 3090 1516 2468 1516 3091 1516 2468 1516 3092 1516 3092 1516 2468 1516 3093 1516 3092 1481 3093 1481 3054 1481 3054 1481 3093 1481 3055 1481 3054 1480 3055 1480 3016 1480 3016 1480 3055 1480 3017 1480 3016 1479 3017 1479 2978 1479 2978 1479 3017 1479 2979 1479 2978 1505 2979 1505 2940 1505 2940 1505 2979 1505 2941 1505 2940 1503 2941 1503 2474 1503 2474 1502 2941 1502 2942 1502 2474 1502 2942 1502 2943 1502 2943 1504 2942 1504 2981 1504 2943 1505 2981 1505 2982 1505 2982 1479 2981 1479 3020 1479 2982 1479 3020 1479 3021 1479 3021 1480 3020 1480 3059 1480 3021 1480 3059 1480 3060 1480 3060 1481 3059 1481 3098 1481 3060 1527 3098 1527 3099 1527 3099 1516 3098 1516 2919 1516 3099 1516 2919 1516 3100 1516 3100 1516 2919 1516 3101 1516 3100 1527 3101 1527 3062 1527 3062 1481 3101 1481 3063 1481 3062 1480 3063 1480 3024 1480 3024 1480 3063 1480 3025 1480 3024 1479 3025 1479 2986 1479 2986 1479 3025 1479 2987 1479 2986 1505 2987 1505 2948 1505 2948 1504 2987 1504 2949 1504 2948 1502 2949 1502 2918 1502 2918 1502 2949 1502 2950 1502 2918 1503 2950 1503 2951 1503 2951 1505 2950 1505 2989 1505 2951 1504 2989 1504 2990 1504 2990 1479 2989 1479 3028 1479 2990 1479 3028 1479 3029 1479 3029 1480 3028 1480 3067 1480 3029 1480 3067 1480 3068 1480 3068 1481 3067 1481 3106 1481 3068 1527 3106 1527 3107 1527 3107 1516 3106 1516 2919 1516 3107 1516 2919 1516 3108 1516 3108 1516 2919 1516 3109 1516 3108 1481 3109 1481 3070 1481 3070 1527 3109 1527 3071 1527 3070 1480 3071 1480 3032 1480 3032 1480 3071 1480 3033 1480 3032 1479 3033 1479 2994 1479 2994 1479 3033 1479 2995 1479 2994 1505 2995 1505 2956 1505 2956 1505 2995 1505 2957 1505 2956 1502 2957 1502 2918 1502 2918 1502 2957 1502 2958 1502 2918 1502 2958 1502 2959 1502 2959 1505 2958 1505 2997 1505 2959 1505 2997 1505 2998 1505 2998 1479 2997 1479 3036 1479 2998 1479 3036 1479 3037 1479 3037 1480 3036 1480 3075 1480 3037 1480 3075 1480 3076 1480 3076 1481 3075 1481 3114 1481 3076 1481 3114 1481 2920 1481 2920 1516 3114 1516 2919 1516 2919 1516 3114 1516 3113 1516 2919 1516 3113 1516 3112 1516 3112 1481 3113 1481 3074 1481 3112 1481 3074 1481 3073 1481 3073 1480 3074 1480 3035 1480 3073 1480 3035 1480 3034 1480 3034 1479 3035 1479 2996 1479 3034 1479 2996 1479 2995 1479 2995 1505 2996 1505 2957 1505 2925 1505 2473 1505 2963 1505 2963 1505 2473 1505 2472 1505 2963 1479 2472 1479 3001 1479 3001 1479 2472 1479 2471 1479 3001 1480 2471 1480 3039 1480 3039 1480 2471 1480 2470 1480 3039 1481 2470 1481 3077 1481 3077 1481 2470 1481 2469 1481 3077 1516 2469 1516 2468 1516 2919 1516 3095 1516 2468 1516 2468 1517 3095 1517 3094 1517 2468 1516 3094 1516 3093 1516 3093 1481 3094 1481 3055 1481 2920 1481 2921 1481 3076 1481 3076 1480 2921 1480 3038 1480 3076 1480 3038 1480 3037 1480 3037 1479 3038 1479 2999 1479 3037 1479 2999 1479 2998 1479 2998 1505 2999 1505 2960 1505 2998 1505 2960 1505 2959 1505 2959 1502 2960 1502 2918 1502 2921 1480 2922 1480 3038 1480 3038 1614 2922 1614 3000 1614 3038 1479 3000 1479 2999 1479 2999 1505 3000 1505 2961 1505 2999 1505 2961 1505 2960 1505 2960 1502 2961 1502 2918 1502 2922 1479 2923 1479 3000 1479 3000 1505 2923 1505 2962 1505 3000 1505 2962 1505 2961 1505 2961 1502 2962 1502 2918 1502 2923 1505 2924 1505 2962 1505 2962 1502 2924 1502 2918 1502 2474 1502 2944 1502 2918 1502 2918 1502 2944 1502 2945 1502 2918 1503 2945 1503 2946 1503 2946 1505 2945 1505 2984 1505 2946 1505 2984 1505 2985 1505 2985 1479 2984 1479 3023 1479 2985 1479 3023 1479 3024 1479 3024 1480 3023 1480 3062 1480 2926 1505 2925 1505 2964 1505 2964 1505 2925 1505 2963 1505 2964 1479 2963 1479 3002 1479 3002 1479 2963 1479 3001 1479 3002 1480 3001 1480 3040 1480 3040 1480 3001 1480 3039 1480 3040 1481 3039 1481 3078 1481 3078 1481 3039 1481 3077 1481 3078 1516 3077 1516 2468 1516 2927 1931 2928 1931 2474 1931 2474 1502 2928 1502 2929 1502 2474 1503 2929 1503 2930 1503 2930 1505 2929 1505 2968 1505 2930 1505 2968 1505 2969 1505 2969 1479 2968 1479 3007 1479 2969 1479 3007 1479 3008 1479 3008 1480 3007 1480 3046 1480 2927 1505 2966 1505 2928 1505 2928 1505 2966 1505 2967 1505 2928 1505 2967 1505 2929 1505 2929 1505 2967 1505 2968 1505 2932 1503 2474 1503 2931 1503 2931 1502 2474 1502 2930 1502 2931 1505 2930 1505 2969 1505 2970 1505 2932 1505 2931 1505 2970 1505 2931 1505 2969 1505 2934 1505 2933 1505 2972 1505 2972 1505 2933 1505 2971 1505 2972 1479 2971 1479 3010 1479 3010 1479 2971 1479 3009 1479 3010 1480 3009 1480 3048 1480 3048 1480 3009 1480 3047 1480 3048 1481 3047 1481 3086 1481 3086 1481 3047 1481 3085 1481 3086 1517 3085 1517 2468 1517 2935 1503 2936 1503 2474 1503 2474 1502 2936 1502 2937 1502 2474 1502 2937 1502 2938 1502 2938 1505 2937 1505 2976 1505 2938 1505 2976 1505 2977 1505 2977 1479 2976 1479 3015 1479 2977 1479 3015 1479 3016 1479 3016 1480 3015 1480 3054 1480 2935 1505 2974 1505 2936 1505 2936 1505 2974 1505 2975 1505 2936 1505 2975 1505 2937 1505 2937 1505 2975 1505 2976 1505 2940 1502 2474 1502 2939 1502 2939 1503 2474 1503 2938 1503 2939 1505 2938 1505 2977 1505 2978 1505 2940 1505 2939 1505 2978 1505 2939 1505 2977 1505 2944 1503 2474 1503 2943 1503 2942 1505 2941 1505 2980 1505 2980 1505 2941 1505 2979 1505 2980 1479 2979 1479 3018 1479 3018 1479 2979 1479 3017 1479 3018 1480 3017 1480 3056 1480 3056 1480 3017 1480 3055 1480 3056 1481 3055 1481 3094 1481 2943 1505 2982 1505 2944 1505 2944 1505 2982 1505 2983 1505 2944 1505 2983 1505 2945 1505 2945 1504 2983 1504 2984 1504 2948 1503 2918 1503 2947 1503 2947 1502 2918 1502 2946 1502 2947 1505 2946 1505 2985 1505 2986 1505 2948 1505 2947 1505 2986 1504 2947 1504 2985 1504 2950 1505 2949 1505 2988 1505 2988 1504 2949 1504 2987 1504 2988 1479 2987 1479 3026 1479 3026 1479 2987 1479 3025 1479 3026 1480 3025 1480 3064 1480 3064 1480 3025 1480 3063 1480 3064 1481 3063 1481 3102 1481 3102 1481 3063 1481 3101 1481 3102 1516 3101 1516 2919 1516 2951 1503 2952 1503 2918 1503 2918 1503 2952 1503 2953 1503 2918 1502 2953 1502 2954 1502 2954 1504 2953 1504 2992 1504 2954 1505 2992 1505 2993 1505 2993 1479 2992 1479 3031 1479 2993 1479 3031 1479 3032 1479 3032 1480 3031 1480 3070 1480 2951 1505 2990 1505 2952 1505 2952 1504 2990 1504 2991 1504 2952 1505 2991 1505 2953 1505 2953 1505 2991 1505 2992 1505 2956 1503 2918 1503 2955 1503 2955 1502 2918 1502 2954 1502 2955 1505 2954 1505 2993 1505 2994 1504 2956 1504 2955 1504 2994 1505 2955 1505 2993 1505 2997 1505 2958 1505 2996 1505 2996 1505 2958 1505 2957 1505 2926 1505 2964 1505 2965 1505 2965 1479 2964 1479 3003 1479 2965 1479 3003 1479 3004 1479 3004 1480 3003 1480 3042 1480 3004 1480 3042 1480 3043 1480 3043 1481 3042 1481 3081 1481 3043 1481 3081 1481 3082 1481 3082 1516 3081 1516 2468 1516 3003 1479 2964 1479 3002 1479 2966 1479 3005 1479 2967 1479 2967 1479 3005 1479 3006 1479 2967 1479 3006 1479 2968 1479 2968 1479 3006 1479 3007 1479 3008 1479 2970 1479 2969 1479 2934 1505 2972 1505 2973 1505 2973 1479 2972 1479 3011 1479 2973 1479 3011 1479 3012 1479 3012 1480 3011 1480 3050 1480 3012 1480 3050 1480 3051 1480 3051 1481 3050 1481 3089 1481 3051 1481 3089 1481 3090 1481 3090 1516 3089 1516 2468 1516 3011 1479 2972 1479 3010 1479 2974 1479 3013 1479 2975 1479 2975 1479 3013 1479 3014 1479 2975 1479 3014 1479 2976 1479 2976 1479 3014 1479 3015 1479 3016 1479 2978 1479 2977 1479 2942 1505 2980 1505 2981 1505 2981 1479 2980 1479 3019 1479 2981 1479 3019 1479 3020 1479 3020 1480 3019 1480 3058 1480 3020 1480 3058 1480 3059 1480 3059 1481 3058 1481 3097 1481 3059 1481 3097 1481 3098 1481 3098 1516 3097 1516 2919 1516 3019 1479 2980 1479 3018 1479 2982 1479 3021 1479 2983 1479 2983 1479 3021 1479 3022 1479 2983 1479 3022 1479 2984 1479 2984 1479 3022 1479 3023 1479 3024 1479 2986 1479 2985 1479 2950 1505 2988 1505 2989 1505 2989 1479 2988 1479 3027 1479 2989 1479 3027 1479 3028 1479 3028 1480 3027 1480 3066 1480 3028 1480 3066 1480 3067 1480 3067 1481 3066 1481 3105 1481 3067 1481 3105 1481 3106 1481 3106 1516 3105 1516 2919 1516 3027 1479 2988 1479 3026 1479 2990 1479 3029 1479 2991 1479 2991 1479 3029 1479 3030 1479 2991 1479 3030 1479 2992 1479 2992 1479 3030 1479 3031 1479 3032 1479 2994 1479 2993 1479 3034 1479 2995 1479 3033 1479 3036 1479 2997 1479 3035 1479 3035 1479 2997 1479 2996 1479 3003 1480 3002 1480 3041 1480 3041 1480 3002 1480 3040 1480 3041 1481 3040 1481 3079 1481 3079 1481 3040 1481 3078 1481 3079 1516 3078 1516 2468 1516 3005 1480 3044 1480 3006 1480 3006 1480 3044 1480 3045 1480 3006 1480 3045 1480 3007 1480 3007 1480 3045 1480 3046 1480 3011 1480 3010 1480 3049 1480 3049 1480 3010 1480 3048 1480 3049 1481 3048 1481 3087 1481 3087 1481 3048 1481 3086 1481 3087 1516 3086 1516 2468 1516 3013 1480 3052 1480 3014 1480 3014 1480 3052 1480 3053 1480 3014 1480 3053 1480 3015 1480 3015 1480 3053 1480 3054 1480 3019 1480 3018 1480 3057 1480 3057 1480 3018 1480 3056 1480 3057 1481 3056 1481 3095 1481 3095 1527 3056 1527 3094 1527 3021 1480 3060 1480 3022 1480 3022 1480 3060 1480 3061 1480 3022 1480 3061 1480 3023 1480 3023 1480 3061 1480 3062 1480 3027 1480 3026 1480 3065 1480 3065 1480 3026 1480 3064 1480 3065 1481 3064 1481 3103 1481 3103 1527 3064 1527 3102 1527 3103 1516 3102 1516 2919 1516 3029 1480 3068 1480 3030 1480 3030 1480 3068 1480 3069 1480 3030 1480 3069 1480 3031 1480 3031 1480 3069 1480 3070 1480 3034 1480 3033 1480 3072 1480 3072 1480 3033 1480 3071 1480 3072 1481 3071 1481 3110 1481 3110 1481 3071 1481 3109 1481 3110 1516 3109 1516 2919 1516 3075 1480 3036 1480 3074 1480 3074 1480 3036 1480 3035 1480 3003 1480 3041 1480 3042 1480 3042 1481 3041 1481 3080 1481 3042 1481 3080 1481 3081 1481 3081 1516 3080 1516 2468 1516 3080 1481 3041 1481 3079 1481 3084 1481 3046 1481 3045 1481 3084 1481 3045 1481 3083 1481 3083 1481 3045 1481 3044 1481 3011 1480 3049 1480 3050 1480 3050 1481 3049 1481 3088 1481 3050 1481 3088 1481 3089 1481 3089 1517 3088 1517 2468 1517 3088 1481 3049 1481 3087 1481 3092 1481 3054 1481 3053 1481 3092 1481 3053 1481 3091 1481 3091 1481 3053 1481 3052 1481 3019 1480 3057 1480 3058 1480 3058 1481 3057 1481 3096 1481 3058 1527 3096 1527 3097 1527 3097 1516 3096 1516 2919 1516 3096 1481 3057 1481 3095 1481 3100 1481 3062 1481 3061 1481 3100 1481 3061 1481 3099 1481 3099 1481 3061 1481 3060 1481 3027 1480 3065 1480 3066 1480 3066 1481 3065 1481 3104 1481 3066 1527 3104 1527 3105 1527 3105 1517 3104 1517 2919 1517 3104 1481 3065 1481 3103 1481 3108 1527 3070 1527 3069 1527 3108 1481 3069 1481 3107 1481 3107 1481 3069 1481 3068 1481 3034 1480 3072 1480 3073 1480 3073 1481 3072 1481 3111 1481 3073 1527 3111 1527 3112 1527 3112 1516 3111 1516 2919 1516 3111 1527 3072 1527 3110 1527 3114 1527 3075 1527 3113 1527 3113 1527 3075 1527 3074 1527 2468 1516 3080 1516 3079 1516 2468 1516 3088 1516 3087 1516 2919 1516 3096 1516 3095 1516 2919 1516 3104 1516 3103 1516 2919 1516 3111 1516 3110 1516 2468 2 2467 2 2919 2 2919 2 2467 2 3115 2 2467 1 2466 1 3115 1 3115 1 2466 1 3116 1 2466 1442 2465 1442 3116 1442 3116 1442 2465 1442 3117 1442 2454 0 2453 0 3119 0 3119 0 2453 0 3118 0 2453 2 2452 2 3118 2 3118 2 2452 2 3120 2 2451 1508 3127 1508 2452 1508 2452 1508 3127 1508 3128 1508 2452 1508 3128 1508 3129 1508 3129 1495 3128 1495 3167 1495 3129 1495 3167 1495 3168 1495 3168 1496 3167 1496 3206 1496 3168 1496 3206 1496 3207 1496 3207 1498 3206 1498 3245 1498 3207 1612 3245 1612 3246 1612 3246 1511 3245 1511 3284 1511 3246 1511 3284 1511 3285 1511 3285 1500 3284 1500 2446 1500 3285 1501 2446 1501 3286 1501 3286 1501 2446 1501 3287 1501 3286 1511 3287 1511 3248 1511 3248 1511 3287 1511 3249 1511 3248 1612 3249 1612 3210 1612 3210 1498 3249 1498 3211 1498 3210 1497 3211 1497 3172 1497 3172 1496 3211 1496 3173 1496 3172 1495 3173 1495 3134 1495 3134 1495 3173 1495 3135 1495 3134 1508 3135 1508 2452 1508 2452 1494 3135 1494 3136 1494 2452 1508 3136 1508 3137 1508 3137 1495 3136 1495 3175 1495 3137 1495 3175 1495 3176 1495 3176 1496 3175 1496 3214 1496 3176 1497 3214 1497 3215 1497 3215 1498 3214 1498 3253 1498 3215 1612 3253 1612 3254 1612 3254 1511 3253 1511 3292 1511 3254 1511 3292 1511 3293 1511 3293 1501 3292 1501 2446 1501 3293 1500 2446 1500 3294 1500 3294 1501 2446 1501 3295 1501 3294 1511 3295 1511 3256 1511 3256 1511 3295 1511 3257 1511 3256 1498 3257 1498 3218 1498 3218 1498 3257 1498 3219 1498 3218 1496 3219 1496 3180 1496 3180 1497 3219 1497 3181 1497 3180 1495 3181 1495 3142 1495 3142 1495 3181 1495 3143 1495 3142 1508 3143 1508 2452 1508 2452 1508 3143 1508 3144 1508 2452 1507 3144 1507 3145 1507 3145 1495 3144 1495 3183 1495 3145 1495 3183 1495 3184 1495 3184 1496 3183 1496 3222 1496 3184 1496 3222 1496 3223 1496 3223 1498 3222 1498 3261 1498 3223 1612 3261 1612 3262 1612 3262 1511 3261 1511 3300 1511 3262 1511 3300 1511 3301 1511 3301 1500 3300 1500 3121 1500 3301 1501 3121 1501 3302 1501 3302 1500 3121 1500 3303 1500 3302 1511 3303 1511 3264 1511 3264 1499 3303 1499 3265 1499 3264 1612 3265 1612 3226 1612 3226 1498 3265 1498 3227 1498 3226 1496 3227 1496 3188 1496 3188 1497 3227 1497 3189 1497 3188 1525 3189 1525 3150 1525 3150 1495 3189 1495 3151 1495 3150 1508 3151 1508 3120 1508 3120 1508 3151 1508 3152 1508 3120 1508 3152 1508 3153 1508 3153 1495 3152 1495 3191 1495 3153 1495 3191 1495 3192 1495 3192 1496 3191 1496 3230 1496 3192 1496 3230 1496 3231 1496 3231 1498 3230 1498 3269 1498 3231 1612 3269 1612 3270 1612 3270 1499 3269 1499 3308 1499 3270 1511 3308 1511 3309 1511 3309 1500 3308 1500 3121 1500 3309 1501 3121 1501 3310 1501 3310 1500 3121 1500 3311 1500 3310 1511 3311 1511 3272 1511 3272 1511 3311 1511 3273 1511 3272 1498 3273 1498 3234 1498 3234 1498 3273 1498 3235 1498 3234 1496 3235 1496 3196 1496 3196 1496 3235 1496 3197 1496 3196 1495 3197 1495 3158 1495 3158 1525 3197 1525 3159 1525 3158 1508 3159 1508 3120 1508 3120 1494 3159 1494 3160 1494 3120 1508 3160 1508 3161 1508 3161 1495 3160 1495 3199 1495 3161 1525 3199 1525 3200 1525 3200 1497 3199 1497 3238 1497 3200 1496 3238 1496 3239 1496 3239 1498 3238 1498 3277 1498 3239 1498 3277 1498 3278 1498 3278 1511 3277 1511 3316 1511 3278 1511 3316 1511 3122 1511 3122 1500 3316 1500 3121 1500 3121 1500 3316 1500 3315 1500 3121 1500 3315 1500 3314 1500 3314 1511 3315 1511 3276 1511 3314 1511 3276 1511 3275 1511 3275 1498 3276 1498 3237 1498 3275 1498 3237 1498 3236 1498 3236 1496 3237 1496 3198 1496 3236 1496 3198 1496 3197 1496 3197 1495 3198 1495 3159 1495 3127 1495 2451 1495 3165 1495 3165 1495 2451 1495 2450 1495 3165 1496 2450 1496 3203 1496 3203 1496 2450 1496 2449 1496 3203 1498 2449 1498 3241 1498 3241 1612 2449 1612 2448 1612 3241 1511 2448 1511 3279 1511 3279 1511 2448 1511 2447 1511 3279 1500 2447 1500 2446 1500 3121 1500 3297 1500 2446 1500 2446 1500 3297 1500 3296 1500 2446 1500 3296 1500 3295 1500 3295 1511 3296 1511 3257 1511 3122 1511 3123 1511 3278 1511 3278 1612 3123 1612 3240 1612 3278 1612 3240 1612 3239 1612 3239 1496 3240 1496 3201 1496 3239 1496 3201 1496 3200 1496 3200 1495 3201 1495 3162 1495 3200 1495 3162 1495 3161 1495 3161 1508 3162 1508 3120 1508 3123 1498 3124 1498 3240 1498 3240 1497 3124 1497 3202 1497 3240 1496 3202 1496 3201 1496 3201 1525 3202 1525 3163 1525 3201 1525 3163 1525 3162 1525 3162 1508 3163 1508 3120 1508 3124 1496 3125 1496 3202 1496 3202 1495 3125 1495 3164 1495 3202 1495 3164 1495 3163 1495 3163 1508 3164 1508 3120 1508 3125 1495 3126 1495 3164 1495 3164 1508 3126 1508 3120 1508 2452 1508 3146 1508 3120 1508 3120 1508 3146 1508 3147 1508 3120 1508 3147 1508 3148 1508 3148 1495 3147 1495 3186 1495 3148 1525 3186 1525 3187 1525 3187 1497 3186 1497 3225 1497 3187 1497 3225 1497 3226 1497 3226 1498 3225 1498 3264 1498 3128 1495 3127 1495 3166 1495 3166 1495 3127 1495 3165 1495 3166 1496 3165 1496 3204 1496 3204 1496 3165 1496 3203 1496 3204 1498 3203 1498 3242 1498 3242 1612 3203 1612 3241 1612 3242 1511 3241 1511 3280 1511 3280 1511 3241 1511 3279 1511 3280 1500 3279 1500 2446 1500 3129 1508 3130 1508 2452 1508 2452 1508 3130 1508 3131 1508 2452 1508 3131 1508 3132 1508 3132 1495 3131 1495 3170 1495 3132 1495 3170 1495 3171 1495 3171 1496 3170 1496 3209 1496 3171 1497 3209 1497 3210 1497 3210 1498 3209 1498 3248 1498 3129 1495 3168 1495 3130 1495 3130 1495 3168 1495 3169 1495 3130 1495 3169 1495 3131 1495 3131 1495 3169 1495 3170 1495 3134 1508 2452 1508 3133 1508 3133 1508 2452 1508 3132 1508 3133 1495 3132 1495 3171 1495 3172 1495 3134 1495 3133 1495 3172 1495 3133 1495 3171 1495 3136 1495 3135 1495 3174 1495 3174 1495 3135 1495 3173 1495 3174 1496 3173 1496 3212 1496 3212 1496 3173 1496 3211 1496 3212 1498 3211 1498 3250 1498 3250 1612 3211 1612 3249 1612 3250 1511 3249 1511 3288 1511 3288 1511 3249 1511 3287 1511 3288 1501 3287 1501 2446 1501 3137 1508 3138 1508 2452 1508 2452 1494 3138 1494 3139 1494 2452 1508 3139 1508 3140 1508 3140 1495 3139 1495 3178 1495 3140 1495 3178 1495 3179 1495 3179 1496 3178 1496 3217 1496 3179 1497 3217 1497 3218 1497 3218 1498 3217 1498 3256 1498 3137 1495 3176 1495 3138 1495 3138 1495 3176 1495 3177 1495 3138 1495 3177 1495 3139 1495 3139 1495 3177 1495 3178 1495 3142 1508 2452 1508 3141 1508 3141 1508 2452 1508 3140 1508 3141 1495 3140 1495 3179 1495 3180 1495 3142 1495 3141 1495 3180 1495 3141 1495 3179 1495 3146 1508 2452 1508 3145 1508 3144 1495 3143 1495 3182 1495 3182 1495 3143 1495 3181 1495 3182 1496 3181 1496 3220 1496 3220 1496 3181 1496 3219 1496 3220 1498 3219 1498 3258 1498 3258 1612 3219 1612 3257 1612 3258 1511 3257 1511 3296 1511 3145 1495 3184 1495 3146 1495 3146 1525 3184 1525 3185 1525 3146 1495 3185 1495 3147 1495 3147 1495 3185 1495 3186 1495 3150 1508 3120 1508 3149 1508 3149 1508 3120 1508 3148 1508 3149 1495 3148 1495 3187 1495 3188 1495 3150 1495 3149 1495 3188 1495 3149 1495 3187 1495 3152 1495 3151 1495 3190 1495 3190 1495 3151 1495 3189 1495 3190 1497 3189 1497 3228 1497 3228 1497 3189 1497 3227 1497 3228 1498 3227 1498 3266 1498 3266 1612 3227 1612 3265 1612 3266 1511 3265 1511 3304 1511 3304 1499 3265 1499 3303 1499 3304 1500 3303 1500 3121 1500 3153 1508 3154 1508 3120 1508 3120 1508 3154 1508 3155 1508 3120 1508 3155 1508 3156 1508 3156 1495 3155 1495 3194 1495 3156 1525 3194 1525 3195 1525 3195 1496 3194 1496 3233 1496 3195 1496 3233 1496 3234 1496 3234 1612 3233 1612 3272 1612 3153 1495 3192 1495 3154 1495 3154 1525 3192 1525 3193 1525 3154 1495 3193 1495 3155 1495 3155 1495 3193 1495 3194 1495 3158 1508 3120 1508 3157 1508 3157 1508 3120 1508 3156 1508 3157 1495 3156 1495 3195 1495 3196 1525 3158 1525 3157 1525 3196 1495 3157 1495 3195 1495 3199 1525 3160 1525 3198 1525 3198 1495 3160 1495 3159 1495 3128 1495 3166 1495 3167 1495 3167 1496 3166 1496 3205 1496 3167 1496 3205 1496 3206 1496 3206 1612 3205 1612 3244 1612 3206 1612 3244 1612 3245 1612 3245 1511 3244 1511 3283 1511 3245 1511 3283 1511 3284 1511 3284 1501 3283 1501 2446 1501 3205 1496 3166 1496 3204 1496 3168 1496 3207 1496 3169 1496 3169 1497 3207 1497 3208 1497 3169 1496 3208 1496 3170 1496 3170 1497 3208 1497 3209 1497 3210 1496 3172 1496 3171 1496 3136 1495 3174 1495 3175 1495 3175 1496 3174 1496 3213 1496 3175 1497 3213 1497 3214 1497 3214 1498 3213 1498 3252 1498 3214 1612 3252 1612 3253 1612 3253 1511 3252 1511 3291 1511 3253 1511 3291 1511 3292 1511 3292 1500 3291 1500 2446 1500 3213 1497 3174 1497 3212 1497 3176 1496 3215 1496 3177 1496 3177 1496 3215 1496 3216 1496 3177 1497 3216 1497 3178 1497 3178 1496 3216 1496 3217 1496 3218 1496 3180 1496 3179 1496 3144 1525 3182 1525 3183 1525 3183 1497 3182 1497 3221 1497 3183 1497 3221 1497 3222 1497 3222 1498 3221 1498 3260 1498 3222 1612 3260 1612 3261 1612 3261 1511 3260 1511 3299 1511 3261 1499 3299 1499 3300 1499 3300 1501 3299 1501 3121 1501 3221 1496 3182 1496 3220 1496 3184 1497 3223 1497 3185 1497 3185 1497 3223 1497 3224 1497 3185 1496 3224 1496 3186 1496 3186 1497 3224 1497 3225 1497 3226 1496 3188 1496 3187 1496 3152 1525 3190 1525 3191 1525 3191 1497 3190 1497 3229 1497 3191 1497 3229 1497 3230 1497 3230 1498 3229 1498 3268 1498 3230 1612 3268 1612 3269 1612 3269 1511 3268 1511 3307 1511 3269 1511 3307 1511 3308 1511 3308 1500 3307 1500 3121 1500 3229 1496 3190 1496 3228 1496 3192 1497 3231 1497 3193 1497 3193 1496 3231 1496 3232 1496 3193 1496 3232 1496 3194 1496 3194 1496 3232 1496 3233 1496 3234 1497 3196 1497 3195 1497 3236 1496 3197 1496 3235 1496 3238 1496 3199 1496 3237 1496 3237 1496 3199 1496 3198 1496 3205 1498 3204 1498 3243 1498 3243 1612 3204 1612 3242 1612 3243 1511 3242 1511 3281 1511 3281 1511 3242 1511 3280 1511 3281 1500 3280 1500 2446 1500 3207 1498 3246 1498 3208 1498 3208 1612 3246 1612 3247 1612 3208 1498 3247 1498 3209 1498 3209 1612 3247 1612 3248 1612 3213 1498 3212 1498 3251 1498 3251 1612 3212 1612 3250 1612 3251 1511 3250 1511 3289 1511 3289 1511 3250 1511 3288 1511 3289 1500 3288 1500 2446 1500 3215 1498 3254 1498 3216 1498 3216 1612 3254 1612 3255 1612 3216 1498 3255 1498 3217 1498 3217 1612 3255 1612 3256 1612 3221 1498 3220 1498 3259 1498 3259 1612 3220 1612 3258 1612 3259 1499 3258 1499 3297 1499 3297 1511 3258 1511 3296 1511 3223 1498 3262 1498 3224 1498 3224 1612 3262 1612 3263 1612 3224 1498 3263 1498 3225 1498 3225 1612 3263 1612 3264 1612 3229 1498 3228 1498 3267 1498 3267 1612 3228 1612 3266 1612 3267 1511 3266 1511 3305 1511 3305 1511 3266 1511 3304 1511 3305 1500 3304 1500 3121 1500 3231 1498 3270 1498 3232 1498 3232 1612 3270 1612 3271 1612 3232 1498 3271 1498 3233 1498 3233 1612 3271 1612 3272 1612 3236 1612 3235 1612 3274 1612 3274 1612 3235 1612 3273 1612 3274 1511 3273 1511 3312 1511 3312 1511 3273 1511 3311 1511 3312 1500 3311 1500 3121 1500 3277 1612 3238 1612 3276 1612 3276 1612 3238 1612 3237 1612 3205 1612 3243 1612 3244 1612 3244 1511 3243 1511 3282 1511 3244 1511 3282 1511 3283 1511 3283 1500 3282 1500 2446 1500 3282 1511 3243 1511 3281 1511 3286 1511 3248 1511 3247 1511 3286 1511 3247 1511 3285 1511 3285 1511 3247 1511 3246 1511 3213 1612 3251 1612 3252 1612 3252 1511 3251 1511 3290 1511 3252 1511 3290 1511 3291 1511 3291 1500 3290 1500 2446 1500 3290 1511 3251 1511 3289 1511 3294 1511 3256 1511 3255 1511 3294 1511 3255 1511 3293 1511 3293 1511 3255 1511 3254 1511 3221 1612 3259 1612 3260 1612 3260 1511 3259 1511 3298 1511 3260 1511 3298 1511 3299 1511 3299 1500 3298 1500 3121 1500 3298 1511 3259 1511 3297 1511 3302 1511 3264 1511 3263 1511 3302 1499 3263 1499 3301 1499 3301 1511 3263 1511 3262 1511 3229 1612 3267 1612 3268 1612 3268 1511 3267 1511 3306 1511 3268 1499 3306 1499 3307 1499 3307 1501 3306 1501 3121 1501 3306 1499 3267 1499 3305 1499 3310 1499 3272 1499 3271 1499 3310 1511 3271 1511 3309 1511 3309 1511 3271 1511 3270 1511 3236 1498 3274 1498 3275 1498 3275 1511 3274 1511 3313 1511 3275 1511 3313 1511 3314 1511 3314 1500 3313 1500 3121 1500 3313 1511 3274 1511 3312 1511 3316 1511 3277 1511 3315 1511 3315 1511 3277 1511 3276 1511 2446 1932 3282 1932 3281 1932 2446 1501 3290 1501 3289 1501 3121 1500 3298 1500 3297 1500 3121 1501 3306 1501 3305 1501 3121 1500 3313 1500 3312 1500 2446 0 2445 0 3121 0 3121 0 2445 0 3317 0 2445 2 2444 2 3317 2 3317 2 2444 2 3318 2 2444 1 2443 1 3318 1 3318 1 2443 1 3319 1 2432 1442 2431 1442 3321 1442 3321 1442 2431 1442 3320 1442 2431 0 2430 0 3320 0 3320 0 2430 0 3322 0 2429 1444 3329 1444 2430 1444 2430 1444 3329 1444 3330 1444 2430 1443 3330 1443 3331 1443 3331 1446 3330 1446 3369 1446 3331 1488 3369 1488 3370 1488 3370 1448 3369 1448 3408 1448 3370 1933 3408 1933 3409 1933 3409 1490 3408 1490 3447 1490 3409 1490 3447 1490 3448 1490 3448 1524 3447 1524 3486 1524 3448 1524 3486 1524 3487 1524 3487 1453 3486 1453 2424 1453 3487 1453 2424 1453 3488 1453 3488 1453 2424 1453 3489 1453 3488 1524 3489 1524 3450 1524 3450 1524 3489 1524 3451 1524 3450 1490 3451 1490 3412 1490 3412 1490 3451 1490 3413 1490 3412 1933 3413 1933 3374 1933 3374 1448 3413 1448 3375 1448 3374 1446 3375 1446 3336 1446 3336 1488 3375 1488 3337 1488 3336 1934 3337 1934 2430 1934 2430 1935 3337 1935 3338 1935 2430 1934 3338 1934 3339 1934 3339 1446 3338 1446 3377 1446 3339 1446 3377 1446 3378 1446 3378 1448 3377 1448 3416 1448 3378 1933 3416 1933 3417 1933 3417 1490 3416 1490 3455 1490 3417 1490 3455 1490 3456 1490 3456 1524 3455 1524 3494 1524 3456 1524 3494 1524 3495 1524 3495 1936 3494 1936 2424 1936 3495 1453 2424 1453 3496 1453 3496 1937 2424 1937 3497 1937 3496 1524 3497 1524 3458 1524 3458 1524 3497 1524 3459 1524 3458 1490 3459 1490 3420 1490 3420 1490 3459 1490 3421 1490 3420 1933 3421 1933 3382 1933 3382 1448 3421 1448 3383 1448 3382 1446 3383 1446 3344 1446 3344 1446 3383 1446 3345 1446 3344 1938 3345 1938 2430 1938 2430 1935 3345 1935 3346 1935 2430 1935 3346 1935 3347 1935 3347 1446 3346 1446 3385 1446 3347 1446 3385 1446 3386 1446 3386 1448 3385 1448 3424 1448 3386 1933 3424 1933 3425 1933 3425 1490 3424 1490 3463 1490 3425 1490 3463 1490 3464 1490 3464 1524 3463 1524 3502 1524 3464 1524 3502 1524 3503 1524 3503 1937 3502 1937 3323 1937 3503 1936 3323 1936 3504 1936 3504 1453 3323 1453 3505 1453 3504 1524 3505 1524 3466 1524 3466 1524 3505 1524 3467 1524 3466 1490 3467 1490 3428 1490 3428 1490 3467 1490 3429 1490 3428 1933 3429 1933 3390 1933 3390 1448 3429 1448 3391 1448 3390 1488 3391 1488 3352 1488 3352 1446 3391 1446 3353 1446 3352 1935 3353 1935 3322 1935 3322 1935 3353 1935 3354 1935 3322 1934 3354 1934 3355 1934 3355 1446 3354 1446 3393 1446 3355 1446 3393 1446 3394 1446 3394 1448 3393 1448 3432 1448 3394 1933 3432 1933 3433 1933 3433 1490 3432 1490 3471 1490 3433 1490 3471 1490 3472 1490 3472 1524 3471 1524 3510 1524 3472 1524 3510 1524 3511 1524 3511 1453 3510 1453 3323 1453 3511 1453 3323 1453 3512 1453 3512 1453 3323 1453 3513 1453 3512 1492 3513 1492 3474 1492 3474 1524 3513 1524 3475 1524 3474 1490 3475 1490 3436 1490 3436 1490 3475 1490 3437 1490 3436 1933 3437 1933 3398 1933 3398 1489 3437 1489 3399 1489 3398 1488 3399 1488 3360 1488 3360 1446 3399 1446 3361 1446 3360 1443 3361 1443 3322 1443 3322 1616 3361 1616 3362 1616 3322 1939 3362 1939 3363 1939 3363 1446 3362 1446 3401 1446 3363 1488 3401 1488 3402 1488 3402 1448 3401 1448 3440 1448 3402 1940 3440 1940 3441 1940 3441 1490 3440 1490 3479 1490 3441 1490 3479 1490 3480 1490 3480 1492 3479 1492 3518 1492 3480 1492 3518 1492 3324 1492 3324 1453 3518 1453 3323 1453 3323 1453 3518 1453 3517 1453 3323 1454 3517 1454 3516 1454 3516 1492 3517 1492 3478 1492 3516 1524 3478 1524 3477 1524 3477 1490 3478 1490 3439 1490 3477 1490 3439 1490 3438 1490 3438 1933 3439 1933 3400 1933 3438 1448 3400 1448 3399 1448 3399 1488 3400 1488 3361 1488 3329 1446 2429 1446 3367 1446 3367 1446 2429 1446 2428 1446 3367 1448 2428 1448 3405 1448 3405 1933 2428 1933 2427 1933 3405 1490 2427 1490 3443 1490 3443 1490 2427 1490 2426 1490 3443 1524 2426 1524 3481 1524 3481 1524 2426 1524 2425 1524 3481 1453 2425 1453 2424 1453 3323 1453 3499 1453 2424 1453 2424 1941 3499 1941 3498 1941 2424 1936 3498 1936 3497 1936 3497 1524 3498 1524 3459 1524 3324 1524 3325 1524 3480 1524 3480 1490 3325 1490 3442 1490 3480 1490 3442 1490 3441 1490 3441 1933 3442 1933 3403 1933 3441 1489 3403 1489 3402 1489 3402 1446 3403 1446 3364 1446 3402 1488 3364 1488 3363 1488 3363 1935 3364 1935 3322 1935 3325 1490 3326 1490 3442 1490 3442 1933 3326 1933 3404 1933 3442 1489 3404 1489 3403 1489 3403 1446 3404 1446 3365 1446 3403 1446 3365 1446 3364 1446 3364 1942 3365 1942 3322 1942 3326 1489 3327 1489 3404 1489 3404 1488 3327 1488 3366 1488 3404 1446 3366 1446 3365 1446 3365 1616 3366 1616 3322 1616 3327 1488 3328 1488 3366 1488 3366 1444 3328 1444 3322 1444 2430 1444 3348 1444 3322 1444 3322 1935 3348 1935 3349 1935 3322 1935 3349 1935 3350 1935 3350 1488 3349 1488 3388 1488 3350 1446 3388 1446 3389 1446 3389 1448 3388 1448 3427 1448 3389 1940 3427 1940 3428 1940 3428 1490 3427 1490 3466 1490 3330 1446 3329 1446 3368 1446 3368 1446 3329 1446 3367 1446 3368 1448 3367 1448 3406 1448 3406 1933 3367 1933 3405 1933 3406 1490 3405 1490 3444 1490 3444 1490 3405 1490 3443 1490 3444 1524 3443 1524 3482 1524 3482 1524 3443 1524 3481 1524 3482 1453 3481 1453 2424 1453 3331 1443 3332 1443 2430 1443 2430 1443 3332 1443 3333 1443 2430 1443 3333 1443 3334 1443 3334 1446 3333 1446 3372 1446 3334 1446 3372 1446 3373 1446 3373 1448 3372 1448 3411 1448 3373 1933 3411 1933 3412 1933 3412 1490 3411 1490 3450 1490 3331 1488 3370 1488 3332 1488 3332 1446 3370 1446 3371 1446 3332 1446 3371 1446 3333 1446 3333 1446 3371 1446 3372 1446 3336 1935 2430 1935 3335 1935 3335 1443 2430 1443 3334 1443 3335 1446 3334 1446 3373 1446 3374 1446 3336 1446 3335 1446 3374 1446 3335 1446 3373 1446 3338 1446 3337 1446 3376 1446 3376 1446 3337 1446 3375 1446 3376 1448 3375 1448 3414 1448 3414 1933 3375 1933 3413 1933 3414 1490 3413 1490 3452 1490 3452 1490 3413 1490 3451 1490 3452 1524 3451 1524 3490 1524 3490 1524 3451 1524 3489 1524 3490 1453 3489 1453 2424 1453 3339 1935 3340 1935 2430 1935 2430 1935 3340 1935 3341 1935 2430 1934 3341 1934 3342 1934 3342 1446 3341 1446 3380 1446 3342 1446 3380 1446 3381 1446 3381 1448 3380 1448 3419 1448 3381 1933 3419 1933 3420 1933 3420 1490 3419 1490 3458 1490 3339 1488 3378 1488 3340 1488 3340 1488 3378 1488 3379 1488 3340 1446 3379 1446 3341 1446 3341 1446 3379 1446 3380 1446 3344 1935 2430 1935 3343 1935 3343 1935 2430 1935 3342 1935 3343 1446 3342 1446 3381 1446 3382 1446 3344 1446 3343 1446 3382 1446 3343 1446 3381 1446 3348 1935 2430 1935 3347 1935 3346 1446 3345 1446 3384 1446 3384 1446 3345 1446 3383 1446 3384 1448 3383 1448 3422 1448 3422 1933 3383 1933 3421 1933 3422 1490 3421 1490 3460 1490 3460 1490 3421 1490 3459 1490 3460 1524 3459 1524 3498 1524 3347 1446 3386 1446 3348 1446 3348 1488 3386 1488 3387 1488 3348 1446 3387 1446 3349 1446 3349 1446 3387 1446 3388 1446 3352 1935 3322 1935 3351 1935 3351 1943 3322 1943 3350 1943 3351 1446 3350 1446 3389 1446 3390 1488 3352 1488 3351 1488 3390 1446 3351 1446 3389 1446 3354 1488 3353 1488 3392 1488 3392 1446 3353 1446 3391 1446 3392 1448 3391 1448 3430 1448 3430 1940 3391 1940 3429 1940 3430 1490 3429 1490 3468 1490 3468 1490 3429 1490 3467 1490 3468 1524 3467 1524 3506 1524 3506 1524 3467 1524 3505 1524 3506 1453 3505 1453 3323 1453 3355 1935 3356 1935 3322 1935 3322 1934 3356 1934 3357 1934 3322 1616 3357 1616 3358 1616 3358 1446 3357 1446 3396 1446 3358 1488 3396 1488 3397 1488 3397 1489 3396 1489 3435 1489 3397 1933 3435 1933 3436 1933 3436 1490 3435 1490 3474 1490 3355 1488 3394 1488 3356 1488 3356 1446 3394 1446 3395 1446 3356 1488 3395 1488 3357 1488 3357 1488 3395 1488 3396 1488 3360 1935 3322 1935 3359 1935 3359 1934 3322 1934 3358 1934 3359 1446 3358 1446 3397 1446 3398 1446 3360 1446 3359 1446 3398 1488 3359 1488 3397 1488 3401 1446 3362 1446 3400 1446 3400 1488 3362 1488 3361 1488 3330 1446 3368 1446 3369 1446 3369 1448 3368 1448 3407 1448 3369 1933 3407 1933 3408 1933 3408 1490 3407 1490 3446 1490 3408 1490 3446 1490 3447 1490 3447 1524 3446 1524 3485 1524 3447 1524 3485 1524 3486 1524 3486 1453 3485 1453 2424 1453 3407 1933 3368 1933 3406 1933 3370 1448 3409 1448 3371 1448 3371 1933 3409 1933 3410 1933 3371 1448 3410 1448 3372 1448 3372 1933 3410 1933 3411 1933 3412 1448 3374 1448 3373 1448 3338 1446 3376 1446 3377 1446 3377 1448 3376 1448 3415 1448 3377 1933 3415 1933 3416 1933 3416 1490 3415 1490 3454 1490 3416 1490 3454 1490 3455 1490 3455 1524 3454 1524 3493 1524 3455 1524 3493 1524 3494 1524 3494 1453 3493 1453 2424 1453 3415 1933 3376 1933 3414 1933 3378 1448 3417 1448 3379 1448 3379 1933 3417 1933 3418 1933 3379 1448 3418 1448 3380 1448 3380 1933 3418 1933 3419 1933 3420 1448 3382 1448 3381 1448 3346 1488 3384 1488 3385 1488 3385 1448 3384 1448 3423 1448 3385 1940 3423 1940 3424 1940 3424 1490 3423 1490 3462 1490 3424 1490 3462 1490 3463 1490 3463 1524 3462 1524 3501 1524 3463 1524 3501 1524 3502 1524 3502 1453 3501 1453 3323 1453 3423 1933 3384 1933 3422 1933 3386 1448 3425 1448 3387 1448 3387 1940 3425 1940 3426 1940 3387 1448 3426 1448 3388 1448 3388 1933 3426 1933 3427 1933 3428 1448 3390 1448 3389 1448 3354 1488 3392 1488 3393 1488 3393 1448 3392 1448 3431 1448 3393 1940 3431 1940 3432 1940 3432 1490 3431 1490 3470 1490 3432 1490 3470 1490 3471 1490 3471 1524 3470 1524 3509 1524 3471 1492 3509 1492 3510 1492 3510 1453 3509 1453 3323 1453 3431 1933 3392 1933 3430 1933 3394 1448 3433 1448 3395 1448 3395 1933 3433 1933 3434 1933 3395 1448 3434 1448 3396 1448 3396 1940 3434 1940 3435 1940 3436 1448 3398 1448 3397 1448 3438 1933 3399 1933 3437 1933 3440 1448 3401 1448 3439 1448 3439 1489 3401 1489 3400 1489 3407 1490 3406 1490 3445 1490 3445 1490 3406 1490 3444 1490 3445 1524 3444 1524 3483 1524 3483 1524 3444 1524 3482 1524 3483 1454 3482 1454 2424 1454 3409 1490 3448 1490 3410 1490 3410 1490 3448 1490 3449 1490 3410 1490 3449 1490 3411 1490 3411 1490 3449 1490 3450 1490 3415 1490 3414 1490 3453 1490 3453 1490 3414 1490 3452 1490 3453 1524 3452 1524 3491 1524 3491 1524 3452 1524 3490 1524 3491 1453 3490 1453 2424 1453 3417 1490 3456 1490 3418 1490 3418 1490 3456 1490 3457 1490 3418 1490 3457 1490 3419 1490 3419 1490 3457 1490 3458 1490 3423 1490 3422 1490 3461 1490 3461 1490 3422 1490 3460 1490 3461 1524 3460 1524 3499 1524 3499 1524 3460 1524 3498 1524 3425 1490 3464 1490 3426 1490 3426 1490 3464 1490 3465 1490 3426 1490 3465 1490 3427 1490 3427 1490 3465 1490 3466 1490 3431 1490 3430 1490 3469 1490 3469 1490 3430 1490 3468 1490 3469 1524 3468 1524 3507 1524 3507 1524 3468 1524 3506 1524 3507 1453 3506 1453 3323 1453 3433 1490 3472 1490 3434 1490 3434 1490 3472 1490 3473 1490 3434 1490 3473 1490 3435 1490 3435 1490 3473 1490 3474 1490 3438 1490 3437 1490 3476 1490 3476 1490 3437 1490 3475 1490 3476 1524 3475 1524 3514 1524 3514 1492 3475 1492 3513 1492 3514 1454 3513 1454 3323 1454 3479 1490 3440 1490 3478 1490 3478 1490 3440 1490 3439 1490 3407 1490 3445 1490 3446 1490 3446 1524 3445 1524 3484 1524 3446 1524 3484 1524 3485 1524 3485 1453 3484 1453 2424 1453 3484 1492 3445 1492 3483 1492 3488 1524 3450 1524 3449 1524 3488 1524 3449 1524 3487 1524 3487 1524 3449 1524 3448 1524 3415 1490 3453 1490 3454 1490 3454 1524 3453 1524 3492 1524 3454 1524 3492 1524 3493 1524 3493 1453 3492 1453 2424 1453 3492 1492 3453 1492 3491 1492 3496 1524 3458 1524 3457 1524 3496 1524 3457 1524 3495 1524 3495 1524 3457 1524 3456 1524 3423 1490 3461 1490 3462 1490 3462 1524 3461 1524 3500 1524 3462 1524 3500 1524 3501 1524 3501 1937 3500 1937 3323 1937 3500 1524 3461 1524 3499 1524 3504 1524 3466 1524 3465 1524 3504 1524 3465 1524 3503 1524 3503 1524 3465 1524 3464 1524 3431 1490 3469 1490 3470 1490 3470 1524 3469 1524 3508 1524 3470 1524 3508 1524 3509 1524 3509 1453 3508 1453 3323 1453 3508 1524 3469 1524 3507 1524 3512 1524 3474 1524 3473 1524 3512 1492 3473 1492 3511 1492 3511 1524 3473 1524 3472 1524 3438 1490 3476 1490 3477 1490 3477 1492 3476 1492 3515 1492 3477 1492 3515 1492 3516 1492 3516 1453 3515 1453 3323 1453 3515 1524 3476 1524 3514 1524 3518 1524 3479 1524 3517 1524 3517 1524 3479 1524 3478 1524 2424 1453 3484 1453 3483 1453 2424 1454 3492 1454 3491 1454 3323 1936 3500 1936 3499 1936 3323 1454 3508 1454 3507 1454 3323 1453 3515 1453 3514 1453 2424 1442 2423 1442 3323 1442 3323 1442 2423 1442 3519 1442 2423 0 2422 0 3519 0 3519 0 2422 0 3520 0 2422 2 2421 2 3520 2 3520 2 2421 2 3521 2 2379 2 2378 2 3523 2 3523 2 2378 2 3522 2 2378 1 2377 1 3522 1 3522 1 2377 1 3524 1 2377 2 2376 2 3524 2 3524 2 2376 2 3525 2 2376 0 2375 0 3525 0 3525 0 2375 0 3526 0 2375 2 2374 2 3526 2 3526 2 2374 2 3527 2 2374 0 2373 0 3527 0 3527 0 2373 0 3528 0 2372 1453 3535 1453 2373 1453 2373 1453 3535 1453 3536 1453 2373 1453 3536 1453 3537 1453 3537 1524 3536 1524 3571 1524 3537 1524 3571 1524 3572 1524 3572 1450 3571 1450 3606 1450 3572 1450 3606 1450 3607 1450 3607 1489 3606 1489 3641 1489 3607 1489 3641 1489 3642 1489 3642 1488 3641 1488 3676 1488 3642 1488 3676 1488 3677 1488 3677 1444 3676 1444 2367 1444 3677 1444 2367 1444 3678 1444 3678 1444 2367 1444 3679 1444 3678 1488 3679 1488 3644 1488 3644 1488 3679 1488 3645 1488 3644 1489 3645 1489 3610 1489 3610 1489 3645 1489 3611 1489 3610 1450 3611 1450 3576 1450 3576 1450 3611 1450 3577 1450 3576 1524 3577 1524 3542 1524 3542 1524 3577 1524 3543 1524 3542 1453 3543 1453 2373 1453 2373 1453 3543 1453 3544 1453 2373 1453 3544 1453 3545 1453 3545 1524 3544 1524 3579 1524 3545 1524 3579 1524 3580 1524 3580 1450 3579 1450 3614 1450 3580 1450 3614 1450 3615 1450 3615 1489 3614 1489 3649 1489 3615 1489 3649 1489 3650 1489 3650 1488 3649 1488 3684 1488 3650 1488 3684 1488 3685 1488 3685 1444 3684 1444 2367 1444 3685 1444 2367 1444 3686 1444 3686 1444 2367 1444 3687 1444 3686 1488 3687 1488 3652 1488 3652 1488 3687 1488 3653 1488 3652 1489 3653 1489 3618 1489 3618 1489 3653 1489 3619 1489 3618 1450 3619 1450 3584 1450 3584 1450 3619 1450 3585 1450 3584 1524 3585 1524 3550 1524 3550 1524 3585 1524 3551 1524 3550 1453 3551 1453 2373 1453 2373 1453 3551 1453 3552 1453 2373 1453 3552 1453 3528 1453 3528 1453 3552 1453 3553 1453 3528 1453 3553 1453 3554 1453 3554 1524 3553 1524 3588 1524 3554 1524 3588 1524 3589 1524 3589 1450 3588 1450 3623 1450 3589 1450 3623 1450 3624 1450 3624 1489 3623 1489 3658 1489 3624 1489 3658 1489 3659 1489 3659 1488 3658 1488 3693 1488 3659 1488 3693 1488 3694 1488 3694 1444 3693 1444 3529 1444 3694 1944 3529 1944 3695 1944 3695 1444 3529 1444 3696 1444 3695 1488 3696 1488 3661 1488 3661 1488 3696 1488 3662 1488 3661 1489 3662 1489 3627 1489 3627 1506 3662 1506 3628 1506 3627 1450 3628 1450 3593 1450 3593 1450 3628 1450 3594 1450 3593 1524 3594 1524 3559 1524 3559 1524 3594 1524 3560 1524 3559 1453 3560 1453 3528 1453 3528 1453 3560 1453 3561 1453 3528 1453 3561 1453 3562 1453 3562 1524 3561 1524 3596 1524 3562 1524 3596 1524 3597 1524 3597 1450 3596 1450 3631 1450 3597 1450 3631 1450 3632 1450 3632 1489 3631 1489 3666 1489 3632 1489 3666 1489 3667 1489 3667 1488 3666 1488 3701 1488 3667 1488 3701 1488 3702 1488 3702 1944 3701 1944 3529 1944 3702 1444 3529 1444 3703 1444 3703 1444 3529 1444 3704 1444 3703 1488 3704 1488 3669 1488 3669 1488 3704 1488 3670 1488 3669 1489 3670 1489 3635 1489 3635 1489 3670 1489 3636 1489 3635 1450 3636 1450 3601 1450 3601 1450 3636 1450 3602 1450 3601 1524 3602 1524 3567 1524 3567 1524 3602 1524 3568 1524 3567 1453 3568 1453 3528 1453 3528 1453 3568 1453 3534 1453 3534 1524 3568 1524 3533 1524 3533 1524 3568 1524 3602 1524 3533 1450 3602 1450 3532 1450 3532 1450 3602 1450 3636 1450 3532 1489 3636 1489 3531 1489 3531 1506 3636 1506 3670 1506 3531 1488 3670 1488 3530 1488 3530 1488 3670 1488 3704 1488 3530 1444 3704 1444 3529 1444 3535 1524 2372 1524 3569 1524 3569 1524 2372 1524 2371 1524 3569 1450 2371 1450 3603 1450 3603 1450 2371 1450 2370 1450 3603 1489 2370 1489 3637 1489 3637 1489 2370 1489 2369 1489 3637 1488 2369 1488 3671 1488 3671 1488 2369 1488 2368 1488 3671 1444 2368 1444 2367 1444 2367 1444 3529 1444 3687 1444 3687 1944 3529 1944 3688 1944 3687 1488 3688 1488 3653 1488 3653 1488 3688 1488 3654 1488 3653 1489 3654 1489 3619 1489 3619 1489 3654 1489 3620 1489 3619 1450 3620 1450 3585 1450 3585 1450 3620 1450 3586 1450 3585 1524 3586 1524 3551 1524 3551 1524 3586 1524 3552 1524 3536 1524 3535 1524 3570 1524 3570 1524 3535 1524 3569 1524 3570 1450 3569 1450 3604 1450 3604 1450 3569 1450 3603 1450 3604 1489 3603 1489 3638 1489 3638 1489 3603 1489 3637 1489 3638 1488 3637 1488 3672 1488 3672 1488 3637 1488 3671 1488 3672 1444 3671 1444 2367 1444 3537 1453 3538 1453 2373 1453 2373 1453 3538 1453 3539 1453 2373 1453 3539 1453 3540 1453 3540 1524 3539 1524 3574 1524 3540 1524 3574 1524 3575 1524 3575 1450 3574 1450 3609 1450 3575 1450 3609 1450 3610 1450 3610 1489 3609 1489 3644 1489 3537 1524 3572 1524 3538 1524 3538 1524 3572 1524 3573 1524 3538 1524 3573 1524 3539 1524 3539 1524 3573 1524 3574 1524 3542 1453 2373 1453 3541 1453 3541 1453 2373 1453 3540 1453 3541 1524 3540 1524 3575 1524 3576 1524 3542 1524 3541 1524 3576 1524 3541 1524 3575 1524 3544 1524 3543 1524 3578 1524 3578 1524 3543 1524 3577 1524 3578 1450 3577 1450 3612 1450 3612 1450 3577 1450 3611 1450 3612 1489 3611 1489 3646 1489 3646 1489 3611 1489 3645 1489 3646 1488 3645 1488 3680 1488 3680 1488 3645 1488 3679 1488 3680 1444 3679 1444 2367 1444 3545 1453 3546 1453 2373 1453 2373 1453 3546 1453 3547 1453 2373 1453 3547 1453 3548 1453 3548 1524 3547 1524 3582 1524 3548 1524 3582 1524 3583 1524 3583 1450 3582 1450 3617 1450 3583 1450 3617 1450 3618 1450 3618 1489 3617 1489 3652 1489 3545 1524 3580 1524 3546 1524 3546 1524 3580 1524 3581 1524 3546 1524 3581 1524 3547 1524 3547 1524 3581 1524 3582 1524 3550 1453 2373 1453 3549 1453 3549 1453 2373 1453 3548 1453 3549 1524 3548 1524 3583 1524 3584 1524 3550 1524 3549 1524 3584 1524 3549 1524 3583 1524 3553 1524 3552 1524 3587 1524 3587 1524 3552 1524 3586 1524 3587 1450 3586 1450 3621 1450 3621 1450 3586 1450 3620 1450 3621 1506 3620 1506 3655 1506 3655 1489 3620 1489 3654 1489 3655 1488 3654 1488 3689 1488 3689 1488 3654 1488 3688 1488 3689 1444 3688 1444 3529 1444 3554 1453 3555 1453 3528 1453 3528 1453 3555 1453 3556 1453 3528 1453 3556 1453 3557 1453 3557 1524 3556 1524 3591 1524 3557 1524 3591 1524 3592 1524 3592 1450 3591 1450 3626 1450 3592 1450 3626 1450 3627 1450 3627 1489 3626 1489 3661 1489 3554 1524 3589 1524 3555 1524 3555 1524 3589 1524 3590 1524 3555 1524 3590 1524 3556 1524 3556 1524 3590 1524 3591 1524 3559 1453 3528 1453 3558 1453 3558 1453 3528 1453 3557 1453 3558 1524 3557 1524 3592 1524 3593 1524 3559 1524 3558 1524 3593 1524 3558 1524 3592 1524 3561 1524 3560 1524 3595 1524 3595 1524 3560 1524 3594 1524 3595 1450 3594 1450 3629 1450 3629 1450 3594 1450 3628 1450 3629 1489 3628 1489 3663 1489 3663 1489 3628 1489 3662 1489 3663 1488 3662 1488 3697 1488 3697 1488 3662 1488 3696 1488 3697 1444 3696 1444 3529 1444 3562 1453 3563 1453 3528 1453 3528 1453 3563 1453 3564 1453 3528 1453 3564 1453 3565 1453 3565 1524 3564 1524 3599 1524 3565 1524 3599 1524 3600 1524 3600 1450 3599 1450 3634 1450 3600 1450 3634 1450 3635 1450 3635 1506 3634 1506 3669 1506 3562 1524 3597 1524 3563 1524 3563 1524 3597 1524 3598 1524 3563 1524 3598 1524 3564 1524 3564 1524 3598 1524 3599 1524 3567 1453 3528 1453 3566 1453 3566 1453 3528 1453 3565 1453 3566 1524 3565 1524 3600 1524 3601 1524 3567 1524 3566 1524 3601 1524 3566 1524 3600 1524 3536 1524 3570 1524 3571 1524 3571 1450 3570 1450 3605 1450 3571 1450 3605 1450 3606 1450 3606 1489 3605 1489 3640 1489 3606 1489 3640 1489 3641 1489 3641 1488 3640 1488 3675 1488 3641 1488 3675 1488 3676 1488 3676 1444 3675 1444 2367 1444 3605 1450 3570 1450 3604 1450 3572 1450 3607 1450 3573 1450 3573 1450 3607 1450 3608 1450 3573 1450 3608 1450 3574 1450 3574 1450 3608 1450 3609 1450 3610 1450 3576 1450 3575 1450 3544 1524 3578 1524 3579 1524 3579 1450 3578 1450 3613 1450 3579 1450 3613 1450 3614 1450 3614 1489 3613 1489 3648 1489 3614 1489 3648 1489 3649 1489 3649 1488 3648 1488 3683 1488 3649 1488 3683 1488 3684 1488 3684 1444 3683 1444 2367 1444 3613 1450 3578 1450 3612 1450 3580 1450 3615 1450 3581 1450 3581 1450 3615 1450 3616 1450 3581 1450 3616 1450 3582 1450 3582 1450 3616 1450 3617 1450 3618 1450 3584 1450 3583 1450 3553 1524 3587 1524 3588 1524 3588 1450 3587 1450 3622 1450 3588 1450 3622 1450 3623 1450 3623 1489 3622 1489 3657 1489 3623 1506 3657 1506 3658 1506 3658 1488 3657 1488 3692 1488 3658 1488 3692 1488 3693 1488 3693 1444 3692 1444 3529 1444 3622 1450 3587 1450 3621 1450 3589 1450 3624 1450 3590 1450 3590 1450 3624 1450 3625 1450 3590 1450 3625 1450 3591 1450 3591 1450 3625 1450 3626 1450 3627 1450 3593 1450 3592 1450 3561 1524 3595 1524 3596 1524 3596 1450 3595 1450 3630 1450 3596 1450 3630 1450 3631 1450 3631 1489 3630 1489 3665 1489 3631 1489 3665 1489 3666 1489 3666 1488 3665 1488 3700 1488 3666 1488 3700 1488 3701 1488 3701 1444 3700 1444 3529 1444 3630 1450 3595 1450 3629 1450 3597 1450 3632 1450 3598 1450 3598 1450 3632 1450 3633 1450 3598 1450 3633 1450 3599 1450 3599 1450 3633 1450 3634 1450 3635 1450 3601 1450 3600 1450 3605 1489 3604 1489 3639 1489 3639 1489 3604 1489 3638 1489 3639 1488 3638 1488 3673 1488 3673 1488 3638 1488 3672 1488 3673 1444 3672 1444 2367 1444 3607 1489 3642 1489 3608 1489 3608 1489 3642 1489 3643 1489 3608 1489 3643 1489 3609 1489 3609 1489 3643 1489 3644 1489 3613 1489 3612 1489 3647 1489 3647 1489 3612 1489 3646 1489 3647 1488 3646 1488 3681 1488 3681 1488 3646 1488 3680 1488 3681 1444 3680 1444 2367 1444 3615 1489 3650 1489 3616 1489 3616 1506 3650 1506 3651 1506 3616 1489 3651 1489 3617 1489 3617 1489 3651 1489 3652 1489 3622 1489 3621 1489 3656 1489 3656 1506 3621 1506 3655 1506 3656 1488 3655 1488 3690 1488 3690 1488 3655 1488 3689 1488 3690 1444 3689 1444 3529 1444 3624 1506 3659 1506 3625 1506 3625 1489 3659 1489 3660 1489 3625 1489 3660 1489 3626 1489 3626 1489 3660 1489 3661 1489 3630 1489 3629 1489 3664 1489 3664 1489 3629 1489 3663 1489 3664 1488 3663 1488 3698 1488 3698 1488 3663 1488 3697 1488 3698 1444 3697 1444 3529 1444 3632 1489 3667 1489 3633 1489 3633 1489 3667 1489 3668 1489 3633 1506 3668 1506 3634 1506 3634 1489 3668 1489 3669 1489 3605 1489 3639 1489 3640 1489 3640 1488 3639 1488 3674 1488 3640 1488 3674 1488 3675 1488 3675 1444 3674 1444 2367 1444 3674 1488 3639 1488 3673 1488 3678 1488 3644 1488 3643 1488 3678 1488 3643 1488 3677 1488 3677 1488 3643 1488 3642 1488 3613 1489 3647 1489 3648 1489 3648 1488 3647 1488 3682 1488 3648 1488 3682 1488 3683 1488 3683 1444 3682 1444 2367 1444 3682 1488 3647 1488 3681 1488 3686 1488 3652 1488 3651 1488 3686 1488 3651 1488 3685 1488 3685 1488 3651 1488 3650 1488 3622 1489 3656 1489 3657 1489 3657 1488 3656 1488 3691 1488 3657 1488 3691 1488 3692 1488 3692 1444 3691 1444 3529 1444 3691 1488 3656 1488 3690 1488 3695 1488 3661 1488 3660 1488 3695 1488 3660 1488 3694 1488 3694 1488 3660 1488 3659 1488 3630 1489 3664 1489 3665 1489 3665 1488 3664 1488 3699 1488 3665 1488 3699 1488 3700 1488 3700 1444 3699 1444 3529 1444 3699 1488 3664 1488 3698 1488 3703 1488 3669 1488 3668 1488 3703 1488 3668 1488 3702 1488 3702 1488 3668 1488 3667 1488 2367 1444 3674 1444 3673 1444 2367 1444 3682 1444 3681 1444 3529 1944 3691 1944 3690 1944 3529 1444 3699 1444 3698 1444 2367 1442 2366 1442 3529 1442 3529 1442 2366 1442 3705 1442 2366 1 2365 1 3705 1 3705 1 2365 1 3706 1 2365 1442 2364 1442 3706 1442 3706 1442 2364 1442 3707 1442 2364 1 2363 1 3707 1 3707 1 2363 1 3708 1 2363 2 2362 2 3708 2 3708 2 2362 2 3709 2 2362 1 2361 1 3709 1 3709 1 2361 1 3710 1 2361 1945 2360 1945 3710 1945 3710 1945 2360 1945 3711 1945 2360 1442 2359 1442 3711 1442 3711 1442 2359 1442 3712 1442 2359 1946 2358 1946 3712 1946 3712 1946 2358 1946 3713 1946 2358 0 2357 0 3713 0 3713 0 2357 0 3714 0 2357 2 2356 2 3714 2 3714 2 2356 2 3715 2 2356 0 2355 0 3715 0 3715 0 2355 0 3716 0 2355 1442 2354 1442 3716 1442 3716 1442 2354 1442 3717 1442 2354 0 2353 0 3717 0 3717 0 2353 0 3718 0 2353 1442 2352 1442 3718 1442 3718 1442 2352 1442 3719 1442 2351 1441 3726 1441 2352 1441 2352 1441 3726 1441 3727 1441 2352 1441 3727 1441 3728 1441 3728 1487 3727 1487 3762 1487 3728 1487 3762 1487 3763 1487 3763 1486 3762 1486 3797 1486 3763 1486 3797 1486 3798 1486 3798 1485 3797 1485 3832 1485 3798 1485 3832 1485 3833 1485 3833 1484 3832 1484 3867 1484 3833 1484 3867 1484 3868 1484 3868 1432 3867 1432 2346 1432 3868 1432 2346 1432 3869 1432 3869 1432 2346 1432 3870 1432 3869 1484 3870 1484 3835 1484 3835 1484 3870 1484 3836 1484 3835 1485 3836 1485 3801 1485 3801 1485 3836 1485 3802 1485 3801 1486 3802 1486 3767 1486 3767 1486 3802 1486 3768 1486 3767 1487 3768 1487 3733 1487 3733 1487 3768 1487 3734 1487 3733 1441 3734 1441 2352 1441 2352 1441 3734 1441 3735 1441 2352 1441 3735 1441 3736 1441 3736 1487 3735 1487 3770 1487 3736 1487 3770 1487 3771 1487 3771 1486 3770 1486 3805 1486 3771 1486 3805 1486 3806 1486 3806 1485 3805 1485 3840 1485 3806 1485 3840 1485 3841 1485 3841 1484 3840 1484 3875 1484 3841 1484 3875 1484 3876 1484 3876 1432 3875 1432 2346 1432 3876 1432 2346 1432 3877 1432 3877 1432 2346 1432 3878 1432 3877 1484 3878 1484 3843 1484 3843 1484 3878 1484 3844 1484 3843 1485 3844 1485 3809 1485 3809 1485 3844 1485 3810 1485 3809 1486 3810 1486 3775 1486 3775 1486 3810 1486 3776 1486 3775 1487 3776 1487 3741 1487 3741 1487 3776 1487 3742 1487 3741 1441 3742 1441 2352 1441 2352 1441 3742 1441 3743 1441 2352 1441 3743 1441 3719 1441 3719 1441 3743 1441 3744 1441 3719 1441 3744 1441 3745 1441 3745 1487 3744 1487 3779 1487 3745 1487 3779 1487 3780 1487 3780 1486 3779 1486 3814 1486 3780 1486 3814 1486 3815 1486 3815 1485 3814 1485 3849 1485 3815 1485 3849 1485 3850 1485 3850 1484 3849 1484 3884 1484 3850 1484 3884 1484 3885 1484 3885 1432 3884 1432 3720 1432 3885 1432 3720 1432 3886 1432 3886 1432 3720 1432 3887 1432 3886 1484 3887 1484 3852 1484 3852 1484 3887 1484 3853 1484 3852 1485 3853 1485 3818 1485 3818 1485 3853 1485 3819 1485 3818 1486 3819 1486 3784 1486 3784 1486 3819 1486 3785 1486 3784 1487 3785 1487 3750 1487 3750 1487 3785 1487 3751 1487 3750 1441 3751 1441 3719 1441 3719 1441 3751 1441 3752 1441 3719 1441 3752 1441 3753 1441 3753 1487 3752 1487 3787 1487 3753 1487 3787 1487 3788 1487 3788 1486 3787 1486 3822 1486 3788 1486 3822 1486 3823 1486 3823 1485 3822 1485 3857 1485 3823 1485 3857 1485 3858 1485 3858 1484 3857 1484 3892 1484 3858 1484 3892 1484 3893 1484 3893 1432 3892 1432 3720 1432 3893 1432 3720 1432 3894 1432 3894 1432 3720 1432 3895 1432 3894 1484 3895 1484 3860 1484 3860 1484 3895 1484 3861 1484 3860 1485 3861 1485 3826 1485 3826 1485 3861 1485 3827 1485 3826 1486 3827 1486 3792 1486 3792 1486 3827 1486 3793 1486 3792 1487 3793 1487 3758 1487 3758 1487 3793 1487 3759 1487 3758 1441 3759 1441 3719 1441 3719 1441 3759 1441 3725 1441 3725 1487 3759 1487 3724 1487 3724 1487 3759 1487 3793 1487 3724 1486 3793 1486 3723 1486 3723 1486 3793 1486 3827 1486 3723 1485 3827 1485 3722 1485 3722 1485 3827 1485 3861 1485 3722 1484 3861 1484 3721 1484 3721 1484 3861 1484 3895 1484 3721 1432 3895 1432 3720 1432 3726 1487 2351 1487 3760 1487 3760 1487 2351 1487 2350 1487 3760 1486 2350 1486 3794 1486 3794 1486 2350 1486 2349 1486 3794 1485 2349 1485 3828 1485 3828 1485 2349 1485 2348 1485 3828 1484 2348 1484 3862 1484 3862 1484 2348 1484 2347 1484 3862 1432 2347 1432 2346 1432 2346 1432 3720 1432 3878 1432 3878 1432 3720 1432 3879 1432 3878 1484 3879 1484 3844 1484 3844 1484 3879 1484 3845 1484 3844 1485 3845 1485 3810 1485 3810 1485 3845 1485 3811 1485 3810 1486 3811 1486 3776 1486 3776 1486 3811 1486 3777 1486 3776 1487 3777 1487 3742 1487 3742 1487 3777 1487 3743 1487 3727 1487 3726 1487 3761 1487 3761 1487 3726 1487 3760 1487 3761 1486 3760 1486 3795 1486 3795 1486 3760 1486 3794 1486 3795 1485 3794 1485 3829 1485 3829 1485 3794 1485 3828 1485 3829 1484 3828 1484 3863 1484 3863 1484 3828 1484 3862 1484 3863 1432 3862 1432 2346 1432 3728 1441 3729 1441 2352 1441 2352 1441 3729 1441 3730 1441 2352 1441 3730 1441 3731 1441 3731 1487 3730 1487 3765 1487 3731 1487 3765 1487 3766 1487 3766 1486 3765 1486 3800 1486 3766 1486 3800 1486 3801 1486 3801 1485 3800 1485 3835 1485 3728 1487 3763 1487 3729 1487 3729 1487 3763 1487 3764 1487 3729 1487 3764 1487 3730 1487 3730 1487 3764 1487 3765 1487 3733 1441 2352 1441 3732 1441 3732 1441 2352 1441 3731 1441 3732 1487 3731 1487 3766 1487 3767 1487 3733 1487 3732 1487 3767 1487 3732 1487 3766 1487 3735 1487 3734 1487 3769 1487 3769 1487 3734 1487 3768 1487 3769 1486 3768 1486 3803 1486 3803 1486 3768 1486 3802 1486 3803 1485 3802 1485 3837 1485 3837 1485 3802 1485 3836 1485 3837 1484 3836 1484 3871 1484 3871 1484 3836 1484 3870 1484 3871 1432 3870 1432 2346 1432 3736 1441 3737 1441 2352 1441 2352 1441 3737 1441 3738 1441 2352 1441 3738 1441 3739 1441 3739 1487 3738 1487 3773 1487 3739 1487 3773 1487 3774 1487 3774 1486 3773 1486 3808 1486 3774 1486 3808 1486 3809 1486 3809 1485 3808 1485 3843 1485 3736 1487 3771 1487 3737 1487 3737 1487 3771 1487 3772 1487 3737 1487 3772 1487 3738 1487 3738 1487 3772 1487 3773 1487 3741 1441 2352 1441 3740 1441 3740 1441 2352 1441 3739 1441 3740 1487 3739 1487 3774 1487 3775 1487 3741 1487 3740 1487 3775 1487 3740 1487 3774 1487 3744 1487 3743 1487 3778 1487 3778 1487 3743 1487 3777 1487 3778 1486 3777 1486 3812 1486 3812 1486 3777 1486 3811 1486 3812 1485 3811 1485 3846 1485 3846 1485 3811 1485 3845 1485 3846 1484 3845 1484 3880 1484 3880 1484 3845 1484 3879 1484 3880 1432 3879 1432 3720 1432 3745 1441 3746 1441 3719 1441 3719 1441 3746 1441 3747 1441 3719 1441 3747 1441 3748 1441 3748 1487 3747 1487 3782 1487 3748 1487 3782 1487 3783 1487 3783 1486 3782 1486 3817 1486 3783 1486 3817 1486 3818 1486 3818 1485 3817 1485 3852 1485 3745 1487 3780 1487 3746 1487 3746 1487 3780 1487 3781 1487 3746 1487 3781 1487 3747 1487 3747 1487 3781 1487 3782 1487 3750 1947 3719 1947 3749 1947 3749 1441 3719 1441 3748 1441 3749 1487 3748 1487 3783 1487 3784 1487 3750 1487 3749 1487 3784 1487 3749 1487 3783 1487 3752 1487 3751 1487 3786 1487 3786 1487 3751 1487 3785 1487 3786 1486 3785 1486 3820 1486 3820 1486 3785 1486 3819 1486 3820 1485 3819 1485 3854 1485 3854 1485 3819 1485 3853 1485 3854 1484 3853 1484 3888 1484 3888 1484 3853 1484 3887 1484 3888 1432 3887 1432 3720 1432 3753 1441 3754 1441 3719 1441 3719 1441 3754 1441 3755 1441 3719 1441 3755 1441 3756 1441 3756 1487 3755 1487 3790 1487 3756 1487 3790 1487 3791 1487 3791 1486 3790 1486 3825 1486 3791 1520 3825 1520 3826 1520 3826 1485 3825 1485 3860 1485 3753 1487 3788 1487 3754 1487 3754 1487 3788 1487 3789 1487 3754 1487 3789 1487 3755 1487 3755 1487 3789 1487 3790 1487 3758 1441 3719 1441 3757 1441 3757 1947 3719 1947 3756 1947 3757 1487 3756 1487 3791 1487 3792 1487 3758 1487 3757 1487 3792 1487 3757 1487 3791 1487 3727 1487 3761 1487 3762 1487 3762 1486 3761 1486 3796 1486 3762 1486 3796 1486 3797 1486 3797 1485 3796 1485 3831 1485 3797 1485 3831 1485 3832 1485 3832 1484 3831 1484 3866 1484 3832 1484 3866 1484 3867 1484 3867 1432 3866 1432 2346 1432 3796 1486 3761 1486 3795 1486 3763 1486 3798 1486 3764 1486 3764 1486 3798 1486 3799 1486 3764 1486 3799 1486 3765 1486 3765 1486 3799 1486 3800 1486 3801 1486 3767 1486 3766 1486 3735 1487 3769 1487 3770 1487 3770 1486 3769 1486 3804 1486 3770 1486 3804 1486 3805 1486 3805 1485 3804 1485 3839 1485 3805 1485 3839 1485 3840 1485 3840 1484 3839 1484 3874 1484 3840 1484 3874 1484 3875 1484 3875 1432 3874 1432 2346 1432 3804 1486 3769 1486 3803 1486 3771 1486 3806 1486 3772 1486 3772 1486 3806 1486 3807 1486 3772 1486 3807 1486 3773 1486 3773 1486 3807 1486 3808 1486 3809 1486 3775 1486 3774 1486 3744 1487 3778 1487 3779 1487 3779 1486 3778 1486 3813 1486 3779 1486 3813 1486 3814 1486 3814 1485 3813 1485 3848 1485 3814 1485 3848 1485 3849 1485 3849 1484 3848 1484 3883 1484 3849 1484 3883 1484 3884 1484 3884 1432 3883 1432 3720 1432 3813 1486 3778 1486 3812 1486 3780 1486 3815 1486 3781 1486 3781 1486 3815 1486 3816 1486 3781 1486 3816 1486 3782 1486 3782 1486 3816 1486 3817 1486 3818 1486 3784 1486 3783 1486 3752 1487 3786 1487 3787 1487 3787 1486 3786 1486 3821 1486 3787 1486 3821 1486 3822 1486 3822 1485 3821 1485 3856 1485 3822 1485 3856 1485 3857 1485 3857 1484 3856 1484 3891 1484 3857 1484 3891 1484 3892 1484 3892 1432 3891 1432 3720 1432 3821 1486 3786 1486 3820 1486 3788 1486 3823 1486 3789 1486 3789 1486 3823 1486 3824 1486 3789 1486 3824 1486 3790 1486 3790 1486 3824 1486 3825 1486 3826 1486 3792 1486 3791 1486 3796 1485 3795 1485 3830 1485 3830 1485 3795 1485 3829 1485 3830 1484 3829 1484 3864 1484 3864 1484 3829 1484 3863 1484 3864 1432 3863 1432 2346 1432 3798 1485 3833 1485 3799 1485 3799 1485 3833 1485 3834 1485 3799 1485 3834 1485 3800 1485 3800 1485 3834 1485 3835 1485 3804 1485 3803 1485 3838 1485 3838 1485 3803 1485 3837 1485 3838 1484 3837 1484 3872 1484 3872 1484 3837 1484 3871 1484 3872 1432 3871 1432 2346 1432 3806 1485 3841 1485 3807 1485 3807 1485 3841 1485 3842 1485 3807 1485 3842 1485 3808 1485 3808 1485 3842 1485 3843 1485 3813 1485 3812 1485 3847 1485 3847 1485 3812 1485 3846 1485 3847 1484 3846 1484 3881 1484 3881 1484 3846 1484 3880 1484 3881 1432 3880 1432 3720 1432 3815 1485 3850 1485 3816 1485 3816 1485 3850 1485 3851 1485 3816 1485 3851 1485 3817 1485 3817 1485 3851 1485 3852 1485 3821 1485 3820 1485 3855 1485 3855 1485 3820 1485 3854 1485 3855 1484 3854 1484 3889 1484 3889 1484 3854 1484 3888 1484 3889 1432 3888 1432 3720 1432 3823 1485 3858 1485 3824 1485 3824 1485 3858 1485 3859 1485 3824 1485 3859 1485 3825 1485 3825 1485 3859 1485 3860 1485 3796 1485 3830 1485 3831 1485 3831 1484 3830 1484 3865 1484 3831 1484 3865 1484 3866 1484 3866 1432 3865 1432 2346 1432 3865 1484 3830 1484 3864 1484 3869 1484 3835 1484 3834 1484 3869 1484 3834 1484 3868 1484 3868 1484 3834 1484 3833 1484 3804 1485 3838 1485 3839 1485 3839 1484 3838 1484 3873 1484 3839 1484 3873 1484 3874 1484 3874 1432 3873 1432 2346 1432 3873 1484 3838 1484 3872 1484 3877 1484 3843 1484 3842 1484 3877 1484 3842 1484 3876 1484 3876 1484 3842 1484 3841 1484 3813 1485 3847 1485 3848 1485 3848 1484 3847 1484 3882 1484 3848 1484 3882 1484 3883 1484 3883 1432 3882 1432 3720 1432 3882 1484 3847 1484 3881 1484 3886 1484 3852 1484 3851 1484 3886 1484 3851 1484 3885 1484 3885 1484 3851 1484 3850 1484 3821 1485 3855 1485 3856 1485 3856 1484 3855 1484 3890 1484 3856 1484 3890 1484 3891 1484 3891 1483 3890 1483 3720 1483 3890 1484 3855 1484 3889 1484 3894 1484 3860 1484 3859 1484 3894 1484 3859 1484 3893 1484 3893 1484 3859 1484 3858 1484 2346 1432 3865 1432 3864 1432 2346 1432 3873 1432 3872 1432 3720 1432 3882 1432 3881 1432 3720 1432 3890 1432 3889 1432 2346 1 2345 1 3720 1 3720 1 2345 1 3896 1 2345 2 2344 2 3896 2 3896 2 2344 2 3897 2 2344 1 2343 1 3897 1 3897 1 2343 1 3898 1 2343 2 2342 2 3898 2 3898 2 2342 2 3899 2 2342 0 2341 0 3899 0 3899 0 2341 0 3900 0 2341 2 2340 2 3900 2 3900 2 2340 2 3901 2 2340 1948 2339 1948 3901 1948 3901 1948 2339 1948 3902 1948 2339 1 2338 1 3902 1 3902 1 2338 1 3903 1 2338 1945 2337 1945 3903 1945 3903 1945 2337 1945 3904 1945 2527 2 2526 2 3906 2 3906 2 2526 2 3905 2 2526 1949 2525 1949 3905 1949 3905 1949 2525 1949 2545 1949 2535 0 2534 0 3908 0 3908 0 2534 0 3907 0 2540 1950 3913 1950 2509 1950 2509 1950 3913 1950 3914 1950 2509 1951 3914 1951 3915 1951 3915 1952 3914 1952 3941 1952 3915 1952 3941 1952 3942 1952 3942 1953 3941 1953 3968 1953 3942 1953 3968 1953 3969 1953 3969 1954 3968 1954 2537 1954 3969 1955 2537 1955 3970 1955 3970 1955 2537 1955 3971 1955 3970 1953 3971 1953 3944 1953 3944 1953 3971 1953 3945 1953 3944 1952 3945 1952 3918 1952 3918 1952 3945 1952 3919 1952 3918 1950 3919 1950 2509 1950 2509 1956 3919 1956 3920 1956 2509 1950 3920 1950 3921 1950 3921 1952 3920 1952 3947 1952 3921 1952 3947 1952 3948 1952 3948 1953 3947 1953 3974 1953 3948 1953 3974 1953 3975 1953 3975 1957 3974 1957 2537 1957 3975 1958 2537 1958 3976 1958 3976 1957 2537 1957 3977 1957 3976 1953 3977 1953 3950 1953 3950 1953 3977 1953 3951 1953 3950 1952 3951 1952 3924 1952 3924 1952 3951 1952 3925 1952 3924 1959 3925 1959 2509 1959 2509 1950 3925 1950 3926 1950 2509 1951 3926 1951 2713 1951 2713 1950 3926 1950 3927 1950 2713 1956 3927 1956 3928 1956 3928 1952 3927 1952 3954 1952 3928 1952 3954 1952 3955 1952 3955 1953 3954 1953 3981 1953 3955 1953 3981 1953 3982 1953 3982 1960 3981 1960 3909 1960 3982 1955 3909 1955 3983 1955 3983 1954 3909 1954 3984 1954 3983 1953 3984 1953 3957 1953 3957 1953 3984 1953 3958 1953 3957 1952 3958 1952 3931 1952 3931 1952 3958 1952 3932 1952 3931 1961 3932 1961 2713 1961 2713 1951 3932 1951 3933 1951 2713 1950 3933 1950 3934 1950 3934 1952 3933 1952 3960 1952 3934 1952 3960 1952 3961 1952 3961 1953 3960 1953 3987 1953 3961 1953 3987 1953 3988 1953 3988 1955 3987 1955 3909 1955 3988 1962 3909 1962 3989 1962 3989 1955 3909 1955 3990 1955 3989 1953 3990 1953 3963 1953 3963 1953 3990 1953 3964 1953 3963 1952 3964 1952 3937 1952 3937 1952 3964 1952 3938 1952 3937 1950 3938 1950 2713 1950 2713 1950 3938 1950 3912 1950 3912 1952 3938 1952 3911 1952 3911 1952 3938 1952 3964 1952 3911 1953 3964 1953 3910 1953 3910 1953 3964 1953 3990 1953 3910 1955 3990 1955 3909 1955 3913 1952 2540 1952 3939 1952 3939 1952 2540 1952 2539 1952 3939 1953 2539 1953 3965 1953 3965 1953 2539 1953 2538 1953 3965 1955 2538 1955 2537 1955 2537 1960 3909 1960 3977 1960 3977 1955 3909 1955 3978 1955 3977 1953 3978 1953 3951 1953 3951 1953 3978 1953 3952 1953 3951 1952 3952 1952 3925 1952 3925 1952 3952 1952 3926 1952 3914 1952 3913 1952 3940 1952 3940 1952 3913 1952 3939 1952 3940 1953 3939 1953 3966 1953 3966 1953 3939 1953 3965 1953 3966 1955 3965 1955 2537 1955 3915 1950 3916 1950 2509 1950 2509 1961 3916 1961 3917 1961 2509 1950 3917 1950 3918 1950 3918 1952 3917 1952 3944 1952 3915 1952 3942 1952 3916 1952 3916 1952 3942 1952 3943 1952 3916 1952 3943 1952 3917 1952 3917 1952 3943 1952 3944 1952 3920 1952 3919 1952 3946 1952 3946 1952 3919 1952 3945 1952 3946 1953 3945 1953 3972 1953 3972 1953 3945 1953 3971 1953 3972 1960 3971 1960 2537 1960 3921 1950 3922 1950 2509 1950 2509 1963 3922 1963 3923 1963 2509 1964 3923 1964 3924 1964 3924 1952 3923 1952 3950 1952 3921 1952 3948 1952 3922 1952 3922 1952 3948 1952 3949 1952 3922 1952 3949 1952 3923 1952 3923 1952 3949 1952 3950 1952 3927 1952 3926 1952 3953 1952 3953 1952 3926 1952 3952 1952 3953 1953 3952 1953 3979 1953 3979 1953 3952 1953 3978 1953 3979 1955 3978 1955 3909 1955 3928 1950 3929 1950 2713 1950 2713 1956 3929 1956 3930 1956 2713 1950 3930 1950 3931 1950 3931 1952 3930 1952 3957 1952 3928 1952 3955 1952 3929 1952 3929 1952 3955 1952 3956 1952 3929 1952 3956 1952 3930 1952 3930 1952 3956 1952 3957 1952 3933 1952 3932 1952 3959 1952 3959 1952 3932 1952 3958 1952 3959 1953 3958 1953 3985 1953 3985 1953 3958 1953 3984 1953 3985 1965 3984 1965 3909 1965 3934 1950 3935 1950 2713 1950 2713 1950 3935 1950 3936 1950 2713 1966 3936 1966 3937 1966 3937 1952 3936 1952 3963 1952 3934 1952 3961 1952 3935 1952 3935 1952 3961 1952 3962 1952 3935 1952 3962 1952 3936 1952 3936 1952 3962 1952 3963 1952 3914 1952 3940 1952 3941 1952 3941 1953 3940 1953 3967 1953 3941 1953 3967 1953 3968 1953 3968 1955 3967 1955 2537 1955 3967 1953 3940 1953 3966 1953 3970 1953 3944 1953 3943 1953 3970 1953 3943 1953 3969 1953 3969 1953 3943 1953 3942 1953 3920 1952 3946 1952 3947 1952 3947 1953 3946 1953 3973 1953 3947 1953 3973 1953 3974 1953 3974 1955 3973 1955 2537 1955 3973 1953 3946 1953 3972 1953 3976 1953 3950 1953 3949 1953 3976 1953 3949 1953 3975 1953 3975 1953 3949 1953 3948 1953 3927 1952 3953 1952 3954 1952 3954 1953 3953 1953 3980 1953 3954 1953 3980 1953 3981 1953 3981 1955 3980 1955 3909 1955 3980 1953 3953 1953 3979 1953 3983 1953 3957 1953 3956 1953 3983 1953 3956 1953 3982 1953 3982 1953 3956 1953 3955 1953 3933 1952 3959 1952 3960 1952 3960 1953 3959 1953 3986 1953 3960 1953 3986 1953 3987 1953 3987 1955 3986 1955 3909 1955 3986 1953 3959 1953 3985 1953 3989 1953 3963 1953 3962 1953 3989 1953 3962 1953 3988 1953 3988 1953 3962 1953 3961 1953 2537 1960 3967 1960 3966 1960 2537 1955 3973 1955 3972 1955 3909 1967 3980 1967 3979 1967 3909 1955 3986 1955 3985 1955 2534 1968 2533 1968 3907 1968 3907 1968 2533 1968 3991 1968 2532 1969 3996 1969 2533 1969 2533 1969 3996 1969 3997 1969 2533 1970 3997 1970 3998 1970 3998 1971 3997 1971 4024 1971 3998 1971 4024 1971 4025 1971 4025 1972 4024 1972 4051 1972 4025 1972 4051 1972 4052 1972 4052 1973 4051 1973 2529 1973 4052 1973 2529 1973 4053 1973 4053 1974 2529 1974 4054 1974 4053 1972 4054 1972 4027 1972 4027 1972 4054 1972 4028 1972 4027 1971 4028 1971 4001 1971 4001 1971 4028 1971 4002 1971 4001 1969 4002 1969 2533 1969 2533 1969 4002 1969 4003 1969 2533 1969 4003 1969 4004 1969 4004 1971 4003 1971 4030 1971 4004 1971 4030 1971 4031 1971 4031 1972 4030 1972 4057 1972 4031 1972 4057 1972 4058 1972 4058 1973 4057 1973 2529 1973 4058 1973 2529 1973 4059 1973 4059 1973 2529 1973 4060 1973 4059 1972 4060 1972 4033 1972 4033 1972 4060 1972 4034 1972 4033 1971 4034 1971 4007 1971 4007 1971 4034 1971 4008 1971 4007 1969 4008 1969 2533 1969 2533 1970 4008 1970 4009 1970 2533 1969 4009 1969 3991 1969 3991 1970 4009 1970 4010 1970 3991 1969 4010 1969 4011 1969 4011 1971 4010 1971 4037 1971 4011 1971 4037 1971 4038 1971 4038 1972 4037 1972 4064 1972 4038 1972 4064 1972 4065 1972 4065 1973 4064 1973 3992 1973 4065 1973 3992 1973 4066 1973 4066 1973 3992 1973 4067 1973 4066 1972 4067 1972 4040 1972 4040 1972 4067 1972 4041 1972 4040 1971 4041 1971 4014 1971 4014 1971 4041 1971 4015 1971 4014 1969 4015 1969 3991 1969 3991 1969 4015 1969 4016 1969 3991 1969 4016 1969 4017 1969 4017 1971 4016 1971 4043 1971 4017 1971 4043 1971 4044 1971 4044 1972 4043 1972 4070 1972 4044 1972 4070 1972 4071 1972 4071 1974 4070 1974 3992 1974 4071 1974 3992 1974 4072 1974 4072 1973 3992 1973 4073 1973 4072 1972 4073 1972 4046 1972 4046 1972 4073 1972 4047 1972 4046 1971 4047 1971 4020 1971 4020 1971 4047 1971 4021 1971 4020 1969 4021 1969 3991 1969 3991 1970 4021 1970 3995 1970 3995 1971 4021 1971 3994 1971 3994 1971 4021 1971 4047 1971 3994 1972 4047 1972 3993 1972 3993 1972 4047 1972 4073 1972 3993 1974 4073 1974 3992 1974 3996 1971 2532 1971 4022 1971 4022 1971 2532 1971 2531 1971 4022 1972 2531 1972 4048 1972 4048 1972 2531 1972 2530 1972 4048 1973 2530 1973 2529 1973 2529 1973 3992 1973 4060 1973 4060 1973 3992 1973 4061 1973 4060 1972 4061 1972 4034 1972 4034 1972 4061 1972 4035 1972 4034 1971 4035 1971 4008 1971 4008 1971 4035 1971 4009 1971 3997 1971 3996 1971 4023 1971 4023 1971 3996 1971 4022 1971 4023 1972 4022 1972 4049 1972 4049 1972 4022 1972 4048 1972 4049 1974 4048 1974 2529 1974 3998 1969 3999 1969 2533 1969 2533 1969 3999 1969 4000 1969 2533 1970 4000 1970 4001 1970 4001 1971 4000 1971 4027 1971 3998 1971 4025 1971 3999 1971 3999 1971 4025 1971 4026 1971 3999 1971 4026 1971 4000 1971 4000 1971 4026 1971 4027 1971 4003 1971 4002 1971 4029 1971 4029 1971 4002 1971 4028 1971 4029 1972 4028 1972 4055 1972 4055 1972 4028 1972 4054 1972 4055 1973 4054 1973 2529 1973 4004 1975 4005 1975 2533 1975 2533 1969 4005 1969 4006 1969 2533 1969 4006 1969 4007 1969 4007 1971 4006 1971 4033 1971 4004 1971 4031 1971 4005 1971 4005 1971 4031 1971 4032 1971 4005 1971 4032 1971 4006 1971 4006 1971 4032 1971 4033 1971 4010 1971 4009 1971 4036 1971 4036 1971 4009 1971 4035 1971 4036 1972 4035 1972 4062 1972 4062 1972 4035 1972 4061 1972 4062 1973 4061 1973 3992 1973 4011 1969 4012 1969 3991 1969 3991 1969 4012 1969 4013 1969 3991 1970 4013 1970 4014 1970 4014 1971 4013 1971 4040 1971 4011 1971 4038 1971 4012 1971 4012 1971 4038 1971 4039 1971 4012 1971 4039 1971 4013 1971 4013 1971 4039 1971 4040 1971 4016 1971 4015 1971 4042 1971 4042 1971 4015 1971 4041 1971 4042 1972 4041 1972 4068 1972 4068 1972 4041 1972 4067 1972 4068 1973 4067 1973 3992 1973 4017 1970 4018 1970 3991 1970 3991 1969 4018 1969 4019 1969 3991 1969 4019 1969 4020 1969 4020 1971 4019 1971 4046 1971 4017 1971 4044 1971 4018 1971 4018 1971 4044 1971 4045 1971 4018 1971 4045 1971 4019 1971 4019 1971 4045 1971 4046 1971 3997 1971 4023 1971 4024 1971 4024 1972 4023 1972 4050 1972 4024 1972 4050 1972 4051 1972 4051 1974 4050 1974 2529 1974 4050 1972 4023 1972 4049 1972 4053 1972 4027 1972 4026 1972 4053 1972 4026 1972 4052 1972 4052 1972 4026 1972 4025 1972 4003 1971 4029 1971 4030 1971 4030 1972 4029 1972 4056 1972 4030 1972 4056 1972 4057 1972 4057 1973 4056 1973 2529 1973 4056 1972 4029 1972 4055 1972 4059 1972 4033 1972 4032 1972 4059 1972 4032 1972 4058 1972 4058 1972 4032 1972 4031 1972 4010 1971 4036 1971 4037 1971 4037 1972 4036 1972 4063 1972 4037 1972 4063 1972 4064 1972 4064 1973 4063 1973 3992 1973 4063 1972 4036 1972 4062 1972 4066 1972 4040 1972 4039 1972 4066 1972 4039 1972 4065 1972 4065 1972 4039 1972 4038 1972 4016 1971 4042 1971 4043 1971 4043 1972 4042 1972 4069 1972 4043 1972 4069 1972 4070 1972 4070 1973 4069 1973 3992 1973 4069 1972 4042 1972 4068 1972 4072 1972 4046 1972 4045 1972 4072 1972 4045 1972 4071 1972 4071 1972 4045 1972 4044 1972 2529 1973 4050 1973 4049 1973 2529 1974 4056 1974 4055 1974 3992 1973 4063 1973 4062 1973 3992 1974 4069 1974 4068 1974 2433 1 2432 1 4074 1 4074 1 2432 1 3321 1 2434 2 2433 2 4075 2 4075 2 2433 2 4074 2 2435 1 2434 1 4076 1 4076 1 2434 1 4075 1 2440 1503 4083 1503 2441 1503 2441 1503 4083 1503 4084 1503 2441 1502 4084 1502 4085 1502 4085 1504 4084 1504 4123 1504 4085 1505 4123 1505 4124 1505 4124 1614 4123 1614 4162 1614 4124 1614 4162 1614 4163 1614 4163 1617 4162 1617 4201 1617 4163 1617 4201 1617 4202 1617 4202 1481 4201 1481 4240 1481 4202 1481 4240 1481 4241 1481 4241 1516 4240 1516 2435 1516 4241 1516 2435 1516 4242 1516 4242 1516 2435 1516 4243 1516 4242 1481 4243 1481 4204 1481 4204 1481 4243 1481 4205 1481 4204 1617 4205 1617 4166 1617 4166 1617 4205 1617 4167 1617 4166 1614 4167 1614 4128 1614 4128 1614 4167 1614 4129 1614 4128 1504 4129 1504 4090 1504 4090 1505 4129 1505 4091 1505 4090 1976 4091 1976 2441 1976 2441 1977 4091 1977 4092 1977 2441 1978 4092 1978 4093 1978 4093 1504 4092 1504 4131 1504 4093 1504 4131 1504 4132 1504 4132 1614 4131 1614 4170 1614 4132 1614 4170 1614 4171 1614 4171 1617 4170 1617 4209 1617 4171 1617 4209 1617 4210 1617 4210 1481 4209 1481 4248 1481 4210 1481 4248 1481 4249 1481 4249 1516 4248 1516 2435 1516 4249 1516 2435 1516 4250 1516 4250 1516 2435 1516 4251 1516 4250 1481 4251 1481 4212 1481 4212 1481 4251 1481 4213 1481 4212 1617 4213 1617 4174 1617 4174 1617 4213 1617 4175 1617 4174 1614 4175 1614 4136 1614 4136 1614 4175 1614 4137 1614 4136 1504 4137 1504 4098 1504 4098 1504 4137 1504 4099 1504 4098 1976 4099 1976 2441 1976 2441 1977 4099 1977 4100 1977 2441 1978 4100 1978 4101 1978 4101 1504 4100 1504 4139 1504 4101 1504 4139 1504 4140 1504 4140 1614 4139 1614 4178 1614 4140 1614 4178 1614 4179 1614 4179 1617 4178 1617 4217 1617 4179 1617 4217 1617 4218 1617 4218 1481 4217 1481 4256 1481 4218 1527 4256 1527 4257 1527 4257 1516 4256 1516 4076 1516 4257 1516 4076 1516 4258 1516 4258 1516 4076 1516 4259 1516 4258 1527 4259 1527 4220 1527 4220 1481 4259 1481 4221 1481 4220 1617 4221 1617 4182 1617 4182 1617 4221 1617 4183 1617 4182 1614 4183 1614 4144 1614 4144 1614 4183 1614 4145 1614 4144 1505 4145 1505 4106 1505 4106 1504 4145 1504 4107 1504 4106 1979 4107 1979 4082 1979 4082 1978 4107 1978 4108 1978 4082 1977 4108 1977 4109 1977 4109 1504 4108 1504 4147 1504 4109 1504 4147 1504 4148 1504 4148 1614 4147 1614 4186 1614 4148 1614 4186 1614 4187 1614 4187 1480 4186 1480 4225 1480 4187 1480 4225 1480 4226 1480 4226 1527 4225 1527 4264 1527 4226 1527 4264 1527 4265 1527 4265 1516 4264 1516 4076 1516 4265 1516 4076 1516 4266 1516 4266 1516 4076 1516 4267 1516 4266 1481 4267 1481 4228 1481 4228 1481 4267 1481 4229 1481 4228 1617 4229 1617 4190 1617 4190 1617 4229 1617 4191 1617 4190 1479 4191 1479 4152 1479 4152 1614 4191 1614 4153 1614 4152 1505 4153 1505 4114 1505 4114 1504 4153 1504 4115 1504 4114 1976 4115 1976 4082 1976 4082 1618 4115 1618 4116 1618 4082 1503 4116 1503 4117 1503 4117 1504 4116 1504 4155 1504 4117 1505 4155 1505 4156 1505 4156 1614 4155 1614 4194 1614 4156 1614 4194 1614 4195 1614 4195 1617 4194 1617 4233 1617 4195 1617 4233 1617 4234 1617 4234 1481 4233 1481 4272 1481 4234 1481 4272 1481 4077 1481 4077 1516 4272 1516 4076 1516 4076 1516 4272 1516 4271 1516 4076 1516 4271 1516 4270 1516 4270 1481 4271 1481 4232 1481 4270 1527 4232 1527 4231 1527 4231 1480 4232 1480 4193 1480 4231 1617 4193 1617 4192 1617 4192 1479 4193 1479 4154 1479 4192 1614 4154 1614 4153 1614 4153 1505 4154 1505 4115 1505 4083 1504 2440 1504 4121 1504 4121 1504 2440 1504 2439 1504 4121 1614 2439 1614 4159 1614 4159 1614 2439 1614 2438 1614 4159 1617 2438 1617 4197 1617 4197 1617 2438 1617 2437 1617 4197 1481 2437 1481 4235 1481 4235 1481 2437 1481 2436 1481 4235 1516 2436 1516 2435 1516 4076 1516 4253 1516 2435 1516 2435 1517 4253 1517 4252 1517 2435 1534 4252 1534 4251 1534 4251 1481 4252 1481 4213 1481 4077 1527 4078 1527 4234 1527 4234 1480 4078 1480 4196 1480 4234 1617 4196 1617 4195 1617 4195 1479 4196 1479 4157 1479 4195 1614 4157 1614 4156 1614 4156 1504 4157 1504 4118 1504 4156 1505 4118 1505 4117 1505 4117 1503 4118 1503 4082 1503 4078 1617 4079 1617 4196 1617 4196 1614 4079 1614 4158 1614 4196 1614 4158 1614 4157 1614 4157 1504 4158 1504 4119 1504 4157 1504 4119 1504 4118 1504 4118 1502 4119 1502 4082 1502 4079 1479 4080 1479 4158 1479 4158 1505 4080 1505 4120 1505 4158 1504 4120 1504 4119 1504 4119 1503 4120 1503 4082 1503 4080 1505 4081 1505 4120 1505 4120 1502 4081 1502 4082 1502 2441 1502 4102 1502 4082 1502 4082 1978 4102 1978 4103 1978 4082 1977 4103 1977 4104 1977 4104 1505 4103 1505 4142 1505 4104 1504 4142 1504 4143 1504 4143 1614 4142 1614 4181 1614 4143 1614 4181 1614 4182 1614 4182 1617 4181 1617 4220 1617 4084 1504 4083 1504 4122 1504 4122 1504 4083 1504 4121 1504 4122 1614 4121 1614 4160 1614 4160 1614 4121 1614 4159 1614 4160 1617 4159 1617 4198 1617 4198 1617 4159 1617 4197 1617 4198 1481 4197 1481 4236 1481 4236 1481 4197 1481 4235 1481 4236 1516 4235 1516 2435 1516 4085 1503 4086 1503 2441 1503 2441 1503 4086 1503 4087 1503 2441 1618 4087 1618 4088 1618 4088 1504 4087 1504 4126 1504 4088 1504 4126 1504 4127 1504 4127 1614 4126 1614 4165 1614 4127 1614 4165 1614 4166 1614 4166 1617 4165 1617 4204 1617 4085 1505 4124 1505 4086 1505 4086 1504 4124 1504 4125 1504 4086 1504 4125 1504 4087 1504 4087 1504 4125 1504 4126 1504 4090 1503 2441 1503 4089 1503 4089 1976 2441 1976 4088 1976 4089 1504 4088 1504 4127 1504 4128 1504 4090 1504 4089 1504 4128 1504 4089 1504 4127 1504 4092 1504 4091 1504 4130 1504 4130 1504 4091 1504 4129 1504 4130 1614 4129 1614 4168 1614 4168 1614 4129 1614 4167 1614 4168 1617 4167 1617 4206 1617 4206 1617 4167 1617 4205 1617 4206 1481 4205 1481 4244 1481 4244 1481 4205 1481 4243 1481 4244 1516 4243 1516 2435 1516 4093 1979 4094 1979 2441 1979 2441 1977 4094 1977 4095 1977 2441 1978 4095 1978 4096 1978 4096 1504 4095 1504 4134 1504 4096 1504 4134 1504 4135 1504 4135 1614 4134 1614 4173 1614 4135 1614 4173 1614 4174 1614 4174 1617 4173 1617 4212 1617 4093 1505 4132 1505 4094 1505 4094 1505 4132 1505 4133 1505 4094 1504 4133 1504 4095 1504 4095 1504 4133 1504 4134 1504 4098 1979 2441 1979 4097 1979 4097 1979 2441 1979 4096 1979 4097 1504 4096 1504 4135 1504 4136 1504 4098 1504 4097 1504 4136 1504 4097 1504 4135 1504 4102 1980 2441 1980 4101 1980 4100 1504 4099 1504 4138 1504 4138 1504 4099 1504 4137 1504 4138 1614 4137 1614 4176 1614 4176 1614 4137 1614 4175 1614 4176 1617 4175 1617 4214 1617 4214 1617 4175 1617 4213 1617 4214 1481 4213 1481 4252 1481 4101 1504 4140 1504 4102 1504 4102 1505 4140 1505 4141 1505 4102 1504 4141 1504 4103 1504 4103 1504 4141 1504 4142 1504 4106 1979 4082 1979 4105 1979 4105 1976 4082 1976 4104 1976 4105 1504 4104 1504 4143 1504 4144 1505 4106 1505 4105 1505 4144 1504 4105 1504 4143 1504 4108 1505 4107 1505 4146 1505 4146 1504 4107 1504 4145 1504 4146 1614 4145 1614 4184 1614 4184 1614 4145 1614 4183 1614 4184 1617 4183 1617 4222 1617 4222 1617 4183 1617 4221 1617 4222 1481 4221 1481 4260 1481 4260 1481 4221 1481 4259 1481 4260 1516 4259 1516 4076 1516 4109 1979 4110 1979 4082 1979 4082 1978 4110 1978 4111 1978 4082 1977 4111 1977 4112 1977 4112 1504 4111 1504 4150 1504 4112 1505 4150 1505 4151 1505 4151 1614 4150 1614 4189 1614 4151 1614 4189 1614 4190 1614 4190 1617 4189 1617 4228 1617 4109 1505 4148 1505 4110 1505 4110 1504 4148 1504 4149 1504 4110 1505 4149 1505 4111 1505 4111 1505 4149 1505 4150 1505 4114 1503 4082 1503 4113 1503 4113 1976 4082 1976 4112 1976 4113 1504 4112 1504 4151 1504 4152 1504 4114 1504 4113 1504 4152 1505 4113 1505 4151 1505 4155 1504 4116 1504 4154 1504 4154 1505 4116 1505 4115 1505 4084 1504 4122 1504 4123 1504 4123 1614 4122 1614 4161 1614 4123 1614 4161 1614 4162 1614 4162 1617 4161 1617 4200 1617 4162 1617 4200 1617 4201 1617 4201 1481 4200 1481 4239 1481 4201 1481 4239 1481 4240 1481 4240 1517 4239 1517 2435 1517 4161 1614 4122 1614 4160 1614 4124 1614 4163 1614 4125 1614 4125 1614 4163 1614 4164 1614 4125 1614 4164 1614 4126 1614 4126 1614 4164 1614 4165 1614 4166 1614 4128 1614 4127 1614 4092 1504 4130 1504 4131 1504 4131 1614 4130 1614 4169 1614 4131 1614 4169 1614 4170 1614 4170 1617 4169 1617 4208 1617 4170 1617 4208 1617 4209 1617 4209 1481 4208 1481 4247 1481 4209 1481 4247 1481 4248 1481 4248 1516 4247 1516 2435 1516 4169 1614 4130 1614 4168 1614 4132 1614 4171 1614 4133 1614 4133 1614 4171 1614 4172 1614 4133 1614 4172 1614 4134 1614 4134 1614 4172 1614 4173 1614 4174 1614 4136 1614 4135 1614 4100 1505 4138 1505 4139 1505 4139 1614 4138 1614 4177 1614 4139 1614 4177 1614 4178 1614 4178 1617 4177 1617 4216 1617 4178 1617 4216 1617 4217 1617 4217 1481 4216 1481 4255 1481 4217 1481 4255 1481 4256 1481 4256 1981 4255 1981 4076 1981 4177 1614 4138 1614 4176 1614 4140 1614 4179 1614 4141 1614 4141 1614 4179 1614 4180 1614 4141 1614 4180 1614 4142 1614 4142 1614 4180 1614 4181 1614 4182 1614 4144 1614 4143 1614 4108 1505 4146 1505 4147 1505 4147 1614 4146 1614 4185 1614 4147 1614 4185 1614 4186 1614 4186 1617 4185 1617 4224 1617 4186 1617 4224 1617 4225 1617 4225 1481 4224 1481 4263 1481 4225 1481 4263 1481 4264 1481 4264 1516 4263 1516 4076 1516 4185 1614 4146 1614 4184 1614 4148 1614 4187 1614 4149 1614 4149 1614 4187 1614 4188 1614 4149 1614 4188 1614 4150 1614 4150 1479 4188 1479 4189 1479 4190 1614 4152 1614 4151 1614 4192 1614 4153 1614 4191 1614 4194 1479 4155 1479 4193 1479 4193 1614 4155 1614 4154 1614 4161 1617 4160 1617 4199 1617 4199 1617 4160 1617 4198 1617 4199 1481 4198 1481 4237 1481 4237 1481 4198 1481 4236 1481 4237 1516 4236 1516 2435 1516 4163 1617 4202 1617 4164 1617 4164 1617 4202 1617 4203 1617 4164 1617 4203 1617 4165 1617 4165 1617 4203 1617 4204 1617 4169 1617 4168 1617 4207 1617 4207 1617 4168 1617 4206 1617 4207 1481 4206 1481 4245 1481 4245 1481 4206 1481 4244 1481 4245 1517 4244 1517 2435 1517 4171 1617 4210 1617 4172 1617 4172 1617 4210 1617 4211 1617 4172 1617 4211 1617 4173 1617 4173 1617 4211 1617 4212 1617 4177 1617 4176 1617 4215 1617 4215 1617 4176 1617 4214 1617 4215 1481 4214 1481 4253 1481 4253 1527 4214 1527 4252 1527 4179 1617 4218 1617 4180 1617 4180 1617 4218 1617 4219 1617 4180 1617 4219 1617 4181 1617 4181 1617 4219 1617 4220 1617 4185 1617 4184 1617 4223 1617 4223 1617 4184 1617 4222 1617 4223 1481 4222 1481 4261 1481 4261 1527 4222 1527 4260 1527 4261 1516 4260 1516 4076 1516 4187 1617 4226 1617 4188 1617 4188 1617 4226 1617 4227 1617 4188 1617 4227 1617 4189 1617 4189 1480 4227 1480 4228 1480 4192 1617 4191 1617 4230 1617 4230 1480 4191 1480 4229 1480 4230 1527 4229 1527 4268 1527 4268 1481 4229 1481 4267 1481 4268 1516 4267 1516 4076 1516 4233 1617 4194 1617 4232 1617 4232 1617 4194 1617 4193 1617 4161 1617 4199 1617 4200 1617 4200 1481 4199 1481 4238 1481 4200 1481 4238 1481 4239 1481 4239 1516 4238 1516 2435 1516 4238 1527 4199 1527 4237 1527 4242 1481 4204 1481 4203 1481 4242 1481 4203 1481 4241 1481 4241 1481 4203 1481 4202 1481 4169 1617 4207 1617 4208 1617 4208 1481 4207 1481 4246 1481 4208 1481 4246 1481 4247 1481 4247 1516 4246 1516 2435 1516 4246 1527 4207 1527 4245 1527 4250 1481 4212 1481 4211 1481 4250 1481 4211 1481 4249 1481 4249 1481 4211 1481 4210 1481 4177 1617 4215 1617 4216 1617 4216 1481 4215 1481 4254 1481 4216 1527 4254 1527 4255 1527 4255 1516 4254 1516 4076 1516 4254 1481 4215 1481 4253 1481 4258 1481 4220 1481 4219 1481 4258 1481 4219 1481 4257 1481 4257 1481 4219 1481 4218 1481 4185 1617 4223 1617 4224 1617 4224 1481 4223 1481 4262 1481 4224 1527 4262 1527 4263 1527 4263 1517 4262 1517 4076 1517 4262 1481 4223 1481 4261 1481 4266 1527 4228 1527 4227 1527 4266 1481 4227 1481 4265 1481 4265 1481 4227 1481 4226 1481 4192 1617 4230 1617 4231 1617 4231 1481 4230 1481 4269 1481 4231 1527 4269 1527 4270 1527 4270 1516 4269 1516 4076 1516 4269 1527 4230 1527 4268 1527 4272 1527 4233 1527 4271 1527 4271 1481 4233 1481 4232 1481 2435 1516 4238 1516 4237 1516 2435 1516 4246 1516 4245 1516 4076 1534 4254 1534 4253 1534 4076 1516 4262 1516 4261 1516 4076 1516 4269 1516 4268 1516 2442 2 2441 2 4273 2 4273 2 2441 2 4082 2 2421 1 2442 1 3521 1 3521 1 2442 1 4273 1 2455 1442 2454 1442 4274 1442 4274 1442 2454 1442 3119 1442 2456 1 2455 1 4275 1 4275 1 2455 1 4274 1 2457 1442 2456 1442 4276 1442 4276 1442 2456 1442 4275 1442 2462 1432 4283 1432 2463 1432 2463 1432 4283 1432 4284 1432 2463 1432 4284 1432 4285 1432 4285 1484 4284 1484 4323 1484 4285 1484 4323 1484 4324 1484 4324 1621 4323 1621 4362 1621 4324 1621 4362 1621 4363 1621 4363 1520 4362 1520 4401 1520 4363 1520 4401 1520 4402 1520 4402 1487 4401 1487 4440 1487 4402 1487 4440 1487 4441 1487 4441 1441 4440 1441 2457 1441 4441 1440 2457 1440 4442 1440 4442 1615 2457 1615 4443 1615 4442 1487 4443 1487 4404 1487 4404 1487 4443 1487 4405 1487 4404 1520 4405 1520 4366 1520 4366 1520 4405 1520 4367 1520 4366 1485 4367 1485 4328 1485 4328 1485 4367 1485 4329 1485 4328 1484 4329 1484 4290 1484 4290 1484 4329 1484 4291 1484 4290 1432 4291 1432 2463 1432 2463 1432 4291 1432 4292 1432 2463 1432 4292 1432 4293 1432 4293 1484 4292 1484 4331 1484 4293 1484 4331 1484 4332 1484 4332 1621 4331 1621 4370 1621 4332 1485 4370 1485 4371 1485 4371 1520 4370 1520 4409 1520 4371 1520 4409 1520 4410 1520 4410 1487 4409 1487 4448 1487 4410 1487 4448 1487 4449 1487 4449 1615 4448 1615 2457 1615 4449 1440 2457 1440 4450 1440 4450 1921 2457 1921 4451 1921 4450 1487 4451 1487 4412 1487 4412 1487 4451 1487 4413 1487 4412 1486 4413 1486 4374 1486 4374 1520 4413 1520 4375 1520 4374 1621 4375 1621 4336 1621 4336 1485 4375 1485 4337 1485 4336 1484 4337 1484 4298 1484 4298 1484 4337 1484 4299 1484 4298 1432 4299 1432 2463 1432 2463 1432 4299 1432 4300 1432 2463 1432 4300 1432 4301 1432 4301 1484 4300 1484 4339 1484 4301 1484 4339 1484 4340 1484 4340 1621 4339 1621 4378 1621 4340 1621 4378 1621 4379 1621 4379 1520 4378 1520 4417 1520 4379 1520 4417 1520 4418 1520 4418 1487 4417 1487 4456 1487 4418 1487 4456 1487 4457 1487 4457 1921 4456 1921 4276 1921 4457 1440 4276 1440 4458 1440 4458 1615 4276 1615 4459 1615 4458 1487 4459 1487 4420 1487 4420 1439 4459 1439 4421 1439 4420 1520 4421 1520 4382 1520 4382 1520 4421 1520 4383 1520 4382 1621 4383 1621 4344 1621 4344 1485 4383 1485 4345 1485 4344 1528 4345 1528 4306 1528 4306 1484 4345 1484 4307 1484 4306 1432 4307 1432 4282 1432 4282 1432 4307 1432 4308 1432 4282 1432 4308 1432 4309 1432 4309 1484 4308 1484 4347 1484 4309 1484 4347 1484 4348 1484 4348 1621 4347 1621 4386 1621 4348 1621 4386 1621 4387 1621 4387 1520 4386 1520 4425 1520 4387 1520 4425 1520 4426 1520 4426 1439 4425 1439 4464 1439 4426 1487 4464 1487 4465 1487 4465 1615 4464 1615 4276 1615 4465 1440 4276 1440 4466 1440 4466 1441 4276 1441 4467 1441 4466 1487 4467 1487 4428 1487 4428 1487 4467 1487 4429 1487 4428 1486 4429 1486 4390 1486 4390 1486 4429 1486 4391 1486 4390 1485 4391 1485 4352 1485 4352 1621 4391 1621 4353 1621 4352 1484 4353 1484 4314 1484 4314 1484 4353 1484 4315 1484 4314 1432 4315 1432 4282 1432 4282 1432 4315 1432 4316 1432 4282 1432 4316 1432 4317 1432 4317 1484 4316 1484 4355 1484 4317 1528 4355 1528 4356 1528 4356 1485 4355 1485 4394 1485 4356 1485 4394 1485 4395 1485 4395 1486 4394 1486 4433 1486 4395 1486 4433 1486 4434 1486 4434 1487 4433 1487 4472 1487 4434 1487 4472 1487 4277 1487 4277 1440 4472 1440 4276 1440 4276 1441 4472 1441 4471 1441 4276 1441 4471 1441 4470 1441 4470 1487 4471 1487 4432 1487 4470 1487 4432 1487 4431 1487 4431 1486 4432 1486 4393 1486 4431 1486 4393 1486 4392 1486 4392 1485 4393 1485 4354 1485 4392 1621 4354 1621 4353 1621 4353 1484 4354 1484 4315 1484 4283 1484 2462 1484 4321 1484 4321 1484 2462 1484 2461 1484 4321 1621 2461 1621 4359 1621 4359 1621 2461 1621 2460 1621 4359 1520 2460 1520 4397 1520 4397 1520 2460 1520 2459 1520 4397 1487 2459 1487 4435 1487 4435 1487 2459 1487 2458 1487 4435 1441 2458 1441 2457 1441 4276 1441 4453 1441 2457 1441 2457 1929 4453 1929 4452 1929 2457 1929 4452 1929 4451 1929 4451 1487 4452 1487 4413 1487 4277 1487 4278 1487 4434 1487 4434 1520 4278 1520 4396 1520 4434 1520 4396 1520 4395 1520 4395 1485 4396 1485 4357 1485 4395 1621 4357 1621 4356 1621 4356 1484 4357 1484 4318 1484 4356 1484 4318 1484 4317 1484 4317 1432 4318 1432 4282 1432 4278 1486 4279 1486 4396 1486 4396 1485 4279 1485 4358 1485 4396 1621 4358 1621 4357 1621 4357 1484 4358 1484 4319 1484 4357 1484 4319 1484 4318 1484 4318 1432 4319 1432 4282 1432 4279 1621 4280 1621 4358 1621 4358 1484 4280 1484 4320 1484 4358 1484 4320 1484 4319 1484 4319 1432 4320 1432 4282 1432 4280 1484 4281 1484 4320 1484 4320 1432 4281 1432 4282 1432 2463 1432 4302 1432 4282 1432 4282 1432 4302 1432 4303 1432 4282 1432 4303 1432 4304 1432 4304 1484 4303 1484 4342 1484 4304 1528 4342 1528 4343 1528 4343 1485 4342 1485 4381 1485 4343 1485 4381 1485 4382 1485 4382 1486 4381 1486 4420 1486 4284 1484 4283 1484 4322 1484 4322 1484 4283 1484 4321 1484 4322 1621 4321 1621 4360 1621 4360 1621 4321 1621 4359 1621 4360 1520 4359 1520 4398 1520 4398 1520 4359 1520 4397 1520 4398 1487 4397 1487 4436 1487 4436 1487 4397 1487 4435 1487 4436 1441 4435 1441 2457 1441 4285 1432 4286 1432 2463 1432 2463 1432 4286 1432 4287 1432 2463 1432 4287 1432 4288 1432 4288 1484 4287 1484 4326 1484 4288 1484 4326 1484 4327 1484 4327 1621 4326 1621 4365 1621 4327 1485 4365 1485 4366 1485 4366 1520 4365 1520 4404 1520 4285 1484 4324 1484 4286 1484 4286 1484 4324 1484 4325 1484 4286 1484 4325 1484 4287 1484 4287 1484 4325 1484 4326 1484 4290 1432 2463 1432 4289 1432 4289 1432 2463 1432 4288 1432 4289 1484 4288 1484 4327 1484 4328 1484 4290 1484 4289 1484 4328 1484 4289 1484 4327 1484 4292 1484 4291 1484 4330 1484 4330 1484 4291 1484 4329 1484 4330 1485 4329 1485 4368 1485 4368 1621 4329 1621 4367 1621 4368 1520 4367 1520 4406 1520 4406 1520 4367 1520 4405 1520 4406 1487 4405 1487 4444 1487 4444 1487 4405 1487 4443 1487 4444 1615 4443 1615 2457 1615 4293 1432 4294 1432 2463 1432 2463 1432 4294 1432 4295 1432 2463 1432 4295 1432 4296 1432 4296 1484 4295 1484 4334 1484 4296 1484 4334 1484 4335 1484 4335 1621 4334 1621 4373 1621 4335 1485 4373 1485 4374 1485 4374 1520 4373 1520 4412 1520 4293 1484 4332 1484 4294 1484 4294 1484 4332 1484 4333 1484 4294 1484 4333 1484 4295 1484 4295 1484 4333 1484 4334 1484 4298 1432 2463 1432 4297 1432 4297 1432 2463 1432 4296 1432 4297 1484 4296 1484 4335 1484 4336 1484 4298 1484 4297 1484 4336 1484 4297 1484 4335 1484 4302 1432 2463 1432 4301 1432 4300 1484 4299 1484 4338 1484 4338 1484 4299 1484 4337 1484 4338 1621 4337 1621 4376 1621 4376 1621 4337 1621 4375 1621 4376 1520 4375 1520 4414 1520 4414 1520 4375 1520 4413 1520 4414 1487 4413 1487 4452 1487 4301 1484 4340 1484 4302 1484 4302 1528 4340 1528 4341 1528 4302 1484 4341 1484 4303 1484 4303 1484 4341 1484 4342 1484 4306 1920 4282 1920 4305 1920 4305 1432 4282 1432 4304 1432 4305 1484 4304 1484 4343 1484 4344 1484 4306 1484 4305 1484 4344 1484 4305 1484 4343 1484 4308 1484 4307 1484 4346 1484 4346 1484 4307 1484 4345 1484 4346 1485 4345 1485 4384 1485 4384 1485 4345 1485 4383 1485 4384 1486 4383 1486 4422 1486 4422 1520 4383 1520 4421 1520 4422 1487 4421 1487 4460 1487 4460 1487 4421 1487 4459 1487 4460 1615 4459 1615 4276 1615 4309 1432 4310 1432 4282 1432 4282 1432 4310 1432 4311 1432 4282 1432 4311 1432 4312 1432 4312 1484 4311 1484 4350 1484 4312 1484 4350 1484 4351 1484 4351 1621 4350 1621 4389 1621 4351 1485 4389 1485 4390 1485 4390 1520 4389 1520 4428 1520 4309 1484 4348 1484 4310 1484 4310 1528 4348 1528 4349 1528 4310 1484 4349 1484 4311 1484 4311 1484 4349 1484 4350 1484 4314 1432 4282 1432 4313 1432 4313 1432 4282 1432 4312 1432 4313 1484 4312 1484 4351 1484 4352 1528 4314 1528 4313 1528 4352 1484 4313 1484 4351 1484 4355 1484 4316 1484 4354 1484 4354 1484 4316 1484 4315 1484 4284 1484 4322 1484 4323 1484 4323 1621 4322 1621 4361 1621 4323 1485 4361 1485 4362 1485 4362 1520 4361 1520 4400 1520 4362 1520 4400 1520 4401 1520 4401 1487 4400 1487 4439 1487 4401 1487 4439 1487 4440 1487 4440 1440 4439 1440 2457 1440 4361 1621 4322 1621 4360 1621 4324 1621 4363 1621 4325 1621 4325 1485 4363 1485 4364 1485 4325 1621 4364 1621 4326 1621 4326 1485 4364 1485 4365 1485 4366 1621 4328 1621 4327 1621 4292 1484 4330 1484 4331 1484 4331 1621 4330 1621 4369 1621 4331 1485 4369 1485 4370 1485 4370 1520 4369 1520 4408 1520 4370 1520 4408 1520 4409 1520 4409 1487 4408 1487 4447 1487 4409 1487 4447 1487 4448 1487 4448 1615 4447 1615 2457 1615 4369 1485 4330 1485 4368 1485 4332 1621 4371 1621 4333 1621 4333 1621 4371 1621 4372 1621 4333 1485 4372 1485 4334 1485 4334 1621 4372 1621 4373 1621 4374 1621 4336 1621 4335 1621 4300 1528 4338 1528 4339 1528 4339 1485 4338 1485 4377 1485 4339 1485 4377 1485 4378 1485 4378 1486 4377 1486 4416 1486 4378 1520 4416 1520 4417 1520 4417 1487 4416 1487 4455 1487 4417 1487 4455 1487 4456 1487 4456 1440 4455 1440 4276 1440 4377 1621 4338 1621 4376 1621 4340 1485 4379 1485 4341 1485 4341 1485 4379 1485 4380 1485 4341 1621 4380 1621 4342 1621 4342 1485 4380 1485 4381 1485 4382 1621 4344 1621 4343 1621 4308 1528 4346 1528 4347 1528 4347 1485 4346 1485 4385 1485 4347 1485 4385 1485 4386 1485 4386 1486 4385 1486 4424 1486 4386 1520 4424 1520 4425 1520 4425 1487 4424 1487 4463 1487 4425 1487 4463 1487 4464 1487 4464 1615 4463 1615 4276 1615 4385 1621 4346 1621 4384 1621 4348 1485 4387 1485 4349 1485 4349 1485 4387 1485 4388 1485 4349 1621 4388 1621 4350 1621 4350 1485 4388 1485 4389 1485 4390 1485 4352 1485 4351 1485 4392 1485 4353 1485 4391 1485 4394 1485 4355 1485 4393 1485 4393 1621 4355 1621 4354 1621 4361 1520 4360 1520 4399 1520 4399 1520 4360 1520 4398 1520 4399 1487 4398 1487 4437 1487 4437 1487 4398 1487 4436 1487 4437 1441 4436 1441 2457 1441 4363 1520 4402 1520 4364 1520 4364 1520 4402 1520 4403 1520 4364 1520 4403 1520 4365 1520 4365 1520 4403 1520 4404 1520 4369 1520 4368 1520 4407 1520 4407 1520 4368 1520 4406 1520 4407 1487 4406 1487 4445 1487 4445 1487 4406 1487 4444 1487 4445 1440 4444 1440 2457 1440 4371 1520 4410 1520 4372 1520 4372 1520 4410 1520 4411 1520 4372 1520 4411 1520 4373 1520 4373 1520 4411 1520 4412 1520 4377 1520 4376 1520 4415 1520 4415 1520 4376 1520 4414 1520 4415 1439 4414 1439 4453 1439 4453 1487 4414 1487 4452 1487 4379 1486 4418 1486 4380 1486 4380 1520 4418 1520 4419 1520 4380 1520 4419 1520 4381 1520 4381 1520 4419 1520 4420 1520 4385 1520 4384 1520 4423 1520 4423 1520 4384 1520 4422 1520 4423 1487 4422 1487 4461 1487 4461 1487 4422 1487 4460 1487 4461 1615 4460 1615 4276 1615 4387 1486 4426 1486 4388 1486 4388 1520 4426 1520 4427 1520 4388 1486 4427 1486 4389 1486 4389 1520 4427 1520 4428 1520 4392 1520 4391 1520 4430 1520 4430 1520 4391 1520 4429 1520 4430 1487 4429 1487 4468 1487 4468 1487 4429 1487 4467 1487 4468 1440 4467 1440 4276 1440 4433 1520 4394 1520 4432 1520 4432 1520 4394 1520 4393 1520 4361 1486 4399 1486 4400 1486 4400 1487 4399 1487 4438 1487 4400 1487 4438 1487 4439 1487 4439 1441 4438 1441 2457 1441 4438 1487 4399 1487 4437 1487 4442 1487 4404 1487 4403 1487 4442 1487 4403 1487 4441 1487 4441 1487 4403 1487 4402 1487 4369 1520 4407 1520 4408 1520 4408 1487 4407 1487 4446 1487 4408 1487 4446 1487 4447 1487 4447 1615 4446 1615 2457 1615 4446 1487 4407 1487 4445 1487 4450 1487 4412 1487 4411 1487 4450 1487 4411 1487 4449 1487 4449 1487 4411 1487 4410 1487 4377 1520 4415 1520 4416 1520 4416 1487 4415 1487 4454 1487 4416 1487 4454 1487 4455 1487 4455 1440 4454 1440 4276 1440 4454 1487 4415 1487 4453 1487 4458 1487 4420 1487 4419 1487 4458 1487 4419 1487 4457 1487 4457 1487 4419 1487 4418 1487 4385 1520 4423 1520 4424 1520 4424 1487 4423 1487 4462 1487 4424 1487 4462 1487 4463 1487 4463 1440 4462 1440 4276 1440 4462 1487 4423 1487 4461 1487 4466 1439 4428 1439 4427 1439 4466 1487 4427 1487 4465 1487 4465 1487 4427 1487 4426 1487 4392 1486 4430 1486 4431 1486 4431 1487 4430 1487 4469 1487 4431 1487 4469 1487 4470 1487 4470 1440 4469 1440 4276 1440 4469 1487 4430 1487 4468 1487 4472 1487 4433 1487 4471 1487 4471 1487 4433 1487 4432 1487 2457 1947 4438 1947 4437 1947 2457 1441 4446 1441 4445 1441 4276 1930 4454 1930 4453 1930 4276 1441 4462 1441 4461 1441 4276 1441 4469 1441 4468 1441 2464 1 2463 1 4473 1 4473 1 2463 1 4282 1 2443 1442 2464 1442 3319 1442 3319 1442 2464 1442 4473 1442 2477 0 2476 0 4474 0 4474 0 2476 0 2917 0 2478 1442 2477 1442 4475 1442 4475 1442 2477 1442 4474 1442 2479 0 2478 0 4476 0 4476 0 2478 0 4475 0 2484 1444 4483 1444 2485 1444 2485 1444 4483 1444 4484 1444 2485 1444 4484 1444 4485 1444 4485 1488 4484 1488 4523 1488 4485 1488 4523 1488 4524 1488 4524 1489 4523 1489 4562 1489 4524 1489 4562 1489 4563 1489 4563 1491 4562 1491 4601 1491 4563 1491 4601 1491 4602 1491 4602 1492 4601 1492 4640 1492 4602 1492 4640 1492 4641 1492 4641 1453 4640 1453 2479 1453 4641 1453 2479 1453 4642 1453 4642 1453 2479 1453 4643 1453 4642 1492 4643 1492 4604 1492 4604 1492 4643 1492 4605 1492 4604 1491 4605 1491 4566 1491 4566 1491 4605 1491 4567 1491 4566 1489 4567 1489 4528 1489 4528 1489 4567 1489 4529 1489 4528 1488 4529 1488 4490 1488 4490 1488 4529 1488 4491 1488 4490 1616 4491 1616 2485 1616 2485 1444 4491 1444 4492 1444 2485 1939 4492 1939 4493 1939 4493 1488 4492 1488 4531 1488 4493 1488 4531 1488 4532 1488 4532 1489 4531 1489 4570 1489 4532 1489 4570 1489 4571 1489 4571 1491 4570 1491 4609 1491 4571 1491 4609 1491 4610 1491 4610 1492 4609 1492 4648 1492 4610 1492 4648 1492 4649 1492 4649 1453 4648 1453 2479 1453 4649 1453 2479 1453 4650 1453 4650 1453 2479 1453 4651 1453 4650 1492 4651 1492 4612 1492 4612 1492 4651 1492 4613 1492 4612 1491 4613 1491 4574 1491 4574 1491 4613 1491 4575 1491 4574 1489 4575 1489 4536 1489 4536 1489 4575 1489 4537 1489 4536 1488 4537 1488 4498 1488 4498 1488 4537 1488 4499 1488 4498 1935 4499 1935 2485 1935 2485 1939 4499 1939 4500 1939 2485 1939 4500 1939 4501 1939 4501 1488 4500 1488 4539 1488 4501 1488 4539 1488 4540 1488 4540 1489 4539 1489 4578 1489 4540 1489 4578 1489 4579 1489 4579 1491 4578 1491 4617 1491 4579 1491 4617 1491 4618 1491 4618 1492 4617 1492 4656 1492 4618 1524 4656 1524 4657 1524 4657 1453 4656 1453 4476 1453 4657 1454 4476 1454 4658 1454 4658 1453 4476 1453 4659 1453 4658 1524 4659 1524 4620 1524 4620 1492 4659 1492 4621 1492 4620 1491 4621 1491 4582 1491 4582 1491 4621 1491 4583 1491 4582 1489 4583 1489 4544 1489 4544 1489 4583 1489 4545 1489 4544 1488 4545 1488 4506 1488 4506 1488 4545 1488 4507 1488 4506 1616 4507 1616 4482 1616 4482 1444 4507 1444 4508 1444 4482 1444 4508 1444 4509 1444 4509 1488 4508 1488 4547 1488 4509 1446 4547 1446 4548 1446 4548 1489 4547 1489 4586 1489 4548 1489 4586 1489 4587 1489 4587 1491 4586 1491 4625 1491 4587 1491 4625 1491 4626 1491 4626 1492 4625 1492 4664 1492 4626 1492 4664 1492 4665 1492 4665 1453 4664 1453 4476 1453 4665 1453 4476 1453 4666 1453 4666 1453 4476 1453 4667 1453 4666 1492 4667 1492 4628 1492 4628 1492 4667 1492 4629 1492 4628 1491 4629 1491 4590 1491 4590 1491 4629 1491 4591 1491 4590 1489 4591 1489 4552 1489 4552 1489 4591 1489 4553 1489 4552 1488 4553 1488 4514 1488 4514 1488 4553 1488 4515 1488 4514 1444 4515 1444 4482 1444 4482 1443 4515 1443 4516 1443 4482 1444 4516 1444 4517 1444 4517 1488 4516 1488 4555 1488 4517 1488 4555 1488 4556 1488 4556 1489 4555 1489 4594 1489 4556 1489 4594 1489 4595 1489 4595 1491 4594 1491 4633 1491 4595 1491 4633 1491 4634 1491 4634 1492 4633 1492 4672 1492 4634 1492 4672 1492 4477 1492 4477 1453 4672 1453 4476 1453 4476 1453 4672 1453 4671 1453 4476 1453 4671 1453 4670 1453 4670 1492 4671 1492 4632 1492 4670 1492 4632 1492 4631 1492 4631 1491 4632 1491 4593 1491 4631 1491 4593 1491 4592 1491 4592 1489 4593 1489 4554 1489 4592 1489 4554 1489 4553 1489 4553 1488 4554 1488 4515 1488 4483 1488 2484 1488 4521 1488 4521 1488 2484 1488 2483 1488 4521 1489 2483 1489 4559 1489 4559 1489 2483 1489 2482 1489 4559 1491 2482 1491 4597 1491 4597 1491 2482 1491 2481 1491 4597 1492 2481 1492 4635 1492 4635 1492 2481 1492 2480 1492 4635 1453 2480 1453 2479 1453 4476 1453 4653 1453 2479 1453 2479 1453 4653 1453 4652 1453 2479 1454 4652 1454 4651 1454 4651 1492 4652 1492 4613 1492 4477 1492 4478 1492 4634 1492 4634 1491 4478 1491 4596 1491 4634 1491 4596 1491 4595 1491 4595 1489 4596 1489 4557 1489 4595 1489 4557 1489 4556 1489 4556 1488 4557 1488 4518 1488 4556 1488 4518 1488 4517 1488 4517 1443 4518 1443 4482 1443 4478 1491 4479 1491 4596 1491 4596 1448 4479 1448 4558 1448 4596 1489 4558 1489 4557 1489 4557 1488 4558 1488 4519 1488 4557 1488 4519 1488 4518 1488 4518 1444 4519 1444 4482 1444 4479 1489 4480 1489 4558 1489 4558 1488 4480 1488 4520 1488 4558 1488 4520 1488 4519 1488 4519 1444 4520 1444 4482 1444 4480 1488 4481 1488 4520 1488 4520 1443 4481 1443 4482 1443 2485 1444 4502 1444 4482 1444 4482 1939 4502 1939 4503 1939 4482 1939 4503 1939 4504 1939 4504 1488 4503 1488 4542 1488 4504 1488 4542 1488 4543 1488 4543 1489 4542 1489 4581 1489 4543 1489 4581 1489 4582 1489 4582 1491 4581 1491 4620 1491 4484 1488 4483 1488 4522 1488 4522 1488 4483 1488 4521 1488 4522 1489 4521 1489 4560 1489 4560 1489 4521 1489 4559 1489 4560 1491 4559 1491 4598 1491 4598 1491 4559 1491 4597 1491 4598 1492 4597 1492 4636 1492 4636 1492 4597 1492 4635 1492 4636 1453 4635 1453 2479 1453 4485 1444 4486 1444 2485 1444 2485 1444 4486 1444 4487 1444 2485 1443 4487 1443 4488 1443 4488 1488 4487 1488 4526 1488 4488 1488 4526 1488 4527 1488 4527 1489 4526 1489 4565 1489 4527 1489 4565 1489 4566 1489 4566 1491 4565 1491 4604 1491 4485 1488 4524 1488 4486 1488 4486 1488 4524 1488 4525 1488 4486 1488 4525 1488 4487 1488 4487 1488 4525 1488 4526 1488 4490 1443 2485 1443 4489 1443 4489 1444 2485 1444 4488 1444 4489 1488 4488 1488 4527 1488 4528 1488 4490 1488 4489 1488 4528 1488 4489 1488 4527 1488 4492 1488 4491 1488 4530 1488 4530 1488 4491 1488 4529 1488 4530 1489 4529 1489 4568 1489 4568 1489 4529 1489 4567 1489 4568 1491 4567 1491 4606 1491 4606 1491 4567 1491 4605 1491 4606 1492 4605 1492 4644 1492 4644 1492 4605 1492 4643 1492 4644 1453 4643 1453 2479 1453 4493 1616 4494 1616 2485 1616 2485 1444 4494 1444 4495 1444 2485 1444 4495 1444 4496 1444 4496 1488 4495 1488 4534 1488 4496 1488 4534 1488 4535 1488 4535 1489 4534 1489 4573 1489 4535 1489 4573 1489 4574 1489 4574 1491 4573 1491 4612 1491 4493 1488 4532 1488 4494 1488 4494 1488 4532 1488 4533 1488 4494 1488 4533 1488 4495 1488 4495 1488 4533 1488 4534 1488 4498 1443 2485 1443 4497 1443 4497 1616 2485 1616 4496 1616 4497 1488 4496 1488 4535 1488 4536 1488 4498 1488 4497 1488 4536 1488 4497 1488 4535 1488 4502 1935 2485 1935 4501 1935 4500 1488 4499 1488 4538 1488 4538 1488 4499 1488 4537 1488 4538 1489 4537 1489 4576 1489 4576 1489 4537 1489 4575 1489 4576 1491 4575 1491 4614 1491 4614 1491 4575 1491 4613 1491 4614 1492 4613 1492 4652 1492 4501 1488 4540 1488 4502 1488 4502 1488 4540 1488 4541 1488 4502 1488 4541 1488 4503 1488 4503 1446 4541 1446 4542 1446 4506 1443 4482 1443 4505 1443 4505 1935 4482 1935 4504 1935 4505 1488 4504 1488 4543 1488 4544 1488 4506 1488 4505 1488 4544 1446 4505 1446 4543 1446 4508 1488 4507 1488 4546 1488 4546 1446 4507 1446 4545 1446 4546 1489 4545 1489 4584 1489 4584 1489 4545 1489 4583 1489 4584 1491 4583 1491 4622 1491 4622 1491 4583 1491 4621 1491 4622 1492 4621 1492 4660 1492 4660 1492 4621 1492 4659 1492 4660 1453 4659 1453 4476 1453 4509 1616 4510 1616 4482 1616 4482 1939 4510 1939 4511 1939 4482 1444 4511 1444 4512 1444 4512 1446 4511 1446 4550 1446 4512 1488 4550 1488 4551 1488 4551 1489 4550 1489 4589 1489 4551 1489 4589 1489 4590 1489 4590 1491 4589 1491 4628 1491 4509 1488 4548 1488 4510 1488 4510 1446 4548 1446 4549 1446 4510 1488 4549 1488 4511 1488 4511 1488 4549 1488 4550 1488 4514 1443 4482 1443 4513 1443 4513 1616 4482 1616 4512 1616 4513 1488 4512 1488 4551 1488 4552 1446 4514 1446 4513 1446 4552 1488 4513 1488 4551 1488 4555 1488 4516 1488 4554 1488 4554 1488 4516 1488 4515 1488 4484 1488 4522 1488 4523 1488 4523 1489 4522 1489 4561 1489 4523 1489 4561 1489 4562 1489 4562 1491 4561 1491 4600 1491 4562 1491 4600 1491 4601 1491 4601 1492 4600 1492 4639 1492 4601 1492 4639 1492 4640 1492 4640 1453 4639 1453 2479 1453 4561 1489 4522 1489 4560 1489 4524 1489 4563 1489 4525 1489 4525 1489 4563 1489 4564 1489 4525 1489 4564 1489 4526 1489 4526 1489 4564 1489 4565 1489 4566 1489 4528 1489 4527 1489 4492 1488 4530 1488 4531 1488 4531 1489 4530 1489 4569 1489 4531 1489 4569 1489 4570 1489 4570 1491 4569 1491 4608 1491 4570 1491 4608 1491 4609 1491 4609 1492 4608 1492 4647 1492 4609 1492 4647 1492 4648 1492 4648 1454 4647 1454 2479 1454 4569 1489 4530 1489 4568 1489 4532 1489 4571 1489 4533 1489 4533 1489 4571 1489 4572 1489 4533 1489 4572 1489 4534 1489 4534 1489 4572 1489 4573 1489 4574 1489 4536 1489 4535 1489 4500 1488 4538 1488 4539 1488 4539 1489 4538 1489 4577 1489 4539 1489 4577 1489 4578 1489 4578 1491 4577 1491 4616 1491 4578 1491 4616 1491 4617 1491 4617 1492 4616 1492 4655 1492 4617 1492 4655 1492 4656 1492 4656 1453 4655 1453 4476 1453 4577 1489 4538 1489 4576 1489 4540 1489 4579 1489 4541 1489 4541 1489 4579 1489 4580 1489 4541 1489 4580 1489 4542 1489 4542 1489 4580 1489 4581 1489 4582 1489 4544 1489 4543 1489 4508 1488 4546 1488 4547 1488 4547 1489 4546 1489 4585 1489 4547 1489 4585 1489 4586 1489 4586 1491 4585 1491 4624 1491 4586 1491 4624 1491 4625 1491 4625 1492 4624 1492 4663 1492 4625 1492 4663 1492 4664 1492 4664 1453 4663 1453 4476 1453 4585 1489 4546 1489 4584 1489 4548 1489 4587 1489 4549 1489 4549 1489 4587 1489 4588 1489 4549 1489 4588 1489 4550 1489 4550 1489 4588 1489 4589 1489 4590 1489 4552 1489 4551 1489 4592 1489 4553 1489 4591 1489 4594 1489 4555 1489 4593 1489 4593 1489 4555 1489 4554 1489 4561 1491 4560 1491 4599 1491 4599 1491 4560 1491 4598 1491 4599 1492 4598 1492 4637 1492 4637 1492 4598 1492 4636 1492 4637 1453 4636 1453 2479 1453 4563 1491 4602 1491 4564 1491 4564 1491 4602 1491 4603 1491 4564 1491 4603 1491 4565 1491 4565 1491 4603 1491 4604 1491 4569 1491 4568 1491 4607 1491 4607 1491 4568 1491 4606 1491 4607 1492 4606 1492 4645 1492 4645 1492 4606 1492 4644 1492 4645 1453 4644 1453 2479 1453 4571 1491 4610 1491 4572 1491 4572 1491 4610 1491 4611 1491 4572 1491 4611 1491 4573 1491 4573 1491 4611 1491 4612 1491 4577 1491 4576 1491 4615 1491 4615 1491 4576 1491 4614 1491 4615 1492 4614 1492 4653 1492 4653 1524 4614 1524 4652 1524 4579 1491 4618 1491 4580 1491 4580 1491 4618 1491 4619 1491 4580 1491 4619 1491 4581 1491 4581 1491 4619 1491 4620 1491 4585 1491 4584 1491 4623 1491 4623 1491 4584 1491 4622 1491 4623 1492 4622 1492 4661 1492 4661 1524 4622 1524 4660 1524 4661 1453 4660 1453 4476 1453 4587 1491 4626 1491 4588 1491 4588 1491 4626 1491 4627 1491 4588 1491 4627 1491 4589 1491 4589 1491 4627 1491 4628 1491 4592 1491 4591 1491 4630 1491 4630 1491 4591 1491 4629 1491 4630 1492 4629 1492 4668 1492 4668 1492 4629 1492 4667 1492 4668 1453 4667 1453 4476 1453 4633 1491 4594 1491 4632 1491 4632 1491 4594 1491 4593 1491 4561 1491 4599 1491 4600 1491 4600 1492 4599 1492 4638 1492 4600 1492 4638 1492 4639 1492 4639 1453 4638 1453 2479 1453 4638 1492 4599 1492 4637 1492 4642 1492 4604 1492 4603 1492 4642 1492 4603 1492 4641 1492 4641 1492 4603 1492 4602 1492 4569 1491 4607 1491 4608 1491 4608 1492 4607 1492 4646 1492 4608 1492 4646 1492 4647 1492 4647 1453 4646 1453 2479 1453 4646 1492 4607 1492 4645 1492 4650 1492 4612 1492 4611 1492 4650 1492 4611 1492 4649 1492 4649 1492 4611 1492 4610 1492 4577 1491 4615 1491 4616 1491 4616 1492 4615 1492 4654 1492 4616 1524 4654 1524 4655 1524 4655 1453 4654 1453 4476 1453 4654 1492 4615 1492 4653 1492 4658 1492 4620 1492 4619 1492 4658 1492 4619 1492 4657 1492 4657 1492 4619 1492 4618 1492 4585 1491 4623 1491 4624 1491 4624 1492 4623 1492 4662 1492 4624 1524 4662 1524 4663 1524 4663 1453 4662 1453 4476 1453 4662 1492 4623 1492 4661 1492 4666 1492 4628 1492 4627 1492 4666 1492 4627 1492 4665 1492 4665 1492 4627 1492 4626 1492 4592 1491 4630 1491 4631 1491 4631 1492 4630 1492 4669 1492 4631 1524 4669 1524 4670 1524 4670 1453 4669 1453 4476 1453 4669 1492 4630 1492 4668 1492 4672 1492 4633 1492 4671 1492 4671 1492 4633 1492 4632 1492 2479 1453 4638 1453 4637 1453 2479 1453 4646 1453 4645 1453 4476 1454 4654 1454 4653 1454 4476 1493 4662 1493 4661 1493 4476 1453 4669 1453 4668 1453 2486 1442 2485 1442 4673 1442 4673 1442 2485 1442 4482 1442 2465 0 2486 0 3117 0 3117 0 2486 0 4673 0 2499 2 2498 2 4674 2 4674 2 2498 2 2715 2 2500 0 2499 0 4675 0 4675 0 2499 0 4674 0 2501 2 2500 2 4676 2 4676 2 2500 2 4675 2 2506 1508 4683 1508 2507 1508 2507 1508 4683 1508 4684 1508 2507 1494 4684 1494 4685 1494 4685 1495 4684 1495 4723 1495 4685 1495 4723 1495 4724 1495 4724 1497 4723 1497 4762 1497 4724 1497 4762 1497 4763 1497 4763 1498 4762 1498 4801 1498 4763 1498 4801 1498 4802 1498 4802 1499 4801 1499 4840 1499 4802 1499 4840 1499 4841 1499 4841 1982 4840 1982 2501 1982 4841 1501 2501 1501 4842 1501 4842 1982 2501 1982 4843 1982 4842 1499 4843 1499 4804 1499 4804 1511 4843 1511 4805 1511 4804 1498 4805 1498 4766 1498 4766 1498 4805 1498 4767 1498 4766 1497 4767 1497 4728 1497 4728 1496 4767 1496 4729 1496 4728 1495 4729 1495 4690 1495 4690 1495 4729 1495 4691 1495 4690 1508 4691 1508 2507 1508 2507 1508 4691 1508 4692 1508 2507 1507 4692 1507 4693 1507 4693 1495 4692 1495 4731 1495 4693 1495 4731 1495 4732 1495 4732 1497 4731 1497 4770 1497 4732 1497 4770 1497 4771 1497 4771 1498 4770 1498 4809 1498 4771 1498 4809 1498 4810 1498 4810 1499 4809 1499 4848 1499 4810 1499 4848 1499 4849 1499 4849 1983 4848 1983 2501 1983 4849 1983 2501 1983 4850 1983 4850 1982 2501 1982 4851 1982 4850 1499 4851 1499 4812 1499 4812 1499 4851 1499 4813 1499 4812 1498 4813 1498 4774 1498 4774 1498 4813 1498 4775 1498 4774 1497 4775 1497 4736 1497 4736 1496 4775 1496 4737 1496 4736 1495 4737 1495 4698 1495 4698 1495 4737 1495 4699 1495 4698 1508 4699 1508 2507 1508 2507 1984 4699 1984 4700 1984 2507 1507 4700 1507 4701 1507 4701 1495 4700 1495 4739 1495 4701 1495 4739 1495 4740 1495 4740 1496 4739 1496 4778 1496 4740 1497 4778 1497 4779 1497 4779 1612 4778 1612 4817 1612 4779 1612 4817 1612 4818 1612 4818 1511 4817 1511 4856 1511 4818 1499 4856 1499 4857 1499 4857 1982 4856 1982 4676 1982 4857 1983 4676 1983 4858 1983 4858 1983 4676 1983 4859 1983 4858 1511 4859 1511 4820 1511 4820 1499 4859 1499 4821 1499 4820 1498 4821 1498 4782 1498 4782 1612 4821 1612 4783 1612 4782 1497 4783 1497 4744 1497 4744 1496 4783 1496 4745 1496 4744 1525 4745 1525 4706 1525 4706 1495 4745 1495 4707 1495 4706 1508 4707 1508 4682 1508 4682 1508 4707 1508 4708 1508 4682 1508 4708 1508 4709 1508 4709 1495 4708 1495 4747 1495 4709 1495 4747 1495 4748 1495 4748 1496 4747 1496 4786 1496 4748 1497 4786 1497 4787 1497 4787 1612 4786 1612 4825 1612 4787 1498 4825 1498 4826 1498 4826 1499 4825 1499 4864 1499 4826 1511 4864 1511 4865 1511 4865 1982 4864 1982 4676 1982 4865 1501 4676 1501 4866 1501 4866 1982 4676 1982 4867 1982 4866 1511 4867 1511 4828 1511 4828 1499 4867 1499 4829 1499 4828 1498 4829 1498 4790 1498 4790 1498 4829 1498 4791 1498 4790 1497 4791 1497 4752 1497 4752 1496 4791 1496 4753 1496 4752 1495 4753 1495 4714 1495 4714 1525 4753 1525 4715 1525 4714 1508 4715 1508 4682 1508 4682 1507 4715 1507 4716 1507 4682 1508 4716 1508 4717 1508 4717 1495 4716 1495 4755 1495 4717 1525 4755 1525 4756 1525 4756 1497 4755 1497 4794 1497 4756 1497 4794 1497 4795 1497 4795 1498 4794 1498 4833 1498 4795 1498 4833 1498 4834 1498 4834 1499 4833 1499 4872 1499 4834 1511 4872 1511 4677 1511 4677 1500 4872 1500 4676 1500 4676 1501 4872 1501 4871 1501 4676 1500 4871 1500 4870 1500 4870 1499 4871 1499 4832 1499 4870 1511 4832 1511 4831 1511 4831 1498 4832 1498 4793 1498 4831 1498 4793 1498 4792 1498 4792 1497 4793 1497 4754 1497 4792 1497 4754 1497 4753 1497 4753 1525 4754 1525 4715 1525 4683 1495 2506 1495 4721 1495 4721 1495 2506 1495 2505 1495 4721 1496 2505 1496 4759 1496 4759 1497 2505 1497 2504 1497 4759 1498 2504 1498 4797 1498 4797 1498 2504 1498 2503 1498 4797 1499 2503 1499 4835 1499 4835 1499 2503 1499 2502 1499 4835 1501 2502 1501 2501 1501 4676 1500 4853 1500 2501 1500 2501 1985 4853 1985 4852 1985 2501 1986 4852 1986 4851 1986 4851 1499 4852 1499 4813 1499 4677 1511 4678 1511 4834 1511 4834 1612 4678 1612 4796 1612 4834 1498 4796 1498 4795 1498 4795 1497 4796 1497 4757 1497 4795 1496 4757 1496 4756 1496 4756 1495 4757 1495 4718 1495 4756 1495 4718 1495 4717 1495 4717 1508 4718 1508 4682 1508 4678 1498 4679 1498 4796 1498 4796 1497 4679 1497 4758 1497 4796 1496 4758 1496 4757 1496 4757 1495 4758 1495 4719 1495 4757 1525 4719 1525 4718 1525 4718 1508 4719 1508 4682 1508 4679 1497 4680 1497 4758 1497 4758 1525 4680 1525 4720 1525 4758 1495 4720 1495 4719 1495 4719 1508 4720 1508 4682 1508 4680 1495 4681 1495 4720 1495 4720 1508 4681 1508 4682 1508 2507 1508 4702 1508 4682 1508 4682 1507 4702 1507 4703 1507 4682 1984 4703 1984 4704 1984 4704 1495 4703 1495 4742 1495 4704 1525 4742 1525 4743 1525 4743 1496 4742 1496 4781 1496 4743 1497 4781 1497 4782 1497 4782 1498 4781 1498 4820 1498 4684 1495 4683 1495 4722 1495 4722 1495 4683 1495 4721 1495 4722 1496 4721 1496 4760 1496 4760 1497 4721 1497 4759 1497 4760 1498 4759 1498 4798 1498 4798 1498 4759 1498 4797 1498 4798 1499 4797 1499 4836 1499 4836 1499 4797 1499 4835 1499 4836 1501 4835 1501 2501 1501 4685 1508 4686 1508 2507 1508 2507 1508 4686 1508 4687 1508 2507 1507 4687 1507 4688 1507 4688 1495 4687 1495 4726 1495 4688 1495 4726 1495 4727 1495 4727 1496 4726 1496 4765 1496 4727 1497 4765 1497 4766 1497 4766 1498 4765 1498 4804 1498 4685 1525 4724 1525 4686 1525 4686 1495 4724 1495 4725 1495 4686 1495 4725 1495 4687 1495 4687 1495 4725 1495 4726 1495 4690 1508 2507 1508 4689 1508 4689 1508 2507 1508 4688 1508 4689 1495 4688 1495 4727 1495 4728 1495 4690 1495 4689 1495 4728 1495 4689 1495 4727 1495 4692 1495 4691 1495 4730 1495 4730 1495 4691 1495 4729 1495 4730 1496 4729 1496 4768 1496 4768 1497 4729 1497 4767 1497 4768 1498 4767 1498 4806 1498 4806 1498 4767 1498 4805 1498 4806 1499 4805 1499 4844 1499 4844 1499 4805 1499 4843 1499 4844 1983 4843 1983 2501 1983 4693 1508 4694 1508 2507 1508 2507 1508 4694 1508 4695 1508 2507 1508 4695 1508 4696 1508 4696 1495 4695 1495 4734 1495 4696 1495 4734 1495 4735 1495 4735 1496 4734 1496 4773 1496 4735 1497 4773 1497 4774 1497 4774 1498 4773 1498 4812 1498 4693 1525 4732 1525 4694 1525 4694 1495 4732 1495 4733 1495 4694 1495 4733 1495 4695 1495 4695 1495 4733 1495 4734 1495 4698 1508 2507 1508 4697 1508 4697 1508 2507 1508 4696 1508 4697 1495 4696 1495 4735 1495 4736 1495 4698 1495 4697 1495 4736 1495 4697 1495 4735 1495 4702 1543 2507 1543 4701 1543 4700 1495 4699 1495 4738 1495 4738 1495 4699 1495 4737 1495 4738 1496 4737 1496 4776 1496 4776 1497 4737 1497 4775 1497 4776 1498 4775 1498 4814 1498 4814 1498 4775 1498 4813 1498 4814 1499 4813 1499 4852 1499 4701 1495 4740 1495 4702 1495 4702 1525 4740 1525 4741 1525 4702 1495 4741 1495 4703 1495 4703 1495 4741 1495 4742 1495 4706 1508 4682 1508 4705 1508 4705 1508 4682 1508 4704 1508 4705 1495 4704 1495 4743 1495 4744 1495 4706 1495 4705 1495 4744 1495 4705 1495 4743 1495 4708 1495 4707 1495 4746 1495 4746 1495 4707 1495 4745 1495 4746 1496 4745 1496 4784 1496 4784 1497 4745 1497 4783 1497 4784 1498 4783 1498 4822 1498 4822 1498 4783 1498 4821 1498 4822 1511 4821 1511 4860 1511 4860 1499 4821 1499 4859 1499 4860 1982 4859 1982 4676 1982 4709 1508 4710 1508 4682 1508 4682 1507 4710 1507 4711 1507 4682 1508 4711 1508 4712 1508 4712 1495 4711 1495 4750 1495 4712 1495 4750 1495 4751 1495 4751 1496 4750 1496 4789 1496 4751 1497 4789 1497 4790 1497 4790 1498 4789 1498 4828 1498 4709 1495 4748 1495 4710 1495 4710 1525 4748 1525 4749 1525 4710 1495 4749 1495 4711 1495 4711 1525 4749 1525 4750 1525 4714 1508 4682 1508 4713 1508 4713 1508 4682 1508 4712 1508 4713 1525 4712 1525 4751 1525 4752 1525 4714 1525 4713 1525 4752 1525 4713 1525 4751 1525 4755 1495 4716 1495 4754 1495 4754 1495 4716 1495 4715 1495 4684 1495 4722 1495 4723 1495 4723 1496 4722 1496 4761 1496 4723 1497 4761 1497 4762 1497 4762 1498 4761 1498 4800 1498 4762 1498 4800 1498 4801 1498 4801 1499 4800 1499 4839 1499 4801 1499 4839 1499 4840 1499 4840 1501 4839 1501 2501 1501 4761 1497 4722 1497 4760 1497 4724 1496 4763 1496 4725 1496 4725 1497 4763 1497 4764 1497 4725 1496 4764 1496 4726 1496 4726 1497 4764 1497 4765 1497 4766 1496 4728 1496 4727 1496 4692 1495 4730 1495 4731 1495 4731 1496 4730 1496 4769 1496 4731 1497 4769 1497 4770 1497 4770 1498 4769 1498 4808 1498 4770 1498 4808 1498 4809 1498 4809 1499 4808 1499 4847 1499 4809 1499 4847 1499 4848 1499 4848 1982 4847 1982 2501 1982 4769 1497 4730 1497 4768 1497 4732 1496 4771 1496 4733 1496 4733 1497 4771 1497 4772 1497 4733 1496 4772 1496 4734 1496 4734 1497 4772 1497 4773 1497 4774 1496 4736 1496 4735 1496 4700 1525 4738 1525 4739 1525 4739 1496 4738 1496 4777 1496 4739 1497 4777 1497 4778 1497 4778 1498 4777 1498 4816 1498 4778 1498 4816 1498 4817 1498 4817 1499 4816 1499 4855 1499 4817 1499 4855 1499 4856 1499 4856 1982 4855 1982 4676 1982 4777 1497 4738 1497 4776 1497 4740 1496 4779 1496 4741 1496 4741 1497 4779 1497 4780 1497 4741 1496 4780 1496 4742 1496 4742 1497 4780 1497 4781 1497 4782 1496 4744 1496 4743 1496 4708 1525 4746 1525 4747 1525 4747 1496 4746 1496 4785 1496 4747 1497 4785 1497 4786 1497 4786 1498 4785 1498 4824 1498 4786 1498 4824 1498 4825 1498 4825 1511 4824 1511 4863 1511 4825 1511 4863 1511 4864 1511 4864 1983 4863 1983 4676 1983 4785 1497 4746 1497 4784 1497 4748 1496 4787 1496 4749 1496 4749 1497 4787 1497 4788 1497 4749 1497 4788 1497 4750 1497 4750 1497 4788 1497 4789 1497 4790 1497 4752 1497 4751 1497 4792 1497 4753 1497 4791 1497 4794 1496 4755 1496 4793 1496 4793 1496 4755 1496 4754 1496 4761 1498 4760 1498 4799 1498 4799 1498 4760 1498 4798 1498 4799 1499 4798 1499 4837 1499 4837 1499 4798 1499 4836 1499 4837 1500 4836 1500 2501 1500 4763 1498 4802 1498 4764 1498 4764 1498 4802 1498 4803 1498 4764 1498 4803 1498 4765 1498 4765 1498 4803 1498 4804 1498 4769 1498 4768 1498 4807 1498 4807 1498 4768 1498 4806 1498 4807 1499 4806 1499 4845 1499 4845 1499 4806 1499 4844 1499 4845 1982 4844 1982 2501 1982 4771 1498 4810 1498 4772 1498 4772 1498 4810 1498 4811 1498 4772 1498 4811 1498 4773 1498 4773 1498 4811 1498 4812 1498 4777 1498 4776 1498 4815 1498 4815 1498 4776 1498 4814 1498 4815 1499 4814 1499 4853 1499 4853 1511 4814 1511 4852 1511 4779 1498 4818 1498 4780 1498 4780 1498 4818 1498 4819 1498 4780 1498 4819 1498 4781 1498 4781 1612 4819 1612 4820 1612 4785 1612 4784 1612 4823 1612 4823 1498 4784 1498 4822 1498 4823 1499 4822 1499 4861 1499 4861 1511 4822 1511 4860 1511 4861 1983 4860 1983 4676 1983 4787 1498 4826 1498 4788 1498 4788 1498 4826 1498 4827 1498 4788 1498 4827 1498 4789 1498 4789 1498 4827 1498 4828 1498 4792 1498 4791 1498 4830 1498 4830 1498 4791 1498 4829 1498 4830 1511 4829 1511 4868 1511 4868 1511 4829 1511 4867 1511 4868 1982 4867 1982 4676 1982 4833 1498 4794 1498 4832 1498 4832 1498 4794 1498 4793 1498 4761 1498 4799 1498 4800 1498 4800 1511 4799 1511 4838 1511 4800 1499 4838 1499 4839 1499 4839 1501 4838 1501 2501 1501 4838 1511 4799 1511 4837 1511 4842 1499 4804 1499 4803 1499 4842 1499 4803 1499 4841 1499 4841 1499 4803 1499 4802 1499 4769 1498 4807 1498 4808 1498 4808 1511 4807 1511 4846 1511 4808 1511 4846 1511 4847 1511 4847 1983 4846 1983 2501 1983 4846 1499 4807 1499 4845 1499 4850 1499 4812 1499 4811 1499 4850 1499 4811 1499 4849 1499 4849 1499 4811 1499 4810 1499 4777 1612 4815 1612 4816 1612 4816 1499 4815 1499 4854 1499 4816 1511 4854 1511 4855 1511 4855 1982 4854 1982 4676 1982 4854 1499 4815 1499 4853 1499 4858 1511 4820 1511 4819 1511 4858 1499 4819 1499 4857 1499 4857 1499 4819 1499 4818 1499 4785 1612 4823 1612 4824 1612 4824 1511 4823 1511 4862 1511 4824 1499 4862 1499 4863 1499 4863 1982 4862 1982 4676 1982 4862 1499 4823 1499 4861 1499 4866 1499 4828 1499 4827 1499 4866 1511 4827 1511 4865 1511 4865 1499 4827 1499 4826 1499 4792 1498 4830 1498 4831 1498 4831 1499 4830 1499 4869 1499 4831 1511 4869 1511 4870 1511 4870 1501 4869 1501 4676 1501 4869 1499 4830 1499 4868 1499 4872 1499 4833 1499 4871 1499 4871 1499 4833 1499 4832 1499 2501 1501 4838 1501 4837 1501 2501 1986 4846 1986 4845 1986 4676 1987 4854 1987 4853 1987 4676 1986 4862 1986 4861 1986 4676 1501 4869 1501 4868 1501 2508 0 2507 0 4873 0 4873 0 2507 0 4682 0 2487 2 2508 2 2915 2 2915 2 2508 2 4873 2 2528 0 2527 0 4874 0 4874 0 2527 0 3906 0 2529 1988 2528 1988 3992 1988 3992 1988 2528 1988 4874 1988 2536 1442 2535 1442 4875 1442 4875 1442 2535 1442 3908 1442 2537 1989 2536 1989 3909 1989 3909 1989 2536 1989 4875 1989 2337 1442 2420 1442 3904 1442 3904 1442 2420 1442 4876 1442 2420 0 2419 0 4876 0 4876 0 2419 0 4877 0 2419 1442 2418 1442 4877 1442 4877 1442 2418 1442 4878 1442 2418 1 2417 1 4878 1 4878 1 2417 1 4879 1 2417 1442 2416 1442 4879 1442 4879 1442 2416 1442 4880 1442 2416 1 2415 1 4880 1 4880 1 2415 1 4881 1 2414 1516 4888 1516 2415 1516 2415 1516 4888 1516 4889 1516 2415 1516 4889 1516 4890 1516 4890 1481 4889 1481 4924 1481 4890 1527 4924 1527 4925 1527 4925 1480 4924 1480 4959 1480 4925 1480 4959 1480 4960 1480 4960 1513 4959 1513 4994 1513 4960 1614 4994 1614 4995 1614 4995 1505 4994 1505 5029 1505 4995 1504 5029 1504 5030 1504 5030 1503 5029 1503 2409 1503 5030 1976 2409 1976 5031 1976 5031 1976 2409 1976 5032 1976 5031 1504 5032 1504 4997 1504 4997 1505 5032 1505 4998 1505 4997 1614 4998 1614 4963 1614 4963 1513 4998 1513 4964 1513 4963 1480 4964 1480 4929 1480 4929 1480 4964 1480 4930 1480 4929 1527 4930 1527 4895 1527 4895 1481 4930 1481 4896 1481 4895 1516 4896 1516 2415 1516 2415 1516 4896 1516 4897 1516 2415 1516 4897 1516 4898 1516 4898 1481 4897 1481 4932 1481 4898 1527 4932 1527 4933 1527 4933 1480 4932 1480 4967 1480 4933 1480 4967 1480 4968 1480 4968 1479 4967 1479 5002 1479 4968 1614 5002 1614 5003 1614 5003 1505 5002 1505 5037 1505 5003 1504 5037 1504 5038 1504 5038 1990 5037 1990 2409 1990 5038 1990 2409 1990 5039 1990 5039 1990 2409 1990 5040 1990 5039 1504 5040 1504 5005 1504 5005 1505 5040 1505 5006 1505 5005 1614 5006 1614 4971 1614 4971 1513 5006 1513 4972 1513 4971 1617 4972 1617 4937 1617 4937 1514 4972 1514 4938 1514 4937 1527 4938 1527 4903 1527 4903 1481 4938 1481 4904 1481 4903 1517 4904 1517 2415 1517 2415 1517 4904 1517 4905 1517 2415 1516 4905 1516 4881 1516 4881 1517 4905 1517 4906 1517 4881 1534 4906 1534 4907 1534 4907 1481 4906 1481 4941 1481 4907 1527 4941 1527 4942 1527 4942 1480 4941 1480 4976 1480 4942 1480 4976 1480 4977 1480 4977 1513 4976 1513 5011 1513 4977 1614 5011 1614 5012 1614 5012 1505 5011 1505 5046 1505 5012 1504 5046 1504 5047 1504 5047 1976 5046 1976 4882 1976 5047 1990 4882 1990 5048 1990 5048 1976 4882 1976 5049 1976 5048 1504 5049 1504 5014 1504 5014 1505 5049 1505 5015 1505 5014 1614 5015 1614 4980 1614 4980 1513 5015 1513 4981 1513 4980 1480 4981 1480 4946 1480 4946 1480 4981 1480 4947 1480 4946 1527 4947 1527 4912 1527 4912 1481 4947 1481 4913 1481 4912 1516 4913 1516 4881 1516 4881 1516 4913 1516 4914 1516 4881 1517 4914 1517 4915 1517 4915 1481 4914 1481 4949 1481 4915 1527 4949 1527 4950 1527 4950 1480 4949 1480 4984 1480 4950 1480 4984 1480 4985 1480 4985 1479 4984 1479 5019 1479 4985 1614 5019 1614 5020 1614 5020 1505 5019 1505 5054 1505 5020 1504 5054 1504 5055 1504 5055 1503 5054 1503 4882 1503 5055 1503 4882 1503 5056 1503 5056 1502 4882 1502 5057 1502 5056 1504 5057 1504 5022 1504 5022 1505 5057 1505 5023 1505 5022 1614 5023 1614 4988 1614 4988 1479 5023 1479 4989 1479 4988 1617 4989 1617 4954 1617 4954 1514 4989 1514 4955 1514 4954 1527 4955 1527 4920 1527 4920 1481 4955 1481 4921 1481 4920 1516 4921 1516 4881 1516 4881 1482 4921 1482 4887 1482 4887 1481 4921 1481 4886 1481 4886 1481 4921 1481 4955 1481 4886 1480 4955 1480 4885 1480 4885 1617 4955 1617 4989 1617 4885 1479 4989 1479 4884 1479 4884 1479 4989 1479 5023 1479 4884 1505 5023 1505 4883 1505 4883 1504 5023 1504 5057 1504 4883 1502 5057 1502 4882 1502 4888 1481 2414 1481 4922 1481 4922 1527 2414 1527 2413 1527 4922 1480 2413 1480 4956 1480 4956 1480 2413 1480 2412 1480 4956 1513 2412 1513 4990 1513 4990 1614 2412 1614 2411 1614 4990 1505 2411 1505 5024 1505 5024 1504 2411 1504 2410 1504 5024 1502 2410 1502 2409 1502 2409 1503 4882 1503 5040 1503 5040 1991 4882 1991 5041 1991 5040 1504 5041 1504 5006 1504 5006 1505 5041 1505 5007 1505 5006 1479 5007 1479 4972 1479 4972 1479 5007 1479 4973 1479 4972 1480 4973 1480 4938 1480 4938 1480 4973 1480 4939 1480 4938 1481 4939 1481 4904 1481 4904 1527 4939 1527 4905 1527 4889 1481 4888 1481 4923 1481 4923 1527 4888 1527 4922 1527 4923 1480 4922 1480 4957 1480 4957 1480 4922 1480 4956 1480 4957 1513 4956 1513 4991 1513 4991 1614 4956 1614 4990 1614 4991 1505 4990 1505 5025 1505 5025 1504 4990 1504 5024 1504 5025 1502 5024 1502 2409 1502 4890 1516 4891 1516 2415 1516 2415 1516 4891 1516 4892 1516 2415 1516 4892 1516 4893 1516 4893 1481 4892 1481 4927 1481 4893 1527 4927 1527 4928 1527 4928 1480 4927 1480 4962 1480 4928 1480 4962 1480 4963 1480 4963 1513 4962 1513 4997 1513 4890 1481 4925 1481 4891 1481 4891 1527 4925 1527 4926 1527 4891 1527 4926 1527 4892 1527 4892 1527 4926 1527 4927 1527 4895 1516 2415 1516 4894 1516 4894 1516 2415 1516 4893 1516 4894 1481 4893 1481 4928 1481 4929 1481 4895 1481 4894 1481 4929 1527 4894 1527 4928 1527 4897 1527 4896 1527 4931 1527 4931 1527 4896 1527 4930 1527 4931 1514 4930 1514 4965 1514 4965 1480 4930 1480 4964 1480 4965 1513 4964 1513 4999 1513 4999 1614 4964 1614 4998 1614 4999 1505 4998 1505 5033 1505 5033 1504 4998 1504 5032 1504 5033 1976 5032 1976 2409 1976 4898 1516 4899 1516 2415 1516 2415 1517 4899 1517 4900 1517 2415 1534 4900 1534 4901 1534 4901 1481 4900 1481 4935 1481 4901 1527 4935 1527 4936 1527 4936 1480 4935 1480 4970 1480 4936 1480 4970 1480 4971 1480 4971 1513 4970 1513 5005 1513 4898 1481 4933 1481 4899 1481 4899 1481 4933 1481 4934 1481 4899 1527 4934 1527 4900 1527 4900 1527 4934 1527 4935 1527 4903 1534 2415 1534 4902 1534 4902 1517 2415 1517 4901 1517 4902 1481 4901 1481 4936 1481 4937 1481 4903 1481 4902 1481 4937 1527 4902 1527 4936 1527 4906 1481 4905 1481 4940 1481 4940 1527 4905 1527 4939 1527 4940 1480 4939 1480 4974 1480 4974 1480 4939 1480 4973 1480 4974 1513 4973 1513 5008 1513 5008 1614 4973 1614 5007 1614 5008 1505 5007 1505 5042 1505 5042 1504 5007 1504 5041 1504 5042 1990 5041 1990 4882 1990 4907 1517 4908 1517 4881 1517 4881 1534 4908 1534 4909 1534 4881 1516 4909 1516 4910 1516 4910 1481 4909 1481 4944 1481 4910 1527 4944 1527 4945 1527 4945 1514 4944 1514 4979 1514 4945 1480 4979 1480 4980 1480 4980 1479 4979 1479 5014 1479 4907 1481 4942 1481 4908 1481 4908 1527 4942 1527 4943 1527 4908 1481 4943 1481 4909 1481 4909 1527 4943 1527 4944 1527 4912 1517 4881 1517 4911 1517 4911 1516 4881 1516 4910 1516 4911 1481 4910 1481 4945 1481 4946 1527 4912 1527 4911 1527 4946 1481 4911 1481 4945 1481 4914 1481 4913 1481 4948 1481 4948 1527 4913 1527 4947 1527 4948 1480 4947 1480 4982 1480 4982 1480 4947 1480 4981 1480 4982 1479 4981 1479 5016 1479 5016 1614 4981 1614 5015 1614 5016 1505 5015 1505 5050 1505 5050 1504 5015 1504 5049 1504 5050 1990 5049 1990 4882 1990 4915 1516 4916 1516 4881 1516 4881 1516 4916 1516 4917 1516 4881 1517 4917 1517 4918 1517 4918 1481 4917 1481 4952 1481 4918 1481 4952 1481 4953 1481 4953 1480 4952 1480 4987 1480 4953 1480 4987 1480 4988 1480 4988 1479 4987 1479 5022 1479 4915 1481 4950 1481 4916 1481 4916 1481 4950 1481 4951 1481 4916 1527 4951 1527 4917 1527 4917 1527 4951 1527 4952 1527 4920 1516 4881 1516 4919 1516 4919 1516 4881 1516 4918 1516 4919 1527 4918 1527 4953 1527 4954 1527 4920 1527 4919 1527 4954 1481 4919 1481 4953 1481 4889 1527 4923 1527 4924 1527 4924 1480 4923 1480 4958 1480 4924 1480 4958 1480 4959 1480 4959 1513 4958 1513 4993 1513 4959 1614 4993 1614 4994 1614 4994 1505 4993 1505 5028 1505 4994 1504 5028 1504 5029 1504 5029 1990 5028 1990 2409 1990 4958 1480 4923 1480 4957 1480 4925 1480 4960 1480 4926 1480 4926 1480 4960 1480 4961 1480 4926 1480 4961 1480 4927 1480 4927 1480 4961 1480 4962 1480 4963 1480 4929 1480 4928 1480 4897 1527 4931 1527 4932 1527 4932 1480 4931 1480 4966 1480 4932 1480 4966 1480 4967 1480 4967 1513 4966 1513 5001 1513 4967 1479 5001 1479 5002 1479 5002 1505 5001 1505 5036 1505 5002 1504 5036 1504 5037 1504 5037 1990 5036 1990 2409 1990 4966 1480 4931 1480 4965 1480 4933 1480 4968 1480 4934 1480 4934 1480 4968 1480 4969 1480 4934 1480 4969 1480 4935 1480 4935 1480 4969 1480 4970 1480 4971 1480 4937 1480 4936 1480 4906 1527 4940 1527 4941 1527 4941 1480 4940 1480 4975 1480 4941 1480 4975 1480 4976 1480 4976 1513 4975 1513 5010 1513 4976 1614 5010 1614 5011 1614 5011 1505 5010 1505 5045 1505 5011 1504 5045 1504 5046 1504 5046 1990 5045 1990 4882 1990 4975 1480 4940 1480 4974 1480 4942 1514 4977 1514 4943 1514 4943 1480 4977 1480 4978 1480 4943 1480 4978 1480 4944 1480 4944 1480 4978 1480 4979 1480 4980 1480 4946 1480 4945 1480 4914 1481 4948 1481 4949 1481 4949 1480 4948 1480 4983 1480 4949 1480 4983 1480 4984 1480 4984 1479 4983 1479 5018 1479 4984 1479 5018 1479 5019 1479 5019 1505 5018 1505 5053 1505 5019 1504 5053 1504 5054 1504 5054 1503 5053 1503 4882 1503 4983 1480 4948 1480 4982 1480 4950 1480 4985 1480 4951 1480 4951 1480 4985 1480 4986 1480 4951 1480 4986 1480 4952 1480 4952 1480 4986 1480 4987 1480 4988 1480 4954 1480 4953 1480 4958 1513 4957 1513 4992 1513 4992 1614 4957 1614 4991 1614 4992 1505 4991 1505 5026 1505 5026 1504 4991 1504 5025 1504 5026 1503 5025 1503 2409 1503 4960 1513 4995 1513 4961 1513 4961 1614 4995 1614 4996 1614 4961 1513 4996 1513 4962 1513 4962 1614 4996 1614 4997 1614 4966 1513 4965 1513 5000 1513 5000 1614 4965 1614 4999 1614 5000 1505 4999 1505 5034 1505 5034 1504 4999 1504 5033 1504 5034 1976 5033 1976 2409 1976 4968 1513 5003 1513 4969 1513 4969 1614 5003 1614 5004 1614 4969 1513 5004 1513 4970 1513 4970 1614 5004 1614 5005 1614 4975 1513 4974 1513 5009 1513 5009 1614 4974 1614 5008 1614 5009 1505 5008 1505 5043 1505 5043 1504 5008 1504 5042 1504 5043 1990 5042 1990 4882 1990 4977 1513 5012 1513 4978 1513 4978 1614 5012 1614 5013 1614 4978 1513 5013 1513 4979 1513 4979 1479 5013 1479 5014 1479 4983 1479 4982 1479 5017 1479 5017 1479 4982 1479 5016 1479 5017 1505 5016 1505 5051 1505 5051 1504 5016 1504 5050 1504 5051 1976 5050 1976 4882 1976 4985 1479 5020 1479 4986 1479 4986 1479 5020 1479 5021 1479 4986 1479 5021 1479 4987 1479 4987 1614 5021 1614 5022 1614 4958 1614 4992 1614 4993 1614 4993 1505 4992 1505 5027 1505 4993 1504 5027 1504 5028 1504 5028 1503 5027 1503 2409 1503 5027 1504 4992 1504 5026 1504 5031 1505 4997 1505 4996 1505 5031 1504 4996 1504 5030 1504 5030 1505 4996 1505 4995 1505 4966 1614 5000 1614 5001 1614 5001 1505 5000 1505 5035 1505 5001 1504 5035 1504 5036 1504 5036 1990 5035 1990 2409 1990 5035 1504 5000 1504 5034 1504 5039 1505 5005 1505 5004 1505 5039 1504 5004 1504 5038 1504 5038 1505 5004 1505 5003 1505 4975 1614 5009 1614 5010 1614 5010 1505 5009 1505 5044 1505 5010 1504 5044 1504 5045 1504 5045 1990 5044 1990 4882 1990 5044 1504 5009 1504 5043 1504 5048 1505 5014 1505 5013 1505 5048 1992 5013 1992 5047 1992 5047 1505 5013 1505 5012 1505 4983 1614 5017 1614 5018 1614 5018 1505 5017 1505 5052 1505 5018 1504 5052 1504 5053 1504 5053 1976 5052 1976 4882 1976 5052 1504 5017 1504 5051 1504 5056 1505 5022 1505 5021 1505 5056 1992 5021 1992 5055 1992 5055 1505 5021 1505 5020 1505 2409 1618 5027 1618 5026 1618 2409 1979 5035 1979 5034 1979 4882 1618 5044 1618 5043 1618 4882 1993 5052 1993 5051 1993 2409 2 2408 2 4882 2 4882 2 2408 2 5058 2 2408 0 2407 0 5058 0 5058 0 2407 0 5059 0 2407 2 2406 2 5059 2 5059 2 2406 2 5060 2 2406 0 2405 0 5060 0 5060 0 2405 0 5061 0 2405 1442 2404 1442 5061 1442 5061 1442 2404 1442 5062 1442 2404 0 2403 0 5062 0 5062 0 2403 0 5063 0 2403 1994 2402 1994 5063 1994 5063 1994 2402 1994 5064 1994 2402 2 2401 2 5064 2 5064 2 2401 2 5065 2 2401 1948 2400 1948 5065 1948 5065 1948 2400 1948 5066 1948 2400 1 2399 1 5066 1 5066 1 2399 1 5067 1 2399 1442 2398 1442 5067 1442 5067 1442 2398 1442 5068 1442 2398 1 2397 1 5068 1 5068 1 2397 1 5069 1 2397 2 2396 2 5069 2 5069 2 2396 2 5070 2 2396 1 2395 1 5070 1 5070 1 2395 1 5071 1 2395 2 2394 2 5071 2 5071 2 2394 2 5072 2 2393 1500 5079 1500 2394 1500 2394 1500 5079 1500 5080 1500 2394 1501 5080 1501 5081 1501 5081 1499 5080 1499 5115 1499 5081 1511 5115 1511 5116 1511 5116 1612 5115 1612 5150 1612 5116 1526 5150 1526 5151 1526 5151 1538 5150 1538 5185 1538 5151 1538 5185 1538 5186 1538 5186 1525 5185 1525 5220 1525 5186 1525 5220 1525 5221 1525 5221 1508 5220 1508 2388 1508 5221 1508 2388 1508 5222 1508 5222 1508 2388 1508 5223 1508 5222 1525 5223 1525 5188 1525 5188 1525 5223 1525 5189 1525 5188 1538 5189 1538 5154 1538 5154 1627 5189 1627 5155 1627 5154 1526 5155 1526 5120 1526 5120 1612 5155 1612 5121 1612 5120 1511 5121 1511 5086 1511 5086 1499 5121 1499 5087 1499 5086 1982 5087 1982 2394 1982 2394 1982 5087 1982 5088 1982 2394 1540 5088 1540 5089 1540 5089 1499 5088 1499 5123 1499 5089 1511 5123 1511 5124 1511 5124 1612 5123 1612 5158 1612 5124 1498 5158 1498 5159 1498 5159 1538 5158 1538 5193 1538 5159 1538 5193 1538 5194 1538 5194 1525 5193 1525 5228 1525 5194 1525 5228 1525 5229 1525 5229 1507 5228 1507 2388 1507 5229 1984 2388 1984 5230 1984 5230 1507 2388 1507 5231 1507 5230 1525 5231 1525 5196 1525 5196 1525 5231 1525 5197 1525 5196 1538 5197 1538 5162 1538 5162 1538 5197 1538 5163 1538 5162 1526 5163 1526 5128 1526 5128 1612 5163 1612 5129 1612 5128 1511 5129 1511 5094 1511 5094 1499 5129 1499 5095 1499 5094 1995 5095 1995 2394 1995 2394 1985 5095 1985 5096 1985 2394 1501 5096 1501 5072 1501 5072 1540 5096 1540 5097 1540 5072 1540 5097 1540 5098 1540 5098 1499 5097 1499 5132 1499 5098 1511 5132 1511 5133 1511 5133 1612 5132 1612 5167 1612 5133 1526 5167 1526 5168 1526 5168 1538 5167 1538 5202 1538 5168 1538 5202 1538 5203 1538 5203 1525 5202 1525 5237 1525 5203 1525 5237 1525 5238 1525 5238 1508 5237 1508 5073 1508 5238 1507 5073 1507 5239 1507 5239 1508 5073 1508 5240 1508 5239 1525 5240 1525 5205 1525 5205 1525 5240 1525 5206 1525 5205 1538 5206 1538 5171 1538 5171 1627 5206 1627 5172 1627 5171 1509 5172 1509 5137 1509 5137 1498 5172 1498 5138 1498 5137 1511 5138 1511 5103 1511 5103 1499 5138 1499 5104 1499 5103 1982 5104 1982 5072 1982 5072 1986 5104 1986 5105 1986 5072 1985 5105 1985 5106 1985 5106 1996 5105 1996 5140 1996 5106 1511 5140 1511 5141 1511 5141 1498 5140 1498 5175 1498 5141 1498 5175 1498 5176 1498 5176 1538 5175 1538 5210 1538 5176 1538 5210 1538 5211 1538 5211 1525 5210 1525 5245 1525 5211 1525 5245 1525 5246 1525 5246 1508 5245 1508 5073 1508 5246 1508 5073 1508 5247 1508 5247 1508 5073 1508 5248 1508 5247 1525 5248 1525 5213 1525 5213 1525 5248 1525 5214 1525 5213 1538 5214 1538 5179 1538 5179 1627 5214 1627 5180 1627 5179 1509 5180 1509 5145 1509 5145 1498 5180 1498 5146 1498 5145 1511 5146 1511 5111 1511 5111 1499 5146 1499 5112 1499 5111 1500 5112 1500 5072 1500 5072 1500 5112 1500 5078 1500 5078 1996 5112 1996 5077 1996 5077 1511 5112 1511 5146 1511 5077 1498 5146 1498 5076 1498 5076 1509 5146 1509 5180 1509 5076 1538 5180 1538 5075 1538 5075 1538 5180 1538 5214 1538 5075 1525 5214 1525 5074 1525 5074 1525 5214 1525 5248 1525 5074 1508 5248 1508 5073 1508 5079 1499 2393 1499 5113 1499 5113 1511 2393 1511 2392 1511 5113 1612 2392 1612 5147 1612 5147 1526 2392 1526 2391 1526 5147 1627 2391 1627 5181 1627 5181 1538 2391 1538 2390 1538 5181 1525 2390 1525 5215 1525 5215 1525 2390 1525 2389 1525 5215 1508 2389 1508 2388 1508 2388 1508 5073 1508 5231 1508 5231 1507 5073 1507 5232 1507 5231 1525 5232 1525 5197 1525 5197 1525 5232 1525 5198 1525 5197 1627 5198 1627 5163 1627 5163 1538 5198 1538 5164 1538 5163 1498 5164 1498 5129 1498 5129 1498 5164 1498 5130 1498 5129 1511 5130 1511 5095 1511 5095 1499 5130 1499 5096 1499 5080 1499 5079 1499 5114 1499 5114 1511 5079 1511 5113 1511 5114 1612 5113 1612 5148 1612 5148 1526 5113 1526 5147 1526 5148 1627 5147 1627 5182 1627 5182 1538 5147 1538 5181 1538 5182 1525 5181 1525 5216 1525 5216 1525 5181 1525 5215 1525 5216 1508 5215 1508 2388 1508 5081 1501 5082 1501 2394 1501 2394 1501 5082 1501 5083 1501 2394 1625 5083 1625 5084 1625 5084 1499 5083 1499 5118 1499 5084 1511 5118 1511 5119 1511 5119 1612 5118 1612 5153 1612 5119 1526 5153 1526 5154 1526 5154 1627 5153 1627 5188 1627 5081 1499 5116 1499 5082 1499 5082 1511 5116 1511 5117 1511 5082 1499 5117 1499 5083 1499 5083 1511 5117 1511 5118 1511 5086 1982 2394 1982 5085 1982 5085 1501 2394 1501 5084 1501 5085 1499 5084 1499 5119 1499 5120 1499 5086 1499 5085 1499 5120 1511 5085 1511 5119 1511 5088 1499 5087 1499 5122 1499 5122 1511 5087 1511 5121 1511 5122 1612 5121 1612 5156 1612 5156 1526 5121 1526 5155 1526 5156 1538 5155 1538 5190 1538 5190 1538 5155 1538 5189 1538 5190 1525 5189 1525 5224 1525 5224 1525 5189 1525 5223 1525 5224 1508 5223 1508 2388 1508 5089 1995 5090 1995 2394 1995 2394 1625 5090 1625 5091 1625 2394 1540 5091 1540 5092 1540 5092 1499 5091 1499 5126 1499 5092 1511 5126 1511 5127 1511 5127 1612 5126 1612 5161 1612 5127 1526 5161 1526 5162 1526 5162 1627 5161 1627 5196 1627 5089 1499 5124 1499 5090 1499 5090 1511 5124 1511 5125 1511 5090 1499 5125 1499 5091 1499 5091 1511 5125 1511 5126 1511 5094 1995 2394 1995 5093 1995 5093 1995 2394 1995 5092 1995 5093 1499 5092 1499 5127 1499 5128 1499 5094 1499 5093 1499 5128 1511 5093 1511 5127 1511 5097 1499 5096 1499 5131 1499 5131 1511 5096 1511 5130 1511 5131 1498 5130 1498 5165 1498 5165 1509 5130 1509 5164 1509 5165 1627 5164 1627 5199 1627 5199 1538 5164 1538 5198 1538 5199 1525 5198 1525 5233 1525 5233 1525 5198 1525 5232 1525 5233 1507 5232 1507 5073 1507 5098 1995 5099 1995 5072 1995 5072 1540 5099 1540 5100 1540 5072 1983 5100 1983 5101 1983 5101 1499 5100 1499 5135 1499 5101 1511 5135 1511 5136 1511 5136 1612 5135 1612 5170 1612 5136 1498 5170 1498 5171 1498 5171 1538 5170 1538 5205 1538 5098 1499 5133 1499 5099 1499 5099 1511 5133 1511 5134 1511 5099 1499 5134 1499 5100 1499 5100 1511 5134 1511 5135 1511 5103 1995 5072 1995 5102 1995 5102 1982 5072 1982 5101 1982 5102 1499 5101 1499 5136 1499 5137 1499 5103 1499 5102 1499 5137 1511 5102 1511 5136 1511 5105 1499 5104 1499 5139 1499 5139 1511 5104 1511 5138 1511 5139 1498 5138 1498 5173 1498 5173 1509 5138 1509 5172 1509 5173 1627 5172 1627 5207 1627 5207 1538 5172 1538 5206 1538 5207 1525 5206 1525 5241 1525 5241 1525 5206 1525 5240 1525 5241 1984 5240 1984 5073 1984 5106 1995 5107 1995 5072 1995 5072 1540 5107 1540 5108 1540 5072 1986 5108 1986 5109 1986 5109 1499 5108 1499 5143 1499 5109 1511 5143 1511 5144 1511 5144 1509 5143 1509 5178 1509 5144 1498 5178 1498 5179 1498 5179 1627 5178 1627 5213 1627 5106 1499 5141 1499 5107 1499 5107 1511 5141 1511 5142 1511 5107 1996 5142 1996 5108 1996 5108 1511 5142 1511 5143 1511 5111 1501 5072 1501 5110 1501 5110 1501 5072 1501 5109 1501 5110 1499 5109 1499 5144 1499 5145 1499 5111 1499 5110 1499 5145 1511 5110 1511 5144 1511 5080 1511 5114 1511 5115 1511 5115 1612 5114 1612 5149 1612 5115 1526 5149 1526 5150 1526 5150 1627 5149 1627 5184 1627 5150 1538 5184 1538 5185 1538 5185 1525 5184 1525 5219 1525 5185 1525 5219 1525 5220 1525 5220 1508 5219 1508 2388 1508 5149 1526 5114 1526 5148 1526 5116 1612 5151 1612 5117 1612 5117 1526 5151 1526 5152 1526 5117 1612 5152 1612 5118 1612 5118 1526 5152 1526 5153 1526 5154 1612 5120 1612 5119 1612 5088 1511 5122 1511 5123 1511 5123 1612 5122 1612 5157 1612 5123 1526 5157 1526 5158 1526 5158 1627 5157 1627 5192 1627 5158 1538 5192 1538 5193 1538 5193 1525 5192 1525 5227 1525 5193 1525 5227 1525 5228 1525 5228 1984 5227 1984 2388 1984 5157 1526 5122 1526 5156 1526 5124 1498 5159 1498 5125 1498 5125 1526 5159 1526 5160 1526 5125 1612 5160 1612 5126 1612 5126 1526 5160 1526 5161 1526 5162 1612 5128 1612 5127 1612 5097 1511 5131 1511 5132 1511 5132 1612 5131 1612 5166 1612 5132 1526 5166 1526 5167 1526 5167 1627 5166 1627 5201 1627 5167 1538 5201 1538 5202 1538 5202 1525 5201 1525 5236 1525 5202 1525 5236 1525 5237 1525 5237 1984 5236 1984 5073 1984 5166 1526 5131 1526 5165 1526 5133 1612 5168 1612 5134 1612 5134 1509 5168 1509 5169 1509 5134 1498 5169 1498 5135 1498 5135 1526 5169 1526 5170 1526 5171 1498 5137 1498 5136 1498 5105 1511 5139 1511 5140 1511 5140 1498 5139 1498 5174 1498 5140 1509 5174 1509 5175 1509 5175 1627 5174 1627 5209 1627 5175 1538 5209 1538 5210 1538 5210 1525 5209 1525 5244 1525 5210 1525 5244 1525 5245 1525 5245 1508 5244 1508 5073 1508 5174 1498 5139 1498 5173 1498 5141 1498 5176 1498 5142 1498 5142 1509 5176 1509 5177 1509 5142 1498 5177 1498 5143 1498 5143 1498 5177 1498 5178 1498 5179 1509 5145 1509 5144 1509 5149 1627 5148 1627 5183 1627 5183 1538 5148 1538 5182 1538 5183 1525 5182 1525 5217 1525 5217 1525 5182 1525 5216 1525 5217 1508 5216 1508 2388 1508 5151 1627 5186 1627 5152 1627 5152 1538 5186 1538 5187 1538 5152 1627 5187 1627 5153 1627 5153 1538 5187 1538 5188 1538 5157 1627 5156 1627 5191 1627 5191 1538 5156 1538 5190 1538 5191 1525 5190 1525 5225 1525 5225 1525 5190 1525 5224 1525 5225 1508 5224 1508 2388 1508 5159 1627 5194 1627 5160 1627 5160 1538 5194 1538 5195 1538 5160 1538 5195 1538 5161 1538 5161 1538 5195 1538 5196 1538 5166 1538 5165 1538 5200 1538 5200 1538 5165 1538 5199 1538 5200 1525 5199 1525 5234 1525 5234 1525 5199 1525 5233 1525 5234 1984 5233 1984 5073 1984 5168 1627 5203 1627 5169 1627 5169 1538 5203 1538 5204 1538 5169 1538 5204 1538 5170 1538 5170 1538 5204 1538 5205 1538 5174 1538 5173 1538 5208 1538 5208 1538 5173 1538 5207 1538 5208 1525 5207 1525 5242 1525 5242 1525 5207 1525 5241 1525 5242 1507 5241 1507 5073 1507 5176 1627 5211 1627 5177 1627 5177 1538 5211 1538 5212 1538 5177 1538 5212 1538 5178 1538 5178 1538 5212 1538 5213 1538 5149 1538 5183 1538 5184 1538 5184 1525 5183 1525 5218 1525 5184 1525 5218 1525 5219 1525 5219 1508 5218 1508 2388 1508 5218 1525 5183 1525 5217 1525 5222 1525 5188 1525 5187 1525 5222 1525 5187 1525 5221 1525 5221 1525 5187 1525 5186 1525 5157 1538 5191 1538 5192 1538 5192 1525 5191 1525 5226 1525 5192 1525 5226 1525 5227 1525 5227 1507 5226 1507 2388 1507 5226 1525 5191 1525 5225 1525 5230 1525 5196 1525 5195 1525 5230 1525 5195 1525 5229 1525 5229 1525 5195 1525 5194 1525 5166 1538 5200 1538 5201 1538 5201 1525 5200 1525 5235 1525 5201 1525 5235 1525 5236 1525 5236 1984 5235 1984 5073 1984 5235 1525 5200 1525 5234 1525 5239 1525 5205 1525 5204 1525 5239 1525 5204 1525 5238 1525 5238 1525 5204 1525 5203 1525 5174 1538 5208 1538 5209 1538 5209 1525 5208 1525 5243 1525 5209 1525 5243 1525 5244 1525 5244 1508 5243 1508 5073 1508 5243 1525 5208 1525 5242 1525 5247 1525 5213 1525 5212 1525 5247 1525 5212 1525 5246 1525 5246 1525 5212 1525 5211 1525 2388 1508 5218 1508 5217 1508 2388 1508 5226 1508 5225 1508 5073 1507 5235 1507 5234 1507 5073 1508 5243 1508 5242 1508 2388 0 2387 0 5073 0 5073 0 2387 0 5249 0 2387 1442 2386 1442 5249 1442 5249 1442 2386 1442 5250 1442 2386 0 2385 0 5250 0 5250 0 2385 0 5251 0 2385 1442 2384 1442 5251 1442 5251 1442 2384 1442 5252 1442 2384 1 2383 1 5252 1 5252 1 2383 1 5253 1 2383 1442 2382 1442 5253 1442 5253 1442 2382 1442 5254 1442 2382 1946 2381 1946 5254 1946 5254 1946 2381 1946 5255 1946 2381 0 2380 0 5255 0 5255 0 2380 0 5256 0 2380 1994 2379 1994 5256 1994 5256 1994 2379 1994 3523 1994 3903 728 3994 728 3902 728 3902 728 3994 728 4874 728 3902 728 4874 728 3906 728 3904 728 5064 728 3903 728 3903 741 5064 741 3908 741 3903 728 3908 728 3907 728 4876 731 4080 731 3904 731 3904 728 4080 728 4079 728 3904 728 4079 728 5063 728 5063 729 4079 729 4078 729 5063 728 4078 728 5062 728 5062 1623 4078 1623 4077 1623 5062 737 4077 737 4076 737 4877 728 3521 728 4876 728 4876 728 3521 728 4273 728 4876 1811 4273 1811 4082 1811 4878 728 4879 728 4877 728 4877 728 4879 728 3521 728 3521 728 4879 728 3520 728 3520 728 4879 728 4880 728 3520 728 4880 728 3519 728 3519 728 4880 728 4881 728 3519 1622 4881 1622 3324 1622 3324 1997 4881 1997 3325 1997 3325 731 4881 731 4887 731 3325 728 4887 728 3326 728 3326 731 4887 731 4886 731 3326 1455 4886 1455 4885 1455 4885 736 4884 736 3326 736 3326 729 4884 729 4883 729 3326 728 4883 728 3327 728 3327 1541 4883 1541 4882 1541 3327 1623 4882 1623 3328 1623 3328 728 4882 728 3320 728 3328 728 3320 728 3322 728 4882 1455 5058 1455 3320 1455 3320 740 5058 740 3321 740 3321 728 5058 728 5059 728 3321 728 5059 728 4074 728 4074 739 5059 739 5061 739 4074 1622 5061 1622 5062 1622 5059 728 5060 728 5061 728 5063 728 5064 728 3904 728 5065 728 3911 728 5064 728 5064 728 3911 728 4875 728 5064 1998 4875 1998 3908 1998 5066 728 5254 728 5065 728 5065 728 5254 728 5255 728 5065 728 5255 728 2711 728 2711 728 5255 728 2710 728 2710 728 5255 728 2630 728 2710 728 2630 728 2629 728 5067 728 4680 728 5066 728 5066 1541 4680 1541 4679 1541 5066 728 4679 728 5254 728 5254 740 4679 740 4678 740 5254 730 4678 730 5253 730 5253 1623 4678 1623 4677 1623 5253 1541 4677 1541 4676 1541 5068 728 2915 728 5067 728 5067 1624 2915 1624 4873 1624 5067 728 4873 728 4682 728 5069 728 5070 728 5068 728 5068 728 5070 728 2915 728 2915 728 5070 728 2914 728 2914 728 5070 728 5071 728 2914 1997 5071 1997 2913 1997 2913 1622 5071 1622 5072 1622 2913 740 5072 740 2718 740 2718 728 5072 728 2719 728 2719 1541 5072 1541 5078 1541 2719 728 5078 728 2720 728 2720 729 5078 729 5077 729 2720 1622 5077 1622 5076 1622 5076 728 5075 728 2720 728 2720 1541 5075 1541 5074 1541 2720 728 5074 728 2721 728 2721 1998 5074 1998 5073 1998 2721 1997 5073 1997 2722 1997 2722 740 5073 740 2714 740 2722 728 2714 728 2716 728 5073 728 5249 728 2714 728 2714 728 5249 728 2715 728 2715 728 5249 728 5250 728 2715 728 5250 728 4674 728 4674 728 5250 728 5252 728 4674 728 5252 728 5253 728 5250 728 5251 728 5252 728 5255 728 5256 728 2630 728 2630 728 5256 728 2626 728 2630 728 2626 728 2631 728 2631 728 2626 728 2627 728 3523 728 3711 728 5256 728 5256 728 3711 728 2625 728 5256 728 2625 728 2626 728 3522 728 4480 728 3523 728 3523 741 4480 741 4479 741 3523 728 4479 728 3710 728 3710 1623 4479 1623 4478 1623 3710 728 4478 728 3709 728 3709 1541 4478 1541 4477 1541 3709 730 4477 730 4476 730 3524 728 3117 728 3522 728 3522 728 3117 728 4673 728 3522 1999 4673 1999 4482 1999 3525 728 3526 728 3524 728 3524 728 3526 728 3117 728 3117 728 3526 728 3116 728 3116 728 3526 728 3527 728 3116 728 3527 728 3115 728 3115 728 3527 728 3528 728 3115 1455 3528 1455 2920 1455 2920 2000 3528 2000 2921 2000 2921 738 3528 738 3534 738 2921 728 3534 728 2922 728 2922 1623 3534 1623 3533 1623 2922 731 3533 731 3532 731 3532 737 3531 737 2922 737 2922 731 3531 731 3530 731 2922 728 3530 728 2923 728 2923 1623 3530 1623 3529 1623 2923 1541 3529 1541 2924 1541 2924 728 3529 728 2916 728 2924 728 2916 728 2918 728 3529 728 3705 728 2916 728 2916 736 3705 736 2917 736 2917 728 3705 728 3706 728 2917 728 3706 728 4474 728 4474 728 3706 728 3708 728 4474 728 3708 728 3709 728 3706 728 3707 728 3708 728 3710 728 3711 728 3523 728 3712 728 2543 728 3711 728 3711 728 2543 728 2624 728 3711 738 2624 738 2625 738 3713 728 3901 728 3712 728 3712 728 3901 728 3902 728 3712 728 3902 728 3906 728 3714 728 4280 728 3713 728 3713 731 4280 731 4279 731 3713 728 4279 728 3901 728 3901 728 4279 728 4278 728 3901 730 4278 730 3900 730 3900 1541 4278 1541 4277 1541 3900 1623 4277 1623 4276 1623 3715 741 3319 741 3714 741 3714 728 3319 728 4473 728 3714 728 4473 728 4282 728 3716 728 3717 728 3715 728 3715 729 3717 729 3319 729 3319 728 3717 728 3318 728 3318 728 3717 728 3718 728 3318 728 3718 728 3317 728 3317 1622 3718 1622 3719 1622 3317 741 3719 741 3122 741 3122 728 3719 728 3123 728 3123 1623 3719 1623 3725 1623 3123 1541 3725 1541 3124 1541 3124 731 3725 731 3724 731 3124 738 3724 738 3723 738 3723 736 3722 736 3124 736 3124 729 3722 729 3721 729 3124 728 3721 728 3125 728 3125 729 3721 729 3720 729 3125 2000 3720 2000 3126 2000 3126 741 3720 741 3118 741 3126 728 3118 728 3120 728 3720 728 3896 728 3118 728 3118 728 3896 728 3119 728 3119 728 3896 728 3897 728 3119 728 3897 728 4274 728 4274 728 3897 728 3899 728 4274 728 3899 728 3900 728 3897 728 3898 728 3899 728 4082 729 4081 729 4876 729 4876 1623 4081 1623 4080 1623 4076 728 4075 728 5062 728 5062 728 4075 728 4074 728 3324 728 3323 728 3519 728 4282 2000 4281 2000 3714 2000 3714 1541 4281 1541 4280 1541 4276 728 4275 728 3900 728 3900 728 4275 728 4274 728 3122 728 3121 728 3317 728 4482 731 4481 731 3522 731 3522 1541 4481 1541 4480 1541 4476 728 4475 728 3709 728 3709 732 4475 732 4474 732 2920 728 2919 728 3115 728 4682 728 4681 728 5067 728 5067 1623 4681 1623 4680 1623 4676 728 4675 728 5253 728 5253 728 4675 728 4674 728 2718 728 2717 728 2913 728 2713 728 3912 728 2712 728 2712 1689 3912 1689 3911 1689 2712 728 3911 728 5065 728 3911 1689 3910 1689 4875 1689 4875 728 3910 728 3909 728 3991 1998 3995 1998 3907 1998 3907 741 3995 741 3994 741 3907 728 3994 728 3903 728 3994 728 3993 728 4874 728 4874 738 3993 738 3992 738 3906 1999 3905 1999 3712 1999 3712 728 3905 728 2543 728 2545 728 2544 728 3905 728 3905 2001 2544 2001 2543 2001 2543 2001 2542 2001 2624 2001 2624 728 2542 728 2541 728 2629 728 2628 728 2710 728 2711 1811 2712 1811 5065 1811 5258 1502 5306 1502 5257 1502 5257 1502 5306 1502 5305 1502 5257 1500 5305 1500 5280 1500 5280 1500 5305 1500 5328 1500 5280 1499 5328 1499 5279 1499 5279 1511 5328 1511 5327 1511 5279 1612 5327 1612 5278 1612 5278 1509 5327 1509 5326 1509 5278 1496 5326 1496 5277 1496 5277 1497 5326 1497 5325 1497 5277 1495 5325 1495 5276 1495 5276 1495 5325 1495 5324 1495 5276 1508 5324 1508 5275 1508 5275 1508 5324 1508 5323 1508 5275 1453 5323 1453 5274 1453 5274 1453 5323 1453 5322 1453 5274 1492 5322 1492 5273 1492 5273 1524 5322 1524 5321 1524 5273 1491 5321 1491 5272 1491 5272 1613 5321 1613 5320 1613 5272 1448 5320 1448 5271 1448 5271 1506 5320 1506 5319 1506 5271 1488 5319 1488 5270 1488 5270 1488 5319 1488 5318 1488 5270 1444 5318 1444 5269 1444 5269 1443 5318 1443 5317 1443 5269 1440 5317 1440 5268 1440 5268 1441 5317 1441 5316 1441 5268 1487 5316 1487 5267 1487 5267 1487 5316 1487 5315 1487 5267 1519 5315 1519 5266 1519 5266 1520 5315 1520 5314 1520 5266 1435 5314 1435 5265 1435 5265 1518 5314 1518 5313 1518 5265 1528 5313 1528 5264 1528 5264 1484 5313 1484 5312 1484 5264 1432 5312 1432 5263 1432 5263 1432 5312 1432 5311 1432 5263 1516 5311 1516 5262 1516 5262 1516 5311 1516 5310 1516 5262 1481 5310 1481 5261 1481 5261 1481 5310 1481 5309 1481 5261 1514 5309 1514 5260 1514 5260 1480 5309 1480 5308 1480 5260 1512 5308 1512 5259 1512 5259 1614 5308 1614 5307 1614 5259 1505 5307 1505 5258 1505 5258 1504 5307 1504 5306 1504 5282 1500 5328 1500 5281 1500 5281 1500 5328 1500 5305 1500 5281 1502 5305 1502 5304 1502 5304 1502 5305 1502 5306 1502 5304 1504 5306 1504 5303 1504 5303 1505 5306 1505 5307 1505 5303 1614 5307 1614 5302 1614 5302 1512 5307 1512 5308 1512 5302 1480 5308 1480 5301 1480 5301 1514 5308 1514 5309 1514 5301 1481 5309 1481 5300 1481 5300 1481 5309 1481 5310 1481 5300 1516 5310 1516 5299 1516 5299 1516 5310 1516 5311 1516 5299 1432 5311 1432 5298 1432 5298 1432 5311 1432 5312 1432 5298 1484 5312 1484 5297 1484 5297 1528 5312 1528 5313 1528 5297 1518 5313 1518 5296 1518 5296 1435 5313 1435 5314 1435 5296 1520 5314 1520 5295 1520 5295 1519 5314 1519 5315 1519 5295 1487 5315 1487 5294 1487 5294 1487 5315 1487 5316 1487 5294 1441 5316 1441 5293 1441 5293 1440 5316 1440 5317 1440 5293 1443 5317 1443 5292 1443 5292 1444 5317 1444 5318 1444 5292 1488 5318 1488 5291 1488 5291 1488 5318 1488 5319 1488 5291 1506 5319 1506 5290 1506 5290 1448 5319 1448 5320 1448 5290 1613 5320 1613 5289 1613 5289 1491 5320 1491 5321 1491 5289 1524 5321 1524 5288 1524 5288 1492 5321 1492 5322 1492 5288 1453 5322 1453 5287 1453 5287 1453 5322 1453 5323 1453 5287 1508 5323 1508 5286 1508 5286 1508 5323 1508 5324 1508 5286 1495 5324 1495 5285 1495 5285 1495 5324 1495 5325 1495 5285 1497 5325 1497 5284 1497 5284 1496 5325 1496 5326 1496 5284 1509 5326 1509 5283 1509 5283 1612 5326 1612 5327 1612 5283 1511 5327 1511 5282 1511 5282 1499 5327 1499 5328 1499 5342 1516 5329 1516 5343 1516 5343 1516 5329 1516 5330 1516 5343 1481 5330 1481 5344 1481 5344 1481 5330 1481 5331 1481 5344 1617 5331 1617 5345 1617 5345 1514 5331 1514 5332 1514 5345 1614 5332 1614 5346 1614 5346 1479 5332 1479 5333 1479 5346 1505 5333 1505 5347 1505 5347 1505 5333 1505 5334 1505 5347 1502 5334 1502 5335 1502 5335 1503 5336 1503 5347 1503 5347 1502 5336 1502 5337 1502 5347 1505 5337 1505 5346 1505 5346 1505 5337 1505 5338 1505 5346 1479 5338 1479 5345 1479 5345 1614 5338 1614 5339 1614 5345 1514 5339 1514 5344 1514 5344 1617 5339 1617 5340 1617 5344 1481 5340 1481 5343 1481 5343 1481 5340 1481 5341 1481 5343 1516 5341 1516 5342 1516 5335 2 5348 2 5336 2 5336 2 5348 2 5349 2 5258 407 5257 407 5356 407 5356 407 5257 407 5280 407 5356 407 5280 407 5279 407 5279 414 5278 414 5356 414 5356 407 5278 407 5352 407 5356 1470 5352 1470 5353 1470 5277 407 5350 407 5278 407 5278 416 5350 416 5351 416 5278 408 5351 408 5352 408 5277 2002 5276 2002 5350 2002 5350 410 5276 410 5275 410 5350 407 5275 407 5329 407 5329 1465 5275 1465 5274 1465 5329 2003 5274 2003 5273 2003 5273 407 5272 407 5329 407 5329 407 5272 407 5330 407 5330 407 5272 407 5331 407 5331 407 5272 407 5335 407 5331 2004 5335 2004 5332 2004 5332 407 5335 407 5333 407 5333 2005 5335 2005 5334 2005 5272 1477 5271 1477 5335 1477 5335 407 5271 407 5270 407 5335 407 5270 407 5269 407 5269 2006 5268 2006 5335 2006 5335 407 5268 407 5348 407 5348 2007 5268 2007 5267 2007 5348 407 5267 407 5266 407 5266 407 5265 407 5348 407 5348 415 5265 415 5264 415 5348 407 5264 407 5357 407 5357 407 5264 407 5263 407 5357 407 5263 407 5262 407 5262 407 5261 407 5357 407 5357 408 5261 408 5260 408 5357 407 5260 407 5259 407 5259 2008 5258 2008 5357 2008 5357 408 5258 408 5356 408 5353 407 5354 407 5356 407 5356 2009 5354 2009 5355 2009 5358 407 5363 407 5357 407 5357 407 5363 407 5364 407 5357 408 5364 408 5348 408 5348 1473 5364 1473 5365 1473 5348 407 5365 407 5366 407 5359 407 5360 407 5358 407 5358 407 5360 407 5363 407 5360 407 5361 407 5363 407 5363 407 5361 407 5362 407 5366 2010 5367 2010 5348 2010 5348 407 5367 407 5368 407 5348 407 5368 407 5369 407 5350 1432 5370 1432 5377 1432 5377 1432 5370 1432 5371 1432 5377 1484 5371 1484 5378 1484 5378 1484 5371 1484 5372 1484 5378 1485 5372 1485 5379 1485 5379 1621 5372 1621 5373 1621 5379 1520 5373 1520 5380 1520 5380 1520 5373 1520 5374 1520 5380 1487 5374 1487 5381 1487 5381 1439 5374 1439 5375 1439 5381 1440 5375 1440 5376 1440 5376 1441 5356 1441 5381 1441 5381 1440 5356 1440 5355 1440 5381 1439 5355 1439 5380 1439 5380 1487 5355 1487 5354 1487 5380 1520 5354 1520 5379 1520 5379 1520 5354 1520 5353 1520 5379 1621 5353 1621 5378 1621 5378 1485 5353 1485 5352 1485 5378 1484 5352 1484 5377 1484 5377 1484 5352 1484 5351 1484 5377 1432 5351 1432 5350 1432 5356 1442 5376 1442 5357 1442 5357 1442 5376 1442 5382 1442 5342 1 5370 1 5329 1 5329 1 5370 1 5350 1 5282 728 5281 728 5376 728 5376 2000 5281 2000 5304 2000 5376 728 5304 728 5382 728 5382 1622 5304 1622 5303 1622 5382 739 5303 739 5302 739 5302 2011 5301 2011 5382 2011 5382 736 5301 736 5300 736 5382 1455 5300 1455 5299 1455 5299 2000 5298 2000 5382 2000 5382 728 5298 728 5349 728 5382 730 5349 730 5388 730 5388 728 5349 728 5387 728 5387 728 5349 728 5386 728 5386 2012 5349 2012 5385 2012 5385 728 5349 728 5384 728 5384 728 5349 728 5383 728 5298 728 5297 728 5349 728 5349 738 5297 738 5296 738 5349 730 5296 730 5295 730 5295 728 5294 728 5349 728 5349 730 5294 730 5336 730 5336 1997 5294 1997 5293 1997 5336 1455 5293 1455 5292 1455 5292 732 5291 732 5336 732 5336 731 5291 731 5290 731 5336 728 5290 728 5340 728 5340 1457 5290 1457 5341 1457 5341 728 5290 728 5342 728 5342 728 5290 728 5289 728 5342 741 5289 741 5288 741 5288 728 5287 728 5342 728 5342 728 5287 728 5370 728 5370 1622 5287 1622 5286 1622 5370 740 5286 740 5285 740 5285 728 5284 728 5370 728 5370 728 5284 728 5371 728 5371 1462 5284 1462 5372 1462 5372 728 5284 728 5376 728 5372 2013 5376 2013 5373 2013 5373 728 5376 728 5374 728 5374 728 5376 728 5375 728 5284 728 5283 728 5376 728 5376 1541 5283 1541 5282 1541 5340 2014 5339 2014 5336 2014 5336 1463 5339 1463 5338 1463 5336 728 5338 728 5337 728 5388 728 5389 728 5382 728 5382 728 5389 728 5394 728 5394 728 5389 728 5392 728 5394 728 5392 728 5393 728 5389 728 5390 728 5392 728 5392 728 5390 728 5391 728 5394 1442 5393 1442 5358 1442 5358 1442 5393 1442 5359 1442 5393 0 5392 0 5359 0 5359 0 5392 0 5360 0 5369 1500 5395 1500 5348 1500 5348 1500 5395 1500 5396 1500 5348 1625 5396 1625 5349 1625 5349 1500 5396 1500 5397 1500 5349 1500 5397 1500 5383 1500 5383 1626 5397 1626 5384 1626 5384 1499 5397 1499 5400 1499 5384 1509 5400 1509 5385 1509 5385 1612 5400 1612 5403 1612 5385 1496 5403 1496 5386 1496 5386 1627 5403 1627 5406 1627 5386 1495 5406 1495 5387 1495 5387 1495 5406 1495 5409 1495 5387 1507 5409 1507 5388 1507 5388 1507 5409 1507 5408 1507 5388 1507 5408 1507 5364 1507 5364 1507 5408 1507 5407 1507 5364 1507 5407 1507 5365 1507 5365 1495 5407 1495 5366 1495 5366 1495 5407 1495 5404 1495 5366 1627 5404 1627 5367 1627 5367 1496 5404 1496 5401 1496 5367 1612 5401 1612 5368 1612 5368 1509 5401 1509 5398 1509 5368 1499 5398 1499 5369 1499 5369 1626 5398 1626 5395 1626 5400 1626 5397 1626 5396 1626 5396 1626 5395 1626 5399 1626 5399 1499 5395 1499 5398 1499 5399 1509 5398 1509 5402 1509 5402 1612 5398 1612 5401 1612 5402 1496 5401 1496 5405 1496 5405 1627 5401 1627 5404 1627 5405 1495 5404 1495 5408 1495 5408 1495 5404 1495 5407 1495 5403 1509 5400 1509 5399 1509 5399 1499 5400 1499 5396 1499 5403 1612 5399 1612 5402 1612 5406 1496 5403 1496 5402 1496 5406 1627 5402 1627 5405 1627 5409 1495 5406 1495 5405 1495 5409 1495 5405 1495 5408 1495 5364 0 5363 0 5388 0 5388 0 5363 0 5389 0 5358 1 5422 1 5394 1 5394 1 5422 1 5423 1 5394 1 5423 1 5424 1 5357 1 5416 1 5358 1 5358 1 5416 1 5417 1 5358 1 5417 1 5418 1 5382 1 5410 1 5357 1 5357 1 5410 1 5411 1 5357 1 5411 1 5412 1 5394 1 5428 1 5382 1 5382 1 5428 1 5429 1 5382 1 5429 1 5430 1 5412 1 5413 1 5357 1 5357 1 5413 1 5414 1 5357 1 5414 1 5415 1 5415 1 5416 1 5357 1 5418 1 5419 1 5358 1 5358 1 5419 1 5420 1 5358 1 5420 1 5421 1 5421 1 5422 1 5358 1 5424 1 5425 1 5394 1 5394 1 5425 1 5426 1 5394 1 5426 1 5427 1 5427 1 5428 1 5394 1 5430 1 5431 1 5382 1 5382 1 5431 1 5432 1 5382 1 5432 1 5433 1 5433 1 5410 1 5382 1 5363 2 5362 2 5389 2 5389 2 5362 2 5390 2 5435 0 5390 0 5434 0 5434 0 5390 0 5362 0 5434 0 5362 0 5457 0 5457 0 5362 0 5456 0 5456 0 5362 0 5455 0 5455 0 5362 0 5454 0 5454 0 5362 0 5453 0 5453 0 5362 0 5452 0 5452 0 5362 0 5361 0 5452 0 5361 0 5451 0 5451 0 5361 0 5450 0 5450 0 5361 0 5449 0 5449 0 5361 0 5448 0 5448 0 5361 0 5447 0 5447 0 5361 0 5446 0 5446 0 5361 0 5391 0 5446 0 5391 0 5445 0 5445 0 5391 0 5444 0 5444 0 5391 0 5443 0 5443 0 5391 0 5442 0 5442 0 5391 0 5441 0 5441 0 5391 0 5440 0 5440 0 5391 0 5390 0 5440 0 5390 0 5439 0 5439 0 5390 0 5438 0 5438 0 5390 0 5437 0 5437 0 5390 0 5436 0 5436 0 5390 0 5435 0 5361 1442 5360 1442 5391 1442 5391 1442 5360 1442 5392 1442 5433 1629 5435 1629 5410 1629 5410 1629 5435 1629 5434 1629 5410 1630 5434 1630 5411 1630 5411 843 5434 843 5457 843 5411 1632 5457 1632 5412 1632 5412 2015 5457 2015 5456 2015 5412 2016 5456 2016 5413 2016 5413 2016 5456 2016 5455 2016 5413 2017 5455 2017 5414 2017 5414 2017 5455 2017 5454 2017 5414 2018 5454 2018 5415 2018 5415 2019 5454 2019 5453 2019 5415 2020 5453 2020 5416 2020 5416 2020 5453 2020 5452 2020 5416 2021 5452 2021 5417 2021 5417 2021 5452 2021 5451 2021 5417 2022 5451 2022 5418 2022 5418 2023 5451 2023 5450 2023 5418 2024 5450 2024 5419 2024 5419 2024 5450 2024 5449 2024 5419 2025 5449 2025 5420 2025 5420 2025 5449 2025 5448 2025 5420 2026 5448 2026 5421 2026 5421 1650 5448 1650 5447 1650 5421 1748 5447 1748 5422 1748 5422 1652 5447 1652 5446 1652 5422 1653 5446 1653 5423 1653 5423 1653 5446 1653 5445 1653 5423 1655 5445 1655 5424 1655 5424 1655 5445 1655 5444 1655 5424 1657 5444 1657 5425 1657 5425 1657 5444 1657 5443 1657 5425 2027 5443 2027 5426 2027 5426 2028 5443 2028 5442 2028 5426 2029 5442 2029 5427 2029 5427 2029 5442 2029 5441 2029 5427 2030 5441 2030 5428 2030 5428 2030 5441 2030 5440 2030 5428 2031 5440 2031 5429 2031 5429 2031 5440 2031 5439 2031 5429 2032 5439 2032 5430 2032 5430 2032 5439 2032 5438 2032 5430 2033 5438 2033 5431 2033 5431 2034 5438 2034 5437 2034 5431 1672 5437 1672 5432 1672 5432 1672 5437 1672 5436 1672 5432 1674 5436 1674 5433 1674 5433 1674 5436 1674 5435 1674 5458 2 5459 2 5461 2 5461 2 5459 2 5460 2 5459 0 5462 0 5460 0 5460 0 5462 0 5463 0 5462 1442 5464 1442 5463 1442 5463 1442 5464 1442 5465 1442 5464 1 5458 1 5465 1 5465 1 5458 1 5461 1 5465 728 5461 728 5463 728 5463 728 5461 728 5460 728 5458 731 5486 731 5459 731 5459 739 5486 739 5487 739 5459 728 5487 728 5466 728 5466 728 5487 728 5489 728 5489 728 5487 728 5488 728 5464 728 5476 728 5458 728 5458 728 5476 728 5483 728 5458 728 5483 728 5486 728 5486 728 5483 728 5484 728 5486 728 5484 728 5485 728 5476 728 5464 728 5475 728 5475 728 5464 728 5462 728 5475 729 5462 729 5474 729 5474 728 5462 728 5473 728 5473 728 5462 728 5459 728 5473 729 5459 729 5466 729 5473 1622 5466 1622 5472 1622 5472 740 5466 740 5467 740 5472 1541 5467 1541 5468 1541 5468 728 5469 728 5472 728 5472 728 5469 728 5470 728 5472 728 5470 728 5471 728 5476 730 5477 730 5483 730 5483 728 5477 728 5482 728 5482 728 5477 728 5481 728 5481 728 5477 728 5480 728 5480 728 5477 728 5479 728 5479 728 5477 728 5478 728 5490 2 5491 2 5493 2 5493 2 5491 2 5492 2 5491 1 5494 1 5492 1 5492 1 5494 1 5495 1 5494 1442 5496 1442 5495 1442 5495 1442 5496 1442 5497 1442 5496 0 5490 0 5497 0 5497 0 5490 0 5493 0 5497 407 5493 407 5495 407 5495 407 5493 407 5492 407 5490 409 5508 409 5491 409 5491 407 5508 407 5511 407 5491 407 5511 407 5518 407 5518 408 5511 408 5517 408 5517 1465 5511 1465 5512 1465 5517 412 5512 412 5513 412 5496 407 5521 407 5490 407 5490 410 5521 410 5504 410 5490 407 5504 407 5507 407 5507 407 5504 407 5505 407 5507 407 5505 407 5506 407 5494 407 5519 407 5496 407 5496 1467 5519 1467 5520 1467 5496 407 5520 407 5521 407 5519 407 5494 407 5518 407 5518 407 5494 407 5491 407 5499 407 5500 407 5498 407 5498 407 5500 407 5501 407 5498 2035 5501 2035 5502 2035 5502 2036 5503 2036 5498 2036 5498 1475 5503 1475 5504 1475 5498 1474 5504 1474 5521 1474 5507 409 5508 409 5490 409 5509 407 5510 407 5508 407 5508 407 5510 407 5511 407 5513 407 5514 407 5517 407 5517 407 5514 407 5515 407 5517 407 5515 407 5516 407 5503 1534 5522 1534 5504 1534 5504 1534 5522 1534 5523 1534 5504 1534 5523 1534 5466 1534 5466 1534 5523 1534 5524 1534 5466 1534 5524 1534 5467 1534 5467 1481 5524 1481 5468 1481 5468 1481 5524 1481 5527 1481 5468 1515 5527 1515 5469 1515 5469 1514 5527 1514 5530 1514 5469 1513 5530 1513 5470 1513 5470 1513 5530 1513 5533 1513 5470 1504 5533 1504 5471 1504 5471 1504 5533 1504 5536 1504 5471 1503 5536 1503 5472 1503 5472 1503 5536 1503 5535 1503 5472 1503 5535 1503 5498 1503 5498 1503 5535 1503 5534 1503 5498 1503 5534 1503 5499 1503 5499 1504 5534 1504 5500 1504 5500 1504 5534 1504 5531 1504 5500 1513 5531 1513 5501 1513 5501 1513 5531 1513 5528 1513 5501 1514 5528 1514 5502 1514 5502 1515 5528 1515 5525 1515 5502 1481 5525 1481 5503 1481 5503 1481 5525 1481 5522 1481 5527 1481 5524 1481 5523 1481 5523 1481 5522 1481 5526 1481 5526 1481 5522 1481 5525 1481 5526 1515 5525 1515 5529 1515 5529 1514 5525 1514 5528 1514 5529 1513 5528 1513 5532 1513 5532 1513 5528 1513 5531 1513 5532 1504 5531 1504 5535 1504 5535 1504 5531 1504 5534 1504 5530 1515 5527 1515 5526 1515 5526 1481 5527 1481 5523 1481 5530 1514 5526 1514 5529 1514 5533 1513 5530 1513 5529 1513 5533 1513 5529 1513 5532 1513 5536 1504 5533 1504 5532 1504 5536 1504 5532 1504 5535 1504 5466 1 5489 1 5504 1 5504 1 5489 1 5505 1 5516 1501 5537 1501 5517 1501 5517 1501 5537 1501 5538 1501 5517 1501 5538 1501 5477 1501 5477 1501 5538 1501 5539 1501 5477 1501 5539 1501 5478 1501 5478 1499 5539 1499 5479 1499 5479 1499 5539 1499 5542 1499 5479 1509 5542 1509 5480 1509 5480 1509 5542 1509 5545 1509 5480 1542 5545 1542 5481 1542 5481 1542 5545 1542 5548 1542 5481 1495 5548 1495 5482 1495 5482 1495 5548 1495 5551 1495 5482 1543 5551 1543 5483 1543 5483 1543 5551 1543 5550 1543 5483 1543 5550 1543 5511 1543 5511 1543 5550 1543 5549 1543 5511 1543 5549 1543 5512 1543 5512 1495 5549 1495 5513 1495 5513 1495 5549 1495 5546 1495 5513 1542 5546 1542 5514 1542 5514 1542 5546 1542 5543 1542 5514 1509 5543 1509 5515 1509 5515 1509 5543 1509 5540 1509 5515 1499 5540 1499 5516 1499 5516 1499 5540 1499 5537 1499 5542 1499 5539 1499 5538 1499 5538 1499 5537 1499 5541 1499 5541 1499 5537 1499 5540 1499 5541 1509 5540 1509 5544 1509 5544 1509 5540 1509 5543 1509 5544 1542 5543 1542 5547 1542 5547 1542 5543 1542 5546 1542 5547 1495 5546 1495 5550 1495 5550 1495 5546 1495 5549 1495 5545 1509 5542 1509 5541 1509 5541 1499 5542 1499 5538 1499 5545 1509 5541 1509 5544 1509 5548 1542 5545 1542 5544 1542 5548 1542 5544 1542 5547 1542 5551 1495 5548 1495 5547 1495 5551 1495 5547 1495 5550 1495 5553 2 5476 2 5552 2 5552 2 5476 2 5518 2 5552 2 5518 2 5575 2 5575 2 5518 2 5574 2 5574 2 5518 2 5573 2 5573 2 5518 2 5572 2 5572 2 5518 2 5571 2 5571 2 5518 2 5517 2 5571 2 5517 2 5570 2 5570 2 5517 2 5569 2 5569 2 5517 2 5568 2 5568 2 5517 2 5567 2 5567 2 5517 2 5566 2 5566 2 5517 2 5565 2 5565 2 5517 2 5564 2 5564 2 5517 2 5477 2 5564 2 5477 2 5563 2 5563 2 5477 2 5562 2 5562 2 5477 2 5561 2 5561 2 5477 2 5560 2 5560 2 5477 2 5559 2 5559 2 5477 2 5558 2 5558 2 5477 2 5557 2 5557 2 5477 2 5476 2 5557 2 5476 2 5556 2 5556 2 5476 2 5555 2 5555 2 5476 2 5554 2 5554 2 5476 2 5553 2 5577 2037 5625 2037 5576 2037 5576 2037 5625 2037 5624 2037 5576 1545 5624 1545 5599 1545 5599 1545 5624 1545 5647 1545 5599 1546 5647 1546 5598 1546 5598 1547 5647 1547 5646 1547 5598 1548 5646 1548 5597 1548 5597 1548 5646 1548 5645 1548 5597 2038 5645 2038 5596 2038 5596 2038 5645 2038 5644 2038 5596 2039 5644 2039 5595 2039 5595 2039 5644 2039 5643 2039 5595 2040 5643 2040 5594 2040 5594 2040 5643 2040 5642 2040 5594 2041 5642 2041 5593 2041 5593 2041 5642 2041 5641 2041 5593 2042 5641 2042 5592 2042 5592 2042 5641 2042 5640 2042 5592 2043 5640 2043 5591 2043 5591 2043 5640 2043 5639 2043 5591 1556 5639 1556 5590 1556 5590 1556 5639 1556 5638 1556 5590 1557 5638 1557 5589 1557 5589 1557 5638 1557 5637 1557 5589 1558 5637 1558 5588 1558 5588 1559 5637 1559 5636 1559 5588 1561 5636 1561 5587 1561 5587 1561 5636 1561 5635 1561 5587 1850 5635 1850 5586 1850 5586 1850 5635 1850 5634 1850 5586 1562 5634 1562 5585 1562 5585 1562 5634 1562 5633 1562 5585 1563 5633 1563 5584 1563 5584 1563 5633 1563 5632 1563 5584 1564 5632 1564 5583 1564 5583 1564 5632 1564 5631 1564 5583 1565 5631 1565 5582 1565 5582 1565 5631 1565 5630 1565 5582 1566 5630 1566 5581 1566 5581 1566 5630 1566 5629 1566 5581 1567 5629 1567 5580 1567 5580 1567 5629 1567 5628 1567 5580 1568 5628 1568 5579 1568 5579 1568 5628 1568 5627 1568 5579 1569 5627 1569 5578 1569 5578 1569 5627 1569 5626 1569 5578 2044 5626 2044 5577 2044 5577 2045 5626 2045 5625 2045 5601 1545 5647 1545 5600 1545 5600 1545 5647 1545 5624 1545 5600 2037 5624 2037 5623 2037 5623 2037 5624 2037 5625 2037 5623 2045 5625 2045 5622 2045 5622 2044 5625 2044 5626 2044 5622 1569 5626 1569 5621 1569 5621 1569 5626 1569 5627 1569 5621 1568 5627 1568 5620 1568 5620 1568 5627 1568 5628 1568 5620 1567 5628 1567 5619 1567 5619 1567 5628 1567 5629 1567 5619 1566 5629 1566 5618 1566 5618 1566 5629 1566 5630 1566 5618 1565 5630 1565 5617 1565 5617 1565 5630 1565 5631 1565 5617 1564 5631 1564 5616 1564 5616 1564 5631 1564 5632 1564 5616 1563 5632 1563 5615 1563 5615 1563 5632 1563 5633 1563 5615 1562 5633 1562 5614 1562 5614 1562 5633 1562 5634 1562 5614 1850 5634 1850 5613 1850 5613 1850 5634 1850 5635 1850 5613 1561 5635 1561 5612 1561 5612 1561 5635 1561 5636 1561 5612 1559 5636 1559 5611 1559 5611 1558 5636 1558 5637 1558 5611 1557 5637 1557 5610 1557 5610 1557 5637 1557 5638 1557 5610 1556 5638 1556 5609 1556 5609 1556 5638 1556 5639 1556 5609 2043 5639 2043 5608 2043 5608 2043 5639 2043 5640 2043 5608 2042 5640 2042 5607 2042 5607 2042 5640 2042 5641 2042 5607 2041 5641 2041 5606 2041 5606 2041 5641 2041 5642 2041 5606 2040 5642 2040 5605 2040 5605 2040 5642 2040 5643 2040 5605 2039 5643 2039 5604 2039 5604 2039 5643 2039 5644 2039 5604 2038 5644 2038 5603 2038 5603 2038 5644 2038 5645 2038 5603 1548 5645 1548 5602 1548 5602 1548 5645 1548 5646 1548 5602 1547 5646 1547 5601 1547 5601 1546 5646 1546 5647 1546 5498 2 5576 2 5472 2 5472 2 5576 2 5599 2 5472 2 5599 2 5598 2 5521 2 5583 2 5498 2 5498 2 5583 2 5582 2 5498 2 5582 2 5581 2 5473 2 5588 2 5521 2 5521 2 5588 2 5587 2 5521 2 5587 2 5586 2 5472 2 5593 2 5473 2 5473 2 5593 2 5592 2 5473 2 5592 2 5591 2 5598 2 5597 2 5472 2 5472 2 5597 2 5596 2 5472 2 5596 2 5595 2 5595 2 5594 2 5472 2 5472 2 5594 2 5593 2 5591 2 5590 2 5473 2 5473 2 5590 2 5589 2 5473 2 5589 2 5588 2 5586 2 5585 2 5521 2 5521 2 5585 2 5584 2 5521 2 5584 2 5583 2 5581 2 5580 2 5498 2 5498 2 5580 2 5579 2 5498 2 5579 2 5578 2 5578 2 5577 2 5498 2 5498 2 5577 2 5576 2 5623 1442 5505 1442 5600 1442 5600 1442 5505 1442 5489 1442 5600 1442 5489 1442 5601 1442 5601 1442 5489 1442 5602 1442 5602 1442 5489 1442 5603 1442 5603 1442 5489 1442 5604 1442 5604 1442 5489 1442 5605 1442 5605 1442 5489 1442 5606 1442 5606 1442 5489 1442 5488 1442 5606 1442 5488 1442 5607 1442 5607 1442 5488 1442 5608 1442 5608 1442 5488 1442 5609 1442 5609 1442 5488 1442 5610 1442 5610 1442 5488 1442 5611 1442 5611 1442 5488 1442 5612 1442 5612 1442 5488 1442 5506 1442 5612 1442 5506 1442 5613 1442 5613 1442 5506 1442 5614 1442 5614 1442 5506 1442 5615 1442 5615 1442 5506 1442 5616 1442 5616 1442 5506 1442 5617 1442 5617 1442 5506 1442 5618 1442 5618 1442 5506 1442 5505 1442 5618 1442 5505 1442 5619 1442 5619 1442 5505 1442 5620 1442 5620 1442 5505 1442 5621 1442 5621 1442 5505 1442 5622 1442 5622 1442 5505 1442 5623 1442 5649 1442 5509 1442 5648 1442 5648 1442 5509 1442 5485 1442 5648 1442 5485 1442 5671 1442 5671 1442 5485 1442 5670 1442 5670 1442 5485 1442 5669 1442 5669 1442 5485 1442 5668 1442 5668 1442 5485 1442 5667 1442 5667 1442 5485 1442 5666 1442 5666 1442 5485 1442 5484 1442 5666 1442 5484 1442 5665 1442 5665 1442 5484 1442 5664 1442 5664 1442 5484 1442 5663 1442 5663 1442 5484 1442 5662 1442 5662 1442 5484 1442 5661 1442 5661 1442 5484 1442 5660 1442 5660 1442 5484 1442 5510 1442 5660 1442 5510 1442 5659 1442 5659 1442 5510 1442 5658 1442 5658 1442 5510 1442 5657 1442 5657 1442 5510 1442 5656 1442 5656 1442 5510 1442 5655 1442 5655 1442 5510 1442 5654 1442 5654 1442 5510 1442 5509 1442 5654 1442 5509 1442 5653 1442 5653 1442 5509 1442 5652 1442 5652 1442 5509 1442 5651 1442 5651 1442 5509 1442 5650 1442 5650 1442 5509 1442 5649 1442 5485 1 5509 1 5486 1 5486 1 5509 1 5508 1 5507 1442 5690 1442 5508 1442 5508 1442 5690 1442 5691 1442 5508 1442 5691 1442 5692 1442 5487 1442 5684 1442 5507 1442 5507 1442 5684 1442 5685 1442 5507 1442 5685 1442 5686 1442 5486 1442 5678 1442 5487 1442 5487 1442 5678 1442 5679 1442 5487 1442 5679 1442 5680 1442 5508 1442 5672 1442 5486 1442 5486 1442 5672 1442 5673 1442 5486 1442 5673 1442 5674 1442 5674 1442 5675 1442 5486 1442 5486 1442 5675 1442 5676 1442 5486 1442 5676 1442 5677 1442 5677 1442 5678 1442 5486 1442 5680 1442 5681 1442 5487 1442 5487 1442 5681 1442 5682 1442 5487 1442 5682 1442 5683 1442 5683 1442 5684 1442 5487 1442 5686 1442 5687 1442 5507 1442 5507 1442 5687 1442 5688 1442 5507 1442 5688 1442 5689 1442 5689 1442 5690 1442 5507 1442 5692 1442 5693 1442 5508 1442 5508 1442 5693 1442 5694 1442 5508 1442 5694 1442 5695 1442 5695 1442 5672 1442 5508 1442 5719 1442 5696 1442 5738 1442 5738 1442 5696 1442 5697 1442 5738 1442 5697 1442 5737 1442 5737 1442 5697 1442 5698 1442 5737 1442 5698 1442 5736 1442 5736 1442 5698 1442 5699 1442 5736 1442 5699 1442 5735 1442 5735 1442 5699 1442 5700 1442 5735 1442 5700 1442 5734 1442 5734 1442 5700 1442 5701 1442 5734 1442 5701 1442 5733 1442 5733 1442 5701 1442 5702 1442 5733 1442 5702 1442 5732 1442 5732 1442 5702 1442 5731 1442 5731 1442 5702 1442 5703 1442 5731 1442 5703 1442 5730 1442 5730 1442 5703 1442 5704 1442 5730 1442 5704 1442 5729 1442 5729 1442 5704 1442 5705 1442 5729 1442 5705 1442 5728 1442 5728 1442 5705 1442 5706 1442 5728 1442 5706 1442 5727 1442 5727 1442 5706 1442 5707 1442 5727 1442 5707 1442 5726 1442 5726 1442 5707 1442 5708 1442 5726 1442 5708 1442 5725 1442 5725 1442 5708 1442 5709 1442 5725 1442 5709 1442 5710 1442 5725 1442 5710 1442 5724 1442 5724 1442 5710 1442 5711 1442 5724 1442 5711 1442 5723 1442 5723 1442 5711 1442 5712 1442 5723 1442 5712 1442 5722 1442 5722 1442 5712 1442 5713 1442 5722 1442 5713 1442 5721 1442 5721 1442 5713 1442 5714 1442 5721 1442 5714 1442 5720 1442 5720 1442 5714 1442 5743 1442 5743 1442 5714 1442 5715 1442 5743 1442 5715 1442 5742 1442 5742 1442 5715 1442 5716 1442 5742 1442 5716 1442 5741 1442 5741 1442 5716 1442 5717 1442 5741 1442 5717 1442 5740 1442 5740 1442 5717 1442 5718 1442 5740 1442 5718 1442 5739 1442 5739 1442 5718 1442 5719 1442 5739 1442 5719 1442 5738 1442 5521 1 5520 1 5473 1 5473 1 5520 1 5474 1 5745 2 5474 2 5744 2 5744 2 5474 2 5520 2 5744 2 5520 2 5767 2 5767 2 5520 2 5766 2 5766 2 5520 2 5765 2 5765 2 5520 2 5764 2 5764 2 5520 2 5763 2 5763 2 5520 2 5762 2 5762 2 5520 2 5519 2 5762 2 5519 2 5761 2 5761 2 5519 2 5760 2 5760 2 5519 2 5759 2 5759 2 5519 2 5758 2 5758 2 5519 2 5757 2 5757 2 5519 2 5756 2 5756 2 5519 2 5475 2 5756 2 5475 2 5755 2 5755 2 5475 2 5754 2 5754 2 5475 2 5753 2 5753 2 5475 2 5752 2 5752 2 5475 2 5751 2 5751 2 5475 2 5750 2 5750 2 5475 2 5474 2 5750 2 5474 2 5749 2 5749 2 5474 2 5748 2 5748 2 5474 2 5747 2 5747 2 5474 2 5746 2 5746 2 5474 2 5745 2 5519 0 5518 0 5475 0 5475 0 5518 0 5476 0 5506 0 5488 0 5507 0 5507 0 5488 0 5487 0 5719 1545 5745 1545 5696 1545 5696 1545 5745 1545 5744 1545 5696 1570 5744 1570 5697 1570 5697 1570 5744 1570 5767 1570 5697 1571 5767 1571 5698 1571 5698 1571 5767 1571 5766 1571 5698 1572 5766 1572 5699 1572 5699 1572 5766 1572 5765 1572 5699 1573 5765 1573 5700 1573 5700 1573 5765 1573 5764 1573 5700 1574 5764 1574 5701 1574 5701 1574 5764 1574 5763 1574 5701 1575 5763 1575 5702 1575 5702 1575 5763 1575 5762 1575 5702 1576 5762 1576 5703 1576 5703 1576 5762 1576 5761 1576 5703 1577 5761 1577 5704 1577 5704 1577 5761 1577 5760 1577 5704 1578 5760 1578 5705 1578 5705 1578 5760 1578 5759 1578 5705 1579 5759 1579 5706 1579 5706 1579 5759 1579 5758 1579 5706 1580 5758 1580 5707 1580 5707 1580 5758 1580 5757 1580 5707 1560 5757 1560 5708 1560 5708 1560 5757 1560 5756 1560 5708 1558 5756 1558 5709 1558 5709 1558 5756 1558 5755 1558 5709 1581 5755 1581 5710 1581 5710 1581 5755 1581 5754 1581 5710 1582 5754 1582 5711 1582 5711 1582 5754 1582 5753 1582 5711 2046 5753 2046 5712 2046 5712 2046 5753 2046 5752 2046 5712 1553 5752 1553 5713 1553 5713 1553 5752 1553 5751 1553 5713 1584 5751 1584 5714 1584 5714 1584 5751 1584 5750 1584 5714 1585 5750 1585 5715 1585 5715 1585 5750 1585 5749 1585 5715 1550 5749 1550 5716 1550 5716 1550 5749 1550 5748 1550 5716 1549 5748 1549 5717 1549 5717 1549 5748 1549 5747 1549 5717 1587 5747 1587 5718 1587 5718 1587 5747 1587 5746 1587 5718 1546 5746 1546 5719 1546 5719 1546 5746 1546 5745 1546 5695 1560 5727 1560 5672 1560 5672 1560 5727 1560 5726 1560 5672 1559 5726 1559 5673 1559 5673 1559 5726 1559 5725 1559 5673 1557 5725 1557 5674 1557 5674 1557 5725 1557 5724 1557 5674 1588 5724 1588 5675 1588 5675 1588 5724 1588 5723 1588 5675 1555 5723 1555 5676 1555 5676 1555 5723 1555 5722 1555 5676 2047 5722 2047 5677 2047 5677 2047 5722 2047 5721 2047 5677 1552 5721 1552 5678 1552 5678 1552 5721 1552 5720 1552 5678 1551 5720 1551 5679 1551 5679 1551 5720 1551 5743 1551 5679 2048 5743 2048 5680 2048 5680 2048 5743 2048 5742 2048 5680 1549 5742 1549 5681 1549 5681 1549 5742 1549 5741 1549 5681 1592 5741 1592 5682 1592 5682 1592 5741 1592 5740 1592 5682 1546 5740 1546 5683 1546 5683 1546 5740 1546 5739 1546 5683 1593 5739 1593 5684 1593 5684 1593 5739 1593 5738 1593 5684 1570 5738 1570 5685 1570 5685 1570 5738 1570 5737 1570 5685 1009 5737 1009 5686 1009 5686 1009 5737 1009 5736 1009 5686 1008 5736 1008 5687 1008 5687 1008 5736 1008 5735 1008 5687 1594 5735 1594 5688 1594 5688 1594 5735 1594 5734 1594 5688 1595 5734 1595 5689 1595 5689 1595 5734 1595 5733 1595 5689 1596 5733 1596 5690 1596 5690 1596 5733 1596 5732 1596 5690 1597 5732 1597 5691 1597 5691 1597 5732 1597 5731 1597 5691 1598 5731 1598 5692 1598 5692 1598 5731 1598 5730 1598 5692 1599 5730 1599 5693 1599 5693 1599 5730 1599 5729 1599 5693 1600 5729 1600 5694 1600 5694 1600 5729 1600 5728 1600 5694 1580 5728 1580 5695 1580 5695 1580 5728 1580 5727 1580 5511 0 5510 0 5483 0 5483 0 5510 0 5484 0 5575 1544 5769 1544 5552 1544 5552 1544 5769 1544 5768 1544 5552 1545 5768 1545 5553 1545 5553 1545 5768 1545 5791 1545 5553 1601 5791 1601 5554 1601 5554 1547 5791 1547 5790 1547 5554 1587 5790 1587 5555 1587 5555 1587 5790 1587 5789 1587 5555 1591 5789 1591 5556 1591 5556 1591 5789 1591 5788 1591 5556 2049 5788 2049 5557 2049 5557 2049 5788 2049 5787 2049 5557 1844 5787 1844 5558 1844 5558 1844 5787 1844 5786 1844 5558 2050 5786 2050 5559 2050 5559 2050 5786 2050 5785 2050 5559 2051 5785 2051 5560 2051 5560 2051 5785 2051 5784 2051 5560 1602 5784 1602 5561 1602 5561 1602 5784 1602 5783 1602 5561 1588 5783 1588 5562 1588 5562 1588 5783 1588 5782 1588 5562 1604 5782 1604 5563 1604 5563 1604 5782 1604 5781 1604 5563 1605 5781 1605 5564 1605 5564 1605 5781 1605 5780 1605 5564 2052 5780 2052 5565 2052 5565 2052 5780 2052 5779 2052 5565 2053 5779 2053 5566 2053 5566 1850 5779 1850 5778 1850 5566 1600 5778 1600 5567 1600 5567 1600 5778 1600 5777 1600 5567 1599 5777 1599 5568 1599 5568 1599 5777 1599 5776 1599 5568 2054 5776 2054 5569 2054 5569 2054 5776 2054 5775 2054 5569 1277 5775 1277 5570 1277 5570 1277 5775 1277 5774 1277 5570 1004 5774 1004 5571 1004 5571 1004 5774 1004 5773 1004 5571 2055 5773 2055 5572 2055 5572 2055 5773 2055 5772 2055 5572 1610 5772 1610 5573 1610 5573 1610 5772 1610 5771 1610 5573 1572 5771 1572 5574 1572 5574 1572 5771 1572 5770 1572 5574 1009 5770 1009 5575 1009 5575 1009 5770 1009 5769 1009 5671 1545 5791 1545 5648 1545 5648 1545 5791 1545 5768 1545 5648 1544 5768 1544 5649 1544 5649 1544 5768 1544 5769 1544 5649 1009 5769 1009 5650 1009 5650 1009 5769 1009 5770 1009 5650 1572 5770 1572 5651 1572 5651 1572 5770 1572 5771 1572 5651 1610 5771 1610 5652 1610 5652 1610 5771 1610 5772 1610 5652 2055 5772 2055 5653 2055 5653 2055 5772 2055 5773 2055 5653 1004 5773 1004 5654 1004 5654 1004 5773 1004 5774 1004 5654 1277 5774 1277 5655 1277 5655 1277 5774 1277 5775 1277 5655 2054 5775 2054 5656 2054 5656 2054 5775 2054 5776 2054 5656 1599 5776 1599 5657 1599 5657 1599 5776 1599 5777 1599 5657 1600 5777 1600 5658 1600 5658 1600 5777 1600 5778 1600 5658 1850 5778 1850 5659 1850 5659 2053 5778 2053 5779 2053 5659 2052 5779 2052 5660 2052 5660 2052 5779 2052 5780 2052 5660 1605 5780 1605 5661 1605 5661 1605 5780 1605 5781 1605 5661 1604 5781 1604 5662 1604 5662 1604 5781 1604 5782 1604 5662 1588 5782 1588 5663 1588 5663 1588 5782 1588 5783 1588 5663 1602 5783 1602 5664 1602 5664 1602 5783 1602 5784 1602 5664 2051 5784 2051 5665 2051 5665 2051 5784 2051 5785 2051 5665 2050 5785 2050 5666 2050 5666 2050 5785 2050 5786 2050 5666 1844 5786 1844 5667 1844 5667 1844 5786 1844 5787 1844 5667 2049 5787 2049 5668 2049 5668 2049 5787 2049 5788 2049 5668 1591 5788 1591 5669 1591 5669 1591 5788 1591 5789 1591 5669 1587 5789 1587 5670 1587 5670 1587 5789 1587 5790 1587 5670 1601 5790 1601 5671 1601 5671 1547 5790 1547 5791 1547 5792 2 5793 2 5795 2 5795 2 5793 2 5794 2 5793 0 5796 0 5794 0 5794 0 5796 0 5797 0 5796 1442 5798 1442 5797 1442 5797 1442 5798 1442 5799 1442 5798 1 5792 1 5799 1 5799 1 5792 1 5795 1 5799 728 5795 728 5797 728 5797 728 5795 728 5794 728 5792 728 5820 728 5793 728 5793 731 5820 731 5821 731 5793 728 5821 728 5800 728 5800 728 5821 728 5823 728 5823 728 5821 728 5822 728 5798 728 5810 728 5792 728 5792 728 5810 728 5817 728 5792 730 5817 730 5820 730 5820 728 5817 728 5818 728 5820 728 5818 728 5819 728 5810 728 5798 728 5809 728 5809 728 5798 728 5796 728 5809 728 5796 728 5808 728 5808 728 5796 728 5807 728 5807 728 5796 728 5793 728 5807 728 5793 728 5800 728 5807 737 5800 737 5806 737 5806 2056 5800 2056 5801 2056 5806 2057 5801 2057 5802 2057 5802 728 5803 728 5806 728 5806 2058 5803 2058 5804 2058 5806 728 5804 728 5805 728 5810 730 5811 730 5817 730 5817 728 5811 728 5816 728 5816 2059 5811 2059 5815 2059 5815 2060 5811 2060 5814 2060 5814 2061 5811 2061 5813 2061 5813 728 5811 728 5812 728 5824 2 5825 2 5827 2 5827 2 5825 2 5826 2 5825 1 5828 1 5826 1 5826 1 5828 1 5829 1 5828 1442 5830 1442 5829 1442 5829 1442 5830 1442 5831 1442 5830 0 5824 0 5831 0 5831 0 5824 0 5827 0 5831 407 5827 407 5829 407 5829 407 5827 407 5826 407 5824 1465 5842 1465 5825 1465 5825 408 5842 408 5845 408 5825 407 5845 407 5852 407 5852 408 5845 408 5851 408 5851 2062 5845 2062 5846 2062 5851 412 5846 412 5847 412 5830 407 5855 407 5824 407 5824 1466 5855 1466 5838 1466 5824 407 5838 407 5841 407 5841 407 5838 407 5839 407 5841 407 5839 407 5840 407 5828 1473 5853 1473 5830 1473 5830 407 5853 407 5854 407 5830 407 5854 407 5855 407 5853 407 5828 407 5852 407 5852 407 5828 407 5825 407 5833 407 5834 407 5832 407 5832 2063 5834 2063 5835 2063 5832 2064 5835 2064 5836 2064 5836 407 5837 407 5832 407 5832 2065 5837 2065 5838 2065 5832 2007 5838 2007 5855 2007 5841 407 5842 407 5824 407 5843 407 5844 407 5842 407 5842 407 5844 407 5845 407 5847 2066 5848 2066 5851 2066 5851 2063 5848 2063 5849 2063 5851 407 5849 407 5850 407 5837 1534 5856 1534 5838 1534 5838 1534 5856 1534 5857 1534 5838 1534 5857 1534 5800 1534 5800 1534 5857 1534 5858 1534 5800 1534 5858 1534 5801 1534 5801 1481 5858 1481 5802 1481 5802 1481 5858 1481 5861 1481 5802 1514 5861 1514 5803 1514 5803 1514 5861 1514 5864 1514 5803 1513 5864 1513 5804 1513 5804 1513 5864 1513 5867 1513 5804 1504 5867 1504 5805 1504 5805 1504 5867 1504 5870 1504 5805 1503 5870 1503 5806 1503 5806 1503 5870 1503 5869 1503 5806 1503 5869 1503 5832 1503 5832 1503 5869 1503 5868 1503 5832 1503 5868 1503 5833 1503 5833 1504 5868 1504 5834 1504 5834 1504 5868 1504 5865 1504 5834 1513 5865 1513 5835 1513 5835 1513 5865 1513 5862 1513 5835 1515 5862 1515 5836 1515 5836 1514 5862 1514 5859 1514 5836 1481 5859 1481 5837 1481 5837 1481 5859 1481 5856 1481 5861 1481 5858 1481 5857 1481 5857 1481 5856 1481 5860 1481 5860 1481 5856 1481 5859 1481 5860 1514 5859 1514 5863 1514 5863 1514 5859 1514 5862 1514 5863 1513 5862 1513 5866 1513 5866 1513 5862 1513 5865 1513 5866 1504 5865 1504 5869 1504 5869 1504 5865 1504 5868 1504 5864 1514 5861 1514 5860 1514 5860 1481 5861 1481 5857 1481 5864 1515 5860 1515 5863 1515 5867 1513 5864 1513 5863 1513 5867 1513 5863 1513 5866 1513 5870 1504 5867 1504 5866 1504 5870 1504 5866 1504 5869 1504 5800 1 5823 1 5838 1 5838 1 5823 1 5839 1 5850 1501 5871 1501 5851 1501 5851 1501 5871 1501 5872 1501 5851 1501 5872 1501 5811 1501 5811 1501 5872 1501 5873 1501 5811 1501 5873 1501 5812 1501 5812 1499 5873 1499 5813 1499 5813 1499 5873 1499 5876 1499 5813 1509 5876 1509 5814 1509 5814 1509 5876 1509 5879 1509 5814 1538 5879 1538 5815 1538 5815 2067 5879 2067 5882 2067 5815 1495 5882 1495 5816 1495 5816 1495 5882 1495 5885 1495 5816 1543 5885 1543 5817 1543 5817 1543 5885 1543 5884 1543 5817 1543 5884 1543 5845 1543 5845 1543 5884 1543 5883 1543 5845 1543 5883 1543 5846 1543 5846 1495 5883 1495 5847 1495 5847 1495 5883 1495 5880 1495 5847 2067 5880 2067 5848 2067 5848 1538 5880 1538 5877 1538 5848 1509 5877 1509 5849 1509 5849 1509 5877 1509 5874 1509 5849 1499 5874 1499 5850 1499 5850 1499 5874 1499 5871 1499 5876 1499 5873 1499 5872 1499 5872 1499 5871 1499 5875 1499 5875 1499 5871 1499 5874 1499 5875 1509 5874 1509 5878 1509 5878 1509 5874 1509 5877 1509 5878 1538 5877 1538 5881 1538 5881 2067 5877 2067 5880 2067 5881 1495 5880 1495 5884 1495 5884 1495 5880 1495 5883 1495 5879 1509 5876 1509 5875 1509 5875 1499 5876 1499 5872 1499 5879 1509 5875 1509 5878 1509 5882 1538 5879 1538 5878 1538 5882 2067 5878 2067 5881 2067 5885 1495 5882 1495 5881 1495 5885 1495 5881 1495 5884 1495 5887 2 5810 2 5886 2 5886 2 5810 2 5852 2 5886 2 5852 2 5909 2 5909 2 5852 2 5908 2 5908 2 5852 2 5907 2 5907 2 5852 2 5906 2 5906 2 5852 2 5905 2 5905 2 5852 2 5851 2 5905 2 5851 2 5904 2 5904 2 5851 2 5903 2 5903 2 5851 2 5902 2 5902 2 5851 2 5901 2 5901 2 5851 2 5900 2 5900 2 5851 2 5899 2 5899 2 5851 2 5898 2 5898 2 5851 2 5811 2 5898 2 5811 2 5897 2 5897 2 5811 2 5896 2 5896 2 5811 2 5895 2 5895 2 5811 2 5894 2 5894 2 5811 2 5893 2 5893 2 5811 2 5892 2 5892 2 5811 2 5891 2 5891 2 5811 2 5810 2 5891 2 5810 2 5890 2 5890 2 5810 2 5889 2 5889 2 5810 2 5888 2 5888 2 5810 2 5887 2 5911 1570 5959 1570 5910 1570 5910 1570 5959 1570 5958 1570 5910 1593 5958 1593 5933 1593 5933 1593 5958 1593 5981 1593 5933 1546 5981 1546 5932 1546 5932 1547 5981 1547 5980 1547 5932 2068 5980 2068 5931 2068 5931 2068 5980 2068 5979 2068 5931 1842 5979 1842 5930 1842 5930 1591 5979 1591 5978 1591 5930 2069 5978 2069 5929 2069 5929 2069 5978 2069 5977 2069 5929 1844 5977 1844 5928 1844 5928 1844 5977 1844 5976 1844 5928 2050 5976 2050 5927 2050 5927 2050 5976 2050 5975 2050 5927 2070 5975 2070 5926 2070 5926 2070 5975 2070 5974 2070 5926 1602 5974 1602 5925 1602 5925 1602 5974 1602 5973 1602 5925 2071 5973 2071 5924 2071 5924 2071 5973 2071 5972 2071 5924 1557 5972 1557 5923 1557 5923 1557 5972 1557 5971 1557 5923 1559 5971 1559 5922 1559 5922 1559 5971 1559 5970 1559 5922 1560 5970 1560 5921 1560 5921 1560 5970 1560 5969 1560 5921 1580 5969 1580 5920 1580 5920 1580 5969 1580 5968 1580 5920 2072 5968 2072 5919 2072 5919 2072 5968 2072 5967 2072 5919 1599 5967 1599 5918 1599 5918 1599 5967 1599 5966 1599 5918 1564 5966 1564 5917 1564 5917 1564 5966 1564 5965 1564 5917 1607 5965 1607 5916 1607 5916 1607 5965 1607 5964 1607 5916 1608 5964 1608 5915 1608 5915 1608 5964 1608 5963 1608 5915 1567 5963 1567 5914 1567 5914 1567 5963 1567 5962 1567 5914 1610 5962 1610 5913 1610 5913 1594 5962 1594 5961 1594 5913 2073 5961 2073 5912 2073 5912 2073 5961 2073 5960 2073 5912 1611 5960 1611 5911 1611 5911 1009 5960 1009 5959 1009 5935 2074 5981 2074 5934 2074 5934 1593 5981 1593 5958 1593 5934 2075 5958 2075 5957 2075 5957 1570 5958 1570 5959 1570 5957 1009 5959 1009 5956 1009 5956 1611 5959 1611 5960 1611 5956 2073 5960 2073 5955 2073 5955 2073 5960 2073 5961 2073 5955 1594 5961 1594 5954 1594 5954 1610 5961 1610 5962 1610 5954 1567 5962 1567 5953 1567 5953 1567 5962 1567 5963 1567 5953 1608 5963 1608 5952 1608 5952 1608 5963 1608 5964 1608 5952 1607 5964 1607 5951 1607 5951 1607 5964 1607 5965 1607 5951 1564 5965 1564 5950 1564 5950 1564 5965 1564 5966 1564 5950 1599 5966 1599 5949 1599 5949 1599 5966 1599 5967 1599 5949 2072 5967 2072 5948 2072 5948 2072 5967 2072 5968 2072 5948 1580 5968 1580 5947 1580 5947 1580 5968 1580 5969 1580 5947 1560 5969 1560 5946 1560 5946 1560 5969 1560 5970 1560 5946 1559 5970 1559 5945 1559 5945 1559 5970 1559 5971 1559 5945 1557 5971 1557 5944 1557 5944 1557 5971 1557 5972 1557 5944 2071 5972 2071 5943 2071 5943 2071 5972 2071 5973 2071 5943 1602 5973 1602 5942 1602 5942 1602 5973 1602 5974 1602 5942 2070 5974 2070 5941 2070 5941 2070 5974 2070 5975 2070 5941 2050 5975 2050 5940 2050 5940 2050 5975 2050 5976 2050 5940 1844 5976 1844 5939 1844 5939 1844 5976 1844 5977 1844 5939 2069 5977 2069 5938 2069 5938 2069 5977 2069 5978 2069 5938 1591 5978 1591 5937 1591 5937 1842 5978 1842 5979 1842 5937 2068 5979 2068 5936 2068 5936 2068 5979 2068 5980 2068 5936 1547 5980 1547 5935 1547 5935 1546 5980 1546 5981 1546 5832 2 5910 2 5806 2 5806 2 5910 2 5933 2 5806 2 5933 2 5932 2 5855 2 5917 2 5832 2 5832 2 5917 2 5916 2 5832 2 5916 2 5915 2 5807 2 5922 2 5855 2 5855 2 5922 2 5921 2 5855 2 5921 2 5920 2 5806 2 5927 2 5807 2 5807 2 5927 2 5926 2 5807 2 5926 2 5925 2 5932 2 5931 2 5806 2 5806 2 5931 2 5930 2 5806 2 5930 2 5929 2 5929 2 5928 2 5806 2 5806 2 5928 2 5927 2 5925 2 5924 2 5807 2 5807 2 5924 2 5923 2 5807 2 5923 2 5922 2 5920 2 5919 2 5855 2 5855 2 5919 2 5918 2 5855 2 5918 2 5917 2 5915 2 5914 2 5832 2 5832 2 5914 2 5913 2 5832 2 5913 2 5912 2 5912 2 5911 2 5832 2 5832 2 5911 2 5910 2 5957 1442 5839 1442 5934 1442 5934 1442 5839 1442 5823 1442 5934 1442 5823 1442 5935 1442 5935 1442 5823 1442 5936 1442 5936 1442 5823 1442 5937 1442 5937 1442 5823 1442 5938 1442 5938 1442 5823 1442 5939 1442 5939 1442 5823 1442 5940 1442 5940 1442 5823 1442 5822 1442 5940 1442 5822 1442 5941 1442 5941 1442 5822 1442 5942 1442 5942 1442 5822 1442 5943 1442 5943 1442 5822 1442 5944 1442 5944 1442 5822 1442 5945 1442 5945 1442 5822 1442 5946 1442 5946 1442 5822 1442 5840 1442 5946 1442 5840 1442 5947 1442 5947 1442 5840 1442 5948 1442 5948 1442 5840 1442 5949 1442 5949 1442 5840 1442 5950 1442 5950 1442 5840 1442 5951 1442 5951 1442 5840 1442 5952 1442 5952 1442 5840 1442 5839 1442 5952 1442 5839 1442 5953 1442 5953 1442 5839 1442 5954 1442 5954 1442 5839 1442 5955 1442 5955 1442 5839 1442 5956 1442 5956 1442 5839 1442 5957 1442 5983 1442 5843 1442 5982 1442 5982 1442 5843 1442 5819 1442 5982 1442 5819 1442 6005 1442 6005 1442 5819 1442 6004 1442 6004 1442 5819 1442 6003 1442 6003 1442 5819 1442 6002 1442 6002 1442 5819 1442 6001 1442 6001 1442 5819 1442 6000 1442 6000 1442 5819 1442 5818 1442 6000 1442 5818 1442 5999 1442 5999 1442 5818 1442 5998 1442 5998 1442 5818 1442 5997 1442 5997 1442 5818 1442 5996 1442 5996 1442 5818 1442 5995 1442 5995 1442 5818 1442 5994 1442 5994 1442 5818 1442 5844 1442 5994 1442 5844 1442 5993 1442 5993 1442 5844 1442 5992 1442 5992 1442 5844 1442 5991 1442 5991 1442 5844 1442 5990 1442 5990 1442 5844 1442 5989 1442 5989 1442 5844 1442 5988 1442 5988 1442 5844 1442 5843 1442 5988 1442 5843 1442 5987 1442 5987 1442 5843 1442 5986 1442 5986 1442 5843 1442 5985 1442 5985 1442 5843 1442 5984 1442 5984 1442 5843 1442 5983 1442 5819 1 5843 1 5820 1 5820 1 5843 1 5842 1 5841 1442 6024 1442 5842 1442 5842 1442 6024 1442 6025 1442 5842 1442 6025 1442 6026 1442 5821 1442 6018 1442 5841 1442 5841 1442 6018 1442 6019 1442 5841 1442 6019 1442 6020 1442 5820 1442 6012 1442 5821 1442 5821 1442 6012 1442 6013 1442 5821 1442 6013 1442 6014 1442 5842 1442 6006 1442 5820 1442 5820 1442 6006 1442 6007 1442 5820 1442 6007 1442 6008 1442 6008 1442 6009 1442 5820 1442 5820 1442 6009 1442 6010 1442 5820 1442 6010 1442 6011 1442 6011 1442 6012 1442 5820 1442 6014 1442 6015 1442 5821 1442 5821 1442 6015 1442 6016 1442 5821 1442 6016 1442 6017 1442 6017 1442 6018 1442 5821 1442 6020 1442 6021 1442 5841 1442 5841 1442 6021 1442 6022 1442 5841 1442 6022 1442 6023 1442 6023 1442 6024 1442 5841 1442 6026 1442 6027 1442 5842 1442 5842 1442 6027 1442 6028 1442 5842 1442 6028 1442 6029 1442 6029 1442 6006 1442 5842 1442 6053 1442 6030 1442 6072 1442 6072 1442 6030 1442 6031 1442 6072 1442 6031 1442 6071 1442 6071 1442 6031 1442 6032 1442 6071 1442 6032 1442 6070 1442 6070 1442 6032 1442 6033 1442 6070 1442 6033 1442 6069 1442 6069 1442 6033 1442 6034 1442 6069 1442 6034 1442 6068 1442 6068 1442 6034 1442 6035 1442 6068 1442 6035 1442 6067 1442 6067 1442 6035 1442 6036 1442 6067 1442 6036 1442 6066 1442 6066 1442 6036 1442 6065 1442 6065 1442 6036 1442 6037 1442 6065 1442 6037 1442 6064 1442 6064 1442 6037 1442 6038 1442 6064 1442 6038 1442 6063 1442 6063 1442 6038 1442 6039 1442 6063 1442 6039 1442 6062 1442 6062 1442 6039 1442 6040 1442 6062 1442 6040 1442 6061 1442 6061 1442 6040 1442 6041 1442 6061 1442 6041 1442 6060 1442 6060 1442 6041 1442 6042 1442 6060 1442 6042 1442 6059 1442 6059 1442 6042 1442 6043 1442 6059 1442 6043 1442 6044 1442 6059 1442 6044 1442 6058 1442 6058 1442 6044 1442 6045 1442 6058 1442 6045 1442 6057 1442 6057 1442 6045 1442 6046 1442 6057 1442 6046 1442 6056 1442 6056 1442 6046 1442 6047 1442 6056 1442 6047 1442 6055 1442 6055 1442 6047 1442 6048 1442 6055 1442 6048 1442 6054 1442 6054 1442 6048 1442 6077 1442 6077 1442 6048 1442 6049 1442 6077 1442 6049 1442 6076 1442 6076 1442 6049 1442 6050 1442 6076 1442 6050 1442 6075 1442 6075 1442 6050 1442 6051 1442 6075 1442 6051 1442 6074 1442 6074 1442 6051 1442 6052 1442 6074 1442 6052 1442 6073 1442 6073 1442 6052 1442 6053 1442 6073 1442 6053 1442 6072 1442 5855 1 5854 1 5807 1 5807 1 5854 1 5808 1 6079 2 5808 2 6078 2 6078 2 5808 2 5854 2 6078 2 5854 2 6101 2 6101 2 5854 2 6100 2 6100 2 5854 2 6099 2 6099 2 5854 2 6098 2 6098 2 5854 2 6097 2 6097 2 5854 2 6096 2 6096 2 5854 2 5853 2 6096 2 5853 2 6095 2 6095 2 5853 2 6094 2 6094 2 5853 2 6093 2 6093 2 5853 2 6092 2 6092 2 5853 2 6091 2 6091 2 5853 2 6090 2 6090 2 5853 2 5809 2 6090 2 5809 2 6089 2 6089 2 5809 2 6088 2 6088 2 5809 2 6087 2 6087 2 5809 2 6086 2 6086 2 5809 2 6085 2 6085 2 5809 2 6084 2 6084 2 5809 2 5808 2 6084 2 5808 2 6083 2 6083 2 5808 2 6082 2 6082 2 5808 2 6081 2 6081 2 5808 2 6080 2 6080 2 5808 2 6079 2 5853 0 5852 0 5809 0 5809 0 5852 0 5810 0 5840 0 5822 0 5841 0 5841 0 5822 0 5821 0 6053 1593 6079 1593 6030 1593 6030 1593 6079 1593 6078 1593 6030 1570 6078 1570 6031 1570 6031 1570 6078 1570 6101 1570 6031 1571 6101 1571 6032 1571 6032 1571 6101 1571 6100 1571 6032 1572 6100 1572 6033 1572 6033 1572 6100 1572 6099 1572 6033 2076 6099 2076 6034 2076 6034 2076 6099 2076 6098 2076 6034 1574 6098 1574 6035 1574 6035 1574 6098 1574 6097 1574 6035 2077 6097 2077 6036 2077 6036 2077 6097 2077 6096 2077 6036 2078 6096 2078 6037 2078 6037 2078 6096 2078 6095 2078 6037 1577 6095 1577 6038 1577 6038 1577 6095 1577 6094 1577 6038 2079 6094 2079 6039 2079 6039 2079 6094 2079 6093 2079 6039 1579 6093 1579 6040 1579 6040 1579 6093 1579 6092 1579 6040 1580 6092 1580 6041 1580 6041 1580 6092 1580 6091 1580 6041 1560 6091 1560 6042 1560 6042 1560 6091 1560 6090 1560 6042 1559 6090 1559 6043 1559 6043 1559 6090 1559 6089 1559 6043 1557 6089 1557 6044 1557 6044 1557 6089 1557 6088 1557 6044 1582 6088 1582 6045 1582 6045 1582 6088 1582 6087 1582 6045 2080 6087 2080 6046 2080 6046 2080 6087 2080 6086 2080 6046 1553 6086 1553 6047 1553 6047 1553 6086 1553 6085 1553 6047 1886 6085 1886 6048 1886 6048 1886 6085 1886 6084 1886 6048 1885 6084 1885 6049 1885 6049 1885 6084 1885 6083 1885 6049 1550 6083 1550 6050 1550 6050 1550 6083 1550 6082 1550 6050 2081 6082 2081 6051 2081 6051 2081 6082 2081 6081 2081 6051 1587 6081 1587 6052 1587 6052 1587 6081 1587 6080 1587 6052 1601 6080 1601 6053 1601 6053 1601 6080 1601 6079 1601 6029 1560 6061 1560 6006 1560 6006 1560 6061 1560 6060 1560 6006 1559 6060 1559 6007 1559 6007 1559 6060 1559 6059 1559 6007 1557 6059 1557 6008 1557 6008 1557 6059 1557 6058 1557 6008 1582 6058 1582 6009 1582 6009 1582 6058 1582 6057 1582 6009 2043 6057 2043 6010 2043 6010 2043 6057 2043 6056 2043 6010 2082 6056 2082 6011 2082 6011 2082 6056 2082 6055 2082 6011 2041 6055 2041 6012 2041 6012 2041 6055 2041 6054 2041 6012 2040 6054 2040 6013 2040 6013 2040 6054 2040 6077 2040 6013 2083 6077 2083 6014 2083 6014 2083 6077 2083 6076 2083 6014 2038 6076 2038 6015 2038 6015 2038 6076 2038 6075 2038 6015 1587 6075 1587 6016 1587 6016 1587 6075 1587 6074 1587 6016 1546 6074 1546 6017 1546 6017 1546 6074 1546 6073 1546 6017 1593 6073 1593 6018 1593 6018 1593 6073 1593 6072 1593 6018 1570 6072 1570 6019 1570 6019 1570 6072 1570 6071 1570 6019 1009 6071 1009 6020 1009 6020 1009 6071 1009 6070 1009 6020 1572 6070 1572 6021 1572 6021 1572 6070 1572 6069 1572 6021 1568 6069 1568 6022 1568 6022 1568 6069 1568 6068 1568 6022 2084 6068 2084 6023 2084 6023 2084 6068 2084 6067 2084 6023 1566 6067 1566 6024 1566 6024 1566 6067 1566 6066 1566 6024 1565 6066 1565 6025 1565 6025 1565 6066 1565 6065 1565 6025 2085 6065 2085 6026 2085 6026 2085 6065 2085 6064 2085 6026 1563 6064 1563 6027 1563 6027 1563 6064 1563 6063 1563 6027 1579 6063 1579 6028 1579 6028 1579 6063 1579 6062 1579 6028 1580 6062 1580 6029 1580 6029 1580 6062 1580 6061 1580 5845 0 5844 0 5817 0 5817 0 5844 0 5818 0 5909 2037 6103 2037 5886 2037 5886 1544 6103 1544 6102 1544 5886 1593 6102 1593 5887 1593 5887 1593 6102 1593 6125 1593 5887 1601 6125 1601 5888 1601 5888 1547 6125 1547 6124 1547 5888 2086 6124 2086 5889 2086 5889 2086 6124 2086 6123 2086 5889 2087 6123 2087 5890 2087 5890 2088 6123 2088 6122 2088 5890 2069 6122 2069 5891 2069 5891 2069 6122 2069 6121 2069 5891 1844 6121 1844 5892 1844 5892 1844 6121 1844 6120 1844 5892 2050 6120 2050 5893 2050 5893 2050 6120 2050 6119 2050 5893 2089 6119 2089 5894 2089 5894 2089 6119 2089 6118 2089 5894 2090 6118 2090 5895 2090 5895 2091 6118 2091 6117 2091 5895 2092 6117 2092 5896 2092 5896 2092 6117 2092 6116 2092 5896 1604 6116 1604 5897 1604 5897 1604 6116 1604 6115 1604 5897 1558 6115 1558 5898 1558 5898 1558 6115 1558 6114 1558 5898 2093 6114 2093 5899 2093 5899 2093 6114 2093 6113 2093 5899 2094 6113 2094 5900 2094 5900 2094 6113 2094 6112 2094 5900 2072 6112 2072 5901 2072 5901 2072 6112 2072 6111 2072 5901 1599 6111 1599 5902 1599 5902 1599 6111 1599 6110 1599 5902 2095 6110 2095 5903 2095 5903 2095 6110 2095 6109 2095 5903 2096 6109 2096 5904 2096 5904 2096 6109 2096 6108 2096 5904 2097 6108 2097 5905 2097 5905 2097 6108 2097 6107 2097 5905 1567 6107 1567 5906 1567 5906 1567 6107 1567 6106 1567 5906 1610 6106 1610 5907 1610 5907 1610 6106 1610 6105 1610 5907 1007 6105 1007 5908 1007 5908 1007 6105 1007 6104 1007 5908 2044 6104 2044 5909 2044 5909 1010 6104 1010 6103 1010 6005 2074 6125 2074 5982 2074 5982 1593 6125 1593 6102 1593 5982 1544 6102 1544 5983 1544 5983 2037 6102 2037 6103 2037 5983 2044 6103 2044 5984 2044 5984 1010 6103 1010 6104 1010 5984 1007 6104 1007 5985 1007 5985 1007 6104 1007 6105 1007 5985 1610 6105 1610 5986 1610 5986 1610 6105 1610 6106 1610 5986 1567 6106 1567 5987 1567 5987 1567 6106 1567 6107 1567 5987 2097 6107 2097 5988 2097 5988 2097 6107 2097 6108 2097 5988 2096 6108 2096 5989 2096 5989 2096 6108 2096 6109 2096 5989 2095 6109 2095 5990 2095 5990 2095 6109 2095 6110 2095 5990 1599 6110 1599 5991 1599 5991 1599 6110 1599 6111 1599 5991 2072 6111 2072 5992 2072 5992 2072 6111 2072 6112 2072 5992 2094 6112 2094 5993 2094 5993 2094 6112 2094 6113 2094 5993 2093 6113 2093 5994 2093 5994 2093 6113 2093 6114 2093 5994 1558 6114 1558 5995 1558 5995 1558 6114 1558 6115 1558 5995 1604 6115 1604 5996 1604 5996 1604 6115 1604 6116 1604 5996 2092 6116 2092 5997 2092 5997 2092 6116 2092 6117 2092 5997 2091 6117 2091 5998 2091 5998 2090 6117 2090 6118 2090 5998 2089 6118 2089 5999 2089 5999 2089 6118 2089 6119 2089 5999 2050 6119 2050 6000 2050 6000 2050 6119 2050 6120 2050 6000 1844 6120 1844 6001 1844 6001 1844 6120 1844 6121 1844 6001 2069 6121 2069 6002 2069 6002 2069 6121 2069 6122 2069 6002 2088 6122 2088 6003 2088 6003 2088 6122 2088 6123 2088 6003 2086 6123 2086 6004 2086 6004 2086 6123 2086 6124 2086 6004 1601 6124 1601 6005 1601 6005 1547 6124 1547 6125 1547 6126 2098 6127 2098 6149 2098 6149 2099 6127 2099 6154 2099 6149 2100 6154 2100 6148 2100 6148 2100 6154 2100 6159 2100 6148 2101 6159 2101 6147 2101 6147 2102 6159 2102 6164 2102 6147 2103 6164 2103 6146 2103 6146 2104 6164 2104 6169 2104 6146 2105 6169 2105 6145 2105 6145 2105 6169 2105 6174 2105 6145 2106 6174 2106 6144 2106 6144 2107 6174 2107 6143 2107 6143 2108 6174 2108 6173 2108 6143 2109 6173 2109 6142 2109 6142 2110 6173 2110 6172 2110 6142 2110 6172 2110 6141 2110 6141 2111 6172 2111 6171 2111 6141 2112 6171 2112 6140 2112 6140 2113 6171 2113 6170 2113 6140 2114 6170 2114 6139 2114 6139 2115 6170 2115 6137 2115 6139 2116 6137 2116 6138 2116 6127 2117 6128 2117 6154 2117 6154 2117 6128 2117 6153 2117 6154 2118 6153 2118 6159 2118 6159 2119 6153 2119 6158 2119 6159 2120 6158 2120 6164 2120 6164 2121 6158 2121 6163 2121 6164 2122 6163 2122 6169 2122 6169 2122 6163 2122 6168 2122 6169 2123 6168 2123 6174 2123 6174 2124 6168 2124 6173 2124 6128 2125 6129 2125 6153 2125 6153 2126 6129 2126 6152 2126 6153 2127 6152 2127 6158 2127 6158 2127 6152 2127 6157 2127 6158 2128 6157 2128 6163 2128 6163 2129 6157 2129 6162 2129 6163 2130 6162 2130 6168 2130 6168 2130 6162 2130 6167 2130 6168 2131 6167 2131 6173 2131 6173 2131 6167 2131 6172 2131 6129 2132 6130 2132 6152 2132 6152 2132 6130 2132 6151 2132 6152 2133 6151 2133 6157 2133 6157 2133 6151 2133 6156 2133 6157 2134 6156 2134 6162 2134 6162 2135 6156 2135 6161 2135 6162 2136 6161 2136 6167 2136 6167 2137 6161 2137 6166 2137 6167 2138 6166 2138 6172 2138 6172 2139 6166 2139 6171 2139 6130 2140 6131 2140 6151 2140 6151 2141 6131 2141 6150 2141 6151 2142 6150 2142 6156 2142 6156 2143 6150 2143 6155 2143 6156 2144 6155 2144 6161 2144 6161 2145 6155 2145 6160 2145 6161 2146 6160 2146 6166 2146 6166 2146 6160 2146 6165 2146 6166 2147 6165 2147 6171 2147 6171 2147 6165 2147 6170 2147 6131 2148 6132 2148 6150 2148 6150 2148 6132 2148 6133 2148 6150 2149 6133 2149 6155 2149 6155 2150 6133 2150 6134 2150 6155 2151 6134 2151 6160 2151 6160 2152 6134 2152 6135 2152 6160 2153 6135 2153 6165 2153 6165 2154 6135 2154 6136 2154 6165 2155 6136 2155 6170 2155 6170 2155 6136 2155 6137 2155 6138 1628 6175 1628 6185 1628 6185 2156 6175 2156 6176 2156 6185 2157 6176 2157 6177 2157 6177 2158 6178 2158 6185 2158 6185 2159 6178 2159 6186 2159 6185 2160 6186 2160 6140 2160 6140 1671 6186 1671 6141 1671 6141 1671 6186 1671 6187 1671 6141 2161 6187 2161 6142 2161 6142 2161 6187 2161 6188 2161 6142 2162 6188 2162 6143 2162 6143 1733 6188 1733 6189 1733 6143 2163 6189 2163 6144 2163 6144 2164 6189 2164 6183 2164 6144 2165 6183 2165 6184 2165 6178 2166 6179 2166 6186 2166 6186 2167 6179 2167 6187 2167 6179 2168 6180 2168 6187 2168 6187 2169 6180 2169 6181 2169 6187 2170 6181 2170 6188 2170 6188 2171 6181 2171 6182 2171 6188 2172 6182 2172 6189 2172 6189 2173 6182 2173 6183 2173 6140 2160 6139 2160 6185 2160 6185 1628 6139 1628 6138 1628 6149 407 6148 407 6126 407 6126 407 6148 407 6147 407 6126 407 6147 407 6146 407 6146 407 6145 407 6126 407 6126 407 6145 407 6144 407 6126 407 6144 407 6190 407 6190 407 6144 407 6184 407 6191 407 6212 407 6190 407 6190 407 6212 407 6227 407 6190 407 6227 407 6228 407 6192 407 6193 407 6191 407 6191 407 6193 407 6199 407 6191 407 6199 407 6201 407 6201 407 6199 407 6200 407 6194 407 6195 407 6193 407 6193 408 6195 408 6196 408 6193 407 6196 407 6197 407 6197 407 6198 407 6193 407 6193 407 6198 407 6199 407 6191 407 6201 407 6212 407 6212 407 6201 407 6202 407 6212 407 6202 407 6210 407 6210 407 6202 407 6204 407 6210 407 6204 407 6205 407 6202 407 6203 407 6204 407 6205 407 6206 407 6210 407 6210 407 6206 407 6207 407 6210 409 6207 409 6208 409 6208 407 6209 407 6210 407 6210 407 6211 407 6212 407 6227 407 6212 407 6224 407 6224 407 6212 407 6213 407 6224 407 6213 407 6223 407 6223 407 6213 407 6215 407 6223 407 6215 407 6221 407 6221 407 6215 407 6216 407 6221 407 6216 407 6217 407 6213 407 6214 407 6215 407 6217 408 6218 408 6221 408 6221 407 6218 407 6219 407 6221 407 6219 407 6220 407 6221 407 6222 407 6223 407 6225 407 6226 407 6224 407 6224 407 6226 407 6227 407 6229 407 6126 407 6228 407 6228 407 6126 407 6190 407 6190 2174 6184 2174 6238 2174 6238 2174 6184 2174 6183 2174 6238 2175 6183 2175 6237 2175 6237 2175 6183 2175 6182 2175 6237 2176 6182 2176 6236 2176 6236 2177 6182 2177 6181 2177 6236 2178 6181 2178 6235 2178 6235 2178 6181 2178 6180 2178 6235 2179 6180 2179 6234 2179 6234 2179 6180 2179 6179 2179 6234 2180 6179 2180 6233 2180 6233 2180 6179 2180 6178 2180 6233 2181 6178 2181 6232 2181 6232 2181 6178 2181 6177 2181 6232 2182 6177 2182 6231 2182 6231 2182 6177 2182 6176 2182 6231 2183 6176 2183 6230 2183 6230 2183 6176 2183 6175 2183 6245 1441 6138 1441 6244 1441 6244 1441 6138 1441 6137 1441 6244 1487 6137 1487 6243 1487 6243 1487 6137 1487 6136 1487 6243 1486 6136 1486 6242 1486 6242 1486 6136 1486 6135 1486 6242 1485 6135 1485 6241 1485 6241 1485 6135 1485 6134 1485 6241 1484 6134 1484 6240 1484 6240 1484 6134 1484 6133 1484 6240 1432 6133 1432 6239 1432 6239 1432 6133 1432 6132 1432 6224 2184 6246 2184 6225 2184 6225 2185 6246 2185 6263 2185 6263 2186 6246 2186 6247 2186 6263 2187 6247 2187 6262 2187 6262 2188 6247 2188 6248 2188 6262 2189 6248 2189 6261 2189 6261 2190 6248 2190 6249 2190 6261 2191 6249 2191 6260 2191 6260 2192 6249 2192 6250 2192 6260 2193 6250 2193 6259 2193 6259 2194 6250 2194 6251 2194 6259 2195 6251 2195 6258 2195 6258 2196 6251 2196 6252 2196 6258 2197 6252 2197 6257 2197 6257 2198 6252 2198 6253 2198 6257 2199 6253 2199 6256 2199 6256 2200 6253 2200 6254 2200 6256 2201 6254 2201 6255 2201 6264 2202 6265 2202 6278 2202 6278 2203 6265 2203 6279 2203 6278 2204 6279 2204 6277 2204 6277 2205 6279 2205 6276 2205 6276 2206 6279 2206 6280 2206 6276 2207 6280 2207 6275 2207 6275 2208 6280 2208 6281 2208 6275 2209 6281 2209 6274 2209 6274 2210 6281 2210 6273 2210 6273 2211 6281 2211 6282 2211 6273 2212 6282 2212 6272 2212 6272 2213 6282 2213 6283 2213 6272 2214 6283 2214 6271 2214 6271 2215 6283 2215 6214 2215 6214 2216 6283 2216 6215 2216 6215 2217 6283 2217 6270 2217 6270 1727 6283 1727 6269 1727 6269 2218 6283 2218 6282 2218 6269 2219 6282 2219 6268 2219 6268 2219 6282 2219 6281 2219 6268 2220 6281 2220 6267 2220 6267 2221 6281 2221 6280 2221 6267 2222 6280 2222 6266 2222 6266 1655 6280 1655 6279 1655 6266 2223 6279 2223 6265 2223 6285 2224 6286 2224 6284 2224 6284 2224 6286 2224 6301 2224 6301 2225 6286 2225 6287 2225 6301 2226 6287 2226 6300 2226 6300 2227 6287 2227 6288 2227 6300 2227 6288 2227 6299 2227 6299 2228 6288 2228 6289 2228 6299 2228 6289 2228 6298 2228 6298 2229 6289 2229 6290 2229 6298 2229 6290 2229 6297 2229 6297 2210 6290 2210 6291 2210 6297 2230 6291 2230 6296 2230 6296 2231 6291 2231 6292 2231 6296 2231 6292 2231 6295 2231 6295 2232 6292 2232 6293 2232 6295 2232 6293 2232 6294 2232 6294 2233 6293 2233 6229 2233 6294 2234 6229 2234 6228 2234 6212 2235 6211 2235 6319 2235 6319 2236 6211 2236 6302 2236 6319 2237 6302 2237 6318 2237 6318 2237 6302 2237 6303 2237 6318 2238 6303 2238 6317 2238 6317 2238 6303 2238 6304 2238 6317 2239 6304 2239 6316 2239 6316 2240 6304 2240 6305 2240 6316 2241 6305 2241 6315 2241 6315 2241 6305 2241 6306 2241 6315 2242 6306 2242 6314 2242 6314 2242 6306 2242 6307 2242 6314 2243 6307 2243 6313 2243 6313 2243 6307 2243 6308 2243 6313 2244 6308 2244 6312 2244 6312 2245 6308 2245 6309 2245 6312 2246 6309 2246 6311 2246 6311 2246 6309 2246 6310 2246 6211 2234 6210 2234 6302 2234 6302 2247 6210 2247 6326 2247 6302 2248 6326 2248 6303 2248 6303 2249 6326 2249 6327 2249 6303 2250 6327 2250 6304 2250 6304 2251 6327 2251 6328 2251 6304 2252 6328 2252 6305 2252 6305 2229 6328 2229 6306 2229 6306 2253 6328 2253 6329 2253 6306 2254 6329 2254 6307 2254 6307 2255 6329 2255 6330 2255 6307 2256 6330 2256 6308 2256 6308 2257 6330 2257 6309 2257 6309 2258 6330 2258 6310 2258 6310 2223 6330 2223 6325 2223 6325 2223 6330 2223 6324 2223 6324 2222 6330 2222 6323 2222 6323 1655 6330 1655 6329 1655 6323 2220 6329 2220 6322 2220 6322 2220 6329 2220 6328 2220 6322 2219 6328 2219 6321 2219 6321 2219 6328 2219 6327 2219 6321 2218 6327 2218 6320 2218 6320 1727 6327 1727 6326 1727 6320 2217 6326 2217 6210 2217 6204 2259 6331 2259 6205 2259 6205 2260 6331 2260 6346 2260 6205 2261 6346 2261 6206 2261 6206 2262 6346 2262 6351 2262 6206 2263 6351 2263 6207 2263 6207 2264 6351 2264 6356 2264 6207 2265 6356 2265 6208 2265 6208 2266 6356 2266 6361 2266 6208 2267 6361 2267 6209 2267 6209 2267 6361 2267 6366 2267 6209 2268 6366 2268 6210 2268 6210 2269 6366 2269 6320 2269 6320 2270 6366 2270 6365 2270 6320 2271 6365 2271 6321 2271 6321 2272 6365 2272 6364 2272 6321 2273 6364 2273 6322 2273 6322 2274 6364 2274 6363 2274 6322 2275 6363 2275 6323 2275 6323 2276 6363 2276 6362 2276 6323 2277 6362 2277 6324 2277 6324 2278 6362 2278 6341 2278 6324 2279 6341 2279 6325 2279 6331 2280 6332 2280 6346 2280 6346 2280 6332 2280 6345 2280 6346 2281 6345 2281 6351 2281 6351 2281 6345 2281 6350 2281 6351 2282 6350 2282 6356 2282 6356 2283 6350 2283 6355 2283 6356 2284 6355 2284 6361 2284 6361 2285 6355 2285 6360 2285 6361 2286 6360 2286 6366 2286 6366 2287 6360 2287 6365 2287 6332 2288 6333 2288 6345 2288 6345 2289 6333 2289 6344 2289 6345 2290 6344 2290 6350 2290 6350 2291 6344 2291 6349 2291 6350 2292 6349 2292 6355 2292 6355 2293 6349 2293 6354 2293 6355 2294 6354 2294 6360 2294 6360 2295 6354 2295 6359 2295 6360 2296 6359 2296 6365 2296 6365 2297 6359 2297 6364 2297 6333 2298 6334 2298 6344 2298 6344 2299 6334 2299 6343 2299 6344 2300 6343 2300 6349 2300 6349 2301 6343 2301 6348 2301 6349 2302 6348 2302 6354 2302 6354 2303 6348 2303 6353 2303 6354 2304 6353 2304 6359 2304 6359 2304 6353 2304 6358 2304 6359 2305 6358 2305 6364 2305 6364 2306 6358 2306 6363 2306 6334 2307 6335 2307 6343 2307 6343 2308 6335 2308 6342 2308 6343 2309 6342 2309 6348 2309 6348 2310 6342 2310 6347 2310 6348 2311 6347 2311 6353 2311 6353 2311 6347 2311 6352 2311 6353 2312 6352 2312 6358 2312 6358 2313 6352 2313 6357 2313 6358 2314 6357 2314 6363 2314 6363 2315 6357 2315 6362 2315 6335 2316 6336 2316 6342 2316 6342 2317 6336 2317 6337 2317 6342 2318 6337 2318 6347 2318 6347 2319 6337 2319 6338 2319 6347 2320 6338 2320 6352 2320 6352 2321 6338 2321 6339 2321 6352 2322 6339 2322 6357 2322 6357 2323 6339 2323 6340 2323 6357 2324 6340 2324 6362 2324 6362 2325 6340 2325 6341 2325 6367 2326 6336 2326 6375 2326 6375 2327 6336 2327 6376 2327 6375 2328 6376 2328 6374 2328 6374 2329 6376 2329 6373 2329 6373 2330 6376 2330 6377 2330 6373 2331 6377 2331 6372 2331 6372 2332 6377 2332 6378 2332 6372 2333 6378 2333 6371 2333 6371 2178 6378 2178 6370 2178 6370 2334 6378 2334 6379 2334 6370 2335 6379 2335 6369 2335 6369 2336 6379 2336 6380 2336 6369 2337 6380 2337 6368 2337 6368 2338 6380 2338 6203 2338 6203 2040 6380 2040 6204 2040 6204 2040 6380 2040 6331 2040 6331 2083 6380 2083 6332 2083 6332 2083 6380 2083 6379 2083 6332 1842 6379 1842 6333 1842 6333 1842 6379 1842 6378 1842 6333 2339 6378 2339 6334 2339 6334 2339 6378 2339 6377 2339 6334 2340 6377 2340 6335 2340 6335 2340 6377 2340 6376 2340 6335 1545 6376 1545 6336 1545 6230 2341 6381 2341 6231 2341 6231 2341 6381 2341 6382 2341 6231 2342 6382 2342 6390 2342 6390 2343 6382 2343 6383 2343 6390 2344 6383 2344 6384 2344 6390 2345 6384 2345 6391 2345 6391 2346 6384 2346 6385 2346 6391 2347 6385 2347 6392 2347 6392 2168 6385 2168 6386 2168 6392 2169 6386 2169 6387 2169 6392 2348 6387 2348 6393 2348 6393 2349 6387 2349 6388 2349 6393 2350 6388 2350 6394 2350 6394 2351 6388 2351 6389 2351 6394 2352 6389 2352 6190 2352 6190 2353 6389 2353 6191 2353 6190 2354 6238 2354 6394 2354 6394 2355 6238 2355 6237 2355 6394 2356 6237 2356 6393 2356 6393 2357 6237 2357 6236 2357 6393 2358 6236 2358 6392 2358 6392 2359 6236 2359 6235 2359 6392 2168 6235 2168 6234 2168 6392 2360 6234 2360 6391 2360 6391 2361 6234 2361 6233 2361 6391 2362 6233 2362 6390 2362 6390 2363 6233 2363 6232 2363 6390 2364 6232 2364 6231 2364 6202 2165 6395 2165 6203 2165 6203 2165 6395 2165 6368 2165 6368 2365 6395 2365 6396 2365 6368 2365 6396 2365 6369 2365 6369 2366 6396 2366 6397 2366 6369 2366 6397 2366 6370 2366 6370 2367 6397 2367 6398 2367 6370 2367 6398 2367 6371 2367 6371 2368 6398 2368 6399 2368 6371 2168 6399 2168 6372 2168 6372 2369 6399 2369 6400 2369 6372 2369 6400 2369 6373 2369 6373 2370 6400 2370 6401 2370 6373 2371 6401 2371 6374 2371 6374 2372 6401 2372 6402 2372 6374 2372 6402 2372 6375 2372 6375 2341 6402 2341 6403 2341 6375 2341 6403 2341 6367 2341 6200 2174 6199 2174 6418 2174 6418 2373 6199 2373 6419 2373 6418 2374 6419 2374 6417 2374 6417 2375 6419 2375 6420 2375 6417 2376 6420 2376 6416 2376 6416 2377 6420 2377 6421 2377 6416 2378 6421 2378 6415 2378 6415 2179 6421 2179 6414 2179 6414 2379 6421 2379 6422 2379 6414 2380 6422 2380 6413 2380 6413 2381 6422 2381 6423 2381 6413 2382 6423 2382 6412 2382 6412 2383 6423 2383 6411 2383 6411 2384 6423 2384 6410 2384 6410 1593 6423 1593 6409 1593 6409 1593 6423 1593 6408 1593 6408 2340 6423 2340 6407 2340 6407 2340 6423 2340 6422 2340 6407 2339 6422 2339 6406 2339 6406 2339 6422 2339 6421 2339 6406 1842 6421 1842 6405 1842 6405 1842 6421 1842 6420 1842 6405 2083 6420 2083 6404 2083 6404 2083 6420 2083 6419 2083 6404 2040 6419 2040 6199 2040 6201 2233 6200 2233 6432 2233 6432 2233 6200 2233 6418 2233 6432 2232 6418 2232 6431 2232 6431 2232 6418 2232 6417 2232 6431 2231 6417 2231 6430 2231 6430 2385 6417 2385 6416 2385 6430 2386 6416 2386 6429 2386 6429 2386 6416 2386 6415 2386 6429 2229 6415 2229 6428 2229 6428 2229 6415 2229 6414 2229 6428 2228 6414 2228 6427 2228 6427 2228 6414 2228 6413 2228 6427 2387 6413 2387 6426 2387 6426 2227 6413 2227 6412 2227 6426 2225 6412 2225 6425 2225 6425 2225 6412 2225 6411 2225 6425 2224 6411 2224 6424 2224 6424 2224 6411 2224 6410 2224 6193 2388 6433 2388 6194 2388 6194 2389 6433 2389 6448 2389 6194 2390 6448 2390 6195 2390 6195 2391 6448 2391 6453 2391 6195 2392 6453 2392 6196 2392 6196 2392 6453 2392 6458 2392 6196 2393 6458 2393 6197 2393 6197 2394 6458 2394 6463 2394 6197 2395 6463 2395 6198 2395 6198 2396 6463 2396 6468 2396 6198 2397 6468 2397 6199 2397 6199 2397 6468 2397 6404 2397 6404 2398 6468 2398 6467 2398 6404 2399 6467 2399 6405 2399 6405 2400 6467 2400 6406 2400 6406 2401 6467 2401 6466 2401 6406 2402 6466 2402 6407 2402 6407 2403 6466 2403 6465 2403 6407 2404 6465 2404 6408 2404 6408 2405 6465 2405 6464 2405 6408 2406 6464 2406 6409 2406 6409 2407 6464 2407 6443 2407 6443 2408 6464 2408 6442 2408 6442 2409 6464 2409 6459 2409 6442 2410 6459 2410 6441 2410 6441 2411 6459 2411 6454 2411 6441 2412 6454 2412 6440 2412 6440 2413 6454 2413 6449 2413 6440 2414 6449 2414 6439 2414 6439 2414 6449 2414 6444 2414 6439 2415 6444 2415 6438 2415 6438 2416 6444 2416 6437 2416 6437 2417 6444 2417 6445 2417 6437 2417 6445 2417 6436 2417 6436 2418 6445 2418 6446 2418 6436 2418 6446 2418 6435 2418 6435 2419 6446 2419 6447 2419 6435 2420 6447 2420 6434 2420 6434 2421 6447 2421 6448 2421 6434 2422 6448 2422 6433 2422 6445 2423 6444 2423 6450 2423 6450 2424 6444 2424 6449 2424 6450 2425 6449 2425 6455 2425 6455 2426 6449 2426 6454 2426 6455 2427 6454 2427 6460 2427 6460 2428 6454 2428 6459 2428 6460 2429 6459 2429 6465 2429 6465 2430 6459 2430 6464 2430 6446 2431 6445 2431 6451 2431 6451 2431 6445 2431 6450 2431 6451 2432 6450 2432 6456 2432 6456 2433 6450 2433 6455 2433 6456 2434 6455 2434 6461 2434 6461 2435 6455 2435 6460 2435 6461 2436 6460 2436 6466 2436 6466 2437 6460 2437 6465 2437 6453 2438 6448 2438 6447 2438 6447 2439 6446 2439 6452 2439 6452 2439 6446 2439 6451 2439 6452 2440 6451 2440 6457 2440 6457 2441 6451 2441 6456 2441 6457 2442 6456 2442 6462 2442 6462 2443 6456 2443 6461 2443 6462 2444 6461 2444 6467 2444 6467 2445 6461 2445 6466 2445 6458 2446 6453 2446 6452 2446 6452 2447 6453 2447 6447 2447 6458 2448 6452 2448 6457 2448 6463 2449 6458 2449 6457 2449 6463 2450 6457 2450 6462 2450 6468 2451 6463 2451 6462 2451 6468 2452 6462 2452 6467 2452 6469 2453 6438 2453 6477 2453 6477 2454 6438 2454 6478 2454 6477 2455 6478 2455 6476 2455 6476 2456 6478 2456 6475 2456 6475 2457 6478 2457 6479 2457 6475 2458 6479 2458 6474 2458 6474 2459 6479 2459 6480 2459 6474 2168 6480 2168 6473 2168 6473 2359 6480 2359 6472 2359 6472 2460 6480 2460 6481 2460 6472 2461 6481 2461 6471 2461 6471 2462 6481 2462 6482 2462 6471 2463 6482 2463 6470 2463 6470 2464 6482 2464 6192 2464 6192 1666 6482 1666 6193 1666 6193 2163 6482 2163 6433 2163 6433 1733 6482 1733 6434 1733 6434 2162 6482 2162 6481 2162 6434 2161 6481 2161 6435 2161 6435 2161 6481 2161 6480 2161 6435 1671 6480 1671 6436 1671 6436 1671 6480 1671 6479 1671 6436 2160 6479 2160 6437 2160 6437 2160 6479 2160 6478 2160 6437 1628 6478 1628 6438 1628 6202 2174 6201 2174 6395 2174 6395 2465 6201 2465 6484 2465 6395 2466 6484 2466 6396 2466 6396 2467 6484 2467 6483 2467 6396 2468 6483 2468 6397 2468 6397 2469 6483 2469 6485 2469 6397 2470 6485 2470 6398 2470 6398 2471 6485 2471 6399 2471 6399 2472 6485 2472 6486 2472 6399 2473 6486 2473 6400 2473 6400 2474 6486 2474 6487 2474 6400 2475 6487 2475 6401 2475 6401 2476 6487 2476 6402 2476 6402 2477 6487 2477 6425 2477 6402 2183 6425 2183 6403 2183 6403 2478 6425 2478 6424 2478 6201 2479 6432 2479 6484 2479 6484 2480 6432 2480 6431 2480 6484 2481 6431 2481 6483 2481 6483 2482 6431 2482 6430 2482 6483 2483 6430 2483 6485 2483 6485 2470 6430 2470 6429 2470 6485 2471 6429 2471 6428 2471 6485 2484 6428 2484 6486 2484 6486 2485 6428 2485 6427 2485 6486 2486 6427 2486 6487 2486 6487 2487 6427 2487 6426 2487 6487 2488 6426 2488 6425 2488 6469 2489 6477 2489 6381 2489 6381 2246 6477 2246 6382 2246 6382 2245 6477 2245 6476 2245 6382 2490 6476 2490 6383 2490 6383 2491 6476 2491 6475 2491 6383 2492 6475 2492 6384 2492 6384 2242 6475 2242 6474 2242 6384 2242 6474 2242 6385 2242 6385 2493 6474 2493 6473 2493 6385 2493 6473 2493 6386 2493 6386 2239 6473 2239 6472 2239 6386 2240 6472 2240 6387 2240 6387 2238 6472 2238 6471 2238 6387 2238 6471 2238 6388 2238 6388 2237 6471 2237 6470 2237 6388 2237 6470 2237 6389 2237 6389 2235 6470 2235 6192 2235 6389 2235 6192 2235 6191 2235 6131 1559 6488 1559 6132 1559 6132 2494 6488 2494 6286 2494 6132 2495 6286 2495 6285 2495 6488 1557 6131 1557 6489 1557 6489 2496 6131 2496 6130 2496 6489 1603 6130 1603 6490 1603 6490 1603 6130 1603 6129 1603 6490 1602 6129 1602 6491 1602 6491 1602 6129 1602 6128 1602 6491 2082 6128 2082 6492 2082 6492 2082 6128 2082 6127 2082 6492 2041 6127 2041 6126 2041 6126 2041 6229 2041 6492 2041 6492 2497 6229 2497 6293 2497 6492 2498 6293 2498 6292 2498 6492 2499 6292 2499 6491 2499 6491 2500 6292 2500 6291 2500 6491 2501 6291 2501 6490 2501 6490 2502 6291 2502 6290 2502 6490 2503 6290 2503 6289 2503 6490 2504 6289 2504 6489 2504 6489 2505 6289 2505 6288 2505 6489 2506 6288 2506 6488 2506 6488 2507 6288 2507 6287 2507 6488 2508 6287 2508 6286 2508 6213 2233 6212 2233 6501 2233 6501 2509 6212 2509 6503 2509 6501 2510 6503 2510 6500 2510 6500 2511 6503 2511 6502 2511 6500 2512 6502 2512 6499 2512 6499 2513 6502 2513 6504 2513 6499 2210 6504 2210 6498 2210 6498 2209 6504 2209 6497 2209 6497 2514 6504 2514 6505 2514 6497 2515 6505 2515 6496 2515 6496 2516 6505 2516 6506 2516 6496 2517 6506 2517 6495 2517 6495 2518 6506 2518 6494 2518 6494 2519 6506 2519 6312 2519 6494 2202 6312 2202 6493 2202 6493 2202 6312 2202 6311 2202 6212 2520 6319 2520 6503 2520 6503 2521 6319 2521 6318 2521 6503 2522 6318 2522 6502 2522 6502 2523 6318 2523 6317 2523 6502 2524 6317 2524 6504 2524 6504 2210 6317 2210 6316 2210 6504 2229 6316 2229 6315 2229 6504 2525 6315 2525 6505 2525 6505 2526 6315 2526 6314 2526 6505 2527 6314 2527 6506 2527 6506 2528 6314 2528 6313 2528 6506 2529 6313 2529 6312 2529 6213 2174 6501 2174 6214 2174 6214 2530 6501 2530 6271 2530 6271 2531 6501 2531 6500 2531 6271 2175 6500 2175 6272 2175 6272 2176 6500 2176 6499 2176 6272 2176 6499 2176 6273 2176 6273 2178 6499 2178 6498 2178 6273 2178 6498 2178 6274 2178 6274 2179 6498 2179 6497 2179 6274 2179 6497 2179 6275 2179 6275 2532 6497 2532 6496 2532 6275 2532 6496 2532 6276 2532 6276 2181 6496 2181 6495 2181 6276 2533 6495 2533 6277 2533 6277 2534 6495 2534 6494 2534 6277 2535 6494 2535 6278 2535 6278 2183 6494 2183 6493 2183 6278 2183 6493 2183 6264 2183 6507 2536 6284 2536 6515 2536 6515 2537 6284 2537 6301 2537 6515 2490 6301 2490 6514 2490 6514 2490 6301 2490 6300 2490 6514 2243 6300 2243 6299 2243 6514 2538 6299 2538 6513 2538 6513 2539 6299 2539 6298 2539 6513 2540 6298 2540 6512 2540 6512 2541 6298 2541 6511 2541 6511 2493 6298 2493 6297 2493 6511 2239 6297 2239 6510 2239 6510 2239 6297 2239 6296 2239 6510 2238 6296 2238 6295 2238 6510 2542 6295 2542 6509 2542 6509 2237 6295 2237 6294 2237 6509 2543 6294 2543 6508 2543 6508 2236 6294 2236 6227 2236 6227 2236 6294 2236 6228 2236 6526 2544 6516 2544 6531 2544 6531 2545 6516 2545 6517 2545 6531 2546 6517 2546 6530 2546 6530 2547 6517 2547 6518 2547 6530 2548 6518 2548 6529 2548 6529 2549 6518 2549 6519 2549 6529 2550 6519 2550 6528 2550 6528 2551 6519 2551 6520 2551 6528 2552 6520 2552 6521 2552 6528 2552 6521 2552 6527 2552 6527 2553 6521 2553 6221 2553 6527 2553 6221 2553 6220 2553 6527 2554 6220 2554 6532 2554 6532 2554 6220 2554 6219 2554 6532 2555 6219 2555 6537 2555 6537 2556 6219 2556 6218 2556 6537 2557 6218 2557 6542 2557 6542 2557 6218 2557 6217 2557 6542 2558 6217 2558 6547 2558 6547 2559 6217 2559 6216 2559 6547 2560 6216 2560 6270 2560 6270 2561 6216 2561 6215 2561 6270 2562 6269 2562 6547 2562 6547 2563 6269 2563 6548 2563 6547 2564 6548 2564 6542 2564 6542 2565 6548 2565 6543 2565 6542 2566 6543 2566 6537 2566 6537 2566 6543 2566 6538 2566 6537 2567 6538 2567 6532 2567 6532 2568 6538 2568 6533 2568 6532 2569 6533 2569 6527 2569 6527 2569 6533 2569 6528 2569 6269 2570 6268 2570 6548 2570 6548 2571 6268 2571 6549 2571 6548 2572 6549 2572 6543 2572 6543 2573 6549 2573 6544 2573 6543 2574 6544 2574 6538 2574 6538 2575 6544 2575 6539 2575 6538 2576 6539 2576 6533 2576 6533 2577 6539 2577 6534 2577 6533 2578 6534 2578 6528 2578 6528 2578 6534 2578 6529 2578 6268 2579 6267 2579 6549 2579 6549 2580 6267 2580 6550 2580 6549 2581 6550 2581 6544 2581 6544 2582 6550 2582 6545 2582 6544 2583 6545 2583 6539 2583 6539 2584 6545 2584 6540 2584 6539 2585 6540 2585 6534 2585 6534 2585 6540 2585 6535 2585 6534 2586 6535 2586 6529 2586 6529 2586 6535 2586 6530 2586 6267 2587 6266 2587 6550 2587 6550 2587 6266 2587 6551 2587 6550 2588 6551 2588 6545 2588 6545 2589 6551 2589 6546 2589 6545 2590 6546 2590 6540 2590 6540 2591 6546 2591 6541 2591 6540 2592 6541 2592 6535 2592 6535 2593 6541 2593 6536 2593 6535 2594 6536 2594 6530 2594 6530 2595 6536 2595 6531 2595 6266 2596 6265 2596 6551 2596 6551 2597 6265 2597 6522 2597 6551 2598 6522 2598 6546 2598 6546 2599 6522 2599 6523 2599 6546 2600 6523 2600 6541 2600 6541 2600 6523 2600 6524 2600 6541 2601 6524 2601 6536 2601 6536 2602 6524 2602 6525 2602 6536 2603 6525 2603 6531 2603 6531 2604 6525 2604 6526 2604 6222 2236 6221 2236 6560 2236 6560 2605 6221 2605 6561 2605 6560 2606 6561 2606 6559 2606 6559 2607 6561 2607 6562 2607 6559 2608 6562 2608 6558 2608 6558 2609 6562 2609 6563 2609 6558 2502 6563 2502 6557 2502 6557 2503 6563 2503 6556 2503 6556 2610 6563 2610 6564 2610 6556 2611 6564 2611 6555 2611 6555 2612 6564 2612 6565 2612 6555 2613 6565 2613 6554 2613 6554 2614 6565 2614 6553 2614 6553 2615 6565 2615 6552 2615 6552 1559 6565 1559 6516 1559 6516 1558 6565 1558 6517 1558 6517 2496 6565 2496 6518 2496 6518 1557 6565 1557 6564 1557 6518 1603 6564 1603 6519 1603 6519 1603 6564 1603 6563 1603 6519 1602 6563 1602 6520 1602 6520 1602 6563 1602 6562 1602 6520 2082 6562 2082 6521 2082 6521 2082 6562 2082 6561 2082 6521 2041 6561 2041 6221 2041 6566 2616 6507 2616 6574 2616 6574 2617 6507 2617 6515 2617 6574 2618 6515 2618 6573 2618 6573 2619 6515 2619 6514 2619 6573 2620 6514 2620 6572 2620 6572 2621 6514 2621 6513 2621 6572 2622 6513 2622 6571 2622 6571 2623 6513 2623 6512 2623 6571 2624 6512 2624 6570 2624 6570 2625 6512 2625 6511 2625 6570 2626 6511 2626 6569 2626 6569 2627 6511 2627 6510 2627 6569 2628 6510 2628 6568 2628 6568 2629 6510 2629 6509 2629 6568 2630 6509 2630 6567 2630 6567 2631 6509 2631 6508 2631 6567 2632 6508 2632 6226 2632 6226 2633 6508 2633 6227 2633 6223 2165 6222 2165 6583 2165 6583 2165 6222 2165 6560 2165 6583 2365 6560 2365 6582 2365 6582 2365 6560 2365 6559 2365 6582 2366 6559 2366 6581 2366 6581 2366 6559 2366 6558 2366 6581 2169 6558 2169 6580 2169 6580 2359 6558 2359 6557 2359 6580 2168 6557 2168 6579 2168 6579 2368 6557 2368 6556 2368 6579 2369 6556 2369 6578 2369 6578 2369 6556 2369 6555 2369 6578 2371 6555 2371 6577 2371 6577 2370 6555 2370 6554 2370 6577 2634 6554 2634 6576 2634 6576 2372 6554 2372 6553 2372 6576 2341 6553 2341 6575 2341 6575 2341 6553 2341 6552 2341 6255 2635 6566 2635 6256 2635 6256 2636 6566 2636 6584 2636 6256 2637 6584 2637 6257 2637 6257 2638 6584 2638 6258 2638 6258 2639 6584 2639 6585 2639 6258 2640 6585 2640 6259 2640 6259 2641 6585 2641 6586 2641 6259 2642 6586 2642 6260 2642 6260 2502 6586 2502 6261 2502 6261 2643 6586 2643 6587 2643 6261 2644 6587 2644 6262 2644 6262 2645 6587 2645 6588 2645 6262 2646 6588 2646 6263 2646 6263 2647 6588 2647 6225 2647 6225 2648 6588 2648 6567 2648 6225 2236 6567 2236 6226 2236 6566 2649 6574 2649 6584 2649 6584 2650 6574 2650 6573 2650 6584 2651 6573 2651 6572 2651 6584 2652 6572 2652 6585 2652 6585 2653 6572 2653 6571 2653 6585 2654 6571 2654 6586 2654 6586 2503 6571 2503 6570 2503 6586 2502 6570 2502 6569 2502 6586 2655 6569 2655 6587 2655 6587 2656 6569 2656 6568 2656 6587 2657 6568 2657 6588 2657 6588 2658 6568 2658 6567 2658 6224 2236 6223 2236 6246 2236 6246 2236 6223 2236 6583 2236 6246 2543 6583 2543 6582 2543 6246 2237 6582 2237 6247 2237 6247 2238 6582 2238 6581 2238 6247 2238 6581 2238 6248 2238 6248 2239 6581 2239 6249 2239 6249 2239 6581 2239 6580 2239 6249 2493 6580 2493 6250 2493 6250 2493 6580 2493 6579 2493 6250 2540 6579 2540 6578 2540 6250 2540 6578 2540 6251 2540 6251 2491 6578 2491 6577 2491 6251 2243 6577 2243 6252 2243 6252 2659 6577 2659 6253 2659 6253 2245 6577 2245 6576 2245 6253 2489 6576 2489 6254 2489 6254 2495 6576 2495 6575 2495 6575 1442 6552 1442 6590 1442 6590 1442 6552 1442 6589 1442 6552 1 6516 1 6589 1 6589 1 6516 1 6591 1 6591 1516 6516 1516 6597 1516 6597 1516 6516 1516 6526 1516 6597 1481 6526 1481 6596 1481 6596 1481 6526 1481 6525 1481 6596 1480 6525 1480 6595 1480 6595 1480 6525 1480 6524 1480 6595 1513 6524 1513 6594 1513 6594 1479 6524 1479 6523 1479 6594 1505 6523 1505 6593 1505 6593 1504 6523 1504 6522 1504 6593 1502 6522 1502 6592 1502 6592 1503 6522 1503 6265 1503 6265 2 6264 2 6592 2 6592 2 6264 2 6598 2 6264 0 6493 0 6598 0 6598 0 6493 0 6599 0 6493 2 6311 2 6599 2 6599 2 6311 2 6600 2 6311 1 6310 1 6600 1 6600 1 6310 1 6601 1 6310 2 6325 2 6601 2 6601 2 6325 2 6602 2 6602 1501 6325 1501 6608 1501 6608 1500 6325 1500 6341 1500 6608 1499 6341 1499 6607 1499 6607 1511 6341 1511 6340 1511 6607 1498 6340 1498 6606 1498 6606 1509 6340 1509 6339 1509 6606 1497 6339 1497 6605 1497 6605 1627 6339 1627 6338 1627 6605 1495 6338 1495 6604 1495 6604 1495 6338 1495 6337 1495 6604 1508 6337 1508 6603 1508 6603 1508 6337 1508 6336 1508 6336 0 6367 0 6603 0 6603 0 6367 0 6609 0 6367 1442 6403 1442 6609 1442 6609 1442 6403 1442 6610 1442 6403 0 6424 0 6610 0 6610 0 6424 0 6611 0 6424 2 6410 2 6611 2 6611 2 6410 2 6612 2 6410 0 6409 0 6612 0 6612 0 6409 0 6613 0 6566 1442 6614 1442 6507 1442 6507 1442 6614 1442 6615 1442 6254 2 6616 2 6255 2 6255 2 6616 2 6617 2 6566 1 6255 1 6614 1 6614 1 6255 1 6617 1 6612 728 6702 728 6611 728 6611 728 6702 728 6703 728 6611 728 6703 728 6704 728 6613 728 6724 728 6612 728 6612 728 6724 728 6725 728 6612 728 6725 728 6702 728 6618 728 6720 728 6613 728 6613 728 6720 728 6721 728 6613 728 6721 728 6722 728 6618 728 6619 728 6720 728 6720 728 6619 728 6620 728 6720 728 6620 728 6621 728 6621 728 6622 728 6720 728 6720 728 6622 728 6623 728 6720 728 6623 728 6719 728 6719 728 6623 728 6718 728 6718 728 6623 728 6717 728 6717 728 6623 728 6716 728 6716 728 6623 728 6624 728 6716 728 6624 728 6715 728 6715 730 6624 730 6714 730 6714 728 6624 728 6625 728 6714 728 6625 728 6713 728 6713 728 6625 728 6712 728 6712 728 6625 728 6711 728 6711 728 6625 728 6710 728 6710 728 6625 728 6644 728 6710 728 6644 728 6709 728 6709 728 6644 728 6645 728 6709 728 6645 728 6708 728 6708 728 6645 728 6707 728 6707 728 6645 728 6646 728 6707 728 6646 728 6706 728 6706 728 6646 728 6611 728 6706 728 6611 728 6705 728 6705 728 6611 728 6704 728 6626 728 6642 728 6625 728 6625 728 6642 728 6643 728 6625 728 6643 728 6644 728 6627 728 6654 728 6626 728 6626 728 6654 728 6655 728 6626 728 6655 728 6656 728 6245 728 6676 728 6627 728 6627 728 6676 728 6677 728 6627 728 6677 728 6654 728 6244 728 6673 728 6245 728 6245 728 6673 728 6674 728 6245 728 6674 728 6675 728 6673 728 6244 728 6672 728 6672 728 6244 728 6243 728 6672 728 6243 728 6242 728 6242 728 6241 728 6672 728 6672 728 6241 728 6240 728 6672 728 6240 728 6239 728 6628 728 6668 728 6239 728 6239 728 6668 728 6669 728 6239 728 6669 728 6670 728 6629 728 6666 728 6628 728 6628 728 6666 728 6667 728 6628 728 6667 728 6668 728 6615 728 6662 728 6629 728 6629 728 6662 728 6663 728 6629 728 6663 728 6664 728 6614 728 6617 728 6615 728 6615 728 6617 728 6616 728 6615 728 6616 728 6636 728 6636 728 6616 728 6635 728 6635 728 6616 728 6634 728 6634 728 6616 728 6730 728 6634 728 6730 728 6731 728 6616 728 6590 728 6730 728 6730 728 6590 728 6729 728 6729 728 6590 728 6728 728 6728 728 6590 728 6727 728 6727 728 6590 728 6726 728 6726 728 6590 728 6589 728 6726 728 6589 728 6749 728 6749 728 6589 728 6748 728 6748 728 6589 728 6591 728 6748 728 6591 728 6747 728 6747 728 6591 728 6746 728 6746 728 6591 728 6745 728 6745 728 6591 728 6744 728 6744 728 6591 728 6597 728 6744 728 6597 728 6596 728 6596 728 6595 728 6744 728 6744 728 6595 728 6594 728 6744 728 6594 728 6593 728 6593 728 6592 728 6744 728 6744 728 6592 728 6743 728 6743 728 6592 728 6742 728 6742 728 6592 728 6741 728 6741 728 6592 728 6740 728 6740 728 6592 728 6598 728 6740 728 6598 728 6739 728 6739 739 6598 739 6738 739 6738 728 6598 728 6599 728 6738 728 6599 728 6737 728 6737 728 6599 728 6736 728 6736 728 6599 728 6735 728 6735 728 6599 728 6734 728 6734 728 6599 728 6632 728 6734 728 6632 728 6733 728 6733 728 6632 728 6633 728 6733 728 6633 728 6732 728 6732 728 6633 728 6731 728 6731 728 6633 728 6634 728 6600 728 6630 728 6599 728 6599 728 6630 728 6631 728 6599 728 6631 728 6632 728 6601 728 6678 728 6600 728 6600 728 6678 728 6679 728 6600 728 6679 728 6680 728 6602 728 6700 728 6601 728 6601 728 6700 728 6701 728 6601 728 6701 728 6678 728 6608 728 6696 728 6602 728 6602 728 6696 728 6697 728 6602 728 6697 728 6698 728 6608 728 6607 728 6696 728 6696 728 6607 728 6606 728 6696 728 6606 728 6605 728 6605 728 6604 728 6696 728 6696 739 6604 739 6695 739 6695 728 6604 728 6603 728 6695 730 6603 730 6694 730 6694 728 6603 728 6693 728 6693 730 6603 730 6692 730 6692 728 6603 728 6609 728 6692 728 6609 728 6691 728 6691 728 6609 728 6690 728 6690 728 6609 728 6610 728 6690 728 6610 728 6689 728 6689 728 6610 728 6688 728 6688 728 6610 728 6687 728 6687 728 6610 728 6686 728 6686 728 6610 728 6650 728 6686 728 6650 728 6685 728 6685 728 6650 728 6651 728 6685 728 6651 728 6684 728 6684 728 6651 728 6683 728 6683 728 6651 728 6652 728 6683 728 6652 728 6682 728 6682 728 6652 728 6600 728 6682 728 6600 728 6681 728 6681 728 6600 728 6680 728 6611 728 6648 728 6610 728 6610 728 6648 728 6649 728 6610 728 6649 728 6650 728 6636 728 6637 728 6615 728 6615 728 6637 728 6638 728 6615 728 6638 728 6662 728 6662 728 6638 728 6661 728 6661 728 6638 728 6639 728 6661 728 6639 728 6660 728 6660 728 6639 728 6659 728 6659 728 6639 728 6640 728 6659 728 6640 728 6658 728 6658 728 6640 728 6626 728 6658 728 6626 728 6657 728 6657 728 6626 728 6656 728 6640 728 6641 728 6626 728 6626 728 6641 728 6642 728 6646 728 6647 728 6611 728 6611 728 6647 728 6648 728 6652 728 6653 728 6600 728 6600 728 6653 728 6630 728 6664 728 6665 728 6629 728 6629 728 6665 728 6666 728 6670 728 6671 728 6239 728 6239 728 6671 728 6672 728 6675 728 6676 728 6245 728 6698 728 6699 728 6602 728 6602 728 6699 728 6700 728 6722 728 6723 728 6613 728 6613 728 6723 728 6724 728 6381 1442 6230 1442 6625 1442 6625 1442 6230 1442 6626 1442 6469 1 6381 1 6624 1 6624 1 6381 1 6625 1 6230 0 6175 0 6626 0 6626 0 6175 0 6627 0 6254 1 6575 1 6616 1 6616 1 6575 1 6590 1 6285 2 6284 2 6628 2 6628 2 6284 2 6629 2 6438 1442 6469 1442 6623 1442 6623 1442 6469 1442 6624 1442 6132 1 6285 1 6239 1 6239 1 6285 1 6628 1 6751 1486 6727 1486 6750 1486 6750 1486 6727 1486 6726 1486 6750 1621 6726 1621 6773 1621 6773 1435 6726 1435 6749 1435 6773 1484 6749 1484 6772 1484 6772 1528 6749 1528 6748 1528 6772 1432 6748 1432 6771 1432 6771 1432 6748 1432 6747 1432 6771 1517 6747 1517 6770 1517 6770 1516 6747 1516 6746 1516 6770 1527 6746 1527 6769 1527 6769 1527 6746 1527 6745 1527 6769 1514 6745 1514 6768 1514 6768 1480 6745 1480 6744 1480 6768 1513 6744 1513 6767 1513 6767 1614 6744 1614 6743 1614 6767 1505 6743 1505 6766 1505 6766 1505 6743 1505 6742 1505 6766 1931 6742 1931 6765 1931 6765 1931 6742 1931 6741 1931 6765 1500 6741 1500 6764 1500 6764 1500 6741 1500 6740 1500 6764 1511 6740 1511 6763 1511 6763 1511 6740 1511 6739 1511 6763 1612 6739 1612 6762 1612 6762 1509 6739 1509 6738 1509 6762 1497 6738 1497 6761 1497 6761 1627 6738 1627 6737 1627 6761 1525 6737 1525 6760 1525 6760 1525 6737 1525 6736 1525 6760 1508 6736 1508 6759 1508 6759 1508 6736 1508 6735 1508 6759 1453 6735 1453 6758 1453 6758 1453 6735 1453 6734 1453 6758 1524 6734 1524 6757 1524 6757 1492 6734 1492 6733 1492 6757 1450 6733 1450 6756 1450 6756 1490 6733 1490 6732 1490 6756 1489 6732 1489 6755 1489 6755 1489 6732 1489 6731 1489 6755 1488 6731 1488 6754 1488 6754 1488 6731 1488 6730 1488 6754 1444 6730 1444 6753 1444 6753 1444 6730 1444 6729 1444 6753 1947 6729 1947 6752 1947 6752 1947 6729 1947 6728 1947 6752 1487 6728 1487 6751 1487 6751 1487 6728 1487 6727 1487 6773 728 6769 728 6750 728 6750 728 6769 728 6768 728 6750 728 6768 728 6751 728 6751 728 6768 728 6767 728 6751 728 6767 728 6752 728 6752 728 6767 728 6766 728 6752 728 6766 728 6753 728 6753 728 6766 728 6765 728 6753 728 6765 728 6754 728 6754 728 6765 728 6764 728 6754 728 6764 728 6755 728 6755 728 6764 728 6763 728 6755 728 6763 728 6756 728 6756 728 6763 728 6762 728 6756 728 6762 728 6757 728 6757 728 6762 728 6761 728 6757 728 6761 728 6758 728 6758 728 6761 728 6760 728 6758 728 6760 728 6759 728 6769 728 6773 728 6770 728 6770 728 6773 728 6772 728 6770 728 6772 728 6771 728 6775 1498 6703 1498 6774 1498 6774 1498 6703 1498 6702 1498 6774 1496 6702 1496 6797 1496 6797 1496 6702 1496 6725 1496 6797 1495 6725 1495 6796 1495 6796 1495 6725 1495 6724 1495 6796 1508 6724 1508 6795 1508 6795 1508 6724 1508 6723 1508 6795 1453 6723 1453 6794 1453 6794 1453 6723 1453 6722 1453 6794 1492 6722 1492 6793 1492 6793 1492 6722 1492 6721 1492 6793 1490 6721 1490 6792 1490 6792 1490 6721 1490 6720 1490 6792 1489 6720 1489 6791 1489 6791 1489 6720 1489 6719 1489 6791 1488 6719 1488 6790 1488 6790 1488 6719 1488 6718 1488 6790 1443 6718 1443 6789 1443 6789 1443 6718 1443 6717 1443 6789 1440 6717 1440 6788 1440 6788 1440 6717 1440 6716 1440 6788 1439 6716 1439 6787 1439 6787 1439 6716 1439 6715 1439 6787 1522 6715 1522 6786 1522 6786 1522 6715 1522 6714 1522 6786 1518 6714 1518 6785 1518 6785 1518 6714 1518 6713 1518 6785 1528 6713 1528 6784 1528 6784 1528 6713 1528 6712 1528 6784 1432 6712 1432 6783 1432 6783 1432 6712 1432 6711 1432 6783 1516 6711 1516 6782 1516 6782 1516 6711 1516 6710 1516 6782 1481 6710 1481 6781 1481 6781 1527 6710 1527 6709 1527 6781 1514 6709 1514 6780 1514 6780 1514 6709 1514 6708 1514 6780 1513 6708 1513 6779 1513 6779 1513 6708 1513 6707 1513 6779 1504 6707 1504 6778 1504 6778 1504 6707 1504 6706 1504 6778 1503 6706 1503 6777 1503 6777 1503 6706 1503 6705 1503 6777 1501 6705 1501 6776 1501 6776 1501 6705 1501 6704 1501 6776 1511 6704 1511 6775 1511 6775 1511 6704 1511 6703 1511 6797 728 6793 728 6774 728 6774 728 6793 728 6792 728 6774 728 6792 728 6775 728 6775 728 6792 728 6791 728 6775 728 6791 728 6776 728 6776 728 6791 728 6790 728 6776 728 6790 728 6777 728 6777 728 6790 728 6789 728 6777 728 6789 728 6778 728 6778 728 6789 728 6788 728 6778 728 6788 728 6779 728 6779 728 6788 728 6787 728 6779 728 6787 728 6780 728 6780 728 6787 728 6786 728 6780 728 6786 728 6781 728 6781 728 6786 728 6785 728 6781 728 6785 728 6782 728 6782 728 6785 728 6784 728 6782 728 6784 728 6783 728 6793 728 6797 728 6794 728 6794 728 6797 728 6796 728 6794 728 6796 728 6795 728 6799 1491 6655 1491 6798 1491 6798 1491 6655 1491 6654 1491 6798 1489 6654 1489 6821 1489 6821 1489 6654 1489 6677 1489 6821 1446 6677 1446 6820 1446 6820 1446 6677 1446 6676 1446 6820 1443 6676 1443 6819 1443 6819 1443 6676 1443 6675 1443 6819 1440 6675 1440 6818 1440 6818 1440 6675 1440 6674 1440 6818 1439 6674 1439 6817 1439 6817 1439 6674 1439 6673 1439 6817 1486 6673 1486 6816 1486 6816 1486 6673 1486 6672 1486 6816 1485 6672 1485 6815 1485 6815 1485 6672 1485 6671 1485 6815 1528 6671 1528 6814 1528 6814 1528 6671 1528 6670 1528 6814 1432 6670 1432 6813 1432 6813 1432 6670 1432 6669 1432 6813 1516 6669 1516 6812 1516 6812 1516 6669 1516 6668 1516 6812 1481 6668 1481 6811 1481 6811 1527 6668 1527 6667 1527 6811 1480 6667 1480 6810 1480 6810 1480 6667 1480 6666 1480 6810 1479 6666 1479 6809 1479 6809 1479 6666 1479 6665 1479 6809 1505 6665 1505 6808 1505 6808 1505 6665 1505 6664 1505 6808 1503 6664 1503 6807 1503 6807 1503 6664 1503 6663 1503 6807 1501 6663 1501 6806 1501 6806 1501 6663 1501 6662 1501 6806 1511 6662 1511 6805 1511 6805 1511 6662 1511 6661 1511 6805 1498 6661 1498 6804 1498 6804 1498 6661 1498 6660 1498 6804 1497 6660 1497 6803 1497 6803 1497 6660 1497 6659 1497 6803 1525 6659 1525 6802 1525 6802 1495 6659 1495 6658 1495 6802 1508 6658 1508 6801 1508 6801 1508 6658 1508 6657 1508 6801 1453 6657 1453 6800 1453 6800 1453 6657 1453 6656 1453 6800 1524 6656 1524 6799 1524 6799 1524 6656 1524 6655 1524 6821 728 6805 728 6798 728 6798 728 6805 728 6804 728 6798 728 6804 728 6799 728 6799 728 6804 728 6803 728 6799 728 6803 728 6800 728 6800 728 6803 728 6802 728 6800 728 6802 728 6801 728 6805 728 6821 728 6806 728 6806 728 6821 728 6820 728 6806 728 6820 728 6807 728 6807 728 6820 728 6819 728 6807 728 6819 728 6808 728 6808 728 6819 728 6818 728 6808 728 6818 728 6809 728 6809 728 6818 728 6817 728 6809 728 6817 728 6810 728 6810 728 6817 728 6816 728 6810 728 6816 728 6811 728 6811 728 6816 728 6815 728 6811 728 6815 728 6812 728 6812 728 6815 728 6814 728 6812 728 6814 728 6813 728 6823 1515 6679 1515 6822 1515 6822 1514 6679 1514 6678 1514 6822 1512 6678 1512 6845 1512 6845 1479 6678 1479 6701 1479 6845 1504 6701 1504 6844 1504 6844 1504 6701 1504 6700 1504 6844 1502 6700 1502 6843 1502 6843 1502 6700 1502 6699 1502 6843 1500 6699 1500 6842 1500 6842 1500 6699 1500 6698 1500 6842 1511 6698 1511 6841 1511 6841 1511 6698 1511 6697 1511 6841 1612 6697 1612 6840 1612 6840 1509 6697 1509 6696 1509 6840 1496 6696 1496 6839 1496 6839 1497 6696 1497 6695 1497 6839 1495 6695 1495 6838 1495 6838 1495 6695 1495 6694 1495 6838 1508 6694 1508 6837 1508 6837 1507 6694 1507 6693 1507 6837 1453 6693 1453 6836 1453 6836 1453 6693 1453 6692 1453 6836 1492 6692 1492 6835 1492 6835 1452 6692 1452 6691 1452 6835 1613 6691 1613 6834 1613 6834 1490 6691 1490 6690 1490 6834 1489 6690 1489 6833 1489 6833 1489 6690 1489 6689 1489 6833 1488 6689 1488 6832 1488 6832 1445 6689 1445 6688 1445 6832 1444 6688 1444 6831 1444 6831 1444 6688 1444 6687 1444 6831 1441 6687 1441 6830 1441 6830 1441 6687 1441 6686 1441 6830 1487 6686 1487 6829 1487 6829 1439 6686 1439 6685 1439 6829 1522 6685 1522 6828 1522 6828 1522 6685 1522 6684 1522 6828 1485 6684 1485 6827 1485 6827 1435 6684 1435 6683 1435 6827 1484 6683 1484 6826 1484 6826 1528 6683 1528 6682 1528 6826 1432 6682 1432 6825 1432 6825 1432 6682 1432 6681 1432 6825 1517 6681 1517 6824 1517 6824 1516 6681 1516 6680 1516 6824 1527 6680 1527 6823 1527 6823 1527 6680 1527 6679 1527 6845 728 6829 728 6822 728 6822 728 6829 728 6828 728 6822 728 6828 728 6823 728 6823 728 6828 728 6827 728 6823 728 6827 728 6824 728 6824 728 6827 728 6826 728 6824 728 6826 728 6825 728 6829 728 6845 728 6830 728 6830 728 6845 728 6844 728 6830 728 6844 728 6831 728 6831 728 6844 728 6843 728 6831 728 6843 728 6832 728 6832 728 6843 728 6842 728 6832 728 6842 728 6833 728 6833 728 6842 728 6841 728 6833 728 6841 728 6834 728 6834 728 6841 728 6840 728 6834 728 6840 728 6835 728 6835 728 6840 728 6839 728 6835 728 6839 728 6836 728 6836 728 6839 728 6838 728 6836 728 6838 728 6837 728 6284 1 6507 1 6629 1 6629 1 6507 1 6615 1 6847 1503 6631 1503 6846 1503 6846 1502 6631 1502 6630 1502 6846 1500 6630 1500 6869 1500 6869 1932 6630 1932 6653 1932 6869 1511 6653 1511 6868 1511 6868 1511 6653 1511 6652 1511 6868 1498 6652 1498 6867 1498 6867 1498 6652 1498 6651 1498 6867 1497 6651 1497 6866 1497 6866 1497 6651 1497 6650 1497 6866 1495 6650 1495 6865 1495 6865 1495 6650 1495 6649 1495 6865 1508 6649 1508 6864 1508 6864 1508 6649 1508 6648 1508 6864 1453 6648 1453 6863 1453 6863 1453 6648 1453 6647 1453 6863 1492 6647 1492 6862 1492 6862 1492 6647 1492 6646 1492 6862 1491 6646 1491 6861 1491 6861 1491 6646 1491 6645 1491 6861 1489 6645 1489 6860 1489 6860 1489 6645 1489 6644 1489 6860 1488 6644 1488 6859 1488 6859 1488 6644 1488 6643 1488 6859 1444 6643 1444 6858 1444 6858 1444 6643 1444 6642 1444 6858 1441 6642 1441 6857 1441 6857 1441 6642 1441 6641 1441 6857 1487 6641 1487 6856 1487 6856 1487 6641 1487 6640 1487 6856 1486 6640 1486 6855 1486 6855 1486 6640 1486 6639 1486 6855 1485 6639 1485 6854 1485 6854 1485 6639 1485 6638 1485 6854 1484 6638 1484 6853 1484 6853 1484 6638 1484 6637 1484 6853 1920 6637 1920 6852 1920 6852 1432 6637 1432 6636 1432 6852 1517 6636 1517 6851 1517 6851 1517 6636 1517 6635 1517 6851 1481 6635 1481 6850 1481 6850 1527 6635 1527 6634 1527 6850 1480 6634 1480 6849 1480 6849 1480 6634 1480 6633 1480 6849 1479 6633 1479 6848 1479 6848 1479 6633 1479 6632 1479 6848 1505 6632 1505 6847 1505 6847 1505 6632 1505 6631 1505 6869 728 6859 728 6846 728 6846 728 6859 728 6858 728 6846 728 6858 728 6847 728 6847 728 6858 728 6857 728 6847 728 6857 728 6848 728 6848 728 6857 728 6856 728 6848 728 6856 728 6849 728 6849 728 6856 728 6855 728 6849 728 6855 728 6850 728 6850 728 6855 728 6854 728 6850 728 6854 728 6851 728 6851 728 6854 728 6853 728 6851 728 6853 728 6852 728 6859 728 6869 728 6860 728 6860 728 6869 728 6868 728 6860 728 6868 728 6861 728 6861 728 6868 728 6867 728 6861 728 6867 728 6862 728 6862 728 6867 728 6866 728 6862 728 6866 728 6863 728 6863 728 6866 728 6865 728 6863 728 6865 728 6864 728 6175 1442 6138 1442 6627 1442 6627 1442 6138 1442 6245 1442 6613 1453 6409 1453 6618 1453 6618 1453 6409 1453 6443 1453 6618 1492 6443 1492 6619 1492 6619 1492 6443 1492 6442 1492 6619 1613 6442 1613 6620 1613 6620 1613 6442 1613 6441 1613 6620 1489 6441 1489 6621 1489 6621 1489 6441 1489 6440 1489 6621 1488 6440 1488 6622 1488 6622 1488 6440 1488 6439 1488 6622 1444 6439 1444 6623 1444 6623 1444 6439 1444 6438 1444 6870 1442 6871 1442 6873 1442 6873 1442 6871 1442 6872 1442 6871 0 6874 0 6872 0 6872 0 6874 0 6875 0 6874 2 6876 2 6875 2 6875 2 6876 2 6877 2 6876 1 6870 1 6877 1 6877 1 6870 1 6873 1 6877 407 6873 407 6875 407 6875 407 6873 407 6872 407 6870 2660 6890 2660 6871 2660 6871 2661 6890 2661 6891 2661 6871 412 6891 412 6899 412 6899 407 6891 407 6898 407 6898 407 6891 407 6892 407 6898 407 6892 407 6897 407 6897 407 6892 407 6896 407 6896 1466 6892 1466 6893 1466 6896 1469 6893 1469 6895 1469 6895 407 6893 407 6894 407 6876 407 6906 407 6870 407 6870 1465 6906 1465 6889 1465 6870 2662 6889 2662 6890 2662 6874 407 6904 407 6876 407 6876 407 6904 407 6905 407 6876 407 6905 407 6906 407 6904 407 6874 407 6903 407 6903 407 6874 407 6871 407 6903 407 6871 407 6899 407 6879 2663 6880 2663 6878 2663 6878 1475 6880 1475 6906 1475 6906 408 6880 408 6881 408 6906 409 6881 409 6889 409 6889 409 6881 409 6882 409 6889 407 6882 407 6888 407 6888 410 6882 410 6883 410 6888 407 6883 407 6887 407 6887 1472 6883 1472 6884 1472 6887 1477 6884 1477 6885 1477 6885 407 6886 407 6887 407 6899 407 6900 407 6903 407 6903 412 6900 412 6902 412 6902 407 6900 407 6901 407 6901 742 6912 742 6902 742 6902 742 6912 742 6913 742 6902 742 6913 742 6911 742 6911 742 6913 742 6914 742 6911 742 6914 742 6910 742 6910 749 6914 749 6909 749 6909 749 6914 749 6917 749 6909 745 6917 745 6908 745 6908 745 6917 745 6920 745 6908 747 6920 747 6907 747 6907 747 6920 747 6919 747 6907 747 6919 747 6898 747 6898 747 6919 747 6918 747 6898 747 6918 747 6899 747 6899 745 6918 745 6900 745 6900 745 6918 745 6915 745 6900 749 6915 749 6901 749 6901 749 6915 749 6912 749 6917 749 6914 749 6913 749 6913 749 6912 749 6916 749 6916 749 6912 749 6915 749 6916 745 6915 745 6919 745 6919 745 6915 745 6918 745 6920 745 6917 745 6916 745 6916 749 6917 749 6913 749 6920 745 6916 745 6919 745 6898 750 6897 750 6907 750 6907 750 6897 750 6921 750 6896 2664 6925 2664 6897 2664 6897 753 6925 753 6926 753 6897 753 6926 753 6927 753 6927 752 6926 752 6922 752 6927 2665 6922 2665 6923 2665 6896 2666 6895 2666 6925 2666 6925 2667 6895 2667 6922 2667 6925 752 6922 752 6926 752 6895 1819 6894 1819 6922 1819 6923 2668 6924 2668 6927 2668 6927 2669 6924 2669 6897 2669 6924 1818 6921 1818 6897 1818 6922 2670 6894 2670 6948 2670 6948 2671 6894 2671 6893 2671 6948 2672 6893 2672 6947 2672 6947 2673 6893 2673 6946 2673 6947 2674 6946 2674 6936 2674 6936 2675 6946 2675 6935 2675 6935 2676 6946 2676 6945 2676 6935 2677 6945 2677 6934 2677 6934 2678 6945 2678 6944 2678 6934 2679 6944 2679 6933 2679 6933 2680 6944 2680 6943 2680 6933 2681 6943 2681 6942 2681 6942 2681 6943 2681 6890 2681 6942 2682 6890 2682 6889 2682 6893 2683 6892 2683 6946 2683 6946 2684 6892 2684 6945 2684 6892 2685 6891 2685 6945 2685 6945 2686 6891 2686 6944 2686 6891 2687 6890 2687 6944 2687 6944 2680 6890 2680 6943 2680 6889 2688 6888 2688 6942 2688 6942 2689 6888 2689 6941 2689 6942 2690 6941 2690 6932 2690 6932 2691 6941 2691 6931 2691 6931 2692 6941 2692 6940 2692 6931 2693 6940 2693 6930 2693 6930 2694 6940 2694 6939 2694 6930 2695 6939 2695 6938 2695 6938 2696 6939 2696 6887 2696 6938 2697 6887 2697 6886 2697 6941 2698 6888 2698 6940 2698 6940 2699 6888 2699 6887 2699 6940 2700 6887 2700 6939 2700 6928 1796 6929 1796 6886 1796 6886 2701 6929 2701 6938 2701 6929 2702 6930 2702 6938 2702 6932 2703 6933 2703 6942 2703 6947 2704 6936 2704 6948 2704 6948 2705 6936 2705 6937 2705 6948 2706 6937 2706 6922 2706 6885 2707 6952 2707 6886 2707 6886 772 6952 772 6953 772 6886 772 6953 772 6954 772 6954 1824 6953 1824 6949 1824 6954 781 6949 781 6955 781 6955 2708 6949 2708 6950 2708 6955 2709 6950 2709 6951 2709 6885 2710 6884 2710 6952 2710 6952 774 6884 774 6953 774 6883 776 6949 776 6884 776 6884 2711 6949 2711 6953 2711 6928 784 6886 784 6951 784 6951 2712 6886 2712 6954 2712 6951 2713 6954 2713 6955 2713 6883 770 6882 770 6949 770 6949 770 6882 770 6956 770 6957 1442 6958 1442 6960 1442 6960 1442 6958 1442 6959 1442 6961 0 6957 0 6962 0 6962 0 6957 0 6960 0 6963 2 6961 2 6964 2 6964 2 6961 2 6962 2 6958 1 6963 1 6959 1 6959 1 6963 1 6964 1 6959 728 6964 728 6960 728 6960 728 6964 728 6962 728 6907 1541 6921 1541 6935 1541 6935 1541 6921 1541 6924 1541 6935 2714 6924 2714 6936 2714 6936 1999 6924 1999 6923 1999 6936 1458 6923 1458 6937 1458 6937 741 6923 741 6922 741 6935 728 6934 728 6907 728 6907 728 6934 728 6908 728 6908 740 6934 740 6957 740 6908 728 6957 728 6972 728 6972 728 6957 728 6961 728 6972 728 6961 728 6971 728 6971 728 6961 728 6963 728 6971 730 6963 730 6970 730 6970 728 6963 728 6969 728 6969 728 6963 728 6958 728 6969 741 6958 741 6932 741 6932 1810 6958 1810 6933 1810 6933 728 6958 728 6957 728 6933 1812 6957 1812 6934 1812 6931 728 6956 728 6932 728 6932 1623 6956 1623 6965 1623 6932 728 6965 728 6969 728 6969 736 6965 736 6966 736 6969 2715 6966 2715 6968 2715 6968 2716 6966 2716 6967 2716 6956 738 6931 738 6949 738 6949 728 6931 728 6930 728 6949 728 6930 728 6950 728 6950 728 6930 728 6929 728 6950 728 6929 728 6951 728 6951 728 6929 728 6928 728 6908 728 6972 728 6909 728 6909 728 6972 728 6911 728 6909 728 6911 728 6910 728 6881 764 6973 764 6882 764 6882 764 6973 764 6974 764 6882 764 6974 764 6956 764 6956 764 6974 764 6975 764 6956 764 6975 764 6965 764 6965 765 6975 765 6966 765 6966 765 6975 765 6978 765 6966 766 6978 766 6967 766 6967 766 6978 766 6981 766 6967 767 6981 767 6968 767 6968 767 6981 767 6980 767 6968 767 6980 767 6878 767 6878 767 6980 767 6979 767 6878 767 6979 767 6879 767 6879 766 6979 766 6880 766 6880 766 6979 766 6976 766 6880 765 6976 765 6881 765 6881 765 6976 765 6973 765 6978 765 6975 765 6974 765 6974 765 6973 765 6977 765 6977 765 6973 765 6976 765 6977 766 6976 766 6980 766 6980 766 6976 766 6979 766 6981 766 6978 766 6977 766 6977 765 6978 765 6974 765 6981 766 6977 766 6980 766 6903 2 6902 2 6972 2 6972 2 6902 2 6911 2 6878 2 6906 2 6968 2 6968 2 6906 2 6969 2 6906 1 6905 1 6969 1 6969 1 6905 1 6970 1 6905 2 6904 2 6970 2 6970 2 6904 2 6971 2 6904 0 6903 0 6971 0 6971 0 6903 0 6972 0 6983 728 6984 728 6982 728 6982 728 6984 728 6985 728 6986 407 6987 407 6989 407 6989 407 6987 407 6988 407 6991 1442 7054 1442 6990 1442 6990 1442 7054 1442 6989 1442 6990 1893 6989 1893 7013 1893 7013 1442 6989 1442 7012 1442 7012 1442 6989 1442 7011 1442 7011 1442 6989 1442 7010 1442 7010 1894 6989 1894 7009 1894 7009 1893 6989 1893 7008 1893 7008 1894 6989 1894 7007 1894 7007 1442 6989 1442 7006 1442 7006 1442 6989 1442 7005 1442 7005 1442 6989 1442 7035 1442 7005 1442 7035 1442 7036 1442 6991 1442 6992 1442 7054 1442 7054 1442 6992 1442 6993 1442 7054 1442 6993 1442 6994 1442 6994 1442 6995 1442 7054 1442 7054 1442 6995 1442 6996 1442 7054 1442 6996 1442 6997 1442 7054 1442 6997 1442 7053 1442 7053 1442 6997 1442 6998 1442 7053 1442 6998 1442 6999 1442 6999 1442 7000 1442 7053 1442 7053 1894 7000 1894 7001 1894 7053 1442 7001 1442 7002 1442 7002 1894 7003 1894 7053 1894 7053 1894 7003 1894 7004 1894 7053 1442 7004 1442 7036 1442 7036 1442 7004 1442 7005 1442 7037 1442 7014 1442 7056 1442 7056 1442 7014 1442 7015 1442 7056 1442 7015 1442 7016 1442 7016 1894 7017 1894 7056 1894 7056 1442 7017 1442 7018 1442 7056 1442 7018 1442 7019 1442 7056 1442 7019 1442 7055 1442 7055 1442 7019 1442 7020 1442 7055 1442 7020 1442 7021 1442 7021 1442 7022 1442 7055 1442 7055 1442 7022 1442 7023 1442 7055 1442 7023 1442 7024 1442 7024 1442 7025 1442 7055 1442 7055 1442 7025 1442 7026 1442 7055 1442 7026 1442 6988 1442 6988 1442 7026 1442 7027 1442 6988 1894 7027 1894 7028 1894 7028 1442 7029 1442 6988 1442 6988 1442 7029 1442 7030 1442 6988 1442 7030 1442 7031 1442 7031 1442 7032 1442 6988 1442 6988 1442 7032 1442 7033 1442 6988 1893 7033 1893 7034 1893 7034 2717 7035 2717 6988 2717 6988 1442 7035 1442 6989 1442 7053 1442 7036 1442 7056 1442 7056 1894 7036 1894 7037 1894 7072 1893 6983 1893 7057 1893 7057 1442 6983 1442 6982 1442 7057 1442 6982 1442 7052 1442 7052 1442 6982 1442 7038 1442 7052 1442 7038 1442 7039 1442 7039 1442 7040 1442 7052 1442 7052 1442 7040 1442 7041 1442 7052 1442 7041 1442 7042 1442 7052 1442 7042 1442 7051 1442 7051 1442 7042 1442 7043 1442 7051 1442 7043 1442 7044 1442 7044 1893 7045 1893 7051 1893 7051 1442 7045 1442 7046 1442 7051 1442 7046 1442 7047 1442 7047 1894 7048 1894 7051 1894 7051 1442 7048 1442 7049 1442 7051 1442 7049 1442 7050 1442 7057 1442 7052 1442 7056 1442 7056 1442 7052 1442 7053 1442 7058 1442 7068 1442 7057 1442 7057 1442 7068 1442 7069 1442 7057 1442 7069 1442 7070 1442 7059 1442 7060 1442 7058 1442 7058 1442 7060 1442 7061 1442 7058 1442 7061 1442 7062 1442 7062 1894 7063 1894 7058 1894 7058 1442 7063 1442 7064 1442 7058 1442 7064 1442 7065 1442 7065 1442 7066 1442 7058 1442 7058 1442 7066 1442 7067 1442 7058 1897 7067 1897 7068 1897 7070 1893 7071 1893 7057 1893 7057 1894 7071 1894 7072 1894 7073 2 7108 2 6986 2 6986 1890 7108 1890 7109 1890 6986 2 7109 2 7110 2 7074 2 7125 2 7073 2 7073 2 7125 2 7126 2 7073 2 7126 2 7127 2 7075 2 7106 2 7074 2 7074 2 7106 2 7134 2 7074 2 7134 2 7118 2 7118 2 7134 2 7117 2 7117 2 7134 2 7135 2 7117 2 7135 2 6986 2 6986 2 7135 2 6987 2 6987 1891 7135 1891 7136 1891 6987 1890 7136 1890 7137 1890 7076 2 7085 2 7075 2 7075 2 7085 2 7086 2 7075 2 7086 2 7087 2 7077 2 7078 2 7076 2 7076 2 7078 2 7079 2 7076 1888 7079 1888 7080 1888 7080 2 7081 2 7076 2 7076 2 7081 2 7082 2 7076 2 7082 2 7083 2 7083 2 7084 2 7076 2 7076 2 7084 2 7085 2 7087 2 7088 2 7075 2 7075 2 7088 2 7089 2 7075 2 7089 2 6985 2 7075 2 6985 2 7105 2 7105 2 6985 2 6984 2 7105 1890 6984 1890 7090 1890 7090 1888 7091 1888 7105 1888 7105 2 7091 2 7092 2 7105 2 7092 2 7093 2 7093 2 7094 2 7105 2 7105 2 7094 2 7104 2 7104 1892 7094 1892 7095 1892 7104 2 7095 2 7096 2 7096 2 7097 2 7104 2 7104 2 7097 2 7098 2 7104 2 7098 2 7099 2 7099 1888 7100 1888 7104 1888 7104 2 7100 2 7101 2 7104 2 7101 2 7102 2 7102 2 7103 2 7104 2 7105 2 7106 2 7075 2 7107 2 7151 2 7106 2 7106 2 7151 2 7152 2 7106 2 7152 2 7153 2 6987 2 7144 2 7107 2 7107 2 7144 2 7145 2 7107 2 7145 2 7146 2 7110 2 7111 2 6986 2 6986 2 7111 2 7112 2 6986 1888 7112 1888 7113 1888 7113 1890 7114 1890 6986 1890 6986 2 7114 2 7115 2 6986 2 7115 2 7116 2 7116 2 7117 2 6986 2 7118 2 7119 2 7074 2 7074 1888 7119 1888 7120 1888 7074 2 7120 2 7121 2 7121 1888 7122 1888 7074 1888 7074 2 7122 2 7123 2 7074 2 7123 2 7124 2 7124 2 7125 2 7074 2 7127 2 7128 2 7073 2 7073 2 7128 2 7129 2 7073 2 7129 2 7130 2 7130 2 7131 2 7073 2 7073 2 7131 2 7108 2 7155 2 7132 2 7106 2 7106 2 7132 2 7133 2 7106 1888 7133 1888 7134 1888 7137 2 7138 2 6987 2 6987 2 7138 2 7139 2 6987 2 7139 2 7140 2 7140 1890 7141 1890 6987 1890 6987 2 7141 2 7142 2 6987 1888 7142 1888 7143 1888 7143 2 7144 2 6987 2 7146 2 7147 2 7107 2 7107 2 7147 2 7148 2 7107 2 7148 2 7149 2 7149 1888 7150 1888 7107 1888 7107 2 7150 2 7151 2 7153 1888 7154 1888 7106 1888 7106 2 7154 2 7155 2 7078 2052 7049 2052 7079 2052 7079 1282 7049 1282 7048 1282 7079 2718 7048 2718 7080 2718 7080 2718 7048 2718 7047 2718 7080 2719 7047 2719 7081 2719 7081 1579 7047 1579 7046 1579 7081 1563 7046 1563 7082 1563 7082 1599 7046 1599 7045 1599 7082 2720 7045 2720 7083 2720 7083 1577 7045 1577 7044 1577 7083 2078 7044 2078 7084 2078 7084 2078 7044 2078 7043 2078 7084 2077 7043 2077 7085 2077 7085 2077 7043 2077 7042 2077 7085 2721 7042 2721 7086 2721 7086 2722 7042 2722 7041 2722 7086 1568 7041 1568 7087 1568 7087 1594 7041 1594 7040 1594 7087 2723 7040 2723 7088 2723 7088 1569 7040 1569 7039 1569 7088 1611 7039 1611 7089 1611 7089 1009 7039 1009 7038 1009 7089 1570 7038 1570 6985 1570 6985 1544 7038 1544 6982 1544 6984 2724 6983 2724 7090 2724 7090 2725 6983 2725 7072 2725 7090 2726 7072 2726 7071 2726 7090 2727 7071 2727 7091 2727 7091 2728 7071 2728 7070 2728 7091 2729 7070 2729 7092 2729 7092 2730 7070 2730 7069 2730 7092 2731 7069 2731 7093 2731 7093 2732 7069 2732 7068 2732 7093 2733 7068 2733 7094 2733 7094 2734 7068 2734 7067 2734 7094 2734 7067 2734 7095 2734 7095 728 7067 728 7066 728 7095 728 7066 728 7096 728 7096 2735 7066 2735 7065 2735 7096 2735 7065 2735 7097 2735 7097 2736 7065 2736 7064 2736 7097 2737 7064 2737 7098 2737 7098 2738 7064 2738 7063 2738 7098 2739 7063 2739 7099 2739 7099 2740 7063 2740 7062 2740 7099 2741 7062 2741 7100 2741 7100 2742 7062 2742 7061 2742 7100 2743 7061 2743 7101 2743 7101 2744 7061 2744 7102 2744 7102 2745 7061 2745 7060 2745 7102 730 7060 730 7103 730 7103 739 7060 739 7059 739 7049 728 7078 728 7050 728 7050 728 7078 728 7077 728 7057 408 7105 408 7058 408 7058 409 7105 409 7104 409 7058 1 7104 1 7059 1 7059 1 7104 1 7103 1 7075 407 7052 407 7076 407 7076 407 7052 407 7051 407 7050 0 7077 0 7051 0 7051 0 7077 0 7076 0 7155 1558 7015 1558 7132 1558 7132 1559 7015 1559 7014 1559 7132 1560 7014 1560 7133 1560 7133 1561 7014 1561 7037 1561 7133 1580 7037 1580 7134 1580 7134 2718 7037 2718 7036 2718 7134 1579 7036 1579 7135 1579 7135 1579 7036 1579 7035 1579 7135 1599 7035 1599 7136 1599 7136 1599 7035 1599 7034 1599 7136 1577 7034 1577 7137 1577 7137 1577 7034 1577 7033 1577 7137 1576 7033 1576 7138 1576 7138 1607 7033 1607 7032 1607 7138 1608 7032 1608 7139 1608 7139 1575 7032 1575 7031 1575 7139 1574 7031 1574 7140 1574 7140 1574 7031 1574 7030 1574 7140 1594 7030 1594 7141 1594 7141 1594 7030 1594 7029 1594 7141 1572 7029 1572 7142 1572 7142 1572 7029 1572 7028 1572 7142 1571 7028 1571 7143 1571 7143 1611 7028 1611 7027 1611 7143 1544 7027 1544 7144 1544 7144 1011 7027 1011 7026 1011 7144 1593 7026 1593 7145 1593 7145 1593 7026 1593 7025 1593 7145 1547 7025 1547 7146 1547 7146 1601 7025 1601 7024 1601 7146 1587 7024 1587 7147 1587 7147 1587 7024 1587 7023 1587 7147 2038 7023 2038 7148 2038 7148 2038 7023 2038 7022 2038 7148 1550 7022 1550 7149 1550 7149 1550 7022 1550 7021 1550 7149 2746 7021 2746 7150 2746 7150 2746 7021 2746 7020 2746 7150 2747 7020 2747 7151 2747 7151 2747 7020 2747 7019 2747 7151 1553 7019 1553 7152 1553 7152 1553 7019 1553 7018 1553 7152 2043 7018 2043 7153 2043 7153 2043 7018 2043 7017 2043 7153 1582 7017 1582 7154 1582 7154 1582 7017 1582 7016 1582 7154 2496 7016 2496 7155 2496 7155 1557 7016 1557 7015 1557 7131 1605 6991 1605 7108 1605 7108 2748 6991 2748 6990 2748 7108 2052 6990 2052 7109 2052 7109 1282 6990 1282 7013 1282 7109 2718 7013 2718 7110 2718 7110 2718 7013 2718 7012 2718 7110 2719 7012 2719 7111 2719 7111 1579 7012 1579 7011 1579 7111 1563 7011 1563 7112 1563 7112 1828 7011 1828 7010 1828 7112 2720 7010 2720 7113 2720 7113 1598 7010 1598 7009 1598 7113 2078 7009 2078 7114 2078 7114 2078 7009 2078 7008 2078 7114 2077 7008 2077 7115 2077 7115 2077 7008 2077 7007 2077 7115 2721 7007 2721 7116 2721 7116 2722 7007 2722 7006 2722 7116 2749 7006 2749 7117 2749 7117 1594 7006 1594 7005 1594 7117 2723 7005 2723 7118 2723 7118 1569 7005 1569 7004 1569 7118 1611 7004 1611 7119 1611 7119 1009 7004 1009 7003 1009 7119 1570 7003 1570 7120 1570 7120 1544 7003 1544 7002 1544 7120 1593 7002 1593 7121 1593 7121 1545 7002 1545 7001 1545 7121 1547 7001 1547 7122 1547 7122 1546 7001 1546 7000 1546 7122 1587 7000 1587 7123 1587 7123 1587 7000 1587 6999 1587 7123 2038 6999 2038 7124 2038 7124 2038 6999 2038 6998 2038 7124 2750 6998 2750 7125 2750 7125 2069 6998 2069 6997 2069 7125 2746 6997 2746 7126 2746 7126 2746 6997 2746 6996 2746 7126 2747 6996 2747 7127 2747 7127 2747 6996 2747 6995 2747 7127 2070 6995 2070 7128 2070 7128 2047 6995 2047 6994 2047 7128 2043 6994 2043 7129 2043 7129 2043 6994 2043 6993 2043 7129 1582 6993 1582 7130 1582 7130 2092 6993 2092 6992 2092 7130 2496 6992 2496 7131 2496 7131 2496 6992 2496 6991 2496 7106 728 7056 728 7107 728 7107 728 7056 728 7055 728 7107 1 7055 1 6987 1 6987 1 7055 1 6988 1 7053 728 7074 728 7054 728 7054 728 7074 728 7073 728 7054 0 7073 0 6989 0 6989 0 7073 0 6986 0 7053 0 7052 0 7074 0 7074 0 7052 0 7075 0 7057 1 7056 1 7105 1 7105 1 7056 1 7106 1</p>
        </triangles>
      </mesh>
    </geometry>
  </library_geometries>
  <library_visual_scenes>
    <visual_scene id="Scene" name="Scene">
      <node id="geometry_01b0d4d9_8c22_48bc_b1f9_2a0e74ea27a6" name="geometry_01b0d4d9_8c22_48bc_b1f9_2a0e74ea27a6" type="NODE">
        <instance_geometry url="#geometry_01b0d4d9_8c22_48bc_b1f9_2a0e74ea27a6-mesh">
          <bind_material>
            <technique_common>
              <instance_material symbol="mat_16" target="#mat_16-material"/>
            </technique_common>
          </bind_material>
        </instance_geometry>
      </node>
    </visual_scene>
  </library_visual_scenes>
  <scene>
    <instance_visual_scene url="#Scene"/>
  </scene>
</COLLADA>
