<?xml version="1.0" encoding="UTF-8"?>
<COLLADA xmlns="http://www.collada.org/2005/11/COLLADASchema" version="1.4.1">
<!--
# File generated by ImageToStl.com - Free Image and 3D model conversion tools
-->
  <asset>
    <contributor>
      <author>ImageToStl.com</author>
      <authoring_tool>ImageToStl.com</authoring_tool>
    </contributor>
    <created>2025-07-15T01:10:54</created>
    <modified>2025-07-15T01:10:54</modified>
    <up_axis>Z_UP</up_axis>
  </asset>
  <library_effects>
    <effect id="effect_0">
        <profile_COMMON>
          <technique sid="common">
            <phong>
              <diffuse>
                <color>0.03922 0.03922 0.03922 1</color>
              </diffuse>
              <specular>
                <color>0.05 0.05 0.05 1</color>
              </specular>
              <shininess>
                <float>64</float>
              </shininess>
              <transparency>
                <float>1</float>
              </transparency>
            </phong>
          </technique>
        </profile_COMMON>
    </effect>
  </library_effects>
  <library_materials>
    <material id="mat_0">
      <instance_effect url="#effect_0"/>
    </material>
  </library_materials>
  <library_geometries>
    <geometry id="geometry_524fc283_ad56_42f0_9312_d5bdd75a43a3">
      <mesh>
        <source id="pos_0">
          <float_array id="pos_0-array" count="20244">43 -34 -6.69999981 51 -34 -6.69999981 51 -35 -5.69999981 43 -35 -5.69999981 51.12252045 -34.24398041 -6.44999981 51.04906845 -33.99879456 -6.69999981 51.09801865 -33.99518585 -6.69999981 51.14673233 -33.9891777 -6.69999981 51.24386215 -34.22598267 -6.44999981 51.19509125 -33.98078537 -6.69999981 51.24298096 -33.97003174 -6.69999981 51.362854 -34.19617462 -6.44999981 51.2902832 -33.9569397 -6.69999981 51.33689117 -33.94154358 -6.69999981 51.14702606 -34.49277878 -6.19999981 51.47835541 -34.15485001 -6.44999981 51.3826828 -33.92387772 -6.69999981 51.42755508 -33.90398788 -6.69999981 51.29263687 -34.47117615 -6.19999981 51.58924484 -34.10240173 -6.44999981 51.4713974 -33.88191986 -6.69999981 51.51410294 -33.85772705 -6.69999981 51.43542862 -34.43540955 -6.19999981 51.17153168 -34.74157333 -5.94999981 51.29346085 -34.97835159 -5.69999981 51.19603348 -34.99036789 -5.69999981 51.0981369 -34.99758911 -5.69999981 51.69446182 -34.03933716 -6.44999981 51.5555687 -33.83147049 -6.69999981 51.59569931 -33.8032074 -6.69999981 51.5740242 -34.38581848 -6.19999981 51.34140778 -34.71637344 -5.94999981 51.48596191 -34.94006348 -5.69999981 51.3901825 -34.96157074 -5.69999981 51.79299164 -33.96626282 -6.44999981 51.63439178 -33.77301025 -6.69999981 51.67155838 -33.74095154 -6.69999981 51.7070961 -34.32288361 -6.19999981 51.50799942 -34.67464447 -5.94999981 51.67377853 -34.88308716 -5.69999981 51.58057022 -34.91387939 -5.69999981 51.88388443 -33.88388443 -6.44999981 51.70710754 -33.70710754 -6.69999981 51.74095154 -33.67155838 -6.69999981 51.83335495 -34.24720383 -6.19999981 51.66969681 -34.61679077 -5.94999981 51.85511017 -34.80797958 -5.69999981 51.7653656 -34.84775925 -5.69999981 51.96626282 -33.79299164 -6.44999981 51.77301025 -33.63439178 -6.69999981 51.8032074 -33.59569931 -6.69999981 51.95159149 -34.15951538 -6.19999981 51.82494354 -34.54336166 -5.94999981 52.02820587 -34.71545792 -5.69999981 51.9427948 -34.76384354 -5.69999981 52.03933716 -33.69446182 -6.44999981 51.83147049 -33.5555687 -6.69999981 51.85772705 -33.51410294 -6.69999981 52.06066132 -34.06066132 -6.19999981 51.97224808 -34.4550705 -5.94999981 52.19139862 -34.60641479 -5.69999981 52.1111412 -34.66294098 -5.69999981 52.10240173 -33.58924484 -6.44999981 51.88191986 -33.4713974 -6.69999981 51.90398788 -33.42755508 -6.69999981 52.15951538 -33.95159149 -6.19999981 52.11018753 -34.35276794 -5.94999981 52.34311676 -34.48190308 -5.69999981 52.26878738 -34.54602051 -5.69999981 52.15485001 -33.47835541 -6.44999981 51.92387772 -33.3826828 -6.69999981 51.94154358 -33.33689117 -6.69999981 52.24720383 -33.83335495 -6.19999981 52.2374382 -34.2374382 -5.94999981 52.48190308 -34.34311676 -5.69999981 52.41421509 -34.41421509 -5.69999981 52.19617462 -33.362854 -6.44999981 51.9569397 -33.2902832 -6.69999981 51.97003174 -33.24298096 -6.69999981 52.32288361 -33.7070961 -6.19999981 52.35276794 -34.11018753 -5.94999981 52.60641479 -34.19139862 -5.69999981 52.54602051 -34.26878738 -5.69999981 52.22598267 -33.24386215 -6.44999981 51.98078537 -33.19509125 -6.69999981 51.9891777 -33.14673233 -6.69999981 52.38581848 -33.5740242 -6.19999981 52.4550705 -33.97224808 -5.94999981 52.71545792 -34.02820587 -5.69999981 52.66294098 -34.1111412 -5.69999981 52.24398041 -33.12252045 -6.44999981 51.99518585 -33.09801865 -6.69999981 51.99879456 -33.04906845 -6.69999981 52 -33 -6.69999981 52.43540955 -33.43542862 -6.19999981 52.54336166 -33.82494354 -5.94999981 52.80797958 -33.85511017 -5.69999981 52.76384354 -33.9427948 -5.69999981 52.47117615 -33.29263687 -6.19999981 52.61679077 -33.66969681 -5.94999981 52.88308716 -33.67377853 -5.69999981 52.84775925 -33.7653656 -5.69999981 52.49277878 -33.14702606 -6.19999981 53 -33 -5.69999981 52.67464447 -33.50799942 -5.94999981 52.94006348 -33.48596191 -5.69999981 52.91387939 -33.58057022 -5.69999981 52.71637344 -33.34140778 -5.94999981 52.97835159 -33.29346085 -5.69999981 52.96157074 -33.3901825 -5.69999981 52.74157333 -33.17153168 -5.94999981 52.99758911 -33.0981369 -5.69999981 52.99036789 -33.19603348 -5.69999981 52 -17 -6.69999981 53 -17 -5.69999981 53.00963211 -16.80396652 -5.69999981 52.76083374 -16.77946091 -5.94999981 53.02164841 -16.70653915 -5.69999981 53.00241089 -16.90186501 -5.69999981 52.79323196 -16.5610466 -5.94999981 53.03842926 -16.60981941 -5.69999981 53.05993652 -16.51403999 -5.69999981 52.51203918 -16.7549572 -6.19999981 53.08612061 -16.41942978 -5.69999981 52.84688568 -16.34685898 -5.94999981 53.11691284 -16.32621956 -5.69999981 52.54803848 -16.51227379 -6.19999981 52.00361252 -16.85279655 -6.69999981 52.26324081 -16.73045349 -6.44999981 52.01444626 -16.70594788 -6.69999981 52.0324707 -16.55980873 -6.69999981 53.15224075 -16.23463249 -5.69999981 52.92127228 -16.13896179 -5.94999981 53.19202042 -16.14488983 -5.69999981 52.60765076 -16.27428818 -6.19999981 52.05764389 -16.41472816 -6.69999981 52.30284119 -16.46350098 -6.44999981 52.08990479 -16.27105904 -6.69999981 53.01567841 -15.93935776 -5.94999981 53.23615646 -16.05720711 -5.69999981 53.28454208 -15.97179413 -5.69999981 52.69029999 -16.04329109 -6.19999981 52.12917709 -16.12914658 -6.69999981 52.36841583 -16.20171738 -6.44999981 52.17536926 -15.98933029 -6.69999981 53.12919235 -15.74996662 -5.94999981 53.33705902 -15.88885975 -5.69999981 53.39358521 -15.80860138 -5.69999981 52.79519653 -15.82150841 -6.19999981 52.45933151 -15.94762039 -6.44999981 52.22836304 -15.85194969 -6.69999981 52.28803253 -15.71733475 -6.69999981 53.45397949 -15.73121357 -5.69999981 53.26072693 -15.57261467 -5.94999981 53.51809692 -15.65688229 -5.69999981 52.92132568 -15.61107445 -6.19999981 52.3542366 -15.58580971 -6.69999981 52.57471466 -15.70365906 -6.44999981 52.42681503 -15.45769215 -6.69999981 53.58578491 -15.58578682 -5.69999981 53.40900803 -15.40900993 -5.94999981 53.65688324 -15.51809788 -5.69999981 53.06747437 -15.41401672 -6.19999981 52.71345901 -15.47218227 -6.44999981 52.50559235 -15.33328915 -6.69999981 52.59037781 -15.21290207 -6.69999981 53.73121262 -15.45397949 -5.69999981 53.57261658 -15.26072693 -5.94999981 53.80860138 -15.39358521 -5.69999981 53.23223114 -15.23223305 -6.19999981 52.68096924 -15.09681988 -6.69999981 52.8742218 -15.25541878 -6.44999981 52.77714539 -14.98532295 -6.69999981 53.8888588 -15.33706093 -5.69999981 53.74996567 -15.12919331 -5.94999981 53.97179413 -15.28454304 -5.69999981 53.41401672 -15.06747341 -6.19999981 53.05545807 -15.05545616 -6.44999981 52.87868118 -14.87867928 -6.69999981 52.98532486 -14.77714634 -6.69999981 53.93935776 -15.01567745 -5.94999981 54.0572052 -15.23615742 -5.69999981 54.14488983 -15.19202137 -5.69999981 53.61107254 -14.92132568 -6.19999981 53.09682083 -14.68096828 -6.69999981 53.25541687 -14.87422085 -6.44999981 53.21290207 -14.59037781 -6.69999981 54.13896179 -14.92127132 -5.94999981 54.2346344 -15.15224075 -5.69999981 54.32622147 -15.11691189 -5.69999981 53.8215065 -14.79519653 -6.19999981 53.47218323 -14.71345901 -6.44999981 53.3332901 -14.50559139 -6.69999981 53.45769119 -14.42681408 -6.69999981 54.34685898 -14.84688377 -5.94999981 54.41942978 -15.08611965 -5.69999981 54.51403809 -15.05993748 -5.69999981 54.043293 -14.69030094 -6.19999981 53.58581161 -14.3542366 -6.69999981 53.70365906 -14.57471657 -6.44999981 53.71733475 -14.28803253 -6.69999981 54.5610466 -14.79323292 -5.94999981 54.6098175 -15.03842926 -5.69999981 54.70653915 -15.02164745 -5.69999981 54.27428818 -14.60764885 -6.19999981 53.94762039 -14.45933151 -6.44999981 53.8519516 -14.22836113 -6.69999981 53.98933029 -14.17536736 -6.69999981 54.9018631 -15.00240898 -5.69999981 54.77946091 -14.76083469 -5.94999981 55 -15 -5.69999981 54.80396652 -15.0096302 -5.69999981 54.5122757 -14.54803658 -6.19999981 54.20171738 -14.36841393 -6.44999981 54.12914658 -14.129179 -6.69999981 54.27106094 -14.08990669 -6.69999981 54.75495529 -14.51203823 -6.19999981 55 -14 -6.69999981 54.41473007 -14.05764389 -6.69999981 54.46350098 -14.30284023 -6.44999981 54.55980682 -14.0324707 -6.69999981 54.70594788 -14.01444626 -6.69999981 54.73045349 -14.26324177 -6.44999981 54.85279846 -14.00361347 -6.69999981 114.30000305 -14 -6.69999981 114.30000305 -15 -5.69999981 121.30000305 -15 -12.69999981 120.60283661 -14.33333302 -12.07922459 120.30000305 -14 -12.69999981 120.27111053 -14 -12.11189747 120.23506165 -14 -11.81961727 120.29277039 -14 -12.40559387 121.29156494 -15 -12.35652637 120.93456268 -14.66666698 -12.04655266 121.26629639 -15 -12.01387978 121.22423553 -15 -11.67288685 120.18471527 -14 -11.52945805 120.51164246 -14.33333302 -11.46442795 120.12018585 -14 -11.24211884 121.16549683 -15 -11.33436775 120.83856964 -14.66666698 -11.39939785 121.09021759 -15 -10.99913883 120.04164124 -14 -10.95829201 120.36061859 -14.33333302 -10.8615303 119.94926453 -14 -10.67866135 120.99858093 -15 -10.6680069 120.67960358 -14.66666698 -10.7647686 120.89080811 -15 -10.34177113 119.84327698 -14 -10.40389919 120.15123749 -14.33333302 -10.27633858 119.72393799 -14 -10.1346693 120.76715851 -15 -10.02121639 120.459198 -14.66666698 -10.14877701 120.62792206 -15 -9.70711422 119.59152985 -14 -9.87161922 119.88549805 -14.33333302 -9.71448708 119.44637299 -14 -9.61538315 120.47344971 -15 -9.40022278 120.17947388 -14.66666698 -9.55735493 120.30410004 -15 -9.10128117 119.28881836 -14 -9.36657906 119.56597137 -14.33333302 -9.18138885 119.11924744 -14 -9.12580395 120.12028503 -15 -8.81100845 119.84313202 -14.66666698 -8.99619865 119.92245483 -15 -8.53010464 119.19573212 -14.33333302 -8.68217564 118.93806458 -14 -8.89364052 118.74570465 -14 -8.67064667 119.45339966 -14.66666698 -8.47071171 119.71107483 -15 -8.25924683 119.48665619 -15 -7.99908733 118.7783432 -14.33333302 -8.2216568 118.54264069 -14 -8.45735931 118.32935333 -14 -8.25429344 119.01404572 -14.66666698 -7.98595476 119.24974823 -15 -7.75025272 119.00091553 -15 -7.5133419 118.10636139 -14 -8.06193733 118.31782532 -14.33333302 -7.80426693 117.87419891 -14 -7.88075495 118.52928925 -14.66666698 -7.546597 118.74075317 -15 -7.2889266 118.46989441 -15 -7.07754707 117.81861115 -14.33333302 -7.43402576 117.63342285 -14 -7.71118212 117.38461304 -14 -7.55362844 118.18899536 -15 -6.87971258 118.00379944 -14.66666698 -7.15686941 117.89871979 -15 -6.69589996 117.28551483 -14.33333302 -7.11449862 117.12837982 -14 -7.40847254 116.86533356 -14 -7.2760644 117.44264221 -14.66666698 -6.82052469 117.59977722 -15 -6.52655125 117.29288483 -15 -6.37207508 116.72366333 -14.33333302 -6.84876299 116.59609985 -14 -7.15672302 116.32134247 -14 -7.05073547 116.97878265 -15 -6.2328434 116.85121918 -14.66666698 -6.54080296 116.65822601 -15 -6.10919142 116.0417099 -14 -6.95835781 116.13846588 -14.33333302 -6.63937807 115.75788116 -14 -6.87981272 116.23522949 -14.66666698 -6.32039785 116.3319931 -15 -6.00141764 116.00086212 -15 -5.90978146 115.47054291 -14 -6.81528854 115.53556824 -14.33333302 -6.48835993 115.18038177 -14 -6.76494074 115.6006012 -14.66666698 -6.16143131 115.66563416 -15 -5.83450317 115.32711029 -15 -5.77576447 114.59440613 -14 -6.70722723 114.92077637 -14.33333302 -6.39716339 114.88809967 -14 -6.72889185 114.95344543 -14.66666698 -6.06543493 114.98612213 -15 -5.73370695 114.64347076 -15 -5.70843172 120.30000305 -14 -41.37757874 121.30000305 -15 -41.37757874 119.66230774 -15 -45.87709045 119.53284454 -14.33333302 -44.94527054 118.89626312 -14 -45.23430252 119.25743103 -14 -44.75749969 119.4197464 -14 -44.50618744 119.08279419 -14 -45.00040436 119.87992859 -15 -45.6042099 119.80825806 -14.66666698 -45.1330452 120.08367157 -15 -45.32081985 120.27303314 -15 -45.02762604 119.56932831 -14 -44.24710083 119.86206818 -14.33333302 -44.40652084 119.70581055 -14 -43.98088074 120.44754791 -15 -44.72535706 120.15480804 -14.66666698 -44.56593704 120.60678101 -15 -44.4147644 119.82885742 -14 -43.7081871 120.13601685 -14.33333302 -43.83766556 119.93815613 -14 -43.42969894 120.75033569 -15 -44.09662247 120.44317627 -14.66666698 -43.96714401 120.87784576 -15 -43.77172089 120.03343964 -14 -43.14611053 120.35195923 -14.33333302 -43.24436188 120.11446381 -14 -42.85812378 120.98900604 -15 -43.44086456 120.67048645 -14.66666698 -43.34261322 121.08354187 -15 -43.10488129 120.1810379 -14 -42.56645584 120.50775909 -14.33333302 -42.63250351 120.23298645 -14 -42.27183151 121.16120911 -15 -42.76460266 120.83448029 -14.66666698 -42.69855118 121.22181702 -15 -42.42087555 120.2925415 -14 -41.67665482 120.60186005 -14.33333302 -42.0081749 120.27018738 -14 -41.97498322 121.26521301 -15 -42.07455444 120.93354034 -14.66666698 -42.04136276 121.29129791 -15 -41.72649765 88.44254303 -14 -81.52763367 89.20858765 -15 -82.17042542 88.55530548 -14.24398136 -81.78218842 88.41100311 -13.99879551 -81.56522369 88.37953949 -13.9951849 -81.60272217 88.34822845 -13.98917675 -81.64003754 88.47730255 -14.22598171 -81.87513733 88.3171463 -13.98078537 -81.67707825 88.28636169 -13.97003078 -81.71376801 88.40081787 -14.19617558 -81.96629333 88.25595856 -13.95694065 -81.75000763 88.22599792 -13.94154453 -81.78570557 88.73106384 -14.49277687 -81.96165466 88.32657623 -14.15484905 -82.05477142 88.19656372 -13.92387962 -81.82078552 88.16771698 -13.90398884 -81.85516357 88.63746643 -14.47117805 -82.07319641 88.2552948 -14.10240173 -82.1397171 88.13954163 -13.88192081 -81.88874817 88.11209106 -13.85772896 -81.92146301 88.54568481 -14.4354105 -82.18258667 88.9068222 -14.74157333 -82.14112091 89.0199585 -14.97835255 -82.39522552 89.08258057 -14.9903698 -82.32059479 89.14550781 -14.99759102 -82.24559784 88.18766785 -14.03933716 -82.22032166 88.08543396 -13.83146954 -81.95322418 88.05963898 -13.8032074 -81.98396301 88.45658875 -14.38581944 -82.28875732 88.79763031 -14.7163744 -82.27125549 88.89622498 -14.94006252 -82.54268646 88.95778656 -14.96157074 -82.46931458 88.12433624 -13.96626282 -82.29579926 88.03476715 -13.77301025 -82.01361084 88.01087952 -13.74095154 -82.04207611 88.3710556 -14.3228817 -82.39069366 88.69054413 -14.67464542 -82.39887238 88.77549744 -14.88308811 -82.68656921 88.83541107 -14.91388035 -82.61516571 88.06591034 -13.88388348 -82.36542511 87.98802948 -13.70710659 -82.06931305 87.96627045 -13.67155933 -82.09523773 88.28990173 -14.24720478 -82.4874115 88.58660889 -14.61678886 -82.52274323 88.65893555 -14.80797863 -82.8254776 88.7166214 -14.84775925 -82.75672913 88.01295471 -13.79299164 -82.42852783 87.94566345 -13.63439369 -82.11979675 87.92625427 -13.59569931 -82.14292908 88.21389771 -14.15951538 -82.57798767 88.48681641 -14.54336262 -82.64167023 88.54767609 -14.71545696 -82.95807648 88.60257721 -14.76384258 -82.89264679 87.96598816 -13.69446278 -82.48451233 87.90808868 -13.5555706 -82.16457367 87.89121246 -13.51410294 -82.18469238 88.1437912 -14.06066036 -82.66153717 88.39212799 -14.45507145 -82.75450897 88.44277191 -14.60641479 -83.08308411 88.49436188 -14.66293907 -83.02160645 87.92544556 -13.5892458 -82.53282166 87.87565613 -13.47139645 -82.20322418 87.86147308 -13.42755508 -82.22013092 88.08024597 -13.95158958 -82.73726654 88.3034668 -14.35276794 -82.86017609 88.34525299 -14.48190212 -83.1993103 88.39302826 -14.54602051 -83.14237213 87.89173126 -13.47835445 -82.57299805 87.84868622 -13.38268375 -82.23536682 87.83733368 -13.33689022 -82.24890137 88.02388 -13.83335495 -82.80444336 88.22167206 -14.23743725 -82.95765686 88.25604248 -14.34311771 -83.30562592 88.29955292 -14.41421318 -83.25376892 87.86517334 -13.36285591 -82.6046524 87.82743835 -13.29028511 -82.26069641 87.81902313 -13.24298 -82.27072144 87.97523499 -13.70709515 -82.8624115 88.14753723 -14.11018848 -83.04600525 88.17601013 -14.19139862 -83.40100861 88.21482849 -14.26878643 -83.35474396 87.8460083 -13.24386311 -82.62748718 87.8121109 -13.19509029 -82.27896118 87.80671692 -13.14673042 -82.28538513 87.93478394 -13.57402515 -82.91062927 88.08177948 -13.97224808 -83.12437439 88.10591888 -14.02820587 -83.48453522 88.13967133 -14.11114025 -83.44430542 87.83444214 -13.1225214 -82.6412735 87.80285645 -13.09801674 -82.28999329 87.80052948 -13.0490675 -82.29275513 87.79975891 -13 -82.29367828 87.90290833 -13.43542671 -82.94861603 88.02502441 -13.8249445 -83.19200897 88.04644775 -13.85511017 -83.55541229 88.07481384 -13.94279385 -83.52160645 87.87991333 -13.29263592 -82.97601318 87.97782898 -13.66969585 -83.2482605 87.99816895 -13.67377949 -83.61295319 88.02087402 -13.76536655 -83.58588409 87.86602783 -13.14702606 -82.99256134 87.92301941 -13 -83.70250702 87.94063568 -13.50799847 -83.29257965 87.96154022 -13.48596001 -83.65659332 87.97837067 -13.58056927 -83.63653564 87.91381836 -13.34140778 -83.32454681 87.9369278 -13.29346085 -83.68592834 87.94771576 -13.39018059 -83.67307281 87.89762115 -13.17152977 -83.34384918 87.92456055 -13.09813499 -83.70066833 87.92920685 -13.19603443 -83.69512939 87.79975891 13 -82.29367828 87.92301941 13 -83.70250702 87.83444214 13.1225214 -82.6412735 87.80052948 13.0490675 -82.29275513 87.80285645 13.09801674 -82.28999329 87.80671692 13.14673042 -82.28538513 87.8460083 13.24386311 -82.62748718 87.8121109 13.19509029 -82.27896118 87.81902313 13.24298 -82.27072144 87.86517334 13.36285591 -82.6046524 87.82743835 13.29028511 -82.26069641 87.83733368 13.33689022 -82.24890137 87.86602783 13.14702606 -82.99256134 87.89173126 13.47835445 -82.57299805 87.84868622 13.38268375 -82.23536682 87.86147308 13.42755508 -82.22013092 87.87991333 13.29263592 -82.97601318 87.92544556 13.5892458 -82.53282166 87.87565613 13.47139645 -82.20322418 87.89121246 13.51410294 -82.18469238 87.90290833 13.43542671 -82.94861603 87.89762115 13.17152977 -83.34384918 87.9369278 13.29346085 -83.68592834 87.92920685 13.19603443 -83.69512939 87.92456055 13.09813499 -83.70066833 87.96598816 13.69446278 -82.48451233 87.90808868 13.5555706 -82.16457367 87.92625427 13.59569931 -82.14292908 87.93478394 13.57402515 -82.91062927 87.91381836 13.34140778 -83.32454681 87.96154022 13.48596001 -83.65659332 87.94771576 13.39018059 -83.67307281 88.01295471 13.79299164 -82.42852783 87.94566345 13.63439369 -82.11979675 87.96627045 13.67155933 -82.09523773 87.97523499 13.70709515 -82.8624115 87.94063568 13.50799847 -83.29257965 87.99816895 13.67377949 -83.61295319 87.97837067 13.58056927 -83.63653564 88.06591034 13.88388348 -82.36542511 87.98802948 13.70710659 -82.06931305 88.01087952 13.74095154 -82.04207611 88.02388 13.83335495 -82.80444336 87.97782898 13.66969585 -83.2482605 88.04644775 13.85511017 -83.55541229 88.02087402 13.76536655 -83.58588409 88.12433624 13.96626282 -82.29579926 88.03476715 13.77301025 -82.01361084 88.05963898 13.8032074 -81.98396301 88.08024597 13.95158958 -82.73726654 88.02502441 13.8249445 -83.19200897 88.10591888 14.02820587 -83.48453522 88.07481384 13.94279385 -83.52160645 88.18766785 14.03933716 -82.22032166 88.08543396 13.83146954 -81.95322418 88.11209106 13.85772896 -81.92146301 88.1437912 14.06066036 -82.66153717 88.08177948 13.97224808 -83.12437439 88.17601013 14.19139862 -83.40100861 88.13967133 14.11114025 -83.44430542 88.2552948 14.10240173 -82.1397171 88.13954163 13.88192081 -81.88874817 88.16771698 13.90398884 -81.85516357 88.21389771 14.15951538 -82.57798767 88.14753723 14.11018848 -83.04600525 88.25604248 14.34311771 -83.30562592 88.21482849 14.26878643 -83.35474396 88.32657623 14.15484905 -82.05477142 88.19656372 13.92387962 -81.82078552 88.22599792 13.94154453 -81.78570557 88.28990173 14.24720478 -82.4874115 88.22167206 14.23743725 -82.95765686 88.34525299 14.48190212 -83.1993103 88.29955292 14.41421318 -83.25376892 88.40081787 14.19617558 -81.96629333 88.25595856 13.95694065 -81.75000763 88.28636169 13.97003078 -81.71376801 88.3710556 14.3228817 -82.39069366 88.3034668 14.35276794 -82.86017609 88.44277191 14.60641479 -83.08308411 88.39302826 14.54602051 -83.14237213 88.47730255 14.22598171 -81.87513733 88.3171463 13.98078537 -81.67707825 88.34822845 13.98917675 -81.64003754 88.45658875 14.38581944 -82.28875732 88.39212799 14.45507145 -82.75450897 88.54767609 14.71545696 -82.95807648 88.49436188 14.66293907 -83.02160645 88.55530548 14.24398136 -81.78218842 88.37953949 13.9951849 -81.60272217 88.41100311 13.99879551 -81.56522369 88.44254303 14 -81.52763367 88.54568481 14.4354105 -82.18258667 88.48681641 14.54336262 -82.64167023 88.65893555 14.80797863 -82.8254776 88.60257721 14.76384258 -82.89264679 88.63746643 14.47117805 -82.07319641 88.58660889 14.61678886 -82.52274323 88.77549744 14.88308811 -82.68656921 88.7166214 14.84775925 -82.75672913 88.73106384 14.49277687 -81.96165466 89.20858765 15 -82.17042542 88.69054413 14.67464542 -82.39887238 88.89622498 14.94006252 -82.54268646 88.83541107 14.91388035 -82.61516571 88.79763031 14.7163744 -82.27125549 89.0199585 14.97835255 -82.39522552 88.95778656 14.96157074 -82.46931458 88.9068222 14.74157333 -82.14112091 89.14550781 14.99759102 -82.24559784 89.08258057 14.9903698 -82.32059479 119.66230774 15 -45.87709045 118.89626312 14 -45.23430252 120.27018738 14 -41.97498322 120.60186005 14.33333302 -42.0081749 120.23298645 14 -42.27183151 120.2925415 14 -41.67665482 120.30000305 14 -41.37757874 121.29129791 15 -41.72649765 120.93354034 14.66666698 -42.04136276 121.30000305 15 -41.37757874 121.26521301 15 -42.07455444 121.22181702 15 -42.42087555 120.1810379 14 -42.56645584 120.50775909 14.33333302 -42.63250351 120.11446381 14 -42.85812378 121.16120911 15 -42.76460266 120.83448029 14.66666698 -42.69855118 121.08354187 15 -43.10488129 120.03343964 14 -43.14611053 120.35195923 14.33333302 -43.24436188 119.93815613 14 -43.42969894 120.98900604 15 -43.44086456 120.67048645 14.66666698 -43.34261322 120.87784576 15 -43.77172089 119.82885742 14 -43.7081871 120.13601685 14.33333302 -43.83766556 119.70581055 14 -43.98088074 120.75033569 15 -44.09662247 120.44317627 14.66666698 -43.96714401 120.60678101 15 -44.4147644 119.56932831 14 -44.24710083 119.86206818 14.33333302 -44.40652084 119.4197464 14 -44.50618744 120.44754791 15 -44.72535706 120.15480804 14.66666698 -44.56593704 120.27303314 15 -45.02762604 119.08279419 14 -45.00040436 119.53284454 14.33333302 -44.94527054 119.25743103 14 -44.75749969 120.08367157 15 -45.32081985 119.80825806 14.66666698 -45.1330452 119.87992859 15 -45.6042099 121.30000305 15 -12.69999981 120.30000305 14 -12.69999981 114.88809967 14 -6.72889185 114.92077637 14.33333302 -6.39716339 115.18038177 14 -6.76494074 114.59440613 14 -6.70722723 114.30000305 14 -6.69999981 114.64347076 15 -5.70843172 114.95344543 14.66666698 -6.06543493 114.30000305 15 -5.69999981 114.98612213 15 -5.73370695 115.32711029 15 -5.77576447 115.47054291 14 -6.81528854 115.53556824 14.33333302 -6.48835993 115.75788116 14 -6.87981272 115.66563416 15 -5.83450317 115.6006012 14.66666698 -6.16143131 116.00086212 15 -5.90978146 116.0417099 14 -6.95835781 116.13846588 14.33333302 -6.63937807 116.32134247 14 -7.05073547 116.3319931 15 -6.00141764 116.23522949 14.66666698 -6.32039785 116.65822601 15 -6.10919142 116.72366333 14.33333302 -6.84876299 116.59609985 14 -7.15672302 116.86533356 14 -7.2760644 116.97878265 15 -6.2328434 116.85121918 14.66666698 -6.54080296 117.29288483 15 -6.37207508 117.12837982 14 -7.40847254 117.28551483 14.33333302 -7.11449862 117.38461304 14 -7.55362844 117.59977722 15 -6.52655125 117.44264221 14.66666698 -6.82052469 117.89871979 15 -6.69589996 117.63342285 14 -7.71118212 117.81861115 14.33333302 -7.43402576 117.87419891 14 -7.88075495 118.00379944 14.66666698 -7.15686941 118.18899536 15 -6.87971258 118.46989441 15 -7.07754707 118.10636139 14 -8.06193733 118.31782532 14.33333302 -7.80426693 118.32935333 14 -8.25429344 118.52928925 14.66666698 -7.546597 118.74075317 15 -7.2889266 119.00091553 15 -7.5133419 118.7783432 14.33333302 -8.2216568 118.54264069 14 -8.45735931 118.74570465 14 -8.67064667 119.01404572 14.66666698 -7.98595476 119.24974823 15 -7.75025272 119.48665619 15 -7.99908733 119.19573212 14.33333302 -8.68217564 118.93806458 14 -8.89364052 119.11924744 14 -9.12580395 119.45339966 14.66666698 -8.47071171 119.71107483 15 -8.25924683 119.92245483 15 -8.53010464 119.56597137 14.33333302 -9.18138885 119.28881836 14 -9.36657906 119.44637299 14 -9.61538315 119.84313202 14.66666698 -8.99619865 120.12028503 15 -8.81100845 120.30410004 15 -9.10128117 119.59152985 14 -9.87161922 119.88549805 14.33333302 -9.71448708 119.72393799 14 -10.1346693 120.47344971 15 -9.40022278 120.17947388 14.66666698 -9.55735493 120.62792206 15 -9.70711422 119.84327698 14 -10.40389919 120.15123749 14.33333302 -10.27633858 119.94926453 14 -10.67866135 120.459198 14.66666698 -10.14877701 120.76715851 15 -10.02121639 120.89080811 15 -10.34177113 120.04164124 14 -10.95829201 120.36061859 14.33333302 -10.8615303 120.12018585 14 -11.24211884 120.67960358 14.66666698 -10.7647686 120.99858093 15 -10.6680069 121.09021759 15 -10.99913883 120.18471527 14 -11.52945805 120.51164246 14.33333302 -11.46442795 120.23506165 14 -11.81961727 120.83856964 14.66666698 -11.39939785 121.16549683 15 -11.33436775 121.22423553 15 -11.67288685 120.29277039 14 -12.40559387 120.60283661 14.33333302 -12.07922459 120.27111053 14 -12.11189747 120.93456268 14.66666698 -12.04655266 121.26629639 15 -12.01387978 121.29156494 15 -12.35652637 55 15 -5.69999981 55 14 -6.69999981 54.80396652 15.0096302 -5.69999981 54.77946091 14.76083469 -5.94999981 54.70653915 15.02164745 -5.69999981 54.9018631 15.00240898 -5.69999981 54.5610466 14.79323292 -5.94999981 54.6098175 15.03842926 -5.69999981 54.51403809 15.05993748 -5.69999981 54.75495529 14.51203823 -6.19999981 54.41942978 15.08611965 -5.69999981 54.34685898 14.84688377 -5.94999981 54.32622147 15.11691189 -5.69999981 54.5122757 14.54803658 -6.19999981 54.85279846 14.00361347 -6.69999981 54.73045349 14.26324177 -6.44999981 54.70594788 14.01444626 -6.69999981 54.55980682 14.0324707 -6.69999981 54.2346344 15.15224075 -5.69999981 54.13896179 14.92127132 -5.94999981 54.14488983 15.19202137 -5.69999981 54.27428818 14.60764885 -6.19999981 54.41473007 14.05764389 -6.69999981 54.46350098 14.30284023 -6.44999981 54.27106094 14.08990669 -6.69999981 53.93935776 15.01567745 -5.94999981 54.0572052 15.23615742 -5.69999981 53.97179413 15.28454304 -5.69999981 54.043293 14.69030094 -6.19999981 54.12914658 14.129179 -6.69999981 54.20171738 14.36841393 -6.44999981 53.98933029 14.17536736 -6.69999981 53.74996567 15.12919331 -5.94999981 53.8888588 15.33706093 -5.69999981 53.80860138 15.39358521 -5.69999981 53.8215065 14.79519653 -6.19999981 53.94762039 14.45933151 -6.44999981 53.8519516 14.22836113 -6.69999981 53.71733475 14.28803253 -6.69999981 53.73121262 15.45397949 -5.69999981 53.57261658 15.26072693 -5.94999981 53.65688324 15.51809788 -5.69999981 53.61107254 14.92132568 -6.19999981 53.58581161 14.3542366 -6.69999981 53.70365906 14.57471657 -6.44999981 53.45769119 14.42681408 -6.69999981 53.58578491 15.58578682 -5.69999981 53.40900803 15.40900993 -5.94999981 53.51809692 15.65688229 -5.69999981 53.41401672 15.06747341 -6.19999981 53.47218323 14.71345901 -6.44999981 53.3332901 14.50559139 -6.69999981 53.21290207 14.59037781 -6.69999981 53.45397949 15.73121357 -5.69999981 53.26072693 15.57261467 -5.94999981 53.39358521 15.80860138 -5.69999981 53.23223114 15.23223305 -6.19999981 53.25541687 14.87422085 -6.44999981 53.09682083 14.68096828 -6.69999981 52.98532486 14.77714634 -6.69999981 53.33705902 15.88885975 -5.69999981 53.12919235 15.74996662 -5.94999981 53.28454208 15.97179413 -5.69999981 53.06747437 15.41401672 -6.19999981 52.87868118 14.87867928 -6.69999981 53.05545807 15.05545616 -6.44999981 52.77714539 14.98532295 -6.69999981 53.01567841 15.93935776 -5.94999981 53.23615646 16.05720711 -5.69999981 53.19202042 16.14488983 -5.69999981 52.92132568 15.61107445 -6.19999981 52.8742218 15.25541878 -6.44999981 52.68096924 15.09681988 -6.69999981 52.59037781 15.21290207 -6.69999981 52.92127228 16.13896179 -5.94999981 53.15224075 16.23463249 -5.69999981 53.11691284 16.32621956 -5.69999981 52.79519653 15.82150841 -6.19999981 52.71345901 15.47218227 -6.44999981 52.50559235 15.33328915 -6.69999981 52.42681503 15.45769215 -6.69999981 52.84688568 16.34685898 -5.94999981 53.08612061 16.41942978 -5.69999981 53.05993652 16.51403999 -5.69999981 52.69029999 16.04329109 -6.19999981 52.3542366 15.58580971 -6.69999981 52.57471466 15.70365906 -6.44999981 52.28803253 15.71733475 -6.69999981 52.79323196 16.5610466 -5.94999981 53.03842926 16.60981941 -5.69999981 53.02164841 16.70653915 -5.69999981 52.60765076 16.27428818 -6.19999981 52.45933151 15.94762039 -6.44999981 52.22836304 15.85194969 -6.69999981 52.17536926 15.98933029 -6.69999981 53.00241089 16.90186501 -5.69999981 52.76083374 16.77946091 -5.94999981 53 17 -5.69999981 53.00963211 16.80396652 -5.69999981 52.54803848 16.51227379 -6.19999981 52.12917709 16.12914658 -6.69999981 52.36841583 16.20171738 -6.44999981 52.08990479 16.27105904 -6.69999981 52.51203918 16.7549572 -6.19999981 52 17 -6.69999981 52.05764389 16.41472816 -6.69999981 52.30284119 16.46350098 -6.44999981 52.0324707 16.55980873 -6.69999981 52.26324081 16.73045349 -6.44999981 52.01444626 16.70594788 -6.69999981 52.00361252 16.85279655 -6.69999981 52 33 -6.69999981 53 33 -5.69999981 52.24398041 33.12252045 -6.44999981 51.99879456 33.04906845 -6.69999981 51.99518585 33.09801865 -6.69999981 51.9891777 33.14673233 -6.69999981 52.22598267 33.24386215 -6.44999981 51.98078537 33.19509125 -6.69999981 51.97003174 33.24298096 -6.69999981 52.19617462 33.362854 -6.44999981 51.9569397 33.2902832 -6.69999981 51.94154358 33.33689117 -6.69999981 52.49277878 33.14702606 -6.19999981 52.15485001 33.47835541 -6.44999981 51.92387772 33.3826828 -6.69999981 51.90398788 33.42755508 -6.69999981 52.47117615 33.29263687 -6.19999981 52.10240173 33.58924484 -6.44999981 51.88191986 33.4713974 -6.69999981 51.85772705 33.51410294 -6.69999981 52.43540955 33.43542862 -6.19999981 52.74157333 33.17153168 -5.94999981 52.97835159 33.29346085 -5.69999981 52.99036789 33.19603348 -5.69999981 52.99758911 33.0981369 -5.69999981 52.03933716 33.69446182 -6.44999981 51.83147049 33.5555687 -6.69999981 51.8032074 33.59569931 -6.69999981 52.38581848 33.5740242 -6.19999981 52.71637344 33.34140778 -5.94999981 52.94006348 33.48596191 -5.69999981 52.96157074 33.3901825 -5.69999981 51.96626282 33.79299164 -6.44999981 51.77301025 33.63439178 -6.69999981 51.74095154 33.67155838 -6.69999981 52.32288361 33.7070961 -6.19999981 52.67464447 33.50799942 -5.94999981 52.88308716 33.67377853 -5.69999981 52.91387939 33.58057022 -5.69999981 51.88388443 33.88388443 -6.44999981 51.70710754 33.70710754 -6.69999981 51.67155838 33.74095154 -6.69999981 52.24720383 33.83335495 -6.19999981 52.61679077 33.66969681 -5.94999981 52.80797958 33.85511017 -5.69999981 52.84775925 33.7653656 -5.69999981 51.79299164 33.96626282 -6.44999981 51.63439178 33.77301025 -6.69999981 51.59569931 33.8032074 -6.69999981 52.15951538 33.95159149 -6.19999981 52.54336166 33.82494354 -5.94999981 52.71545792 34.02820587 -5.69999981 52.76384354 33.9427948 -5.69999981 51.69446182 34.03933716 -6.44999981 51.5555687 33.83147049 -6.69999981 51.51410294 33.85772705 -6.69999981 52.06066132 34.06066132 -6.19999981 52.4550705 33.97224808 -5.94999981 52.60641479 34.19139862 -5.69999981 52.66294098 34.1111412 -5.69999981 51.58924484 34.10240173 -6.44999981 51.4713974 33.88191986 -6.69999981 51.42755508 33.90398788 -6.69999981 51.95159149 34.15951538 -6.19999981 52.35276794 34.11018753 -5.94999981 52.48190308 34.34311676 -5.69999981 52.54602051 34.26878738 -5.69999981 51.47835541 34.15485001 -6.44999981 51.3826828 33.92387772 -6.69999981 51.33689117 33.94154358 -6.69999981 51.83335495 34.24720383 -6.19999981 52.2374382 34.2374382 -5.94999981 52.34311676 34.48190308 -5.69999981 52.41421509 34.41421509 -5.69999981 51.362854 34.19617462 -6.44999981 51.2902832 33.9569397 -6.69999981 51.24298096 33.97003174 -6.69999981 51.7070961 34.32288361 -6.19999981 52.11018753 34.35276794 -5.94999981 52.19139862 34.60641479 -5.69999981 52.26878738 34.54602051 -5.69999981 51.24386215 34.22598267 -6.44999981 51.19509125 33.98078537 -6.69999981 51.14673233 33.9891777 -6.69999981 51.5740242 34.38581848 -6.19999981 51.97224808 34.4550705 -5.94999981 52.02820587 34.71545792 -5.69999981 52.1111412 34.66294098 -5.69999981 51.12252045 34.24398041 -6.44999981 51.09801865 33.99518585 -6.69999981 51.04906845 33.99879456 -6.69999981 51 34 -6.69999981 51.43542862 34.43540955 -6.19999981 51.82494354 34.54336166 -5.94999981 51.85511017 34.80797958 -5.69999981 51.9427948 34.76384354 -5.69999981 51.29263687 34.47117615 -6.19999981 51.66969681 34.61679077 -5.94999981 51.67377853 34.88308716 -5.69999981 51.7653656 34.84775925 -5.69999981 51.14702606 34.49277878 -6.19999981 51 35 -5.69999981 51.50799942 34.67464447 -5.94999981 51.48596191 34.94006348 -5.69999981 51.58057022 34.91387939 -5.69999981 51.34140778 34.71637344 -5.94999981 51.29346085 34.97835159 -5.69999981 51.3901825 34.96157074 -5.69999981 51.17153168 34.74157333 -5.94999981 51.0981369 34.99758911 -5.69999981 51.19603348 34.99036789 -5.69999981 43 35 -5.69999981 43 34 -6.69999981 109.85554504 -7.49637985 -56.00861359 109.80631256 -7.5749073 -56.06728745 109.75462341 -7.64951849 -56.12888718 109.90219879 -7.4141326 -55.95301056 109.7006073 -7.72002935 -56.19326019 109.94616699 -7.32836962 -55.90061951 109.64440155 -7.78626347 -56.26024246 109.98732758 -7.23930407 -55.85156631 109.58614349 -7.84805679 -56.32967377 110.02558136 -7.14715767 -55.80597687 109.52597809 -7.90525579 -56.40137482 110.06083679 -7.05215883 -55.76396179 109.46405792 -7.9577179 -56.47517395 110.09300232 -6.95454407 -55.72562408 109.40052795 -8.00531292 -56.55088425 110.12200165 -6.85455656 -55.69106293 109.33555603 -8.04792213 -56.62831497 110.14776611 -6.75244427 -55.66036224 109.26929474 -8.08544064 -56.70727921 110.17021942 -6.64846134 -55.63360214 109.20191956 -8.11777306 -56.78757858 110.1893158 -6.54286623 -55.61083984 109.1335907 -8.14484119 -56.86901093 110.20500946 -6.43592167 -55.59214401 109.06447601 -8.16657734 -56.95137787 110.21725464 -6.32789278 -55.57754898 108.99475098 -8.18292618 -57.0344696 110.22602081 -6.21904945 -55.56710052 108.92459106 -8.19384861 -57.11808395 110.2312851 -6.1096611 -55.56082153 108.85417175 -8.19931602 -57.20201111 110.23304749 -6 -55.55872726 108.78366089 -8.19931602 -57.28604126 110.2312851 -5.8903389 -55.56082153 108.71323395 -8.19384861 -57.36996841 110.22602081 -5.78095055 -55.56710052 108.64307404 -8.18292618 -57.45358276 110.21025085 -2.21918726 -55.58589554 109.98732758 -4.76069593 -55.85156631 110.02558136 -4.85284233 -55.80597687 110.27962494 -2.10853553 -55.5032196 110.06083679 -4.94784117 -55.76396179 110.13741302 -2.32432175 -55.67269516 109.94616699 -4.67163038 -55.90061951 110.34536743 -1.99264157 -55.42486954 110.09300232 -5.04545593 -55.72562408 110.12200165 -5.14544344 -55.69106293 110.06130219 -2.42367768 -55.76340103 109.90219879 -4.5858674 -55.95301056 110.40731049 -1.87179363 -55.3510437 110.14776611 -5.24755573 -55.66036224 109.98210907 -2.51700783 -55.85778809 109.80631256 -4.4250927 -56.06728745 109.85554504 -4.50362015 -56.00861359 110.46530914 -1.74629223 -55.2819252 110.17021942 -5.35153866 -55.63360214 109.90001678 -2.60408044 -55.95561981 109.75462341 -4.35048151 -56.12888718 110.51921844 -1.61644912 -55.21768188 110.1893158 -5.45713377 -55.61083984 109.81523132 -2.68467879 -56.05665588 109.7006073 -4.27997065 -56.19326019 110.56889343 -1.48258734 -55.15847778 110.20500946 -5.56407833 -55.59214401 109.72798157 -2.75860262 -56.16064453 109.64440155 -4.21373653 -56.26024246 110.61421967 -1.34503961 -55.10446167 110.21725464 -5.67210722 -55.57754898 109.63845825 -2.8256681 -56.26732635 109.52597809 -4.09474421 -56.40137482 109.58614349 -4.15194321 -56.32967377 110.6550827 -1.20414782 -55.05575943 109.54690552 -2.88570857 -56.37643433 109.46405792 -4.0422821 -56.47517395 110.69138336 -1.06026244 -55.01250076 109.45354462 -2.93857479 -56.48770142 109.40052795 -3.99468708 -56.55088425 110.72303009 -0.91374105 -54.97478867 109.35860443 -2.98413515 -56.60084915 109.26929474 -3.91455984 -56.70727921 109.33555603 -3.95207787 -56.62831497 110.74993896 -0.76494795 -54.94272232 109.26232147 -3.02227664 -56.71559525 109.20191956 -3.88222671 -56.78757858 110.77204895 -0.61425304 -54.91637421 109.16493225 -3.05290413 -56.83165741 109.1335907 -3.85515857 -56.86901093 110.78929901 -0.46203104 -54.89581299 109.06668854 -3.07594156 -56.94874191 108.99475098 -3.81707382 -57.0344696 109.06447601 -3.8334229 -56.95137787 110.801651 -0.30866033 -54.88108826 108.96782684 -3.09133172 -57.06656265 108.92459106 -3.80615163 -57.11808395 110.80908203 -0.15452224 -54.87223816 108.86859131 -3.09903646 -57.18482208 108.78366089 -3.80068374 -57.28604126 108.85417175 -3.80068374 -57.20201111 110.81155396 -0 -54.86928558 108.7692337 -3.09903646 -57.30323029 108.71323395 -3.80615163 -57.36996841 108.6700058 -3.09133172 -57.42148972 108.64307404 -3.81707382 -57.45358276 108.5711441 -3.07594156 -57.53931046 108.50424194 -3.85515857 -57.61903763 108.573349 -3.8334229 -57.5366745 108.47289276 -3.05290413 -57.65639496 108.43591309 -3.88222671 -57.70047379 108.37551117 -3.02227664 -57.77245331 108.36853027 -3.91455984 -57.78076935 108.27922821 -2.98413515 -57.8871994 108.23729706 -3.99468708 -57.93716812 108.30227661 -3.95207787 -57.85973358 108.1842804 -2.93857479 -58.00034714 108.17377472 -4.0422821 -58.0128746 108.09091949 -2.88570857 -58.11161423 108.11184692 -4.09474421 -58.08667374 110.69138336 1.06026244 -55.01250076 110.72303009 0.91374105 -54.97478867 110.74993896 0.76494795 -54.94272232 110.77204895 0.61425304 -54.91637421 110.78929901 0.46203104 -54.89581299 110.801651 0.30866033 -54.88108826 110.80908203 0.15452224 -54.87223816 110.6550827 1.20414782 -55.05575943 107.99936676 -2.8256681 -58.22072601 107.99342346 -4.21373653 -58.22780609 108.05168152 -4.15194321 -58.1583786 107.90985107 -2.75860262 -58.32740402 107.93721771 -4.27997065 -58.29479218 107.82259369 -2.68467879 -58.43139267 107.8832016 -4.35048151 -58.35916138 107.73781586 -2.60408044 -58.53242874 107.83151245 -4.4250927 -58.42076111 107.65572357 -2.51700783 -58.63026428 107.73562622 -4.5858674 -58.53503799 107.78227997 -4.50362015 -58.47943497 107.57652283 -2.42367768 -58.72465134 107.69166565 -4.67163038 -58.58742905 107.50041199 -2.32432175 -58.81535721 107.65050507 -4.76069593 -58.63648224 107.42758179 -2.21918726 -58.90215302 107.61224365 -4.85284233 -58.6820755 107.3582077 -2.10853553 -58.98483276 107.57698822 -4.94784117 -58.72409058 107.29246521 -1.99264157 -59.06317902 107.51582336 -5.14544344 -58.79698563 107.54482269 -5.04545593 -58.76242447 107.23051453 -1.87179363 -59.13700485 107.49006653 -5.24755573 -58.82768631 107.17251587 -1.74629223 -59.20612717 107.46760559 -5.35153866 -58.85445023 107.1186142 -1.61644912 -59.27036667 107.44850922 -5.45713377 -58.87720871 107.06893158 -1.48258734 -59.32957077 107.43282318 -5.56407833 -58.89590836 107.02360535 -1.34503961 -59.3835907 107.420578 -5.67210722 -58.91049957 106.98274231 -1.20414782 -59.43228912 107.41181183 -5.78095055 -58.92094803 109.80631256 4.4250927 -56.06728745 109.90001678 2.60408044 -55.95561981 109.98210907 2.51700783 -55.85778809 109.85554504 4.50362015 -56.00861359 109.75462341 4.35048151 -56.12888718 109.81523132 2.68467879 -56.05665588 109.90219879 4.5858674 -55.95301056 110.06130219 2.42367768 -55.76340103 109.7006073 4.27997065 -56.19326019 109.72798157 2.75860262 -56.16064453 109.94616699 4.67163038 -55.90061951 110.13741302 2.32432175 -55.67269516 109.64440155 4.21373653 -56.26024246 109.63845825 2.8256681 -56.26732635 109.98732758 4.76069593 -55.85156631 110.21025085 2.21918726 -55.58589554 109.58614349 4.15194321 -56.32967377 110.02558136 4.85284233 -55.80597687 110.27962494 2.10853553 -55.5032196 109.52597809 4.09474421 -56.40137482 109.54690552 2.88570857 -56.37643433 110.06083679 4.94784117 -55.76396179 110.34536743 1.99264157 -55.42486954 109.46405792 4.0422821 -56.47517395 109.45354462 2.93857479 -56.48770142 110.09300232 5.04545593 -55.72562408 109.40052795 3.99468708 -56.55088425 109.35860443 2.98413515 -56.60084915 110.12200165 5.14544344 -55.69106293 110.40731049 1.87179363 -55.3510437 109.33555603 3.95207787 -56.62831497 110.14776611 5.24755573 -55.66036224 110.46530914 1.74629223 -55.2819252 109.26929474 3.91455984 -56.70727921 109.26232147 3.02227664 -56.71559525 110.17021942 5.35153866 -55.63360214 110.51921844 1.61644912 -55.21768188 109.20191956 3.88222671 -56.78757858 109.16493225 3.05290413 -56.83165741 110.1893158 5.45713377 -55.61083984 110.56889343 1.48258734 -55.15847778 109.1335907 3.85515857 -56.86901093 109.06668854 3.07594156 -56.94874191 110.20500946 5.56407833 -55.59214401 110.61421967 1.34503961 -55.10446167 109.06447601 3.8334229 -56.95137787 110.21725464 5.67210722 -55.57754898 108.99475098 3.81707382 -57.0344696 108.96782684 3.09133172 -57.06656265 110.22602081 5.78095055 -55.56710052 108.92459106 3.80615163 -57.11808395 108.86859131 3.09903646 -57.18482208 110.2312851 5.8903389 -55.56082153 108.85417175 3.80068374 -57.20201111 110.23304749 6 -55.55872726 108.78366089 3.80068374 -57.28604126 108.7692337 3.09903646 -57.30323029 110.2312851 6.1096611 -55.56082153 108.71323395 3.80615163 -57.36996841 108.6700058 3.09133172 -57.42148972 110.22602081 6.21904945 -55.56710052 108.64307404 3.81707382 -57.45358276 108.5711441 3.07594156 -57.53931046 110.21725464 6.32789278 -55.57754898 108.573349 3.8334229 -57.5366745 110.20500946 6.43592167 -55.59214401 108.50424194 3.85515857 -57.61903763 108.47289276 3.05290413 -57.65639496 110.1893158 6.54286623 -55.61083984 108.43591309 3.88222671 -57.70047379 108.37551117 3.02227664 -57.77245331 110.17021942 6.64846134 -55.63360214 108.36853027 3.91455984 -57.78076935 108.27922821 2.98413515 -57.8871994 110.14776611 6.75244427 -55.66036224 108.30227661 3.95207787 -57.85973358 110.12200165 6.85455656 -55.69106293 108.23729706 3.99468708 -57.93716812 108.1842804 2.93857479 -58.00034714 110.09300232 6.95454407 -55.72562408 108.17377472 4.0422821 -58.0128746 108.09091949 2.88570857 -58.11161423 110.06083679 7.05215883 -55.76396179 108.11184692 4.09474421 -58.08667374 107.99936676 2.8256681 -58.22072601 110.02558136 7.14715767 -55.80597687 108.05168152 4.15194321 -58.1583786 109.98732758 7.23930407 -55.85156631 107.99342346 4.21373653 -58.22780609 107.90985107 2.75860262 -58.32740402 109.94616699 7.32836962 -55.90061951 107.93721771 4.27997065 -58.29479218 107.82259369 2.68467879 -58.43139267 109.90219879 7.4141326 -55.95301056 107.8832016 4.35048151 -58.35916138 107.73781586 2.60408044 -58.53242874 109.85554504 7.49637985 -56.00861359 107.83151245 4.4250927 -58.42076111 107.65572357 2.51700783 -58.63026428 109.80631256 7.5749073 -56.06728745 107.78227997 4.50362015 -58.47943497 109.75462341 7.64951849 -56.12888718 107.73562622 4.5858674 -58.53503799 107.57652283 2.42367768 -58.72465134 109.7006073 7.72002935 -56.19326019 107.69166565 4.67163038 -58.58742905 107.50041199 2.32432175 -58.81535721 109.64440155 7.78626347 -56.26024246 107.65050507 4.76069593 -58.63648224 107.42758179 2.21918726 -58.90215302 109.58614349 7.84805679 -56.32967377 107.61224365 4.85284233 -58.6820755 107.3582077 2.10853553 -58.98483276 109.52597809 7.90525579 -56.40137482 107.57698822 4.94784117 -58.72409058 107.29246521 1.99264157 -59.06317902 109.46405792 7.9577179 -56.47517395 107.54482269 5.04545593 -58.76242447 109.40052795 8.00531292 -56.55088425 107.51582336 5.14544344 -58.79698563 107.23051453 1.87179363 -59.13700485 109.33555603 8.04792213 -56.62831497 107.49006653 5.24755573 -58.82768631 107.17251587 1.74629223 -59.20612717 109.26929474 8.08544064 -56.70727921 107.46760559 5.35153866 -58.85445023 107.1186142 1.61644912 -59.27036667 109.20191956 8.11777306 -56.78757858 107.44850922 5.45713377 -58.87720871 107.06893158 1.48258734 -59.32957077 109.1335907 8.14484119 -56.86901093 107.43282318 5.56407833 -58.89590836 107.02360535 1.34503961 -59.3835907 109.06447601 8.16657734 -56.95137787 107.420578 5.67210722 -58.91049957 106.98274231 1.20414782 -59.43228912 108.99475098 8.18292618 -57.0344696 107.41181183 5.78095055 -58.92094803 108.92459106 8.19384861 -57.11808395 108.85417175 8.19931602 -57.20201111 108.78366089 8.19931602 -57.28604126 108.71323395 8.19384861 -57.36996841 108.64307404 8.18292618 -57.45358276 94.96611786 -12.23435688 -73.75315094 108.36853027 -8.08544064 -57.78076935 108.30227661 -8.04792213 -57.85973358 95.03614807 -12.12419891 -73.66968536 108.23729706 -8.00531292 -57.93716812 94.89263153 -12.33893299 -73.84072113 108.43591309 -8.11777306 -57.70047379 95.10256195 -12.0087347 -73.59053802 108.17377472 -7.9577179 -58.0128746 108.11184692 -7.90525579 -58.08667374 94.81587982 -12.43766689 -73.93218994 108.50424194 -8.14484119 -57.61903763 95.16517639 -11.88825226 -73.51591492 108.05168152 -7.84805679 -58.1583786 94.73605347 -12.53031158 -74.02732849 108.573349 -8.16657734 -57.5366745 95.22384644 -11.76305389 -73.44599152 107.99342346 -7.78626347 -58.22780609 94.65335083 -12.61663532 -74.12588501 95.27842712 -11.63345051 -73.38095093 107.93721771 -7.72002935 -58.29479218 94.56797791 -12.69642258 -74.22763062 95.32876587 -11.4997673 -73.32095337 107.8832016 -7.64951849 -58.35916138 94.48014832 -12.76947498 -74.33229828 95.37475586 -11.36233807 -73.2661438 107.83151245 -7.5749073 -58.42076111 94.39008331 -12.83560848 -74.43963623 95.41627502 -11.22150421 -73.21666718 107.78227997 -7.49637985 -58.47943497 94.29801178 -12.89465809 -74.54936218 95.45321655 -11.07762051 -73.17263794 107.73562622 -7.4141326 -58.53503799 94.20415497 -12.94647789 -74.66121674 95.48549652 -10.93104458 -73.13417816 107.69166565 -7.32836962 -58.58742905 95.51302338 -10.78214264 -73.10137177 107.65050507 -7.23930407 -58.63648224 95.53573608 -10.63128662 -73.07430267 107.61224365 -7.14715767 -58.6820755 95.55357361 -10.47885418 -73.05303955 107.57698822 -7.05215883 -58.72409058 95.56649017 -10.32522488 -73.03764343 107.54482269 -6.95454407 -58.76242447 95.57446289 -10.170784 -73.02814484 107.51582336 -6.85455656 -58.79698563 95.57746124 -10.01591587 -73.02457428 107.49006653 -6.75244427 -58.82768631 95.57548523 -9.86100864 -73.02693176 107.46760559 -6.64846134 -58.85445023 95.52496338 -7.59211063 -73.08714294 95.38365936 -8.66632748 -73.25553894 95.42424011 -8.80781555 -73.20717621 95.57479858 -7.51438999 -73.02774811 95.4726944 -7.66586685 -73.14942932 95.33857727 -8.52816963 -73.30926514 95.62207794 -7.43289852 -72.9713974 95.4602356 -8.95228291 -73.16428375 95.41812897 -7.73547554 -73.21445465 95.28911591 -8.39368916 -73.36820984 95.66668701 -7.34783888 -72.91823578 95.491539 -9.09936714 -73.12696838 95.36139679 -7.80076265 -73.28206635 95.70851898 -7.25942326 -72.86838531 95.51808167 -9.24870014 -73.09533691 95.30265045 -7.86156559 -73.3520813 95.23539734 -8.26322174 -73.43222809 95.74745941 -7.16787148 -72.82198334 95.53979492 -9.39991093 -73.06945801 95.24201965 -7.91773367 -73.42433929 95.1775589 -8.13709164 -73.50115967 95.78341675 -7.07341194 -72.77912903 95.556633 -9.55262089 -73.04940033 95.17966461 -7.96912622 -73.4986496 95.81629181 -6.97627974 -72.73994446 95.11573792 -8.01561546 -73.57483673 95.84602356 -6.87671661 -72.70451355 95.56853485 -9.7064476 -73.03520966 95.87252045 -6.77497005 -72.67293549 95.89572144 -6.67129421 -72.64528656 95.91557312 -6.56594658 -72.62163544 107.44850922 -6.54286623 -58.87720871 95.93201447 -6.45918989 -72.60203552 107.43282318 -6.43592167 -58.89590836 95.94501495 -6.35128975 -72.58654022 107.420578 -6.32789278 -58.91049957 95.95454407 -6.24251509 -72.57518768 107.41181183 -6.21904945 -58.92094803 95.96057129 -6.13313627 -72.56800079 107.40653992 -6.1096611 -58.92722702 95.96308136 -6.02342606 -72.56501007 107.40477753 -6 -58.92932129 95.96207428 -5.91365767 -72.56621552 107.40653992 -5.8903389 -58.92722702 95.95754242 -5.80410385 -72.5716095 95.94950867 -5.69503832 -72.58118439 106.94644165 -1.06026244 -59.47554779 95.93798828 -5.58673191 -72.5949173 106.91480255 -0.91374105 -59.51325989 95.92300415 -5.47945452 -72.61277008 106.88789368 -0.76494795 -59.54533005 95.90460205 -5.37347317 -72.63469696 106.86578369 -0.61425304 -59.57167816 95.88282776 -5.26905203 -72.66065216 106.848526 -0.46203104 -59.59223938 95.85772705 -5.16645098 -72.69056702 95.82936859 -5.0659256 -72.7243576 106.83617401 -0.30866033 -59.60696411 95.79782867 -4.96772575 -72.76195526 106.82875061 -0.15452224 -59.61581039 95.76316833 -4.87209654 -72.80325317 106.82627106 0 -59.61876297 93.24163055 -6.83848667 -75.80830383 93.17222595 -6.96718979 -75.89102173 93.27014923 -6.93890476 -75.77432251 93.21637726 -6.73598051 -75.83840942 93.07534027 -7.00305128 -76.00648499 93.19443512 -6.63164186 -75.86455536 92.97972107 -7.04639912 -76.12043762 93.71647644 -13.09322929 -75.24241638 93.61696625 -13.09959698 -75.36100006 93.51737976 -13.09822273 -75.47969055 93.41795349 -13.08910847 -75.59816742 93.31895447 -13.07227707 -75.71615601 93.22061157 -13.04777145 -75.83335114 93.1231842 -13.01565266 -75.94946289 93.02690887 -12.97600079 -76.06420135 92.93202972 -12.92891502 -76.17727661 92.83877563 -12.87451267 -76.288414 92.74739075 -12.81293011 -76.39732361 92.65809631 -12.74431992 -76.5037384 92.57111359 -12.66885471 -76.60739899 92.48666382 -12.58672333 -76.70803833 92.40496063 -12.49812984 -76.80541229 92.32620239 -12.40329552 -76.8992691 92.25058746 -12.30245876 -76.98938751 92.17830658 -12.19586945 -77.07552338 92.10954285 -12.08379555 -77.15747833 92.04445648 -11.96651649 -77.23503876 91.98322296 -11.84432411 -77.30801392 91.92599487 -11.71752548 -77.3762207 91.87290192 -11.58643532 -77.43949127 91.82408905 -11.45138359 -77.49766541 91.77967834 -11.31270599 -77.55059814 91.73977661 -11.17074871 -77.59815216 91.7044754 -11.02586746 -77.64021301 91.67388153 -10.87842274 -77.67668152 91.64805603 -10.72878456 -77.7074585 91.62706757 -10.57732487 -77.73246765 93.17586517 -6.52573061 -75.8866806 93.16072083 -6.41850996 -75.90473175 92.88562012 -7.09712458 -76.23258209 93.14902496 -6.31024742 -75.91867065 92.7932663 -7.15510178 -76.34265137 93.14082336 -6.20121241 -75.92844391 92.70288086 -7.22018576 -76.45036316 93.13612366 -6.09167624 -75.93404388 93.1349411 -5.98191166 -75.93545532 92.61470795 -7.29221344 -76.55544281 93.13728333 -5.87219238 -75.93266296 92.52895355 -7.37100506 -76.65763855 93.1431427 -5.76279116 -75.92568207 92.44583893 -7.45636415 -76.75669861 93.15249634 -5.65398073 -75.91453552 92.36557007 -7.54807758 -76.85235596 93.16532898 -5.54603195 -75.89923859 92.28834534 -7.64591551 -76.94438934 93.18161011 -5.43921328 -75.87983704 93.20129395 -5.33379126 -75.85637665 92.2143631 -7.74963379 -77.03256226 93.22433472 -5.23002815 -75.82891846 92.14379883 -7.85897398 -77.11665344 93.25067139 -5.12818193 -75.79753113 92.07683563 -7.9736619 -77.19645691 91.75933838 -8.75722027 -77.5748291 91.80153656 -8.61687374 -77.52454376 91.84818268 -8.47998333 -77.46895599 91.89916992 -8.3468895 -77.40818787 91.95436859 -8.21792507 -77.34240723 91.61096954 -10.42442417 -77.75165558 91.59980774 -10.27046299 -77.76496124 91.59359741 -10.11582565 -77.77236176 91.59236145 -9.96089935 -77.7738266 91.59610748 -9.80607128 -77.7693634 91.60482025 -9.65172672 -77.7589798 91.61847687 -9.49825191 -77.7427063 91.63704681 -9.34603119 -77.72057343 91.66048431 -9.19544411 -77.69264221 91.68872833 -9.04686642 -77.65898132 91.72171021 -8.90067005 -77.61968231 95.59529877 4.51993656 -73.00331879 95.54653168 4.44058275 -73.06143188 95.54653168 -4.44058275 -73.06143188 95.59529877 -4.51993656 -73.00331879 95.49529266 4.36511135 -73.12250519 95.44168854 -4.29371119 -73.18637848 95.49529266 -4.36511135 -73.12250519 95.64144897 4.60297632 -72.94831085 95.64144897 -4.60297632 -72.94831085 95.68488312 -4.68949461 -72.89655304 95.44168854 4.29371119 -73.18637848 95.68488312 4.68949461 -72.89655304 95.38586426 4.22655916 -73.2529068 95.32795715 -4.1638236 -73.3219223 95.38586426 -4.22655916 -73.2529068 95.72549438 4.77927542 -72.84815216 95.72549438 -4.77927542 -72.84815216 95.32795715 4.1638236 -73.3219223 95.76316833 4.87209654 -72.80325317 106.82875061 0.15452224 -59.61581039 95.26811218 4.10565996 -73.39324188 95.2064743 -4.05221272 -73.46669769 95.26811218 -4.10565996 -73.39324188 95.79782867 4.96772575 -72.76195526 106.83617401 0.30866033 -59.60696411 95.2064743 4.05221272 -73.46669769 95.14319611 -4.00361586 -73.54210663 95.82936859 5.0659256 -72.7243576 106.848526 0.46203104 -59.59223938 95.14319611 4.00361586 -73.54210663 95.85772705 5.16645098 -72.69056702 95.07844543 3.95999026 -73.61927795 95.07844543 -3.95999026 -73.61927795 95.88282776 5.26905203 -72.66065216 106.86578369 0.61425304 -59.57167816 95.01237488 3.92144394 -73.69802094 95.01237488 -3.92144394 -73.69802094 95.90460205 5.37347317 -72.63469696 106.88789368 0.76494795 -59.54533005 94.94514465 3.88807321 -73.77813721 94.94514465 -3.88807321 -73.77813721 95.92300415 5.47945452 -72.61277008 106.91480255 0.91374105 -59.51325989 94.87693787 3.85996127 -73.85942841 94.8079071 -3.83717799 -73.94169617 94.87693787 -3.85996127 -73.85942841 95.93798828 5.58673191 -72.5949173 106.94644165 1.06026244 -59.47554779 94.8079071 3.83717799 -73.94169617 95.94950867 5.69503832 -72.58118439 94.73823547 3.81978035 -74.02472687 94.73823547 -3.81978035 -74.02472687 95.95754242 5.80410385 -72.5716095 107.40653992 5.8903389 -58.92722702 94.66809082 3.80781126 -74.10832214 94.59764862 -3.80130053 -74.19226837 94.66809082 -3.80781126 -74.10832214 95.96207428 5.91365767 -72.56621552 107.40477753 6 -58.92932129 94.59764862 3.80130053 -74.19226837 95.96308136 6.02342606 -72.56501007 107.40653992 6.1096611 -58.92722702 94.52708435 3.80026484 -74.27635956 94.52708435 -3.80026484 -74.27635956 95.96057129 6.13313627 -72.56800079 107.41181183 6.21904945 -58.92094803 94.45658112 3.80470634 -74.36038971 94.45658112 -3.80470634 -74.36038971 95.95454407 6.24251509 -72.57518768 107.420578 6.32789278 -58.91049957 94.38629913 3.8146143 -74.4441452 94.31642914 -3.82996368 -74.52741241 94.38629913 -3.8146143 -74.4441452 95.94501495 6.35128975 -72.58654022 107.43282318 6.43592167 -58.89590836 94.31642914 3.82996368 -74.52741241 95.93201447 6.45918989 -72.60203552 107.44850922 6.54286623 -58.87720871 94.24713898 3.85071659 -74.60999298 94.24713898 -3.85071659 -74.60999298 95.91557312 6.56594658 -72.62163544 107.46760559 6.64846134 -58.85445023 94.1785965 3.87682104 -74.69167328 94.1785965 -3.87682104 -74.69167328 95.89572144 6.67129421 -72.64528656 94.11097717 3.90821242 -74.77226257 94.04444885 -3.94481206 -74.85154724 94.11097717 -3.90821242 -74.77226257 94.04444885 3.94481206 -74.85154724 93.97917938 3.98652935 -74.92933655 93.97917938 -3.98652935 -74.92933655 93.91532898 4.03325987 -75.00543213 93.85305023 -4.08488798 -75.07964325 93.91532898 -4.03325987 -75.00543213 93.85305023 4.08488798 -75.07964325 93.79251099 -4.14128447 -75.15179443 93.79251099 4.14128447 -75.15179443 93.73384857 4.20230913 -75.22170258 93.73384857 -4.20230913 -75.22170258 93.67722321 4.26781034 -75.2891922 93.62276459 -4.33762455 -75.35408783 93.67722321 -4.26781034 -75.2891922 93.62276459 4.33762455 -75.35408783 93.57061768 4.41157818 -75.41623688 93.57061768 -4.41157818 -75.41623688 93.52089691 4.48948669 -75.47548676 93.52089691 -4.48948669 -75.47548676 93.47374725 4.5711565 -75.53168488 93.47374725 -4.5711565 -75.53168488 93.42926788 4.65638399 -75.58469391 93.38758087 -4.74495745 -75.63437653 93.42926788 -4.65638399 -75.58469391 93.38758087 4.74495745 -75.63437653 93.3487854 4.83665562 -75.68061066 93.3487854 -4.83665562 -75.68061066 93.31297302 4.93125057 -75.72328186 93.28024292 -5.02850676 -75.76229095 93.31297302 -4.93125057 -75.72328186 93.28024292 5.02850676 -75.76229095 93.25067139 5.12818193 -75.79753113 95.1775589 8.13709164 -73.50115967 95.11573792 8.01561546 -73.57483673 95.17966461 7.96912622 -73.4986496 95.24201965 7.91773367 -73.42433929 95.23539734 8.26322174 -73.43222809 95.30265045 7.86156559 -73.3520813 95.28911591 8.39368916 -73.36820984 95.36139679 7.80076265 -73.28206635 95.41812897 7.73547554 -73.21445465 95.33857727 8.52816963 -73.30926514 95.4726944 7.66586685 -73.14942932 95.38365936 8.66632748 -73.25553894 95.52496338 7.59211063 -73.08714294 95.42424011 8.80781555 -73.20717621 95.57479858 7.51438999 -73.02774811 95.62207794 7.43289852 -72.9713974 95.4602356 8.95228291 -73.16428375 95.66668701 7.34783888 -72.91823578 95.491539 9.09936714 -73.12696838 95.70851898 7.25942326 -72.86838531 95.51808167 9.24870014 -73.09533691 95.74745941 7.16787148 -72.82198334 95.53979492 9.39991093 -73.06945801 95.78341675 7.07341194 -72.77912903 95.556633 9.55262089 -73.04940033 95.81629181 6.97627974 -72.73994446 95.84602356 6.87671661 -72.70451355 95.56853485 9.7064476 -73.03520966 95.87252045 6.77497005 -72.67293549 95.57548523 9.86100864 -73.02693176 107.49006653 6.75244427 -58.82768631 95.57746124 10.01591587 -73.02457428 107.51582336 6.85455656 -58.79698563 95.57446289 10.170784 -73.02814484 107.54482269 6.95454407 -58.76242447 95.56649017 10.32522488 -73.03764343 107.57698822 7.05215883 -58.72409058 95.55357361 10.47885418 -73.05303955 107.61224365 7.14715767 -58.6820755 95.53573608 10.63128662 -73.07430267 107.65050507 7.23930407 -58.63648224 93.17222595 6.96718979 -75.89102173 93.21637726 6.73598051 -75.83840942 93.24163055 6.83848667 -75.80830383 93.27014923 6.93890476 -75.77432251 95.51302338 10.78214264 -73.10137177 107.69166565 7.32836962 -58.58742905 93.07534027 7.00305128 -76.00648499 93.19443512 6.63164186 -75.86455536 95.48549652 10.93104458 -73.13417816 107.73562622 7.4141326 -58.53503799 92.97972107 7.04639912 -76.12043762 93.16072083 6.41850996 -75.90473175 93.17586517 6.52573061 -75.8866806 95.45321655 11.07762051 -73.17263794 107.78227997 7.49637985 -58.47943497 92.88562012 7.09712458 -76.23258209 93.14902496 6.31024742 -75.91867065 95.41627502 11.22150421 -73.21666718 107.83151245 7.5749073 -58.42076111 92.7932663 7.15510178 -76.34265137 93.14082336 6.20121241 -75.92844391 95.37475586 11.36233807 -73.2661438 107.8832016 7.64951849 -58.35916138 92.70288086 7.22018576 -76.45036316 93.1349411 5.98191166 -75.93545532 93.13612366 6.09167624 -75.93404388 95.32876587 11.4997673 -73.32095337 107.93721771 7.72002935 -58.29479218 92.61470795 7.29221344 -76.55544281 93.13728333 5.87219238 -75.93266296 95.27842712 11.63345051 -73.38095093 107.99342346 7.78626347 -58.22780609 92.52895355 7.37100506 -76.65763855 93.1431427 5.76279116 -75.92568207 95.22384644 11.76305389 -73.44599152 108.05168152 7.84805679 -58.1583786 92.44583893 7.45636415 -76.75669861 93.15249634 5.65398073 -75.91453552 95.16517639 11.88825226 -73.51591492 108.11184692 7.90525579 -58.08667374 92.36557007 7.54807758 -76.85235596 93.16532898 5.54603195 -75.89923859 95.10256195 12.0087347 -73.59053802 108.17377472 7.9577179 -58.0128746 108.23729706 8.00531292 -57.93716812 92.28834534 7.64591551 -76.94438934 93.20129395 5.33379126 -75.85637665 93.18161011 5.43921328 -75.87983704 95.03614807 12.12419891 -73.66968536 108.30227661 8.04792213 -57.85973358 92.2143631 7.74963379 -77.03256226 93.22433472 5.23002815 -75.82891846 94.96611786 12.23435688 -73.75315094 108.36853027 8.08544064 -57.78076935 92.14379883 7.85897398 -77.11665344 94.89263153 12.33893299 -73.84072113 108.43591309 8.11777306 -57.70047379 92.07683563 7.9736619 -77.19645691 92.01364136 -8.0934124 -77.27177429 94.81587982 12.43766689 -73.93218994 108.50424194 8.14484119 -57.61903763 92.01364136 8.0934124 -77.27177429 94.73605347 12.53031158 -74.02732849 108.573349 8.16657734 -57.5366745 91.95436859 8.21792507 -77.34240723 94.65335083 12.61663532 -74.12588501 94.56797791 12.69642258 -74.22763062 94.48014832 12.76947498 -74.33229828 94.39008331 12.83560848 -74.43963623 94.29801178 12.89465809 -74.54936218 94.20415497 12.94647789 -74.66121674 91.89916992 8.3468895 -77.40818787 91.84818268 8.47998333 -77.46895599 91.80153656 8.61687374 -77.52454376 91.75933838 8.75722027 -77.5748291 91.72171021 8.90067005 -77.61968231 91.68872833 9.04686642 -77.65898132 91.66048431 9.19544411 -77.69264221 91.63704681 9.34603119 -77.72057343 91.61847687 9.49825191 -77.7427063 91.60482025 9.65172672 -77.7589798 91.59610748 9.80607128 -77.7693634 91.59236145 9.96089935 -77.7738266 91.59359741 10.11582565 -77.77236176 91.59980774 10.27046299 -77.76496124 91.61096954 10.42442417 -77.75165558 91.62706757 10.57732487 -77.73246765 91.64805603 10.72878456 -77.7074585 91.67388153 10.87842274 -77.67668152 91.7044754 11.02586746 -77.64021301 91.73977661 11.17074871 -77.59815216 91.77967834 11.31270599 -77.55059814 91.82408905 11.45138359 -77.49766541 91.87290192 11.58643532 -77.43949127 91.92599487 11.71752548 -77.3762207 91.98322296 11.84432411 -77.30801392 92.04445648 11.96651649 -77.23503876 92.10954285 12.08379555 -77.15747833 92.17830658 12.19586945 -77.07552338 92.25058746 12.30245876 -76.98938751 92.32620239 12.40329552 -76.8992691 92.40496063 12.49812984 -76.80541229 92.48666382 12.58672333 -76.70803833 92.57111359 12.66885471 -76.60739899 92.65809631 12.74431992 -76.5037384 92.74739075 12.81293011 -76.39732361 92.83877563 12.87451267 -76.288414 92.93202972 12.92891502 -76.17727661 93.02690887 12.97600079 -76.06420135 93.1231842 13.01565266 -75.94946289 93.22061157 13.04777145 -75.83335114 93.31895447 13.07227707 -75.71615601 93.41795349 13.08910847 -75.59816742 93.51737976 13.09822273 -75.47969055 93.61696625 13.09959698 -75.36100006 93.71647644 13.09322929 -75.24241638 93.81565094 13.07913494 -75.12421417 93.91425323 13.05734825 -75.00670624 94.01203918 13.02792454 -74.89017487 94.10874939 12.99093628 -74.7749176 93.81565094 -13.07913494 -75.12421417 93.91425323 -13.05734825 -75.00670624 94.01203918 -13.02792454 -74.89017487 94.10874939 -12.99093628 -74.7749176 43 -28.53612137 1.57490706 43 -28.61271477 1.49637997 43 -34 6.69999981 43 -28.45570946 1.64951861 43 -28.68529701 1.41413271 43 -28.3716774 1.72002923 43 -28.75369072 1.32836974 43 -35 5.69999981 43 -28.28423691 1.78626359 43 -28.81772614 1.23930418 43 -28.19360161 1.84805703 43 -28.87723923 1.14715743 43 -28.10000038 1.90525591 43 -28.93208694 1.05215871 43 -28.00366402 1.95771801 43 -28.98213196 0.95454425 43 -27.90483093 2.00531292 43 -29.02724838 0.85455656 43 -27.80375099 2.04792213 43 -29.06732368 0.75244433 43 -27.70067024 2.08544016 43 -29.10226059 0.6484614 43 -27.59584808 2.11777329 43 -29.13196945 0.54286629 43 -27.48954582 2.14484143 43 -29.1563797 0.43592152 43 -27.38202667 2.1665771 43 -29.17542839 0.32789299 43 -27.27355576 2.18292618 43 -29.18906784 0.21904926 43 -27.16440582 2.19384837 43 -29.19726562 0.10966095 43 -27.05484772 2.19931626 43 -29.20000076 0 43 -26.94515228 2.19931626 43 -29.19726562 -0.10966095 43 -26.83559418 2.19384837 43 -29.18906784 -0.21904926 43 -26.72644424 2.18292618 43 -29.17542839 -0.32789299 43 -26.61797333 2.1665771 43 -29.1563797 -0.43592152 43 -26.51045418 2.14484143 43 -29.13196945 -0.54286629 43 -29.10226059 -0.6484614 43 -29.06732368 -0.75244433 43 -29.02724838 -0.85455656 43 -28.98213196 -0.95454425 43 -28.93208694 -1.05215871 43 -28.87723923 -1.14715743 43 -28.81772614 -1.23930418 43 -28.75369072 -1.32836974 43 -28.68529701 -1.41413271 43 -28.61271477 -1.49637997 43 -28.53612137 -1.57490706 43 -28.45570946 -1.64951861 43 -28.3716774 -1.72002923 43 -28.28423691 -1.78626359 43 -28.19360161 -1.84805703 43 -28.10000038 -1.90525591 43 -28.00366402 -1.95771801 43 -27.90483093 -2.00531292 43 -27.80375099 -2.04792213 43 -27.70067024 -2.08544016 43 -27.59584808 -2.11777329 43 -27.48954582 -2.14484143 43 -27.38202667 -2.1665771 43 -27.27355576 -2.18292618 43 -27.16440582 -2.19384837 43 -27.05484772 -2.19931626 43 -26.94515228 -2.19931626 43 -26.83559418 -2.19384837 43 -26.72644424 -2.18292618 43 -26.61797333 -2.1665771 43 -26.51045418 -2.14484143 43 -25.80639839 1.84805703 43 -17.84852791 2.44852805 43 -25.71576309 1.78626359 43 -17.80587006 2.48914146 43 -17.88914108 2.40587068 43 -25.6283226 1.72002923 43 -25.89999962 1.90525591 43 -17.76127243 2.52761245 43 -17.9276123 2.36127186 43 -25.54429054 1.64951861 43 -17.96384811 2.31483912 43 -25.46387863 1.57490706 43 -25.99633598 1.95771801 43 -17.71483994 2.56384897 43 -17.99776268 2.26668429 43 -25.38728523 1.49637997 43 -26.09516907 2.00531292 43 -17.6666851 2.59776354 43 -18.02927399 2.21692324 43 -25.31470299 1.41413271 43 -26.19624901 2.04792213 43 -17.61692238 2.62927437 43 -18.05830574 2.16567612 43 -26.29932976 2.08544016 43 -17.56567574 2.65830541 43 -18.08478737 2.1130662 43 -25.24630928 1.32836974 43 -26.40415192 2.11777329 43 -17.51306534 2.68478703 43 -18.10865593 2.05922008 43 -25.18227386 1.23930418 43 -17.45922089 2.70865536 43 -18.12985229 2.00426793 43 -25.12276077 1.14715743 43 -17.40426826 2.72985291 43 -18.14832878 1.94834161 43 -25.06791306 1.05215871 43 -17.34834099 2.74832845 43 -18.1640377 1.89157617 43 -25.01786804 0.95454425 43 -17.29157639 2.76403761 43 -18.17694283 1.83410835 43 -17.23410797 2.77694225 43 -18.18701172 1.77607656 43 -24.97275162 0.85455656 43 -17.17607689 2.78701186 43 -18.1942215 1.71762061 43 -24.93267632 0.75244433 43 -17.11762047 2.79422164 43 -18.19855499 1.65888119 43 -24.89773941 0.6484614 43 -17.05888176 2.79855466 43 -18.20000076 1.60000002 43 -24.86803055 0.54286629 43 -24.8436203 0.43592152 43 -24.82457161 0.32789299 43 -24.81093216 0.21904926 43 -24.80273438 0.10966095 43 -24.79999924 0 43 -17 2.79999995 43 -13.80000019 2.79999995 43 -18.20000076 -1.60000002 43 -24.80273438 -0.10966095 43 -24.81093216 -0.21904926 43 -24.82457161 -0.32789299 43 -24.8436203 -0.43592152 43 -24.86803055 -0.54286629 43 -24.89773941 -0.6484614 43 -18.19855499 -1.65888119 43 -24.93267632 -0.75244433 43 -18.1942215 -1.71762061 43 -24.97275162 -0.85455656 43 -18.18701172 -1.77607656 43 -25.01786804 -0.95454425 43 -18.17694283 -1.83410835 43 -18.1640377 -1.89157617 43 -25.06791306 -1.05215871 43 -18.14832878 -1.94834161 43 -25.12276077 -1.14715743 43 -18.12985229 -2.00426793 43 -25.18227386 -1.23930418 43 -18.10865593 -2.05922008 43 -25.24630928 -1.32836974 43 -18.08478737 -2.1130662 43 -25.31470299 -1.41413271 43 -18.05830574 -2.16567612 43 -18.02927399 -2.21692324 43 -25.38728523 -1.49637997 43 -17.99776268 -2.26668429 43 -25.46387863 -1.57490706 43 -17.96384811 -2.31483912 43 -25.54429054 -1.64951861 43 -17.9276123 -2.36127186 43 -25.6283226 -1.72002923 43 -17.88914108 -2.40587068 43 -25.71576309 -1.78626359 43 -17.84852791 -2.44852805 43 -25.80639839 -1.84805703 43 -17.80587006 -2.48914146 43 -17.76127243 -2.52761245 43 -25.89999962 -1.90525591 43 -17.71483994 -2.56384897 43 -25.99633598 -1.95771801 43 -17.6666851 -2.59776354 43 -26.09516907 -2.00531292 43 -17.61692238 -2.62927437 43 -26.19624901 -2.04792213 43 -17.56567574 -2.65830541 43 -26.29932976 -2.08544016 43 -17.51306534 -2.68478703 43 -26.40415192 -2.11777329 43 -17.45922089 -2.70865536 43 -17.40426826 -2.72985291 43 -17.34834099 -2.74832845 43 -17.29157639 -2.76403761 43 -17.23410797 -2.77694225 43 -17.17607689 -2.78701186 43 -17.11762047 -2.79422164 43 -17.05888176 -2.79855466 43 -17 -2.79999995 43 -13.80000019 -2.79999995 43 -12.95147228 2.44852805 43 12.95147228 2.44852805 43 -12.91085911 2.40587068 43 12.91085911 2.40587068 43 -12.99412918 2.48914146 43 12.99412918 2.48914146 43 -13.03872776 2.52761245 43 13.03872776 2.52761245 43 12.87238789 2.36127186 43 -12.87238789 2.36127186 43 12.83615112 2.31483912 43 -12.83615112 2.31483912 43 -13.08516121 2.56384897 43 13.08516121 2.56384897 43 12.80223656 2.26668429 43 -12.80223656 2.26668429 43 -12.77072525 2.21692324 43 13.13331604 2.59776354 43 -13.13331604 2.59776354 43 -13.18307686 2.62927437 43 13.18307686 2.62927437 43 12.77072525 2.21692324 43 -13.2343235 2.65830541 43 13.2343235 2.65830541 43 12.74169445 2.16567612 43 -12.74169445 2.16567612 43 12.71521282 2.1130662 43 -12.71521282 2.1130662 43 -13.2869339 2.68478703 43 13.2869339 2.68478703 43 12.69134426 2.05922008 43 -12.69134426 2.05922008 43 -13.34078026 2.70865536 43 13.34078026 2.70865536 43 12.67014694 2.00426793 43 -12.67014694 2.00426793 43 -12.65167141 1.94834161 43 -13.39573193 2.72985291 43 13.39573193 2.72985291 43 -13.45165825 2.74832845 43 12.65167141 1.94834161 43 -12.63596249 1.89157617 43 13.45165825 2.74832845 43 -13.50842381 2.76403761 43 13.50842381 2.76403761 43 12.63596249 1.89157617 43 12.62305737 1.83410835 43 -12.62305737 1.83410835 43 12.61298847 1.77607656 43 -12.61298847 1.77607656 43 12.60577869 1.71762061 43 -12.60577869 1.71762061 43 -12.6014452 1.65888119 43 12.6014452 1.65888119 43 12.60000038 1.60000002 43 -12.60000038 1.60000002 43 12.60000038 -1.60000002 43 -12.60000038 -1.60000002 43 12.6014452 -1.65888119 43 -12.6014452 -1.65888119 43 12.60577869 -1.71762061 43 -12.60577869 -1.71762061 43 12.61298847 -1.77607656 43 -12.61298847 -1.77607656 43 -12.62305737 -1.83410835 43 12.62305737 -1.83410835 43 -12.63596249 -1.89157617 43 12.63596249 -1.89157617 43 12.65167141 -1.94834161 43 -12.65167141 -1.94834161 43 12.67014694 -2.00426793 43 -12.67014694 -2.00426793 43 -12.69134426 -2.05922008 43 12.69134426 -2.05922008 43 -12.71521282 -2.1130662 43 12.71521282 -2.1130662 43 -12.74169445 -2.16567612 43 12.74169445 -2.16567612 43 -12.77072525 -2.21692324 43 12.77072525 -2.21692324 43 -12.80223656 -2.26668429 43 12.80223656 -2.26668429 43 12.83615112 -2.31483912 43 -12.83615112 -2.31483912 43 -12.87238789 -2.36127186 43 12.87238789 -2.36127186 43 -12.91085911 -2.40587068 43 12.91085911 -2.40587068 43 12.95147228 -2.44852805 43 -12.95147228 -2.44852805 43 12.99412918 -2.48914146 43 -12.99412918 -2.48914146 43 13.03872776 -2.52761245 43 -13.03872776 -2.52761245 43 -13.08516121 -2.56384897 43 13.08516121 -2.56384897 43 -13.13331604 -2.59776354 43 13.13331604 -2.59776354 43 13.18307686 -2.62927437 43 -13.18307686 -2.62927437 43 -13.2343235 -2.65830541 43 13.2343235 -2.65830541 43 13.2869339 -2.68478703 43 -13.2869339 -2.68478703 43 -13.34078026 -2.70865536 43 13.34078026 -2.70865536 43 13.39573193 -2.72985291 43 -13.39573193 -2.72985291 43 13.45165825 -2.74832845 43 -13.45165825 -2.74832845 43 13.50842381 -2.76403761 43 -13.50842381 -2.76403761 43 17.96384811 2.31483912 43 25.46387863 1.57490706 43 17.99776268 2.26668429 43 25.38728523 1.49637997 43 18.02927399 2.21692324 43 17.9276123 2.36127186 43 25.54429054 1.64951861 43 25.31470299 1.41413271 43 18.05830574 2.16567612 43 18.08478737 2.1130662 43 25.6283226 1.72002923 43 17.88914108 2.40587068 43 25.24630928 1.32836974 43 18.10865593 2.05922008 43 25.71576309 1.78626359 43 17.84852791 2.44852805 43 25.18227386 1.23930418 43 18.12985229 2.00426793 43 25.80639839 1.84805703 43 17.80587006 2.48914146 43 17.76127243 2.52761245 43 25.12276077 1.14715743 43 18.14832878 1.94834161 43 25.89999962 1.90525591 43 17.71483994 2.56384897 43 25.06791306 1.05215871 43 18.1640377 1.89157617 43 17.6666851 2.59776354 43 25.99633598 1.95771801 43 18.17694283 1.83410835 43 25.01786804 0.95454425 43 18.18701172 1.77607656 43 26.09516907 2.00531292 43 17.61692238 2.62927437 43 24.97275162 0.85455656 43 18.1942215 1.71762061 43 26.19624901 2.04792213 43 17.56567574 2.65830541 43 24.93267632 0.75244433 43 18.19855499 1.65888119 43 26.29932976 2.08544016 43 17.51306534 2.68478703 43 24.89773941 0.6484614 43 18.20000076 1.60000002 43 26.40415192 2.11777329 43 17.45922089 2.70865536 43 24.86803055 0.54286629 43 26.51045418 2.14484143 43 24.8436203 0.43592152 43 24.82457161 0.32789299 43 24.81093216 0.21904926 43 24.80273438 0.10966095 43 24.79999924 0 43 18.20000076 -1.60000002 43 24.80273438 -0.10966095 43 24.81093216 -0.21904926 43 24.82457161 -0.32789299 43 24.8436203 -0.43592152 43 24.86803055 -0.54286629 43 24.89773941 -0.6484614 43 18.19855499 -1.65888119 43 24.93267632 -0.75244433 43 18.1942215 -1.71762061 43 24.97275162 -0.85455656 43 18.18701172 -1.77607656 43 18.17694283 -1.83410835 43 25.01786804 -0.95454425 43 18.1640377 -1.89157617 43 25.06791306 -1.05215871 43 18.14832878 -1.94834161 43 25.12276077 -1.14715743 43 18.12985229 -2.00426793 43 25.18227386 -1.23930418 43 18.10865593 -2.05922008 43 25.24630928 -1.32836974 43 18.08478737 -2.1130662 43 25.31470299 -1.41413271 43 18.05830574 -2.16567612 43 18.02927399 -2.21692324 43 25.38728523 -1.49637997 43 17.99776268 -2.26668429 43 25.46387863 -1.57490706 43 17.96384811 -2.31483912 43 25.54429054 -1.64951861 43 17.9276123 -2.36127186 43 34 6.69999981 43 26.61797333 2.1665771 43 13.74111843 2.79855466 43 13.80000019 2.79999995 43 26.72644424 2.18292618 43 26.83559418 2.19384837 43 26.94515228 2.19931626 43 27.05484772 2.19931626 43 27.16440582 2.19384837 43 27.27355576 2.18292618 43 27.38202667 2.1665771 43 27.48954582 2.14484143 43 27.59584808 2.11777329 43 27.70067024 2.08544016 43 27.80375099 2.04792213 43 27.90483093 2.00531292 43 28.00366402 1.95771801 43 28.10000038 1.90525591 43 28.19360161 1.84805703 43 28.28423691 1.78626359 43 28.3716774 1.72002923 43 28.45570946 1.64951861 43 28.53612137 1.57490706 43 28.61271477 1.49637997 43 28.68529701 1.41413271 43 17 2.79999995 43 17.40426826 2.72985291 43 17.34834099 2.74832845 43 17.29157639 2.76403761 43 17.23410797 2.77694225 43 17.17607689 2.78701186 43 17.11762047 2.79422164 43 17.05888176 2.79855466 43 25.6283226 -1.72002923 43 17.88914108 -2.40587068 43 28.75369072 1.32836974 43 25.71576309 -1.78626359 43 17.84852791 -2.44852805 43 25.80639839 -1.84805703 43 17.80587006 -2.48914146 43 17.76127243 -2.52761245 43 25.89999962 -1.90525591 43 17.71483994 -2.56384897 43 25.99633598 -1.95771801 43 17.6666851 -2.59776354 43 26.09516907 -2.00531292 43 17.61692238 -2.62927437 43 26.19624901 -2.04792213 43 17.56567574 -2.65830541 43 26.29932976 -2.08544016 43 17.51306534 -2.68478703 43 26.40415192 -2.11777329 43 17.45922089 -2.70865536 43 26.51045418 -2.14484143 43 35 5.69999981 43 28.81772614 1.23930418 43 28.87723923 1.14715743 43 28.93208694 1.05215871 43 28.98213196 0.95454425 43 29.02724838 0.85455656 43 29.06732368 0.75244433 43 29.10226059 0.6484614 43 29.13196945 0.54286629 43 29.1563797 0.43592152 43 29.17542839 0.32789299 43 29.18906784 0.21904926 43 29.19726562 0.10966095 43 29.20000076 0 43 29.19726562 -0.10966095 43 29.18906784 -0.21904926 43 29.17542839 -0.32789299 43 29.1563797 -0.43592152 43 29.13196945 -0.54286629 43 29.10226059 -0.6484614 43 29.06732368 -0.75244433 43 29.02724838 -0.85455656 43 28.98213196 -0.95454425 43 28.93208694 -1.05215871 43 28.87723923 -1.14715743 43 28.81772614 -1.23930418 43 28.75369072 -1.32836974 43 13.80000019 -2.79999995 43 13.74111843 -2.79855466 43 28.68529701 -1.41413271 43 28.61271477 -1.49637997 43 28.53612137 -1.57490706 43 28.45570946 -1.64951861 43 28.3716774 -1.72002923 43 28.28423691 -1.78626359 43 28.19360161 -1.84805703 43 28.10000038 -1.90525591 43 28.00366402 -1.95771801 43 27.90483093 -2.00531292 43 27.80375099 -2.04792213 43 27.70067024 -2.08544016 43 27.59584808 -2.11777329 43 17.05888176 -2.79855466 43 17 -2.79999995 43 27.48954582 -2.14484143 43 17.11762047 -2.79422164 43 27.38202667 -2.1665771 43 17.17607689 -2.78701186 43 27.27355576 -2.18292618 43 17.23410797 -2.77694225 43 27.16440582 -2.19384837 43 17.29157639 -2.76403761 43 27.05484772 -2.19931626 43 17.34834099 -2.74832845 43 17.40426826 -2.72985291 43 26.94515228 -2.19931626 43 26.83559418 -2.19384837 43 26.72644424 -2.18292618 43 26.61797333 -2.1665771 43 -13.74111843 2.79855466 43 -13.68237972 2.79422164 43 -13.6239233 2.78701186 43 -13.56589127 2.77694225 43 13.68237972 2.79422164 43 13.6239233 2.78701186 43 13.56589127 2.77694225 43 -13.74111843 -2.79855466 43 -13.68237972 -2.79422164 43 -13.6239233 -2.78701186 43 -13.56589127 -2.77694225 43 13.68237972 -2.79422164 43 13.6239233 -2.78701186 43 13.56589127 -2.77694225 51 -34 6.69999981 51 -35 5.69999981 52.24398041 -33.12252045 6.44999981 52 -33 6.69999981 51.99879456 -33.04906845 6.69999981 51.99518585 -33.09801865 6.69999981 51.9891777 -33.14673233 6.69999981 52.22598267 -33.24386215 6.44999981 51.98078537 -33.19509125 6.69999981 51.97003174 -33.24298096 6.69999981 52.19617462 -33.362854 6.44999981 51.9569397 -33.2902832 6.69999981 51.94154358 -33.33689117 6.69999981 52.49277878 -33.14702606 6.19999981 53 -33 5.69999981 52.15485001 -33.47835541 6.44999981 51.92387772 -33.3826828 6.69999981 51.90398788 -33.42755508 6.69999981 52.47117615 -33.29263687 6.19999981 52.10240173 -33.58924484 6.44999981 51.88191986 -33.4713974 6.69999981 51.85772705 -33.51410294 6.69999981 52.43540955 -33.43542862 6.19999981 52.74157333 -33.17153168 5.94999981 52.97835159 -33.29346085 5.69999981 52.99036789 -33.19603348 5.69999981 52.99758911 -33.0981369 5.69999981 52.03933716 -33.69446182 6.44999981 51.83147049 -33.5555687 6.69999981 51.8032074 -33.59569931 6.69999981 52.38581848 -33.5740242 6.19999981 52.71637344 -33.34140778 5.94999981 52.94006348 -33.48596191 5.69999981 52.96157074 -33.3901825 5.69999981 51.96626282 -33.79299164 6.44999981 51.77301025 -33.63439178 6.69999981 51.74095154 -33.67155838 6.69999981 52.32288361 -33.7070961 6.19999981 52.67464447 -33.50799942 5.94999981 52.88308716 -33.67377853 5.69999981 52.91387939 -33.58057022 5.69999981 51.88388443 -33.88388443 6.44999981 51.70710754 -33.70710754 6.69999981 51.67155838 -33.74095154 6.69999981 52.24720383 -33.83335495 6.19999981 52.61679077 -33.66969681 5.94999981 52.80797958 -33.85511017 5.69999981 52.84775925 -33.7653656 5.69999981 51.79299164 -33.96626282 6.44999981 51.63439178 -33.77301025 6.69999981 51.59569931 -33.8032074 6.69999981 52.15951538 -33.95159149 6.19999981 52.54336166 -33.82494354 5.94999981 52.71545792 -34.02820587 5.69999981 52.76384354 -33.9427948 5.69999981 51.69446182 -34.03933716 6.44999981 51.5555687 -33.83147049 6.69999981 51.51410294 -33.85772705 6.69999981 52.06066132 -34.06066132 6.19999981 52.4550705 -33.97224808 5.94999981 52.60641479 -34.19139862 5.69999981 52.66294098 -34.1111412 5.69999981 51.58924484 -34.10240173 6.44999981 51.4713974 -33.88191986 6.69999981 51.42755508 -33.90398788 6.69999981 51.95159149 -34.15951538 6.19999981 52.35276794 -34.11018753 5.94999981 52.48190308 -34.34311676 5.69999981 52.54602051 -34.26878738 5.69999981 51.47835541 -34.15485001 6.44999981 51.3826828 -33.92387772 6.69999981 51.33689117 -33.94154358 6.69999981 51.83335495 -34.24720383 6.19999981 52.2374382 -34.2374382 5.94999981 52.34311676 -34.48190308 5.69999981 52.41421509 -34.41421509 5.69999981 51.362854 -34.19617462 6.44999981 51.2902832 -33.9569397 6.69999981 51.24298096 -33.97003174 6.69999981 51.7070961 -34.32288361 6.19999981 52.11018753 -34.35276794 5.94999981 52.19139862 -34.60641479 5.69999981 52.26878738 -34.54602051 5.69999981 51.24386215 -34.22598267 6.44999981 51.19509125 -33.98078537 6.69999981 51.14673233 -33.9891777 6.69999981 51.5740242 -34.38581848 6.19999981 51.97224808 -34.4550705 5.94999981 52.02820587 -34.71545792 5.69999981 52.1111412 -34.66294098 5.69999981 51.12252045 -34.24398041 6.44999981 51.09801865 -33.99518585 6.69999981 51.04906845 -33.99879456 6.69999981 51.43542862 -34.43540955 6.19999981 51.82494354 -34.54336166 5.94999981 51.85511017 -34.80797958 5.69999981 51.9427948 -34.76384354 5.69999981 51.29263687 -34.47117615 6.19999981 51.66969681 -34.61679077 5.94999981 51.67377853 -34.88308716 5.69999981 51.7653656 -34.84775925 5.69999981 51.14702606 -34.49277878 6.19999981 51.50799942 -34.67464447 5.94999981 51.48596191 -34.94006348 5.69999981 51.58057022 -34.91387939 5.69999981 51.34140778 -34.71637344 5.94999981 51.29346085 -34.97835159 5.69999981 51.3901825 -34.96157074 5.69999981 51.17153168 -34.74157333 5.94999981 51.0981369 -34.99758911 5.69999981 51.19603348 -34.99036789 5.69999981 53 -17 5.69999981 52 -17 6.69999981 54.80396652 -15.0096302 5.69999981 54.77946091 -14.76083469 5.94999981 54.70653915 -15.02164745 5.69999981 54.9018631 -15.00240898 5.69999981 55 -15 5.69999981 54.5610466 -14.79323292 5.94999981 54.6098175 -15.03842926 5.69999981 54.51403809 -15.05993748 5.69999981 55 -14 6.69999981 54.75495529 -14.51203823 6.19999981 54.41942978 -15.08611965 5.69999981 54.34685898 -14.84688377 5.94999981 54.32622147 -15.11691189 5.69999981 54.5122757 -14.54803658 6.19999981 54.85279846 -14.00361347 6.69999981 54.73045349 -14.26324177 6.44999981 54.70594788 -14.01444626 6.69999981 54.55980682 -14.0324707 6.69999981 54.2346344 -15.15224075 5.69999981 54.13896179 -14.92127132 5.94999981 54.14488983 -15.19202137 5.69999981 54.27428818 -14.60764885 6.19999981 54.41473007 -14.05764389 6.69999981 54.46350098 -14.30284023 6.44999981 54.27106094 -14.08990669 6.69999981 53.93935776 -15.01567745 5.94999981 54.0572052 -15.23615742 5.69999981 53.97179413 -15.28454304 5.69999981 54.043293 -14.69030094 6.19999981 54.12914658 -14.129179 6.69999981 54.20171738 -14.36841393 6.44999981 53.98933029 -14.17536736 6.69999981 53.74996567 -15.12919331 5.94999981 53.8888588 -15.33706093 5.69999981 53.80860138 -15.39358521 5.69999981 53.8215065 -14.79519653 6.19999981 53.94762039 -14.45933151 6.44999981 53.8519516 -14.22836113 6.69999981 53.71733475 -14.28803253 6.69999981 53.73121262 -15.45397949 5.69999981 53.57261658 -15.26072693 5.94999981 53.65688324 -15.51809788 5.69999981 53.61107254 -14.92132568 6.19999981 53.58581161 -14.3542366 6.69999981 53.70365906 -14.57471657 6.44999981 53.45769119 -14.42681408 6.69999981 53.58578491 -15.58578682 5.69999981 53.40900803 -15.40900993 5.94999981 53.51809692 -15.65688229 5.69999981 53.41401672 -15.06747341 6.19999981 53.47218323 -14.71345901 6.44999981 53.3332901 -14.50559139 6.69999981 53.21290207 -14.59037781 6.69999981 53.45397949 -15.73121357 5.69999981 53.26072693 -15.57261467 5.94999981 53.39358521 -15.80860138 5.69999981 53.23223114 -15.23223305 6.19999981 53.09682083 -14.68096828 6.69999981 53.25541687 -14.87422085 6.44999981 52.98532486 -14.77714634 6.69999981 53.33705902 -15.88885975 5.69999981 53.12919235 -15.74996662 5.94999981 53.28454208 -15.97179413 5.69999981 53.06747437 -15.41401672 6.19999981 52.87868118 -14.87867928 6.69999981 53.05545807 -15.05545616 6.44999981 52.77714539 -14.98532295 6.69999981 53.01567841 -15.93935776 5.94999981 53.23615646 -16.05720711 5.69999981 53.19202042 -16.14488983 5.69999981 52.92132568 -15.61107445 6.19999981 52.8742218 -15.25541878 6.44999981 52.68096924 -15.09681988 6.69999981 52.59037781 -15.21290207 6.69999981 52.92127228 -16.13896179 5.94999981 53.15224075 -16.23463249 5.69999981 53.11691284 -16.32621956 5.69999981 52.79519653 -15.82150841 6.19999981 52.71345901 -15.47218227 6.44999981 52.50559235 -15.33328915 6.69999981 52.42681503 -15.45769215 6.69999981 52.84688568 -16.34685898 5.94999981 53.08612061 -16.41942978 5.69999981 53.05993652 -16.51403999 5.69999981 52.69029999 -16.04329109 6.19999981 52.57471466 -15.70365906 6.44999981 52.3542366 -15.58580971 6.69999981 52.28803253 -15.71733475 6.69999981 52.79323196 -16.5610466 5.94999981 53.03842926 -16.60981941 5.69999981 53.02164841 -16.70653915 5.69999981 52.60765076 -16.27428818 6.19999981 52.45933151 -15.94762039 6.44999981 52.22836304 -15.85194969 6.69999981 52.17536926 -15.98933029 6.69999981 53.00241089 -16.90186501 5.69999981 52.76083374 -16.77946091 5.94999981 53.00963211 -16.80396652 5.69999981 52.54803848 -16.51227379 6.19999981 52.12917709 -16.12914658 6.69999981 52.36841583 -16.20171738 6.44999981 52.08990479 -16.27105904 6.69999981 52.51203918 -16.7549572 6.19999981 52.05764389 -16.41472816 6.69999981 52.30284119 -16.46350098 6.44999981 52.0324707 -16.55980873 6.69999981 52.01444626 -16.70594788 6.69999981 52.26324081 -16.73045349 6.44999981 52.00361252 -16.85279655 6.69999981 127.69999695 -15 5.69999981 127.69999695 -14 6.69999981 128.22276306 -14.66666698 6.00765181 127.94533539 -15 5.69397736 128.19007874 -15 5.67592382 128.43365479 -15 5.64588261 128.25543213 -14.33333302 6.33938026 128.5803833 -14 6.63505888 128.2881012 -14 6.67110825 127.99440765 -14 6.69277287 128.74047852 -14.66666698 5.9308548 128.67544556 -15 5.60392618 128.91490173 -15 5.55015612 128.80551147 -14.33333302 6.25778341 129.15788269 -14 6.52018738 128.87054443 -14 6.58471155 129.2481842 -14.66666698 5.80368185 129.15142822 -15 5.48470163 129.38444519 -15 5.40772009 129.34494019 -14.33333302 6.12266207 129.72134399 -14 6.34926462 129.44171143 -14 6.44164181 129.74098206 -14.66666698 5.62735748 129.61341858 -15 5.31939745 129.83776855 -15 5.21994638 129.86854553 -14.33333302 5.93531752 130.26533508 -14 6.1239357 129.99609375 -14 6.24327707 130.21411133 -14.66666698 5.40358019 130.05697632 -15 5.10960627 130.27050781 -15 4.98864317 130.37124634 -14.33333302 5.69755363 130.78462219 -14 5.84637165 130.52838135 -14 5.99152756 130.66304016 -14.66666698 5.1345048 130.47784424 -15 4.85734797 130.67849731 -15 4.71603775 130.84823608 -14.33333302 5.41166115 131.27420044 -14 5.51924515 131.03341675 -14 5.6888175 131.08343506 -14.66666698 4.82272243 130.8719635 -15 4.56505203 131.05780029 -15 4.40475559 131.29489136 -14.33333302 5.08039236 131.72935486 -14 5.14570665 131.50636292 -14 5.33806276 131.47123718 -14.66666698 4.47123623 131.23553467 -15 4.23553371 131.40475464 -15 4.05779457 131.7069397 -14.33333302 4.70693827 132.14570618 -14 4.7293539 131.94264221 -14 4.94264078 131.82272339 -14.66666698 4.08343077 131.56504822 -15 3.87196636 131.71603394 -15 3.6784966 132.08039856 -14.33333302 4.29489517 132.51924133 -14 4.27419567 132.33805847 -14 4.50635958 132.13450623 -14.66666698 3.66304135 131.85734558 -15 3.47785115 131.98864746 -15 3.27051377 132.41166687 -14.33333302 3.84823132 132.84637451 -14 3.78461647 132.68881226 -14 4.03342152 132.40357971 -14.66666698 3.21411586 132.10960388 -15 3.05698371 132.21994019 -15 2.83777547 132.69755554 -14.33333302 3.37124825 133.12393188 -14 3.26533055 132.99153137 -14 3.52838039 132.62736511 -14.66666698 2.74097824 132.31939697 -15 2.61341715 132.40771484 -15 2.38444924 132.93531799 -14.33333302 2.86853933 133.34925842 -14 2.72133923 133.24327087 -14 2.99610066 132.80368042 -14.66666698 2.24818492 132.48469543 -15 2.15142345 132.55015564 -15 1.9149009 133.12266541 -14.33333302 2.34494662 133.52018738 -14 2.15788102 133.44163513 -14 2.44170809 132.93086243 -14.66666698 1.74048173 132.60392761 -15 1.67545164 132.64588928 -15 1.4336524 133.25778198 -14.33333302 1.80551183 133.63505554 -14 1.58038282 133.5847168 -14 1.87054193 133.00764465 -14.66666698 1.22275805 132.69999695 -15 0.69999999 133.69999695 -14 0.69999999 132.67591858 -15 1.19008565 132.69396973 -15 0.94533837 133.33938599 -14.33333302 1.25543046 133.69277954 -14 0.99440604 133.67111206 -14 1.28810287 133.69999695 -14 -46.25477982 132.69999695 -15 -46.25477982 133.00683594 -14.66666698 -46.78580856 132.69378662 -15 -46.50400925 132.67515564 -15 -46.75261688 132.64414978 -15 -46.99999237 133.33850098 -14.33333302 -46.81899643 133.63298035 -14 -47.14903259 133.67018127 -14 -46.85218811 133.6925354 -14 -46.5538559 132.92758179 -14.66666698 -47.31155777 132.6008606 -15 -47.2455101 132.54537964 -15 -47.48856735 133.25431824 -14.33333302 -47.37760544 133.51446533 -14 -47.73532486 133.58103943 -14 -47.44365692 132.79638672 -14.66666698 -47.82680511 132.4778595 -15 -47.72855377 132.39846802 -15 -47.96487808 133.11491394 -14.33333302 -47.92506027 133.33815002 -14 -48.30690002 133.43344116 -14 -48.02331161 132.61453247 -14.66666698 -48.32643127 132.30738831 -15 -48.19695282 132.20484924 -15 -48.42419815 132.92169189 -14.33333302 -48.45590973 133.1058197 -14 -48.85808182 133.22885132 -14 -48.58538818 132.3838501 -14.66666698 -48.8054657 132.09111023 -15 -48.6460495 131.96646118 -15 -48.86195374 132.67658997 -14.33333302 -48.96488571 132.81974792 -14 -49.38338852 132.96932983 -14 -49.12430191 132.10661316 -14.66666698 -49.25915146 131.53022766 -15 -49.46871567 132.29626465 -14 -50.1115036 131.83119202 -15 -49.07138062 131.68566895 -15 -49.2737999 132.38201904 -14.33333302 -49.44692612 132.48278809 -14 -49.87760544 132.65744019 -14 -49.63470078 97.9414978 -15 -89.49819946 98.70754242 -14 -90.14099121 97.71641541 -13.1225214 -90.93323517 98.06475067 -13 -90.90703583 98.06552887 -13.0490675 -90.90611267 98.06784821 -13.09801674 -90.9033432 98.07170868 -13.14673042 -90.89874268 97.72798157 -13.24386311 -90.91944885 98.07710266 -13.19509029 -90.8923111 98.08401489 -13.24298 -90.88407135 97.74714661 -13.36285591 -90.89661407 98.09243011 -13.29028511 -90.87404633 98.10232544 -13.33689022 -90.86225128 97.3649826 -13.14702606 -90.96312714 96.65592194 -13 -91.0302887 97.77370453 -13.47835445 -90.86495972 98.11368561 -13.38268375 -90.84872437 98.12647247 -13.42755508 -90.83348083 97.3788681 -13.29263592 -90.94657898 97.80741882 -13.5892458 -90.82478333 98.14065552 -13.47139645 -90.81658173 98.15620422 -13.51410294 -90.79804993 97.40185547 -13.43542671 -90.91918182 97.0135498 -13.17152977 -90.9930191 96.66983795 -13.29346085 -91.01371002 96.66210938 -13.19603443 -91.02291107 96.6574707 -13.09813499 -91.02844238 97.84796143 -13.69446278 -90.77646637 98.17308044 -13.5555706 -90.77793121 98.19125366 -13.59569931 -90.75627899 97.43373108 -13.57402515 -90.88119507 97.02974701 -13.34140778 -90.97371674 96.69445038 -13.48596001 -90.984375 96.68062592 -13.39018059 -91.00084686 97.89492798 -13.79299164 -90.7204895 98.21066284 -13.63439369 -90.73314667 98.23126984 -13.67155933 -90.70858765 97.47418976 -13.70709515 -90.83297729 97.05656433 -13.50799847 -90.94174957 96.73107147 -13.67377949 -90.94072723 96.71128082 -13.58056927 -90.96431732 97.94788361 -13.88388348 -90.65738678 98.25302124 -13.70710659 -90.68266296 98.27587128 -13.74095154 -90.65543365 97.52283478 -13.83335495 -90.77500916 97.09375763 -13.66969585 -90.89743042 96.77935028 -13.85511017 -90.88319397 96.75378418 -13.76536655 -90.91366577 98.00630951 -13.96626282 -90.58776093 98.29975891 -13.77301025 -90.62696075 98.32463074 -13.8032074 -90.59732056 97.57920074 -13.95158958 -90.70783234 97.14095306 -13.8249445 -90.84117889 96.83882141 -14.02820587 -90.81231689 96.807724 -13.94279385 -90.84938049 98.06964111 -14.03933716 -90.51228333 98.35042572 -13.83146954 -90.56658173 98.37708282 -13.85772896 -90.53481293 97.64273834 -14.06066036 -90.6321106 97.19770813 -13.97224808 -90.77354431 96.90891266 -14.19139862 -90.72878265 96.87258148 -14.11114025 -90.7720871 98.13726807 -14.10240173 -90.43167877 98.40453339 -13.88192081 -90.50209808 98.43271637 -13.90398884 -90.46851349 97.71285248 -14.15951538 -90.54855347 97.26346588 -14.11018848 -90.69517517 96.98895264 -14.34311771 -90.63339996 96.94773102 -14.26878643 -90.68251801 98.2085495 -14.15484905 -90.34673309 98.46155548 -13.92387962 -90.43414307 98.49098969 -13.94154453 -90.39906311 97.78884888 -14.24720478 -90.45798492 97.33760071 -14.23743725 -90.60682678 97.07815552 -14.48190212 -90.52709198 97.03245544 -14.41421318 -90.5815506 98.28279114 -14.19617558 -90.258255 98.52095032 -13.95694065 -90.36335754 98.55136108 -13.97003078 -90.32711792 97.87001038 -14.3228817 -90.36125946 97.41939545 -14.35276794 -90.50935364 97.17568207 -14.60641479 -90.41086578 97.12593842 -14.54602051 -90.47014618 98.35927582 -14.22598171 -90.167099 98.58213806 -13.98078537 -90.29043579 98.61322784 -13.98917675 -90.25338745 97.95554352 -14.38581944 -90.25932312 97.50805664 -14.45507145 -90.40367889 97.28057861 -14.71545696 -90.28585052 97.22727203 -14.66293907 -90.34938049 98.43727875 -14.24398136 -90.07415009 98.64453888 -13.9951849 -90.21607208 98.6760025 -13.99879551 -90.17857361 98.04463196 -14.4354105 -90.15315247 97.60274506 -14.54336262 -90.29084015 97.3918457 -14.80797863 -90.15325165 97.33547974 -14.76384258 -90.22042084 98.13641357 -14.47117805 -90.04376221 97.70253754 -14.61678886 -90.17191315 97.50839996 -14.88308811 -90.01434326 97.44953156 -14.84775925 -90.08450317 98.23001099 -14.49277687 -89.93222046 97.80647278 -14.67464542 -90.04804993 97.6291275 -14.94006252 -89.87046814 97.5683136 -14.91388035 -89.94293976 97.91355896 -14.7163744 -89.92043304 97.75286102 -14.97835255 -89.7230072 97.69069672 -14.96157074 -89.79709625 98.02275085 -14.74157333 -89.79029846 97.87841797 -14.99759102 -89.57337952 97.81549072 -14.9903698 -89.64836884 96.65592194 13 -91.0302887 98.06475067 13 -90.90703583 98.43727875 14.24398136 -90.07415009 98.70754242 14 -90.14099121 98.6760025 13.99879551 -90.17857361 98.64453888 13.9951849 -90.21607208 98.61322784 13.98917675 -90.25338745 98.35927582 14.22598171 -90.167099 98.58213806 13.98078537 -90.29043579 98.55136108 13.97003078 -90.32711792 98.28279114 14.19617558 -90.258255 98.52095032 13.95694065 -90.36335754 98.49098969 13.94154453 -90.39906311 98.23001099 14.49277687 -89.93222046 97.9414978 15 -89.49819946 98.2085495 14.15484905 -90.34673309 98.46155548 13.92387962 -90.43414307 98.43271637 13.90398884 -90.46851349 98.13641357 14.47117805 -90.04376221 98.13726807 14.10240173 -90.43167877 98.40453339 13.88192081 -90.50209808 98.37708282 13.85772896 -90.53481293 98.04463196 14.4354105 -90.15315247 98.02275085 14.74157333 -89.79029846 97.75286102 14.97835255 -89.7230072 97.81549072 14.9903698 -89.64836884 97.87841797 14.99759102 -89.57337952 98.06964111 14.03933716 -90.51228333 98.35042572 13.83146954 -90.56658173 98.32463074 13.8032074 -90.59732056 97.95554352 14.38581944 -90.25932312 97.91355896 14.7163744 -89.92043304 97.6291275 14.94006252 -89.87046814 97.69069672 14.96157074 -89.79709625 98.00630951 13.96626282 -90.58776093 98.29975891 13.77301025 -90.62696075 98.27587128 13.74095154 -90.65543365 97.87001038 14.3228817 -90.36125946 97.80647278 14.67464542 -90.04804993 97.50839996 14.88308811 -90.01434326 97.5683136 14.91388035 -89.94293976 97.94788361 13.88388348 -90.65738678 98.25302124 13.70710659 -90.68266296 98.23126984 13.67155933 -90.70858765 97.78884888 14.24720478 -90.45798492 97.70253754 14.61678886 -90.17191315 97.3918457 14.80797863 -90.15325165 97.44953156 14.84775925 -90.08450317 97.89492798 13.79299164 -90.7204895 98.21066284 13.63439369 -90.73314667 98.19125366 13.59569931 -90.75627899 97.71285248 14.15951538 -90.54855347 97.60274506 14.54336262 -90.29084015 97.28057861 14.71545696 -90.28585052 97.33547974 14.76384258 -90.22042084 97.84796143 13.69446278 -90.77646637 98.17308044 13.5555706 -90.77793121 98.15620422 13.51410294 -90.79804993 97.64273834 14.06066036 -90.6321106 97.50805664 14.45507145 -90.40367889 97.17568207 14.60641479 -90.41086578 97.22727203 14.66293907 -90.34938049 97.80741882 13.5892458 -90.82478333 98.14065552 13.47139645 -90.81658173 98.12647247 13.42755508 -90.83348083 97.57920074 13.95158958 -90.70783234 97.41939545 14.35276794 -90.50935364 97.07815552 14.48190212 -90.52709198 97.12593842 14.54602051 -90.47014618 97.77370453 13.47835445 -90.86495972 98.11368561 13.38268375 -90.84872437 98.10232544 13.33689022 -90.86225128 97.52283478 13.83335495 -90.77500916 97.33760071 14.23743725 -90.60682678 96.98895264 14.34311771 -90.63339996 97.03245544 14.41421318 -90.5815506 97.74714661 13.36285591 -90.89661407 98.09243011 13.29028511 -90.87404633 98.08401489 13.24298 -90.88407135 97.47418976 13.70709515 -90.83297729 97.26346588 14.11018848 -90.69517517 96.90891266 14.19139862 -90.72878265 96.94773102 14.26878643 -90.68251801 97.72798157 13.24386311 -90.91944885 98.07710266 13.19509029 -90.8923111 98.07170868 13.14673042 -90.89874268 97.43373108 13.57402515 -90.88119507 97.19770813 13.97224808 -90.77354431 96.83882141 14.02820587 -90.81231689 96.87258148 14.11114025 -90.7720871 97.71641541 13.1225214 -90.93323517 98.06784821 13.09801674 -90.9033432 98.06552887 13.0490675 -90.90611267 97.40185547 13.43542671 -90.91918182 97.14095306 13.8249445 -90.84117889 96.77935028 13.85511017 -90.88319397 96.807724 13.94279385 -90.84938049 97.3788681 13.29263592 -90.94657898 97.09375763 13.66969585 -90.89743042 96.73107147 13.67377949 -90.94072723 96.75378418 13.76536655 -90.91366577 97.3649826 13.14702606 -90.96312714 97.05656433 13.50799847 -90.94174957 96.69445038 13.48596001 -90.984375 96.71128082 13.58056927 -90.96431732 97.02974701 13.34140778 -90.97371674 96.66983795 13.29346085 -91.01371002 96.68062592 13.39018059 -91.00084686 97.0135498 13.17152977 -90.9930191 96.6574707 13.09813499 -91.02844238 96.66210938 13.19603443 -91.02291107 131.53022766 15 -49.46871567 132.29626465 14 -50.1115036 132.10661316 14.66666698 -49.25915146 131.68566895 15 -49.2737999 131.83119202 15 -49.07138062 131.96646118 15 -48.86195374 132.38201904 14.33333302 -49.44692612 132.81974792 14 -49.38338852 132.65744019 14 -49.63470078 132.48278809 14 -49.87760544 132.3838501 14.66666698 -48.8054657 132.09111023 15 -48.6460495 132.20484924 15 -48.42419815 132.67658997 14.33333302 -48.96488571 133.1058197 14 -48.85808182 132.96932983 14 -49.12430191 132.61453247 14.66666698 -48.32643127 132.30738831 15 -48.19695282 132.39846802 15 -47.96487808 132.92169189 14.33333302 -48.45590973 133.33815002 14 -48.30690002 133.22885132 14 -48.58538818 132.79638672 14.66666698 -47.82680511 132.4778595 15 -47.72855377 132.54537964 15 -47.48856735 133.11491394 14.33333302 -47.92506027 133.51446533 14 -47.73532486 133.43344116 14 -48.02331161 132.92758179 14.66666698 -47.31155777 132.6008606 15 -47.2455101 132.64414978 15 -46.99999237 133.25431824 14.33333302 -47.37760544 133.63298035 14 -47.14903259 133.58103943 14 -47.44365692 133.00683594 14.66666698 -46.78580856 132.69999695 15 -46.25477982 133.69999695 14 -46.25477982 132.67515564 15 -46.75261688 132.69378662 15 -46.50400925 133.33850098 14.33333302 -46.81899643 133.6925354 14 -46.5538559 133.67018127 14 -46.85218811 132.69999695 15 0.69999999 133.69999695 14 0.69999999 133.00764465 14.66666698 1.22275805 132.69396973 15 0.94533837 132.67591858 15 1.19008565 132.64588928 15 1.4336524 133.33938599 14.33333302 1.25543046 133.63505554 14 1.58038282 133.67111206 14 1.28810287 133.69277954 14 0.99440604 132.93086243 14.66666698 1.74048173 132.60392761 15 1.67545164 132.55015564 15 1.9149009 133.25778198 14.33333302 1.80551183 133.52018738 14 2.15788102 133.5847168 14 1.87054193 132.80368042 14.66666698 2.24818492 132.48469543 15 2.15142345 132.40771484 15 2.38444924 133.12266541 14.33333302 2.34494662 133.34925842 14 2.72133923 133.44163513 14 2.44170809 132.62736511 14.66666698 2.74097824 132.31939697 15 2.61341715 132.21994019 15 2.83777547 132.93531799 14.33333302 2.86853933 133.12393188 14 3.26533055 133.24327087 14 2.99610066 132.40357971 14.66666698 3.21411586 132.10960388 15 3.05698371 131.98864746 15 3.27051377 132.69755554 14.33333302 3.37124825 132.84637451 14 3.78461647 132.99153137 14 3.52838039 132.13450623 14.66666698 3.66304135 131.85734558 15 3.47785115 131.71603394 15 3.6784966 132.41166687 14.33333302 3.84823132 132.51924133 14 4.27419567 132.68881226 14 4.03342152 131.82272339 14.66666698 4.08343077 131.56504822 15 3.87196636 131.40475464 15 4.05779457 132.08039856 14.33333302 4.29489517 132.14570618 14 4.7293539 132.33805847 14 4.50635958 131.47123718 14.66666698 4.47123623 131.23553467 15 4.23553371 131.05780029 15 4.40475559 131.7069397 14.33333302 4.70693827 131.72935486 14 5.14570665 131.94264221 14 4.94264078 131.08343506 14.66666698 4.82272243 130.8719635 15 4.56505203 130.67849731 15 4.71603775 131.29489136 14.33333302 5.08039236 131.27420044 14 5.51924515 131.50636292 14 5.33806276 130.66304016 14.66666698 5.1345048 130.47784424 15 4.85734797 130.27050781 15 4.98864317 130.84823608 14.33333302 5.41166115 130.78462219 14 5.84637165 131.03341675 14 5.6888175 130.21411133 14.66666698 5.40358019 130.05697632 15 5.10960627 129.83776855 15 5.21994638 130.37124634 14.33333302 5.69755363 130.26533508 14 6.1239357 130.52838135 14 5.99152756 129.74098206 14.66666698 5.62735748 129.61341858 15 5.31939745 129.38444519 15 5.40772009 129.86854553 14.33333302 5.93531752 129.72134399 14 6.34926462 129.99609375 14 6.24327707 129.2481842 14.66666698 5.80368185 129.15142822 15 5.48470163 128.91490173 15 5.55015612 129.34494019 14.33333302 6.12266207 129.15788269 14 6.52018738 129.44171143 14 6.44164181 128.74047852 14.66666698 5.9308548 128.67544556 15 5.60392618 128.43365479 15 5.64588261 128.80551147 14.33333302 6.25778341 128.5803833 14 6.63505888 128.87054443 14 6.58471155 128.22276306 14.66666698 6.00765181 128.19007874 15 5.67592382 127.94533539 15 5.69397736 127.69999695 15 5.69999981 128.25543213 14.33333302 6.33938026 127.69999695 14 6.69999981 127.99440765 14 6.69277287 128.2881012 14 6.67110825 55 15 5.69999981 55 14 6.69999981 53.00963211 16.80396652 5.69999981 52.76083374 16.77946091 5.94999981 53.02164841 16.70653915 5.69999981 53.00241089 16.90186501 5.69999981 53 17 5.69999981 52.79323196 16.5610466 5.94999981 53.03842926 16.60981941 5.69999981 53.05993652 16.51403999 5.69999981 52 17 6.69999981 52.51203918 16.7549572 6.19999981 53.08612061 16.41942978 5.69999981 52.84688568 16.34685898 5.94999981 53.11691284 16.32621956 5.69999981 52.54803848 16.51227379 6.19999981 52.00361252 16.85279655 6.69999981 52.26324081 16.73045349 6.44999981 52.01444626 16.70594788 6.69999981 52.0324707 16.55980873 6.69999981 53.15224075 16.23463249 5.69999981 52.92127228 16.13896179 5.94999981 53.19202042 16.14488983 5.69999981 52.60765076 16.27428818 6.19999981 52.05764389 16.41472816 6.69999981 52.30284119 16.46350098 6.44999981 52.08990479 16.27105904 6.69999981 53.01567841 15.93935776 5.94999981 53.23615646 16.05720711 5.69999981 53.28454208 15.97179413 5.69999981 52.69029999 16.04329109 6.19999981 52.12917709 16.12914658 6.69999981 52.36841583 16.20171738 6.44999981 52.17536926 15.98933029 6.69999981 53.12919235 15.74996662 5.94999981 53.33705902 15.88885975 5.69999981 53.39358521 15.80860138 5.69999981 52.79519653 15.82150841 6.19999981 52.45933151 15.94762039 6.44999981 52.22836304 15.85194969 6.69999981 52.28803253 15.71733475 6.69999981 53.45397949 15.73121357 5.69999981 53.26072693 15.57261467 5.94999981 53.51809692 15.65688229 5.69999981 52.92132568 15.61107445 6.19999981 52.3542366 15.58580971 6.69999981 52.57471466 15.70365906 6.44999981 52.42681503 15.45769215 6.69999981 53.58578491 15.58578682 5.69999981 53.40900803 15.40900993 5.94999981 53.65688324 15.51809788 5.69999981 53.06747437 15.41401672 6.19999981 52.71345901 15.47218227 6.44999981 52.50559235 15.33328915 6.69999981 52.59037781 15.21290207 6.69999981 53.73121262 15.45397949 5.69999981 53.57261658 15.26072693 5.94999981 53.80860138 15.39358521 5.69999981 53.23223114 15.23223305 6.19999981 52.68096924 15.09681988 6.69999981 52.8742218 15.25541878 6.44999981 52.77714539 14.98532295 6.69999981 53.74996567 15.12919331 5.94999981 53.8888588 15.33706093 5.69999981 53.97179413 15.28454304 5.69999981 53.41401672 15.06747341 6.19999981 52.87868118 14.87867928 6.69999981 53.05545807 15.05545616 6.44999981 52.98532486 14.77714634 6.69999981 53.93935776 15.01567745 5.94999981 54.0572052 15.23615742 5.69999981 54.14488983 15.19202137 5.69999981 53.61107254 14.92132568 6.19999981 53.25541687 14.87422085 6.44999981 53.09682083 14.68096828 6.69999981 53.21290207 14.59037781 6.69999981 54.13896179 14.92127132 5.94999981 54.2346344 15.15224075 5.69999981 54.32622147 15.11691189 5.69999981 53.8215065 14.79519653 6.19999981 53.47218323 14.71345901 6.44999981 53.3332901 14.50559139 6.69999981 53.45769119 14.42681408 6.69999981 54.34685898 14.84688377 5.94999981 54.41942978 15.08611965 5.69999981 54.51403809 15.05993748 5.69999981 54.043293 14.69030094 6.19999981 53.70365906 14.57471657 6.44999981 53.58581161 14.3542366 6.69999981 53.71733475 14.28803253 6.69999981 54.5610466 14.79323292 5.94999981 54.6098175 15.03842926 5.69999981 54.70653915 15.02164745 5.69999981 54.27428818 14.60764885 6.19999981 53.94762039 14.45933151 6.44999981 53.8519516 14.22836113 6.69999981 53.98933029 14.17536736 6.69999981 54.9018631 15.00240898 5.69999981 54.77946091 14.76083469 5.94999981 54.80396652 15.0096302 5.69999981 54.5122757 14.54803658 6.19999981 54.12914658 14.129179 6.69999981 54.20171738 14.36841393 6.44999981 54.27106094 14.08990669 6.69999981 54.75495529 14.51203823 6.19999981 54.41473007 14.05764389 6.69999981 54.46350098 14.30284023 6.44999981 54.55980682 14.0324707 6.69999981 54.73045349 14.26324177 6.44999981 54.70594788 14.01444626 6.69999981 54.85279846 14.00361347 6.69999981 53 33 5.69999981 52 33 6.69999981 51.12252045 34.24398041 6.44999981 51 34 6.69999981 51.04906845 33.99879456 6.69999981 51.09801865 33.99518585 6.69999981 51.14673233 33.9891777 6.69999981 51.24386215 34.22598267 6.44999981 51.19509125 33.98078537 6.69999981 51.24298096 33.97003174 6.69999981 51.362854 34.19617462 6.44999981 51.2902832 33.9569397 6.69999981 51.33689117 33.94154358 6.69999981 51.14702606 34.49277878 6.19999981 51 35 5.69999981 51.47835541 34.15485001 6.44999981 51.3826828 33.92387772 6.69999981 51.42755508 33.90398788 6.69999981 51.29263687 34.47117615 6.19999981 51.58924484 34.10240173 6.44999981 51.4713974 33.88191986 6.69999981 51.51410294 33.85772705 6.69999981 51.43542862 34.43540955 6.19999981 51.17153168 34.74157333 5.94999981 51.29346085 34.97835159 5.69999981 51.19603348 34.99036789 5.69999981 51.0981369 34.99758911 5.69999981 51.69446182 34.03933716 6.44999981 51.5555687 33.83147049 6.69999981 51.59569931 33.8032074 6.69999981 51.5740242 34.38581848 6.19999981 51.34140778 34.71637344 5.94999981 51.48596191 34.94006348 5.69999981 51.3901825 34.96157074 5.69999981 51.79299164 33.96626282 6.44999981 51.63439178 33.77301025 6.69999981 51.67155838 33.74095154 6.69999981 51.7070961 34.32288361 6.19999981 51.50799942 34.67464447 5.94999981 51.67377853 34.88308716 5.69999981 51.58057022 34.91387939 5.69999981 51.88388443 33.88388443 6.44999981 51.70710754 33.70710754 6.69999981 51.74095154 33.67155838 6.69999981 51.83335495 34.24720383 6.19999981 51.66969681 34.61679077 5.94999981 51.85511017 34.80797958 5.69999981 51.7653656 34.84775925 5.69999981 51.96626282 33.79299164 6.44999981 51.77301025 33.63439178 6.69999981 51.8032074 33.59569931 6.69999981 51.95159149 34.15951538 6.19999981 51.82494354 34.54336166 5.94999981 52.02820587 34.71545792 5.69999981 51.9427948 34.76384354 5.69999981 52.03933716 33.69446182 6.44999981 51.83147049 33.5555687 6.69999981 51.85772705 33.51410294 6.69999981 52.06066132 34.06066132 6.19999981 51.97224808 34.4550705 5.94999981 52.19139862 34.60641479 5.69999981 52.1111412 34.66294098 5.69999981 52.10240173 33.58924484 6.44999981 51.88191986 33.4713974 6.69999981 51.90398788 33.42755508 6.69999981 52.15951538 33.95159149 6.19999981 52.11018753 34.35276794 5.94999981 52.34311676 34.48190308 5.69999981 52.26878738 34.54602051 5.69999981 52.15485001 33.47835541 6.44999981 51.92387772 33.3826828 6.69999981 51.94154358 33.33689117 6.69999981 52.24720383 33.83335495 6.19999981 52.2374382 34.2374382 5.94999981 52.48190308 34.34311676 5.69999981 52.41421509 34.41421509 5.69999981 52.19617462 33.362854 6.44999981 51.9569397 33.2902832 6.69999981 51.97003174 33.24298096 6.69999981 52.32288361 33.7070961 6.19999981 52.35276794 34.11018753 5.94999981 52.60641479 34.19139862 5.69999981 52.54602051 34.26878738 5.69999981 52.22598267 33.24386215 6.44999981 51.98078537 33.19509125 6.69999981 51.9891777 33.14673233 6.69999981 52.38581848 33.5740242 6.19999981 52.4550705 33.97224808 5.94999981 52.71545792 34.02820587 5.69999981 52.66294098 34.1111412 5.69999981 52.24398041 33.12252045 6.44999981 51.99518585 33.09801865 6.69999981 51.99879456 33.04906845 6.69999981 52.43540955 33.43542862 6.19999981 52.54336166 33.82494354 5.94999981 52.80797958 33.85511017 5.69999981 52.76384354 33.9427948 5.69999981 52.47117615 33.29263687 6.19999981 52.61679077 33.66969681 5.94999981 52.88308716 33.67377853 5.69999981 52.84775925 33.7653656 5.69999981 52.49277878 33.14702606 6.19999981 52.67464447 33.50799942 5.94999981 52.94006348 33.48596191 5.69999981 52.91387939 33.58057022 5.69999981 52.71637344 33.34140778 5.94999981 52.97835159 33.29346085 5.69999981 52.96157074 33.3901825 5.69999981 52.74157333 33.17153168 5.94999981 52.99758911 33.0981369 5.69999981 52.99036789 33.19603348 5.69999981 53 24.34732628 2.85890222 53 24.20811844 2.72312355 53 24.07585335 2.58057475 53 24.49312782 2.98757339 53 23.95085716 2.43161035 53 24.64516258 3.10881686 53 23.83344269 2.27660036 53 24.80305099 3.22233129 53 23.72389984 2.11593032 53 24.96640205 3.32783437 53 23.62250137 1.95000005 53 25.13480949 3.42506409 53 23.52949905 1.77922153 53 25.3078537 3.51377869 53 23.44512749 1.60401976 53 25.48510361 3.59375715 53 23.36959267 1.42482996 53 25.66612053 3.66480112 53 23.30308342 1.24209797 53 25.85045433 3.72673392 53 23.24576569 1.05627787 53 26.03764534 3.7794013 53 23.19778061 0.86783165 53 26.22723007 3.82267261 53 23.15925026 0.67722791 53 26.4187355 3.85644031 53 23.13026619 0.48494044 53 26.6116848 3.88062 53 23.11090469 0.29144737 53 23.10121155 0.0972297 53 23.10121155 -0.0972297 53 23.11090469 -0.29144737 53 23.13026619 -0.48494044 53 23.15925026 -0.67722791 53 23.19778061 -0.86783165 53 23.24576569 -1.05627787 53 23.30308342 -1.24209797 53 23.36959267 -1.42482996 53 23.44512749 -1.60401976 53 23.52949905 -1.77922153 53 23.62250137 -1.95000005 53 23.72389984 -2.11593032 53 23.83344269 -2.27660036 53 23.95085716 -2.43161035 53 24.07585335 -2.58057475 53 24.20811844 -2.72312355 53 24.34732628 -2.85890222 53 27 3.9000001 53 27.19439888 3.89515209 53 27.3883152 3.88062 53 27.5812645 3.85644031 53 27.77276993 3.82267261 53 27.96235466 3.7794013 53 28.14954567 3.72673392 53 28.33387947 3.66480112 53 28.51489639 3.59375715 53 28.6921463 3.51377869 53 28.86519051 3.42506409 53 29.03359795 3.32783437 53 29.19694901 3.22233129 53 29.35483742 3.10881686 53 29.50687218 2.98757339 53 29.65267372 2.85890222 53 29.79188156 2.72312355 53 26.80560112 3.89515209 53 29.92414665 2.58057475 53 24.49312782 -2.98757339 53 30.04914284 2.43161035 53 24.64516258 -3.10881686 53 30.16655731 2.27660036 53 24.80305099 -3.22233129 53 30.27610016 2.11593032 53 24.96640205 -3.32783437 53 30.37749863 1.95000005 53 25.13480949 -3.42506409 53 30.47050095 1.77922153 53 25.3078537 -3.51377869 53 30.55487251 1.60401976 53 25.48510361 -3.59375715 53 30.63040733 1.42482996 53 25.66612053 -3.66480112 53 30.69691658 1.24209797 53 25.85045433 -3.72673392 53 30.75423431 1.05627787 53 26.03764534 -3.7794013 53 30.80221939 0.86783165 53 26.22723007 -3.82267261 53 30.84074974 0.67722791 53 26.4187355 -3.85644031 53 30.86973381 0.48494044 53 26.6116848 -3.88062 53 30.88909531 0.29144737 53 30.89878845 0.0972297 53 30.89878845 -0.0972297 53 30.88909531 -0.29144737 53 30.86973381 -0.48494044 53 30.84074974 -0.67722791 53 30.80221939 -0.86783165 53 30.75423431 -1.05627787 53 30.69691658 -1.24209797 53 30.63040733 -1.42482996 53 30.55487251 -1.60401976 53 30.47050095 -1.77922153 53 30.37749863 -1.95000005 53 30.27610016 -2.11593032 53 30.16655731 -2.27660036 53 30.04914284 -2.43161035 53 29.92414665 -2.58057475 53 29.79188156 -2.72312355 53 29.65267372 -2.85890222 53 29.50687218 -2.98757339 53 29.35483742 -3.10881686 53 29.19694901 -3.22233129 53 29.03359795 -3.32783437 53 28.86519051 -3.42506409 53 28.6921463 -3.51377869 53 28.51489639 -3.59375715 53 28.33387947 -3.66480112 53 28.14954567 -3.72673392 53 27.96235466 -3.7794013 53 27.77276993 -3.82267261 53 27.5812645 -3.85644031 53 27.3883152 -3.88062 53 27.19439888 -3.89515209 53 27 -3.9000001 53 26.80560112 -3.89515209 53 -29.65267372 2.85890222 53 -29.79188156 2.72312355 53 -29.92414665 2.58057475 53 -29.50687218 2.98757339 53 -30.04914284 2.43161035 53 -29.35483742 3.10881686 53 -30.16655731 2.27660036 53 -29.19694901 3.22233129 53 -30.27610016 2.11593032 53 -29.03359795 3.32783437 53 -30.37749863 1.95000005 53 -28.86519051 3.42506409 53 -30.47050095 1.77922153 53 -28.6921463 3.51377869 53 -30.55487251 1.60401976 53 -28.51489639 3.59375715 53 -30.63040733 1.42482996 53 -28.33387947 3.66480112 53 -30.69691658 1.24209797 53 -28.14954567 3.72673392 53 -30.75423431 1.05627787 53 -27.96235466 3.7794013 53 -30.80221939 0.86783165 53 -27.77276993 3.82267261 53 -30.84074974 0.67722791 53 -27.5812645 3.85644031 53 -30.86973381 0.48494044 53 -27.3883152 3.88062 53 -30.88909531 0.29144737 53 -27.19439888 3.89515209 53 -30.89878845 0.0972297 53 -27 3.9000001 53 -30.89878845 -0.0972297 53 -26.80560112 3.89515209 53 -26.6116848 3.88062 53 -29.92414665 -2.58057475 53 -30.04914284 -2.43161035 53 -30.16655731 -2.27660036 53 -30.27610016 -2.11593032 53 -30.37749863 -1.95000005 53 -30.47050095 -1.77922153 53 -30.55487251 -1.60401976 53 -30.63040733 -1.42482996 53 -30.69691658 -1.24209797 53 -30.75423431 -1.05627787 53 -30.80221939 -0.86783165 53 -30.84074974 -0.67722791 53 -30.86973381 -0.48494044 53 -30.88909531 -0.29144737 53 -29.79188156 -2.72312355 53 -29.65267372 -2.85890222 53 -29.50687218 -2.98757339 53 -29.35483742 -3.10881686 53 -29.19694901 -3.22233129 53 -29.03359795 -3.32783437 53 -28.86519051 -3.42506409 53 -28.6921463 -3.51377869 53 -28.51489639 -3.59375715 53 -28.33387947 -3.66480112 53 -28.14954567 -3.72673392 53 -27.96235466 -3.7794013 53 -27.77276993 -3.82267261 53 -27.5812645 -3.85644031 53 -27.3883152 -3.88062 53 -27.19439888 -3.89515209 53 -27 -3.9000001 53 -26.80560112 -3.89515209 53 -26.6116848 -3.88062 53 -26.4187355 3.85644031 53 -26.22723007 3.82267261 53 -26.03764534 3.7794013 53 -25.85045433 3.72673392 53 -25.66612053 3.66480112 53 -25.48510361 3.59375715 53 -25.3078537 3.51377869 53 -25.13480949 3.42506409 53 -24.96640205 3.32783437 53 -24.80305099 3.22233129 53 -24.64516258 3.10881686 53 -24.49312782 2.98757339 53 -24.34732628 2.85890222 53 -24.20811844 2.72312355 53 -24.07585335 2.58057475 53 -23.95085716 2.43161035 53 -23.83344269 2.27660036 53 -23.72389984 2.11593032 53 -23.62250137 1.95000005 53 -23.52949905 1.77922153 53 -23.44512749 1.60401976 53 -23.36959267 1.42482996 53 -23.30308342 1.24209797 53 -23.24576569 1.05627787 53 -23.19778061 0.86783165 53 -23.15925026 0.67722791 53 -23.13026619 0.48494044 53 -23.11090469 0.29144737 53 -23.10121155 0.0972297 53 -23.10121155 -0.0972297 53 -23.11090469 -0.29144737 53 -23.13026619 -0.48494044 53 -23.15925026 -0.67722791 53 -23.19778061 -0.86783165 53 -23.24576569 -1.05627787 53 -23.30308342 -1.24209797 53 -23.36959267 -1.42482996 53 -23.44512749 -1.60401976 53 -23.52949905 -1.77922153 53 -23.62250137 -1.95000005 53 -23.72389984 -2.11593032 53 -23.83344269 -2.27660036 53 -23.95085716 -2.43161035 53 -24.07585335 -2.58057475 53 -24.20811844 -2.72312355 53 -24.34732628 -2.85890222 53 -24.49312782 -2.98757339 53 -24.64516258 -3.10881686 53 -24.80305099 -3.22233129 53 -24.96640205 -3.32783437 53 -25.13480949 -3.42506409 53 -25.3078537 -3.51377869 53 -25.48510361 -3.59375715 53 -25.66612053 -3.66480112 53 -25.85045433 -3.72673392 53 -26.03764534 -3.7794013 53 -26.22723007 -3.82267261 53 -26.4187355 -3.85644031 35.40000153 -18.19855499 1.65888119 35.40000153 -18.20000076 1.60000002 35.40000153 -18.1942215 1.71762061 35.40000153 -18.18701172 1.77607656 35.40000153 -18.17694283 1.83410835 35.40000153 -18.1640377 1.89157617 35.40000153 -18.14832878 1.94834161 35.40000153 -18.12985229 2.00426793 35.40000153 -18.10865593 2.05922008 35.40000153 -18.08478737 2.1130662 35.40000153 -18.05830574 2.16567612 35.40000153 -18.02927399 2.21692324 35.40000153 -17.99776268 2.26668429 35.40000153 -17.96384811 2.31483912 35.40000153 -17.9276123 2.36127186 35.40000153 -17.88914108 2.40587068 35.40000153 -17.84852791 2.44852805 35.40000153 -17.80587006 2.48914146 35.40000153 -17.76127243 2.52761245 35.40000153 -17.71483994 2.56384897 35.40000153 -17.6666851 2.59776354 35.40000153 -17.61692238 2.62927437 35.40000153 -17.56567574 2.65830541 35.40000153 -17.51306534 2.68478703 35.40000153 -17.45922089 2.70865536 35.40000153 -17.40426826 2.72985291 35.40000153 -17.34834099 2.74832845 35.40000153 -17.29157639 2.76403761 35.40000153 -17.23410797 2.77694225 35.40000153 -17.17607689 2.78701186 35.40000153 -17.11762047 2.79422164 35.40000153 -17.05888176 2.79855466 35.40000153 -17 2.79999995 35.40000153 -18.20000076 -1.60000002 35.40000153 -17.76127243 -2.52761245 35.40000153 -17.80587006 -2.48914146 35.40000153 -17.84852791 -2.44852805 35.40000153 -17.9276123 -2.36127186 35.40000153 -17.88914108 -2.40587068 35.40000153 -17.96384811 -2.31483912 35.40000153 -18.02927399 -2.21692324 35.40000153 -17.99776268 -2.26668429 35.40000153 -17.56567574 -2.65830541 35.40000153 -17.6666851 -2.59776354 35.40000153 -17.71483994 -2.56384897 35.40000153 -17.61692238 -2.62927437 35.40000153 -18.08478737 -2.1130662 35.40000153 -18.05830574 -2.16567612 35.40000153 -17.45922089 -2.70865536 35.40000153 -17.51306534 -2.68478703 35.40000153 -17.34834099 -2.74832845 35.40000153 -17.40426826 -2.72985291 35.40000153 -18.1640377 -1.89157617 35.40000153 -18.12985229 -2.00426793 35.40000153 -18.14832878 -1.94834161 35.40000153 -18.10865593 -2.05922008 35.40000153 -18.18701172 -1.77607656 35.40000153 -18.17694283 -1.83410835 35.40000153 -18.1942215 -1.71762061 35.40000153 -18.19855499 -1.65888119 35.40000153 -17 -2.79999995 35.40000153 -17.29157639 -2.76403761 35.40000153 -17.23410797 -2.77694225 35.40000153 -17.17607689 -2.78701186 35.40000153 -17.11762047 -2.79422164 35.40000153 -17.05888176 -2.79855466 35.40000153 -13.68237972 -2.79422164 35.40000153 -13.74111843 -2.79855466 35.40000153 -13.80000019 -2.79999995 35.40000153 -13.6239233 -2.78701186 35.40000153 -13.50842381 -2.76403761 35.40000153 -13.56589127 -2.77694225 35.40000153 -13.45165825 -2.74832845 35.40000153 -13.34078026 -2.70865536 35.40000153 -13.39573193 -2.72985291 35.40000153 -13.18307686 -2.62927437 35.40000153 -13.2343235 -2.65830541 35.40000153 -13.2869339 -2.68478703 35.40000153 -13.08516121 -2.56384897 35.40000153 -13.13331604 -2.59776354 35.40000153 -13.03872776 -2.52761245 35.40000153 -12.99412918 -2.48914146 35.40000153 -12.87238789 -2.36127186 35.40000153 -12.95147228 -2.44852805 35.40000153 -12.91085911 -2.40587068 35.40000153 -12.83615112 -2.31483912 35.40000153 -12.71521282 -2.1130662 35.40000153 -12.80223656 -2.26668429 35.40000153 -12.77072525 -2.21692324 35.40000153 -12.74169445 -2.16567612 35.40000153 -12.69134426 -2.05922008 35.40000153 -12.62305737 -1.83410835 35.40000153 -12.63596249 -1.89157617 35.40000153 -12.65167141 -1.94834161 35.40000153 -12.61298847 -1.77607656 35.40000153 -12.67014694 -2.00426793 35.40000153 -12.60577869 -1.71762061 35.40000153 -12.60000038 -1.60000002 35.40000153 -12.6014452 -1.65888119 35.40000153 -13.80000019 2.79999995 35.40000153 -12.60000038 1.60000002 35.40000153 -12.60577869 1.71762061 35.40000153 -12.6014452 1.65888119 35.40000153 -12.62305737 1.83410835 35.40000153 -12.61298847 1.77607656 35.40000153 -13.56589127 2.77694225 35.40000153 -13.68237972 2.79422164 35.40000153 -13.6239233 2.78701186 35.40000153 -13.74111843 2.79855466 35.40000153 -12.63596249 1.89157617 35.40000153 -13.45165825 2.74832845 35.40000153 -13.50842381 2.76403761 35.40000153 -13.39573193 2.72985291 35.40000153 -12.69134426 2.05922008 35.40000153 -12.67014694 2.00426793 35.40000153 -12.65167141 1.94834161 35.40000153 -12.74169445 2.16567612 35.40000153 -12.71521282 2.1130662 35.40000153 -13.18307686 2.62927437 35.40000153 -13.2869339 2.68478703 35.40000153 -13.2343235 2.65830541 35.40000153 -13.34078026 2.70865536 35.40000153 -12.80223656 2.26668429 35.40000153 -12.77072525 2.21692324 35.40000153 -12.83615112 2.31483912 35.40000153 -13.08516121 2.56384897 35.40000153 -13.13331604 2.59776354 35.40000153 -12.99412918 2.48914146 35.40000153 -13.03872776 2.52761245 35.40000153 -12.95147228 2.44852805 35.40000153 -12.87238789 2.36127186 35.40000153 -12.91085911 2.40587068 35.40000153 18.19855499 -1.65888119 35.40000153 18.20000076 -1.60000002 35.40000153 18.1942215 -1.71762061 35.40000153 18.18701172 -1.77607656 35.40000153 18.17694283 -1.83410835 35.40000153 18.1640377 -1.89157617 35.40000153 18.14832878 -1.94834161 35.40000153 18.12985229 -2.00426793 35.40000153 18.10865593 -2.05922008 35.40000153 18.08478737 -2.1130662 35.40000153 18.05830574 -2.16567612 35.40000153 18.02927399 -2.21692324 35.40000153 17.99776268 -2.26668429 35.40000153 17.96384811 -2.31483912 35.40000153 17.9276123 -2.36127186 35.40000153 17.88914108 -2.40587068 35.40000153 17.84852791 -2.44852805 35.40000153 17.80587006 -2.48914146 35.40000153 17.76127243 -2.52761245 35.40000153 17.71483994 -2.56384897 35.40000153 17.6666851 -2.59776354 35.40000153 17.61692238 -2.62927437 35.40000153 17.56567574 -2.65830541 35.40000153 17.51306534 -2.68478703 35.40000153 17.45922089 -2.70865536 35.40000153 17.40426826 -2.72985291 35.40000153 17.34834099 -2.74832845 35.40000153 17.29157639 -2.76403761 35.40000153 17.23410797 -2.77694225 35.40000153 17.17607689 -2.78701186 35.40000153 17.11762047 -2.79422164 35.40000153 17.05888176 -2.79855466 35.40000153 17 -2.79999995 35.40000153 18.20000076 1.60000002 35.40000153 12.80223656 -2.26668429 35.40000153 12.87238789 -2.36127186 35.40000153 12.83615112 -2.31483912 35.40000153 12.91085911 -2.40587068 35.40000153 12.95147228 -2.44852805 35.40000153 12.99412918 -2.48914146 35.40000153 13.03872776 -2.52761245 35.40000153 13.2869339 -2.68478703 35.40000153 13.08516121 -2.56384897 35.40000153 13.13331604 -2.59776354 35.40000153 13.18307686 -2.62927437 35.40000153 13.2343235 -2.65830541 35.40000153 12.71521282 -2.1130662 35.40000153 12.77072525 -2.21692324 35.40000153 12.74169445 -2.16567612 35.40000153 12.69134426 -2.05922008 35.40000153 13.39573193 -2.72985291 35.40000153 13.34078026 -2.70865536 35.40000153 12.63596249 -1.89157617 35.40000153 12.67014694 -2.00426793 35.40000153 12.65167141 -1.94834161 35.40000153 13.56589127 -2.77694225 35.40000153 13.45165825 -2.74832845 35.40000153 13.50842381 -2.76403761 35.40000153 12.62305737 -1.83410835 35.40000153 12.61298847 -1.77607656 35.40000153 13.74111843 -2.79855466 35.40000153 13.6239233 -2.78701186 35.40000153 13.68237972 -2.79422164 35.40000153 12.6014452 -1.65888119 35.40000153 12.60577869 -1.71762061 35.40000153 13.80000019 -2.79999995 35.40000153 12.60000038 -1.60000002 35.40000153 12.61298847 1.77607656 35.40000153 12.6014452 1.65888119 35.40000153 12.60577869 1.71762061 35.40000153 12.62305737 1.83410835 35.40000153 12.60000038 1.60000002 35.40000153 12.63596249 1.89157617 35.40000153 12.65167141 1.94834161 35.40000153 12.69134426 2.05922008 35.40000153 12.67014694 2.00426793 35.40000153 12.77072525 2.21692324 35.40000153 12.71521282 2.1130662 35.40000153 12.74169445 2.16567612 35.40000153 12.80223656 2.26668429 35.40000153 12.87238789 2.36127186 35.40000153 12.83615112 2.31483912 35.40000153 12.91085911 2.40587068 35.40000153 12.99412918 2.48914146 35.40000153 12.95147228 2.44852805 35.40000153 13.03872776 2.52761245 35.40000153 13.08516121 2.56384897 35.40000153 13.2343235 2.65830541 35.40000153 13.13331604 2.59776354 35.40000153 13.18307686 2.62927437 35.40000153 13.2869339 2.68478703 35.40000153 13.45165825 2.74832845 35.40000153 13.34078026 2.70865536 35.40000153 13.39573193 2.72985291 35.40000153 13.50842381 2.76403761 35.40000153 13.56589127 2.77694225 35.40000153 13.6239233 2.78701186 35.40000153 13.80000019 2.79999995 35.40000153 13.68237972 2.79422164 35.40000153 13.74111843 2.79855466 35.40000153 17 2.79999995 35.40000153 18.19855499 1.65888119 35.40000153 17.11762047 2.79422164 35.40000153 17.05888176 2.79855466 35.40000153 18.18701172 1.77607656 35.40000153 18.1942215 1.71762061 35.40000153 18.17694283 1.83410835 35.40000153 17.29157639 2.76403761 35.40000153 17.17607689 2.78701186 35.40000153 17.23410797 2.77694225 35.40000153 17.34834099 2.74832845 35.40000153 18.1640377 1.89157617 35.40000153 18.14832878 1.94834161 35.40000153 17.40426826 2.72985291 35.40000153 18.08478737 2.1130662 35.40000153 18.10865593 2.05922008 35.40000153 18.12985229 2.00426793 35.40000153 17.51306534 2.68478703 35.40000153 17.45922089 2.70865536 35.40000153 17.56567574 2.65830541 35.40000153 17.61692238 2.62927437 35.40000153 17.99776268 2.26668429 35.40000153 18.02927399 2.21692324 35.40000153 18.05830574 2.16567612 35.40000153 17.9276123 2.36127186 35.40000153 17.96384811 2.31483912 35.40000153 17.76127243 2.52761245 35.40000153 17.6666851 2.59776354 35.40000153 17.71483994 2.56384897 35.40000153 17.80587006 2.48914146 35.40000153 17.88914108 2.40587068 35.40000153 17.84852791 2.44852805 109.39649963 -6 -60.60057068 109.39825439 -5.8903389 -60.59847641 109.40352631 -5.78095055 -60.59219742 109.41229248 -5.67210722 -60.58174896 109.42453766 -5.56407833 -60.56715393 109.44022369 -5.45713377 -60.5484581 109.45932007 -5.35153866 -60.52569962 109.48178101 -5.24755573 -60.4989357 109.50753784 -5.14544344 -60.46823502 109.53653717 -5.04545593 -60.43367386 109.56871033 -4.94784117 -60.39533615 109.60396576 -4.85284233 -60.35332108 109.64221954 -4.76069593 -60.30773163 109.68338013 -4.67163038 -60.25867844 109.7273407 -4.5858674 -60.20628738 109.77399445 -4.50362015 -60.15068436 109.82322693 -4.4250927 -60.0920105 109.87491608 -4.35048151 -60.03041077 109.92893219 -4.27997065 -59.96603775 109.98513794 -4.21373653 -59.89905548 110.043396 -4.15194321 -59.82962418 110.1035614 -4.09474421 -59.75792313 110.1654892 -4.0422821 -59.68412399 110.22901154 -3.99468708 -59.6084137 110.29399109 -3.95207787 -59.53098297 110.36024475 -3.91455984 -59.45201874 110.42762756 -3.88222671 -59.37171936 110.49595642 -3.85515857 -59.29028702 110.56507111 -3.8334229 -59.20792007 110.63478851 -3.81707382 -59.12482834 110.70494843 -3.80615163 -59.04121399 110.77537537 -3.80068374 -58.95728683 110.84588623 -3.80068374 -58.87325668 110.91630554 -3.80615163 -58.78932953 110.98646545 -3.81707382 -58.70571518 111.05619049 -3.8334229 -58.62262344 111.12530518 -3.85515857 -58.54026031 111.19363403 -3.88222671 -58.45882797 111.26100922 -3.91455984 -58.37852859 111.32727051 -3.95207787 -58.29956436 111.39224243 -3.99468708 -58.22213364 111.4557724 -4.0422821 -58.14642334 111.51769257 -4.09474421 -58.07262421 111.57785797 -4.15194321 -58.00091934 111.63612366 -4.21373653 -57.93149185 111.69232941 -4.27997065 -57.86450577 111.74633789 -4.35048151 -57.80013657 111.79802704 -4.4250927 -57.73853683 111.84725952 -4.50362015 -57.67986298 111.8939209 -4.5858674 -57.62425995 111.93788147 -4.67163038 -57.5718689 111.97904205 -4.76069593 -57.5228157 112.01729584 -4.85284233 -57.47722244 112.05255127 -4.94784117 -57.43520737 112.0847168 -5.04545593 -57.39687347 112.11371613 -5.14544344 -57.36231232 112.13948059 -5.24755573 -57.33161163 112.1619339 -5.35153866 -57.30484772 112.18103027 -5.45713377 -57.28208923 112.19672394 -5.56407833 -57.26338959 112.20896912 -5.67210722 -57.24879837 112.21773529 -5.78095055 -57.23834991 112.2230072 -5.8903389 -57.23207092 112.22476196 -6 -57.22997665 112.2230072 -6.1096611 -57.23207092 112.21773529 -6.21904945 -57.23834991 112.20896912 -6.32789278 -57.24879837 112.19672394 -6.43592167 -57.26338959 112.18103027 -6.54286623 -57.28208923 112.1619339 -6.64846134 -57.30484772 112.13948059 -6.75244427 -57.33161163 112.11371613 -6.85455656 -57.36231232 112.0847168 -6.95454407 -57.39687347 112.05255127 -7.05215883 -57.43520737 112.01729584 -7.14715767 -57.47722244 111.97904205 -7.23930407 -57.5228157 111.93788147 -7.32836962 -57.5718689 111.8939209 -7.4141326 -57.62425995 111.84725952 -7.49637985 -57.67986298 111.79802704 -7.5749073 -57.73853683 111.74633789 -7.64951849 -57.80013657 111.69232941 -7.72002935 -57.86450577 111.63612366 -7.78626347 -57.93149185 111.57785797 -7.84805679 -58.00091934 111.51769257 -7.90525579 -58.07262421 111.4557724 -7.9577179 -58.14642334 111.39224243 -8.00531292 -58.22213364 111.32727051 -8.04792213 -58.29956436 111.26100922 -8.08544064 -58.37852859 111.19363403 -8.11777306 -58.45882797 111.12530518 -8.14484119 -58.54026031 111.05619049 -8.16657734 -58.62262344 110.98646545 -8.18292618 -58.70571518 110.91630554 -8.19384861 -58.78932953 110.84588623 -8.19931602 -58.87325668 110.77537537 -8.19931602 -58.95728683 110.70494843 -8.19384861 -59.04121399 110.63478851 -8.18292618 -59.12482834 110.56507111 -8.16657734 -59.20792007 110.49595642 -8.14484119 -59.29028702 110.42762756 -8.11777306 -59.37171936 110.36024475 -8.08544064 -59.45201874 110.29399109 -8.04792213 -59.53098297 110.22901154 -8.00531292 -59.6084137 110.1654892 -7.9577179 -59.68412399 110.1035614 -7.90525579 -59.75792313 110.043396 -7.84805679 -59.82962418 109.98513794 -7.78626347 -59.89905548 109.92893219 -7.72002935 -59.96603775 109.87491608 -7.64951849 -60.03041077 109.82322693 -7.5749073 -60.0920105 109.77399445 -7.49637985 -60.15068436 109.7273407 -7.4141326 -60.20628738 109.68338013 -7.32836962 -60.25867844 109.64221954 -7.23930407 -60.30773163 109.60396576 -7.14715767 -60.35332108 109.56871033 -7.05215883 -60.39533615 109.53653717 -6.95454407 -60.43367386 109.50753784 -6.85455656 -60.46823502 109.48178101 -6.75244427 -60.4989357 109.45932007 -6.64846134 -60.52569962 109.44022369 -6.54286623 -60.5484581 109.42453766 -6.43592167 -60.56715393 109.41229248 -6.32789278 -60.58174896 109.40352631 -6.21904945 -60.59219742 109.39825439 -6.1096611 -60.59847641 110.27204895 -6.85904026 -59.55712891 110.24519348 -6.81620741 -59.58913422 110.30023956 -6.89973736 -59.52352905 110.21974182 -6.77134514 -59.61946106 110.32970428 -6.93819761 -59.48841858 110.19576263 -6.72456551 -59.64804077 110.36035919 -6.97432566 -59.45188141 110.17331696 -6.67598391 -59.67479706 110.39213562 -7.00803089 -59.41400909 110.15245056 -6.62572241 -59.69966507 110.42495728 -7.03923035 -59.37490082 110.13321686 -6.57390499 -59.72257996 110.4587326 -7.0678463 -59.33464432 110.11566925 -6.5206604 -59.74349213 110.49338531 -7.09380722 -59.29335022 110.09985352 -6.46612167 -59.76234436 110.52882385 -7.11704826 -59.25111389 110.08580017 -6.41042423 -59.77908707 110.56496429 -7.13751268 -59.20804214 110.07355499 -6.35370636 -59.79368591 110.60171509 -7.15514898 -59.16424561 110.06313324 -6.29610872 -59.80609894 110.63899231 -7.16991329 -59.11982727 110.05458069 -6.23777533 -59.81629944 110.67668915 -7.18176937 -59.07489777 110.04789734 -6.17885065 -59.82426071 110.71471405 -7.19068718 -59.02957535 110.04311371 -6.11948156 -59.82995987 110.75298309 -7.19664478 -58.98397064 110.04024506 -6.05981493 -59.83338547 110.79139709 -7.19962692 -58.93819046 110.03928375 -6 -59.83452606 110.82985687 -7.19962692 -58.89235687 110.04024506 -5.94018507 -59.83338547 110.86827087 -7.19664478 -58.84657669 110.04311371 -5.88051844 -59.82995987 110.90653992 -7.19068718 -58.80096817 110.04789734 -5.82114935 -59.82426071 110.94457245 -7.18176937 -58.75564575 110.05458069 -5.76222467 -59.81629944 110.98226929 -7.16991329 -58.71072006 110.06313324 -5.70389128 -59.80609894 111.01953888 -7.15514898 -58.66630173 110.07355499 -5.64629364 -59.79368591 111.05628967 -7.13751268 -58.62250137 110.08580017 -5.58957577 -59.77908707 111.09243011 -7.11704826 -58.57943344 110.09985352 -5.53387833 -59.76234436 111.12787628 -7.09380722 -58.53719711 110.11566925 -5.4793396 -59.74349213 111.16252136 -7.0678463 -58.4958992 110.13321686 -5.42609501 -59.72257996 111.19630432 -7.03923035 -58.45564651 110.15245056 -5.37427759 -59.69966507 111.22911835 -7.00803089 -58.41653442 110.17331696 -5.32401609 -59.67479706 111.26089478 -6.97432566 -58.37866592 110.19576263 -5.27543449 -59.64804077 111.29155731 -6.93819761 -58.34212875 110.21974182 -5.22865486 -59.61946106 111.3210144 -6.89973736 -58.30701447 110.24519348 -5.18379259 -59.58913422 111.34921265 -6.85904026 -58.27341461 110.27204895 -5.14095974 -59.55712891 110.30023956 -5.10026264 -59.52352905 111.37606812 -6.81620741 -58.24141312 111.40151215 -6.77134514 -58.21108246 110.32970428 -5.06180239 -59.48841858 111.42549133 -6.72456551 -58.18250656 110.36035919 -5.02567434 -59.45188141 110.39213562 -4.99196911 -59.41400909 111.44794464 -6.67598391 -58.15575027 110.42495728 -4.96076965 -59.37490082 111.46881104 -6.62572241 -58.13088226 111.48804474 -6.57390499 -58.10796356 110.4587326 -4.9321537 -59.33464432 111.50558472 -6.5206604 -58.08705521 110.49338531 -4.90619278 -59.29335022 111.52140808 -6.46612167 -58.06820297 110.52882385 -4.88295174 -59.25111389 110.56496429 -4.86248732 -59.20804214 111.5354538 -6.41042423 -58.05145645 111.5477066 -6.35370636 -58.0368576 110.60171509 -4.84485102 -59.16424561 111.55812073 -6.29610872 -58.02444458 110.63899231 -4.83008671 -59.11982727 111.56668091 -6.23777533 -58.01424789 110.67668915 -4.81823063 -59.07489777 111.57335663 -6.17885065 -58.00628662 110.71471405 -4.80931282 -59.02957535 111.57814026 -6.11948156 -58.00058746 110.75298309 -4.80335522 -58.98397064 110.79139709 -4.80037308 -58.93819046 111.58101654 -6.05981493 -57.99716187 110.82985687 -4.80037308 -58.89235687 111.58197784 -6 -57.99602127 111.58101654 -5.94018507 -57.99716187 110.86827087 -4.80335522 -58.84657669 111.57814026 -5.88051844 -58.00058746 110.90653992 -4.80931282 -58.80096817 111.57335663 -5.82114935 -58.00628662 111.56668091 -5.76222467 -58.01424789 110.94457245 -4.81823063 -58.75564575 110.98226929 -4.83008671 -58.71072006 111.01953888 -4.84485102 -58.66630173 111.55812073 -5.70389128 -58.02444458 111.05628967 -4.86248732 -58.62250137 111.5477066 -5.64629364 -58.0368576 111.09243011 -4.88295174 -58.57943344 111.5354538 -5.58957577 -58.05145645 111.52140808 -5.53387833 -58.06820297 111.12787628 -4.90619278 -58.53719711 111.50558472 -5.4793396 -58.08705521 111.48804474 -5.42609501 -58.10796356 111.16252136 -4.9321537 -58.4958992 111.19630432 -4.96076965 -58.45564651 111.22911835 -4.99196911 -58.41653442 111.46881104 -5.37427759 -58.13088226 111.44794464 -5.32401609 -58.15575027 111.26089478 -5.02567434 -58.37866592 111.29155731 -5.06180239 -58.34212875 111.42549133 -5.27543449 -58.18250656 111.40151215 -5.22865486 -58.21108246 111.3210144 -5.10026264 -58.30701447 111.37606812 -5.18379259 -58.24141312 111.34921265 -5.14095974 -58.27341461 97.10745239 -8.01561546 -75.24608612 97.16927338 -8.13709164 -75.17240906 97.22711182 -8.26322174 -75.10347748 97.28083038 -8.39368916 -75.03945923 97.33029175 -8.52816963 -74.98051453 97.37537384 -8.66632748 -74.92678833 97.41595459 -8.80781555 -74.87841797 97.45195007 -8.95228291 -74.83552551 97.48325348 -9.09936714 -74.79821777 97.50979614 -9.24870014 -74.7665863 97.53151703 -9.39991093 -74.7407074 97.54834747 -9.55262089 -74.72064972 97.56024933 -9.7064476 -74.70645905 97.56719971 -9.86100864 -74.69817352 97.56917572 -10.01591587 -74.69581604 97.56617737 -10.170784 -74.69939423 97.55820465 -10.32522488 -74.70889282 97.54528809 -10.47885418 -74.72428894 97.52745056 -10.63128662 -74.74555206 97.50473785 -10.78214264 -74.77261353 97.477211 -10.93104458 -74.80541992 97.44493103 -11.07762051 -74.84388733 97.4079895 -11.22150421 -74.88791656 97.36647034 -11.36233807 -74.93739319 97.32048798 -11.4997673 -74.99220276 97.2701416 -11.63345051 -75.05220032 97.21556091 -11.76305389 -75.11724091 97.15689087 -11.88825226 -75.18716431 97.09427643 -12.0087347 -75.26178741 97.02786255 -12.12419891 -75.34093475 96.95783234 -12.23435688 -75.4243927 96.88434601 -12.33893299 -75.51197052 96.8075943 -12.43766689 -75.60343933 96.72776794 -12.53031158 -75.69857788 96.64506531 -12.61663532 -75.7971344 96.55969238 -12.69642258 -75.89888 96.47186279 -12.76947498 -76.00354767 96.38179779 -12.83560848 -76.11087799 96.28972626 -12.89465809 -76.22061157 96.19586945 -12.94647789 -76.33246613 96.10046387 -12.99093628 -76.44616699 96.00375366 -13.02792454 -76.56142426 95.90596771 -13.05734825 -76.67795563 95.80736542 -13.07913494 -76.79546356 95.70819092 -13.09322929 -76.91365814 95.60868073 -13.09959698 -77.03224945 95.50909424 -13.09822273 -77.15093231 95.4096756 -13.08910847 -77.26941681 95.31066895 -13.07227707 -77.3874054 95.21233368 -13.04777145 -77.50460052 95.11489868 -13.01565266 -77.62071228 95.01862335 -12.97600079 -77.73545074 94.9237442 -12.92891502 -77.848526 94.83049011 -12.87451267 -77.95965576 94.73910522 -12.81293011 -78.068573 94.64981079 -12.74431992 -78.17498779 94.56282806 -12.66885471 -78.27864838 94.4783783 -12.58672333 -78.37928772 94.39667511 -12.49812984 -78.47666168 94.31791687 -12.40329552 -78.57051849 94.24230194 -12.30245876 -78.6606369 94.17002106 -12.19586945 -78.74677277 94.10125732 -12.08379555 -78.82872772 94.03617859 -11.96651649 -78.90628815 93.97494507 -11.84432411 -78.97926331 93.91770935 -11.71752548 -79.04747009 93.86461639 -11.58643532 -79.11074066 93.81581116 -11.45138359 -79.16891479 93.77139282 -11.31270599 -79.2218399 93.73149109 -11.17074871 -79.26940155 93.69618988 -11.02586746 -79.3114624 93.66559601 -10.87842274 -79.34793091 93.63977051 -10.72878456 -79.37870789 93.61878204 -10.57732487 -79.40371704 93.60268402 -10.42442417 -79.42290497 93.59152222 -10.27046299 -79.43621063 93.58531189 -10.11582565 -79.44360352 93.58408356 -9.96089935 -79.44507599 93.58782196 -9.80607128 -79.44061279 93.59653473 -9.65172672 -79.43022919 93.61019135 -9.49825191 -79.41395569 93.62876892 -9.34603119 -79.39182281 93.65219879 -9.19544411 -79.3638916 93.68044281 -9.04686642 -79.33023071 93.71342468 -8.90067005 -79.2909317 93.75106049 -8.75722027 -79.24607849 93.79325104 -8.61687374 -79.19579315 93.83989716 -8.47998333 -79.14019775 93.8908844 -8.3468895 -79.07943726 93.94608307 -8.21792507 -79.01365662 94.00535583 -8.0934124 -78.94301605 94.06855011 -7.9736619 -78.8677063 94.13551331 -7.85897398 -78.78790283 94.20607758 -7.74963379 -78.70381165 94.28005981 -7.64591551 -78.61563873 94.35728455 -7.54807758 -78.52360535 94.43755341 -7.45636415 -78.42794037 94.52066803 -7.37100506 -78.32888794 94.60642242 -7.29221344 -78.2266922 94.69460297 -7.22018576 -78.12160492 94.78498077 -7.15510178 -78.01390076 94.87733459 -7.09712458 -77.90383148 94.97144318 -7.04639912 -77.79168701 95.06705475 -7.00305128 -77.67773438 95.16394043 -6.96718979 -77.56226349 95.26186371 -6.93890476 -77.4455719 95.23334503 -6.83848667 -77.47955322 95.20809174 -6.73598051 -77.50965881 95.1861496 -6.63164186 -77.53580475 95.16757965 -6.52573061 -77.55792999 95.1524353 -6.41850996 -77.57598114 95.14074707 -6.31024742 -77.58991241 95.13253784 -6.20121241 -77.5996933 95.12783813 -6.09167624 -77.60529327 95.12666321 -5.98191166 -77.60669708 95.1289978 -5.87219238 -77.60391235 95.13485718 -5.76279116 -77.59693146 95.14421082 -5.65398073 -77.58578491 95.15704346 -5.54603195 -77.57048798 95.17332458 -5.43921328 -77.55108643 95.19300842 -5.33379126 -77.52762604 95.21604919 -5.23002815 -77.50016785 95.24238586 -5.12818193 -77.46878052 95.2719574 -5.02850676 -77.43354034 95.3046875 -4.93125057 -77.39453125 95.34049988 -4.83665562 -77.35186005 95.37929535 -4.74495745 -77.30561829 95.42098236 -4.65638399 -77.25593567 95.46546173 -4.5711565 -77.20293427 95.51261902 -4.48948669 -77.14673615 95.56233215 -4.41157818 -77.08748627 95.61447906 -4.33762455 -77.02533722 95.66893768 -4.26781034 -76.96043396 95.72557068 -4.20230913 -76.89295197 95.78422546 -4.14128447 -76.82304382 95.84476471 -4.08488798 -76.75089264 95.90704346 -4.03325987 -76.67668152 95.97089386 -3.98652935 -76.60057831 96.03616333 -3.94481206 -76.52279663 96.10269165 -3.90821242 -76.44351196 96.17031097 -3.87682104 -76.36292267 96.23885345 -3.85071659 -76.28124237 96.30814362 -3.82996368 -76.1986618 96.37801361 -3.8146143 -76.11538696 96.44829559 -3.80470634 -76.0316391 96.51879883 -3.80026484 -75.94760895 96.5893631 -3.80130053 -75.86351776 96.6598053 -3.80781126 -75.77957153 96.72994995 -3.81978035 -75.69597626 96.79962158 -3.83717799 -75.61293793 96.86865234 -3.85996127 -75.5306778 96.93686676 -3.88807321 -75.4493866 97.00408936 -3.92144394 -75.36927032 97.07015991 -3.95999026 -75.29052734 97.13491821 -4.00361586 -75.21335602 97.19818878 -4.05221272 -75.13794708 97.25982666 -4.10565996 -75.06449127 97.31967163 -4.1638236 -74.99317169 97.37757874 -4.22655916 -74.92415619 97.43340302 -4.29371119 -74.85762787 97.48700714 -4.36511135 -74.79374695 97.53824615 -4.44058275 -74.73268127 97.58701324 -4.51993656 -74.67456818 97.63316345 -4.60297632 -74.61956024 97.67660522 -4.68949461 -74.5677948 97.71720886 -4.77927542 -74.51940155 97.75489044 -4.87209654 -74.47450256 97.78954315 -4.96772575 -74.43319702 97.8210907 -5.0659256 -74.39560699 97.84944153 -5.16645098 -74.36180878 97.87454224 -5.26905203 -74.33190155 97.89631653 -5.37347317 -74.30594635 97.91471863 -5.47945452 -74.28401947 97.92970276 -5.58673191 -74.26616669 97.94122314 -5.69503832 -74.25243378 97.9492569 -5.80410385 -74.24285889 97.95378876 -5.91365767 -74.23745728 97.95479584 -6.02342606 -74.23625946 97.95228577 -6.13313627 -74.23925018 97.94625854 -6.24251509 -74.24642944 97.93672943 -6.35128975 -74.25778198 97.92372894 -6.45918989 -74.27327728 97.9072876 -6.56594658 -74.2928772 97.88743591 -6.67129421 -74.31653595 97.86423492 -6.77497005 -74.34418488 97.83773804 -6.87671661 -74.37576294 97.80801392 -6.97627974 -74.41119385 97.77513123 -7.07341194 -74.45037842 97.73917389 -7.16787148 -74.4932251 97.70023346 -7.25942326 -74.5396347 97.65840912 -7.34783888 -74.58948517 97.61379242 -7.43289852 -74.64264679 97.56651306 -7.51438999 -74.6989975 97.51667786 -7.59211063 -74.7583847 97.46440887 -7.66586685 -74.82067871 97.40984344 -7.73547554 -74.88570404 97.3531189 -7.80076265 -74.95331573 97.29436493 -7.86156559 -75.02333069 97.23373413 -7.91773367 -75.09558868 97.17137909 -7.96912622 -75.16989899 94.81357574 -11.2169733 -77.97982025 94.77552795 -11.15629387 -78.02516174 94.85351562 -11.27462769 -77.93222046 94.73947906 -11.09273911 -78.06813049 94.89524841 -11.32911396 -77.88248444 94.70550537 -11.02646732 -78.10861206 94.93868256 -11.3802948 -77.83071899 94.67369843 -10.95764446 -78.14651489 94.98370361 -11.42804432 -77.77706909 94.64414215 -10.88644028 -78.18174744 95.03019714 -11.47224331 -77.72166443 94.61689758 -10.81303215 -78.21421051 95.07804108 -11.5127821 -77.6646347 94.59204102 -10.73760223 -78.24383545 95.12713623 -11.54955959 -77.60613251 94.56963348 -10.66033936 -78.27054596 95.17733765 -11.5824852 -77.5463028 94.54972076 -10.58143425 -78.29426575 95.22853851 -11.6114769 -77.4852829 94.53237152 -10.50108337 -78.31494904 95.2806015 -11.63646126 -77.42323303 94.51761627 -10.41948795 -78.33253479 95.33340454 -11.65737724 -77.36031342 94.50549316 -10.33684826 -78.34697723 95.3868103 -11.67417336 -77.29666138 94.49603271 -10.25337219 -78.35825348 95.44068909 -11.68680668 -77.23245239 94.48925781 -10.16926575 -78.36633301 95.49490356 -11.6952467 -77.16784668 94.48518372 -10.08473778 -78.3711853 95.54931641 -11.69947147 -77.1029892 94.48382568 -10 -78.37280273 95.60380554 -11.69947147 -77.03806305 94.48518372 -9.91526222 -78.3711853 95.65822601 -11.6952467 -76.97320557 94.48925781 -9.83073425 -78.36633301 95.71244049 -11.68680668 -76.90859985 94.49603271 -9.74662781 -78.35825348 95.76631165 -11.67417336 -76.84439087 94.50549316 -9.66315174 -78.34697723 95.81971741 -11.65737724 -76.78074646 94.51761627 -9.58051205 -78.33253479 95.87252045 -11.63646126 -76.71781921 94.53237152 -9.49891663 -78.31494904 95.92458344 -11.6114769 -76.65576935 94.54972076 -9.41856575 -78.29426575 95.9757843 -11.5824852 -76.59474945 94.56963348 -9.33966064 -78.27054596 96.02599335 -11.54955959 -76.53491974 94.59204102 -9.26239777 -78.24383545 96.07508087 -11.5127821 -76.47641754 94.61689758 -9.18696785 -78.21421051 96.12293243 -11.47224331 -76.41938782 94.64414215 -9.11355972 -78.18174744 96.16942596 -11.42804432 -76.36398315 94.67369843 -9.04235554 -78.14651489 96.21443939 -11.3802948 -76.31033325 94.70550537 -8.97353268 -78.10861206 96.25787354 -11.32911396 -76.25856781 94.73947906 -8.90726089 -78.06813049 96.29961395 -11.27462769 -76.20883179 94.77552795 -8.84370613 -78.02516174 96.33955383 -11.2169733 -76.16123199 94.81357574 -8.7830267 -77.97982025 96.37759399 -11.15629387 -76.1158905 94.85351562 -8.72537231 -77.93222046 94.89524841 -8.67088604 -77.88248444 96.41365051 -11.09273911 -76.07292175 94.93868256 -8.6197052 -77.83071899 96.44762421 -11.02646732 -76.03244019 94.98370361 -8.57195568 -77.77706909 96.47942352 -10.95764446 -75.99453735 95.03019714 -8.52775669 -77.72166443 96.50898743 -10.88644028 -75.95930481 95.07804108 -8.4872179 -77.6646347 96.53623199 -10.81303215 -75.92684174 95.12713623 -8.45044041 -77.60613251 96.56108856 -10.73760223 -75.8972168 95.17733765 -8.4175148 -77.5463028 96.58349609 -10.66033936 -75.87051392 95.22853851 -8.3885231 -77.4852829 96.60340118 -10.58143425 -75.8467865 95.2806015 -8.36353874 -77.42323303 96.62075806 -10.50108337 -75.82611084 95.33340454 -8.34262276 -77.36031342 96.63551331 -10.41948795 -75.80851746 95.3868103 -8.32582664 -77.29666138 96.64763641 -10.33684826 -75.79407501 95.60380554 -8.30052853 -77.03806305 95.65822601 -8.3047533 -76.97320557 95.54931641 -8.30052853 -77.1029892 95.49490356 -8.3047533 -77.16784668 95.44068909 -8.31319332 -77.23245239 96.65709686 -10.25337219 -75.78279877 96.66387177 -10.16926575 -75.77471924 96.66794586 -10.08473778 -75.76986694 96.66930389 -10 -75.76824951 96.66794586 -9.91526222 -75.76986694 96.66387177 -9.83073425 -75.77471924 96.65709686 -9.74662781 -75.78279877 96.64763641 -9.66315174 -75.79407501 96.63551331 -9.58051205 -75.80851746 95.97531128 -6.81620741 -76.59532166 96.00215912 -6.85904026 -76.56331635 96.03035736 -6.89973736 -76.52971649 95.94985962 -6.77134514 -76.6256485 96.05982208 -6.93819761 -76.49460602 95.71244049 -8.31319332 -76.90859985 95.92588043 -6.72456551 -76.65422821 96.09047699 -6.97432566 -76.45806885 95.76631165 -8.32582664 -76.84439087 95.90342712 -6.67598391 -76.6809845 96.12225342 -7.00803089 -76.42019653 95.81971741 -8.34262276 -76.78074646 95.88256073 -6.62572241 -76.70584869 96.15507507 -7.03923035 -76.38108826 96.62075806 -9.49891663 -75.82611084 95.86333466 -6.57390499 -76.7287674 96.1888504 -7.0678463 -76.34083557 95.87252045 -8.36353874 -76.71781921 95.84578705 -6.5206604 -76.74967957 96.22350311 -7.09380722 -76.29953766 95.92458344 -8.3885231 -76.65576935 95.82997131 -6.46612167 -76.7685318 96.25894165 -7.11704826 -76.25730133 95.9757843 -8.4175148 -76.59474945 95.81591797 -6.41042423 -76.78527832 96.60340118 -9.41856575 -75.8467865 96.29508209 -7.13751268 -76.21422577 96.02599335 -8.45044041 -76.53491974 95.80366516 -6.35370636 -76.79987335 96.33183289 -7.15514898 -76.17043304 95.79325104 -6.29610872 -76.81228638 96.58349609 -9.33966064 -75.87051392 96.36910248 -7.16991329 -76.12601471 96.07508087 -8.4872179 -76.47641754 95.78469086 -6.23777533 -76.82248688 96.40679932 -7.18176937 -76.08108521 96.12293243 -8.52775669 -76.41938782 96.56108856 -9.26239777 -75.8972168 95.77801514 -6.17885065 -76.83044434 96.44483185 -7.19068718 -76.0357666 96.16942596 -8.57195568 -76.36398315 95.77323151 -6.11948156 -76.83614349 96.53623199 -9.18696785 -75.92684174 96.48310089 -7.19664478 -75.99015808 96.21443939 -8.6197052 -76.31033325 95.77035522 -6.05981493 -76.83956909 96.50898743 -9.11355972 -75.95930481 96.52151489 -7.19962692 -75.94437408 95.76940155 -6 -76.8407135 96.47942352 -9.04235554 -75.99453735 96.55997467 -7.19962692 -75.89854431 96.25787354 -8.67088604 -76.25856781 96.44762421 -8.97353268 -76.03244019 95.77035522 -5.94018507 -76.83956909 96.41365051 -8.90726089 -76.07292175 96.37759399 -8.84370613 -76.1158905 96.33955383 -8.7830267 -76.16123199 96.29961395 -8.72537231 -76.20883179 96.59838867 -7.19664478 -75.85276031 95.77323151 -5.88051844 -76.83614349 96.63665771 -7.19068718 -75.80715942 95.77801514 -5.82114935 -76.83044434 96.67469025 -7.18176937 -75.76183319 95.78469086 -5.76222467 -76.82248688 96.71238708 -7.16991329 -75.71690369 95.79325104 -5.70389128 -76.81228638 96.74965668 -7.15514898 -75.67248535 95.80366516 -5.64629364 -76.79987335 96.78640747 -7.13751268 -75.62869263 95.81591797 -5.58957577 -76.78527832 96.82254791 -7.11704826 -75.58561707 95.82997131 -5.53387833 -76.7685318 96.85798645 -7.09380722 -75.54338074 95.84578705 -5.4793396 -76.74967957 96.89263916 -7.0678463 -75.50208282 95.86333466 -5.42609501 -76.7287674 96.92641449 -7.03923035 -75.46183014 95.88256073 -5.37427759 -76.70584869 96.95923615 -7.00803089 -75.42272186 95.90342712 -5.32401609 -76.6809845 96.99101257 -6.97432566 -75.38484955 95.92588043 -5.27543449 -76.65422821 97.02166748 -6.93819761 -75.34831238 95.94985962 -5.22865486 -76.6256485 97.0511322 -6.89973736 -75.3132019 95.97531128 -5.18379259 -76.59532166 97.07932281 -6.85904026 -75.27960205 96.00215912 -5.14095974 -76.56331635 97.10617828 -6.81620741 -75.24759674 96.03035736 -5.10026264 -76.52971649 96.05982208 -5.06180239 -76.49460602 97.13162994 -6.77134514 -75.2172699 96.09047699 -5.02567434 -76.45806885 97.15560913 -6.72456551 -75.18869019 96.12225342 -4.99196911 -76.42019653 97.17806244 -6.67598391 -75.1619339 96.15507507 -4.96076965 -76.38108826 97.19892883 -6.62572241 -75.1370697 96.1888504 -4.9321537 -76.34083557 97.21815491 -6.57390499 -75.114151 96.22350311 -4.90619278 -76.29953766 97.23570251 -6.5206604 -75.09323883 96.25894165 -4.88295174 -76.25730133 97.25151825 -6.46612167 -75.0743866 96.29508209 -4.86248732 -76.21422577 97.26557159 -6.41042423 -75.05764771 96.33183289 -4.84485102 -76.17043304 97.2778244 -6.35370636 -75.04304504 96.36910248 -4.83008671 -76.12601471 97.28823853 -6.29610872 -75.03063202 96.40679932 -4.81823063 -76.08108521 97.29679871 -6.23777533 -75.02043152 96.44483185 -4.80931282 -76.0357666 97.30347443 -6.17885065 -75.01247406 96.48310089 -4.80335522 -75.99015808 97.30825806 -6.11948156 -75.0067749 96.52151489 -4.80037308 -75.94437408 97.31113434 -6.05981493 -75.0033493 96.55997467 -4.80037308 -75.89854431 97.31208801 -6 -75.0022049 96.59838867 -4.80335522 -75.85276031 97.31113434 -5.94018507 -75.0033493 96.63665771 -4.80931282 -75.80715942 97.30825806 -5.88051844 -75.0067749 96.67469025 -4.81823063 -75.76183319 97.30347443 -5.82114935 -75.01247406 96.71238708 -4.83008671 -75.71690369 97.29679871 -5.76222467 -75.02043152 96.74965668 -4.84485102 -75.67248535 97.28823853 -5.70389128 -75.03063202 96.78640747 -4.86248732 -75.62869263 97.2778244 -5.64629364 -75.04304504 96.82254791 -4.88295174 -75.58561707 97.26557159 -5.58957577 -75.05764771 96.85798645 -4.90619278 -75.54338074 97.25151825 -5.53387833 -75.0743866 96.89263916 -4.9321537 -75.50208282 97.23570251 -5.4793396 -75.09323883 96.92641449 -4.96076965 -75.46183014 97.21815491 -5.42609501 -75.114151 96.95923615 -4.99196911 -75.42272186 97.19892883 -5.37427759 -75.1370697 96.99101257 -5.02567434 -75.38484955 97.17806244 -5.32401609 -75.1619339 97.02166748 -5.06180239 -75.34831238 97.15560913 -5.27543449 -75.18869019 97.0511322 -5.10026264 -75.3132019 97.13162994 -5.22865486 -75.2172699 97.07932281 -5.14095974 -75.27960205 97.10617828 -5.18379259 -75.24759674 109.39649963 6 -60.60057068 109.39825439 6.1096611 -60.59847641 109.40352631 6.21904945 -60.59219742 109.41229248 6.32789278 -60.58174896 109.42453766 6.43592167 -60.56715393 109.44022369 6.54286623 -60.5484581 109.45932007 6.64846134 -60.52569962 109.48178101 6.75244427 -60.4989357 109.50753784 6.85455656 -60.46823502 109.53653717 6.95454407 -60.43367386 109.56871033 7.05215883 -60.39533615 109.60396576 7.14715767 -60.35332108 109.64221954 7.23930407 -60.30773163 109.68338013 7.32836962 -60.25867844 109.7273407 7.4141326 -60.20628738 109.77399445 7.49637985 -60.15068436 109.82322693 7.5749073 -60.0920105 109.87491608 7.64951849 -60.03041077 109.92893219 7.72002935 -59.96603775 109.98513794 7.78626347 -59.89905548 110.043396 7.84805679 -59.82962418 110.1035614 7.90525579 -59.75792313 110.1654892 7.9577179 -59.68412399 110.22901154 8.00531292 -59.6084137 110.29399109 8.04792213 -59.53098297 110.36024475 8.08544064 -59.45201874 110.42762756 8.11777306 -59.37171936 110.49595642 8.14484119 -59.29028702 110.56507111 8.16657734 -59.20792007 110.63478851 8.18292618 -59.12482834 110.70494843 8.19384861 -59.04121399 110.77537537 8.19931602 -58.95728683 110.84588623 8.19931602 -58.87325668 110.91630554 8.19384861 -58.78932953 110.98646545 8.18292618 -58.70571518 111.05619049 8.16657734 -58.62262344 111.12530518 8.14484119 -58.54026031 111.19363403 8.11777306 -58.45882797 111.26100922 8.08544064 -58.37852859 111.32727051 8.04792213 -58.29956436 111.39224243 8.00531292 -58.22213364 111.4557724 7.9577179 -58.14642334 111.51769257 7.90525579 -58.07262421 111.57785797 7.84805679 -58.00091934 111.63612366 7.78626347 -57.93149185 111.69232941 7.72002935 -57.86450577 111.74633789 7.64951849 -57.80013657 111.79802704 7.5749073 -57.73853683 111.84725952 7.49637985 -57.67986298 111.8939209 7.4141326 -57.62425995 111.93788147 7.32836962 -57.5718689 111.97904205 7.23930407 -57.5228157 112.01729584 7.14715767 -57.47722244 112.05255127 7.05215883 -57.43520737 112.0847168 6.95454407 -57.39687347 112.11371613 6.85455656 -57.36231232 112.13948059 6.75244427 -57.33161163 112.1619339 6.64846134 -57.30484772 112.18103027 6.54286623 -57.28208923 112.19672394 6.43592167 -57.26338959 112.20896912 6.32789278 -57.24879837 112.21773529 6.21904945 -57.23834991 112.2230072 6.1096611 -57.23207092 112.22476196 6 -57.22997665 112.2230072 5.8903389 -57.23207092 112.21773529 5.78095055 -57.23834991 112.20896912 5.67210722 -57.24879837 112.19672394 5.56407833 -57.26338959 112.18103027 5.45713377 -57.28208923 112.1619339 5.35153866 -57.30484772 112.13948059 5.24755573 -57.33161163 112.11371613 5.14544344 -57.36231232 112.0847168 5.04545593 -57.39687347 112.05255127 4.94784117 -57.43520737 112.01729584 4.85284233 -57.47722244 111.97904205 4.76069593 -57.5228157 111.93788147 4.67163038 -57.5718689 111.8939209 4.5858674 -57.62425995 111.84725952 4.50362015 -57.67986298 111.79802704 4.4250927 -57.73853683 111.74633789 4.35048151 -57.80013657 111.69232941 4.27997065 -57.86450577 111.63612366 4.21373653 -57.93149185 111.57785797 4.15194321 -58.00091934 111.51769257 4.09474421 -58.07262421 111.4557724 4.0422821 -58.14642334 111.39224243 3.99468708 -58.22213364 111.32727051 3.95207787 -58.29956436 111.26100922 3.91455984 -58.37852859 111.19363403 3.88222671 -58.45882797 111.12530518 3.85515857 -58.54026031 111.05619049 3.8334229 -58.62262344 110.98646545 3.81707382 -58.70571518 110.91630554 3.80615163 -58.78932953 110.84588623 3.80068374 -58.87325668 110.77537537 3.80068374 -58.95728683 110.70494843 3.80615163 -59.04121399 110.63478851 3.81707382 -59.12482834 110.56507111 3.8334229 -59.20792007 110.49595642 3.85515857 -59.29028702 110.42762756 3.88222671 -59.37171936 110.36024475 3.91455984 -59.45201874 110.29399109 3.95207787 -59.53098297 110.22901154 3.99468708 -59.6084137 110.1654892 4.0422821 -59.68412399 110.1035614 4.09474421 -59.75792313 110.043396 4.15194321 -59.82962418 109.98513794 4.21373653 -59.89905548 109.92893219 4.27997065 -59.96603775 109.87491608 4.35048151 -60.03041077 109.82322693 4.4250927 -60.0920105 109.77399445 4.50362015 -60.15068436 109.7273407 4.5858674 -60.20628738 109.68338013 4.67163038 -60.25867844 109.64221954 4.76069593 -60.30773163 109.60396576 4.85284233 -60.35332108 109.56871033 4.94784117 -60.39533615 109.53653717 5.04545593 -60.43367386 109.50753784 5.14544344 -60.46823502 109.48178101 5.24755573 -60.4989357 109.45932007 5.35153866 -60.52569962 109.44022369 5.45713377 -60.5484581 109.42453766 5.56407833 -60.56715393 109.41229248 5.67210722 -60.58174896 109.40352631 5.78095055 -60.59219742 109.39825439 5.8903389 -60.59847641 110.27204895 5.14095974 -59.55712891 110.24519348 5.18379259 -59.58913422 110.30023956 5.10026264 -59.52352905 110.21974182 5.22865486 -59.61946106 110.32970428 5.06180239 -59.48841858 110.19576263 5.27543449 -59.64804077 110.36035919 5.02567434 -59.45188141 110.17331696 5.32401609 -59.67479706 110.39213562 4.99196911 -59.41400909 110.15245056 5.37427759 -59.69966507 110.42495728 4.96076965 -59.37490082 110.13321686 5.42609501 -59.72257996 110.4587326 4.9321537 -59.33464432 110.11566925 5.4793396 -59.74349213 110.49338531 4.90619278 -59.29335022 110.09985352 5.53387833 -59.76234436 110.52882385 4.88295174 -59.25111389 110.08580017 5.58957577 -59.77908707 110.56496429 4.86248732 -59.20804214 110.07355499 5.64629364 -59.79368591 110.60171509 4.84485102 -59.16424561 110.06313324 5.70389128 -59.80609894 110.63899231 4.83008671 -59.11982727 110.05458069 5.76222467 -59.81629944 110.67668915 4.81823063 -59.07489777 110.04789734 5.82114935 -59.82426071 110.71471405 4.80931282 -59.02957535 110.04311371 5.88051844 -59.82995987 110.75298309 4.80335522 -58.98397064 110.04024506 5.94018507 -59.83338547 110.79139709 4.80037308 -58.93819046 110.03928375 6 -59.83452606 110.82985687 4.80037308 -58.89235687 110.04024506 6.05981493 -59.83338547 110.86827087 4.80335522 -58.84657669 110.04311371 6.11948156 -59.82995987 110.90653992 4.80931282 -58.80096817 110.04789734 6.17885065 -59.82426071 110.94457245 4.81823063 -58.75564575 110.05458069 6.23777533 -59.81629944 110.98226929 4.83008671 -58.71072006 110.06313324 6.29610872 -59.80609894 111.01953888 4.84485102 -58.66630173 110.07355499 6.35370636 -59.79368591 111.05628967 4.86248732 -58.62250137 110.08580017 6.41042423 -59.77908707 111.09243011 4.88295174 -58.57943344 110.09985352 6.46612167 -59.76234436 111.12787628 4.90619278 -58.53719711 110.11566925 6.5206604 -59.74349213 111.16252136 4.9321537 -58.4958992 110.13321686 6.57390499 -59.72257996 111.19630432 4.96076965 -58.45564651 110.15245056 6.62572241 -59.69966507 111.22911835 4.99196911 -58.41653442 110.17331696 6.67598391 -59.67479706 111.26089478 5.02567434 -58.37866592 110.19576263 6.72456551 -59.64804077 111.29155731 5.06180239 -58.34212875 110.21974182 6.77134514 -59.61946106 111.3210144 5.10026264 -58.30701447 110.24519348 6.81620741 -59.58913422 111.34921265 5.14095974 -58.27341461 110.27204895 6.85904026 -59.55712891 110.30023956 6.89973736 -59.52352905 111.37606812 5.18379259 -58.24141312 110.32970428 6.93819761 -59.48841858 111.40151215 5.22865486 -58.21108246 110.36035919 6.97432566 -59.45188141 111.42549133 5.27543449 -58.18250656 111.44794464 5.32401609 -58.15575027 110.39213562 7.00803089 -59.41400909 111.46881104 5.37427759 -58.13088226 110.42495728 7.03923035 -59.37490082 110.4587326 7.0678463 -59.33464432 111.48804474 5.42609501 -58.10796356 110.49338531 7.09380722 -59.29335022 111.50558472 5.4793396 -58.08705521 111.52140808 5.53387833 -58.06820297 110.52882385 7.11704826 -59.25111389 110.56496429 7.13751268 -59.20804214 111.5354538 5.58957577 -58.05145645 110.60171509 7.15514898 -59.16424561 111.5477066 5.64629364 -58.0368576 111.55812073 5.70389128 -58.02444458 110.63899231 7.16991329 -59.11982727 111.56668091 5.76222467 -58.01424789 110.67668915 7.18176937 -59.07489777 111.57335663 5.82114935 -58.00628662 110.71471405 7.19068718 -59.02957535 111.57814026 5.88051844 -58.00058746 110.75298309 7.19664478 -58.98397064 110.79139709 7.19962692 -58.93819046 111.58101654 5.94018507 -57.99716187 111.58197784 6 -57.99602127 110.82985687 7.19962692 -58.89235687 111.58101654 6.05981493 -57.99716187 110.86827087 7.19664478 -58.84657669 110.90653992 7.19068718 -58.80096817 111.57814026 6.11948156 -58.00058746 111.57335663 6.17885065 -58.00628662 111.56668091 6.23777533 -58.01424789 110.94457245 7.18176937 -58.75564575 110.98226929 7.16991329 -58.71072006 111.01953888 7.15514898 -58.66630173 111.55812073 6.29610872 -58.02444458 111.05628967 7.13751268 -58.62250137 111.5477066 6.35370636 -58.0368576 111.5354538 6.41042423 -58.05145645 111.09243011 7.11704826 -58.57943344 111.12787628 7.09380722 -58.53719711 111.52140808 6.46612167 -58.06820297 111.50558472 6.5206604 -58.08705521 111.16252136 7.0678463 -58.4958992 111.48804474 6.57390499 -58.10796356 111.46881104 6.62572241 -58.13088226 111.19630432 7.03923035 -58.45564651 111.22911835 7.00803089 -58.41653442 111.44794464 6.67598391 -58.15575027 111.26089478 6.97432566 -58.37866592 111.42549133 6.72456551 -58.18250656 111.29155731 6.93819761 -58.34212875 111.40151215 6.77134514 -58.21108246 111.3210144 6.89973736 -58.30701447 111.37606812 6.81620741 -58.24141312 111.34921265 6.85904026 -58.27341461 95.26186371 6.93890476 -77.4455719 95.16394043 6.96718979 -77.56226349 95.06705475 7.00305128 -77.67773438 94.97144318 7.04639912 -77.79168701 94.87733459 7.09712458 -77.90383148 94.78498077 7.15510178 -78.01390076 94.69460297 7.22018576 -78.12160492 94.60642242 7.29221344 -78.2266922 94.52066803 7.37100506 -78.32888794 94.43755341 7.45636415 -78.42794037 94.35728455 7.54807758 -78.52360535 94.28005981 7.64591551 -78.61563873 94.20607758 7.74963379 -78.70381165 94.13551331 7.85897398 -78.78790283 94.06855011 7.9736619 -78.8677063 94.00535583 8.0934124 -78.94301605 93.94608307 8.21792507 -79.01365662 93.8908844 8.3468895 -79.07943726 93.83989716 8.47998333 -79.14019775 93.79325104 8.61687374 -79.19579315 93.75106049 8.75722027 -79.24607849 93.71342468 8.90067005 -79.2909317 93.68044281 9.04686642 -79.33023071 93.65219879 9.19544411 -79.3638916 93.62876892 9.34603119 -79.39182281 93.61019135 9.49825191 -79.41395569 93.59653473 9.65172672 -79.43022919 93.58782196 9.80607128 -79.44061279 93.58408356 9.96089935 -79.44507599 93.58531189 10.11582565 -79.44360352 93.59152222 10.27046299 -79.43621063 93.60268402 10.42442417 -79.42290497 93.61878204 10.57732487 -79.40371704 93.63977051 10.72878456 -79.37870789 93.66559601 10.87842274 -79.34793091 93.69618988 11.02586746 -79.3114624 93.73149109 11.17074871 -79.26940155 93.77139282 11.31270599 -79.2218399 93.81581116 11.45138359 -79.16891479 93.86461639 11.58643532 -79.11074066 93.91770935 11.71752548 -79.04747009 93.97494507 11.84432411 -78.97926331 94.03617859 11.96651649 -78.90628815 94.10125732 12.08379555 -78.82872772 94.17002106 12.19586945 -78.74677277 94.24230194 12.30245876 -78.6606369 94.31791687 12.40329552 -78.57051849 94.39667511 12.49812984 -78.47666168 94.4783783 12.58672333 -78.37928772 94.56282806 12.66885471 -78.27864838 94.64981079 12.74431992 -78.17498779 94.73910522 12.81293011 -78.068573 94.83049011 12.87451267 -77.95965576 94.9237442 12.92891502 -77.848526 95.01862335 12.97600079 -77.73545074 95.11489868 13.01565266 -77.62071228 95.21233368 13.04777145 -77.50460052 95.31066895 13.07227707 -77.3874054 95.4096756 13.08910847 -77.26941681 95.50909424 13.09822273 -77.15093231 95.60868073 13.09959698 -77.03224945 95.70819092 13.09322929 -76.91365814 95.80736542 13.07913494 -76.79546356 95.90596771 13.05734825 -76.67795563 96.00375366 13.02792454 -76.56142426 96.10046387 12.99093628 -76.44616699 96.19586945 12.94647789 -76.33246613 96.28972626 12.89465809 -76.22061157 96.38179779 12.83560848 -76.11087799 96.47186279 12.76947498 -76.00354767 96.55969238 12.69642258 -75.89888 96.64506531 12.61663532 -75.7971344 96.72776794 12.53031158 -75.69857788 96.8075943 12.43766689 -75.60343933 96.88434601 12.33893299 -75.51197052 96.95783234 12.23435688 -75.4243927 97.02786255 12.12419891 -75.34093475 97.09427643 12.0087347 -75.26178741 97.15689087 11.88825226 -75.18716431 97.21556091 11.76305389 -75.11724091 97.2701416 11.63345051 -75.05220032 97.32048798 11.4997673 -74.99220276 97.36647034 11.36233807 -74.93739319 97.4079895 11.22150421 -74.88791656 97.44493103 11.07762051 -74.84388733 97.477211 10.93104458 -74.80541992 97.50473785 10.78214264 -74.77261353 97.52745056 10.63128662 -74.74555206 97.54528809 10.47885418 -74.72428894 97.55820465 10.32522488 -74.70889282 97.56617737 10.170784 -74.69939423 97.56917572 10.01591587 -74.69581604 97.56719971 9.86100864 -74.69817352 97.56024933 9.7064476 -74.70645905 97.54834747 9.55262089 -74.72064972 97.53151703 9.39991093 -74.7407074 97.50979614 9.24870014 -74.7665863 97.48325348 9.09936714 -74.79821777 97.45195007 8.95228291 -74.83552551 97.41595459 8.80781555 -74.87841797 97.37537384 8.66632748 -74.92678833 97.33029175 8.52816963 -74.98051453 97.28083038 8.39368916 -75.03945923 97.22711182 8.26322174 -75.10347748 97.16927338 8.13709164 -75.17240906 97.10745239 8.01561546 -75.24608612 97.17137909 7.96912622 -75.16989899 97.23373413 7.91773367 -75.09558868 97.29436493 7.86156559 -75.02333069 97.3531189 7.80076265 -74.95331573 97.40984344 7.73547554 -74.88570404 97.46440887 7.66586685 -74.82067871 97.51667786 7.59211063 -74.7583847 97.56651306 7.51438999 -74.6989975 97.61379242 7.43289852 -74.64264679 97.65840912 7.34783888 -74.58948517 97.70023346 7.25942326 -74.5396347 97.73917389 7.16787148 -74.4932251 97.77513123 7.07341194 -74.45037842 97.80801392 6.97627974 -74.41119385 97.83773804 6.87671661 -74.37576294 97.86423492 6.77497005 -74.34418488 97.88743591 6.67129421 -74.31653595 97.9072876 6.56594658 -74.2928772 97.92372894 6.45918989 -74.27327728 97.93672943 6.35128975 -74.25778198 97.94625854 6.24251509 -74.24642944 97.95228577 6.13313627 -74.23925018 97.95479584 6.02342606 -74.23625946 97.95378876 5.91365767 -74.23745728 97.9492569 5.80410385 -74.24285889 97.94122314 5.69503832 -74.25243378 97.92970276 5.58673191 -74.26616669 97.91471863 5.47945452 -74.28401947 97.89631653 5.37347317 -74.30594635 97.87454224 5.26905203 -74.33190155 97.84944153 5.16645098 -74.36180878 97.8210907 5.0659256 -74.39560699 97.78954315 4.96772575 -74.43319702 97.75489044 4.87209654 -74.47450256 97.71720886 4.77927542 -74.51940155 97.67660522 4.68949461 -74.5677948 97.63316345 4.60297632 -74.61956024 97.58701324 4.51993656 -74.67456818 97.53824615 4.44058275 -74.73268127 97.48700714 4.36511135 -74.79374695 97.43340302 4.29371119 -74.85762787 97.37757874 4.22655916 -74.92415619 97.31967163 4.1638236 -74.99317169 97.25982666 4.10565996 -75.06449127 97.19818878 4.05221272 -75.13794708 97.13491821 4.00361586 -75.21335602 97.07015991 3.95999026 -75.29052734 97.00408936 3.92144394 -75.36927032 96.93686676 3.88807321 -75.4493866 96.86865234 3.85996127 -75.5306778 96.79962158 3.83717799 -75.61293793 96.72994995 3.81978035 -75.69597626 96.6598053 3.80781126 -75.77957153 96.5893631 3.80130053 -75.86351776 96.51879883 3.80026484 -75.94760895 96.44829559 3.80470634 -76.0316391 96.37801361 3.8146143 -76.11538696 96.30814362 3.82996368 -76.1986618 96.23885345 3.85071659 -76.28124237 96.17031097 3.87682104 -76.36292267 96.10269165 3.90821242 -76.44351196 96.03616333 3.94481206 -76.52279663 95.97089386 3.98652935 -76.60057831 95.90704346 4.03325987 -76.67668152 95.84476471 4.08488798 -76.75089264 95.78422546 4.14128447 -76.82304382 95.72557068 4.20230913 -76.89295197 95.66893768 4.26781034 -76.96043396 95.61447906 4.33762455 -77.02533722 95.56233215 4.41157818 -77.08748627 95.51261902 4.48948669 -77.14673615 95.46546173 4.5711565 -77.20293427 95.42098236 4.65638399 -77.25593567 95.37929535 4.74495745 -77.30561829 95.34049988 4.83665562 -77.35186005 95.3046875 4.93125057 -77.39453125 95.2719574 5.02850676 -77.43354034 95.24238586 5.12818193 -77.46878052 95.21604919 5.23002815 -77.50016785 95.19300842 5.33379126 -77.52762604 95.17332458 5.43921328 -77.55108643 95.15704346 5.54603195 -77.57048798 95.14421082 5.65398073 -77.58578491 95.13485718 5.76279116 -77.59693146 95.1289978 5.87219238 -77.60391235 95.12666321 5.98191166 -77.60669708 95.12783813 6.09167624 -77.60529327 95.13253784 6.20121241 -77.5996933 95.14074707 6.31024742 -77.58991241 95.1524353 6.41850996 -77.57598114 95.16757965 6.52573061 -77.55792999 95.1861496 6.63164186 -77.53580475 95.20809174 6.73598051 -77.50965881 95.23334503 6.83848667 -77.47955322 96.00215912 5.14095974 -76.56331635 95.97531128 5.18379259 -76.59532166 96.03035736 5.10026264 -76.52971649 95.94985962 5.22865486 -76.6256485 96.05982208 5.06180239 -76.49460602 95.92588043 5.27543449 -76.65422821 96.09047699 5.02567434 -76.45806885 95.90342712 5.32401609 -76.6809845 96.12225342 4.99196911 -76.42019653 95.88256073 5.37427759 -76.70584869 96.15507507 4.96076965 -76.38108826 95.86333466 5.42609501 -76.7287674 96.1888504 4.9321537 -76.34083557 95.84578705 5.4793396 -76.74967957 96.22350311 4.90619278 -76.29953766 95.82997131 5.53387833 -76.7685318 96.25894165 4.88295174 -76.25730133 95.81591797 5.58957577 -76.78527832 96.29508209 4.86248732 -76.21422577 95.80366516 5.64629364 -76.79987335 96.33183289 4.84485102 -76.17043304 95.79325104 5.70389128 -76.81228638 96.36910248 4.83008671 -76.12601471 95.78469086 5.76222467 -76.82248688 96.40679932 4.81823063 -76.08108521 95.77801514 5.82114935 -76.83044434 96.44483185 4.80931282 -76.0357666 95.77323151 5.88051844 -76.83614349 96.48310089 4.80335522 -75.99015808 95.77035522 5.94018507 -76.83956909 96.52151489 4.80037308 -75.94437408 95.76940155 6 -76.8407135 96.55997467 4.80037308 -75.89854431 95.77035522 6.05981493 -76.83956909 96.59838867 4.80335522 -75.85276031 95.77323151 6.11948156 -76.83614349 96.63665771 4.80931282 -75.80715942 95.77801514 6.17885065 -76.83044434 96.67469025 4.81823063 -75.76183319 95.78469086 6.23777533 -76.82248688 96.71238708 4.83008671 -75.71690369 95.79325104 6.29610872 -76.81228638 96.74965668 4.84485102 -75.67248535 95.80366516 6.35370636 -76.79987335 96.78640747 4.86248732 -75.62869263 95.81591797 6.41042423 -76.78527832 96.82254791 4.88295174 -75.58561707 95.82997131 6.46612167 -76.7685318 96.85798645 4.90619278 -75.54338074 95.84578705 6.5206604 -76.74967957 96.89263916 4.9321537 -75.50208282 95.86333466 6.57390499 -76.7287674 96.92641449 4.96076965 -75.46183014 95.88256073 6.62572241 -76.70584869 96.95923615 4.99196911 -75.42272186 95.90342712 6.67598391 -76.6809845 96.99101257 5.02567434 -75.38484955 95.92588043 6.72456551 -76.65422821 97.02166748 5.06180239 -75.34831238 95.94985962 6.77134514 -76.6256485 97.0511322 5.10026264 -75.3132019 95.97531128 6.81620741 -76.59532166 97.07932281 5.14095974 -75.27960205 96.00215912 6.85904026 -76.56331635 97.10617828 5.18379259 -75.24759674 94.81357574 8.7830267 -77.97982025 94.77552795 8.84370613 -78.02516174 94.85351562 8.72537231 -77.93222046 94.73947906 8.90726089 -78.06813049 96.03035736 6.89973736 -76.52971649 94.89524841 8.67088604 -77.88248444 94.70550537 8.97353268 -78.10861206 94.93868256 8.6197052 -77.83071899 94.67369843 9.04235554 -78.14651489 97.13162994 5.22865486 -75.2172699 94.98370361 8.57195568 -77.77706909 94.64414215 9.11355972 -78.18174744 95.03019714 8.52775669 -77.72166443 94.61689758 9.18696785 -78.21421051 95.07804108 8.4872179 -77.6646347 94.59204102 9.26239777 -78.24383545 95.12713623 8.45044041 -77.60613251 94.56963348 9.33966064 -78.27054596 95.17733765 8.4175148 -77.5463028 97.15560913 5.27543449 -75.18869019 94.54972076 9.41856575 -78.29426575 95.22853851 8.3885231 -77.4852829 94.53237152 9.49891663 -78.31494904 95.2806015 8.36353874 -77.42323303 94.51761627 9.58051205 -78.33253479 97.17806244 5.32401609 -75.1619339 95.33340454 8.34262276 -77.36031342 94.50549316 9.66315174 -78.34697723 95.3868103 8.32582664 -77.29666138 94.49603271 9.74662781 -78.35825348 95.44068909 8.31319332 -77.23245239 97.19892883 5.37427759 -75.1370697 94.48925781 9.83073425 -78.36633301 95.49490356 8.3047533 -77.16784668 94.48518372 9.91526222 -78.3711853 95.54931641 8.30052853 -77.1029892 97.21815491 5.42609501 -75.114151 94.48382568 10 -78.37280273 95.60380554 8.30052853 -77.03806305 94.48518372 10.08473778 -78.3711853 97.23570251 5.4793396 -75.09323883 95.65822601 8.3047533 -76.97320557 96.05982208 6.93819761 -76.49460602 94.48925781 10.16926575 -78.36633301 95.71244049 8.31319332 -76.90859985 96.09047699 6.97432566 -76.45806885 97.25151825 5.53387833 -75.0743866 94.49603271 10.25337219 -78.35825348 95.76631165 8.32582664 -76.84439087 96.12225342 7.00803089 -76.42019653 94.50549316 10.33684826 -78.34697723 97.26557159 5.58957577 -75.05764771 95.81971741 8.34262276 -76.78074646 96.15507507 7.03923035 -76.38108826 96.1888504 7.0678463 -76.34083557 94.51761627 10.41948795 -78.33253479 95.87252045 8.36353874 -76.71781921 96.22350311 7.09380722 -76.29953766 97.2778244 5.64629364 -75.04304504 94.53237152 10.50108337 -78.31494904 95.92458344 8.3885231 -76.65576935 96.25894165 7.11704826 -76.25730133 97.28823853 5.70389128 -75.03063202 94.54972076 10.58143425 -78.29426575 95.9757843 8.4175148 -76.59474945 96.29508209 7.13751268 -76.21422577 94.56963348 10.66033936 -78.27054596 97.29679871 5.76222467 -75.02043152 96.02599335 8.45044041 -76.53491974 96.33183289 7.15514898 -76.17043304 96.36910248 7.16991329 -76.12601471 94.59204102 10.73760223 -78.24383545 97.30347443 5.82114935 -75.01247406 96.07508087 8.4872179 -76.47641754 96.40679932 7.18176937 -76.08108521 94.61689758 10.81303215 -78.21421051 97.30825806 5.88051844 -75.0067749 96.12293243 8.52775669 -76.41938782 96.44483185 7.19068718 -76.0357666 94.64414215 10.88644028 -78.18174744 96.16942596 8.57195568 -76.36398315 96.48310089 7.19664478 -75.99015808 97.31113434 5.94018507 -75.0033493 94.67369843 10.95764446 -78.14651489 97.31208801 6 -75.0022049 96.21443939 8.6197052 -76.31033325 96.52151489 7.19962692 -75.94437408 96.55997467 7.19962692 -75.89854431 94.70550537 11.02646732 -78.10861206 97.31113434 6.05981493 -75.0033493 96.25787354 8.67088604 -76.25856781 94.73947906 11.09273911 -78.06813049 97.30825806 6.11948156 -75.0067749 94.77552795 11.15629387 -78.02516174 97.30347443 6.17885065 -75.01247406 97.29679871 6.23777533 -75.02043152 94.81357574 11.2169733 -77.97982025 97.28823853 6.29610872 -75.03063202 97.2778244 6.35370636 -75.04304504 94.85351562 11.27462769 -77.93222046 97.26557159 6.41042423 -75.05764771 97.25151825 6.46612167 -75.0743866 97.23570251 6.5206604 -75.09323883 96.82254791 7.11704826 -75.58561707 96.85798645 7.09380722 -75.54338074 96.78640747 7.13751268 -75.62869263 96.74965668 7.15514898 -75.67248535 96.71238708 7.16991329 -75.71690369 96.67469025 7.18176937 -75.76183319 96.63665771 7.19068718 -75.80715942 96.59838867 7.19664478 -75.85276031 96.29961395 8.72537231 -76.20883179 96.33955383 8.7830267 -76.16123199 96.37759399 8.84370613 -76.1158905 96.41365051 8.90726089 -76.07292175 96.44762421 8.97353268 -76.03244019 94.89524841 11.32911396 -77.88248444 97.21815491 6.57390499 -75.114151 96.89263916 7.0678463 -75.50208282 97.19892883 6.62572241 -75.1370697 96.92641449 7.03923035 -75.46183014 97.17806244 6.67598391 -75.1619339 96.95923615 7.00803089 -75.42272186 97.15560913 6.72456551 -75.18869019 96.99101257 6.97432566 -75.38484955 97.13162994 6.77134514 -75.2172699 97.02166748 6.93819761 -75.34831238 97.10617828 6.81620741 -75.24759674 97.0511322 6.89973736 -75.3132019 97.07932281 6.85904026 -75.27960205 96.47942352 9.04235554 -75.99453735 94.93868256 11.3802948 -77.83071899 96.50898743 9.11355972 -75.95930481 94.98370361 11.42804432 -77.77706909 96.53623199 9.18696785 -75.92684174 95.03019714 11.47224331 -77.72166443 96.56108856 9.26239777 -75.8972168 95.07804108 11.5127821 -77.6646347 96.58349609 9.33966064 -75.87051392 95.12713623 11.54955959 -77.60613251 96.60340118 9.41856575 -75.8467865 95.17733765 11.5824852 -77.5463028 96.62075806 9.49891663 -75.82611084 95.22853851 11.6114769 -77.4852829 96.63551331 9.58051205 -75.80851746 95.2806015 11.63646126 -77.42323303 96.64763641 9.66315174 -75.79407501 95.33340454 11.65737724 -77.36031342 96.65709686 9.74662781 -75.78279877 95.3868103 11.67417336 -77.29666138 96.66387177 9.83073425 -75.77471924 95.44068909 11.68680668 -77.23245239 96.66794586 9.91526222 -75.76986694 95.49490356 11.6952467 -77.16784668 96.66930389 10 -75.76824951 95.54931641 11.69947147 -77.1029892 96.66794586 10.08473778 -75.76986694 95.60380554 11.69947147 -77.03806305 96.66387177 10.16926575 -75.77471924 95.65822601 11.6952467 -76.97320557 96.65709686 10.25337219 -75.78279877 95.71244049 11.68680668 -76.90859985 96.64763641 10.33684826 -75.79407501 95.76631165 11.67417336 -76.84439087 96.63551331 10.41948795 -75.80851746 95.81971741 11.65737724 -76.78074646 96.62075806 10.50108337 -75.82611084 95.87252045 11.63646126 -76.71781921 96.60340118 10.58143425 -75.8467865 95.92458344 11.6114769 -76.65576935 96.58349609 10.66033936 -75.87051392 95.9757843 11.5824852 -76.59474945 96.56108856 10.73760223 -75.8972168 96.02599335 11.54955959 -76.53491974 96.53623199 10.81303215 -75.92684174 96.07508087 11.5127821 -76.47641754 96.50898743 10.88644028 -75.95930481 96.12293243 11.47224331 -76.41938782 96.47942352 10.95764446 -75.99453735 96.16942596 11.42804432 -76.36398315 96.44762421 11.02646732 -76.03244019 96.21443939 11.3802948 -76.31033325 96.41365051 11.09273911 -76.07292175 96.25787354 11.32911396 -76.25856781 96.37759399 11.15629387 -76.1158905 96.29961395 11.27462769 -76.20883179 96.33955383 11.2169733 -76.16123199 108.81798553 0 -61.29001236 108.82046509 0.15452224 -61.28705978 108.82788849 0.30866033 -61.27820969 108.84024048 0.46203104 -61.26348877 108.85749817 0.61425304 -61.24292374 108.87960815 0.76494795 -61.21657562 108.90651703 0.91374105 -61.18450928 108.93815613 1.06026244 -61.14679718 108.97445679 1.20414782 -61.10353851 109.01531982 1.34503961 -61.05483627 109.06064606 1.48258734 -61.00082016 109.11032867 1.61644912 -60.94161606 109.16423035 1.74629223 -60.87737274 109.222229 1.87179363 -60.80825424 109.28417969 1.99264157 -60.73442841 109.34992218 2.10853553 -60.65607834 109.41929626 2.21918726 -60.5734024 109.49212646 2.32432175 -60.48660278 109.5682373 2.42367768 -60.39589691 109.64743805 2.51700783 -60.30150986 109.72953033 2.60408044 -60.20367813 109.81430817 2.68467879 -60.10264206 109.90156555 2.75860262 -59.99865341 109.99108124 2.8256681 -59.89197159 110.08263397 2.88570857 -59.78286362 110.1760025 2.93857479 -59.67159653 110.27094269 2.98413515 -59.55844879 110.36722565 3.02227664 -59.4437027 110.46460724 3.05290413 -59.32764053 110.56285858 3.07594156 -59.21055603 110.66172028 3.09133172 -59.09273911 110.76094818 3.09903646 -58.97447586 110.86030579 3.09903646 -58.85606766 110.95954132 3.09133172 -58.73780823 111.05840302 3.07594156 -58.61998749 111.15664673 3.05290413 -58.50290298 111.25403595 3.02227664 -58.38684464 111.35031891 2.98413515 -58.27209854 111.44525909 2.93857479 -58.15895081 111.53862 2.88570857 -58.04768372 111.63018036 2.8256681 -57.93857574 111.71969604 2.75860262 -57.83189392 111.80695343 2.68467879 -57.72790527 111.89173126 2.60408044 -57.6268692 111.97382355 2.51700783 -57.52903366 112.05302429 2.42367768 -57.43464661 112.12913513 2.32432175 -57.34394455 112.20196533 2.21918726 -57.25714493 112.27133942 2.10853553 -57.17446518 112.33708191 1.99264157 -57.09611893 112.39902496 1.87179363 -57.02229309 112.45702362 1.74629223 -56.95317078 112.51093292 1.61644912 -56.88893127 112.56060791 1.48258734 -56.82972717 112.60593414 1.34503961 -56.77570724 112.64680481 1.20414782 -56.72700882 112.68309784 1.06026244 -56.68375015 112.71474457 0.91374105 -56.64603806 112.74165344 0.76494795 -56.6139679 112.76376343 0.61425304 -56.58761978 112.78101349 0.46203104 -56.56705856 112.79336548 0.30866033 -56.55233765 112.80079651 0.15452224 -56.54348755 112.80326843 -0 -56.54053497 112.80079651 -0.15452224 -56.54348755 112.79336548 -0.30866033 -56.55233765 112.78101349 -0.46203104 -56.56705856 112.76376343 -0.61425304 -56.58761978 112.74165344 -0.76494795 -56.6139679 112.71474457 -0.91374105 -56.64603806 112.68309784 -1.06026244 -56.68375015 112.64680481 -1.20414782 -56.72700882 112.60593414 -1.34503961 -56.77570724 112.56060791 -1.48258734 -56.82972717 112.51093292 -1.61644912 -56.88893127 112.45702362 -1.74629223 -56.95317078 112.39902496 -1.87179363 -57.02229309 112.33708191 -1.99264157 -57.09611893 112.27133942 -2.10853553 -57.17446518 112.20196533 -2.21918726 -57.25714493 112.12913513 -2.32432175 -57.34394455 112.05302429 -2.42367768 -57.43464661 111.97382355 -2.51700783 -57.52903366 111.89173126 -2.60408044 -57.6268692 111.80695343 -2.68467879 -57.72790527 111.71969604 -2.75860262 -57.83189392 111.63018036 -2.8256681 -57.93857574 111.53862 -2.88570857 -58.04768372 111.44525909 -2.93857479 -58.15895081 111.35031891 -2.98413515 -58.27209854 111.25403595 -3.02227664 -58.38684464 111.15664673 -3.05290413 -58.50290298 111.05840302 -3.07594156 -58.61998749 110.95954132 -3.09133172 -58.73780823 110.86030579 -3.09903646 -58.85606766 110.76094818 -3.09903646 -58.97447586 110.66172028 -3.09133172 -59.09273911 110.56285858 -3.07594156 -59.21055603 110.46460724 -3.05290413 -59.32764053 110.36722565 -3.02227664 -59.4437027 110.27094269 -2.98413515 -59.55844879 110.1760025 -2.93857479 -59.67159653 110.08263397 -2.88570857 -59.78286362 109.99108124 -2.8256681 -59.89197159 109.90156555 -2.75860262 -59.99865341 109.81430817 -2.68467879 -60.10264206 109.72953033 -2.60408044 -60.20367813 109.64743805 -2.51700783 -60.30150986 109.5682373 -2.42367768 -60.39589691 109.49212646 -2.32432175 -60.48660278 109.41929626 -2.21918726 -60.5734024 109.34992218 -2.10853553 -60.65607834 109.28417969 -1.99264157 -60.73442841 109.222229 -1.87179363 -60.80825424 109.16423035 -1.74629223 -60.87737274 109.11032867 -1.61644912 -60.94161606 109.06064606 -1.48258734 -61.00082016 109.01531982 -1.34503961 -61.05483627 108.97445679 -1.20414782 -61.10353851 108.93815613 -1.06026244 -61.14679718 108.90651703 -0.91374105 -61.18450928 108.87960815 -0.76494795 -61.21657562 108.85749817 -0.61425304 -61.24292374 108.84024048 -0.46203104 -61.26348877 108.82788849 -0.30866033 -61.27820969 108.82046509 -0.15452224 -61.28705978 110.04763794 -1.21697366 -59.8245697 110.00959778 -1.15629363 -59.86990738 110.08757782 -1.27462804 -59.77696991 109.97354126 -1.09273899 -59.91287231 110.12931824 -1.32911348 -59.72723007 109.9395752 -1.02646744 -59.9533577 110.17275238 -1.38029456 -59.67546844 109.90776825 -0.9576441 -59.99126434 110.21776581 -1.42804408 -59.62181854 109.87820435 -0.88643986 -60.02649307 110.26425934 -1.47224319 -59.56641006 109.85095978 -0.81303179 -60.05895996 110.3121109 -1.5127821 -59.50938416 109.82610321 -0.73760235 -60.08858109 110.36119843 -1.54955995 -59.45088196 109.80369568 -0.66033918 -60.11528778 110.41140747 -1.58248532 -59.39104843 109.78379059 -0.58143425 -60.13901138 110.46260834 -1.61147654 -59.33002853 109.76644135 -0.50108379 -60.15969086 110.51467133 -1.63646126 -59.26798248 109.75167847 -0.41948757 -60.17728043 110.56747437 -1.65737748 -59.20505524 109.73955536 -0.33684844 -60.19172668 110.62088013 -1.67417324 -59.14141083 109.73009491 -0.25337186 -60.20300293 110.67475128 -1.68680668 -59.07720184 109.72332001 -0.16926534 -60.21107864 110.72896576 -1.69524646 -59.01259232 109.71924591 -0.08473801 -60.21593094 110.78338623 -1.69947159 -58.94773865 109.71788788 -0 -60.21754837 110.83787537 -1.69947159 -58.88280487 109.71924591 0.08473801 -60.21593094 110.89228821 -1.69524646 -58.81795502 109.72332001 0.16926534 -60.21107864 110.94650269 -1.68680668 -58.75334167 109.73009491 0.25337186 -60.20300293 111.00038147 -1.67417324 -58.68913651 109.73955536 0.33684844 -60.19172668 111.05378723 -1.65737748 -58.62548828 109.75167847 0.41948757 -60.17728043 111.10659027 -1.63646126 -58.56256485 109.76644135 0.50108379 -60.15969086 111.15865326 -1.61147654 -58.50051498 109.78379059 0.58143425 -60.13901138 111.20985413 -1.58248532 -58.4394989 109.80369568 0.66033918 -60.11528778 111.26005554 -1.54955995 -58.37966537 109.82610321 0.73760235 -60.08858109 111.3091507 -1.5127821 -58.32115936 109.85095978 0.81303179 -60.05895996 111.35700226 -1.47224319 -58.26413345 109.87820435 0.88643986 -60.02649307 111.40348816 -1.42804408 -58.20872879 109.90776825 0.9576441 -59.99126434 111.44850922 -1.38029456 -58.15507889 109.9395752 1.02646744 -59.9533577 111.49194336 -1.32911348 -58.10331726 109.97354126 1.09273899 -59.91287231 111.53367615 -1.27462804 -58.05357742 110.00959778 1.15629363 -59.86990738 111.57362366 -1.21697366 -58.00597763 110.04763794 1.21697366 -59.8245697 110.08757782 1.27462804 -59.77696991 111.61166382 -1.15629363 -57.96063614 110.12931824 1.32911348 -59.72723007 111.64771271 -1.09273899 -57.9176712 110.17275238 1.38029456 -59.67546844 111.6816864 -1.02646744 -57.87718582 110.21776581 1.42804408 -59.62181854 111.71349335 -0.9576441 -57.83928299 110.26425934 1.47224319 -59.56641006 111.74305725 -0.88643986 -57.80405426 110.3121109 1.5127821 -59.50938416 111.77029419 -0.81303179 -57.77158737 110.36119843 1.54955995 -59.45088196 111.79515076 -0.73760235 -57.74196243 110.41140747 1.58248532 -59.39104843 111.81756592 -0.66033918 -57.71525574 111.83747101 -0.58143425 -57.69153595 110.46260834 1.61147654 -59.33002853 111.85482025 -0.50108379 -57.67085266 110.51467133 1.63646126 -59.26798248 111.8695755 -0.41948757 -57.65326691 110.56747437 1.65737748 -59.20505524 110.62088013 1.67417324 -59.14141083 111.88169861 -0.33684844 -57.63881683 110.67475128 1.68680668 -59.07720184 111.89116669 -0.25337186 -57.6275444 110.72896576 1.69524646 -59.01259232 111.89794159 -0.16926534 -57.61946869 110.78338623 1.69947159 -58.94773865 111.90200806 -0.08473801 -57.61461639 111.90336609 0 -57.61299896 110.83787537 1.69947159 -58.88280487 110.89228821 1.69524646 -58.81795502 111.90200806 0.08473801 -57.61461639 110.94650269 1.68680668 -58.75334167 111.89794159 0.16926534 -57.61946869 111.00038147 1.67417324 -58.68913651 111.89116669 0.25337186 -57.6275444 111.05378723 1.65737748 -58.62548828 111.88169861 0.33684844 -57.63881683 111.8695755 0.41948757 -57.65326691 111.10659027 1.63646126 -58.56256485 111.15865326 1.61147654 -58.50051498 111.85482025 0.50108379 -57.67085266 111.20985413 1.58248532 -58.4394989 111.83747101 0.58143425 -57.69153595 111.81756592 0.66033918 -57.71525574 111.26005554 1.54955995 -58.37966537 111.3091507 1.5127821 -58.32115936 111.79515076 0.73760235 -57.74196243 111.35700226 1.47224319 -58.26413345 111.77029419 0.81303179 -57.77158737 111.40348816 1.42804408 -58.20872879 111.74305725 0.88643986 -57.80405426 111.44850922 1.38029456 -58.15507889 111.71349335 0.9576441 -57.83928299 111.6816864 1.02646744 -57.87718582 111.49194336 1.32911348 -58.10331726 111.53367615 1.27462804 -58.05357742 111.64771271 1.09273899 -57.9176712 111.61166382 1.15629363 -57.96063614 111.57362366 1.21697366 -58.00597763 119.6493454 6.81620741 -65.18351746 119.62248993 6.85904026 -65.21552277 119.59429932 6.89973736 -65.24912262 119.67479706 6.77134514 -65.15319061 119.56483459 6.93819761 -65.28423309 119.69877625 6.72456551 -65.1246109 119.53417969 6.97432566 -65.32077026 119.72122192 6.67598391 -65.09785461 119.50240326 7.00803089 -65.35864258 119.74208832 6.62572241 -65.07299042 119.4695816 7.03923035 -65.39775085 119.76132202 6.57390499 -65.05007172 119.43580627 7.0678463 -65.43800354 119.77886963 6.5206604 -65.02915955 119.40115356 7.09380722 -65.47930145 119.79468536 6.46612167 -65.01030731 119.36571503 7.11704826 -65.52153778 119.80873871 6.41042423 -64.99356079 119.32957458 7.13751268 -65.56460571 119.82098389 6.35370636 -64.97896576 119.29282379 7.15514898 -65.60840607 119.83140564 6.29610872 -64.96655273 119.25554657 7.16991329 -65.6528244 119.83995819 6.23777533 -64.95635223 119.21784973 7.18176937 -65.69775391 119.84664154 6.17885065 -64.94839478 119.17982483 7.19068718 -65.74307251 119.85142517 6.11948156 -64.94269562 119.14155579 7.19664478 -65.78868103 119.85429382 6.05981493 -64.93927002 119.10314178 7.19962692 -65.83446503 119.85525513 6 -64.93812561 119.06468201 7.19962692 -65.8802948 119.85429382 5.94018507 -64.93927002 119.02626801 7.19664478 -65.9260788 119.85142517 5.88051844 -64.94269562 119.84664154 5.82114935 -64.94839478 119.84690094 1.21697366 -64.94808197 119.67479706 5.22865486 -65.15319061 119.69877625 5.27543449 -65.1246109 119.8849411 1.15629363 -64.90274048 119.72122192 5.32401609 -65.09785461 119.80696106 1.27462804 -64.99568176 119.6493454 5.18379259 -65.18351746 119.92099762 1.09273899 -64.85977936 119.74208832 5.37427759 -65.07299042 119.76522064 1.32911348 -65.04542542 119.62248993 5.14095974 -65.21552277 119.95496368 1.02646744 -64.81929016 119.76132202 5.42609501 -65.05007172 119.7217865 1.38029456 -65.09718323 119.59429932 5.10026264 -65.24912262 119.98677063 0.9576441 -64.78138733 119.77886963 5.4793396 -65.02915955 119.67677307 1.42804408 -65.15083313 119.53417969 5.02567434 -65.32077026 119.56483459 5.06180239 -65.28423309 120.01633453 0.88643986 -64.74616241 119.79468536 5.53387833 -65.01030731 119.80873871 5.58957577 -64.99356079 119.63027954 1.47224319 -65.20623779 119.50240326 4.99196911 -65.35864258 120.0435791 0.81303179 -64.71369171 119.82098389 5.64629364 -64.97896576 119.58242798 1.5127821 -65.26326752 119.4695816 4.96076965 -65.39775085 120.06843567 0.73760235 -64.68406677 119.83140564 5.70389128 -64.96655273 119.53334045 1.54955995 -65.32176971 119.43580627 4.9321537 -65.43800354 120.0908432 0.66033918 -64.65736389 119.83995819 5.76222467 -64.95635223 119.48313141 1.58248532 -65.38160706 119.40115356 4.90619278 -65.47930145 120.11074829 0.58143425 -64.6336441 119.43193054 1.61147654 -65.44261932 119.36571503 4.88295174 -65.52153778 120.12809753 0.50108379 -64.61296082 119.37986755 1.63646126 -65.50466919 119.29282379 4.84485102 -65.60840607 119.32957458 4.86248732 -65.56460571 120.14286041 0.41948757 -64.59537506 119.32706451 1.65737748 -65.56759644 119.25554657 4.83008671 -65.6528244 120.15498352 0.33684844 -64.58092499 119.27365875 1.67417324 -65.63124084 119.21784973 4.81823063 -65.69775391 120.16444397 0.25337186 -64.56964874 119.2197876 1.68680668 -65.69544983 119.17982483 4.80931282 -65.74307251 120.17121887 0.16926534 -64.56157684 119.16557312 1.69524646 -65.76006317 119.14155579 4.80335522 -65.78868103 120.17529297 0.08473801 -64.55672455 119.11115265 1.69947159 -65.82491302 119.10314178 4.80037308 -65.83446503 120.176651 0 -64.55510712 119.05666351 1.69947159 -65.8898468 119.02626801 4.80335522 -65.9260788 119.06468201 4.80037308 -65.8802948 120.17529297 -0.08473801 -64.55672455 119.00225067 1.69524646 -65.95469666 118.98799896 4.80931282 -65.97167969 120.17121887 -0.16926534 -64.56157684 118.94803619 1.68680668 -66.01931 118.94996643 4.81823063 -66.01700592 120.16444397 -0.25337186 -64.56964874 118.89415741 1.67417324 -66.08351898 118.91226959 4.83008671 -66.06193542 120.15498352 -0.33684844 -64.58092499 118.84075165 1.65737748 -66.14716339 118.875 4.84485102 -66.10635376 120.14286041 -0.41948757 -64.59537506 118.78794861 1.63646126 -66.21009064 118.80210876 4.88295174 -66.19322205 118.83824921 4.86248732 -66.15014648 120.12809753 -0.50108379 -64.61296082 118.73588562 1.61147654 -66.27213287 118.7666626 4.90619278 -66.23545837 118.68468475 1.58248532 -66.33315277 118.73200989 4.9321537 -66.27674866 118.63448334 1.54955995 -66.39299011 118.69823456 4.96076965 -66.31700897 118.58538818 1.5127821 -66.45149231 118.66542053 4.99196911 -66.35611725 118.53753662 1.47224319 -66.5085144 118.6336441 5.02567434 -66.39398956 118.49105072 1.42804408 -66.5639267 118.57352448 5.10026264 -66.46563721 118.60298157 5.06180239 -66.43052673 118.44602966 1.38029456 -66.6175766 118.54532623 5.14095974 -66.49923706 118.40259552 1.32911348 -66.66933441 118.51847076 5.18379259 -66.53124237 118.36086273 1.27462804 -66.71907806 118.49302673 5.22865486 -66.56156921 118.32091522 1.21697366 -66.76667786 118.46904755 5.27543449 -66.59014893 118.28287506 1.15629363 -66.81201172 118.44659424 5.32401609 -66.61690521 118.24682617 1.09273899 -66.85498047 118.42572784 5.37427759 -66.64176941 118.21285248 1.02646744 -66.89546204 118.40649414 5.42609501 -66.66468811 118.18104553 0.9576441 -66.9333725 118.38895416 5.4793396 -66.68560028 118.15148163 0.88643986 -66.96859741 118.35908508 5.58957577 -66.72119141 118.3731308 5.53387833 -66.70445251 118.12424469 0.81303179 -67.00106812 118.34683228 5.64629364 -66.73579407 118.09938812 0.73760235 -67.03068542 118.33641815 5.70389128 -66.74820709 118.07697296 0.66033918 -67.05739594 118.32785797 5.76222467 -66.75840759 118.05706787 0.58143425 -67.08111572 119.62248993 -5.14095974 -65.21552277 119.7217865 -1.38029456 -65.09718323 119.76522064 -1.32911348 -65.04542542 119.6493454 -5.18379259 -65.18351746 119.80696106 -1.27462804 -64.99568176 119.59429932 -5.10026264 -65.24912262 119.67677307 -1.42804408 -65.15083313 119.67479706 -5.22865486 -65.15319061 119.84690094 -1.21697366 -64.94808197 119.56483459 -5.06180239 -65.28423309 119.69877625 -5.27543449 -65.1246109 119.8849411 -1.15629363 -64.90274048 119.53417969 -5.02567434 -65.32077026 119.63027954 -1.47224319 -65.20623779 119.72122192 -5.32401609 -65.09785461 119.92099762 -1.09273899 -64.85977936 119.50240326 -4.99196911 -65.35864258 119.58242798 -1.5127821 -65.26326752 119.74208832 -5.37427759 -65.07299042 119.95496368 -1.02646744 -64.81929016 119.4695816 -4.96076965 -65.39775085 119.53334045 -1.54955995 -65.32176971 119.76132202 -5.42609501 -65.05007172 119.98677063 -0.9576441 -64.78138733 119.43580627 -4.9321537 -65.43800354 119.48313141 -1.58248532 -65.38160706 119.77886963 -5.4793396 -65.02915955 120.01633453 -0.88643986 -64.74616241 119.40115356 -4.90619278 -65.47930145 119.43193054 -1.61147654 -65.44261932 119.79468536 -5.53387833 -65.01030731 119.36571503 -4.88295174 -65.52153778 119.37986755 -1.63646126 -65.50466919 119.80873871 -5.58957577 -64.99356079 120.0435791 -0.81303179 -64.71369171 119.32957458 -4.86248732 -65.56460571 119.82098389 -5.64629364 -64.97896576 120.06843567 -0.73760235 -64.68406677 119.29282379 -4.84485102 -65.60840607 119.32706451 -1.65737748 -65.56759644 119.83140564 -5.70389128 -64.96655273 120.0908432 -0.66033918 -64.65736389 119.25554657 -4.83008671 -65.6528244 119.27365875 -1.67417324 -65.63124084 119.83995819 -5.76222467 -64.95635223 120.11074829 -0.58143425 -64.6336441 119.21784973 -4.81823063 -65.69775391 119.2197876 -1.68680668 -65.69544983 119.84664154 -5.82114935 -64.94839478 119.17982483 -4.80931282 -65.74307251 119.16557312 -1.69524646 -65.76006317 119.85142517 -5.88051844 -64.94269562 119.14155579 -4.80335522 -65.78868103 119.11115265 -1.69947159 -65.82491302 119.85429382 -5.94018507 -64.93927002 119.10314178 -4.80037308 -65.83446503 119.85525513 -6 -64.93812561 119.06468201 -4.80037308 -65.8802948 119.05666351 -1.69947159 -65.8898468 119.85429382 -6.05981493 -64.93927002 119.02626801 -4.80335522 -65.9260788 119.00225067 -1.69524646 -65.95469666 119.85142517 -6.11948156 -64.94269562 118.98799896 -4.80931282 -65.97167969 118.94803619 -1.68680668 -66.01931 119.84664154 -6.17885065 -64.94839478 118.94996643 -4.81823063 -66.01700592 118.89415741 -1.67417324 -66.08351898 119.83995819 -6.23777533 -64.95635223 118.91226959 -4.83008671 -66.06193542 118.84075165 -1.65737748 -66.14716339 119.83140564 -6.29610872 -64.96655273 118.875 -4.84485102 -66.10635376 118.78794861 -1.63646126 -66.21009064 119.82098389 -6.35370636 -64.97896576 118.83824921 -4.86248732 -66.15014648 119.80873871 -6.41042423 -64.99356079 118.80210876 -4.88295174 -66.19322205 118.73588562 -1.61147654 -66.27213287 119.79468536 -6.46612167 -65.01030731 118.7666626 -4.90619278 -66.23545837 118.68468475 -1.58248532 -66.33315277 119.77886963 -6.5206604 -65.02915955 118.73200989 -4.9321537 -66.27674866 118.63448334 -1.54955995 -66.39299011 119.76132202 -6.57390499 -65.05007172 118.69823456 -4.96076965 -66.31700897 118.58538818 -1.5127821 -66.45149231 119.74208832 -6.62572241 -65.07299042 118.66542053 -4.99196911 -66.35611725 118.53753662 -1.47224319 -66.5085144 119.72122192 -6.67598391 -65.09785461 118.6336441 -5.02567434 -66.39398956 118.49105072 -1.42804408 -66.5639267 119.69877625 -6.72456551 -65.1246109 118.60298157 -5.06180239 -66.43052673 119.67479706 -6.77134514 -65.15319061 118.57352448 -5.10026264 -66.46563721 118.44602966 -1.38029456 -66.6175766 119.6493454 -6.81620741 -65.18351746 118.54532623 -5.14095974 -66.49923706 118.40259552 -1.32911348 -66.66933441 119.62248993 -6.85904026 -65.21552277 118.51847076 -5.18379259 -66.53124237 118.36086273 -1.27462804 -66.71907806 119.59429932 -6.89973736 -65.24912262 118.49302673 -5.22865486 -66.56156921 118.32091522 -1.21697366 -66.76667786 119.56483459 -6.93819761 -65.28423309 118.46904755 -5.27543449 -66.59014893 118.28287506 -1.15629363 -66.81201172 119.53417969 -6.97432566 -65.32077026 118.44659424 -5.32401609 -66.61690521 118.24682617 -1.09273899 -66.85498047 119.50240326 -7.00803089 -65.35864258 118.42572784 -5.37427759 -66.64176941 118.21285248 -1.02646744 -66.89546204 119.4695816 -7.03923035 -65.39775085 118.40649414 -5.42609501 -66.66468811 118.18104553 -0.9576441 -66.9333725 119.43580627 -7.0678463 -65.43800354 118.38895416 -5.4793396 -66.68560028 118.15148163 -0.88643986 -66.96859741 119.40115356 -7.09380722 -65.47930145 118.3731308 -5.53387833 -66.70445251 119.36571503 -7.11704826 -65.52153778 118.35908508 -5.58957577 -66.72119141 118.12424469 -0.81303179 -67.00106812 119.32957458 -7.13751268 -65.56460571 118.34683228 -5.64629364 -66.73579407 118.09938812 -0.73760235 -67.03068542 119.29282379 -7.15514898 -65.60840607 118.33641815 -5.70389128 -66.74820709 118.07697296 -0.66033918 -67.05739594 119.25554657 -7.16991329 -65.6528244 118.32785797 -5.76222467 -66.75840759 118.05706787 -0.58143425 -67.08111572 119.21784973 -7.18176937 -65.69775391 119.17982483 -7.19068718 -65.74307251 119.14155579 -7.19664478 -65.78868103 119.10314178 -7.19962692 -65.83446503 119.06468201 -7.19962692 -65.8802948 119.02626801 -7.19664478 -65.9260788 104.61283112 11.2169733 -83.10333252 118.80210876 7.11704826 -66.19322205 118.7666626 7.09380722 -66.23545837 104.65087891 11.15629387 -83.05799866 118.73200989 7.0678463 -66.27674866 104.57289124 11.27462769 -83.15093231 118.83824921 7.13751268 -66.15014648 104.6869278 11.09273911 -83.01502991 118.69823456 7.03923035 -66.31700897 104.53115082 11.32911396 -83.20067596 118.875 7.15514898 -66.10635376 104.72090149 11.02646732 -82.97454834 118.66542053 7.00803089 -66.35611725 104.4877243 11.3802948 -83.25243378 118.91226959 7.16991329 -66.06193542 104.75270844 10.95764446 -82.93664551 118.6336441 6.97432566 -66.39398956 104.44270325 11.42804432 -83.30609131 118.94996643 7.18176937 -66.01700592 104.78226471 10.88644028 -82.90141296 118.60298157 6.93819761 -66.43052673 104.39620972 11.47224331 -83.36149597 118.98799896 7.19068718 -65.97167969 104.80950928 10.81303215 -82.86894226 118.57352448 6.89973736 -66.46563721 104.34836578 11.5127821 -83.41851807 104.83436584 10.73760223 -82.83932495 118.54532623 6.85904026 -66.49923706 104.29927063 11.54955959 -83.47702026 104.85677338 10.66033936 -82.81261444 118.51847076 6.81620741 -66.53124237 104.24906158 11.5824852 -83.5368576 104.87667847 10.58143425 -82.78889465 118.49302673 6.77134514 -66.56156921 104.19786835 11.6114769 -83.5978775 104.89403534 10.50108337 -82.76821136 118.46904755 6.72456551 -66.59014893 104.90879059 10.41948795 -82.75062561 118.44659424 6.67598391 -66.61690521 104.9209137 10.33684826 -82.73617554 118.42572784 6.62572241 -66.64176941 118.40649414 6.57390499 -66.66468811 104.93037415 10.25337219 -82.72489929 118.38895416 6.5206604 -66.68560028 104.93714905 10.16926575 -82.71682739 118.3731308 6.46612167 -66.70445251 104.94122314 10.08473778 -82.7119751 105.35260773 6.85904026 -82.22171021 104.89403534 9.49891663 -82.76821136 104.90879059 9.58051205 -82.75062561 105.3794632 6.81620741 -82.1897049 104.9209137 9.66315174 -82.73617554 105.32440948 6.89973736 -82.25531006 104.87667847 9.41856575 -82.78889465 105.40490723 6.77134514 -82.15937805 104.93037415 9.74662781 -82.72489929 105.29495239 6.93819761 -82.29042053 104.85677338 9.33966064 -82.81261444 105.42888641 6.72456551 -82.13079834 104.93714905 9.83073425 -82.71682739 105.26428986 6.97432566 -82.3269577 104.83436584 9.26239777 -82.83932495 105.45133972 6.67598391 -82.10404205 105.23251343 7.00803089 -82.36483002 104.80950928 9.18696785 -82.86894226 105.47220612 6.62572241 -82.07917786 104.94122314 9.91526222 -82.7119751 105.1996994 7.03923035 -82.40393829 105.49143982 6.57390499 -82.05625916 104.94258118 10 -82.71035767 105.16591644 7.0678463 -82.44419098 104.78226471 9.11355972 -82.90141296 105.5089798 6.5206604 -82.03534698 105.13127136 7.09380722 -82.48548889 104.75270844 9.04235554 -82.93664551 105.52480316 6.46612167 -82.01649475 105.0958252 7.11704826 -82.52772522 104.72090149 8.97353268 -82.97454834 105.53884888 6.41042423 -81.99974823 118.35908508 6.41042423 -66.72119141 105.05968475 7.13751268 -82.57079315 104.6869278 8.90726089 -83.01502991 105.55110168 6.35370636 -81.9851532 118.34683228 6.35370636 -66.73579407 105.02293396 7.15514898 -82.61459351 104.65087891 8.84370613 -83.05799866 105.56151581 6.29610872 -81.97274017 118.33641815 6.29610872 -66.74820709 104.98566437 7.16991329 -82.65901184 105.57007599 6.23777533 -81.96253967 118.32785797 6.23777533 -66.75840759 104.94796753 7.18176937 -82.70394135 104.61283112 8.7830267 -83.10333252 105.57675171 6.17885065 -81.95458221 118.32118225 6.17885065 -66.76636505 118.31639862 6.11948156 -66.77206421 104.909935 7.19068718 -82.74925995 104.57289124 8.72537231 -83.15093231 105.58153534 6.11948156 -81.94888306 104.87166595 7.19664478 -82.79486847 104.53115082 8.67088604 -83.20067596 105.58441162 6.05981493 -81.94545746 118.31352234 6.05981493 -66.77548981 104.83325195 7.19962692 -82.84064484 104.4877243 8.6197052 -83.25243378 105.58537292 6 -81.94431305 118.31256104 6 -66.77663422 104.79479218 7.19962692 -82.88648224 105.58441162 5.94018507 -81.94545746 118.31352234 5.94018507 -66.77548981 104.75637817 7.19664478 -82.93225861 104.44270325 8.57195568 -83.30609131 105.58153534 5.88051844 -81.94888306 118.31639862 5.88051844 -66.77206421 104.71810913 7.19068718 -82.97786713 104.39620972 8.52775669 -83.36149597 105.57675171 5.82114935 -81.95458221 118.32118225 5.82114935 -66.76636505 104.68008423 7.18176937 -83.02319336 104.34836578 8.4872179 -83.41851807 105.57007599 5.76222467 -81.96253967 118.03971863 0.50108379 -67.10179901 104.64238739 7.16991329 -83.06811523 104.29927063 8.45044041 -83.47702026 105.56151581 5.70389128 -81.97274017 118.02496338 0.41948757 -67.11938477 104.60511017 7.15514898 -83.11253357 105.55110168 5.64629364 -81.9851532 118.01284027 0.33684844 -67.13383484 104.56835938 7.13751268 -83.15633392 104.24906158 8.4175148 -83.5368576 105.53884888 5.58957577 -81.99974823 118.00337219 0.25337186 -67.14511108 104.53221893 7.11704826 -83.19940948 104.19786835 8.3885231 -83.5978775 105.52480316 5.53387833 -82.01649475 117.99659729 0.16926534 -67.15318298 104.4967804 7.09380722 -83.24164581 104.14579773 8.36353874 -83.65992737 105.5089798 5.4793396 -82.03534698 117.99253082 0.08473801 -67.15803528 104.46212769 7.0678463 -83.2829361 104.09300232 8.34262276 -83.72284698 105.49143982 5.42609501 -82.05625916 117.99117279 -0 -67.15965271 104.42835236 7.03923035 -83.32318878 105.47220612 5.37427759 -82.07917786 104.3955307 7.00803089 -83.36230469 104.03959656 8.32582664 -83.78649139 104.36375427 6.97432566 -83.400177 103.98571777 8.31319332 -83.85070038 104.33309937 6.93819761 -83.43671417 103.9315033 8.3047533 -83.91531372 104.30363464 6.89973736 -83.47182465 103.87708282 8.30052853 -83.98016357 104.27544403 6.85904026 -83.5054245 104.24858856 6.81620741 -83.53742981 103.82260132 8.30052853 -84.04509735 104.2231369 6.77134514 -83.56775665 103.76818085 8.3047533 -84.10995483 104.19915771 6.72456551 -83.59632874 103.71396637 8.31319332 -84.17456055 104.17671204 6.67598391 -83.62308502 103.66008759 8.32582664 -84.23876953 104.15584564 6.62572241 -83.64795685 104.13661194 6.57390499 -83.67087555 103.60668945 8.34262276 -84.30241394 104.11906433 6.5206604 -83.69178772 103.55388641 8.36353874 -84.36534119 104.1032486 6.46612167 -83.71063232 103.50182343 8.3885231 -84.42739105 104.08919525 6.41042423 -83.72737885 103.45062256 8.4175148 -84.48841095 104.07695007 6.35370636 -83.74198151 103.40041351 8.45044041 -84.54824066 104.06652832 6.29610872 -83.75439453 104.05797577 6.23777533 -83.76459503 103.35132599 8.4872179 -84.60674286 104.05129242 6.17885065 -83.77255249 103.30347443 8.52775669 -84.66377258 104.04650879 6.11948156 -83.77825165 103.2569809 8.57195568 -84.71917725 104.04364014 6.05981493 -83.78167725 103.21195984 8.6197052 -84.77282715 104.04267883 6 -83.78282166 103.16853333 8.67088604 -84.82458496 104.04364014 5.94018507 -83.78167725 103.12679291 8.72537231 -84.87432861 104.04650879 5.88051844 -83.77825165 103.08685303 8.7830267 -84.92192841 104.05129242 5.82114935 -83.77255249 103.04880524 8.84370613 -84.9672699 104.05797577 5.76222467 -83.76459503 103.01275635 8.90726089 -85.01023102 104.06652832 5.70389128 -83.75439453 102.97878265 8.97353268 -85.05072021 103.76818085 11.6952467 -84.10995483 103.71396637 11.68680668 -84.17456055 103.66008759 11.67417336 -84.23876953 103.60668945 11.65737724 -84.30241394 103.55388641 11.63646126 -84.36534119 103.50182343 11.6114769 -84.42739105 103.45062256 11.5824852 -84.48841095 103.40041351 11.54955959 -84.54824066 103.35132599 11.5127821 -84.60674286 103.30347443 11.47224331 -84.66377258 103.2569809 11.42804432 -84.71917725 103.21195984 11.3802948 -84.77282715 103.16853333 11.32911396 -84.82458496 103.12679291 11.27462769 -84.87432861 103.08685303 11.2169733 -84.92192841 103.04880524 11.15629387 -84.9672699 103.01275635 11.09273911 -85.01023102 102.97878265 11.02646732 -85.05072021 102.94698334 10.95764446 -85.08862305 102.91741943 10.88644028 -85.12385559 102.89017487 10.81303215 -85.15631866 102.8653183 10.73760223 -85.1859436 102.84291077 10.66033936 -85.21264648 102.82300568 10.58143425 -85.2363739 102.8056488 10.50108337 -85.25704956 102.79089355 10.41948795 -85.27463531 102.77877045 10.33684826 -85.28908539 102.76931 10.25337219 -85.30036163 102.7625351 10.16926575 -85.30843353 104.09300232 11.65737724 -83.72284698 104.03959656 11.67417336 -83.78649139 103.98571777 11.68680668 -83.85070038 103.9315033 11.6952467 -83.91531372 103.87708282 11.69947147 -83.98016357 103.82260132 11.69947147 -84.04509735 104.07695007 5.64629364 -83.74198151 102.758461 10.08473778 -85.31328583 102.75710297 10 -85.31491089 102.758461 9.91526222 -85.31328583 102.7625351 9.83073425 -85.30843353 102.76931 9.74662781 -85.30036163 102.77877045 9.66315174 -85.28908539 102.79089355 9.58051205 -85.27463531 102.8056488 9.49891663 -85.25704956 102.82300568 9.41856575 -85.2363739 102.84291077 9.33966064 -85.21264648 102.8653183 9.26239777 -85.1859436 102.89017487 9.18696785 -85.15631866 102.91741943 9.11355972 -85.12385559 102.94698334 9.04235554 -85.08862305 104.08919525 5.58957577 -83.72737885 104.1032486 5.53387833 -83.71063232 104.11906433 5.4793396 -83.69178772 105.3794632 -5.18379259 -82.1897049 105.35260773 5.14095974 -82.22171021 105.3794632 5.18379259 -82.1897049 105.35260773 -5.14095974 -82.22171021 105.32440948 -5.10026264 -82.25531006 105.29495239 5.06180239 -82.29042053 105.32440948 5.10026264 -82.25531006 105.40490723 -5.22865486 -82.15937805 105.40490723 5.22865486 -82.15937805 105.29495239 -5.06180239 -82.29042053 105.42888641 -5.27543449 -82.13079834 105.42888641 5.27543449 -82.13079834 105.26428986 -5.02567434 -82.3269577 105.26428986 5.02567434 -82.3269577 105.45133972 -5.32401609 -82.10404205 105.45133972 5.32401609 -82.10404205 105.23251343 -4.99196911 -82.36483002 105.23251343 4.99196911 -82.36483002 105.47220612 -5.37427759 -82.07917786 105.1996994 -4.96076965 -82.40393829 105.16591644 4.9321537 -82.44419098 105.1996994 4.96076965 -82.40393829 105.49143982 -5.42609501 -82.05625916 117.99253082 -0.08473801 -67.15803528 105.16591644 -4.9321537 -82.44419098 105.5089798 -5.4793396 -82.03534698 117.99659729 -0.16926534 -67.15318298 105.13127136 -4.90619278 -82.48548889 105.0958252 4.88295174 -82.52772522 105.13127136 4.90619278 -82.48548889 105.52480316 -5.53387833 -82.01649475 118.00337219 -0.25337186 -67.14511108 105.0958252 -4.88295174 -82.52772522 105.53884888 -5.58957577 -81.99974823 118.01284027 -0.33684844 -67.13383484 105.05968475 -4.86248732 -82.57079315 105.05968475 4.86248732 -82.57079315 105.55110168 -5.64629364 -81.9851532 118.02496338 -0.41948757 -67.11938477 105.02293396 -4.84485102 -82.61459351 105.02293396 4.84485102 -82.61459351 105.56151581 -5.70389128 -81.97274017 118.03971863 -0.50108379 -67.10179901 104.98566437 -4.83008671 -82.65901184 104.94796753 4.81823063 -82.70394135 104.98566437 4.83008671 -82.65901184 105.57007599 -5.76222467 -81.96253967 104.94796753 -4.81823063 -82.70394135 105.57675171 -5.82114935 -81.95458221 118.32118225 -5.82114935 -66.76636505 118.31639862 -5.88051844 -66.77206421 104.909935 -4.80931282 -82.74925995 104.909935 4.80931282 -82.74925995 105.58153534 -5.88051844 -81.94888306 118.31352234 -5.94018507 -66.77548981 104.87166595 -4.80335522 -82.79486847 104.83325195 4.80037308 -82.84064484 104.87166595 4.80335522 -82.79486847 105.58441162 -5.94018507 -81.94545746 104.83325195 -4.80037308 -82.84064484 104.79479218 4.80037308 -82.88648224 105.58537292 -6 -81.94431305 118.31256104 -6 -66.77663422 104.79479218 -4.80037308 -82.88648224 105.58441162 -6.05981493 -81.94545746 118.31352234 -6.05981493 -66.77548981 104.75637817 -4.80335522 -82.93225861 104.75637817 4.80335522 -82.93225861 105.58153534 -6.11948156 -81.94888306 118.31639862 -6.11948156 -66.77206421 118.32118225 -6.17885065 -66.76636505 104.71810913 -4.80931282 -82.97786713 104.71810913 4.80931282 -82.97786713 105.57675171 -6.17885065 -81.95458221 104.68008423 -4.81823063 -83.02319336 104.68008423 4.81823063 -83.02319336 105.57007599 -6.23777533 -81.96253967 118.32785797 -6.23777533 -66.75840759 118.33641815 -6.29610872 -66.74820709 104.64238739 -4.83008671 -83.06811523 104.64238739 4.83008671 -83.06811523 105.56151581 -6.29610872 -81.97274017 104.60511017 -4.84485102 -83.11253357 104.60511017 4.84485102 -83.11253357 105.55110168 -6.35370636 -81.9851532 118.34683228 -6.35370636 -66.73579407 118.35908508 -6.41042423 -66.72119141 104.56835938 -4.86248732 -83.15633392 104.53221893 4.88295174 -83.19940948 104.56835938 4.86248732 -83.15633392 105.53884888 -6.41042423 -81.99974823 104.53221893 -4.88295174 -83.19940948 105.52480316 -6.46612167 -82.01649475 118.3731308 -6.46612167 -66.70445251 104.4967804 -4.90619278 -83.24164581 104.4967804 4.90619278 -83.24164581 104.46212769 -4.9321537 -83.2829361 104.46212769 4.9321537 -83.2829361 104.42835236 -4.96076965 -83.32318878 104.42835236 4.96076965 -83.32318878 104.3955307 -4.99196911 -83.36230469 104.3955307 4.99196911 -83.36230469 104.36375427 -5.02567434 -83.400177 104.33309937 5.06180239 -83.43671417 104.36375427 5.02567434 -83.400177 104.33309937 -5.06180239 -83.43671417 104.30363464 -5.10026264 -83.47182465 104.30363464 5.10026264 -83.47182465 104.27544403 -5.14095974 -83.5054245 104.27544403 5.14095974 -83.5054245 104.24858856 -5.18379259 -83.53742981 104.24858856 5.18379259 -83.53742981 104.2231369 -5.22865486 -83.56775665 104.2231369 5.22865486 -83.56775665 104.19915771 -5.27543449 -83.59632874 104.19915771 5.27543449 -83.59632874 104.17671204 -5.32401609 -83.62308502 104.17671204 5.32401609 -83.62308502 104.15584564 -5.37427759 -83.64795685 104.15584564 5.37427759 -83.64795685 104.13661194 -5.42609501 -83.67087555 104.13661194 5.42609501 -83.67087555 104.11906433 -5.4793396 -83.69178772 104.61283112 -8.7830267 -83.10333252 104.909935 -7.19068718 -82.74925995 104.94796753 -7.18176937 -82.70394135 104.65087891 -8.84370613 -83.05799866 104.98566437 -7.16991329 -82.65901184 105.02293396 -7.15514898 -82.61459351 104.57289124 -8.72537231 -83.15093231 104.87166595 -7.19664478 -82.79486847 104.6869278 -8.90726089 -83.01502991 105.05968475 -7.13751268 -82.57079315 104.53115082 -8.67088604 -83.20067596 104.83325195 -7.19962692 -82.84064484 104.72090149 -8.97353268 -82.97454834 105.0958252 -7.11704826 -82.52772522 104.4877243 -8.6197052 -83.25243378 104.75637817 -7.19664478 -82.93225861 104.79479218 -7.19962692 -82.88648224 104.75270844 -9.04235554 -82.93664551 105.13127136 -7.09380722 -82.48548889 104.44270325 -8.57195568 -83.30609131 104.71810913 -7.19068718 -82.97786713 104.78226471 -9.11355972 -82.90141296 105.16591644 -7.0678463 -82.44419098 104.39620972 -8.52775669 -83.36149597 104.68008423 -7.18176937 -83.02319336 104.80950928 -9.18696785 -82.86894226 105.1996994 -7.03923035 -82.40393829 105.23251343 -7.00803089 -82.36483002 104.34836578 -8.4872179 -83.41851807 104.64238739 -7.16991329 -83.06811523 104.83436584 -9.26239777 -82.83932495 105.26428986 -6.97432566 -82.3269577 104.29927063 -8.45044041 -83.47702026 104.56835938 -7.13751268 -83.15633392 104.60511017 -7.15514898 -83.11253357 104.85677338 -9.33966064 -82.81261444 105.29495239 -6.93819761 -82.29042053 104.24906158 -8.4175148 -83.5368576 104.53221893 -7.11704826 -83.19940948 104.87667847 -9.41856575 -82.78889465 105.32440948 -6.89973736 -82.25531006 104.19786835 -8.3885231 -83.5978775 104.4967804 -7.09380722 -83.24164581 104.89403534 -9.49891663 -82.76821136 105.35260773 -6.85904026 -82.22171021 104.14579773 -8.36353874 -83.65992737 104.46212769 -7.0678463 -83.2829361 104.90879059 -9.58051205 -82.75062561 105.3794632 -6.81620741 -82.1897049 104.09300232 -8.34262276 -83.72284698 104.3955307 -7.00803089 -83.36230469 104.42835236 -7.03923035 -83.32318878 104.9209137 -9.66315174 -82.73617554 105.40490723 -6.77134514 -82.15937805 104.03959656 -8.32582664 -83.78649139 104.36375427 -6.97432566 -83.400177 104.93037415 -9.74662781 -82.72489929 105.42888641 -6.72456551 -82.13079834 103.98571777 -8.31319332 -83.85070038 104.33309937 -6.93819761 -83.43671417 104.93714905 -9.83073425 -82.71682739 105.45133972 -6.67598391 -82.10404205 105.47220612 -6.62572241 -82.07917786 103.9315033 -8.3047533 -83.91531372 104.30363464 -6.89973736 -83.47182465 104.94122314 -9.91526222 -82.7119751 105.49143982 -6.57390499 -82.05625916 103.87708282 -8.30052853 -83.98016357 104.24858856 -6.81620741 -83.53742981 104.27544403 -6.85904026 -83.5054245 104.94258118 -10 -82.71035767 105.5089798 -6.5206604 -82.03534698 103.82260132 -8.30052853 -84.04509735 104.2231369 -6.77134514 -83.56775665 104.94122314 -10.08473778 -82.7119751 103.76818085 -8.3047533 -84.10995483 104.19915771 -6.72456551 -83.59632874 104.93714905 -10.16926575 -82.71682739 118.38895416 -6.5206604 -66.68560028 103.71396637 -8.31319332 -84.17456055 104.17671204 -6.67598391 -83.62308502 104.93037415 -10.25337219 -82.72489929 118.40649414 -6.57390499 -66.66468811 103.66008759 -8.32582664 -84.23876953 104.13661194 -6.57390499 -83.67087555 104.15584564 -6.62572241 -83.64795685 104.9209137 -10.33684826 -82.73617554 118.42572784 -6.62572241 -66.64176941 118.44659424 -6.67598391 -66.61690521 103.60668945 -8.34262276 -84.30241394 104.11906433 -6.5206604 -83.69178772 104.90879059 -10.41948795 -82.75062561 118.46904755 -6.72456551 -66.59014893 103.55388641 -8.36353874 -84.36534119 104.1032486 -6.46612167 -83.71063232 104.89403534 -10.50108337 -82.76821136 118.49302673 -6.77134514 -66.56156921 103.50182343 -8.3885231 -84.42739105 104.08919525 -6.41042423 -83.72737885 104.87667847 -10.58143425 -82.78889465 118.51847076 -6.81620741 -66.53124237 103.45062256 -8.4175148 -84.48841095 104.07695007 -6.35370636 -83.74198151 104.85677338 -10.66033936 -82.81261444 118.54532623 -6.85904026 -66.49923706 103.40041351 -8.45044041 -84.54824066 104.05797577 -6.23777533 -83.76459503 104.06652832 -6.29610872 -83.75439453 104.83436584 -10.73760223 -82.83932495 118.57352448 -6.89973736 -66.46563721 103.35132599 -8.4872179 -84.60674286 104.05129242 -6.17885065 -83.77255249 104.80950928 -10.81303215 -82.86894226 118.60298157 -6.93819761 -66.43052673 103.30347443 -8.52775669 -84.66377258 104.04650879 -6.11948156 -83.77825165 104.78226471 -10.88644028 -82.90141296 118.6336441 -6.97432566 -66.39398956 103.2569809 -8.57195568 -84.71917725 104.04364014 -6.05981493 -83.78167725 104.75270844 -10.95764446 -82.93664551 118.66542053 -7.00803089 -66.35611725 103.21195984 -8.6197052 -84.77282715 104.04267883 -6 -83.78282166 104.72090149 -11.02646732 -82.97454834 118.69823456 -7.03923035 -66.31700897 103.16853333 -8.67088604 -84.82458496 104.04364014 -5.94018507 -83.78167725 104.6869278 -11.09273911 -83.01502991 118.73200989 -7.0678463 -66.27674866 103.12679291 -8.72537231 -84.87432861 104.04650879 -5.88051844 -83.77825165 104.65087891 -11.15629387 -83.05799866 118.7666626 -7.09380722 -66.23545837 103.08685303 -8.7830267 -84.92192841 104.05129242 -5.82114935 -83.77255249 104.61283112 -11.2169733 -83.10333252 118.80210876 -7.11704826 -66.19322205 103.04880524 -8.84370613 -84.9672699 104.05797577 -5.76222467 -83.76459503 104.57289124 -11.27462769 -83.15093231 118.83824921 -7.13751268 -66.15014648 103.01275635 -8.90726089 -85.01023102 104.06652832 -5.70389128 -83.75439453 104.53115082 -11.32911396 -83.20067596 118.875 -7.15514898 -66.10635376 102.97878265 -8.97353268 -85.05072021 104.07695007 -5.64629364 -83.74198151 104.4877243 -11.3802948 -83.25243378 118.91226959 -7.16991329 -66.06193542 104.44270325 -11.42804432 -83.30609131 118.94996643 -7.18176937 -66.01700592 104.39620972 -11.47224331 -83.36149597 118.98799896 -7.19068718 -65.97167969 104.34836578 -11.5127821 -83.41851807 104.29927063 -11.54955959 -83.47702026 104.24906158 -11.5824852 -83.5368576 104.19786835 -11.6114769 -83.5978775 102.94698334 -9.04235554 -85.08862305 102.91741943 -9.11355972 -85.12385559 102.89017487 -9.18696785 -85.15631866 102.8653183 -9.26239777 -85.1859436 102.84291077 -9.33966064 -85.21264648 102.82300568 -9.41856575 -85.2363739 102.8056488 -9.49891663 -85.25704956 102.79089355 -9.58051205 -85.27463531 102.77877045 -9.66315174 -85.28908539 102.76931 -9.74662781 -85.30036163 102.7625351 -9.83073425 -85.30843353 102.758461 -9.91526222 -85.31328583 102.75710297 -10 -85.31491089 102.758461 -10.08473778 -85.31328583 102.7625351 -10.16926575 -85.30843353 104.1032486 -5.53387833 -83.71063232 104.08919525 -5.58957577 -83.72737885 102.76931 -10.25337219 -85.30036163 102.77877045 -10.33684826 -85.28908539 102.79089355 -10.41948795 -85.27463531 102.8056488 -10.50108337 -85.25704956 102.82300568 -10.58143425 -85.2363739 102.84291077 -10.66033936 -85.21264648 102.8653183 -10.73760223 -85.1859436 102.89017487 -10.81303215 -85.15631866 102.91741943 -10.88644028 -85.12385559 102.94698334 -10.95764446 -85.08862305 102.97878265 -11.02646732 -85.05072021 103.01275635 -11.09273911 -85.01023102 103.04880524 -11.15629387 -84.9672699 103.08685303 -11.2169733 -84.92192841 103.12679291 -11.27462769 -84.87432861 103.16853333 -11.32911396 -84.82458496 103.21195984 -11.3802948 -84.77282715 103.2569809 -11.42804432 -84.71917725 103.30347443 -11.47224331 -84.66377258 103.35132599 -11.5127821 -84.60674286 103.40041351 -11.54955959 -84.54824066 103.45062256 -11.5824852 -84.48841095 103.50182343 -11.6114769 -84.42739105 103.55388641 -11.63646126 -84.36534119 103.60668945 -11.65737724 -84.30241394 103.66008759 -11.67417336 -84.23876953 103.71396637 -11.68680668 -84.17456055 103.76818085 -11.6952467 -84.10995483 103.82260132 -11.69947147 -84.04509735 103.87708282 -11.69947147 -83.98016357 103.9315033 -11.6952467 -83.91531372 103.98571777 -11.68680668 -83.85070038 104.03959656 -11.67417336 -83.78649139 104.09300232 -11.65737724 -83.72284698 104.14579773 11.63646126 -83.65992737 104.14579773 -11.63646126 -83.65992737 49 27 3.9000001 49 27.19439888 3.89515209 49 27.3883152 3.88062 49 27.5812645 3.85644031 49 27.77276993 3.82267261 49 27.96235466 3.7794013 49 28.14954567 3.72673392 49 28.33387947 3.66480112 49 28.51489639 3.59375715 49 28.6921463 3.51377869 49 28.86519051 3.42506409 49 29.03359795 3.32783437 49 29.19694901 3.22233129 49 29.35483742 3.10881686 49 29.50687218 2.98757339 49 29.65267372 2.85890222 49 29.79188156 2.72312355 49 29.92414665 2.58057475 49 30.04914284 2.43161035 49 30.16655731 2.27660036 49 30.27610016 2.11593032 49 30.37749863 1.95000005 49 30.47050095 1.77922153 49 30.55487251 1.60401976 49 30.63040733 1.42482996 49 30.69691658 1.24209797 49 30.75423431 1.05627787 49 30.80221939 0.86783165 49 30.84074974 0.67722791 49 30.86973381 0.48494044 49 30.88909531 0.29144737 49 30.89878845 0.0972297 49 30.89878845 -0.0972297 49 30.88909531 -0.29144737 49 30.86973381 -0.48494044 49 30.84074974 -0.67722791 49 30.80221939 -0.86783165 49 30.75423431 -1.05627787 49 30.69691658 -1.24209797 49 30.63040733 -1.42482996 49 30.55487251 -1.60401976 49 30.47050095 -1.77922153 49 30.37749863 -1.95000005 49 30.27610016 -2.11593032 49 30.16655731 -2.27660036 49 30.04914284 -2.43161035 49 29.92414665 -2.58057475 49 29.79188156 -2.72312355 49 29.65267372 -2.85890222 49 29.50687218 -2.98757339 49 29.35483742 -3.10881686 49 29.19694901 -3.22233129 49 29.03359795 -3.32783437 49 28.86519051 -3.42506409 49 28.6921463 -3.51377869 49 28.51489639 -3.59375715 49 28.33387947 -3.66480112 49 28.14954567 -3.72673392 49 27.96235466 -3.7794013 49 27.77276993 -3.82267261 49 27.5812645 -3.85644031 49 27.3883152 -3.88062 49 27.19439888 -3.89515209 49 27 -3.9000001 49 26.80560112 -3.89515209 49 26.6116848 -3.88062 49 26.4187355 -3.85644031 49 26.22723007 -3.82267261 49 26.03764534 -3.7794013 49 25.85045433 -3.72673392 49 25.66612053 -3.66480112 49 25.48510361 -3.59375715 49 25.3078537 -3.51377869 49 25.13480949 -3.42506409 49 24.96640205 -3.32783437 49 24.80305099 -3.22233129 49 24.64516258 -3.10881686 49 24.49312782 -2.98757339 49 24.34732628 -2.85890222 49 24.20811844 -2.72312355 49 24.07585335 -2.58057475 49 23.95085716 -2.43161035 49 23.83344269 -2.27660036 49 23.72389984 -2.11593032 49 23.62250137 -1.95000005 49 23.52949905 -1.77922153 49 23.44512749 -1.60401976 49 23.36959267 -1.42482996 49 23.30308342 -1.24209797 49 23.24576569 -1.05627787 49 23.19778061 -0.86783165 49 23.15925026 -0.67722791 49 23.13026619 -0.48494044 49 23.11090469 -0.29144737 49 23.10121155 -0.0972297 49 23.10121155 0.0972297 49 23.11090469 0.29144737 49 23.13026619 0.48494044 49 23.15925026 0.67722791 49 23.19778061 0.86783165 49 23.24576569 1.05627787 49 23.30308342 1.24209797 49 23.36959267 1.42482996 49 23.44512749 1.60401976 49 23.52949905 1.77922153 49 23.62250137 1.95000005 49 23.72389984 2.11593032 49 23.83344269 2.27660036 49 23.95085716 2.43161035 49 24.07585335 2.58057475 49 24.20811844 2.72312355 49 24.34732628 2.85890222 49 24.49312782 2.98757339 49 24.64516258 3.10881686 49 24.80305099 3.22233129 49 24.96640205 3.32783437 49 25.13480949 3.42506409 49 25.3078537 3.51377869 49 25.48510361 3.59375715 49 25.66612053 3.66480112 49 25.85045433 3.72673392 49 26.03764534 3.7794013 49 26.22723007 3.82267261 49 26.4187355 3.85644031 49 26.6116848 3.88062 49 26.80560112 3.89515209 49 25.46387863 1.57490706 49 25.38728523 1.49637997 49 25.54429054 1.64951861 49 25.31470299 1.41413271 49 25.6283226 1.72002923 49 25.24630928 1.32836974 49 25.71576309 1.78626359 49 25.18227386 1.23930418 49 25.80639839 1.84805703 49 25.12276077 1.14715743 49 25.89999962 1.90525591 49 25.06791306 1.05215871 49 25.99633598 1.95771801 49 25.01786804 0.95454425 49 26.09516907 2.00531292 49 24.97275162 0.85455656 49 26.19624901 2.04792213 49 24.93267632 0.75244433 49 26.29932976 2.08544016 49 24.89773941 0.6484614 49 26.40415192 2.11777329 49 24.86803055 0.54286629 49 26.51045418 2.14484143 49 24.8436203 0.43592152 49 26.61797333 2.1665771 49 24.82457161 0.32789299 49 26.72644424 2.18292618 49 24.81093216 0.21904926 49 26.83559418 2.19384837 49 24.80273438 0.10966095 49 26.94515228 2.19931626 49 24.79999924 -0 49 27.05484772 2.19931626 49 24.80273438 -0.10966095 49 27.16440582 2.19384837 49 24.81093216 -0.21904926 49 27.27355576 2.18292618 49 24.82457161 -0.32789299 49 27.38202667 2.1665771 49 24.8436203 -0.43592152 49 27.48954582 2.14484143 49 24.86803055 -0.54286629 49 27.59584808 2.11777329 49 24.89773941 -0.6484614 49 27.70067024 2.08544016 49 24.93267632 -0.75244433 49 27.80375099 2.04792213 49 24.97275162 -0.85455656 49 27.90483093 2.00531292 49 25.01786804 -0.95454425 49 28.00366402 1.95771801 49 25.06791306 -1.05215871 49 28.10000038 1.90525591 49 25.12276077 -1.14715743 49 28.19360161 1.84805703 49 25.18227386 -1.23930418 49 28.28423691 1.78626359 49 25.24630928 -1.32836974 49 28.3716774 1.72002923 49 25.31470299 -1.41413271 49 28.45570946 1.64951861 49 25.38728523 -1.49637997 49 28.53612137 1.57490706 49 25.46387863 -1.57490706 49 28.61271477 1.49637997 49 25.54429054 -1.64951861 49 28.68529701 1.41413271 49 25.6283226 -1.72002923 49 28.75369072 1.32836974 49 25.71576309 -1.78626359 49 28.81772614 1.23930418 49 25.80639839 -1.84805703 49 28.87723923 1.14715743 49 25.89999962 -1.90525591 49 28.93208694 1.05215871 49 25.99633598 -1.95771801 49 28.98213196 0.95454425 49 26.09516907 -2.00531292 49 29.02724838 0.85455656 49 26.19624901 -2.04792213 49 29.06732368 0.75244433 49 26.29932976 -2.08544016 49 29.10226059 0.6484614 49 26.40415192 -2.11777329 49 29.13196945 0.54286629 49 26.51045418 -2.14484143 49 29.1563797 0.43592152 49 26.61797333 -2.1665771 49 29.17542839 0.32789299 49 26.72644424 -2.18292618 49 29.18906784 0.21904926 49 26.83559418 -2.19384837 49 29.19726562 0.10966095 49 26.94515228 -2.19931626 49 29.20000076 0 49 27.05484772 -2.19931626 49 29.19726562 -0.10966095 49 27.16440582 -2.19384837 49 29.18906784 -0.21904926 49 27.27355576 -2.18292618 49 29.17542839 -0.32789299 49 27.38202667 -2.1665771 49 29.1563797 -0.43592152 49 27.48954582 -2.14484143 49 29.13196945 -0.54286629 49 27.59584808 -2.11777329 49 29.10226059 -0.6484614 49 27.70067024 -2.08544016 49 29.06732368 -0.75244433 49 27.80375099 -2.04792213 49 29.02724838 -0.85455656 49 27.90483093 -2.00531292 49 28.98213196 -0.95454425 49 28.00366402 -1.95771801 49 28.93208694 -1.05215871 49 28.10000038 -1.90525591 49 28.87723923 -1.14715743 49 28.19360161 -1.84805703 49 28.81772614 -1.23930418 49 28.28423691 -1.78626359 49 28.75369072 -1.32836974 49 28.3716774 -1.72002923 49 28.68529701 -1.41413271 49 28.45570946 -1.64951861 49 28.61271477 -1.49637997 49 28.53612137 -1.57490706 49 -27 3.9000001 49 -26.80560112 3.89515209 49 -26.6116848 3.88062 49 -26.4187355 3.85644031 49 -26.22723007 3.82267261 49 -26.03764534 3.7794013 49 -25.85045433 3.72673392 49 -25.66612053 3.66480112 49 -25.48510361 3.59375715 49 -25.3078537 3.51377869 49 -25.13480949 3.42506409 49 -24.96640205 3.32783437 49 -24.80305099 3.22233129 49 -24.64516258 3.10881686 49 -24.49312782 2.98757339 49 -24.34732628 2.85890222 49 -24.20811844 2.72312355 49 -24.07585335 2.58057475 49 -23.95085716 2.43161035 49 -23.83344269 2.27660036 49 -23.72389984 2.11593032 49 -23.62250137 1.95000005 49 -23.52949905 1.77922153 49 -23.44512749 1.60401976 49 -23.36959267 1.42482996 49 -23.30308342 1.24209797 49 -23.24576569 1.05627787 49 -23.19778061 0.86783165 49 -23.15925026 0.67722791 49 -23.13026619 0.48494044 49 -23.11090469 0.29144737 49 -23.10121155 0.0972297 49 -23.10121155 -0.0972297 49 -23.11090469 -0.29144737 49 -23.13026619 -0.48494044 49 -23.15925026 -0.67722791 49 -23.19778061 -0.86783165 49 -23.24576569 -1.05627787 49 -23.30308342 -1.24209797 49 -23.36959267 -1.42482996 49 -23.44512749 -1.60401976 49 -23.52949905 -1.77922153 49 -23.62250137 -1.95000005 49 -23.72389984 -2.11593032 49 -23.83344269 -2.27660036 49 -23.95085716 -2.43161035 49 -24.07585335 -2.58057475 49 -24.20811844 -2.72312355 49 -24.34732628 -2.85890222 49 -24.49312782 -2.98757339 49 -24.64516258 -3.10881686 49 -24.80305099 -3.22233129 49 -24.96640205 -3.32783437 49 -25.13480949 -3.42506409 49 -25.3078537 -3.51377869 49 -25.48510361 -3.59375715 49 -25.66612053 -3.66480112 49 -25.85045433 -3.72673392 49 -26.03764534 -3.7794013 49 -26.22723007 -3.82267261 49 -26.4187355 -3.85644031 49 -26.6116848 -3.88062 49 -26.80560112 -3.89515209 49 -27 -3.9000001 49 -27.19439888 -3.89515209 49 -27.3883152 -3.88062 49 -27.5812645 -3.85644031 49 -27.77276993 -3.82267261 49 -27.96235466 -3.7794013 49 -28.14954567 -3.72673392 49 -28.33387947 -3.66480112 49 -28.51489639 -3.59375715 49 -28.6921463 -3.51377869 49 -28.86519051 -3.42506409 49 -29.03359795 -3.32783437 49 -29.19694901 -3.22233129 49 -29.35483742 -3.10881686 49 -29.50687218 -2.98757339 49 -29.65267372 -2.85890222 49 -29.79188156 -2.72312355 49 -29.92414665 -2.58057475 49 -30.04914284 -2.43161035 49 -30.16655731 -2.27660036 49 -30.27610016 -2.11593032 49 -30.37749863 -1.95000005 49 -30.47050095 -1.77922153 49 -30.55487251 -1.60401976 49 -30.63040733 -1.42482996 49 -30.69691658 -1.24209797 49 -30.75423431 -1.05627787 49 -30.80221939 -0.86783165 49 -30.84074974 -0.67722791 49 -30.86973381 -0.48494044 49 -30.88909531 -0.29144737 49 -30.89878845 -0.0972297 49 -30.89878845 0.0972297 49 -30.88909531 0.29144737 49 -30.86973381 0.48494044 49 -30.84074974 0.67722791 49 -30.80221939 0.86783165 49 -30.75423431 1.05627787 49 -30.69691658 1.24209797 49 -30.63040733 1.42482996 49 -30.55487251 1.60401976 49 -30.47050095 1.77922153 49 -30.37749863 1.95000005 49 -30.27610016 2.11593032 49 -30.16655731 2.27660036 49 -30.04914284 2.43161035 49 -29.92414665 2.58057475 49 -29.79188156 2.72312355 49 -29.65267372 2.85890222 49 -29.50687218 2.98757339 49 -29.35483742 3.10881686 49 -29.19694901 3.22233129 49 -29.03359795 3.32783437 49 -28.86519051 3.42506409 49 -28.6921463 3.51377869 49 -28.51489639 3.59375715 49 -28.33387947 3.66480112 49 -28.14954567 3.72673392 49 -27.96235466 3.7794013 49 -27.77276993 3.82267261 49 -27.5812645 3.85644031 49 -27.3883152 3.88062 49 -27.19439888 3.89515209 49 -28.53612137 1.57490706 49 -28.61271477 1.49637997 49 -28.45570946 1.64951861 49 -28.68529701 1.41413271 49 -28.3716774 1.72002923 49 -28.75369072 1.32836974 49 -28.28423691 1.78626359 49 -28.81772614 1.23930418 49 -28.19360161 1.84805703 49 -28.87723923 1.14715743 49 -28.10000038 1.90525591 49 -28.93208694 1.05215871 49 -28.00366402 1.95771801 49 -28.98213196 0.95454425 49 -27.90483093 2.00531292 49 -29.02724838 0.85455656 49 -27.80375099 2.04792213 49 -29.06732368 0.75244433 49 -27.70067024 2.08544016 49 -29.10226059 0.6484614 49 -27.59584808 2.11777329 49 -29.13196945 0.54286629 49 -27.48954582 2.14484143 49 -29.1563797 0.43592152 49 -27.38202667 2.1665771 49 -29.17542839 0.32789299 49 -27.27355576 2.18292618 49 -29.18906784 0.21904926 49 -27.16440582 2.19384837 49 -29.19726562 0.10966095 49 -27.05484772 2.19931626 49 -29.20000076 -0 49 -26.94515228 2.19931626 49 -29.19726562 -0.10966095 49 -26.83559418 2.19384837 49 -29.18906784 -0.21904926 49 -26.72644424 2.18292618 49 -29.17542839 -0.32789299 49 -26.61797333 2.1665771 49 -29.1563797 -0.43592152 49 -26.51045418 2.14484143 49 -29.13196945 -0.54286629 49 -26.40415192 2.11777329 49 -29.10226059 -0.6484614 49 -26.29932976 2.08544016 49 -29.06732368 -0.75244433 49 -26.19624901 2.04792213 49 -29.02724838 -0.85455656 49 -26.09516907 2.00531292 49 -28.98213196 -0.95454425 49 -25.99633598 1.95771801 49 -28.93208694 -1.05215871 49 -25.89999962 1.90525591 49 -28.87723923 -1.14715743 49 -25.80639839 1.84805703 49 -28.81772614 -1.23930418 49 -25.71576309 1.78626359 49 -28.75369072 -1.32836974 49 -25.6283226 1.72002923 49 -28.68529701 -1.41413271 49 -25.54429054 1.64951861 49 -28.61271477 -1.49637997 49 -25.46387863 1.57490706 49 -28.53612137 -1.57490706 49 -25.38728523 1.49637997 49 -28.45570946 -1.64951861 49 -25.31470299 1.41413271 49 -28.3716774 -1.72002923 49 -25.24630928 1.32836974 49 -28.28423691 -1.78626359 49 -25.18227386 1.23930418 49 -28.19360161 -1.84805703 49 -25.12276077 1.14715743 49 -28.10000038 -1.90525591 49 -25.06791306 1.05215871 49 -28.00366402 -1.95771801 49 -25.01786804 0.95454425 49 -27.90483093 -2.00531292 49 -24.97275162 0.85455656 49 -27.80375099 -2.04792213 49 -24.93267632 0.75244433 49 -27.70067024 -2.08544016 49 -24.89773941 0.6484614 49 -27.59584808 -2.11777329 49 -24.86803055 0.54286629 49 -27.48954582 -2.14484143 49 -24.8436203 0.43592152 49 -27.38202667 -2.1665771 49 -24.82457161 0.32789299 49 -27.27355576 -2.18292618 49 -24.81093216 0.21904926 49 -27.16440582 -2.19384837 49 -24.80273438 0.10966095 49 -27.05484772 -2.19931626 49 -24.79999924 0 49 -26.94515228 -2.19931626 49 -24.80273438 -0.10966095 49 -26.83559418 -2.19384837 49 -24.81093216 -0.21904926 49 -26.72644424 -2.18292618 49 -24.82457161 -0.32789299 49 -26.61797333 -2.1665771 49 -24.8436203 -0.43592152 49 -26.51045418 -2.14484143 49 -24.86803055 -0.54286629 49 -26.40415192 -2.11777329 49 -24.89773941 -0.6484614 49 -26.29932976 -2.08544016 49 -24.93267632 -0.75244433 49 -26.19624901 -2.04792213 49 -24.97275162 -0.85455656 49 -26.09516907 -2.00531292 49 -25.01786804 -0.95454425 49 -25.99633598 -1.95771801 49 -25.06791306 -1.05215871 49 -25.89999962 -1.90525591 49 -25.12276077 -1.14715743 49 -25.80639839 -1.84805703 49 -25.18227386 -1.23930418 49 -25.71576309 -1.78626359 49 -25.24630928 -1.32836974 49 -25.6283226 -1.72002923 49 -25.31470299 -1.41413271 49 -25.54429054 -1.64951861 49 -25.38728523 -1.49637997 49 -25.46387863 -1.57490706</float_array>
          <technique_common>
            <accessor source="#pos_0-array" count="20244" stride="3">
              <param name="X" type="float"/>
              <param name="Y" type="float"/>
              <param name="Z" type="float"/>
            </accessor>
          </technique_common>
        </source>
        <source id="uvs_0">
          <float_array id="uvs_0-array" count="0"></float_array>
          <technique_common>
            <accessor source="#uvs_0-array" count="0" stride="2">
              <param name="S" type="float"/>
              <param name="T" type="float"/>
            </accessor>
          </technique_common>
        </source>
        <vertices id="vert_0">
          <input semantic="POSITION" source="#pos_0"/>
        </vertices>
        <triangles count="13528" material="mat_0">
          <input semantic="VERTEX" source="#vert_0" offset="0"/>
          <p>0 1 2 0 2 3 4 1 5 4 5 6 4 6 7 8 7 9 8 9 10 8 4 7 11 10 12 11 12 13 11 8 10 14 2 1 14 1 4 15 11 13 15 13 16 15 16 17 18 14 4 18 4 8 19 15 17 19 17 20 19 20 21 22 8 11 22 18 8 23 2 14 23 24 25 23 25 26 23 26 2 27 21 28 27 28 29 27 19 21 30 11 15 30 22 11 31 32 33 31 33 24 31 24 23 31 14 18 31 23 14 34 27 29 34 29 35 34 35 36 37 15 19 37 30 15 38 32 31 38 39 40 38 40 32 38 31 18 38 18 22 41 36 42 41 42 43 41 34 36 44 19 27 44 37 19 45 46 47 45 47 39 45 38 22 45 39 38 45 22 30 48 41 43 48 43 49 48 49 50 51 27 34 51 44 27 51 34 41 52 30 37 52 53 54 52 54 46 52 46 45 52 45 30 55 48 50 55 50 56 55 56 57 58 51 41 59 60 61 59 61 53 59 53 52 59 52 37 59 37 44 62 55 57 62 57 63 62 63 64 65 41 48 65 58 41 66 67 68 66 68 60 66 44 51 66 60 59 66 59 44 69 64 70 69 70 71 69 62 64 72 48 55 72 65 48 73 58 65 73 51 58 73 74 75 73 75 67 73 67 66 73 66 51 76 71 77 76 77 78 76 69 71 79 55 62 79 62 69 79 72 55 80 81 82 80 82 74 80 74 73 80 73 65 83 76 78 83 78 84 83 84 85 86 79 69 87 80 65 87 88 89 87 89 81 87 65 72 87 81 80 90 83 85 90 85 91 90 91 92 90 92 93 94 76 83 94 86 69 94 69 76 95 88 87 95 96 97 95 97 88 95 87 72 95 72 79 98 94 83 99 100 101 99 101 96 99 96 95 99 79 86 99 95 79 102 93 103 102 90 93 102 83 90 102 98 83 104 105 106 104 106 100 104 86 94 104 100 99 104 99 86 107 108 109 107 109 105 107 105 104 107 94 98 107 104 94 110 103 111 110 111 112 110 112 108 110 102 103 110 108 107 110 98 102 110 107 98 113 114 103 113 103 93 115 116 117 118 116 115 114 116 118 116 119 117 120 119 121 117 119 120 113 122 114 114 122 116 123 124 125 121 124 123 119 124 121 122 126 116 116 126 119 127 128 113 129 128 127 130 128 129 113 128 122 131 132 133 125 132 131 124 132 125 126 134 119 119 134 124 135 136 130 137 136 135 128 136 122 122 136 126 130 136 128 132 138 133 139 138 140 133 138 139 124 141 132 134 141 124 142 143 137 144 143 142 137 143 136 126 143 134 136 143 126 138 145 140 146 145 147 140 145 146 141 148 132 132 148 138 134 149 141 144 149 143 143 149 134 150 149 144 151 149 150 152 153 154 147 153 152 145 153 147 138 155 145 145 155 153 148 155 138 156 157 151 158 157 156 151 157 149 149 157 141 141 157 148 159 160 161 154 160 159 153 160 154 155 162 153 158 163 157 164 163 158 165 163 164 148 163 155 157 163 148 166 167 168 161 167 166 160 167 161 153 169 160 162 169 153 170 171 165 172 171 170 163 171 155 165 171 163 155 171 162 173 174 175 168 174 173 167 174 168 169 176 160 160 176 167 169 177 176 178 177 172 179 177 178 162 177 169 171 177 162 172 177 171 174 180 175 181 180 182 175 180 181 167 183 174 176 183 167 184 185 179 186 185 184 179 185 177 177 185 176 180 187 182 188 187 189 182 187 188 183 190 174 174 190 180 186 191 185 185 191 176 192 191 186 193 191 192 176 191 183 187 194 189 195 194 196 189 194 195 180 197 187 190 197 180 187 197 194 198 199 193 200 199 198 193 199 191 191 199 183 183 199 190 194 201 196 202 201 203 196 201 202 197 204 194 200 205 199 206 205 200 207 205 206 199 205 190 190 205 197 208 209 210 211 209 208 203 209 211 201 209 203 194 212 201 204 212 194 197 213 204 207 213 205 214 213 207 215 213 214 205 213 197 209 216 210 201 216 209 212 216 201 210 216 217 218 219 215 220 219 218 215 219 213 204 219 212 213 219 204 221 222 220 223 222 221 217 222 223 220 222 219 216 222 217 212 222 216 219 222 212 217 224 225 217 225 210 226 227 228 229 227 230 231 227 229 228 227 231 232 233 226 234 233 232 235 233 234 226 233 227 236 237 238 230 237 236 227 237 230 239 240 235 241 240 239 235 240 233 227 240 237 233 240 227 242 243 244 238 243 242 237 243 238 245 246 241 247 246 245 237 246 243 241 246 240 240 246 237 248 249 250 244 249 248 243 249 244 251 252 247 253 252 251 246 252 243 247 252 246 243 252 249 254 255 256 250 255 254 249 255 250 257 258 253 259 258 257 252 258 249 253 258 252 249 258 255 260 261 262 256 261 260 255 261 256 263 264 259 265 264 263 255 264 261 258 264 255 259 264 258 261 266 262 267 266 268 262 266 267 264 269 261 270 269 265 271 269 270 265 269 264 261 269 266 269 272 266 266 272 268 273 272 274 268 272 273 271 275 269 269 275 272 276 275 271 277 275 276 278 279 280 274 279 278 272 279 274 277 281 275 282 281 277 283 281 282 275 281 272 272 281 279 281 284 279 279 284 280 285 284 286 280 284 285 287 288 283 289 288 287 281 288 284 283 288 281 284 290 286 291 290 292 286 290 291 288 290 284 289 293 288 294 293 289 295 293 294 288 293 290 290 296 292 297 296 298 292 296 297 299 300 295 301 300 299 293 300 290 295 300 293 290 300 296 302 303 304 298 303 302 296 303 298 296 305 303 306 305 301 307 305 306 301 305 300 300 305 296 308 309 310 304 309 308 303 309 304 303 311 309 312 311 307 313 311 312 307 311 305 305 311 303 314 315 224 316 315 314 310 315 316 311 315 309 309 315 310 313 317 311 318 317 313 319 317 318 225 317 319 224 317 225 311 317 315 315 317 224 228 320 321 228 321 226 322 323 324 325 323 326 327 323 325 324 323 327 328 329 322 330 329 328 331 329 330 322 329 323 332 333 334 326 333 332 323 333 326 335 336 331 337 336 335 323 336 333 329 336 323 331 336 329 338 339 340 334 339 338 333 339 334 341 342 337 343 342 341 337 342 336 333 342 339 336 342 333 344 345 346 340 345 344 339 345 340 347 348 343 349 348 347 339 348 345 343 348 342 342 348 339 350 351 352 346 351 350 345 351 346 353 354 349 355 354 353 345 354 351 349 354 348 348 354 345 356 357 320 358 357 356 352 357 358 351 357 352 354 357 351 359 360 355 361 360 359 321 360 361 320 360 321 357 360 320 354 360 357 355 360 354 322 362 363 324 362 322 364 362 365 364 365 366 364 366 367 368 367 369 368 369 370 368 364 367 371 370 372 371 372 373 371 368 370 374 363 362 374 362 364 375 371 373 375 373 376 375 376 377 378 374 364 378 364 368 379 375 377 379 377 380 379 380 381 382 368 371 382 378 368 383 363 374 383 384 385 383 385 386 383 386 363 387 381 388 387 388 389 387 379 381 390 382 371 390 371 375 391 392 393 391 393 384 391 384 383 391 374 378 391 383 374 394 387 389 394 389 395 394 395 396 397 390 375 397 375 379 398 391 378 398 399 400 398 400 392 398 378 382 398 392 391 401 394 396 401 396 402 401 402 403 404 379 387 404 397 379 405 406 407 405 407 399 405 382 390 405 399 398 405 398 382 408 403 409 408 409 410 408 401 403 411 387 394 411 404 387 412 413 414 412 414 406 412 390 397 412 405 390 412 406 405 415 408 410 415 410 416 415 416 417 418 411 394 418 394 401 419 420 421 419 421 413 419 412 397 419 413 412 419 397 404 422 415 417 422 417 423 422 423 424 425 418 401 425 401 408 426 427 428 426 428 420 426 420 419 426 404 411 426 419 404 429 424 430 429 430 431 429 422 424 432 408 415 432 425 408 433 411 418 433 434 435 433 435 427 433 426 411 433 427 426 436 429 431 436 431 437 436 437 438 439 432 415 439 415 422 440 418 425 440 425 432 440 441 442 440 442 434 440 434 433 440 433 418 443 436 438 443 438 444 443 444 445 446 439 422 446 422 429 447 448 449 447 449 441 447 441 440 447 440 432 450 445 451 450 451 452 450 452 453 450 443 445 454 429 436 454 436 443 454 446 429 455 456 457 455 457 448 455 432 439 455 447 432 455 448 447 458 454 443 459 456 455 459 460 461 459 461 456 459 439 446 459 455 439 462 453 463 462 443 450 462 458 443 462 450 453 464 465 466 464 466 460 464 460 459 464 459 446 464 454 458 464 446 454 467 468 469 467 469 465 467 465 464 467 464 458 470 463 471 470 471 472 470 472 468 470 468 467 470 462 463 470 458 462 470 467 458 473 474 463 473 463 453 475 473 476 475 476 477 475 477 478 479 475 478 479 478 480 479 480 481 482 481 483 482 483 484 482 479 481 485 474 473 485 473 475 486 482 484 486 484 487 486 487 488 489 485 475 489 475 479 490 488 491 490 491 492 490 486 488 493 479 482 493 489 479 494 474 485 494 495 496 494 496 497 494 497 474 498 492 499 498 499 500 498 490 492 501 493 482 501 482 486 502 503 504 502 504 495 502 495 494 502 485 489 502 494 485 505 498 500 505 500 506 505 506 507 508 501 486 508 486 490 509 502 489 509 510 511 509 511 503 509 503 502 509 489 493 512 505 507 512 507 513 512 513 514 515 508 490 515 490 498 516 517 518 516 518 510 516 493 501 516 510 509 516 509 493 519 514 520 519 520 521 519 512 514 522 515 498 522 498 505 523 524 525 523 525 517 523 517 516 523 516 501 523 501 508 526 521 527 526 527 528 526 519 521 529 522 505 529 505 512 530 523 508 530 531 532 530 532 524 530 508 515 530 524 523 533 526 528 533 528 534 533 534 535 536 529 512 536 512 519 537 538 539 537 539 531 537 530 515 537 515 522 537 522 529 537 531 530 540 535 541 540 541 542 540 533 535 543 536 519 543 519 526 543 526 533 544 537 529 544 545 546 544 546 538 544 538 537 547 542 548 547 548 549 547 540 542 550 543 533 551 544 529 551 552 553 551 553 545 551 545 544 551 529 536 554 547 549 554 549 555 554 555 556 557 550 533 557 533 540 558 552 551 558 559 560 558 560 552 558 551 536 558 543 550 558 536 543 561 554 556 561 556 562 561 562 563 561 563 564 565 540 547 565 557 540 566 567 568 566 568 559 566 558 550 566 559 558 569 547 554 569 554 561 569 565 547 570 571 572 570 572 567 570 567 566 570 550 557 570 566 550 573 564 574 573 561 564 573 569 561 575 576 577 575 577 571 575 557 565 575 571 570 575 570 557 578 575 565 578 579 580 578 576 575 578 580 576 578 565 569 581 574 582 581 582 583 581 583 579 581 579 578 581 569 573 581 578 569 581 573 574 584 574 564 584 564 585 586 587 588 589 587 586 590 587 589 591 592 593 594 592 591 595 592 594 593 592 590 590 592 587 596 597 598 588 597 596 587 597 588 599 600 595 601 600 599 592 600 587 595 600 592 587 600 597 602 603 604 598 603 602 597 603 598 605 606 601 607 606 605 601 606 600 597 606 603 600 606 597 608 609 610 604 609 608 603 609 604 611 612 607 613 612 611 607 612 606 603 612 609 606 612 603 614 615 616 610 615 614 609 615 610 617 618 613 619 618 617 609 618 615 612 618 609 613 618 612 620 621 585 622 621 620 616 621 622 585 621 584 615 621 616 623 624 619 625 624 623 584 624 625 621 624 584 619 624 618 618 624 615 615 624 621 626 593 590 626 590 627 628 629 630 631 629 628 632 629 631 633 634 635 636 634 633 637 634 636 635 634 632 632 634 629 638 639 640 630 639 638 629 639 630 641 642 637 643 642 641 637 642 634 634 642 629 629 642 639 644 645 646 640 645 644 639 645 640 647 648 643 649 648 647 639 648 645 642 648 639 643 648 642 645 650 646 651 650 652 646 650 651 653 654 649 655 654 653 649 654 648 645 654 650 648 654 645 656 657 658 652 657 656 650 657 652 659 660 655 661 660 659 655 660 654 654 660 650 650 660 657 662 663 664 658 663 662 657 663 658 661 665 660 666 665 661 667 665 666 657 665 663 660 665 657 668 669 670 664 669 668 663 669 664 665 671 663 667 671 665 672 671 667 673 671 672 663 671 669 669 674 670 675 674 676 670 674 675 669 677 674 678 677 673 679 677 678 673 677 671 671 677 669 677 680 674 681 680 682 676 680 681 674 680 676 677 683 680 679 683 677 684 683 679 685 683 684 680 686 682 687 686 688 682 686 687 685 689 683 690 689 685 691 689 690 683 689 680 680 689 686 692 693 694 688 693 692 686 693 688 695 696 691 697 696 695 689 696 686 686 696 693 691 696 689 698 699 700 694 699 698 693 699 694 697 701 696 696 701 693 702 701 697 703 701 702 693 701 699 704 705 706 700 705 704 699 705 700 699 707 705 708 707 703 709 707 708 703 707 701 701 707 699 710 711 712 706 711 710 705 711 706 709 713 707 714 713 709 707 713 705 715 713 714 705 713 711 716 717 627 718 717 716 712 717 718 711 717 712 715 719 713 711 719 717 720 719 715 721 719 720 626 719 721 627 719 626 713 719 711 717 719 627 722 635 632 722 632 723 724 725 726 727 725 724 722 725 727 725 728 726 729 728 730 726 728 729 723 731 722 722 731 725 732 733 734 730 733 732 728 733 730 731 735 725 725 735 728 736 737 723 738 737 736 739 737 738 723 737 731 740 741 742 734 741 740 733 741 734 735 743 728 728 743 733 744 745 739 746 745 744 737 745 731 731 745 735 739 745 737 741 747 742 748 747 749 742 747 748 733 750 741 743 750 733 751 752 746 753 752 751 746 752 745 735 752 743 745 752 735 747 754 749 755 754 756 749 754 755 750 757 741 741 757 747 743 758 750 753 758 752 752 758 743 759 758 753 760 758 759 761 762 763 756 762 761 754 762 756 747 764 754 757 764 747 765 766 760 767 766 765 760 766 758 758 766 750 750 766 757 768 769 770 763 769 768 762 769 763 764 771 754 754 771 762 767 772 766 773 772 767 774 772 773 757 772 764 764 772 771 766 772 757 775 776 777 770 776 775 769 776 770 762 778 769 769 778 776 771 778 762 772 779 771 780 779 774 781 779 780 774 779 772 782 783 784 777 783 782 776 783 777 778 785 776 786 787 781 788 787 786 781 787 779 779 787 771 771 787 778 783 789 784 790 789 791 784 789 790 776 792 783 785 792 776 778 793 785 794 793 788 795 793 794 787 793 778 788 793 787 789 796 791 797 796 798 791 796 797 792 799 783 783 799 789 793 800 785 795 800 793 801 800 795 802 800 801 785 800 792 796 803 798 804 803 805 798 803 804 789 806 796 799 806 789 807 808 802 792 808 799 809 808 807 802 808 800 800 808 792 803 810 805 811 810 812 805 810 811 806 813 796 796 813 803 809 814 808 806 814 813 808 814 799 815 814 809 816 814 815 799 814 806 817 818 819 820 818 817 812 818 820 810 818 812 813 821 803 803 821 810 822 823 816 824 823 822 814 823 813 816 823 814 813 823 821 818 825 819 810 825 818 821 825 810 819 825 826 827 828 824 829 828 827 823 828 821 824 828 823 829 830 828 831 830 829 832 830 831 826 830 832 825 830 826 821 830 825 828 830 821 833 834 819 833 819 826 835 833 836 835 836 837 835 837 838 839 835 838 839 838 840 839 840 841 842 841 843 842 843 844 842 839 841 845 834 833 845 833 835 846 842 844 846 844 847 846 847 848 849 845 835 849 835 839 850 848 851 850 851 852 850 846 848 853 839 842 853 849 839 854 834 845 854 855 856 854 856 857 854 857 834 858 852 859 858 859 860 858 850 852 861 842 846 861 853 842 862 855 854 862 863 864 862 864 855 862 845 849 862 854 845 865 858 860 865 860 866 865 866 867 868 846 850 868 861 846 869 870 871 869 871 863 869 862 849 869 863 862 869 849 853 872 867 873 872 873 874 872 865 867 875 868 850 875 850 858 876 877 878 876 878 870 876 870 869 876 869 853 876 853 861 879 872 874 879 874 880 879 880 881 882 875 858 882 858 865 883 861 868 883 884 885 883 885 877 883 876 861 883 877 876 886 879 881 886 881 887 886 887 888 889 865 872 889 882 865 890 891 892 890 892 884 890 868 875 890 884 883 890 883 868 893 886 888 893 888 894 893 894 895 896 889 872 896 872 879 897 898 899 897 899 891 897 890 875 897 891 890 897 875 882 900 895 901 900 901 902 900 893 895 903 896 879 903 886 893 903 879 886 904 897 882 904 905 906 904 906 898 904 882 889 904 898 897 907 902 908 907 908 909 907 900 902 910 903 893 911 889 896 911 904 889 911 905 904 911 912 913 911 913 905 914 907 909 914 909 915 914 915 916 917 900 907 917 910 893 917 893 900 918 919 920 918 920 912 918 911 896 918 912 911 918 896 903 921 916 922 921 922 923 921 923 924 921 914 916 925 917 907 926 927 928 926 928 919 926 919 918 926 903 910 926 918 903 929 907 914 929 925 907 930 931 932 930 932 927 930 917 925 930 927 926 930 926 910 930 910 917 933 924 934 933 921 924 933 914 921 933 929 914 935 936 937 935 937 931 935 931 930 935 930 925 938 939 940 938 940 936 938 925 929 938 935 925 938 936 935 941 934 942 941 942 943 941 943 939 941 933 934 941 939 938 941 929 933 941 938 929 944 934 924 944 924 945 946 947 324 948 324 947 949 946 324 950 324 948 951 949 324 952 324 950 953 951 324 954 324 952 955 953 324 956 324 954 957 955 324 958 324 956 959 957 324 960 324 958 961 959 324 962 324 960 963 961 324 964 324 962 965 963 324 966 324 964 967 965 324 968 324 966 969 967 324 970 324 968 971 969 324 972 324 970 973 971 324 974 324 972 975 973 324 976 324 974 977 975 324 978 324 976 979 977 324 980 324 978 981 979 324 982 324 980 983 984 985 986 983 985 986 985 987 988 984 983 988 989 984 990 986 987 990 987 991 990 991 992 993 989 988 993 994 989 995 990 992 995 992 996 997 994 993 997 998 999 997 999 994 1000 995 996 1000 996 1001 1002 998 997 1002 1003 998 1004 1000 1001 1004 1001 1005 1006 1003 1002 1006 1007 1003 1008 1004 1005 1008 1005 1009 1010 1007 1006 1010 1011 1007 1012 1008 1009 1012 1009 1013 1014 1011 1010 1014 1015 1016 1014 1016 1011 1017 981 324 1017 1012 1013 1017 1013 981 1018 1015 1014 1018 1019 1015 1020 1017 324 1021 1022 1019 1021 1019 1018 1023 1020 324 1024 1025 1026 1024 1026 1022 1024 1022 1021 1027 1023 324 1028 1025 1024 1028 1029 1025 1030 1027 324 1031 1032 1029 1031 1029 1028 1033 1030 324 1034 1035 1036 1034 1036 1032 1034 1032 1031 1037 1033 324 1038 1035 1034 1038 1039 1035 1040 1037 324 1041 1039 1038 1041 1042 1043 1041 1043 1039 1044 1040 324 1045 1042 1041 1045 1046 1042 1047 1048 1046 1047 1046 1045 1049 1050 1051 1049 1051 1048 1049 1048 1047 1052 1050 1049 1052 1053 1050 1054 1055 1053 1054 1053 1052 1056 1057 1058 1056 1058 1055 1056 1055 1054 1059 1057 1056 1059 1060 1057 1061 1060 1059 1061 1062 1060 585 1063 1064 585 1064 1065 585 1065 1066 585 1066 1067 585 1067 1068 585 1068 1069 585 1069 1044 585 1044 324 1070 1063 585 1071 1072 1073 1071 1073 1062 1071 1062 1061 1074 1075 1072 1074 1072 1071 1076 1075 1074 1076 1077 1075 1078 1079 1077 1078 1077 1076 1080 1079 1078 1080 1081 1082 1080 1082 1079 1083 1084 1081 1083 1081 1080 1085 1086 1084 1085 1084 1083 1087 1086 1085 1087 1088 1086 1089 1088 1087 1089 1090 1088 1091 1090 1089 1091 1092 1093 1091 1093 1090 1094 1092 1091 1094 1095 1092 1096 1097 1095 1096 1095 1094 1098 1097 1096 1098 1099 1097 1100 1101 1099 1100 1099 1098 1102 1103 1101 1102 1101 1100 1104 1105 1103 1104 1103 1102 1106 1107 1108 1109 1106 1108 1110 1111 1107 1110 1107 1106 1112 1108 1113 1112 1109 1108 1114 1115 1111 1114 1111 1110 1116 1112 1113 1116 1113 1117 1118 1119 1115 1118 1115 1114 1120 1117 1121 1120 1116 1117 1122 1119 1118 1123 1121 1124 1123 1120 1121 1125 1126 1119 1125 1119 1122 1127 1124 1128 1127 1123 1124 1129 1130 1126 1129 1126 1125 1131 1127 1128 1132 1133 1130 1132 1130 1129 1134 1128 1135 1134 1131 1128 1136 1133 1132 1137 1135 1138 1137 1134 1135 1139 1140 1133 1139 1133 1136 1141 1137 1138 1141 1138 1142 1143 1144 1140 1143 1140 1139 1145 1142 1146 1145 1141 1142 1147 1144 1143 1147 1148 1144 1149 1146 1150 1149 1145 1146 1151 1148 1147 1152 1150 1070 1152 1149 1150 1153 1154 1148 1153 1148 1151 1155 1152 1070 1155 1070 585 1156 1157 1154 1156 1154 1153 1158 1155 585 1159 1157 1156 1160 1158 585 1161 1157 1159 1161 1162 1157 1163 1160 585 1164 1162 1161 1164 1165 1162 1166 1163 585 1167 1165 1164 1167 1168 1165 1169 1166 585 1170 1168 1167 1171 1169 585 1172 1168 1170 1172 1173 1168 1174 1171 585 1175 1173 1172 1175 1176 1173 1177 1174 585 1178 1176 1175 1178 1179 1176 1180 1177 585 1181 1179 1178 1182 1180 585 1183 1179 1181 1183 1184 1179 1185 1182 585 1186 1184 1183 1186 1187 1184 1188 1185 585 1189 1187 1186 1189 1190 1187 1191 1188 585 1192 1190 1189 1193 1191 585 1194 1190 1192 1194 1195 1190 1196 1193 585 1197 1195 1194 1197 1198 1195 1199 1196 585 1200 1198 1197 1200 1201 1198 1202 1199 585 1203 1201 1200 1203 1204 1201 1205 1202 585 1206 1204 1203 1207 1205 585 1208 1204 1206 1208 1209 1204 1210 1207 585 1211 1209 1208 1211 1212 1209 1213 1210 585 1214 1212 1211 1214 1215 1212 1216 1213 585 1217 1218 1215 1217 1215 1214 1219 1216 585 1220 1221 1218 1220 1218 1217 1222 1219 585 1223 1221 1220 1224 1222 585 1225 1226 1221 1225 1221 1223 1227 1224 585 1228 1226 1225 1228 1229 1226 1230 1227 585 1231 1229 1228 1231 1232 1229 1233 1230 585 1234 1232 1231 1234 1235 1232 1236 1233 585 1237 1235 1234 1237 1238 1235 1239 1236 585 1240 1238 1237 1240 1241 1238 1242 1239 585 1243 1241 1240 1244 1242 585 1245 1244 585 1246 1245 585 1247 1246 585 1248 1247 585 1249 1250 1251 1252 1251 1253 1252 1249 1251 1254 1255 1250 1254 1250 1249 1256 1253 1257 1256 1257 1258 1256 1252 1253 1259 1260 1255 1259 1255 1254 1261 1258 1262 1261 1256 1258 1263 1264 1260 1263 1260 1259 1265 1262 1266 1265 1261 1262 1267 1264 1263 1267 982 1264 1268 1265 1266 1268 1266 1269 1270 324 982 1270 982 1267 1271 1269 1272 1271 1268 1269 1273 324 1270 1274 1271 1272 1274 1272 1275 1276 324 1273 1277 1275 1278 1277 1274 1275 1279 324 1276 1280 1278 1281 1280 1277 1278 1282 324 1279 1283 1281 1284 1283 1280 1281 1285 1284 1286 1285 1283 1284 1287 1285 1286 1287 1286 1288 1289 1288 1290 1289 1287 1288 1291 1289 1290 1291 1290 1292 1293 1292 1294 1293 1291 1292 1295 1294 1296 1295 1293 1294 1297 1295 1296 1297 1296 1298 1299 1300 1301 1302 1299 1301 1303 1304 1300 1303 1300 1299 1305 1302 1301 1305 1301 1306 1307 1304 1303 1307 1308 1304 1309 1305 1306 1309 1306 1310 1311 1308 1307 1312 1310 1313 1312 1309 1310 1314 1315 1308 1314 1308 1311 1316 1313 1317 1316 1312 1313 1318 1319 1315 1318 1315 1314 1320 1317 1321 1320 1316 1317 1322 1319 1318 1323 1320 1321 1324 1319 1322 1325 1323 1321 1325 1321 1326 1327 1326 1297 1327 1325 1326 1328 1327 1297 1328 1297 1298 1329 1298 1330 1329 1328 1298 1331 1329 1330 1331 1330 1332 1333 1332 1334 1333 1331 1332 1335 1333 1334 1335 1334 1336 1337 1336 1338 1337 1335 1336 1339 1337 1338 1339 1338 1340 1341 1340 1342 1341 1339 1340 1343 1342 1105 1343 1105 1104 1343 1341 1342 1344 1343 1104 1344 1104 1345 1346 1344 1345 1346 1345 1347 1348 1346 1347 1348 1347 1349 1350 1348 1349 1350 1349 1351 1352 1350 1351 1352 1351 1353 1354 1352 1353 1355 1354 1353 1355 1353 1356 1357 1355 1356 1357 1356 1358 1359 1357 1358 1359 1358 1360 1361 1362 1363 1364 1365 1362 1364 1362 1361 1366 1365 1364 1366 1367 1365 362 1368 1369 362 1369 1370 362 1370 1371 362 1371 1372 362 1372 1373 362 1373 1374 362 1374 1375 362 1375 1376 362 1376 1377 362 1377 1378 362 1378 1379 362 1379 1380 362 1380 1381 362 1381 1382 362 1382 1383 362 1383 1384 362 1384 1385 362 1385 1386 362 1386 1387 362 1387 1388 362 1388 1389 362 1389 1390 362 1390 1391 362 1391 1392 362 1392 1393 362 1393 1394 362 1394 1395 362 1395 1396 362 1396 1397 1398 1367 1366 369 367 366 1399 1400 1367 1399 1367 1398 370 365 362 370 366 365 370 369 366 372 370 362 1401 1402 1400 1401 1400 1399 376 372 362 376 373 372 1403 1404 1402 1403 1402 1401 1405 1404 1403 381 380 377 1406 1407 1404 1406 1404 1405 388 381 377 389 388 377 1408 1409 1407 1408 1407 1406 395 389 377 395 377 376 1410 1411 1409 1410 1409 1408 396 395 376 402 396 376 1412 1413 1411 1412 1411 1410 1414 1415 1413 1414 1413 1412 409 403 402 409 402 376 1416 1415 1414 1417 1418 1415 1417 1415 1416 416 410 409 1419 1420 1418 1419 1418 1417 417 376 362 417 409 376 417 416 409 1421 1422 1420 1421 1420 1419 424 423 417 424 417 362 431 430 424 431 424 362 438 437 431 451 445 444 452 438 431 452 451 444 452 444 438 452 431 362 453 1423 1424 453 1424 1425 453 1425 1426 453 1426 1427 453 452 362 453 362 1397 453 1397 1428 453 1428 1429 453 1429 1430 453 1430 1431 453 1431 1432 453 1432 1433 453 1433 1434 453 1434 1435 453 1435 1436 453 1436 1437 453 1437 1438 453 1438 1423 1439 1440 1441 1439 1441 1442 1443 1441 1440 1443 1444 1445 1443 1445 1441 1446 1442 1447 1446 1447 1448 1446 1439 1442 1449 1444 1443 1450 1446 1448 1451 1444 1449 1451 1452 1453 1451 1453 1444 1454 1450 1448 1454 1448 1455 1456 1452 1451 1457 1454 1455 1457 1360 1458 1457 1455 1359 1457 1359 1360 1459 1460 1461 1459 1461 1452 1459 1452 1456 1462 1458 1463 1462 1457 1458 1464 1460 1459 1464 1465 1460 1466 1462 1463 1466 1463 1467 1468 1465 1464 1469 1466 1467 1470 1471 1465 1470 1465 1468 1472 1469 1467 1472 1467 1473 1474 1475 1471 1474 1471 1470 1476 1473 1477 1476 1472 1473 1478 1479 1475 1478 1475 1474 1480 1476 1477 1480 1477 1481 1482 1483 1484 1482 1484 1479 1482 1479 1478 1485 1480 1481 1485 1481 1486 1487 1483 1482 1488 1486 1241 1488 1485 1486 1489 1483 1487 1489 1490 1483 1491 1488 1241 1491 1243 1492 1491 1241 1243 1493 1494 1495 1493 1495 1490 1493 1490 1489 1496 1492 1497 1496 1491 1492 1498 1494 1493 1499 1496 1497 1499 1497 1500 1501 1494 1498 1501 1502 1494 1503 1499 1500 1503 1500 1504 1505 1502 1501 1505 1506 1502 1507 1504 1508 1507 1503 1504 1509 1506 1505 1509 1510 1511 1509 1511 1506 1512 1507 1508 1512 1508 1513 1514 1510 1509 1515 1513 1516 1515 1512 1513 1517 1510 1514 1517 1518 1510 1519 1515 1516 1519 1516 1520 1521 1518 1517 1521 1522 1518 1523 1519 1520 1524 1522 1521 1524 1525 1526 1524 1526 1522 1527 1525 1524 1528 1529 1525 1528 1525 1527 1530 1529 1528 1530 1531 1532 1530 1532 1529 1533 1531 1530 1533 1534 1531 1535 1534 1533 1536 1537 1534 1536 1534 1535 1538 1539 1540 1538 1540 1537 1538 1537 1536 1541 1539 1538 1542 1539 1541 1542 1543 1539 1544 1545 1543 1544 1543 1542 1546 1547 1545 1546 1545 1544 1548 1547 1546 1548 1549 1550 1548 1550 1547 1551 1549 1548 1552 1553 1549 1552 1549 1551 1554 1555 1556 1554 1556 1553 1554 1553 1552 1557 1555 1554 1558 1421 1555 1558 1555 1557 1559 1560 1561 1559 1561 1562 1563 1559 1562 1563 1562 1564 1565 1564 1566 1565 1566 1567 1565 1563 1564 1568 1567 1569 1568 1565 1567 1570 1569 1571 1570 1568 1569 1572 1571 1573 1572 1573 1574 1572 1570 1571 1575 1574 1576 1575 1572 1574 1577 1576 1578 1577 1575 1576 1579 1578 1580 1579 1577 1578 1581 1579 1580 1581 1580 1582 1583 1582 1584 1583 1584 1585 1583 1581 1582 1586 1585 1587 1586 1583 1585 1588 1587 1523 1588 1523 1520 1588 1586 1587 1588 1520 1589 1590 1588 1589 1590 1589 1591 1592 1590 1591 1592 1591 1593 1594 1593 1595 1594 1592 1593 1596 1595 1597 1596 1594 1595 1598 1597 1599 1598 1596 1597 1600 1601 1602 1600 1602 1603 1604 1599 1605 1604 1598 1599 1606 1601 1600 1606 1607 1601 1608 1605 1609 1608 1604 1605 1610 1611 1612 1610 1612 1607 1610 1607 1606 1613 1609 1614 1613 1608 1609 1615 1611 1610 1615 1616 1611 1617 1614 1618 1617 1613 1614 1619 1616 1615 1619 1620 1616 1621 1618 1622 1621 1617 1618 1623 1620 1619 1623 1624 1625 1623 1625 1620 1626 1621 1622 1626 1622 1627 1628 1624 1623 1628 1629 1624 1630 1627 1631 1630 1626 1627 1632 1629 1628 1632 1633 1629 1634 1631 1635 1634 1630 1631 1636 1633 1632 1636 1637 1633 1638 1635 1639 1638 1634 1635 1640 1637 1636 1640 1641 1637 1642 1639 1643 1642 1643 1644 1642 1638 1639 1645 1641 1640 1645 1646 1647 1645 1647 1641 1648 1644 1649 1648 1642 1644 1650 1646 1645 1650 1651 1646 1652 1649 1653 1652 1648 1649 1654 1651 1650 1654 1558 1651 1655 1653 1656 1655 1652 1653 1657 1658 1422 1657 1421 1558 1657 1422 1421 1657 1558 1654 1659 1656 1660 1659 1655 1656 1661 1658 1657 1662 1659 1660 1662 1660 1663 1664 1427 1658 1664 453 1427 1664 1658 1661 1665 1663 1248 1665 1662 1663 1666 1665 1248 1666 1248 585 1667 1666 585 1668 1667 585 1669 1668 585 1670 1669 585 473 1664 1671 473 1671 1672 473 1672 1673 473 1673 1674 473 1674 1675 473 1675 1676 473 1676 1677 473 1677 1678 473 1678 1679 473 1679 1680 473 1680 1681 473 1681 1682 473 1682 1683 473 1683 1684 473 1684 1685 473 1685 1686 473 453 1664 564 473 1686 564 1686 1687 564 1687 1688 564 1688 1689 564 1689 1690 564 1690 1691 564 1691 1692 564 1692 1693 564 1693 1694 564 1694 1695 564 1695 1696 564 1696 1697 564 1697 1698 564 1698 1699 564 1699 1700 564 1700 1701 564 1701 1702 564 1702 1703 564 1703 1704 564 1704 1705 564 1705 1706 564 1706 1707 564 1707 1708 564 1708 1709 564 1709 1710 564 1710 1711 564 1711 1712 564 1712 1713 564 1713 1714 564 1714 1715 477 476 473 478 477 473 556 563 562 556 564 563 480 478 473 555 473 564 555 564 556 481 480 473 483 481 473 548 555 549 484 483 473 487 484 473 541 548 542 541 473 555 541 555 548 488 487 473 534 541 535 492 491 488 492 488 473 527 534 528 527 541 534 499 492 473 500 499 473 521 541 527 506 500 473 507 506 473 514 541 521 514 521 520 514 473 541 513 507 473 513 473 514 585 564 1715 585 1715 1716 585 1716 1717 585 1717 1718 585 1718 1719 585 1719 1670 362 324 1368 1368 324 1720 1720 324 1721 1721 324 1722 1722 324 1723 1723 324 1282 590 589 320 320 589 356 356 586 358 589 586 356 358 588 352 586 588 358 352 596 350 588 596 352 350 598 346 596 598 350 346 602 344 598 602 346 344 604 340 602 604 344 340 608 338 604 608 340 338 610 334 608 610 338 334 614 332 610 614 334 332 616 326 614 616 332 326 622 325 616 622 326 325 620 327 622 620 325 327 585 324 620 585 327 590 320 228 590 228 627 224 632 314 314 631 316 632 631 314 316 628 310 631 628 316 310 630 308 628 630 310 308 638 304 630 638 308 304 640 302 638 640 304 302 644 298 640 644 302 298 646 297 644 646 298 646 651 297 297 651 292 651 652 292 292 652 291 291 656 286 652 656 291 286 658 285 656 658 286 285 662 280 658 662 285 280 664 278 662 664 280 278 668 274 664 668 278 274 670 273 668 670 274 273 675 268 670 675 273 268 676 267 675 676 268 267 681 262 676 681 267 262 682 260 681 682 262 260 687 256 682 687 260 256 688 254 687 688 256 254 692 250 688 692 254 250 694 248 692 694 250 248 698 244 694 698 248 244 700 242 698 700 244 242 704 238 700 704 242 238 706 236 704 706 238 236 710 230 706 710 236 230 712 229 710 712 230 229 718 231 712 718 229 231 716 228 718 716 231 716 627 228 6 5 1 10 9 7 12 7 6 12 10 7 17 13 12 17 16 13 21 20 17 21 17 12 29 28 21 36 35 29 36 29 21 43 42 36 43 36 21 49 21 12 49 43 21 56 50 49 56 12 6 56 49 12 64 57 56 64 63 57 71 70 64 84 77 71 84 78 77 84 71 64 85 84 64 92 91 85 93 1 0 93 6 1 93 64 56 93 56 6 93 92 85 93 85 64 113 93 0 127 113 0 129 127 0 130 129 0 135 130 0 137 135 0 142 137 0 788 786 178 788 178 172 781 178 786 781 179 178 781 184 179 794 788 172 794 172 170 780 184 781 795 794 170 795 170 165 774 184 780 774 186 184 801 165 164 801 795 165 773 186 774 773 192 186 767 192 773 767 193 192 767 198 193 802 164 158 802 801 164 807 158 156 807 802 158 765 198 767 809 156 151 809 807 156 760 200 198 760 198 765 815 151 150 815 809 151 759 206 200 759 200 760 816 150 144 816 815 150 753 206 759 753 207 206 822 144 142 822 816 144 751 207 753 751 214 207 746 214 751 746 215 214 744 215 746 744 218 215 744 220 218 739 220 744 739 221 220 738 221 739 736 221 738 736 223 221 723 217 223 723 223 736 945 142 0 945 824 822 945 827 824 945 829 827 945 831 829 945 832 831 945 826 832 945 822 142 833 945 924 833 826 945 837 836 833 840 838 837 841 837 833 841 840 837 909 916 915 902 909 908 902 922 916 902 923 922 902 924 923 902 916 909 847 844 843 901 833 924 901 924 902 848 843 841 848 847 843 888 895 894 859 851 848 859 852 851 860 859 848 881 888 887 880 901 895 880 895 888 880 888 881 867 866 860 867 841 833 867 848 841 867 860 848 874 901 880 873 901 874 873 833 901 873 867 833 632 217 723 632 224 217 1724 1725 1726 1726 1727 1724 1725 1728 1726 1726 1729 1727 1726 1730 1731 1728 1730 1726 1726 1732 1729 1730 1733 1731 1726 1734 1732 1733 1735 1731 1726 1736 1734 1735 1737 1731 1726 1738 1736 1737 1739 1731 1726 1740 1738 1739 1741 1731 1726 1742 1740 1741 1743 1731 1726 1744 1742 1743 1745 1731 1726 1746 1744 1745 1747 1731 1726 1748 1746 1747 1749 1731 1726 1750 1748 1749 1751 1731 1726 1752 1750 1751 1753 1731 1726 1754 1752 1753 1755 1731 1726 1756 1754 1731 1757 3 1755 1757 1731 1726 1758 1756 1757 1759 3 1726 1760 1758 1759 1761 3 1726 1762 1760 1761 1763 3 1726 1764 1762 1763 1765 3 1726 1766 1764 1765 1767 3 1767 1768 3 1768 1769 3 1769 1770 3 1770 1771 3 1771 1772 3 1772 1773 3 1773 1774 3 1774 1775 3 1775 0 3 1775 1776 0 1776 1777 0 1777 1778 0 1778 1779 0 1779 1780 0 1780 1781 0 1781 1782 0 1782 1783 0 1783 1784 0 1784 1785 0 1785 1786 0 1786 1787 0 1787 1788 0 1788 1789 0 1789 1790 0 1790 1791 0 1791 1792 0 1792 1793 0 1793 1794 0 1794 1795 0 1795 1796 0 1796 1797 0 1797 1798 0 1799 1800 1801 1799 1802 1800 1801 1803 1804 1800 1803 1801 1805 1806 1799 1799 1806 1802 1804 1807 1808 1803 1807 1804 1808 1809 1810 1807 1809 1808 1811 1812 1805 1805 1812 1806 1810 1813 1814 1809 1813 1810 1815 1816 1811 1811 1816 1812 1814 1817 1818 1813 1817 1814 1819 1820 1815 1815 1820 1816 1817 1821 1818 1822 1823 1819 1819 1823 1820 1818 1824 1825 1821 1824 1818 1826 1827 1822 1822 1827 1823 1824 1828 1825 1825 1828 1829 1726 1830 1766 1826 1830 1827 1766 1830 1826 1829 1831 1832 1828 1831 1829 1726 1833 1830 1832 1834 1835 1831 1834 1832 1726 1836 1833 1835 1837 1838 1834 1837 1835 1726 1839 1836 1837 1840 1838 1726 1841 1839 1840 1842 1838 1838 1842 1843 1726 1844 1841 1842 1845 1843 1843 1845 1846 1726 1847 1844 1846 1848 1849 1845 1848 1846 1726 1850 1847 1848 1851 1849 1849 1851 1852 1852 1851 1853 1853 1851 1854 1854 1851 1855 1855 1851 1856 1856 1851 1857 1726 1858 1850 1726 1859 1858 1857 1860 1861 1861 1860 1862 1862 1860 1863 1863 1860 1864 1864 1860 1865 1865 1860 1866 1851 1860 1857 1866 1867 1868 1860 1867 1866 1868 1869 1870 1867 1869 1868 1870 1871 1872 1869 1871 1870 1871 1873 1872 1872 1874 1875 1873 1874 1872 1875 1876 1877 1874 1876 1875 1877 1878 1879 1876 1878 1877 1879 1880 1881 1878 1880 1879 1881 1882 1883 1880 1882 1881 1882 1884 1883 1883 1885 1886 1884 1885 1883 1886 1887 1888 1885 1887 1886 1888 1889 1890 1887 1889 1888 1890 1891 1892 1889 1891 1890 1892 1893 1894 1891 1893 1892 1893 1895 1894 1894 1895 1896 1895 1897 1896 1896 1898 1899 1897 1898 1896 1898 1900 1899 1899 1900 1901 1900 1902 1901 1901 1902 1903 1903 1904 1905 1902 1904 1903 1905 1906 1907 1904 1906 1905 1906 1908 1907 1907 1908 1909 1798 1910 0 1909 1910 1798 1908 1910 1909 1910 1911 0 1911 1912 0 1912 1913 0 1913 1914 0 1914 1915 0 1915 1916 0 1916 1917 0 1917 1918 0 1918 1919 0 1920 1921 1922 1921 1923 1922 1924 1925 1920 1920 1925 1921 1926 1927 1924 1924 1927 1925 1922 1928 1929 1923 1928 1922 1929 1930 1931 1928 1930 1929 1932 1933 1926 1926 1933 1927 1930 1934 1931 1935 1934 1936 1931 1934 1935 1932 1937 1933 1938 1937 1932 1939 1940 1938 1938 1940 1937 1934 1941 1936 1942 1943 1939 1939 1943 1940 1941 1944 1936 1936 1944 1945 1944 1946 1945 1945 1946 1947 1948 1949 1942 1942 1949 1943 1946 1950 1947 1947 1950 1951 1952 1953 1948 1948 1953 1949 1950 1954 1951 1955 1954 1956 1951 1954 1955 1957 1958 1952 1959 1958 1957 1952 1958 1953 1954 1960 1956 1956 1960 1961 1959 1962 1958 1963 1964 1959 1959 1964 1962 1960 1965 1961 1965 1966 1961 1961 1966 1967 1966 1968 1967 1967 1968 1969 1968 1970 1969 1971 1970 1972 1969 1970 1971 1970 1973 1972 1973 1974 1972 1972 1974 1975 1975 1976 1977 1974 1976 1975 1977 1978 1979 1976 1978 1977 1979 1980 1981 1978 1980 1979 1980 1982 1981 1981 1982 1983 1984 1985 1986 1983 1985 1984 1982 1985 1983 1985 1987 1986 1986 1988 1989 1987 1988 1986 1989 1990 1991 1988 1990 1989 1992 1993 1994 1991 1993 1992 1990 1993 1991 1993 1995 1994 1996 1997 1998 1994 1997 1996 1995 1997 1994 1998 1999 2000 1997 1999 1998 1999 2001 2000 2000 2002 2003 2001 2002 2000 2004 2005 2006 2003 2005 2004 2002 2005 2003 2005 2007 2006 2006 2008 2009 2007 2008 2006 2009 2010 2011 2008 2010 2009 2011 2012 2013 2010 2012 2011 2014 2015 2016 2013 2015 2014 2012 2015 2013 2015 2017 2016 2016 2018 2019 2017 2018 2016 2019 2018 2020 2018 2021 2020 2021 2022 2020 2023 2022 2024 2020 2022 2023 2022 2025 2024 2025 2026 2024 2024 2026 2027 2026 2028 2027 2027 2028 2029 2028 2030 2029 2029 2030 2031 2032 2033 2034 2034 2035 2036 2033 2035 2034 2037 2038 2032 2032 2038 2033 2035 2039 2036 2040 2039 2041 2036 2039 2040 2037 2042 2038 2043 2042 2037 2039 2044 2041 2041 2044 2045 2043 2046 2042 2047 2046 2043 2045 2048 2049 2044 2048 2045 2047 2050 2046 2051 2050 2047 2052 2050 2051 2049 2053 2054 2048 2053 2049 2052 2055 2050 2056 2055 2052 2053 2057 2054 2054 2057 2058 2059 2060 2056 2056 2060 2055 2061 2062 2063 2058 2062 2061 2057 2062 2058 2059 2064 2060 2065 2064 2059 2062 2066 2063 2063 2066 2067 2065 2068 2064 2069 2068 2065 2067 2070 2071 2066 2070 2067 2069 2072 2068 2073 2072 2069 2070 2074 2071 2071 2074 2075 2073 2076 2072 2077 2076 2073 2074 2078 2075 2077 2079 2076 2078 2080 2075 2080 2081 2075 2081 2082 2075 2082 2083 2075 2083 2084 2075 2075 2084 2085 2084 2086 2085 2086 2087 2085 2087 2088 2085 2088 2089 2085 2089 2090 2085 2090 2091 2085 2085 2091 2092 2092 2093 2094 2091 2093 2092 2094 2095 2096 2093 2095 2094 2097 2098 2099 2096 2098 2097 2095 2098 2096 2099 2100 2101 2098 2100 2099 2100 2102 2101 2101 2102 2103 2102 2104 2103 2103 2104 2105 2104 2106 2105 2105 2106 2107 2106 2108 2107 2109 2108 2110 2107 2108 2109 2108 2111 2110 2110 2111 2112 2111 2113 2112 2112 2113 2114 2113 2115 2114 2114 2115 2116 2077 2117 2079 2079 2117 2118 2119 2117 2120 2118 2117 2121 2121 2117 2122 2122 2117 2123 2123 2117 2124 2124 2117 2125 2125 2117 2126 2126 2117 2127 2127 2117 2128 2128 2117 2129 2129 2117 2130 2130 2117 2131 2131 2117 2132 2132 2117 2133 2133 2117 2134 2134 2117 2135 2135 2117 2136 2136 2117 2137 2137 2117 2138 2138 2117 2139 2139 2117 2140 2140 2117 2141 2120 2117 2142 2143 2117 2077 2144 2117 2143 2145 2117 2144 2146 2117 2145 2147 2117 2146 2148 2117 2147 2149 2117 2148 2142 2117 2149 2115 2150 2116 2116 2150 2151 2117 2152 2141 2150 2153 2151 2151 2153 2154 2153 2155 2154 2156 2155 2157 2154 2155 2156 2155 2158 2157 2157 2158 2159 2158 2160 2159 2159 2160 2161 2160 2162 2161 2161 2162 2163 2162 2164 2163 2163 2164 2165 2164 2166 2165 2165 2166 2167 2167 2168 2169 2166 2168 2167 2168 2170 2169 2117 2171 2152 2152 2171 2172 2172 2171 2173 2173 2171 2174 2174 2171 2175 2175 2171 2176 2176 2171 2177 2177 2171 2178 2178 2171 2179 2179 2171 2180 2180 2171 2181 2181 2171 2182 2182 2171 2183 2183 2171 2184 2184 944 2185 2185 944 2186 2186 944 2187 2187 944 2188 2188 944 2189 2189 944 2190 2190 944 2191 2191 944 2192 2192 944 2193 2193 944 2194 2194 944 2195 2195 944 2196 2196 944 2197 2171 944 2184 944 945 2197 2198 945 2199 2197 945 2200 2200 945 2201 2201 945 2202 2202 945 2203 2203 945 2204 2204 945 2205 2205 945 2206 2206 945 2207 2207 945 2208 2208 945 2209 2209 945 2210 2210 945 2211 2211 945 2212 2213 945 2214 2212 945 2215 2216 945 2213 2215 945 2217 2218 945 2216 2217 945 2219 2220 945 2218 2219 945 2221 2222 945 2220 2221 945 2223 2224 945 2222 2225 945 2224 2223 945 2226 2169 945 2225 2226 945 2227 2227 945 2228 2228 945 2229 2229 945 2170 2170 945 2169 2214 945 2198 1726 2117 1859 1859 2117 2230 2230 2117 2231 2231 2117 2232 2232 2117 2233 2233 2117 1963 1963 2117 2234 1963 2234 2235 1963 2235 2236 1963 2236 1964 2234 2117 2119 945 0 1919 945 1919 2237 945 2237 2238 945 2238 2239 945 2239 2240 945 2240 2031 945 2031 2241 945 2241 2199 2241 2031 2242 2242 2031 2243 2243 2031 2030 2244 1726 1731 2244 1731 2245 2246 2247 2248 2246 2248 2249 2246 2249 2250 2251 2250 2252 2251 2252 2253 2251 2246 2250 2254 2253 2255 2254 2255 2256 2254 2251 2253 2257 2258 2247 2257 2247 2246 2259 2254 2256 2259 2256 2260 2259 2260 2261 2262 2257 2246 2262 2246 2251 2263 2259 2261 2263 2261 2264 2263 2264 2265 2266 2262 2251 2266 2251 2254 2267 2258 2257 2267 2268 2269 2267 2269 2270 2267 2270 2258 2271 2265 2272 2271 2272 2273 2271 2263 2265 2274 2254 2259 2274 2266 2254 2275 2267 2257 2275 2276 2277 2275 2277 2268 2275 2268 2267 2275 2257 2262 2278 2271 2273 2278 2273 2279 2278 2279 2280 2281 2274 2259 2281 2259 2263 2282 2283 2284 2282 2284 2276 2282 2262 2266 2282 2275 2262 2282 2276 2275 2285 2280 2286 2285 2286 2287 2285 2278 2280 2288 2281 2263 2288 2263 2271 2289 2282 2266 2289 2290 2291 2289 2291 2283 2289 2283 2282 2289 2266 2274 2292 2285 2287 2292 2287 2293 2292 2293 2294 2295 2288 2271 2295 2271 2278 2296 2274 2281 2296 2297 2298 2296 2298 2290 2296 2289 2274 2296 2290 2289 2299 2292 2294 2299 2294 2300 2299 2300 2301 2302 2295 2278 2302 2278 2285 2303 2296 2281 2303 2297 2296 2303 2304 2305 2303 2305 2297 2303 2281 2288 2306 2301 2307 2306 2307 2308 2306 2299 2301 2309 2285 2292 2309 2302 2285 2310 2311 2312 2310 2312 2304 2310 2303 2288 2310 2304 2303 2310 2288 2295 2313 2306 2308 2313 2308 2314 2313 2314 2315 2316 2299 2306 2316 2309 2292 2316 2292 2299 2317 2310 2295 2317 2318 2319 2317 2319 2311 2317 2311 2310 2317 2295 2302 2320 2315 2321 2320 2321 2322 2320 2313 2315 2323 2316 2306 2323 2306 2313 2324 2302 2309 2324 2318 2317 2324 2325 2326 2324 2326 2318 2324 2309 2316 2324 2317 2302 2327 2322 2328 2327 2328 2329 2327 2320 2322 2330 2323 2313 2331 2325 2324 2331 2332 2333 2331 2333 2325 2331 2324 2316 2334 2329 2335 2334 2335 2336 2334 2336 2244 2334 2327 2329 2337 2313 2320 2337 2330 2313 2338 2339 2340 2338 2340 2332 2338 2323 2330 2338 2331 2316 2338 2316 2323 2338 2332 2331 2341 2327 2334 2341 2320 2327 2341 2337 2320 2342 2343 2344 2342 2344 2339 2342 2339 2338 2342 2330 2337 2342 2338 2330 2345 2244 2245 2345 2334 2244 2345 2341 2334 2346 2347 2348 2346 2348 2343 2346 2343 2342 2346 2342 2337 2349 2350 2351 2349 2351 2347 2349 2337 2341 2349 2346 2337 2349 2347 2346 2352 2245 2353 2352 2353 2354 2352 2354 2350 2352 2345 2245 2352 2350 2349 2352 2341 2345 2352 2349 2341 2355 2247 2258 2355 2356 2247 2357 2358 2359 2360 2358 2357 2361 2358 2360 2358 2362 2359 2363 2362 2364 2359 2362 2363 2365 2366 2361 2361 2366 2358 2367 2368 2369 2364 2368 2367 2362 2368 2364 2366 2370 2358 2358 2370 2362 2371 2372 2365 2373 2372 2371 2374 2372 2373 2365 2372 2366 2375 2376 2377 2369 2376 2375 2368 2376 2369 2370 2378 2362 2362 2378 2368 2379 2380 2374 2381 2380 2379 2372 2380 2366 2366 2380 2370 2374 2380 2372 2376 2382 2377 2383 2382 2384 2377 2382 2383 2368 2385 2376 2378 2385 2368 2386 2387 2381 2388 2387 2386 2370 2387 2378 2381 2387 2380 2380 2387 2370 2382 2389 2384 2390 2389 2391 2384 2389 2390 2385 2392 2376 2376 2392 2382 2378 2393 2385 2388 2393 2387 2387 2393 2378 2394 2393 2388 2395 2393 2394 2396 2397 2398 2391 2397 2396 2389 2397 2391 2382 2399 2389 2392 2399 2382 2400 2401 2395 2402 2401 2400 2395 2401 2393 2393 2401 2385 2385 2401 2392 2403 2404 2405 2398 2404 2403 2397 2404 2398 2399 2406 2389 2389 2406 2397 2402 2407 2401 2408 2407 2402 2409 2407 2408 2392 2407 2399 2401 2407 2392 2410 2411 2412 2405 2411 2410 2404 2411 2405 2397 2413 2404 2404 2413 2411 2406 2413 2397 2414 2415 2409 2416 2415 2414 2407 2415 2399 2409 2415 2407 2399 2415 2406 2417 2418 2419 2412 2418 2417 2411 2418 2412 2413 2420 2411 2421 2422 2416 2423 2422 2421 2415 2422 2406 2406 2422 2413 2416 2422 2415 2418 2424 2419 2425 2424 2426 2419 2424 2425 2411 2427 2418 2420 2427 2411 2413 2428 2420 2429 2428 2423 2430 2428 2429 2422 2428 2413 2423 2428 2422 2420 2428 2427 2424 2431 2426 2432 2431 2433 2426 2431 2432 2427 2434 2418 2418 2434 2424 2428 2435 2427 2436 2435 2430 2437 2435 2436 2430 2435 2428 2431 2438 2433 2439 2438 2440 2433 2438 2439 2424 2441 2431 2434 2441 2424 2435 2442 2427 2443 2442 2437 2427 2442 2434 2444 2442 2443 2437 2442 2435 2438 2445 2440 2446 2445 2447 2440 2445 2446 2441 2448 2431 2431 2448 2438 2438 2448 2445 2441 2449 2448 2450 2449 2444 2451 2449 2450 2444 2449 2442 2434 2449 2441 2442 2449 2434 2452 2453 2355 2454 2453 2452 2447 2453 2454 2445 2453 2447 2448 2455 2445 2456 2457 2451 2458 2457 2456 2449 2457 2448 2451 2457 2449 2453 2459 2355 2445 2459 2453 2455 2459 2445 2355 2459 2356 2460 2461 2458 2462 2461 2460 2457 2461 2448 2448 2461 2455 2458 2461 2457 2463 2464 2462 2465 2464 2463 2356 2464 2465 2462 2464 2461 2459 2464 2356 2455 2464 2459 2461 2464 2455 2466 2365 2361 2467 2365 2466 2468 2466 2469 2468 2469 2470 2468 2470 2471 2472 2473 2474 2472 2474 2475 2472 2475 2467 2472 2467 2466 2472 2466 2468 2476 2471 2477 2476 2477 2478 2476 2468 2471 2479 2468 2476 2479 2472 2468 2479 2480 2481 2479 2481 2473 2479 2473 2472 2482 2478 2483 2482 2483 2484 2482 2476 2478 2485 2486 2487 2485 2487 2480 2485 2476 2482 2485 2479 2476 2485 2480 2479 2488 2482 2484 2488 2484 2489 2488 2489 2490 2491 2492 2493 2491 2493 2486 2491 2486 2485 2491 2482 2488 2491 2485 2482 2494 2490 2495 2494 2495 2496 2494 2491 2488 2494 2488 2490 2497 2498 2499 2497 2499 2492 2497 2491 2494 2497 2492 2491 2500 2496 2501 2500 2501 2502 2500 2494 2496 2503 2498 2497 2503 2497 2494 2503 2504 2505 2503 2505 2498 2503 2494 2500 2506 2500 2502 2506 2502 2507 2506 2507 2508 2509 2510 2511 2509 2511 2504 2509 2504 2503 2509 2500 2506 2509 2503 2500 2512 2508 2513 2512 2513 2514 2512 2506 2508 2515 2516 2517 2515 2517 2510 2515 2510 2509 2515 2509 2506 2515 2506 2512 2518 2515 2512 2518 2512 2514 2518 2514 2519 2518 2519 2520 2521 2516 2515 2521 2522 2523 2521 2523 2516 2521 2515 2518 2524 2518 2520 2524 2521 2518 2524 2520 2525 2524 2525 2526 2527 2528 2529 2527 2529 2522 2527 2522 2521 2527 2521 2524 2530 2524 2526 2530 2526 2531 2530 2531 2532 2533 2534 2535 2533 2535 2528 2533 2524 2530 2533 2528 2527 2533 2527 2524 2536 2532 2537 2536 2537 2538 2536 2530 2532 2539 2540 2541 2539 2541 2534 2539 2534 2533 2539 2533 2530 2539 2530 2536 2542 2538 2543 2542 2543 2544 2542 2536 2538 2545 2539 2536 2545 2546 2547 2545 2547 2540 2545 2540 2539 2545 2536 2542 2548 2542 2544 2548 2544 2549 2548 2549 2550 2551 2552 2553 2551 2545 2542 2551 2553 2546 2551 2546 2545 2551 2542 2548 2554 2555 2556 2554 2548 2550 2554 2550 2557 2554 2557 2558 2554 2558 2555 2559 2556 2560 2559 2560 2561 2559 2561 2552 2559 2551 2548 2559 2552 2551 2559 2554 2556 2559 2548 2554 2562 2556 2555 2562 2555 2563 2564 2562 2563 2564 2563 2565 2564 2565 2566 2564 2566 2567 2568 2569 2570 2568 2570 2571 2568 2571 2562 2568 2562 2564 2572 2567 2573 2572 2573 2574 2572 2564 2567 2575 2576 2577 2575 2577 2569 2575 2568 2564 2575 2569 2568 2575 2564 2572 2578 2574 2579 2578 2579 2580 2578 2572 2574 2581 2582 2583 2581 2583 2576 2581 2572 2578 2581 2575 2572 2581 2576 2575 2584 2580 2585 2584 2585 2586 2584 2578 2580 2587 2588 2589 2587 2589 2582 2587 2582 2581 2587 2581 2578 2587 2578 2584 2590 2586 2591 2590 2591 2592 2590 2584 2586 2593 2594 2595 2593 2595 2588 2593 2587 2584 2593 2588 2587 2593 2584 2590 2596 2597 2598 2596 2592 2599 2596 2599 2600 2596 2600 2597 2596 2590 2592 2601 2598 2602 2601 2602 2603 2601 2603 2594 2601 2594 2593 2601 2593 2590 2601 2596 2598 2601 2590 2596 2604 2598 2597 2605 2598 2604 2606 2607 2608 2606 2608 2609 2606 2609 2610 2611 2606 2610 2611 2610 2612 2611 2612 2613 2614 2613 2615 2614 2615 2616 2614 2611 2613 2617 2618 2607 2617 2607 2606 2619 2614 2616 2619 2616 2620 2619 2620 2621 2622 2617 2606 2622 2606 2611 2623 2621 2624 2623 2624 2625 2623 2619 2621 2626 2611 2614 2626 2622 2611 2627 2618 2617 2627 2628 2629 2627 2629 2630 2627 2630 2618 2631 2625 2632 2631 2632 2633 2631 2623 2625 2634 2626 2614 2634 2614 2619 2635 2636 2637 2635 2637 2628 2635 2628 2627 2635 2617 2622 2635 2627 2617 2638 2631 2633 2638 2633 2639 2638 2639 2640 2641 2634 2619 2641 2619 2623 2642 2635 2622 2642 2643 2644 2642 2644 2636 2642 2636 2635 2642 2622 2626 2645 2638 2640 2645 2640 2646 2645 2646 2647 2648 2641 2623 2648 2623 2631 2649 2650 2651 2649 2651 2643 2649 2626 2634 2649 2643 2642 2649 2642 2626 2652 2647 2653 2652 2653 2654 2652 2645 2647 2655 2648 2631 2655 2631 2638 2656 2657 2658 2656 2658 2650 2656 2650 2649 2656 2649 2634 2656 2634 2641 2659 2654 2660 2659 2660 2661 2659 2652 2654 2662 2655 2638 2662 2638 2645 2663 2656 2641 2663 2664 2665 2663 2665 2657 2663 2641 2648 2663 2657 2656 2666 2659 2661 2666 2661 2667 2666 2667 2668 2669 2662 2645 2669 2645 2652 2670 2671 2672 2670 2672 2664 2670 2663 2648 2670 2648 2655 2670 2664 2663 2673 2668 2674 2673 2674 2675 2673 2666 2668 2676 2669 2652 2676 2652 2659 2676 2659 2666 2677 2670 2655 2677 2678 2679 2677 2679 2671 2677 2671 2670 2677 2655 2662 2680 2675 2681 2680 2681 2682 2680 2673 2675 2683 2676 2666 2684 2685 2686 2684 2677 2662 2684 2686 2678 2684 2662 2669 2684 2678 2677 2687 2680 2682 2687 2682 2688 2687 2688 2689 2690 2683 2666 2690 2666 2673 2691 2692 2693 2691 2693 2685 2691 2685 2684 2691 2684 2669 2691 2669 2676 2694 2687 2689 2694 2689 2695 2694 2695 2696 2694 2696 2605 2697 2673 2680 2697 2690 2673 2698 2699 2700 2698 2700 2692 2698 2692 2691 2698 2691 2676 2698 2676 2683 2701 2680 2687 2701 2687 2694 2701 2697 2680 2702 2703 2704 2702 2704 2699 2702 2683 2690 2702 2698 2683 2702 2699 2698 2705 2605 2604 2705 2694 2605 2705 2701 2694 2706 2707 2708 2706 2708 2703 2706 2690 2697 2706 2703 2702 2706 2702 2690 2709 2706 2697 2709 2710 2711 2709 2707 2706 2709 2711 2707 2709 2697 2701 2712 2604 2713 2712 2713 2714 2712 2714 2710 2712 2710 2709 2712 2701 2705 2712 2709 2701 2712 2705 2604 2715 2607 2618 2715 2716 2607 2717 2718 2719 2717 2719 2720 2717 2720 2721 2722 2721 2723 2722 2723 2724 2722 2717 2721 2725 2724 2726 2725 2726 2727 2725 2722 2724 2728 2729 2718 2728 2718 2717 2730 2725 2727 2730 2727 2731 2730 2731 2732 2733 2728 2717 2733 2717 2722 2734 2730 2732 2734 2732 2735 2734 2735 2736 2737 2722 2725 2737 2733 2722 2738 2729 2728 2738 2739 2740 2738 2740 2741 2738 2741 2729 2742 2736 2743 2742 2743 2744 2742 2734 2736 2745 2737 2725 2745 2725 2730 2746 2747 2748 2746 2748 2739 2746 2739 2738 2746 2728 2733 2746 2738 2728 2749 2742 2744 2749 2744 2750 2749 2750 2751 2752 2745 2730 2752 2730 2734 2753 2746 2733 2753 2754 2755 2753 2755 2747 2753 2733 2737 2753 2747 2746 2756 2749 2751 2756 2751 2757 2756 2757 2758 2759 2734 2742 2759 2752 2734 2760 2761 2762 2760 2762 2754 2760 2737 2745 2760 2754 2753 2760 2753 2737 2763 2758 2764 2763 2764 2765 2763 2756 2758 2766 2742 2749 2766 2759 2742 2767 2768 2769 2767 2769 2761 2767 2745 2752 2767 2760 2745 2767 2761 2760 2770 2763 2765 2770 2765 2771 2770 2771 2772 2773 2766 2749 2773 2749 2756 2774 2775 2776 2774 2776 2768 2774 2767 2752 2774 2768 2767 2774 2752 2759 2777 2770 2772 2777 2772 2778 2777 2778 2779 2780 2773 2756 2780 2756 2763 2781 2782 2783 2781 2783 2775 2781 2775 2774 2781 2759 2766 2781 2774 2759 2784 2779 2785 2784 2785 2786 2784 2777 2779 2787 2763 2770 2787 2780 2763 2788 2766 2773 2788 2789 2790 2788 2790 2782 2788 2781 2766 2788 2782 2781 2791 2784 2786 2791 2786 2792 2791 2792 2793 2794 2787 2770 2794 2770 2777 2795 2773 2780 2795 2796 2797 2795 2797 2789 2795 2789 2788 2795 2788 2773 2798 2791 2793 2798 2793 2799 2798 2799 2800 2801 2794 2777 2801 2777 2784 2802 2803 2804 2802 2804 2796 2802 2780 2787 2802 2787 2794 2802 2795 2780 2802 2796 2795 2805 2800 2806 2805 2806 2807 2805 2807 2716 2805 2798 2800 2808 2784 2791 2808 2801 2784 2809 2810 2811 2809 2811 2803 2809 2802 2794 2809 2803 2802 2812 2791 2798 2812 2808 2791 2813 2814 2815 2813 2815 2810 2813 2794 2801 2813 2809 2794 2813 2810 2809 2816 2716 2715 2816 2798 2805 2816 2812 2798 2816 2805 2716 2817 2813 2801 2817 2818 2819 2817 2819 2814 2817 2814 2813 2817 2801 2808 2820 2821 2822 2820 2822 2818 2820 2818 2817 2820 2817 2808 2820 2808 2812 2823 2715 2824 2823 2824 2825 2823 2825 2821 2823 2816 2715 2823 2821 2820 2823 2812 2816 2823 2820 2812 2729 2826 2827 2729 2827 2718 2828 2827 2826 2828 2826 2829 2828 2829 2830 2828 2830 2831 2832 2833 2834 2832 2834 2835 2832 2835 2827 2832 2827 2828 2836 2831 2837 2836 2837 2838 2836 2828 2831 2839 2840 2841 2839 2841 2833 2839 2832 2828 2839 2833 2832 2839 2828 2836 2842 2838 2843 2842 2843 2844 2842 2836 2838 2845 2846 2847 2845 2847 2840 2845 2840 2839 2845 2836 2842 2845 2839 2836 2848 2844 2849 2848 2849 2850 2848 2842 2844 2851 2852 2853 2851 2853 2846 2851 2845 2842 2851 2842 2848 2851 2846 2845 2854 2850 2855 2854 2855 2856 2854 2848 2850 2857 2858 2859 2857 2859 2852 2857 2848 2854 2857 2851 2848 2857 2852 2851 2860 2861 2862 2860 2856 2863 2860 2863 2864 2860 2864 2861 2860 2854 2856 2860 2857 2854 2865 2862 2866 2865 2866 2867 2865 2867 2858 2865 2858 2857 2865 2860 2862 2865 2857 2860 2861 2868 2869 2861 2869 2862 2870 2869 2868 2870 2868 2871 2870 2871 2872 2870 2872 2873 2874 2875 2876 2874 2876 2877 2874 2877 2869 2874 2869 2870 2878 2873 2879 2878 2879 2880 2878 2870 2873 2881 2870 2878 2881 2874 2870 2881 2882 2883 2881 2883 2875 2881 2875 2874 2884 2880 2885 2884 2885 2886 2884 2878 2880 2887 2888 2889 2887 2889 2882 2887 2878 2884 2887 2881 2878 2887 2882 2881 2890 2884 2886 2890 2886 2891 2890 2891 2892 2893 2894 2895 2893 2895 2888 2893 2888 2887 2893 2887 2884 2893 2884 2890 2896 2892 2897 2896 2897 2898 2896 2890 2892 2899 2900 2901 2899 2901 2894 2899 2890 2896 2899 2894 2893 2899 2893 2890 2902 2898 2903 2902 2903 2904 2902 2896 2898 2905 2900 2899 2905 2899 2896 2905 2906 2907 2905 2907 2900 2905 2896 2902 2908 2904 2909 2908 2909 2910 2908 2902 2904 2911 2906 2905 2911 2912 2913 2911 2913 2906 2911 2905 2902 2911 2902 2908 2914 2910 2915 2914 2915 2916 2914 2908 2910 2914 2911 2908 2917 2918 2919 2917 2919 2912 2917 2912 2911 2917 2911 2914 2920 2914 2916 2920 2916 2921 2920 2921 2922 2923 2924 2925 2923 2925 2918 2923 2918 2917 2923 2917 2914 2923 2914 2920 2926 2920 2922 2926 2922 2927 2926 2927 2928 2929 2920 2926 2929 2930 2931 2929 2931 2924 2929 2923 2920 2929 2924 2923 2932 2926 2928 2932 2928 2933 2932 2933 2934 2935 2936 2937 2935 2937 2930 2935 2929 2926 2935 2926 2932 2935 2930 2929 2938 2932 2934 2938 2934 2939 2938 2939 2940 2941 2942 2943 2941 2943 2936 2941 2932 2938 2941 2936 2935 2941 2935 2932 2944 2940 2945 2944 2945 2946 2944 2938 2940 2947 2938 2944 2947 2948 2949 2947 2949 2942 2947 2941 2938 2947 2942 2941 2950 2946 2951 2950 2951 2952 2950 2944 2946 2953 2954 2955 2953 2955 2948 2953 2944 2950 2953 2947 2944 2953 2948 2947 2956 2952 2957 2956 2957 2958 2956 2958 2959 2956 2950 2952 2960 2959 2961 2960 2954 2953 2960 2961 2962 2960 2962 2963 2960 2963 2954 2960 2956 2959 2960 2953 2950 2960 2950 2956 2961 2964 2965 2959 2964 2961 2966 2967 2968 2969 2967 2966 2970 2967 2969 2967 2971 2968 2972 2971 2973 2968 2971 2972 2974 2975 2970 2970 2975 2967 2976 2977 2978 2973 2977 2976 2971 2977 2973 2975 2979 2967 2967 2979 2971 2980 2981 2974 2982 2981 2980 2983 2981 2982 2974 2981 2975 2984 2985 2986 2978 2985 2984 2977 2985 2978 2979 2987 2971 2971 2987 2977 2988 2989 2983 2990 2989 2988 2981 2989 2975 2975 2989 2979 2983 2989 2981 2985 2991 2986 2992 2991 2993 2986 2991 2992 2977 2994 2985 2987 2994 2977 2995 2996 2990 2997 2996 2995 2979 2996 2987 2990 2996 2989 2989 2996 2979 2991 2998 2993 2999 2998 3000 2993 2998 2999 2991 3001 2998 2994 3001 2985 2985 3001 2991 2987 3002 2994 2997 3002 2996 2996 3002 2987 3003 3002 2997 3004 3002 3003 3005 3006 3007 3000 3006 3005 2998 3006 3000 3001 3008 2998 3009 3010 3004 3011 3010 3009 3004 3010 3002 3002 3010 2994 2994 3010 3001 3012 3013 3014 3007 3013 3012 3006 3013 3007 3008 3015 2998 2998 3015 3006 3001 3016 3008 3017 3016 3011 3018 3016 3017 3010 3016 3001 3008 3016 3015 3011 3016 3010 3019 3020 3021 3014 3020 3019 3013 3020 3014 3015 3022 3006 3006 3022 3013 3023 3024 3018 3025 3024 3023 3016 3024 3015 3018 3024 3016 3015 3024 3022 3020 3026 3021 3027 3026 3028 3021 3026 3027 3013 3029 3020 3022 3029 3013 3030 3031 3025 3032 3031 3030 3024 3031 3022 3025 3031 3024 3026 3033 3028 3034 3033 3035 3028 3033 3034 3020 3036 3026 3029 3036 3020 3022 3037 3029 3038 3037 3032 3039 3037 3038 3031 3037 3022 3032 3037 3031 3033 3040 3035 3041 3040 3042 3035 3040 3041 3026 3043 3033 3036 3043 3026 3029 3044 3036 3039 3044 3037 3045 3044 3039 3046 3044 3045 3037 3044 3029 3040 3047 3042 3048 3047 3049 3042 3047 3048 3033 3050 3040 3043 3050 3033 3044 3051 3036 3052 3051 3046 3053 3051 3052 3046 3051 3044 3036 3051 3043 3047 3054 3049 3055 3054 3056 3049 3054 3055 3050 3057 3040 3040 3057 3047 3043 3058 3050 3059 3058 3053 3060 3058 3059 3050 3058 3057 3053 3058 3051 3051 3058 3043 3061 3062 2964 3063 3062 3061 3056 3062 3063 3054 3062 3056 3057 3064 3047 3047 3064 3054 3065 3066 3060 3067 3066 3065 3060 3066 3058 3058 3066 3057 3062 3068 2964 3054 3068 3062 3064 3068 3054 2964 3068 2965 3069 3070 3067 3071 3070 3069 3067 3070 3066 3066 3070 3057 3064 3070 3068 3057 3070 3064 3070 3072 3068 3073 3072 3071 3074 3072 3073 2965 3072 3074 3071 3072 3070 3068 3072 2965 3075 2974 2970 3075 3076 2974 3077 3078 3079 3077 3079 3080 3077 3080 3081 3082 3081 3083 3082 3083 3084 3082 3077 3081 3085 3084 3086 3085 3086 3087 3085 3082 3084 3088 3089 3078 3088 3078 3077 3090 3085 3087 3090 3087 3091 3090 3091 3092 3093 3088 3077 3093 3077 3082 3094 3090 3092 3094 3092 3095 3094 3095 3096 3097 3093 3082 3097 3082 3085 3098 3089 3088 3098 3099 3100 3098 3100 3101 3098 3101 3089 3102 3096 3103 3102 3103 3104 3102 3094 3096 3105 3085 3090 3105 3097 3085 3106 3098 3088 3106 3107 3108 3106 3108 3099 3106 3099 3098 3106 3088 3093 3109 3104 3110 3109 3110 3111 3109 3102 3104 3112 3090 3094 3112 3105 3090 3113 3114 3115 3113 3115 3107 3113 3093 3097 3113 3106 3093 3113 3107 3106 3116 3109 3111 3116 3111 3117 3116 3117 3118 3119 3112 3094 3119 3094 3102 3120 3113 3097 3120 3121 3122 3120 3122 3114 3120 3114 3113 3120 3097 3105 3123 3118 3124 3123 3124 3125 3123 3116 3118 3126 3102 3109 3126 3119 3102 3127 3128 3129 3127 3129 3121 3127 3105 3112 3127 3121 3120 3127 3120 3105 3130 3125 3131 3130 3131 3132 3130 3123 3125 3133 3109 3116 3133 3126 3109 3134 3135 3136 3134 3136 3128 3134 3128 3127 3134 3112 3119 3134 3127 3112 3137 3130 3132 3137 3132 3138 3137 3138 3139 3140 3116 3123 3140 3133 3116 3141 3134 3119 3141 3142 3143 3141 3143 3135 3141 3119 3126 3141 3126 3133 3141 3135 3134 3144 3139 3145 3144 3145 3146 3144 3137 3139 3147 3140 3123 3147 3123 3130 3148 3149 3150 3148 3150 3142 3148 3141 3133 3148 3142 3141 3151 3144 3146 3151 3146 3152 3151 3152 3153 3154 3147 3130 3154 3130 3137 3155 3133 3140 3155 3156 3157 3155 3157 3149 3155 3149 3148 3155 3148 3133 3155 3140 3147 3158 3153 3159 3158 3159 3160 3158 3151 3153 3161 3154 3137 3161 3137 3144 3162 3163 3164 3162 3164 3156 3162 3156 3155 3162 3155 3147 3165 3158 3160 3165 3160 3166 3165 3166 3167 3165 3167 3076 3168 3144 3151 3168 3161 3144 3168 3151 3158 3169 3163 3162 3169 3170 3171 3169 3171 3163 3169 3147 3154 3169 3162 3147 3172 3168 3158 3173 3174 3175 3173 3175 3170 3173 3170 3169 3173 3169 3154 3173 3154 3161 3176 3076 3075 3176 3158 3165 3176 3172 3158 3176 3165 3076 3177 3178 3179 3177 3179 3174 3177 3161 3168 3177 3174 3173 3177 3173 3161 3180 3178 3177 3180 3181 3182 3180 3182 3178 3180 3168 3172 3180 3177 3168 3180 3172 3176 3183 3075 3184 3183 3184 3185 3183 3185 3181 3183 3181 3180 3183 3176 3075 3183 3180 3176 3089 2171 2117 3089 2117 3078 3184 834 857 3184 3075 834 3185 857 856 3185 3184 857 3181 856 855 3181 3185 856 3182 855 864 3182 3181 855 3178 864 863 3178 3182 864 3179 863 871 3179 3178 863 3174 871 870 3174 3179 871 3175 3174 870 3175 870 878 3170 3175 878 3170 878 877 3171 3170 877 3171 877 885 3163 3171 885 3163 885 884 3164 884 892 3164 3163 884 3156 892 891 3156 3164 892 3157 891 899 3157 3156 891 3149 899 898 3149 3157 899 3150 898 906 3150 3149 898 3142 906 905 3142 3150 906 3143 905 913 3143 3142 905 3135 913 912 3135 3143 913 3136 912 920 3136 3135 912 3128 920 919 3128 3136 920 3129 919 928 3129 3128 919 3121 928 927 3121 3129 928 3122 927 932 3122 3121 927 3114 932 931 3114 3122 932 3115 931 937 3115 3114 931 3107 937 936 3107 3115 937 3108 936 940 3108 3107 936 3099 940 939 3099 3108 940 3100 939 943 3100 3099 939 3101 942 934 3101 943 942 3101 3100 943 3089 3101 934 3186 2970 3187 3188 3187 2970 3189 2970 3186 3190 3188 2970 3191 2970 3189 3192 3190 2970 3193 2970 3191 3194 3192 2970 3195 2970 3193 3196 3194 2970 3197 2970 3195 3198 3196 2970 3199 2970 3197 3200 3198 2970 3201 2970 3199 3202 3200 2970 3203 2970 3201 3204 3202 2970 3205 2970 3203 3206 3204 2970 3207 2970 3205 3208 3206 2970 3209 2970 3207 3210 3208 2970 3211 2970 3209 3212 3210 2970 3213 2970 3211 3214 3212 2970 3215 3214 2970 3216 2970 819 3216 3215 2970 3217 3216 819 3218 3217 819 3219 3218 819 3220 3219 819 3221 3220 819 3222 3221 819 3223 3222 819 3224 3223 819 3225 3224 819 3226 3225 819 3227 3226 819 3228 3227 819 3229 3228 819 3230 3229 819 3231 3230 819 3232 3231 819 3075 3233 3234 3075 3234 3235 3075 3235 3236 3075 3236 3237 3075 3237 3238 3075 3238 3239 3075 3239 3240 3075 3240 3241 3075 3241 3242 3075 3242 3243 3075 3243 3244 3075 3244 3245 3075 3245 3246 3075 3246 3247 3075 3247 3248 3075 3248 3249 3075 3213 3250 3075 3250 3233 3075 2970 3213 3251 3075 3249 3252 3232 819 3253 3075 3251 3254 3252 819 3255 3075 3253 3256 3254 819 3257 3075 3255 3258 3256 819 3259 3075 3257 3260 3258 819 3261 3075 3259 3262 3260 819 3263 3075 3261 3264 3262 819 3265 3075 3263 3266 3264 819 3267 3075 3265 3268 3266 819 3269 3075 3267 3270 3268 819 3271 3075 3269 3272 3270 819 3273 3075 3271 3274 3272 819 3275 3075 3273 3276 3274 819 3277 3075 3275 3278 3075 3277 834 3276 819 834 3075 3278 834 3278 3279 834 3279 3280 834 3280 3281 834 3281 3282 834 3282 3283 834 3283 3284 834 3284 3285 834 3285 3286 834 3286 3287 834 3287 3288 834 3288 3289 834 3289 3290 834 3290 3291 834 3291 3292 834 3292 3293 834 3293 3294 834 3294 3295 834 3295 3296 834 3296 3297 834 3297 3298 834 3298 3299 834 3299 3300 834 3300 3301 834 3301 3302 834 3302 3303 834 3303 3304 834 3304 3305 834 3305 3306 834 3306 3307 834 3307 3308 834 3308 3309 834 3309 3310 834 3310 3311 834 3311 3276 2964 722 3061 3061 727 3063 722 727 3061 3063 724 3056 727 724 3063 3056 726 3055 724 726 3056 3055 729 3049 726 729 3055 3049 730 3048 729 730 3049 3048 732 3042 730 732 3048 3042 734 3041 732 734 3042 734 740 3041 3041 740 3035 740 742 3035 3035 742 3034 3034 748 3028 742 748 3034 3028 749 3027 748 749 3028 3027 755 3021 749 755 3027 3021 756 3019 755 756 3021 3019 761 3014 756 761 3019 3014 763 3012 761 763 3014 3012 768 3007 763 768 3012 3007 770 3005 768 770 3007 3005 775 3000 770 775 3005 3000 777 2999 775 777 3000 2999 782 2993 777 782 2999 2993 784 2992 782 784 2993 2992 790 2986 784 790 2992 2986 791 2984 790 791 2986 2984 797 2978 791 797 2984 2978 798 2976 797 798 2978 2976 804 2973 798 804 2976 2973 805 2972 804 805 2973 2972 811 2968 805 811 2972 2968 812 2966 811 812 2968 2966 820 2969 812 820 2966 2969 817 2970 820 817 2969 817 819 2970 584 2729 574 2826 2729 584 2826 611 607 2826 613 611 2826 617 613 2826 619 617 2826 623 619 2826 625 623 2826 584 625 2831 2830 2829 2838 2831 2829 2838 2837 2831 2844 2843 2838 2844 2838 2829 2849 2844 2829 2855 2850 2849 2855 2849 2829 2861 2826 607 2861 2829 2826 2861 2856 2855 2861 2863 2856 2861 2864 2863 2861 591 593 2861 594 591 2861 595 594 2861 599 595 2861 601 599 2861 605 601 2861 2855 2829 2861 607 605 635 722 2964 626 2861 593 2959 635 2964 2959 633 635 2959 636 633 2959 637 636 2959 641 637 2959 643 641 2959 647 643 2959 649 647 2959 653 649 2959 655 653 2959 659 655 2959 661 659 2959 666 661 2959 667 666 2959 672 667 2959 673 672 2959 678 673 2868 2861 626 2868 679 678 2868 684 679 2868 685 684 2868 690 685 2868 691 690 2868 695 691 2868 697 695 2868 702 697 2868 703 702 2868 708 703 2868 709 708 2868 714 709 2868 715 714 2868 720 715 2868 721 720 2868 678 2959 2868 626 721 2879 2872 2871 2879 2873 2872 2946 2952 2951 2886 2871 2868 2886 2880 2879 2886 2885 2880 2886 2868 2959 2886 2879 2871 2940 2946 2945 2939 2957 2952 2939 2958 2957 2939 2959 2958 2939 2952 2946 2939 2946 2940 2897 2892 2891 2933 2939 2934 2933 2959 2939 2898 2891 2886 2898 2897 2891 2927 2933 2928 2927 2959 2933 2922 2959 2927 2921 2959 2922 2910 2903 2898 2910 2904 2903 2910 2909 2904 2910 2898 2886 2916 2959 2921 2915 2886 2959 2915 2959 2916 2915 2910 2886 2824 474 497 2824 2715 474 2825 497 496 2825 2824 497 2821 496 495 2821 2825 496 2822 495 504 2822 2821 495 2818 504 503 2818 2822 504 2819 503 511 2819 2818 503 2814 511 510 2814 2819 511 2815 2814 510 2815 510 518 2810 2815 518 2810 518 517 2811 2810 517 2811 517 525 2803 2811 525 2803 525 524 2804 524 532 2804 2803 524 2796 532 531 2796 2804 532 2797 531 539 2797 2796 531 2789 539 538 2789 2797 539 2790 538 546 2790 2789 538 2782 546 545 2782 2790 546 2783 545 553 2783 2782 545 2775 553 552 2775 2783 553 2776 552 560 2776 2775 552 2768 560 559 2768 2776 560 2769 559 568 2769 2768 559 2761 568 567 2761 2769 568 2762 567 572 2762 2761 567 2754 572 571 2754 2762 572 2755 571 577 2755 2754 571 2747 577 576 2747 2755 577 2748 576 580 2748 2747 576 2739 580 579 2739 2748 580 2740 579 583 2740 2739 579 2741 583 582 2741 2740 583 2729 582 574 2729 2741 582 474 2715 2618 474 2618 463 471 463 2618 471 2618 2630 472 2630 2629 472 471 2630 468 2629 2628 468 472 2629 469 2628 2637 469 468 2628 465 2637 2636 465 469 2637 466 2636 2644 466 465 2636 460 2644 2643 460 466 2644 461 460 2643 461 2643 2651 456 461 2651 456 2651 2650 457 456 2650 457 2650 2658 448 457 2658 448 2658 2657 449 448 2657 449 2657 2665 441 449 2665 441 2665 2664 442 441 2664 442 2664 2672 434 442 2672 434 2672 2671 435 434 2671 435 2671 2679 427 435 2679 427 2679 2678 428 427 2678 428 2678 2686 420 2686 2685 420 428 2686 421 2685 2693 421 420 2685 413 421 2693 413 2693 2692 414 2692 2700 414 413 2692 406 414 2700 406 2700 2699 407 2699 2704 407 406 2699 399 2704 2703 399 407 2704 400 2703 2708 400 399 2703 392 2708 2707 392 400 2708 393 2707 2711 393 392 2707 384 2711 2710 384 393 2711 385 2710 2714 385 384 2710 386 2714 2713 386 385 2714 363 2713 2604 363 386 2713 225 2361 210 2466 2361 225 2466 312 307 2466 313 312 2466 318 313 2466 319 318 2466 225 319 306 2466 307 301 2466 306 2477 2470 2469 2477 2471 2470 299 2466 301 295 2466 299 294 2466 295 2489 2478 2477 2489 2483 2478 2489 2484 2483 289 2466 294 2495 2469 2466 2495 2490 2489 2495 2477 2469 2495 2489 2477 287 2466 289 2496 2495 2466 283 2466 287 2501 2496 2466 282 2466 283 277 2466 282 2508 2502 2501 2508 2507 2502 2513 2508 2501 276 2466 277 2519 2514 2513 2519 2513 2501 2520 2519 2501 2525 2520 2501 2532 2526 2525 2532 2531 2526 2532 2525 2501 2537 2532 2501 2544 2543 2538 2549 2544 2538 2549 2538 2537 2549 2501 2466 2549 2537 2501 2557 2550 2549 2557 2549 2466 2555 2557 2466 2555 2558 2557 2555 247 245 2555 251 247 2555 253 251 2555 257 253 2555 259 257 2555 263 259 2555 265 263 2555 270 265 2555 271 270 2555 276 271 2555 2466 276 241 2555 245 239 2555 241 235 2555 239 234 2555 235 232 2555 234 226 2555 232 2563 2555 226 2563 226 321 2563 347 343 2563 349 347 2563 353 349 2563 355 353 2563 359 355 2563 361 359 2563 321 361 2567 2566 2565 2574 2573 2567 2580 2579 2574 2580 2574 2567 2580 2567 2565 2585 2580 2565 2586 2565 2563 2586 2585 2565 2591 2586 2563 2600 2592 2591 2600 2599 2592 2600 2591 2563 2597 2563 343 2597 328 322 2597 330 328 2597 2600 2563 2597 331 330 2597 335 331 2597 337 335 2597 341 337 2597 343 341 2604 322 363 2604 2597 322 210 2361 208 208 2360 211 2361 2360 208 211 2357 203 2360 2357 211 203 2359 202 2357 2359 203 202 2363 196 2359 2363 202 196 2364 195 2363 2364 196 195 2367 189 2364 2367 195 189 2369 188 2367 2369 189 2369 2375 188 188 2375 182 2375 2377 182 182 2377 181 2377 2383 181 181 2383 175 2383 2384 175 175 2384 173 2384 2390 173 173 2390 168 2390 2391 168 168 2391 166 2391 2396 166 166 2396 161 2396 2398 161 161 2398 159 2398 2403 159 159 2403 154 2403 2405 154 154 2405 152 2405 2410 152 152 2410 147 2410 2412 147 147 2412 146 2412 2417 146 146 2417 140 140 2419 139 2417 2419 140 139 2425 133 2419 2425 139 133 2426 131 2425 2426 133 131 2432 125 2426 2432 131 125 2433 123 2432 2433 125 123 2439 121 2433 2439 123 121 2440 120 2439 2440 121 120 2446 117 2440 2446 120 117 2447 115 2446 2447 117 115 2454 118 2447 2454 115 2454 2452 118 118 2355 114 2452 2355 118 3312 2258 3313 3314 3313 2258 3315 2258 3312 3316 3314 2258 3317 2258 3315 3318 3316 2258 3319 2258 3317 3320 3318 2258 3321 2258 3319 3322 3320 2258 3323 2258 3321 3324 3322 2258 3325 2258 3323 3326 3324 2258 3327 2258 3325 3328 3326 2258 3329 2258 3327 3330 3328 2258 3331 2258 3329 3332 3330 2258 3333 2258 3331 3334 3332 2258 3335 2258 3333 3336 3334 2258 3337 2258 3335 3338 3336 2258 3339 2258 3337 3340 3338 2258 3341 2258 3339 3342 3340 2258 3343 2258 3341 3344 3342 2258 3345 2258 3343 3346 2258 3345 103 3347 3348 103 3348 3349 103 3349 3350 103 3350 3351 103 3344 2258 103 3351 3352 103 3352 3353 103 3353 3354 103 3354 3355 103 3355 3356 103 3356 3357 103 3357 3358 103 3358 3359 103 3359 3360 103 3360 3344 3361 3347 103 3362 3361 103 3363 3362 103 3364 3363 103 3365 3364 103 3366 3365 103 3367 3366 103 3368 3367 103 3369 3368 103 3370 3369 103 3371 3370 103 3372 3371 103 3373 3372 103 3374 3373 103 3375 3374 103 3376 3375 103 3377 3376 103 3378 3377 103 3379 3378 103 2355 3346 3380 2355 3380 3381 2355 3381 3382 2355 3382 3383 2355 3383 3384 2355 3384 3385 2355 3385 3386 2355 3386 3387 2355 3387 3388 2355 3388 3389 2355 3389 3390 2355 3390 3391 2355 3391 3392 2355 3392 3393 2355 3393 3394 2355 3394 3395 2355 3395 3396 2355 3396 3397 2355 3397 3398 2355 3398 3399 2355 3399 3400 2355 3400 3401 2355 3401 3402 2355 3402 3403 2355 3403 3404 2355 3404 3405 2355 3405 3406 2355 3406 3407 2355 3407 3408 2355 2258 3346 114 3379 103 114 2355 3408 114 3408 3409 114 3409 3410 114 3410 3411 114 3411 3412 114 3412 3413 114 3413 3414 114 3414 3415 114 3415 3416 114 3416 3417 114 3417 3418 114 3418 3419 114 3419 3420 114 3420 3421 114 3421 3422 114 3422 3423 114 3423 3424 114 3424 3425 114 3425 3426 114 3426 3427 114 3427 3428 114 3428 3429 114 3429 3430 114 3430 3431 114 3431 3432 114 3432 3433 114 3433 3434 114 3434 3435 114 3435 3436 114 3436 3437 114 3437 3379 111 103 2258 111 2258 2270 112 2270 2269 112 111 2270 108 2269 2268 108 112 2269 109 2268 2277 109 108 2268 105 2277 2276 105 109 2277 106 2276 2284 106 105 2276 100 2284 2283 100 106 2284 101 100 2283 101 2283 2291 96 101 2291 96 2291 2290 97 96 2290 97 2290 2298 88 97 2298 88 2298 2297 89 88 2297 89 2297 2305 81 89 2305 81 2305 2304 82 81 2304 82 2304 2312 74 82 2312 74 2312 2311 75 74 2311 75 2311 2319 67 75 2319 67 2319 2318 68 67 2318 68 2318 2326 60 2326 2325 60 68 2326 61 2325 2333 61 60 2325 53 61 2333 53 2333 2332 54 2332 2340 54 53 2332 46 54 2340 46 2340 2339 47 2339 2344 47 46 2339 39 2344 2343 39 47 2344 40 2343 2348 40 39 2343 32 2348 2347 32 40 2348 33 2347 2351 33 32 2347 24 2351 2350 24 33 2351 25 2350 2354 25 24 2350 26 2354 2353 26 25 2354 2 2353 2245 2 26 2353 2 2245 1731 2 1731 3 3438 3439 1851 3438 1851 1848 3440 1848 1845 3440 3438 1848 3441 1842 1840 3441 1845 1842 3441 3440 1845 3442 3441 1840 3443 1840 1837 3443 3442 1840 3444 1837 1834 3444 3443 1837 3445 1831 1828 3445 1834 1831 3445 3444 1834 3446 1828 1824 3446 3445 1828 3447 3446 1824 3447 1824 1821 3448 3447 1821 3449 3448 1821 3449 1817 1813 3449 1821 1817 3450 3449 1813 3450 1813 1809 3451 3450 1809 3452 3451 1809 3452 1809 1807 3453 3452 1807 3453 1807 1803 3454 3453 1803 3454 1803 1800 3455 3454 1800 3455 1800 1802 3456 3455 1802 3456 1806 1812 3456 1802 1806 3457 3456 1812 3458 1812 1816 3458 3457 1812 3459 1816 1820 3459 3458 1816 3460 1820 1823 3460 3459 1820 3461 1823 1827 3461 3460 1823 3462 1830 1833 3462 1827 1830 3462 3461 1827 3463 3462 1833 3464 1836 1839 3464 1833 1836 3464 3463 1833 3465 3464 1839 3466 1841 1844 3466 1839 1841 3466 3465 1839 3467 1844 1847 3467 3466 1844 3468 3467 1847 3469 1847 1850 3469 3468 1847 3470 1850 1858 3470 3469 1850 3439 3471 1860 3439 1860 1851 3472 3473 3474 3475 3474 3476 3477 3472 3474 3477 3474 3475 3478 3477 3479 3480 3481 3482 3480 3483 3481 3484 3478 3485 3484 3477 3478 3486 3487 3480 3488 3489 3486 3488 3486 3480 3490 3491 3492 3490 3493 3491 3490 3484 3493 3494 3490 3495 3471 3496 3497 3471 3494 3496 3471 3482 3472 3471 3472 3477 3471 3477 3484 3471 3490 3494 3471 3484 3490 3498 3499 3488 3498 3500 3499 3498 3501 3500 3498 3502 3501 3498 3503 3502 3498 3480 3482 3498 3488 3480 3498 3482 3471 3504 3505 3506 3507 3504 3506 3441 3438 3440 3441 3439 3438 3442 3439 3441 3508 3507 3506 3508 3509 3507 3443 3439 3442 3510 3508 3506 3445 3439 3443 3445 3443 3444 3511 3510 3506 3511 3512 3510 3446 3439 3445 3447 3439 3446 3513 3514 3515 3450 3448 3449 3450 3447 3448 3450 3439 3447 3516 3513 3515 3516 3515 3511 3516 3517 3513 3518 3516 3511 3452 3450 3451 3452 3439 3450 3519 3511 3506 3519 3518 3511 3454 3452 3453 3455 3439 3452 3455 3452 3454 3520 3521 3519 3520 3522 3521 3456 3439 3455 3523 3520 3519 3457 3439 3456 3459 3457 3458 3460 3439 3457 3460 3457 3459 3524 3519 3506 3524 3523 3519 3524 3525 3523 3524 3526 3525 3524 3527 3526 3528 3524 3506 3463 3461 3462 3463 3460 3461 3463 3439 3460 3465 3463 3464 3529 3530 3531 3532 3529 3531 3532 3533 3528 3532 3531 3533 3467 3463 3465 3467 3465 3466 3534 3532 3528 3534 3528 3506 3469 3467 3468 3469 3463 3467 3535 3534 3506 3535 3536 3534 3470 3439 3463 3470 3463 3469 3537 3498 3471 3537 3439 3470 3537 3535 3506 3537 3471 3439 3537 3506 3498 3538 3535 3537 3539 3540 3538 3541 3538 3537 3541 3542 3539 3541 3539 3538 3543 3544 3545 3543 3546 3544 3543 3537 3546 3547 3541 3537 3547 3537 3543 3548 3547 3543 3548 3543 3549 3550 3547 3548 3551 3552 3553 3554 3553 3547 3554 3555 3551 3554 3551 3553 3556 3557 3558 3556 3559 3557 3556 3550 3559 3560 3561 3554 3560 3554 3547 3562 3560 3547 3563 3556 3564 3563 3550 3556 3565 3563 3566 3565 3550 3563 3567 3568 3562 3567 3569 3568 3567 3547 3550 3567 3562 3547 3567 3550 3565 3546 3537 1859 3546 1859 2230 3544 2230 2231 3544 3546 2230 3545 2232 2233 3545 2231 2232 3545 3544 2231 3543 3545 2233 3549 2233 1963 3549 3543 2233 3548 1963 1959 3548 3549 1963 3550 1957 1952 3550 1959 1957 3550 3548 1959 3559 1952 1948 3559 3550 1952 3557 3559 1948 3557 1948 1942 3558 3557 1942 3556 3558 1942 3556 1939 1938 3556 1942 1939 3564 3556 1938 3564 1938 1932 3563 3564 1932 3566 3563 1932 3566 1932 1926 3565 3566 1926 3565 1926 1924 3567 3565 1924 3567 1924 1920 3569 3567 1920 3569 1920 1922 3568 3569 1922 3568 1929 1931 3568 1922 1929 3562 3568 1931 3560 1931 1935 3560 3562 1931 3561 1935 1936 3561 3560 1935 3554 1936 1945 3554 3561 1936 3555 1945 1947 3555 3554 1945 3551 1951 1955 3551 1947 1951 3551 3555 1947 3552 3551 1955 3553 1956 1961 3553 1955 1956 3553 3552 1955 3547 3553 1961 3541 1967 1969 3541 1961 1967 3541 3547 1961 3542 1969 1971 3542 3541 1969 3539 3542 1971 3540 1971 1972 3540 3539 1971 3538 1972 1975 3538 3540 1972 3535 3538 1975 3535 1975 1977 3535 1977 1979 3536 3535 1979 3534 1979 1981 3534 3536 1979 3532 1983 1984 3532 1981 1983 3532 3534 1981 3529 3532 1984 3530 1984 1986 3530 3529 1984 3531 1986 1989 3531 3530 1986 3533 1991 1992 3533 1989 1991 3533 3531 1989 3528 1992 1994 3528 3533 1992 3524 3528 1994 3524 1994 1996 3527 3524 1996 3526 3527 1996 3526 1998 2000 3526 1996 1998 3525 3526 2000 3525 2000 2003 3523 3525 2003 3520 3523 2003 3520 2003 2004 3522 3520 2004 3522 2004 2006 3521 3522 2006 3521 2006 2009 3519 3521 2009 3519 2009 2011 3518 3519 2011 3518 2013 2014 3518 2011 2013 3516 3518 2014 3517 2014 2016 3517 3516 2014 3513 2016 2019 3513 3517 2016 3514 2019 2020 3514 3513 2019 3515 2020 2023 3515 3514 2020 3511 2024 2027 3511 2023 2024 3511 3515 2023 3512 3511 2027 3510 2029 2031 3510 2027 2029 3510 3512 2027 3508 3510 2031 3509 2240 2239 3509 2031 2240 3509 3508 2031 3507 2239 2238 3507 3509 2239 3504 3507 2238 3505 2238 2237 3505 3504 2238 3506 2237 1919 3506 3505 2237 3503 3498 1918 3503 1918 1917 3502 1917 1916 3502 3503 1917 3501 1915 1914 3501 1916 1915 3501 3502 1916 3500 3501 1914 3499 1914 1913 3499 3500 1914 3488 1913 1912 3488 3499 1913 3489 1911 1910 3489 1912 1911 3489 3488 1912 3486 1910 1908 3486 3489 1910 3487 3486 1908 3487 1908 1906 3480 3487 1906 3483 3480 1906 3483 1904 1902 3483 1906 1904 3481 3483 1902 3481 1902 1900 3482 3481 1900 3472 3482 1900 3472 1900 1898 3473 3472 1898 3473 1898 1897 3474 3473 1897 3474 1897 1895 3476 3474 1895 3476 1895 1893 3475 3476 1893 3475 1891 1889 3475 1893 1891 3477 3475 1889 3479 1889 1887 3479 3477 1889 3478 1887 1885 3478 3479 1887 3485 1885 1884 3485 3478 1885 3484 1884 1882 3484 3485 1884 3493 1880 1878 3493 1882 1880 3493 3484 1882 3491 3493 1878 3492 1876 1874 3492 1878 1876 3492 3491 1878 3490 3492 1874 3495 1873 1871 3495 1874 1873 3495 3490 1874 3494 1871 1869 3494 3495 1871 3496 3494 1869 3497 1869 1867 3497 3496 1869 3471 1867 1860 3471 3497 1867 3570 3571 2085 3570 2085 2092 3572 2092 2094 3572 3570 2092 3573 2096 2097 3573 2094 2096 3573 3572 2094 3574 3573 2097 3575 2097 2099 3575 3574 2097 3576 2099 2101 3576 3575 2099 3577 2103 2105 3577 2101 2103 3577 3576 2101 3578 2105 2107 3578 3577 2105 3579 3578 2107 3579 2107 2109 3580 3579 2109 3581 3580 2109 3581 2110 2112 3581 2109 2110 3582 3581 2112 3582 2112 2114 3583 3582 2114 3584 3583 2114 3584 2114 2116 3585 3584 2116 3585 2116 2151 3586 3585 2151 3586 2151 2154 3587 3586 2154 3587 2154 2156 3588 3587 2156 3588 2157 2159 3588 2156 2157 3589 3588 2159 3590 2159 2161 3590 3589 2159 3591 2161 2163 3591 3590 2161 3592 2163 2165 3592 3591 2163 3593 2165 2167 3593 3592 2165 3594 2169 2225 3594 2167 2169 3594 3593 2167 3595 3594 2225 3596 2224 2222 3596 2225 2224 3596 3595 2225 3597 3596 2222 3598 2220 2218 3598 2222 2220 3598 3597 2222 3599 2218 2216 3599 3598 2218 3600 3599 2216 3601 2216 2213 3601 3600 2216 3602 2213 2214 3602 3601 2213 3571 3603 2075 3571 2075 2085 3604 3605 3606 3604 3607 3605 3604 3608 3607 3604 3609 3608 3604 3610 3609 3611 3612 3610 3611 3613 3612 3611 3614 3613 3611 3615 3614 3616 3617 3618 3619 3617 3616 3620 3621 3611 3622 3623 3624 3625 3611 3610 3625 3626 3620 3625 3627 3626 3625 3620 3611 3628 3623 3622 3629 3619 3623 3629 3604 3617 3629 3617 3619 3629 3623 3628 3630 3631 3625 3630 3632 3631 3633 3629 3634 3635 3633 3636 3635 3610 3604 3635 3604 3629 3635 3625 3610 3635 3629 3633 3635 3630 3625 3599 3600 3601 3637 3638 3639 3598 3601 3602 3598 3599 3601 3640 3638 3637 3640 3641 3638 3597 3598 3602 3642 3641 3640 3643 3641 3642 3594 3596 3597 3594 3595 3596 3644 3643 3645 3592 3593 3594 3592 3597 3602 3592 3594 3597 3646 3647 3648 3649 3647 3646 3649 3644 3647 3589 3591 3592 3589 3590 3591 3650 3649 3651 3587 3588 3589 3587 3589 3592 3652 3641 3643 3652 3643 3644 3652 3644 3649 3652 3649 3650 3586 3592 3602 3586 3587 3592 3585 3586 3602 3653 3652 3654 3584 3585 3602 3655 3652 3653 3656 3652 3655 3582 3583 3584 3581 3582 3584 3657 3658 3659 3657 3656 3658 3579 3580 3581 3579 3581 3584 3660 3641 3652 3660 3652 3656 3660 3656 3657 3661 3662 3663 3575 3577 3578 3575 3576 3577 3664 3662 3661 3574 3578 3579 3574 3575 3578 3665 3662 3664 3665 3660 3662 3666 3660 3665 3572 3573 3574 3571 3572 3574 3571 3570 3572 3571 3584 3602 3571 3579 3584 3571 3574 3579 3667 3660 3666 3667 3636 3641 3667 3668 3669 3667 3666 3668 3667 3641 3660 3667 3635 3636 3603 3635 3667 3603 3602 3635 3603 3571 3602 3603 3667 3670 3671 3603 3670 3672 3670 3673 3672 3671 3670 3674 3675 3671 3676 3674 3671 3677 3678 3679 3680 3681 3676 3680 3682 3681 3680 3672 3678 3680 3671 3672 3680 3676 3671 3680 3678 3677 3683 3682 3680 3684 3685 3686 3687 3686 3682 3687 3683 3688 3687 3682 3683 3687 3684 3686 3689 3684 3687 3690 3684 3689 3691 3692 3693 3694 3693 3684 3694 3695 3691 3694 3691 3693 3696 3697 3698 3699 3700 3694 3699 3690 3697 3699 3684 3690 3699 3694 3684 3699 3697 3696 3701 3700 3699 3630 3635 2198 3630 2198 2199 3632 2199 2241 3632 3630 2199 3631 2242 2243 3631 2241 2242 3631 3632 2241 3625 3631 2243 3627 2243 2030 3627 3625 2243 3626 2030 2028 3626 3627 2030 3620 2026 2025 3620 2028 2026 3620 3626 2028 3621 2025 2022 3621 3620 2025 3611 3621 2022 3611 2022 2021 3615 3611 2021 3614 3615 2021 3614 2018 2017 3614 2021 2018 3613 3614 2017 3613 2017 2015 3612 3613 2015 3610 3612 2015 3610 2015 2012 3609 3610 2012 3609 2012 2010 3608 3609 2010 3608 2010 2008 3607 3608 2008 3607 2008 2007 3605 3607 2007 3605 2005 2002 3605 2007 2005 3606 3605 2002 3604 2002 2001 3604 3606 2002 3617 2001 1999 3617 3604 2001 3618 1999 1997 3618 3617 1999 3616 1997 1995 3616 3618 1997 3619 1993 1990 3619 1995 1993 3619 3616 1995 3623 3619 1990 3624 1988 1987 3624 1990 1988 3624 3623 1990 3622 3624 1987 3628 1985 1982 3628 1987 1985 3628 3622 1987 3629 1982 1980 3629 3628 1982 3634 3629 1980 3633 1980 1978 3633 3634 1980 3636 1978 1976 3636 3633 1978 3641 3636 1976 3641 1976 1974 3641 1974 1973 3638 3641 1973 3639 1973 1970 3639 3638 1973 3637 1968 1966 3637 1970 1968 3637 3639 1970 3640 3637 1966 3642 1966 1965 3642 3640 1966 3643 1965 1960 3643 3642 1965 3645 1954 1950 3645 1960 1954 3645 3643 1960 3644 1950 1946 3644 3645 1950 3647 3644 1946 3647 1946 1944 3648 3647 1944 3646 3648 1944 3646 1941 1934 3646 1944 1941 3649 3646 1934 3649 1934 1930 3651 3649 1930 3650 3651 1930 3650 1930 1928 3652 3650 1928 3652 1928 1923 3654 3652 1923 3654 1923 1921 3653 3654 1921 3653 1921 1925 3655 3653 1925 3655 1927 1933 3655 1925 1927 3656 3655 1933 3658 1933 1937 3658 3656 1933 3659 1937 1940 3659 3658 1937 3657 1940 1943 3657 3659 1940 3660 1943 1949 3660 3657 1943 3662 1953 1958 3662 1949 1953 3662 3660 1949 3663 3662 1958 3661 1962 1964 3661 1958 1962 3661 3663 1958 3664 3661 1964 3665 2236 2235 3665 1964 2236 3665 3664 1964 3666 2235 2234 3666 3665 2235 3668 3666 2234 3669 2234 2119 3669 3668 2234 3667 2119 2120 3667 3669 2119 3673 3670 2142 3673 2142 2149 3672 2149 2148 3672 3673 2149 3678 2147 2146 3678 2148 2147 3678 3672 2148 3679 3678 2146 3677 2146 2145 3677 3679 2146 3680 2145 2144 3680 3677 2145 3683 2143 2077 3683 2144 2143 3683 3680 2144 3688 2077 2073 3688 3683 2077 3687 3688 2073 3687 2073 2069 3689 3687 2069 3690 3689 2069 3690 2065 2059 3690 2069 2065 3697 3690 2059 3697 2059 2056 3698 3697 2056 3696 3698 2056 3696 2056 2052 3699 3696 2052 3699 2052 2051 3701 3699 2051 3701 2051 2047 3700 3701 2047 3700 2047 2043 3694 3700 2043 3694 2037 2032 3694 2043 2037 3695 3694 2032 3691 2032 2034 3691 3695 2032 3692 2034 2036 3692 3691 2034 3693 2036 2040 3693 3692 2036 3684 2040 2041 3684 3693 2040 3685 2045 2049 3685 2041 2045 3685 3684 2041 3686 3685 2049 3682 2054 2058 3682 2049 2054 3682 3686 2049 3681 3682 2058 3676 2061 2063 3676 2058 2061 3676 3681 2058 3674 2063 2067 3674 3676 2063 3675 3674 2067 3671 2067 2071 3671 3675 2067 3603 2071 2075 3603 3671 2071 3537 3470 1858 3537 1858 1859 3498 3506 1919 3498 1919 1918 3670 3667 2120 3670 2120 2142 3635 3602 2214 3635 2214 2198 3702 3703 1340 1340 3703 1342 1342 3704 1105 3703 3704 1342 1105 3705 1103 3704 3705 1105 1103 3706 1101 1101 3706 1099 3705 3706 1103 3706 3707 1099 1099 3708 1097 3707 3708 1099 1097 3709 1095 3708 3709 1097 1095 3710 1092 1092 3710 1093 3709 3710 1095 3710 3711 1093 1093 3712 1090 1090 3712 1088 3711 3712 1093 3712 3713 1088 3713 3714 1088 1088 3714 1086 3714 3715 1086 1086 3715 1084 3715 3716 1084 1084 3716 1081 3716 3717 1081 1081 3717 1082 3717 3718 1082 1082 3718 1079 3718 3719 1079 1079 3719 1077 3719 3720 1077 1077 3720 1075 3720 3721 1075 1075 3721 1072 1072 3721 1073 3721 3722 1073 1073 3722 1062 3722 3723 1062 3723 3724 1062 1062 3724 1060 1060 3725 1057 3724 3725 1060 1057 3726 1058 3725 3726 1057 1058 3727 1055 3726 3727 1058 1055 3728 1053 3727 3728 1055 1053 3729 1050 1050 3729 1051 3728 3729 1053 1051 3730 1048 3729 3730 1051 3730 3731 1048 1048 3732 1046 1046 3732 1042 3731 3732 1048 3732 3733 1042 1042 3734 1043 1043 3734 1039 3733 3734 1042 3734 3735 1039 1039 3736 1035 1035 3736 1036 3735 3736 1039 1036 3737 1032 3736 3737 1036 3737 3738 1032 3738 3739 1032 1032 3739 1029 1029 3739 1025 3739 3740 1025 1025 3740 1026 3740 3741 1026 3741 3742 1026 1026 3742 1022 1022 3742 1019 3742 3743 1019 1019 3743 1015 3743 3744 1015 3744 3745 1015 1015 3745 1016 1016 3745 1011 3745 3746 1011 3746 3747 1011 1011 3747 1007 3747 3748 1007 1007 3748 1003 3748 3749 1003 1003 3749 998 3749 3750 998 998 3750 999 3750 3751 999 999 3751 994 3751 3752 994 994 3752 989 3752 3753 989 989 3753 984 3753 3754 984 984 3754 985 3754 3755 985 985 3755 987 3755 3756 987 987 3756 991 991 3756 992 3756 3757 992 3757 3758 992 992 3758 996 3758 3759 996 996 3759 1001 1001 3759 1005 3759 3760 1005 1005 3761 1009 3760 3761 1005 1009 3762 1013 1013 3762 981 3761 3762 1009 3762 3763 981 3763 3764 981 981 3764 979 3764 3765 979 979 3765 977 3765 3766 977 977 3766 975 3766 3767 975 975 3767 973 3767 3768 973 973 3768 971 3768 3769 971 971 3769 969 3769 3770 969 969 3770 967 3770 3771 967 967 3771 965 3771 3772 965 965 3772 963 3772 3773 963 963 3773 961 3773 3774 961 961 3774 959 3774 3775 959 959 3775 957 957 3776 955 955 3776 953 3775 3776 957 3776 3777 953 953 3778 951 3777 3778 953 951 3779 949 3778 3779 951 949 3780 946 3779 3780 949 946 3781 947 3780 3781 946 947 3782 948 3781 3782 947 948 3783 950 950 3783 952 3782 3783 948 3783 3784 952 952 3785 954 3784 3785 952 954 3786 956 3785 3786 954 956 3787 958 3786 3787 956 958 3788 960 3787 3788 958 960 3789 962 962 3789 964 3788 3789 960 3789 3790 964 3790 3791 964 964 3791 966 3791 3792 966 966 3792 968 3792 3793 968 968 3793 970 970 3794 972 3793 3794 970 972 3795 974 3794 3795 972 974 3796 976 3795 3796 974 976 3797 978 3796 3797 976 978 3798 980 980 3798 982 3797 3798 978 3798 3799 982 982 3800 1264 3799 3800 982 1264 3801 1260 3800 3801 1264 1260 3802 1255 3801 3802 1260 1255 3803 1250 3802 3803 1255 1250 3804 1251 3803 3804 1250 1251 3805 1253 1253 3805 1257 3804 3805 1251 3805 3806 1257 1257 3807 1258 3806 3807 1257 1258 3808 1262 1262 3808 1266 3807 3808 1258 3808 3809 1266 1266 3810 1269 1269 3810 1272 3809 3810 1266 3810 3811 1272 1272 3811 1275 3811 3812 1275 1275 3813 1278 3812 3813 1275 3813 3814 1278 1278 3814 1281 1281 3814 1284 3814 3815 1284 1284 3815 1286 3815 3816 1286 3816 3817 1286 1286 3817 1288 1288 3817 1290 3817 3818 1290 3818 3819 1290 1290 3819 1292 3819 3820 1292 1292 3820 1294 1294 3820 1296 3820 3821 1296 3821 3822 1296 1296 3822 1298 1298 3822 1330 3822 3823 1330 3823 3824 1330 1330 3824 1332 3824 3825 1332 1332 3825 1334 1334 3826 1336 3825 3826 1334 1336 3827 1338 1338 3827 1340 3826 3827 1336 3827 3702 1340 3828 3812 3811 3829 3813 3812 3829 3812 3828 3830 3811 3810 3830 3828 3811 3831 3814 3813 3831 3813 3829 3832 3810 3809 3832 3830 3810 3833 3815 3814 3833 3814 3831 3834 3809 3808 3834 3832 3809 3835 3816 3815 3835 3815 3833 3836 3834 3808 3836 3808 3807 3837 3817 3816 3837 3816 3835 3838 3807 3806 3838 3836 3807 3839 3818 3817 3839 3817 3837 3840 3806 3805 3840 3838 3806 3841 3818 3839 3841 3819 3818 3842 3805 3804 3842 3840 3805 3843 3820 3819 3843 3819 3841 3844 3804 3803 3844 3842 3804 3845 3821 3820 3845 3820 3843 3846 3803 3802 3846 3844 3803 3847 3822 3821 3847 3821 3845 3848 3846 3802 3848 3802 3801 3849 3823 3822 3849 3822 3847 3850 3848 3801 3850 3801 3800 3851 3824 3823 3851 3823 3849 3852 3850 3800 3852 3800 3799 3853 3825 3824 3853 3824 3851 3854 3852 3799 3854 3799 3798 3855 3826 3825 3855 3825 3853 3856 3798 3797 3856 3854 3798 3857 3827 3826 3857 3826 3855 3858 3856 3797 3858 3797 3796 3859 3702 3827 3859 3827 3857 3860 3858 3796 3860 3796 3795 3861 3703 3702 3861 3702 3859 3862 3860 3795 3862 3795 3794 3863 3704 3703 3863 3703 3861 3864 3862 3794 3864 3794 3793 3865 3705 3704 3865 3704 3863 3866 3864 3793 3866 3793 3792 3867 3706 3705 3867 3705 3865 3868 3866 3792 3868 3792 3791 3869 3707 3706 3869 3706 3867 3870 3868 3791 3870 3791 3790 3871 3708 3707 3871 3707 3869 3872 3870 3790 3872 3790 3789 3873 3709 3708 3873 3708 3871 3874 3872 3789 3874 3789 3788 3875 3710 3709 3875 3709 3873 3876 3874 3788 3877 3711 3710 3877 3710 3875 3878 3876 3788 3878 3787 3786 3878 3788 3787 3879 3712 3711 3879 3711 3877 3880 3878 3786 3880 3786 3785 3881 3713 3712 3881 3712 3879 3882 3880 3785 3882 3785 3784 3883 3714 3713 3883 3713 3881 3884 3882 3784 3884 3784 3783 3885 3715 3714 3885 3714 3883 3886 3783 3782 3886 3884 3783 3887 3716 3715 3887 3715 3885 3888 3886 3782 3889 3717 3716 3889 3716 3887 3890 3782 3781 3890 3888 3782 3891 3717 3889 3718 3717 3891 3892 3718 3891 3780 3893 3890 3780 3890 3781 3719 3718 3892 3779 3893 3780 3779 3894 3893 3720 3719 3892 3720 3892 3895 3778 3894 3779 3778 3896 3894 3721 3720 3895 3721 3897 3898 3721 3895 3897 3777 3896 3778 3777 3899 3896 3722 3721 3898 3722 3898 3900 3776 3899 3777 3776 3901 3899 3723 3722 3900 3775 3902 3901 3775 3901 3776 3724 3900 3903 3724 3723 3900 3774 3902 3775 3774 3904 3902 3725 3903 3905 3725 3724 3903 3773 3906 3904 3773 3904 3774 3726 3907 3908 3726 3905 3907 3726 3725 3905 3772 3909 3906 3772 3906 3773 3727 3726 3908 3771 3910 3909 3771 3909 3772 3728 3727 3908 3728 3908 3911 3770 3910 3771 3770 3912 3910 3729 3728 3911 3729 3911 3913 3769 3912 3770 3769 3914 3912 3730 3729 3913 3730 3913 3915 3768 3914 3769 3768 3916 3914 3731 3915 3917 3731 3730 3915 3767 3916 3768 3767 3918 3916 3732 3919 3920 3732 3917 3919 3732 3731 3917 3766 3921 3918 3766 3918 3767 3733 3920 3922 3733 3732 3920 3765 3923 3921 3765 3921 3766 3734 3733 3922 3764 3924 3923 3764 3923 3765 3735 3922 3925 3735 3734 3922 3763 3926 3924 3763 3924 3764 3736 3925 3927 3736 3735 3925 3762 3928 3926 3762 3929 3928 3762 3926 3763 3737 3930 3931 3737 3927 3930 3737 3736 3927 3761 3929 3762 3738 3737 3931 3738 3931 3932 3760 3929 3761 3760 3933 3929 3739 3738 3932 3739 3932 3934 3759 3933 3760 3759 3935 3933 3740 3739 3934 3740 3934 3936 3758 3935 3759 3758 3937 3935 3741 3740 3936 3757 3937 3758 3757 3938 3937 3742 3741 3936 3742 3936 3939 3756 3940 3938 3756 3941 3940 3756 3938 3757 3743 3742 3939 3743 3942 3943 3743 3939 3942 3755 3941 3756 3744 3743 3943 3744 3943 3944 3754 3945 3941 3754 3941 3755 3745 3744 3944 3753 3945 3754 3753 3946 3945 3746 3745 3944 3746 3947 3948 3746 3944 3947 3752 3949 3946 3752 3946 3753 3747 3746 3948 3751 3949 3752 3751 3950 3949 3748 3747 3948 3748 3948 3951 3750 3952 3950 3750 3950 3751 3749 3953 3952 3749 3951 3953 3749 3952 3750 3749 3748 3951 1324 3954 1319 1319 3955 1315 3954 3955 1319 1315 3956 1308 3955 3956 1315 1308 3957 1304 3956 3957 1308 1304 3958 1300 3957 3958 1304 1300 3959 1301 3958 3959 1300 1301 3960 1306 3959 3960 1301 1306 3961 1310 3960 3961 1306 1310 3962 1313 3961 3962 1310 1313 3963 1317 3962 3963 1313 1317 3964 1321 3963 3964 1317 1321 3965 1326 3964 3965 1321 1326 3966 1297 3965 3966 1326 1297 3967 1295 3966 3967 1297 1295 3968 1293 3967 3968 1295 1293 3969 1291 3968 3969 1293 1291 3970 1289 3969 3970 1291 1289 3971 1287 3970 3971 1289 1287 3972 1285 3971 3972 1287 1285 3973 1283 3972 3973 1285 1283 3974 1280 3973 3974 1283 1280 3975 1277 3974 3975 1280 3975 3976 1277 1277 3976 1274 3976 3977 1274 1274 3977 1271 3977 3978 1271 1271 3978 1268 3978 3979 1268 1268 3979 1265 3979 3980 1265 1265 3980 1261 3980 3981 1261 1261 3981 1256 3981 3982 1256 1256 3982 1252 3982 3983 1252 1252 3983 1249 1249 3984 1254 3983 3984 1249 1254 3985 1259 3984 3985 1254 1259 3986 1263 3985 3986 1259 1263 3987 1267 3986 3987 1263 1267 3988 1270 3987 3988 1267 1270 3989 1273 3988 3989 1270 1273 3990 1276 3989 3990 1273 1276 3991 1279 3990 3991 1276 1279 3992 1282 3991 3992 1279 1282 3993 1723 3992 3993 1282 1723 3994 1722 3993 3994 1723 1722 3995 1721 3994 3995 1722 1721 3996 1720 3995 3996 1721 1720 3997 1368 3996 3997 1720 1368 3998 1369 3997 3998 1368 1369 3999 1370 3998 3999 1369 1370 4000 1371 3999 4000 1370 4000 4001 1371 1371 4001 1372 4001 4002 1372 1372 4002 1373 4002 4003 1373 1373 4003 1374 4003 4004 1374 1374 4004 1375 4004 4005 1375 1375 4005 1376 4005 4006 1376 1376 4006 1377 4006 4007 1377 1377 4007 1378 4007 4008 1378 1378 4008 1379 4008 4009 1379 1379 4009 1380 4009 4010 1380 1380 4010 1381 4010 4011 1381 1381 4011 1382 4011 4012 1382 1382 4012 1383 4012 4013 1383 1383 4013 1384 4013 4014 1384 1384 4014 1385 4014 4015 1385 1385 4015 1386 4015 4016 1386 1386 4016 1387 4016 4017 1387 1387 4017 1388 1388 4018 1389 4017 4018 1388 1389 4019 1390 4018 4019 1389 1390 4020 1391 4019 4020 1390 1391 4021 1392 4020 4021 1391 1392 4022 1393 4021 4022 1392 1393 4023 1394 4022 4023 1393 1394 4024 1395 4023 4024 1394 1395 4025 1396 4024 4025 1395 4025 4026 1396 1396 4026 1397 4026 4027 1397 1397 4027 1428 4027 4028 1428 1428 4028 1429 4028 4029 1429 1429 4029 1430 4029 4030 1430 1430 4030 1431 4030 4031 1431 1431 4031 1432 4031 4032 1432 1432 4032 1433 4032 4033 1433 1433 4033 1434 4033 4034 1434 1434 4034 1435 4034 4035 1435 1435 4035 1436 4035 4036 1436 1436 4036 1437 4036 4037 1437 1437 4037 1438 4037 4038 1438 1438 4038 1423 4038 4039 1423 1423 4039 1424 4039 4040 1424 1424 4040 1425 4040 4041 1425 1425 4041 1426 4041 4042 1426 1426 4042 1427 4042 4043 1427 1427 4043 1658 4043 4044 1658 1658 4044 1422 4044 4045 1422 1422 4045 1420 4045 4046 1420 1420 4046 1418 4046 4047 1418 1418 4047 1415 1415 4048 1413 4047 4048 1415 1413 4049 1411 4048 4049 1413 1411 4050 1409 4049 4050 1411 1409 4051 1407 4050 4051 1409 1407 4052 1404 4051 4052 1407 1404 4053 1402 4052 4053 1404 1402 4054 1400 4053 4054 1402 1400 4055 1367 4054 4055 1400 1367 4056 1365 4055 4056 1367 1365 4057 1362 4056 4057 1365 1362 4058 1363 4057 4058 1362 4058 4059 1363 4059 4060 1363 1363 4060 1361 4060 4061 1361 1361 4061 1364 4061 4062 1364 1364 4062 1366 1366 4063 1398 4062 4063 1366 1398 4064 1399 4063 4064 1398 1399 4065 1401 4064 4065 1399 1401 4066 1403 4065 4066 1401 1403 4067 1405 4066 4067 1403 1405 4068 1406 4067 4068 1405 1406 4069 1408 4068 4069 1406 1408 4070 1410 4069 4070 1408 1410 4071 1412 4070 4071 1410 1412 4072 1414 4071 4072 1412 1414 4073 1416 4072 4073 1414 1416 4074 1417 4073 4074 1416 1417 4075 1419 4074 4075 1417 1419 4076 1421 4075 4076 1419 1421 4077 1555 4076 4077 1421 1555 4078 1556 4077 4078 1555 1556 4079 1553 4078 4079 1556 1553 4080 1549 4079 4080 1553 1549 4081 1550 4080 4081 1549 1550 4082 1547 4081 4082 1550 1547 4083 1545 4082 4083 1547 1545 4084 1543 4083 4084 1545 1543 4085 1539 4084 4085 1543 4085 4086 1539 1539 4086 1540 4086 4087 1540 1540 4087 1537 4087 4088 1537 1537 4088 1534 4088 4089 1534 1534 4089 1531 4089 4090 1531 1531 4090 1532 4090 4091 1532 1532 4091 1529 4091 4092 1529 1529 4092 1525 1525 4093 1526 4092 4093 1525 1526 4094 1522 4093 4094 1526 1522 4095 1518 4094 4095 1522 1518 4096 1510 4095 4096 1518 1510 4097 1511 4096 4097 1510 1511 4098 1506 4097 4098 1511 1506 4099 1502 4098 4099 1506 1502 4100 1494 4099 4100 1502 1494 4101 1495 4100 4101 1494 1495 4102 1490 4101 4102 1495 1490 4103 1483 4102 4103 1490 1483 4104 1484 4103 4104 1483 1484 4105 1479 4104 4105 1484 1479 4106 1475 4105 4106 1479 1475 4107 1471 4106 4107 1475 1471 4108 1465 4107 4108 1471 1465 4109 1460 4108 4109 1465 1460 4110 1461 4109 4110 1460 4110 4111 1461 1461 4111 1452 4111 4112 1452 1452 4112 1453 4112 4113 1453 1453 4113 1444 4113 4114 1444 1444 4114 1445 4114 4115 1445 1445 4115 1441 4115 4116 1441 1441 4116 1442 4116 4117 1442 1442 4117 1447 4117 4118 1447 1447 4118 1448 4118 4119 1448 1448 4119 1455 4119 4120 1455 1455 4120 1359 4120 4121 1359 1359 4121 1357 4121 4122 1357 1357 4122 1355 4122 4123 1355 1355 4123 1354 4123 4124 1354 1354 4124 1352 4124 4125 1352 1352 4125 1350 4125 4126 1350 1350 4126 1348 1348 4127 1346 4126 4127 1348 1346 4128 1344 4127 4128 1346 1344 4129 1343 4128 4129 1344 1343 4130 1341 4129 4130 1343 1341 4131 1339 4130 4131 1341 1339 4132 1337 4131 4132 1339 1337 4133 1335 4132 4133 1337 1335 4134 1333 4133 4134 1335 1333 4135 1331 4134 4135 1333 4135 4136 1331 1331 4136 1329 4136 4137 1329 1329 4137 1328 4137 4138 1328 1328 4138 1327 4138 4139 1327 1327 4139 1325 4139 4140 1325 1325 4140 1323 4140 4141 1323 1323 4141 1320 4141 4142 1320 1320 4142 1316 4142 4143 1316 1316 4143 1312 4143 4144 1312 1312 4144 1309 4144 4145 1309 1309 4145 1305 4145 4146 1305 1305 4146 1302 4146 4147 1302 1302 4147 1299 4147 4148 1299 1299 4148 1303 4148 4149 1303 1303 4149 1307 4149 4150 1307 1307 4150 1311 4150 4151 1311 1311 4151 1314 4151 4152 1314 1314 4152 1318 4152 4153 1318 1318 4153 1322 4153 3954 1322 1322 3954 1324 4154 4015 4014 4155 4015 4154 4155 4016 4015 4156 4154 4014 4156 4014 4013 4157 4016 4155 4157 4017 4016 4158 4156 4013 4158 4013 4012 4159 4018 4017 4159 4017 4157 4160 4158 4012 4160 4012 4011 4161 4018 4159 4161 4019 4018 4162 4160 4011 4162 4011 4010 4163 4019 4161 4163 4020 4019 4164 4010 4009 4164 4162 4010 4165 4021 4020 4165 4020 4163 4166 4009 4008 4166 4164 4009 4167 4021 4165 4167 4022 4021 4168 4008 4007 4168 4166 4008 4169 4023 4022 4169 4022 4167 4170 4007 4006 4170 4168 4007 4171 4023 4169 4171 4024 4023 4172 4170 4006 4172 4006 4005 4173 4024 4171 4173 4025 4024 4174 4005 4004 4174 4172 4005 4175 4026 4025 4175 4025 4173 4176 4004 4003 4176 4174 4004 4177 4027 4026 4177 4026 4175 4178 4003 4002 4178 4176 4003 4179 4028 4027 4179 4027 4177 4180 4002 4001 4180 4178 4002 4181 4029 4028 4181 4028 4179 4182 4001 4000 4182 4180 4001 4183 4029 4181 4183 4030 4029 4184 4000 3999 4184 4182 4000 4185 4030 4183 4185 4031 4030 4186 3999 3998 4186 4184 3999 4187 4031 4185 4187 4032 4031 4188 3998 3997 4188 4186 3998 4189 4033 4032 4189 4032 4187 4190 3997 3996 4190 4188 3997 4191 4033 4189 4191 4034 4033 4192 4190 3996 4192 3996 3995 4193 4034 4191 4193 4035 4034 4194 4192 3995 4194 3995 3994 4195 4035 4193 4195 4036 4035 4196 3994 3993 4196 4194 3994 4197 4036 4195 4197 4037 4036 4198 3993 3992 4198 4196 3993 4199 4037 4197 4199 4038 4037 4200 3992 3991 4200 4198 3992 4201 4038 4199 4201 4039 4038 4202 3991 3990 4202 4200 3991 4203 4039 4201 4203 4040 4039 4204 3990 3989 4204 4202 3990 4205 4040 4203 4205 4041 4040 4206 3989 3988 4206 4204 3989 4207 4041 4205 4207 4042 4041 4208 3988 3987 4208 4206 3988 4209 4042 4207 4209 4043 4042 4210 3987 3986 4210 4208 3987 4211 4043 4209 4211 4044 4043 4212 3986 3985 4212 4210 3986 4213 4044 4211 4213 4045 4044 4214 4212 3985 4215 4046 4045 4215 4045 4213 3984 4214 3985 4216 4214 3984 4217 4046 4215 4047 4046 4217 3983 4218 4216 3983 4216 3984 4219 4047 4217 4048 4047 4219 4048 4219 4220 3982 4218 3983 3982 4221 4218 4049 4048 4220 4049 4220 4222 3981 4221 3982 3981 4223 4221 4050 4049 4222 4050 4222 4224 3980 4223 3981 3980 4225 4223 4051 4050 4224 4051 4224 4226 3979 4227 4225 3979 4225 3980 4052 4051 4226 4052 4226 4228 3978 4227 3979 3978 4229 4227 4053 4228 4230 4053 4052 4228 3977 4231 4229 3977 4229 3978 4054 4230 4232 4054 4053 4230 3976 4233 4231 3976 4231 3977 4055 4232 4234 4055 4054 4232 3975 4235 4233 3975 4233 3976 4056 4234 4236 4056 4055 4234 3974 4237 4235 3974 4235 3975 4057 4056 4236 4057 4236 4238 3973 4239 4237 3973 4237 3974 4058 4057 4238 4058 4238 4240 3972 4239 3973 3972 4241 4239 4059 4242 4243 4059 4244 4242 4059 4245 4244 4059 4246 4245 4059 4240 4246 4059 4058 4240 3971 4241 3972 3971 4247 4241 3970 4248 4247 3970 4247 3971 3969 4249 4248 3969 4248 3970 3968 4250 4249 3968 4249 3969 3967 4251 4250 3967 4250 3968 3966 4252 4251 3966 4251 3967 3965 4253 4252 3965 4252 3966 3964 4253 3965 3964 4254 4253 3963 4254 3964 3963 4255 4254 4256 4059 4257 4258 4059 4243 4258 4257 4059 4259 4059 4256 4260 4258 4243 4260 4243 4261 4262 4059 4259 4263 4260 4261 4263 4261 4264 4265 4059 4262 4266 4263 4264 4266 4264 4267 4268 4059 4265 4269 4266 4267 3962 4270 4255 3962 4255 3963 4271 4059 4268 4272 4269 4267 4272 4267 4273 4274 4059 4271 4275 4272 4273 4275 4273 4276 4277 4060 4059 4277 4059 4274 4278 4276 4279 4278 4275 4276 4280 4061 4060 4280 4060 4277 3961 4270 3962 3961 4281 4270 4282 4278 4279 4282 4279 4283 4284 4062 4061 4284 4061 4280 4285 4282 4283 4286 4063 4062 4286 4062 4284 3960 4281 3961 3960 4287 4281 4288 4283 4289 4288 4285 4283 4290 4064 4063 4290 4063 4286 4291 4289 4292 4291 4288 4289 3959 4293 4287 3959 4287 3960 4294 4064 4290 4294 4065 4064 4295 4291 4292 4295 4292 4296 4297 4066 4065 4297 4065 4294 3958 4298 4293 3958 4293 3959 4299 4296 4300 4299 4295 4296 4301 4067 4066 4301 4066 4297 3957 4302 4298 3957 4298 3958 4303 4299 4300 4304 4068 4067 4304 4067 4301 3956 4305 4302 3956 4302 3957 4306 4300 4307 4306 4303 4300 3955 4308 4305 3955 4305 3956 4309 4069 4068 4309 4068 4304 3954 4308 3955 3954 4310 4308 3954 4311 4310 3954 4312 4311 3954 4313 4312 3954 4307 4313 3954 4306 4307 4314 4306 3954 4315 4069 4309 4315 4070 4069 4316 4314 3954 4317 4071 4070 4317 4070 4315 4318 4316 3954 4319 4072 4071 4319 4071 4317 4320 4318 3954 4321 4072 4319 4321 4073 4072 4322 4320 3954 4323 4074 4073 4323 4073 4321 4324 4322 3954 4325 4075 4074 4325 4074 4323 4326 4324 3954 4327 4076 4075 4327 4075 4325 4328 4326 3954 4328 3954 4153 4329 4077 4076 4329 4076 4327 4330 4328 4153 4330 4153 4152 4331 4078 4077 4331 4077 4329 4332 4330 4152 4332 4152 4151 4333 4079 4078 4333 4078 4331 4334 4332 4151 4334 4151 4150 4335 4080 4079 4335 4079 4333 4336 4334 4150 4336 4150 4149 4337 4081 4080 4337 4080 4335 4338 4336 4149 4338 4149 4148 4339 4082 4081 4339 4081 4337 4340 4338 4148 4147 4340 4148 4341 4083 4082 4341 4082 4339 4342 4340 4147 4343 4083 4341 4084 4083 4343 4146 4344 4342 4146 4342 4147 4345 4084 4343 4085 4084 4345 4085 4345 4346 4145 4347 4344 4145 4344 4146 4086 4085 4346 4086 4346 4348 4144 4349 4347 4144 4347 4145 4087 4086 4348 4087 4348 4350 4143 4351 4349 4143 4349 4144 4088 4087 4350 4088 4350 4352 4142 4351 4143 4142 4353 4351 4089 4352 4354 4089 4088 4352 4141 4355 4353 4141 4353 4142 4090 4354 4356 4090 4089 4354 4140 4357 4355 4140 4355 4141 4091 4090 4356 4091 4356 4358 4139 4359 4357 4139 4357 4140 4092 4358 4360 4092 4091 4358 4138 4361 4359 4138 4359 4139 4093 4360 4362 4093 4092 4360 4137 4363 4361 4137 4361 4138 4094 4093 4362 4094 4362 4364 4136 4365 4363 4136 4363 4137 4095 4094 4364 4095 4364 4366 4135 4365 4136 4135 4367 4365 4096 4366 4368 4096 4095 4366 4134 4367 4135 4134 4369 4367 4097 4368 4370 4097 4096 4368 4133 4371 4369 4133 4369 4134 4098 4370 4372 4098 4097 4370 4132 4373 4371 4132 4371 4133 4099 4372 4374 4099 4098 4372 4131 4375 4373 4131 4373 4132 4100 4374 4376 4100 4099 4374 4130 4375 4131 4130 4377 4375 4101 4376 4378 4101 4100 4376 4129 4379 4377 4129 4377 4130 4102 4378 4380 4102 4101 4378 4128 4381 4379 4128 4379 4129 4103 4102 4380 4103 4380 4382 4127 4383 4381 4127 4381 4128 4104 4103 4382 4104 4382 4384 4126 4385 4383 4126 4383 4127 4105 4104 4384 4105 4384 4386 4125 4385 4126 4125 4387 4385 4106 4105 4386 4106 4386 4388 4124 4389 4387 4124 4387 4125 4107 4106 4388 4107 4388 4390 4123 4391 4389 4123 4389 4124 4108 4107 4390 4108 4390 4392 4122 4393 4391 4122 4391 4123 4109 4108 4392 4109 4392 4394 4121 4393 4122 4121 4395 4393 4110 4394 4396 4110 4109 4394 4120 4395 4121 4120 4397 4395 4111 4110 4396 4111 4396 4398 4119 4397 4120 4119 4399 4397 4112 4398 4400 4112 4111 4398 4118 4401 4399 4118 4399 4119 4113 4400 4402 4113 4112 4400 4117 4403 4401 4117 4401 4118 4114 4402 4404 4114 4113 4402 4116 4405 4403 4116 4403 4117 4115 4404 4405 4115 4114 4404 4115 4405 4116 4406 4407 1497 1497 4407 1500 1500 4408 1504 4407 4408 1500 1504 4409 1508 4408 4409 1504 1508 4410 1513 1513 4410 1516 4409 4410 1508 4410 4411 1516 1516 4412 1520 4411 4412 1516 1520 4413 1589 4412 4413 1520 1589 4414 1591 1591 4414 1593 4413 4414 1589 4414 4415 1593 1593 4416 1595 1595 4416 1597 4415 4416 1593 4416 4417 1597 4417 4418 1597 1597 4418 1599 4418 4419 1599 1599 4419 1605 4419 4420 1605 1605 4420 1609 4420 4421 1609 1609 4421 1614 4421 4422 1614 1614 4422 1618 4422 4423 1618 1618 4423 1622 4423 4424 1622 1622 4424 1627 4424 4425 1627 1627 4425 1631 1631 4425 1635 4425 4426 1635 1635 4426 1639 4426 4427 1639 4427 4428 1639 1639 4428 1643 1643 4429 1644 4428 4429 1643 1644 4430 1649 4429 4430 1644 1649 4431 1653 4430 4431 1649 1653 4432 1656 4431 4432 1653 1656 4433 1660 1660 4433 1663 4432 4433 1656 1663 4434 1248 4433 4434 1663 4434 4435 1248 1248 4436 1247 1247 4436 1246 4435 4436 1248 4436 4437 1246 1246 4438 1245 1245 4438 1244 4437 4438 1246 4438 4439 1244 1244 4440 1242 1242 4440 1239 4439 4440 1244 1239 4441 1236 4440 4441 1239 4441 4442 1236 4442 4443 1236 1236 4443 1233 1233 4443 1230 4443 4444 1230 1230 4444 1227 4444 4445 1227 4445 4446 1227 1227 4446 1224 1224 4446 1222 4446 4447 1222 1222 4447 1219 4447 4448 1219 4448 4449 1219 1219 4449 1216 1216 4449 1213 4449 4450 1213 4450 4451 1213 1213 4451 1210 4451 4452 1210 1210 4452 1207 4452 4453 1207 1207 4453 1205 4453 4454 1205 1205 4454 1202 4454 4455 1202 1202 4455 1199 4455 4456 1199 1199 4456 1196 4456 4457 1196 1196 4457 1193 4457 4458 1193 1193 4458 1191 4458 4459 1191 1191 4459 1188 4459 4460 1188 1188 4460 1185 1185 4460 1182 4460 4461 1182 4461 4462 1182 1182 4462 1180 4462 4463 1180 1180 4463 1177 1177 4463 1174 4463 4464 1174 1174 4465 1171 4464 4465 1174 1171 4466 1169 1169 4466 1166 4465 4466 1171 4466 4467 1166 4467 4468 1166 1166 4468 1163 4468 4469 1163 1163 4469 1160 4469 4470 1160 1160 4470 1158 4470 4471 1158 1158 4471 1155 4471 4472 1155 1155 4472 1152 4472 4473 1152 1152 4473 1149 4473 4474 1149 1149 4474 1145 4474 4475 1145 1145 4475 1141 4475 4476 1141 1141 4476 1137 4476 4477 1137 1137 4477 1134 4477 4478 1134 1134 4478 1131 4478 4479 1131 1131 4479 1127 1127 4480 1123 1123 4480 1120 4479 4480 1127 4480 4481 1120 1120 4482 1116 4481 4482 1120 1116 4483 1112 4482 4483 1116 1112 4484 1109 4483 4484 1112 1109 4485 1106 4484 4485 1109 1106 4486 1110 4485 4486 1106 1110 4487 1114 1114 4487 1118 4486 4487 1110 4487 4488 1118 1118 4489 1122 4488 4489 1118 1122 4490 1125 4489 4490 1122 1125 4491 1129 4490 4491 1125 1129 4492 1132 4491 4492 1129 1132 4493 1136 1136 4493 1139 4492 4493 1132 4493 4494 1139 4494 4495 1139 1139 4495 1143 4495 4496 1143 1143 4496 1147 4496 4497 1147 1147 4497 1151 1151 4498 1153 4497 4498 1151 1153 4499 1156 4498 4499 1153 1156 4500 1159 4499 4500 1156 1159 4501 1161 4500 4501 1159 1161 4502 1164 1164 4502 1167 4501 4502 1161 4502 4503 1167 1167 4504 1170 4503 4504 1167 1170 4505 1172 4504 4505 1170 1172 4506 1175 4505 4506 1172 1175 4507 1178 4506 4507 1175 1178 4508 1181 4507 4508 1178 1181 4509 1183 1183 4509 1186 4508 4509 1181 4509 4510 1186 1186 4511 1189 4510 4511 1186 1189 4512 1192 1192 4512 1194 4511 4512 1189 4512 4513 1194 1194 4514 1197 1197 4514 1200 4513 4514 1194 4514 4515 1200 1200 4515 1203 4515 4516 1203 1203 4517 1206 4516 4517 1203 4517 4518 1206 1206 4518 1208 1208 4518 1211 4518 4519 1211 1211 4519 1214 4519 4520 1214 4520 4521 1214 1214 4521 1217 1217 4521 1220 4521 4522 1220 4522 4523 1220 1220 4523 1223 4523 4524 1223 1223 4524 1225 1225 4524 1228 4524 4525 1228 4525 4526 1228 1228 4526 1231 1231 4526 1234 4526 4527 1234 4527 4528 1234 1234 4528 1237 4528 4529 1237 1237 4529 1240 1240 4530 1243 4529 4530 1240 1243 4531 1492 1492 4531 1497 4530 4531 1243 4531 4406 1497 4532 4516 4515 4533 4517 4516 4533 4516 4532 4534 4515 4514 4534 4532 4515 4535 4518 4517 4535 4517 4533 4536 4514 4513 4536 4534 4514 4537 4519 4518 4537 4518 4535 4538 4536 4513 4538 4513 4512 4539 4520 4519 4539 4519 4537 4540 4512 4511 4540 4538 4512 4541 4521 4520 4541 4520 4539 4542 4511 4510 4542 4540 4511 4543 4522 4521 4543 4521 4541 4544 4510 4509 4544 4542 4510 4545 4523 4522 4545 4522 4543 4546 4509 4508 4546 4544 4509 4547 4524 4523 4547 4523 4545 4548 4508 4507 4548 4546 4508 4549 4525 4524 4549 4524 4547 4550 4507 4506 4550 4548 4507 4551 4526 4525 4551 4525 4549 4552 4550 4506 4552 4506 4505 4553 4527 4526 4553 4526 4551 4554 4552 4505 4554 4505 4504 4555 4528 4527 4555 4527 4553 4556 4554 4504 4556 4504 4503 4557 4528 4555 4557 4529 4528 4558 4556 4503 4558 4503 4502 4559 4529 4557 4559 4530 4529 4560 4502 4501 4560 4558 4502 4561 4531 4530 4561 4530 4559 4562 4560 4501 4562 4501 4500 4563 4406 4531 4563 4531 4561 4564 4562 4500 4564 4500 4499 4565 4407 4406 4565 4406 4563 4566 4564 4499 4566 4499 4498 4567 4408 4407 4567 4407 4565 4568 4566 4498 4568 4498 4497 4569 4409 4408 4569 4408 4567 4570 4568 4497 4570 4497 4496 4571 4410 4409 4571 4409 4569 4572 4570 4496 4572 4496 4495 4573 4411 4410 4573 4410 4571 4574 4572 4495 4574 4495 4494 4575 4412 4411 4575 4411 4573 4576 4574 4494 4577 4413 4412 4577 4412 4575 4578 4576 4494 4578 4493 4492 4578 4494 4493 4579 4414 4413 4579 4413 4577 4580 4578 4492 4581 4415 4414 4581 4414 4579 4582 4491 4490 4582 4492 4491 4582 4580 4492 4583 4416 4415 4583 4415 4581 4584 4582 4490 4584 4490 4489 4585 4417 4416 4585 4416 4583 4586 4584 4489 4587 4418 4417 4587 4417 4585 4588 4586 4489 4588 4488 4487 4588 4489 4488 4589 4419 4418 4589 4418 4587 4590 4588 4487 4591 4420 4419 4591 4419 4589 4592 4590 4487 4592 4487 4486 4593 4421 4420 4593 4420 4591 4485 4592 4486 4594 4592 4485 4422 4593 4595 4422 4421 4593 4596 4422 4595 4484 4597 4594 4484 4594 4485 4423 4422 4596 4423 4596 4598 4483 4599 4597 4483 4597 4484 4424 4423 4598 4424 4598 4600 4482 4599 4483 4482 4601 4599 4425 4424 4600 4481 4601 4482 4481 4602 4601 4426 4425 4600 4426 4600 4603 4480 4602 4481 4480 4604 4602 4427 4426 4603 4427 4605 4606 4427 4603 4605 4479 4604 4480 4479 4607 4604 4428 4427 4606 4428 4606 4608 4478 4609 4607 4478 4607 4479 4429 4428 4608 4477 4610 4609 4477 4609 4478 4430 4611 4612 4430 4608 4611 4430 4429 4608 4476 4613 4610 4476 4610 4477 4431 4430 4612 4431 4612 4614 4475 4613 4476 4475 4615 4613 4432 4431 4614 4474 4616 4615 4474 4615 4475 4433 4432 4614 4433 4614 4617 4473 4616 4474 4473 4618 4616 4434 4433 4617 4434 4617 4619 4472 4618 4473 4472 4620 4618 4435 4619 4621 4435 4434 4619 4471 4622 4620 4471 4620 4472 4436 4623 4624 4436 4621 4623 4436 4435 4621 4470 4625 4622 4470 4622 4471 4437 4436 4624 4469 4626 4625 4469 4625 4470 4438 4624 4627 4438 4437 4624 4468 4628 4626 4468 4626 4469 4439 4438 4627 4439 4629 4630 4439 4627 4629 4467 4631 4628 4467 4628 4468 4440 4439 4630 4466 4632 4631 4466 4633 4632 4466 4631 4467 4441 4440 4630 4441 4630 4634 4465 4633 4466 4442 4441 4634 4442 4635 4636 4442 4634 4635 4464 4633 4465 4464 4637 4633 4443 4442 4636 4443 4636 4638 4463 4639 4637 4463 4637 4464 4444 4443 4638 4462 4639 4463 4462 4640 4639 4445 4641 4642 4445 4638 4641 4445 4444 4638 4461 4643 4640 4461 4640 4462 4446 4445 4642 4460 4643 4461 4460 4644 4643 4447 4446 4642 4447 4642 4645 4459 4644 4460 4459 4646 4644 4459 4647 4646 4448 4447 4645 4448 4648 4649 4448 4645 4648 4458 4647 4459 4458 4650 4647 4449 4448 4649 4457 4650 4458 4450 4449 4649 4450 4649 4651 4456 4650 4457 4456 4652 4650 4451 4450 4651 4451 4651 4653 4455 4652 4456 4455 4654 4652 4452 4653 4655 4452 4451 4653 4454 4656 4654 4454 4654 4455 4453 4657 4656 4453 4655 4657 4453 4656 4454 4453 4452 4655 4658 4659 1603 1603 4659 1600 1600 4660 1606 4659 4660 1600 1606 4661 1610 4660 4661 1606 1610 4662 1615 4661 4662 1610 1615 4663 1619 4662 4663 1615 1619 4664 1623 4663 4664 1619 1623 4665 1628 4664 4665 1623 1628 4666 1632 4665 4666 1628 1632 4667 1636 4666 4667 1632 1636 4668 1640 4667 4668 1636 1640 4669 1645 4668 4669 1640 1645 4670 1650 4669 4670 1645 1650 4671 1654 4670 4671 1650 1654 4672 1657 4671 4672 1654 1657 4673 1661 4672 4673 1657 1661 4674 1664 4673 4674 1661 1664 4675 1671 4674 4675 1664 1671 4676 1672 4675 4676 1671 1672 4677 1673 4676 4677 1672 1673 4678 1674 4677 4678 1673 1674 4679 1675 4678 4679 1674 4679 4680 1675 1675 4680 1676 4680 4681 1676 1676 4681 1677 4681 4682 1677 1677 4682 1678 4682 4683 1678 1678 4683 1679 4683 4684 1679 1679 4684 1680 4684 4685 1680 1680 4685 1681 4685 4686 1681 1681 4686 1682 4686 4687 1682 1682 4687 1683 1683 4688 1684 4687 4688 1683 1684 4689 1685 4688 4689 1684 1685 4690 1686 4689 4690 1685 1686 4691 1687 4690 4691 1686 1687 4692 1688 4691 4692 1687 1688 4693 1689 4692 4693 1688 1689 4694 1690 4693 4694 1689 1690 4695 1691 4694 4695 1690 1691 4696 1692 4695 4696 1691 1692 4697 1693 4696 4697 1692 1693 4698 1694 4697 4698 1693 1694 4699 1695 4698 4699 1694 1695 4700 1696 4699 4700 1695 1696 4701 1697 4700 4701 1696 1697 4702 1698 4701 4702 1697 1698 4703 1699 4702 4703 1698 1699 4704 1700 4703 4704 1699 4704 4705 1700 1700 4705 1701 4705 4706 1701 1701 4706 1702 4706 4707 1702 1702 4707 1703 4707 4708 1703 1703 4708 1704 4708 4709 1704 1704 4709 1705 4709 4710 1705 1705 4710 1706 4710 4711 1706 1706 4711 1707 4711 4712 1707 1707 4712 1708 4712 4713 1708 1708 4713 1709 4713 4714 1709 1709 4714 1710 4714 4715 1710 1710 4715 1711 4715 4716 1711 1711 4716 1712 4716 4717 1712 1712 4717 1713 4717 4718 1713 1713 4718 1714 4718 4719 1714 1714 4719 1715 4719 4720 1715 1715 4720 1716 4720 4721 1716 1716 4721 1717 4721 4722 1717 1717 4722 1718 1718 4723 1719 4722 4723 1718 1719 4724 1670 4723 4724 1719 1670 4725 1669 4724 4725 1670 1669 4726 1668 4725 4726 1669 1668 4727 1667 4726 4727 1668 1667 4728 1666 4727 4728 1667 1666 4729 1665 4728 4729 1666 4729 4730 1665 1665 4730 1662 4730 4731 1662 1662 4731 1659 4731 4732 1659 1659 4732 1655 4732 4733 1655 1655 4733 1652 4733 4734 1652 1652 4734 1648 4734 4735 1648 1648 4735 1642 4735 4736 1642 1642 4736 1638 4736 4737 1638 1638 4737 1634 4737 4738 1634 1634 4738 1630 4738 4739 1630 1630 4739 1626 4739 4740 1626 1626 4740 1621 4740 4741 1621 1621 4741 1617 4741 4742 1617 1617 4742 1613 4742 4743 1613 1613 4743 1608 4743 4744 1608 1608 4744 1604 4744 4745 1604 1604 4745 1598 4745 4746 1598 1598 4746 1596 4746 4747 1596 1596 4747 1594 4747 4748 1594 1594 4748 1592 4748 4749 1592 1592 4749 1590 4749 4750 1590 1590 4750 1588 4750 4751 1588 1588 4751 1586 4751 4752 1586 1586 4752 1583 1583 4753 1581 4752 4753 1583 1581 4754 1579 4753 4754 1581 1579 4755 1577 4754 4755 1579 4755 4756 1577 1577 4756 1575 1575 4757 1572 4756 4757 1575 1572 4758 1570 4757 4758 1572 1570 4759 1568 4758 4759 1570 1568 4760 1565 4759 4760 1568 1565 4761 1563 4760 4761 1565 1563 4762 1559 4761 4762 1563 4762 4763 1559 1559 4763 1560 1560 4763 1561 4763 4764 1561 1561 4764 1562 4764 4765 1562 1562 4765 1564 1564 4766 1566 4765 4766 1564 1566 4767 1567 4766 4767 1566 1567 4768 1569 4767 4768 1567 1569 4769 1571 4768 4769 1569 1571 4770 1573 4769 4770 1571 1573 4771 1574 4770 4771 1573 1574 4772 1576 4771 4772 1574 1576 4773 1578 4772 4773 1576 1578 4774 1580 4773 4774 1578 1580 4775 1582 4774 4775 1580 1582 4776 1584 4775 4776 1582 1584 4777 1585 4776 4777 1584 1585 4778 1587 4777 4778 1585 1587 4779 1523 4778 4779 1587 1523 4780 1519 4779 4780 1523 1519 4781 1515 4780 4781 1519 1515 4782 1512 4781 4782 1515 1512 4783 1507 4782 4783 1512 1507 4784 1503 4783 4784 1507 1503 4785 1499 4784 4785 1503 1499 4786 1496 4785 4786 1499 1496 4787 1491 4786 4787 1496 1491 4788 1488 4787 4788 1491 1488 4789 1485 4788 4789 1488 4789 4790 1485 1485 4790 1480 4790 4791 1480 1480 4791 1476 4791 4792 1476 1476 4792 1472 4792 4793 1472 1472 4793 1469 4793 4794 1469 1469 4794 1466 4794 4795 1466 1466 4795 1462 4795 4796 1462 1462 4796 1457 1457 4797 1454 4796 4797 1457 1454 4798 1450 4797 4798 1454 1450 4799 1446 4798 4799 1450 1446 4800 1439 4799 4800 1446 1439 4801 1440 4800 4801 1439 1440 4802 1443 4801 4802 1440 1443 4803 1449 4802 4803 1443 1449 4804 1451 4803 4804 1449 1451 4805 1456 4804 4805 1451 1456 4806 1459 4805 4806 1456 1459 4807 1464 4806 4807 1459 1464 4808 1468 4807 4808 1464 1468 4809 1470 4808 4809 1468 1470 4810 1474 4809 4810 1470 1474 4811 1478 4810 4811 1474 1478 4812 1482 4811 4812 1478 1482 4813 1487 4812 4813 1482 4813 4814 1487 1487 4814 1489 4814 4815 1489 1489 4815 1493 4815 4816 1493 1493 4816 1498 4816 4817 1498 1498 4817 1501 4817 4818 1501 1501 4818 1505 4818 4819 1505 1505 4819 1509 4819 4820 1509 1509 4820 1514 4820 4821 1514 1514 4821 1517 4821 4822 1517 1517 4822 1521 4822 4823 1521 1521 4823 1524 4823 4824 1524 1524 4824 1527 4824 4825 1527 1527 4825 1528 4825 4826 1528 1528 4826 1530 4826 4827 1530 1530 4827 1533 4827 4828 1533 1533 4828 1535 4828 4829 1535 1535 4829 1536 1536 4830 1538 4829 4830 1536 4830 4831 1538 1538 4831 1541 1541 4832 1542 4831 4832 1541 1542 4833 1544 4832 4833 1542 1544 4834 1546 4833 4834 1544 1546 4835 1548 4834 4835 1546 1548 4836 1551 4835 4836 1548 1551 4837 1552 4836 4837 1551 1552 4838 1554 4837 4838 1552 1554 4839 1557 4838 4839 1554 4839 4840 1557 1557 4840 1558 4840 4841 1558 1558 4841 1651 4841 4842 1651 1651 4842 1646 4842 4843 1646 1646 4843 1647 4843 4844 1647 1647 4844 1641 4844 4845 1641 1641 4845 1637 4845 4846 1637 1637 4846 1633 4846 4847 1633 1633 4847 1629 4847 4848 1629 1629 4848 1624 4848 4849 1624 1624 4849 1625 4849 4850 1625 1625 4850 1620 4850 4851 1620 1620 4851 1616 4851 4852 1616 1616 4852 1611 4852 4853 1611 1611 4853 1612 4853 4854 1612 1612 4854 1607 4854 4855 1607 1607 4855 1601 4855 4856 1601 1601 4856 1602 4856 4857 1602 1602 4857 1603 4857 4658 1603 4858 4834 4833 4859 4835 4834 4859 4834 4858 4860 4833 4832 4860 4858 4833 4861 4835 4859 4861 4836 4835 4862 4860 4832 4862 4832 4831 4863 4837 4836 4863 4836 4861 4864 4862 4831 4864 4831 4830 4865 4837 4863 4865 4838 4837 4866 4830 4829 4866 4864 4830 4867 4839 4838 4867 4838 4865 4868 4829 4828 4868 4866 4829 4869 4839 4867 4869 4840 4839 4870 4868 4828 4870 4828 4827 4871 4841 4840 4871 4840 4869 4872 4827 4826 4872 4870 4827 4873 4842 4841 4873 4841 4871 4874 4872 4826 4874 4826 4825 4875 4843 4842 4875 4842 4873 4876 4874 4825 4876 4825 4824 4877 4844 4843 4877 4843 4875 4878 4876 4824 4878 4824 4823 4879 4845 4844 4879 4844 4877 4880 4878 4823 4880 4823 4822 4881 4845 4879 4881 4846 4845 4882 4880 4822 4882 4822 4821 4883 4846 4881 4883 4847 4846 4884 4882 4821 4884 4821 4820 4885 4847 4883 4885 4848 4847 4886 4884 4820 4886 4820 4819 4887 4848 4885 4887 4849 4848 4888 4819 4818 4888 4886 4819 4889 4849 4887 4889 4850 4849 4890 4888 4818 4890 4818 4817 4891 4851 4850 4891 4850 4889 4892 4817 4816 4892 4890 4817 4893 4851 4891 4893 4852 4851 4894 4892 4816 4894 4816 4815 4895 4852 4893 4895 4853 4852 4896 4815 4814 4896 4894 4815 4897 4853 4895 4897 4854 4853 4898 4896 4814 4898 4814 4813 4899 4854 4897 4899 4855 4854 4900 4813 4812 4900 4898 4813 4901 4855 4899 4901 4856 4855 4902 4812 4811 4902 4900 4812 4903 4856 4901 4903 4857 4856 4904 4811 4810 4904 4902 4811 4905 4658 4857 4905 4857 4903 4906 4810 4809 4906 4904 4810 4907 4658 4905 4908 4809 4808 4908 4906 4809 4909 4658 4907 4910 4808 4807 4910 4908 4808 4911 4658 4909 4912 4807 4806 4912 4910 4807 4913 4658 4911 4914 4912 4806 4914 4806 4805 4915 4658 4913 4916 4914 4805 4916 4805 4804 4917 4658 4915 4918 4916 4804 4918 4804 4803 4919 4658 4917 4920 4918 4803 4802 4920 4803 4921 4658 4919 4922 4920 4802 4923 4671 4670 4924 4672 4671 4924 4671 4923 4925 4670 4669 4925 4923 4670 4926 4673 4672 4926 4672 4924 4927 4658 4921 4928 4669 4668 4928 4925 4669 4929 4674 4673 4929 4673 4926 4930 4668 4667 4930 4928 4668 4931 4675 4674 4931 4674 4929 4801 4922 4802 4932 4922 4801 4933 4667 4666 4933 4930 4667 4934 4676 4675 4934 4675 4931 4935 4666 4665 4935 4933 4666 4936 4677 4676 4936 4676 4934 4937 4665 4664 4937 4935 4665 4938 4678 4677 4938 4677 4936 4939 4664 4663 4939 4937 4664 4940 4679 4678 4940 4678 4938 4941 4939 4663 4941 4663 4662 4800 4942 4932 4800 4932 4801 4943 4680 4679 4943 4679 4940 4944 4941 4662 4944 4662 4661 4945 4681 4680 4945 4680 4943 4946 4944 4661 4946 4661 4660 4947 4681 4945 4947 4682 4681 4799 4948 4942 4799 4942 4800 4949 4946 4660 4949 4660 4659 4950 4682 4947 4950 4683 4682 4951 4949 4659 4951 4659 4658 4952 4683 4950 4952 4684 4683 4953 4951 4658 4798 4954 4948 4798 4948 4799 4955 4685 4684 4955 4684 4952 4956 4953 4658 4957 4686 4685 4957 4685 4955 4958 4956 4658 4797 4959 4954 4797 4954 4798 4960 4687 4686 4960 4686 4957 4961 4958 4658 4962 4688 4687 4962 4687 4960 4796 4963 4959 4796 4959 4797 4964 4658 4927 4964 4927 4965 4964 4961 4658 4966 4689 4688 4966 4688 4962 4967 4965 4968 4967 4964 4965 4795 4969 4963 4795 4963 4796 4970 4689 4966 4970 4690 4689 4971 4968 4972 4971 4967 4968 4973 4690 4970 4973 4691 4690 4794 4974 4969 4794 4969 4795 4975 4971 4972 4975 4976 4977 4975 4972 4976 4978 4692 4691 4978 4691 4973 4979 4977 4980 4979 4975 4977 4793 4981 4974 4793 4974 4794 4982 4693 4692 4982 4692 4978 4983 4980 4984 4983 4979 4980 4792 4981 4793 4792 4985 4981 4986 4694 4693 4986 4693 4982 4987 4984 4988 4987 4983 4984 4989 4695 4694 4989 4694 4986 4791 4990 4985 4791 4985 4792 4991 4992 4993 4991 4988 4992 4991 4987 4988 4994 4696 4695 4994 4695 4989 4790 4995 4990 4790 4990 4791 4996 4991 4993 4996 4993 4997 4998 4697 4696 4998 4696 4994 4789 4999 4995 4789 4995 4790 5000 4997 5001 5000 4996 4997 5002 4698 4697 5002 4697 4998 5003 5000 5001 5003 5001 5004 4788 5005 4999 4788 4999 4789 5006 4698 5002 5006 4699 4698 4787 5007 5005 4787 5005 4788 5008 5009 5010 5008 5004 5009 5008 5003 5004 5011 4699 5006 5011 4700 4699 4786 5007 4787 4786 5012 5007 5013 5008 5010 5014 4700 5011 5014 4701 4700 4785 5015 5012 4785 5012 4786 5016 4701 5014 4784 5017 5015 4784 5015 4785 4702 4701 5016 4783 5018 5017 4783 5017 4784 5019 4702 5016 4782 5020 5018 4782 5018 4783 4781 5021 5020 4781 5020 4782 4703 4702 5019 4703 5019 5022 4780 5023 5021 4780 5021 4781 4779 5024 5023 4779 5023 4780 4778 5025 5024 4778 5024 4779 4763 5026 5027 4763 5028 5026 4763 5029 5028 4763 5030 5029 4763 5031 5030 4763 5013 5010 4763 5032 5031 4763 5033 5032 4763 5010 5033 4763 5034 5013 4763 5035 5034 4763 5036 5035 4763 5037 5036 4763 5038 5037 4704 5022 5039 4704 4703 5022 4777 5040 5025 4777 5025 4778 4764 5027 5041 4764 4763 5027 4776 5042 5040 4776 5040 4777 4765 5041 5043 4765 4764 5041 4775 5044 5042 4775 5042 4776 4766 5043 5045 4766 4765 5043 4774 5046 5044 4774 5044 4775 4767 5045 5047 4767 4766 5045 4773 5046 4774 4773 5048 5046 4768 4767 5047 4768 5047 5049 4772 5050 5048 4772 5048 4773 4769 5049 5051 4769 4768 5049 4771 5052 5050 4771 5050 4772 4770 4769 5051 4770 5051 5052 4770 5052 4771 4762 5053 5038 4762 5038 4763 4705 4704 5039 4705 5039 5054 4761 5053 4762 4761 5055 5053 4706 4705 5054 4706 5054 5056 4760 5057 5055 4760 5055 4761 4707 4706 5056 4707 5056 5058 4759 5057 4760 4759 5059 5057 4708 4707 5058 4708 5058 5060 4758 5061 5059 4758 5059 4759 4709 5060 5062 4709 4708 5060 4757 5061 4758 4757 5063 5061 4710 5062 5064 4710 4709 5062 4756 5063 4757 4756 5065 5063 4711 5064 5066 4711 4710 5064 4755 5065 4756 4755 5067 5065 4712 4711 5066 4712 5066 5068 4754 5069 5067 4754 5067 4755 4713 4712 5068 4713 5068 5070 4753 5071 5069 4753 5069 4754 4714 4713 5070 4714 5070 5072 4752 5071 4753 4752 5073 5071 4715 5072 5074 4715 4714 5072 4751 5075 5073 4751 5073 4752 4716 5074 5076 4716 4715 5074 4750 5077 5075 4750 5075 4751 4717 5076 5078 4717 4716 5076 4749 5079 5077 4749 5077 4750 4718 5078 5080 4718 4717 5078 4748 5081 5079 4748 5079 4749 4719 4718 5080 4719 5080 5082 4747 5083 5081 4747 5081 4748 4720 5082 5084 4720 4719 5082 4746 5085 5083 4746 5083 4747 4721 4720 5084 4721 5084 5086 4745 5087 5085 4745 5085 4746 4722 5086 5088 4722 4721 5086 4744 5089 5087 4744 5087 4745 4723 4722 5088 4723 5088 5090 4743 5091 5089 4743 5089 4744 4724 4723 5090 4724 5090 5092 4742 5093 5091 4742 5091 4743 4725 4724 5092 4725 5092 5094 4741 5093 4742 4741 5095 5093 4726 4725 5094 4726 5094 5096 4740 5095 4741 4740 5097 5095 4727 4726 5096 4727 5096 5098 4739 5099 5097 4739 5097 4740 4728 4727 5098 4728 5098 5100 4738 5101 5099 4738 5099 4739 4729 4728 5100 4729 5100 5102 4737 5101 4738 4737 5103 5101 4730 4729 5102 4730 5102 5104 4736 5105 5103 4736 5103 4737 4731 4730 5104 4731 5104 5106 4735 5105 4736 4735 5107 5105 4732 4731 5106 4732 5106 5108 4734 5109 5107 4734 5107 4735 4733 5108 5109 4733 4732 5108 4733 5109 4734 5110 5111 1360 1360 5111 1458 1458 5112 1463 5111 5112 1458 1463 5113 1467 5112 5113 1463 1467 5114 1473 1473 5114 1477 5113 5114 1467 5114 5115 1477 1477 5116 1481 1481 5116 1486 5115 5116 1477 5116 5117 1486 1486 5118 1241 5117 5118 1486 1241 5119 1238 5118 5119 1241 1238 5120 1235 5119 5120 1238 5120 5121 1235 1235 5121 1232 5121 5122 1232 1232 5122 1229 1229 5122 1226 5122 5123 1226 1226 5123 1221 5123 5124 1221 5124 5125 1221 1221 5125 1218 5125 5126 1218 1218 5126 1215 1215 5126 1212 5126 5127 1212 5127 5128 1212 1212 5128 1209 5128 5129 1209 1209 5129 1204 5129 5130 1204 1204 5130 1201 5130 5131 1201 1201 5131 1198 5131 5132 1198 1198 5132 1195 1195 5132 1190 5132 5133 1190 1190 5134 1187 5133 5134 1190 1187 5135 1184 1184 5135 1179 5134 5135 1187 1179 5136 1176 5135 5136 1179 5136 5137 1176 1176 5138 1173 5137 5138 1176 1173 5139 1168 5138 5139 1173 1168 5140 1165 1165 5140 1162 5139 5140 1168 5140 5141 1162 1162 5142 1157 5141 5142 1162 1157 5143 1154 1154 5143 1148 5142 5143 1157 5143 5144 1148 1148 5145 1144 5144 5145 1148 1144 5146 1140 5145 5146 1144 5146 5147 1140 1140 5147 1133 5147 5148 1133 1133 5148 1130 5148 5149 1130 1130 5149 1126 5149 5150 1126 1126 5150 1119 5150 5151 1119 1119 5151 1115 5151 5152 1115 1115 5152 1111 5152 5153 1111 1111 5153 1107 5153 5154 1107 1107 5154 1108 5154 5155 1108 1108 5155 1113 5155 5156 1113 1113 5156 1117 1117 5156 1121 5156 5157 1121 5157 5158 1121 1121 5158 1124 1124 5158 1128 5158 5159 1128 5159 5160 1128 1128 5160 1135 5160 5161 1135 1135 5161 1138 1138 5161 1142 5161 5162 1142 1142 5162 1146 5162 5163 1146 5163 5164 1146 1146 5164 1150 5164 5165 1150 1150 5165 1070 1070 5165 1063 5165 5166 1063 5166 5167 1063 1063 5167 1064 1064 5167 1065 5167 5168 1065 1065 5169 1066 5168 5169 1065 1066 5170 1067 1067 5170 1068 5169 5170 1066 5170 5171 1068 5171 5172 1068 1068 5172 1069 5172 5173 1069 1069 5173 1044 1044 5173 1040 5173 5174 1040 1040 5174 1037 5174 5175 1037 5175 5176 1037 1037 5176 1033 5176 5177 1033 1033 5177 1030 1030 5177 1027 5177 5178 1027 1027 5178 1023 5178 5179 1023 5179 5180 1023 1023 5180 1020 5180 5181 1020 1020 5181 1017 1017 5181 1012 5181 5182 1012 5182 5183 1012 1012 5183 1008 1008 5184 1004 5183 5184 1008 1004 5185 1000 5184 5185 1004 1000 5186 995 5185 5186 1000 995 5187 990 5186 5187 995 990 5188 986 5187 5188 990 986 5189 983 5188 5189 986 983 5190 988 988 5190 993 5189 5190 983 5190 5191 993 993 5192 997 997 5192 1002 5191 5192 993 5192 5193 1002 1002 5194 1006 5193 5194 1002 1006 5195 1010 5194 5195 1006 1010 5196 1014 1014 5196 1018 5195 5196 1010 5196 5197 1018 5197 5198 1018 1018 5198 1021 5198 5199 1021 1021 5199 1024 5199 5200 1024 1024 5200 1028 1028 5200 1031 5200 5201 1031 1031 5202 1034 1034 5202 1038 5201 5202 1031 1038 5203 1041 5202 5203 1038 5203 5204 1041 1041 5205 1045 1045 5205 1047 5204 5205 1041 5205 5206 1047 1047 5206 1049 5206 5207 1049 1049 5208 1052 5207 5208 1049 1052 5209 1054 5208 5209 1052 1054 5210 1056 1056 5210 1059 5209 5210 1054 5210 5211 1059 1059 5212 1061 1061 5212 1071 5211 5212 1059 5212 5213 1071 1071 5214 1074 5213 5214 1071 1074 5215 1076 5214 5215 1074 1076 5216 1078 5215 5216 1076 1078 5217 1080 1080 5217 1083 5216 5217 1078 5217 5218 1083 1083 5219 1085 5218 5219 1083 1085 5220 1087 5219 5220 1085 1087 5221 1089 5220 5221 1087 5221 5222 1089 1089 5222 1091 5222 5223 1091 1091 5223 1094 5223 5224 1094 1094 5224 1096 5224 5225 1096 1096 5225 1098 5225 5226 1098 1098 5226 1100 5226 5227 1100 1100 5227 1102 5227 5228 1102 1102 5228 1104 5228 5229 1104 1104 5229 1345 5229 5230 1345 1345 5230 1347 1347 5230 1349 5230 5231 1349 5231 5232 1349 1349 5232 1351 5232 5233 1351 1351 5233 1353 1353 5234 1356 5233 5234 1353 1356 5235 1358 5234 5235 1356 5235 5110 1358 1358 5110 1360 5236 5220 5219 5237 5221 5220 5237 5220 5236 5238 5236 5219 5238 5219 5218 5239 5222 5221 5239 5221 5237 5240 5218 5217 5240 5238 5218 5241 5223 5222 5241 5222 5239 5242 5217 5216 5242 5240 5217 5243 5224 5223 5243 5223 5241 5244 5216 5215 5244 5242 5216 5245 5224 5243 5245 5225 5224 5246 5215 5214 5246 5244 5215 5247 5226 5225 5247 5225 5245 5248 5214 5213 5248 5246 5214 5249 5226 5247 5249 5227 5226 5250 5213 5212 5250 5248 5213 5251 5228 5227 5251 5227 5249 5252 5212 5211 5252 5250 5212 5253 5229 5228 5253 5228 5251 5254 5211 5210 5254 5252 5211 5255 5230 5229 5255 5229 5253 5256 5254 5210 5256 5210 5209 5257 5231 5230 5257 5230 5255 5258 5256 5209 5258 5209 5208 5259 5231 5257 5259 5232 5231 5260 5258 5208 5260 5208 5207 5261 5233 5232 5261 5232 5259 5262 5260 5207 5262 5207 5206 5263 5234 5233 5263 5233 5261 5264 5206 5205 5264 5262 5206 5265 5235 5234 5265 5234 5263 5266 5264 5205 5266 5205 5204 5267 5110 5235 5267 5235 5265 5268 5266 5204 5268 5204 5203 5269 5111 5110 5269 5110 5267 5270 5268 5203 5270 5203 5202 5271 5112 5111 5271 5111 5269 5272 5270 5202 5272 5202 5201 5273 5113 5112 5273 5112 5271 5274 5272 5201 5274 5201 5200 5275 5114 5113 5275 5113 5273 5276 5274 5200 5276 5200 5199 5277 5115 5114 5277 5114 5275 5278 5276 5199 5278 5199 5198 5279 5116 5115 5279 5115 5277 5280 5278 5198 5280 5198 5197 5281 5117 5116 5281 5116 5279 5282 5280 5197 5282 5197 5196 5283 5118 5117 5283 5117 5281 5284 5282 5196 5284 5196 5195 5285 5119 5118 5285 5118 5283 5286 5284 5195 5287 5120 5119 5287 5119 5285 5288 5286 5195 5288 5194 5193 5288 5195 5194 5289 5120 5287 5289 5121 5120 5290 5288 5193 5291 5122 5121 5291 5121 5289 5292 5290 5193 5292 5193 5192 5293 5123 5122 5293 5122 5291 5294 5191 5190 5294 5192 5191 5294 5292 5192 5295 5124 5123 5295 5123 5293 5296 5294 5190 5297 5125 5124 5297 5124 5295 5189 5296 5190 5298 5296 5189 5299 5125 5297 5126 5125 5299 5300 5126 5299 5188 5301 5298 5188 5298 5189 5127 5126 5300 5127 5300 5302 5187 5303 5301 5187 5301 5188 5128 5127 5302 5128 5302 5304 5186 5305 5303 5186 5303 5187 5129 5128 5304 5129 5304 5306 5185 5305 5186 5185 5307 5305 5130 5129 5306 5130 5306 5308 5184 5307 5185 5184 5309 5307 5131 5130 5308 5131 5308 5310 5183 5311 5309 5183 5309 5184 5132 5310 5312 5132 5131 5310 5182 5313 5311 5182 5311 5183 5133 5312 5314 5133 5132 5312 5181 5315 5313 5181 5313 5182 5134 5133 5314 5180 5316 5315 5180 5315 5181 5135 5134 5314 5135 5314 5317 5179 5318 5316 5179 5316 5180 5136 5135 5317 5136 5317 5319 5178 5320 5318 5178 5318 5179 5137 5136 5319 5137 5321 5322 5137 5319 5321 5177 5320 5178 5177 5323 5320 5138 5137 5322 5138 5322 5324 5176 5323 5177 5176 5325 5323 5139 5324 5326 5139 5138 5324 5175 5325 5176 5175 5327 5325 5140 5326 5328 5140 5139 5326 5174 5327 5175 5174 5329 5327 5141 5140 5328 5173 5330 5329 5173 5329 5174 5142 5141 5328 5142 5331 5332 5142 5328 5331 5172 5333 5330 5172 5330 5173 5143 5332 5334 5143 5142 5332 5171 5335 5333 5171 5333 5172 5144 5143 5334 5144 5334 5336 5170 5337 5335 5170 5335 5171 5145 5144 5336 5145 5336 5338 5169 5339 5337 5169 5337 5170 5146 5145 5338 5168 5340 5339 5168 5339 5169 5147 5146 5338 5147 5341 5342 5147 5338 5341 5167 5340 5168 5167 5343 5340 5148 5147 5342 5148 5342 5344 5166 5345 5343 5166 5346 5345 5166 5343 5167 5149 5148 5344 5149 5344 5347 5165 5346 5166 5150 5149 5347 5150 5347 5348 5164 5346 5165 5164 5349 5346 5151 5150 5348 5151 5348 5350 5163 5351 5349 5163 5349 5164 5152 5151 5350 5152 5350 5352 5162 5351 5163 5162 5353 5351 5153 5152 5352 5153 5352 5354 5161 5355 5353 5161 5353 5162 5154 5153 5354 5160 5355 5161 5160 5356 5355 5155 5154 5354 5155 5357 5358 5155 5354 5357 5159 5356 5160 5159 5359 5356 5159 5360 5359 5156 5155 5358 5158 5360 5159 5157 5360 5158 5157 5361 5360 5157 5358 5361 5157 5156 5358 2602 2835 2834 2602 2827 2835 2602 2598 2827 2603 2602 2834 2594 2833 2841 2594 2834 2833 2594 2603 2834 2595 2594 2841 2588 2840 2847 2588 2841 2840 2588 2595 2841 2589 2588 2847 2582 2846 2853 2582 2847 2846 2582 2589 2847 2583 2582 2853 2576 2852 2859 2576 2853 2852 2576 2583 2853 2577 2576 2859 2569 2858 2867 2569 2859 2858 2569 2577 2859 2570 2867 2866 2570 2569 2867 2571 2866 2862 2571 2570 2866 2562 2571 2862 5362 5363 2827 5364 2827 5363 5365 5362 2827 5366 2827 5364 5367 5365 2827 5368 2827 5366 5369 5367 2827 5370 2827 5368 5371 5369 2827 5372 2827 5370 5373 5371 2827 5374 2827 5372 5375 5373 2827 5376 2827 5374 5377 5375 2827 5378 2827 5376 5379 5377 2827 5380 2827 5378 5381 5379 2827 5382 2827 5380 5383 5381 2827 5384 2827 5382 5385 5383 2827 5386 2827 5384 5387 5385 2827 5388 2827 5386 5389 5387 2827 5390 2827 5388 5391 5389 2827 5392 2827 5390 5393 5391 2827 5394 2827 5392 5395 5393 2827 5396 2827 5394 5397 5395 2827 5398 5397 2827 5399 5400 5401 5402 5401 5403 5402 5399 5401 5404 5405 5400 5404 5400 5399 5406 5402 5403 5406 5403 5407 5408 5409 5405 5408 5405 5404 5410 5406 5407 5410 5407 5411 5412 5413 5409 5412 5409 5408 5414 5410 5411 5414 5411 5415 5416 5417 5418 5416 5418 5413 5416 5413 5412 5419 5414 5415 5419 5415 5420 5419 5420 5421 5422 5423 5417 5422 5417 5416 5424 5421 5425 5424 5419 5421 5426 5427 5423 5426 5423 5422 5428 5424 5425 5428 5425 5429 5430 5427 5426 5430 5431 5427 5432 5428 5429 5432 5429 5433 5434 5435 5431 5434 5431 5430 5436 5432 5433 5436 5433 5398 5437 5438 5435 5437 5435 5434 5439 5436 5398 5439 5398 2827 5440 5441 5442 5440 5442 5438 5440 5438 5437 5443 5439 2827 5444 5445 5441 5444 5441 5440 5446 5443 2827 5447 5448 5445 5447 5445 5444 5449 5446 2827 5450 5451 5448 5450 5448 5447 5452 5449 2827 5453 5454 5451 5453 5451 5450 5455 5452 2827 5456 5457 5454 5456 5454 5453 5458 2827 2598 5458 5455 2827 5459 5460 5461 5459 5461 5457 5459 5457 5456 5462 5458 2598 5463 5464 5460 5463 5460 5459 5465 5462 2598 5466 5467 5464 5466 5464 5463 5468 5465 2598 5469 5470 5467 5469 5467 5466 5471 5468 2598 5472 5473 5470 5472 5470 5469 5474 5471 2598 5475 5476 5477 5475 5477 5473 5475 5473 5472 5478 5474 2598 5479 5480 5476 5479 5476 5475 5481 5482 5480 5481 5480 5479 5483 5484 5482 5483 5482 5481 5485 5484 5483 5485 5486 5484 5487 5486 5485 5487 5488 5486 5489 5488 5487 5489 5490 5491 5489 5491 5488 5492 5490 5489 5492 5493 5490 5494 5493 5492 5494 5495 5493 5496 5495 5494 5496 5497 5495 5498 5497 5496 5498 5499 5497 5500 5499 5498 5500 5501 5499 5502 5501 5500 5502 5503 5501 5504 5503 5502 5504 5505 5503 5506 5505 5504 5506 5507 5505 5508 5507 5506 5508 5509 5510 5508 5510 5507 5511 5509 5508 5511 5512 5509 5513 5512 5511 5513 5514 5512 5515 5514 5513 5515 5516 5514 5517 5516 5515 5518 5519 5520 5521 5518 5520 5521 5520 5522 5523 5519 5518 5523 5524 5519 5525 5522 5526 5525 5521 5522 5527 5524 5523 5528 5525 5526 5528 5526 5529 5530 5531 5524 5530 5524 5527 5532 5528 5529 5532 5529 5533 5534 5531 5530 5534 5535 5531 5536 5532 5533 5536 5533 5537 5538 5535 5534 5538 5539 5535 5540 5536 5537 5540 5537 5541 5542 5543 5539 5542 5539 5538 5544 5540 5541 5544 5541 5545 5546 5547 5543 5546 5543 5542 5548 5544 5545 5549 5550 5547 5549 5547 5546 5551 5545 5552 5551 5548 5545 5553 5550 5549 5554 5551 5552 5554 5552 5555 5556 5557 5550 5556 5550 5553 5558 5554 5555 5558 5555 5559 5560 5561 5557 5560 5557 5556 5562 5558 5559 5562 5559 5563 5564 5561 5560 5564 5565 5561 5566 5478 2598 5566 5563 5478 5566 5562 5563 5567 5568 5565 5567 5565 5564 5569 5566 2598 5570 5568 5567 5570 5571 5568 5572 5569 2598 5573 5571 5570 5574 5572 2598 5575 5576 5571 5575 5571 5573 5577 5574 2598 5578 5576 5575 5578 5579 5576 5580 5577 2598 5581 5579 5578 5581 5582 5579 5583 5580 2598 5584 5582 5581 5584 5585 5582 5586 5583 2598 5587 5585 5584 5587 5588 5585 5589 5586 2598 5590 5588 5587 5590 5591 5588 5592 5589 2598 5593 5591 5590 5594 5592 2598 5595 5596 5591 5595 5591 5593 5597 5594 2598 5598 5596 5595 5598 5599 5596 5600 5597 2598 5601 5599 5598 5601 5602 5599 5603 5600 2598 5604 5602 5601 5604 5605 5602 5606 5603 2598 5607 5605 5604 5607 5608 5605 5609 5606 2598 5610 5608 5607 5610 5611 5608 5612 5609 2598 5613 5611 5610 5614 5612 2598 5615 5616 5611 5615 5611 5613 5617 5614 2598 5618 5616 5615 5618 5619 5616 5620 5617 2598 5621 5619 5618 5621 5622 5619 5623 5620 2598 5624 5625 5622 5624 5622 5621 5626 5623 2598 5627 5628 5625 5627 5625 5624 5629 5626 2598 5630 5631 5628 5630 5628 5627 5632 5629 2598 5633 5634 5631 5633 5631 5630 5635 5632 2598 5636 5637 5634 5636 5634 5633 5638 5635 2598 5639 5640 5637 5639 5637 5636 5641 5638 2598 5642 5640 5639 5643 5641 2598 5644 5640 5642 5644 5645 5640 5646 5643 2598 5647 5645 5644 5647 5648 5645 5649 5646 2598 5650 5648 5647 5650 5651 5648 5652 5649 2598 5653 5651 5650 5653 5654 5651 5655 5652 2598 5656 5655 2598 5657 5656 2598 5658 5657 2598 5659 5658 2598 5660 5659 2598 5661 5662 5663 5664 5663 5665 5664 5661 5663 5666 5667 5662 5666 5662 5661 5668 5664 5665 5668 5665 5669 5670 5667 5666 5670 5671 5667 5672 5669 5673 5672 5668 5669 5674 5671 5670 5674 5675 5671 5676 5672 5673 5676 5673 5677 5678 5675 5674 5678 5679 5675 5680 5677 5681 5680 5676 5677 5682 5679 5678 5682 5683 5679 5684 5680 5681 5684 5681 5685 5686 2827 5396 5686 5683 5682 5686 5396 5683 5687 5685 5688 5687 5684 5685 5689 2827 5686 5690 5687 5688 5690 5688 5691 5692 2827 5689 5693 5690 5691 5693 5691 5694 5695 2827 5692 5696 5693 5694 5696 5694 5697 5698 5696 5697 5698 5697 5699 5700 5698 5699 5700 5699 5701 5700 5701 5702 5703 5702 5704 5703 5700 5702 5705 5703 5704 5705 5704 5706 5707 5705 5706 5708 5709 5710 5711 5708 5710 5711 5710 5712 5713 5709 5708 5713 5714 5709 5715 5711 5712 5715 5712 5716 5717 5714 5713 5717 5718 5714 5719 5715 5716 5719 5716 5720 5721 5718 5717 5721 5722 5718 5723 5719 5720 5724 5722 5721 5724 5725 5722 5726 5723 5720 5726 5720 5727 5728 5725 5724 5729 5726 5727 5729 5727 5730 5731 5725 5728 5731 5732 5725 5733 5730 5707 5733 5729 5730 5734 5732 5731 5734 5735 5732 5736 5707 5706 5736 5733 5707 5737 5738 5735 5737 5735 5734 5739 5736 5706 5739 5706 5740 5741 5742 5738 5741 5738 5737 5743 5739 5740 5743 5740 5744 5745 5746 5742 5745 5742 5741 5747 5744 5748 5747 5743 5744 5749 5746 5745 5750 5748 5751 5750 5747 5748 5752 5746 5749 5752 5753 5746 5754 5750 5751 5754 5751 5755 5754 5755 5756 5757 5753 5752 5757 5758 5753 5759 5754 5756 5760 5758 5757 5760 5761 5758 5762 5759 5756 5762 5756 5763 5764 5761 5760 5764 5765 5761 5766 5763 5767 5766 5762 5763 5768 5765 5764 5769 5766 5767 5769 5767 5770 5771 5772 5765 5771 5765 5768 5773 5769 5770 5773 5770 5774 5775 5772 5771 5775 5776 5772 5777 5773 5774 5777 5774 5778 5779 5776 5775 5779 5780 5776 5781 5517 5782 5781 5516 5517 5781 5777 5778 5781 5778 5516 5783 5780 5779 5783 5784 5780 5785 5782 5786 5785 5781 5782 5787 5784 5783 5788 5786 5789 5788 5785 5786 5790 5784 5787 5790 5791 5784 5792 5789 5793 5792 5788 5789 5794 5795 5791 5794 5791 5790 5796 5793 5797 5796 5792 5793 5798 5799 5795 5798 5795 5794 5800 5797 5801 5800 5796 5797 5802 5803 5799 5802 5799 5798 5804 5801 5805 5804 5800 5801 5806 5803 5802 5807 5804 5805 5808 5803 5806 5808 5809 5803 5810 5809 5808 5810 5811 5809 5812 5811 5810 5812 5813 5811 5814 5813 5812 5814 5815 5813 5816 5815 5814 5817 5815 5816 5817 5818 5815 5819 5820 5818 5819 5818 5817 5821 5822 5820 5821 5820 5819 5823 5824 5822 5823 5822 5821 5825 5824 5823 5826 5827 5824 5826 5824 5825 5828 5827 5826 5828 5829 5827 5830 5831 5829 5830 5829 5828 5832 5833 5831 5832 5831 5830 5834 5835 5833 5834 5833 5832 5836 5835 5834 5837 5838 5835 5837 5835 5836 5839 5840 5838 5839 5838 5837 5841 5840 5839 5841 5842 5840 5843 5842 5841 5843 5844 5842 5845 5844 5843 5845 5846 5844 5847 5846 5845 5847 5848 5846 5849 5848 5847 5849 5850 5848 5851 5850 5849 5851 5852 5850 5853 5854 5852 5853 5852 5851 5855 5854 5853 5855 5856 5854 2718 5857 5858 2718 5858 5859 2718 5859 5860 2718 5860 5861 2718 5861 5862 2718 5862 5863 2718 5863 5864 2718 5864 5865 2718 5865 5866 2718 5866 5867 2718 5867 5868 2718 5868 5869 2718 5869 5870 2718 5870 5871 2718 5871 5872 2718 5872 5873 2718 5873 5874 2718 5874 5875 2718 5875 5876 2718 5876 5877 2718 5877 5878 2718 5878 5879 2718 5879 5880 2718 5880 5881 2718 5881 5882 2718 5882 5883 2718 5883 5884 2718 5884 5885 2718 5886 5887 2718 5887 5888 2718 5888 5889 2718 5889 5890 2718 5890 5891 2718 5891 5857 5892 5856 5855 2721 2720 2719 2724 2723 2721 2726 2724 2721 2726 2721 2719 2727 2726 2719 2731 2727 2719 2732 2731 2719 2736 2735 2732 2743 2732 2719 2743 2736 2732 2750 2743 2719 2750 2744 2743 2751 2719 2718 2751 2750 2719 2758 2757 2751 2765 2751 2718 2765 2758 2751 2765 2764 2758 2771 2765 2718 2785 2772 2771 2785 2778 2772 2785 2779 2778 2786 2785 2771 2786 2771 2718 2799 2792 2786 2799 2793 2792 2799 2786 2718 2807 2800 2799 2807 2806 2800 2716 5885 5893 2716 5893 5894 2716 5894 5895 2716 5895 5896 2716 5896 5897 2716 5897 5898 2716 5898 5899 2716 5899 5900 2716 5900 5901 2716 5901 5902 2716 5902 5903 2716 5903 5904 2716 5904 5905 2716 5905 5906 2716 5906 5856 2716 2799 2718 2716 5856 5892 2716 5892 5907 2716 5907 5908 2716 5908 5909 2716 2718 5885 2716 2807 2799 5910 5911 5912 5910 5913 5911 5914 5915 5916 5914 5916 5911 5914 5911 5913 5917 5912 5918 5917 5910 5912 5919 5915 5914 5920 5918 5921 5920 5917 5918 5922 5915 5919 5922 5923 5915 5924 5921 5925 5924 5925 5807 5924 5920 5921 5926 5923 5922 5926 5927 5923 5928 5807 5805 5928 5924 5807 5929 5927 5926 5929 5930 5931 5929 5931 5927 5932 5805 5933 5932 5928 5805 5934 5930 5929 5935 5932 5933 5935 5933 5936 5937 5930 5934 5937 5938 5939 5937 5939 5930 5940 5935 5936 5940 5936 5941 5942 5938 5937 5943 5941 5944 5943 5940 5941 5945 5946 5938 5945 5938 5942 5947 5943 5944 5947 5944 5948 5949 5950 5946 5949 5946 5945 5951 5948 5952 5951 5947 5948 5953 5950 5949 5953 5954 5955 5953 5955 5950 5956 5951 5952 5956 5654 5653 5956 5952 5654 5957 5954 5953 5958 5653 5959 5958 5959 5960 5958 5956 5653 5961 5954 5957 5961 5962 5954 5963 5960 5964 5963 5958 5960 5965 5962 5961 5965 5966 5967 5965 5967 5962 5968 5963 5964 5969 5966 5965 5969 5970 5966 5971 5964 5972 5971 5968 5964 5973 5970 5969 5974 5972 5975 5974 5971 5972 5976 5970 5973 5976 5977 5970 5978 5975 5979 5978 5979 5980 5978 5974 5975 5981 5977 5976 5981 5982 5977 5983 5978 5980 5984 5982 5981 5984 5985 5982 5986 5980 5987 5986 5987 5988 5986 5983 5980 5989 5985 5984 5989 5990 5985 5991 5986 5988 5992 5990 5989 5992 5993 5990 5994 5988 5995 5994 5995 5996 5994 5991 5988 5997 5993 5992 5997 5998 5999 5997 5999 5993 6000 5994 5996 6001 5998 5997 6002 5996 6003 6002 6000 5996 6004 5998 6001 6004 6005 5998 6006 6005 6004 6006 6007 6005 6008 6007 6006 6008 6009 6007 6010 6009 6008 6010 6011 6009 6012 6011 6010 6012 6013 6014 6012 6014 6011 6015 6013 6012 6016 6017 6013 6016 6013 6015 6018 6019 6017 6018 6017 6016 6020 6021 6019 6020 6019 6018 6022 6023 6021 6022 6021 6020 6024 6025 6023 6024 6023 6022 6026 6027 6025 6026 6025 6024 6028 6027 6026 6028 6029 6027 6030 6029 6028 6030 6031 6029 6032 6031 6030 6032 2716 5909 6032 5909 6031 6033 6034 6035 6036 6035 6037 6036 6037 6038 6036 6033 6035 6039 6040 6034 6039 6034 6033 6041 6038 6042 6041 6036 6038 6043 6044 6040 6043 6040 6039 6045 6042 6046 6045 6041 6042 6047 6048 6049 6047 6049 6044 6047 6044 6043 6050 6046 6051 6050 6045 6046 6052 6053 6048 6052 6048 6047 6054 6051 6055 6054 6050 6051 6056 6057 6053 6056 6053 6052 6058 6054 6055 6058 6055 6059 6058 6059 6060 6061 6062 6057 6061 6057 6056 6063 6060 6064 6063 6058 6060 6065 6066 6067 6065 6067 6062 6065 6062 6061 6068 6064 6069 6068 6063 6064 6070 6071 6066 6070 6066 6065 6072 6069 6073 6072 6068 6069 6074 6075 6071 6074 6071 6070 6076 6073 6077 6076 6072 6073 6078 6079 6075 6078 6075 6074 6080 6077 6081 6080 6076 6077 6082 6083 6084 6082 6084 6079 6082 6079 6078 6085 6081 6086 6085 6080 6081 6087 6083 6082 6087 6088 6083 6089 6085 6086 6089 6086 6090 6091 6088 6087 6091 6092 6088 6093 6089 6090 6093 6090 6094 6093 6094 6095 6096 6092 6091 6096 6097 6092 6098 6095 6099 6098 6093 6095 6100 6097 6096 6100 6101 6102 6100 6102 6097 6103 6099 6104 6103 6098 6099 6105 6101 6100 6105 6106 6101 6107 6104 6002 6107 6103 6104 6107 6002 6003 6108 6106 6105 6108 6109 6106 6110 6003 6111 6110 6107 6003 6112 6109 6108 6112 6113 6109 6114 6111 6115 6114 6110 6111 6116 6113 6112 6116 6117 6118 6116 6118 6113 6119 6115 6120 6119 6120 6121 6119 6114 6115 6122 6117 6116 6122 6123 6117 6124 6121 6125 6124 6119 6121 6126 6127 6123 6126 6123 6122 6128 6125 6129 6128 6124 6125 6130 6131 6127 6130 6127 6126 6132 6129 6133 6132 6128 6129 6134 6131 6130 6134 6135 6131 6136 6133 6137 6136 6132 6133 6138 6135 6134 6138 6139 6140 6138 6140 6135 6141 6136 6137 6141 6137 6142 6143 6139 6138 6143 6144 6139 6145 6142 6146 6145 6141 6142 6147 6144 6143 6147 6148 6144 6149 6145 6146 6149 6146 6150 6151 6148 6147 6151 6152 6148 6153 6149 6150 6153 6150 6154 6155 6152 6151 6155 6156 6152 6157 6154 6158 6157 6153 6154 6159 6156 6155 6159 6160 6156 6161 6157 6158 6161 6158 6162 6163 6160 6159 6163 6164 6160 6165 6162 6166 6165 6161 6162 6167 6164 6163 6167 6168 6164 6169 6165 6166 6169 6166 6170 6171 6168 6167 6171 6172 6168 6173 6170 6174 6173 6169 6170 6175 6172 6171 6175 6176 6172 6177 6173 6174 6177 6174 6178 6179 6176 6175 6179 6180 6176 6181 6178 6182 6181 6177 6178 6183 6182 6184 6183 6181 6182 6185 6184 6186 6185 6183 6184 6187 5660 2598 6187 6186 5660 6187 6185 6186 6188 6187 2598 6189 6188 2598 6190 6189 2598 2607 6179 6191 2607 6191 6192 2607 6192 6193 2607 6193 6194 2607 6194 6195 2607 6195 6196 2607 6196 6197 2607 6197 6198 2607 6180 6179 2607 6198 6199 2607 6199 6200 2607 6200 6201 2607 6201 6202 2607 6202 6203 2607 6203 6204 2607 6204 6205 2607 6032 6206 2607 6206 6207 2607 6207 6180 2607 2716 6032 2605 2607 6205 2605 6205 6208 2605 6208 6209 2605 6209 6210 2605 6210 6211 2605 6211 6212 2605 6212 6213 2605 6213 6214 2605 6214 6215 2605 6215 6216 2605 6216 6217 2605 6217 6218 2605 6218 6219 2605 6219 6220 2605 6220 6221 2605 6221 6222 2605 6222 6223 2605 6223 6224 2605 6224 6225 2605 6225 6226 2605 6226 6227 2605 6227 6228 2605 6228 6229 2605 6229 6230 2605 6230 6231 2605 6231 6232 2605 6232 6233 2605 6233 6234 2605 6234 6235 2605 6235 6236 2605 6236 6237 2605 6237 6238 2605 6238 6239 2605 6239 6240 2605 6240 6241 2696 2607 2605 2609 2608 2607 2610 2609 2607 2689 2696 2695 2689 2607 2696 2688 2607 2689 2613 2612 2610 2613 2610 2607 2615 2613 2607 2681 2688 2682 2681 2607 2688 2620 2616 2615 2620 2615 2607 2668 2675 2674 2668 2681 2675 2668 2607 2681 2624 2621 2620 2624 2620 2607 2661 2668 2667 2632 2624 2607 2632 2625 2624 2640 2632 2607 2640 2633 2632 2640 2639 2633 2647 2668 2661 2647 2654 2653 2647 2660 2654 2647 2661 2660 2646 2640 2607 2646 2668 2647 2646 2607 2668 2718 2827 5886 5886 2827 6242 6242 2827 5695 2598 2605 6241 2598 6241 6243 2598 6243 6190 3089 934 944 3089 944 2171 2560 2869 2877 2560 2556 2869 2561 2877 2876 2561 2560 2877 2552 2876 2875 2552 2561 2876 2553 2875 2883 2553 2552 2875 2546 2883 2882 2546 2553 2883 2547 2882 2889 2547 2546 2882 2540 2889 2888 2540 2547 2889 2541 2540 2888 2541 2888 2895 2534 2541 2895 2534 2895 2894 2535 2534 2894 2535 2894 2901 2528 2535 2901 2528 2901 2900 2529 2900 2907 2529 2528 2900 2522 2907 2906 2522 2529 2907 2523 2906 2913 2523 2522 2906 2516 2913 2912 2516 2523 2913 2517 2912 2919 2517 2516 2912 2510 2919 2918 2510 2517 2919 2511 2918 2925 2511 2510 2918 2504 2925 2924 2504 2511 2925 2505 2924 2931 2505 2504 2924 2498 2931 2930 2498 2505 2931 2499 2930 2937 2499 2498 2930 2492 2937 2936 2492 2499 2937 2493 2936 2943 2493 2492 2936 2486 2943 2942 2486 2493 2943 2487 2942 2949 2487 2486 2942 2480 2949 2948 2480 2487 2949 2481 2948 2955 2481 2480 2948 2473 2955 2954 2473 2481 2955 2474 2954 2963 2474 2473 2954 2475 2963 2962 2475 2474 2963 2467 2962 2961 2467 2475 2962 2862 2869 2556 2562 2862 2556 4626 4628 5393 5393 4628 5391 5391 4628 5389 4628 4631 5389 5389 4632 5387 5387 4632 5385 4631 4632 5389 4632 4633 5385 5385 4637 5383 4633 4637 5385 5383 4639 5381 4637 4639 5383 5381 4640 5379 5379 4640 5377 4639 4640 5381 4640 4643 5377 5377 4644 5375 4643 4644 5377 5375 4646 5373 4644 4646 5375 4646 4647 5373 5373 4647 5371 5371 4647 5369 4647 4650 5369 4650 4652 5369 5369 4652 5367 4652 4654 5367 5367 4654 5365 5365 4654 5362 4654 4656 5362 5362 4656 5363 4656 4657 5363 4657 4655 5363 5363 4655 5364 4655 4653 5364 5364 4653 5366 5366 4653 5368 4653 4651 5368 4651 4649 5368 5368 4649 5370 4649 4648 5370 5370 4648 5372 5372 4648 5374 4648 4645 5374 5374 4645 5376 4645 4642 5376 5376 4641 5378 4642 4641 5376 5378 4638 5380 4641 4638 5378 5380 4636 5382 4638 4636 5380 5382 4635 5384 4636 4635 5382 5384 4634 5386 4635 4634 5384 5386 4630 5388 4634 4630 5386 5388 4629 5390 5390 4629 5392 4630 4629 5388 5392 4627 5394 4629 4627 5392 4627 4624 5394 5394 4623 5396 4624 4623 5394 5396 4621 5683 5683 4621 5679 4623 4621 5396 4621 4619 5679 4619 4617 5679 5679 4617 5675 5675 4617 5671 4617 4614 5671 5671 4612 5667 5667 4612 5662 4614 4612 5671 4612 4611 5662 4611 4608 5662 5662 4608 5663 5663 4608 5665 4608 4606 5665 4606 4605 5665 5665 4605 5669 5669 4605 5673 4605 4603 5673 5673 4603 5677 4603 4600 5677 4600 4598 5677 5677 4598 5681 5681 4598 5685 4598 4596 5685 5685 4596 5688 4596 4595 5688 4595 4593 5688 5688 4593 5691 4593 4591 5691 5691 4591 5694 4591 4589 5694 5694 4589 5697 5697 4589 5699 4589 4587 5699 4587 4585 5699 5699 4585 5701 5701 4585 5702 4585 4583 5702 4583 4581 5702 5702 4581 5704 4581 4579 5704 5704 4579 5706 4579 4577 5706 5706 4577 5740 5740 4577 5744 4577 4575 5744 5744 4573 5748 4575 4573 5744 5748 4573 5751 4573 4571 5751 5751 4569 5755 5755 4569 5756 4571 4569 5751 4569 4567 5756 4567 4565 5756 5756 4565 5763 4565 4563 5763 5763 4563 5767 5767 4563 5770 4563 4561 5770 4561 4559 5770 5770 4559 5774 4559 4557 5774 5774 4557 5778 4557 4555 5778 5778 4555 5516 5516 4555 5514 4555 4553 5514 4553 4551 5514 5514 4551 5512 5512 4551 5509 4551 4549 5509 4549 4547 5509 5509 4547 5510 4547 4545 5510 5510 4545 5507 5507 4545 5505 5505 4543 5503 4545 4543 5505 5503 4541 5501 4543 4541 5503 4541 4539 5501 5501 4537 5499 5499 4537 5497 4539 4537 5501 4537 4535 5497 5497 4533 5495 5495 4533 5493 4535 4533 5497 4533 4532 5493 5493 4534 5490 5490 4534 5491 4532 4534 5493 4534 4536 5491 5491 4538 5488 5488 4538 5486 4536 4538 5491 4538 4540 5486 5486 4542 5484 4540 4542 5486 5484 4544 5482 4542 4544 5484 5482 4546 5480 5480 4546 5476 4544 4546 5482 4546 4548 5476 4548 4550 5476 5476 4550 5477 5477 4550 5473 4550 4552 5473 4552 4554 5473 5473 4554 5470 4554 4556 5470 5470 4556 5467 5467 4558 5464 4556 4558 5467 5464 4560 5460 4558 4560 5464 5460 4562 5461 4560 4562 5460 5461 4564 5457 4562 4564 5461 5457 4566 5454 4564 4566 5457 5454 4568 5451 4566 4568 5454 5451 4570 5448 4568 4570 5451 5448 4572 5445 4570 4572 5448 5445 4574 5441 4572 4574 5445 5441 4576 5442 4574 4576 5441 5442 4578 5438 4576 4578 5442 5438 4580 5435 4578 4580 5438 5435 4582 5431 4580 4582 5435 5431 4584 5427 4582 4584 5431 5427 4586 5423 4584 4586 5427 5423 4588 5417 4586 4588 5423 5417 4590 5418 4588 4590 5417 5418 4592 5413 4590 4592 5418 5413 4594 5409 4592 4594 5413 5409 4597 5405 4594 4597 5409 4597 4599 5405 5405 4599 5400 4599 4601 5400 5400 4601 5401 4601 4602 5401 5401 4602 5403 4602 4604 5403 5403 4604 5407 4604 4607 5407 5407 4607 5411 4607 4609 5411 5411 4609 5415 4609 4610 5415 5415 4610 5420 4610 4613 5420 5420 4613 5421 4613 4615 5421 5421 4615 5425 4615 4616 5425 5425 4616 5429 4616 4618 5429 5429 4618 5433 4618 4620 5433 5433 4620 5398 4620 4622 5398 5398 4622 5397 4622 4625 5397 5397 4625 5395 5395 4626 5393 4625 4626 5395 4250 4251 6103 6103 4251 6098 6098 4252 6093 6093 4252 6089 4251 4252 6098 4252 4253 6089 6089 4254 6085 4253 4254 6089 6085 4255 6080 6080 4255 6076 4254 4255 6085 4255 4270 6076 6076 4281 6072 4270 4281 6076 6072 4287 6068 6068 4287 6063 4281 4287 6072 4287 4293 6063 6063 4298 6058 4293 4298 6063 4298 4302 6058 6058 4302 6054 6054 4302 6050 4302 4305 6050 4305 4308 6050 6050 4308 6045 4308 4310 6045 6045 4310 6041 4310 4311 6041 6041 4311 6036 4311 4312 6036 6036 4312 6033 4312 4313 6033 6033 4313 6039 6039 4313 6043 4313 4307 6043 4307 4300 6043 6043 4300 6047 4300 4296 6047 6047 4296 6052 6052 4296 6056 4296 4292 6056 4292 4289 6056 6056 4289 6061 6061 4283 6065 4289 4283 6061 6065 4283 6070 4283 4279 6070 4279 4276 6070 6070 4276 6074 6074 4273 6078 4276 4273 6074 6078 4267 6082 4273 4267 6078 6082 4264 6087 4267 4264 6082 6087 4261 6091 4264 4261 6087 6091 4243 6096 4261 4243 6091 6096 4242 6100 4243 4242 6096 6100 4244 6105 4242 4244 6100 6105 4245 6108 6108 4245 6112 4244 4245 6105 4245 4246 6112 6112 4240 6116 6116 4240 6122 4246 4240 6112 6122 4238 6126 4240 4238 6122 4238 4236 6126 4236 4234 6126 6126 4234 6130 4234 4232 6130 6130 4232 6134 6134 4232 6138 4232 4230 6138 4230 4228 6138 6138 4228 6143 6143 4228 6147 4228 4226 6147 4226 4224 6147 6147 4224 6151 6151 4224 6155 4224 4222 6155 4222 4220 6155 6155 4220 6159 6159 4220 6163 4220 4219 6163 4219 4217 6163 6163 4217 6167 6167 4217 6171 4217 4215 6171 4215 4213 6171 6171 4213 6175 6175 4213 6179 4213 4211 6179 6179 4211 6191 4211 4209 6191 4209 4207 6191 6191 4207 6192 4207 4205 6192 6192 4205 6193 4205 4203 6193 6193 4203 6194 6194 4203 6195 4203 4201 6195 6195 4201 6196 4201 4199 6196 4199 4197 6196 6196 4197 6197 6197 4195 6198 4197 4195 6197 6198 4193 6199 6199 4193 6200 4195 4193 6198 4193 4191 6200 6200 4189 6201 6201 4189 6202 4191 4189 6200 4189 4187 6202 4187 4185 6202 6202 4185 6203 4185 4183 6203 6203 4183 6204 6204 4183 6205 4183 4181 6205 4181 4179 6205 6205 4179 6208 4179 4177 6208 6208 4177 6209 6209 4177 6210 4177 4175 6210 4175 4173 6210 6210 4173 6211 6211 4173 6212 4173 4171 6212 6212 4171 6213 4171 4169 6213 4169 4167 6213 6213 4167 6214 6214 4167 6215 4167 4165 6215 6215 4163 6216 4165 4163 6215 6216 4161 6217 4163 4161 6216 6217 4159 6218 6218 4159 6219 4161 4159 6217 4159 4157 6219 6219 4155 6220 6220 4155 6221 4157 4155 6219 4155 4154 6221 6221 4156 6222 4154 4156 6221 6222 4158 6223 4156 4158 6222 6223 4160 6224 6224 4160 6225 4158 4160 6223 6225 4162 6226 4160 4162 6225 4162 4164 6226 6226 4166 6227 6227 4166 6228 4164 4166 6226 6228 4168 6229 4166 4168 6228 4168 4170 6229 6229 4170 6230 4170 4172 6230 4172 4174 6230 6230 4174 6231 6231 4174 6232 4174 4176 6232 4176 4178 6232 6232 4178 6233 6233 4178 6234 4178 4180 6234 6234 4182 6235 6235 4182 6236 4180 4182 6234 6236 4184 6237 4182 4184 6236 6237 4186 6238 4184 4186 6237 4186 4188 6238 6238 4190 6239 4188 4190 6238 6239 4192 6240 4190 4192 6239 6240 4194 6241 4192 4194 6240 6241 4196 6243 4194 4196 6241 6243 4198 6190 4196 4198 6243 6190 4200 6189 4198 4200 6190 6189 4202 6188 4200 4202 6189 6188 4204 6187 4202 4204 6188 6187 4206 6185 6185 4206 6183 4204 4206 6187 4206 4208 6183 6183 4210 6181 4208 4210 6183 6181 4212 6177 4210 4212 6181 6177 4214 6173 4212 4214 6177 6173 4216 6169 4214 4216 6173 6169 4218 6165 6165 4218 6161 4216 4218 6169 4218 4221 6161 4221 4223 6161 6161 4223 6157 4223 4225 6157 6157 4225 6153 4225 4227 6153 6153 4227 6149 4227 4229 6149 6149 4229 6145 4229 4231 6145 6145 4231 6141 4231 4233 6141 6141 4233 6136 4233 4235 6136 6136 4235 6132 4235 4237 6132 6132 4237 6128 4237 4239 6128 6128 4239 6124 4239 4241 6124 6124 4241 6119 4241 4247 6119 6119 4247 6114 4247 4248 6114 6114 4248 6110 4248 4249 6110 6110 4249 6107 6107 4249 6103 4249 4250 6103 5077 5079 5730 5730 5079 5707 5707 5081 5705 5705 5081 5703 5079 5081 5707 5081 5083 5703 5703 5085 5700 5700 5085 5698 5083 5085 5703 5085 5087 5698 5698 5089 5696 5696 5089 5693 5087 5089 5698 5089 5091 5693 5693 5093 5690 5690 5093 5687 5091 5093 5693 5093 5095 5687 5687 5097 5684 5684 5097 5680 5095 5097 5687 5097 5099 5680 5099 5101 5680 5680 5101 5676 5101 5103 5676 5676 5103 5672 5103 5105 5672 5672 5105 5668 5105 5107 5668 5668 5107 5664 5107 5109 5664 5664 5109 5661 5109 5108 5661 5661 5108 5666 5666 5108 5670 5108 5106 5670 5106 5104 5670 5670 5104 5674 5104 5102 5674 5674 5102 5678 5678 5102 5682 5102 5100 5682 5100 5098 5682 5682 5098 5686 5686 5096 5689 5098 5096 5686 5689 5096 5692 5096 5094 5692 5094 5092 5692 5692 5092 5695 5695 5090 6242 5092 5090 5695 6242 5088 5886 5090 5088 6242 5886 5086 5887 5088 5086 5886 5887 5084 5888 5086 5084 5887 5888 5082 5889 5084 5082 5888 5889 5080 5890 5082 5080 5889 5890 5078 5891 5891 5078 5857 5080 5078 5890 5078 5076 5857 5857 5074 5858 5076 5074 5857 5858 5072 5859 5859 5072 5860 5074 5072 5858 5072 5070 5860 5070 5068 5860 5860 5068 5861 5861 5068 5862 5068 5066 5862 5066 5064 5862 5862 5064 5863 5064 5062 5863 5863 5062 5864 5062 5060 5864 5864 5060 5865 5865 5060 5866 5060 5058 5866 5058 5056 5866 5866 5056 5867 5056 5054 5867 5867 5054 5868 5054 5039 5868 5868 5039 5869 5039 5022 5869 5869 5022 5870 5870 5022 5871 5022 5019 5871 5019 5016 5871 5871 5016 5872 5872 5016 5873 5016 5014 5873 5014 5011 5873 5873 5011 5874 5011 5006 5874 5874 5006 5875 5006 5002 5875 5875 5002 5876 5876 5002 5877 5002 4998 5877 5877 4998 5878 4998 4994 5878 4994 4989 5878 5878 4989 5879 5879 4989 5880 4989 4986 5880 4986 4982 5880 5880 4982 5881 5881 4982 5882 4982 4978 5882 5882 4973 5883 4978 4973 5882 5883 4970 5884 5884 4970 5885 4973 4970 5883 4970 4966 5885 4966 4962 5885 5885 4962 5893 5893 4962 5894 4962 4960 5894 4960 4957 5894 5894 4957 5895 5895 4957 5896 4957 4955 5896 4955 4952 5896 5896 4952 5897 4952 4950 5897 5897 4950 5898 4950 4947 5898 5898 4947 5899 4947 4945 5899 5899 4945 5900 5900 4945 5901 4945 4943 5901 4943 4940 5901 5901 4940 5902 5902 4940 5903 4940 4938 5903 5904 4936 5905 4938 4936 5903 5903 4936 5904 4936 4934 5905 5905 4931 5906 5906 4931 5856 4934 4931 5905 4931 4929 5856 5856 4926 5854 5854 4926 5852 4929 4926 5856 4926 4924 5852 5852 4923 5850 5850 4923 5848 4924 4923 5852 4923 4925 5848 5848 4928 5846 4925 4928 5848 5846 4930 5844 5844 4930 5842 4928 4930 5846 5842 4933 5840 4930 4933 5842 4933 4935 5840 5840 4937 5838 5838 4937 5835 4935 4937 5840 5835 4939 5833 4937 4939 5835 4939 4941 5833 4941 4944 5833 5833 4944 5831 4944 4946 5831 5831 4946 5829 4946 4949 5829 5829 4949 5827 4949 4951 5827 5827 4951 5824 5824 4953 5822 5822 4953 5820 4951 4953 5824 5820 4956 5818 4953 4956 5820 5818 4958 5815 4956 4958 5818 5815 4961 5813 4958 4961 5815 4961 4964 5813 5813 4967 5811 5811 4967 5809 4964 4967 5813 4967 4971 5809 5809 4975 5803 5803 4975 5799 4971 4975 5809 4975 4979 5799 5799 4983 5795 4979 4983 5799 5795 4987 5791 4983 4987 5795 5791 4991 5784 4987 4991 5791 5784 4996 5780 4991 4996 5784 5780 5000 5776 4996 5000 5780 5776 5003 5772 5000 5003 5776 5772 5008 5765 5765 5008 5761 5003 5008 5772 5008 5013 5761 5761 5034 5758 5013 5034 5761 5758 5035 5753 5034 5035 5758 5753 5036 5746 5035 5036 5753 5036 5037 5746 5746 5037 5742 5037 5038 5742 5742 5038 5738 5038 5053 5738 5738 5053 5735 5735 5053 5732 5053 5055 5732 5055 5057 5732 5732 5057 5725 5057 5059 5725 5725 5059 5722 5059 5061 5722 5722 5061 5718 5061 5063 5718 5718 5063 5714 5063 5065 5714 5714 5065 5709 5709 5065 5710 5065 5067 5710 5067 5069 5710 5710 5069 5712 5069 5071 5712 5712 5071 5716 5716 5073 5720 5071 5073 5716 5720 5073 5727 5073 5075 5727 5727 5077 5730 5075 5077 5727 3923 3924 5574 5574 3924 5572 5572 3924 5569 3924 3926 5569 5569 3928 5566 5566 3928 5562 3926 3928 5569 3928 3929 5562 5562 3933 5558 3929 3933 5562 5558 3935 5554 3933 3935 5558 5554 3937 5551 5551 3937 5548 3935 3937 5554 3937 3938 5548 5548 3940 5544 3938 3940 5548 5544 3941 5540 3940 3941 5544 3941 3945 5540 5540 3945 5536 5536 3945 5532 3945 3946 5532 3946 3949 5532 5532 3949 5528 3949 3950 5528 5528 3950 5525 5525 3950 5521 3950 3952 5521 5521 3952 5518 3952 3953 5518 3953 3951 5518 5518 3951 5523 3951 3948 5523 5523 3948 5527 5527 3948 5530 3948 3947 5530 3947 3944 5530 5530 3944 5534 3944 3943 5534 5534 3943 5538 5538 3943 5542 3943 3942 5542 5542 3942 5546 3942 3939 5546 5546 3936 5549 3939 3936 5546 5549 3934 5553 3936 3934 5549 5553 3932 5556 3934 3932 5553 5556 3931 5560 3932 3931 5556 5560 3930 5564 3931 3930 5560 5564 3927 5567 3930 3927 5564 5567 3925 5570 5570 3925 5573 3927 3925 5567 5573 3922 5575 3925 3922 5573 3922 3920 5575 5575 3919 5578 3920 3919 5575 5578 3917 5581 5581 3917 5584 3919 3917 5578 3917 3915 5584 3915 3913 5584 5584 3913 5587 5587 3913 5590 3913 3911 5590 5590 3908 5593 5593 3908 5595 3911 3908 5590 3908 3907 5595 3907 3905 5595 5595 3905 5598 5598 3905 5601 3905 3903 5601 3903 3900 5601 5601 3900 5604 5604 3900 5607 3900 3898 5607 5607 3898 5610 3898 3897 5610 3897 3895 5610 5610 3895 5613 5613 3895 5615 3895 3892 5615 5615 3892 5618 3892 3891 5618 3891 3889 5618 5618 3889 5621 3889 3887 5621 5621 3887 5624 3887 3885 5624 5624 3885 5627 5627 3885 5630 3885 3883 5630 3883 3881 5630 5630 3881 5633 5633 3881 5636 3881 3879 5636 3879 3877 5636 5636 3877 5639 3877 3875 5639 5639 3875 5642 3875 3873 5642 5642 3873 5644 5644 3873 5647 3873 3871 5647 5647 3869 5650 3871 3869 5647 5650 3869 5653 3869 3867 5653 5653 3865 5959 5959 3865 5960 3867 3865 5653 3865 3863 5960 3863 3861 5960 5960 3861 5964 3861 3859 5964 5964 3859 5972 5972 3859 5975 3859 3857 5975 3857 3855 5975 5975 3855 5979 3855 3853 5979 5979 3853 5980 3853 3851 5980 5980 3851 5987 5987 3851 5988 3851 3849 5988 3849 3847 5988 5988 3847 5995 5995 3847 5996 3847 3845 5996 3845 3843 5996 5996 3843 6003 3843 3841 6003 6003 3841 6111 6111 3841 6115 6115 3839 6120 3841 3839 6115 6120 3837 6121 3839 3837 6120 3837 3835 6121 6121 3833 6125 6125 3833 6129 3835 3833 6121 3833 3831 6129 6129 3829 6133 6133 3829 6137 3831 3829 6129 3829 3828 6137 6137 3830 6142 6142 3830 6146 3828 3830 6137 3830 3832 6146 6146 3834 6150 6150 3834 6154 3832 3834 6146 3834 3836 6154 6154 3838 6158 3836 3838 6154 6158 3840 6162 3838 3840 6158 6162 3842 6166 6166 3842 6170 3840 3842 6162 3842 3844 6170 3844 3846 6170 6170 3846 6174 6174 3846 6178 3846 3848 6178 3848 3850 6178 6178 3850 6182 3850 3852 6182 6182 3852 6184 6184 3854 6186 3852 3854 6184 6186 3856 5660 3854 3856 6186 5660 3858 5659 3856 3858 5660 5659 3860 5658 3858 3860 5659 5658 3862 5657 3860 3862 5658 5657 3864 5656 3862 3864 5657 5656 3866 5655 3864 3866 5656 5655 3868 5652 3866 3868 5655 5652 3870 5649 3868 3870 5652 5649 3872 5646 3870 3872 5649 5646 3874 5643 3872 3874 5646 5643 3876 5641 3874 3876 5643 5641 3878 5638 3876 3878 5641 5638 3880 5635 3878 3880 5638 5635 3882 5632 3880 3882 5635 5632 3884 5629 3882 3884 5632 5629 3886 5626 3884 3886 5629 5626 3888 5623 3886 3888 5626 5623 3890 5620 3888 3890 5623 5620 3893 5617 3890 3893 5620 3893 3894 5617 5617 3894 5614 3894 3896 5614 5614 3896 5612 3896 3899 5612 5612 3899 5609 3899 3901 5609 5609 3901 5606 3901 3902 5606 5606 3902 5603 3902 3904 5603 5603 3904 5600 3904 3906 5600 5600 3906 5597 3906 3909 5597 5597 3909 5594 3909 3910 5594 5594 3910 5592 3910 3912 5592 5592 3912 5589 3912 3914 5589 5589 3914 5586 3914 3916 5586 5586 3916 5583 3916 3918 5583 5583 3918 5580 3918 3921 5580 5580 3921 5577 5577 3923 5574 3921 3923 5577 5971 4375 5968 5968 4377 5963 4375 4377 5968 5963 4379 5958 4377 4379 5963 4379 4381 5958 5958 4383 5956 4381 4383 5958 5956 4385 5951 4383 4385 5956 5951 4387 5947 4385 4387 5951 5947 4389 5943 5943 4389 5940 4387 4389 5947 4389 4391 5940 5940 4393 5935 5935 4393 5932 4391 4393 5940 4393 4395 5932 4395 4397 5932 5932 4397 5928 5928 4397 5924 4397 4399 5924 4399 4401 5924 5924 4401 5920 5920 4401 5917 4401 4403 5917 4403 4405 5917 5917 4405 5910 4405 4404 5910 5910 4404 5913 4404 4402 5913 5913 4402 5914 4402 4400 5914 5914 4400 5919 4400 4398 5919 5919 4398 5922 4398 4396 5922 5922 4396 5926 4396 4394 5926 5926 4394 5929 4394 4392 5929 5929 4392 5934 5934 4390 5937 4392 4390 5934 5937 4388 5942 4390 4388 5937 5942 4386 5945 4388 4386 5942 5945 4384 5949 5949 4384 5953 4386 4384 5945 5953 4382 5957 4384 4382 5953 5957 4380 5961 4382 4380 5957 4380 4378 5961 5961 4376 5965 4378 4376 5961 5965 4374 5969 5969 4374 5973 4376 4374 5965 4374 4372 5973 5973 4370 5976 5976 4370 5981 4372 4370 5973 4370 4368 5981 5981 4366 5984 4368 4366 5981 5984 4364 5989 5989 4364 5992 4366 4364 5984 4364 4362 5992 5992 4362 5997 4362 4360 5997 5997 4360 6001 4360 4358 6001 4358 4356 6001 6001 4356 6004 4356 4354 6004 6004 4354 6006 6006 4354 6008 4354 4352 6008 4352 4350 6008 6008 4350 6010 4350 4348 6010 6010 4348 6012 4348 4346 6012 6012 4346 6015 4346 4345 6015 6015 4345 6016 4345 4343 6016 6016 4343 6018 4343 4341 6018 6018 4341 6020 4341 4339 6020 6020 4339 6022 4339 4337 6022 6022 4337 6024 4337 4335 6024 6024 4335 6026 4335 4333 6026 6026 4333 6028 4333 4331 6028 6028 4331 6030 4331 4329 6030 6030 4329 6032 4329 4327 6032 6032 4327 6206 4327 4325 6206 6206 4325 6207 4325 4323 6207 6207 4323 6180 6180 4321 6176 4323 4321 6180 6176 4319 6172 4321 4319 6176 6172 4317 6168 4319 4317 6172 6168 4315 6164 4317 4315 6168 4315 4309 6164 6164 4309 6160 4309 4304 6160 6160 4304 6156 4304 4301 6156 6156 4301 6152 4301 4297 6152 6152 4297 6148 4297 4294 6148 6148 4294 6144 4294 4290 6144 6144 4290 6139 4290 4286 6139 6139 4286 6140 4286 4284 6140 6140 4284 6135 4284 4280 6135 6135 4280 6131 4280 4277 6131 6131 4277 6127 4277 4274 6127 6127 4274 6123 4274 4271 6123 6123 4271 6117 6117 4268 6118 4271 4268 6117 6118 4265 6113 4268 4265 6118 6113 4262 6109 4265 4262 6113 6109 4259 6106 4262 4259 6109 6106 4256 6101 4259 4256 6106 6101 4257 6102 4256 4257 6101 6102 4258 6097 4257 4258 6102 6097 4260 6092 4258 4260 6097 6092 4263 6088 6088 4263 6083 4260 4263 6092 4263 4266 6083 6083 4269 6084 4266 4269 6083 6084 4272 6079 4269 4272 6084 6079 4275 6075 4272 4275 6079 6075 4278 6071 4275 4278 6075 4278 4282 6071 6071 4282 6066 6066 4282 6067 4282 4285 6067 4285 4288 6067 6067 4288 6062 4288 4291 6062 6062 4291 6057 6057 4291 6053 4291 4295 6053 6053 4299 6048 6048 4299 6049 4295 4299 6053 4299 4303 6049 6049 4306 6044 4303 4306 6049 6044 4314 6040 4306 4314 6044 6040 4316 6034 4314 4316 6040 6034 4318 6035 6035 4318 6037 4316 4318 6034 6037 4320 6038 4318 4320 6037 6038 4322 6042 4320 4322 6038 4322 4324 6042 6042 4326 6046 6046 4326 6051 4324 4326 6042 4326 4328 6051 6051 4330 6055 6055 4330 6059 4328 4330 6051 4330 4332 6059 6059 4334 6060 6060 4334 6064 4332 4334 6059 4334 4336 6064 6064 4338 6069 6069 4338 6073 4336 4338 6064 6073 4340 6077 4338 4340 6073 4340 4342 6077 6077 4344 6081 6081 4344 6086 4342 4344 6077 4344 4347 6086 4347 4349 6086 6086 4349 6090 6090 4349 6094 4349 4351 6094 4351 4353 6094 6094 4353 6095 6095 4353 6099 4353 4355 6099 4355 4357 6099 6099 4357 6104 4357 4359 6104 6104 4359 6002 4359 4361 6002 6002 4361 6000 6000 4361 5994 4361 4363 5994 4363 4365 5994 5994 4365 5991 4365 4367 5991 5991 4367 5986 4367 4369 5986 5986 4369 5983 5983 4369 5978 4369 4371 5978 5978 4373 5974 4371 4373 5978 5974 4373 5971 4373 4375 5971 5766 5007 5762 5762 5012 5759 5007 5012 5762 5759 5015 5754 5012 5015 5759 5015 5017 5754 5754 5018 5750 5017 5018 5754 5750 5020 5747 5018 5020 5750 5747 5021 5743 5020 5021 5747 5743 5023 5739 5739 5023 5736 5021 5023 5743 5023 5024 5736 5736 5025 5733 5733 5025 5729 5024 5025 5736 5025 5040 5729 5040 5042 5729 5729 5042 5726 5726 5042 5723 5042 5044 5723 5044 5046 5723 5723 5046 5719 5719 5046 5715 5046 5048 5715 5048 5050 5715 5715 5050 5711 5050 5052 5711 5711 5052 5708 5052 5051 5708 5708 5051 5713 5051 5049 5713 5713 5049 5717 5049 5047 5717 5717 5047 5721 5047 5045 5721 5721 5045 5724 5045 5043 5724 5724 5043 5728 5043 5041 5728 5728 5041 5731 5731 5027 5734 5041 5027 5731 5734 5026 5737 5027 5026 5734 5737 5028 5741 5026 5028 5737 5741 5029 5745 5745 5029 5749 5028 5029 5741 5749 5030 5752 5029 5030 5749 5752 5031 5757 5030 5031 5752 5031 5032 5757 5757 5033 5760 5032 5033 5757 5760 5010 5764 5764 5010 5768 5033 5010 5760 5010 5009 5768 5768 5004 5771 5771 5004 5775 5009 5004 5768 5004 5001 5775 5775 4997 5779 5001 4997 5775 5779 4993 5783 5783 4993 5787 4997 4993 5779 4993 4992 5787 5787 4992 5790 4992 4988 5790 5790 4988 5794 4988 4984 5794 4984 4980 5794 5794 4980 5798 4980 4977 5798 5798 4977 5802 5802 4977 5806 4977 4976 5806 4976 4972 5806 5806 4972 5808 4972 4968 5808 5808 4968 5810 4968 4965 5810 5810 4965 5812 4965 4927 5812 5812 4927 5814 4927 4921 5814 5814 4921 5816 4921 4919 5816 5816 4919 5817 4919 4917 5817 5817 4917 5819 4917 4915 5819 5819 4915 5821 4915 4913 5821 5821 4913 5823 4913 4911 5823 5823 4911 5825 4911 4909 5825 5825 4909 5826 4909 4907 5826 5826 4907 5828 4907 4905 5828 5828 4905 5830 4905 4903 5830 5830 4903 5832 4903 4901 5832 5832 4901 5834 5834 4899 5836 4901 4899 5834 5836 4897 5837 4899 4897 5836 5837 4895 5839 4897 4895 5837 5839 4893 5841 4895 4893 5839 4893 4891 5841 5841 4891 5843 4891 4889 5843 5843 4889 5845 4889 4887 5845 5845 4887 5847 4887 4885 5847 5847 4885 5849 4885 4883 5849 5849 4883 5851 4883 4881 5851 5851 4881 5853 4881 4879 5853 5853 4879 5855 4879 4877 5855 5855 4877 5892 4877 4875 5892 5892 4875 5907 4875 4873 5907 5907 4873 5908 4873 4871 5908 5908 4871 5909 4871 4869 5909 5909 4869 6031 6031 4867 6029 4869 4867 6031 6029 4865 6027 4867 4865 6029 6027 4863 6025 4865 4863 6027 6025 4861 6023 4863 4861 6025 6023 4859 6021 4861 4859 6023 6021 4858 6019 4859 4858 6021 6019 4860 6017 4858 4860 6019 6017 4862 6013 4860 4862 6017 6013 4864 6014 6014 4864 6011 4862 4864 6013 4864 4866 6011 6011 4868 6009 4866 4868 6011 6009 4870 6007 4868 4870 6009 6007 4872 6005 4870 4872 6007 6005 4874 5998 4872 4874 6005 4874 4876 5998 5998 4876 5999 5999 4876 5993 4876 4878 5993 4878 4880 5993 5993 4880 5990 4880 4882 5990 5990 4882 5985 5985 4882 5982 4882 4884 5982 5982 4886 5977 5977 4886 5970 4884 4886 5982 4886 4888 5970 5970 4890 5966 4888 4890 5970 5966 4892 5967 4890 4892 5966 5967 4894 5962 4892 4894 5967 5962 4896 5954 5954 4896 5955 4894 4896 5962 5955 4898 5950 4896 4898 5955 5950 4900 5946 4898 4900 5950 4900 4902 5946 5946 4904 5938 5938 4904 5939 4902 4904 5946 4904 4906 5939 5939 4908 5930 5930 4908 5931 4906 4908 5939 4908 4910 5931 5931 4912 5927 5927 4912 5923 4910 4912 5931 4912 4914 5923 5923 4916 5915 5915 4916 5916 4914 4916 5923 5916 4918 5911 4916 4918 5916 4918 4920 5911 5911 4922 5912 5912 4922 5918 4920 4922 5911 4922 4932 5918 4932 4942 5918 5918 4942 5921 5921 4942 5925 4942 4948 5925 4948 4954 5925 5925 4954 5807 5807 4954 5804 4954 4959 5804 4959 4963 5804 5804 4963 5800 4963 4969 5800 5800 4969 5796 4969 4974 5796 5796 4974 5792 5792 4974 5788 4974 4981 5788 4981 4985 5788 5788 4985 5785 4985 4990 5785 5785 4990 5781 4990 4995 5781 5781 4995 5777 5777 4995 5773 4995 4999 5773 5773 5005 5769 4999 5005 5773 5769 5005 5766 5005 5007 5766 5330 5333 5458 5458 5333 5455 5455 5335 5452 5333 5335 5455 5452 5337 5449 5449 5337 5446 5335 5337 5452 5337 5339 5446 5446 5340 5443 5339 5340 5446 5443 5343 5439 5439 5343 5436 5340 5343 5443 5436 5345 5432 5343 5345 5436 5345 5346 5432 5432 5349 5428 5428 5349 5424 5346 5349 5432 5349 5351 5424 5351 5353 5424 5424 5353 5419 5353 5355 5419 5419 5355 5414 5414 5355 5410 5355 5356 5410 5356 5359 5410 5410 5359 5406 5406 5359 5402 5359 5360 5402 5360 5361 5402 5402 5361 5399 5399 5361 5404 5361 5358 5404 5358 5357 5404 5404 5357 5408 5408 5357 5412 5357 5354 5412 5354 5352 5412 5412 5352 5416 5352 5350 5416 5416 5350 5422 5422 5350 5426 5350 5348 5426 5426 5347 5430 5348 5347 5426 5430 5344 5434 5347 5344 5430 5434 5342 5437 5344 5342 5434 5437 5341 5440 5342 5341 5437 5440 5338 5444 5341 5338 5440 5444 5336 5447 5338 5336 5444 5447 5334 5450 5336 5334 5447 5450 5332 5453 5334 5332 5450 5453 5331 5456 5456 5331 5459 5332 5331 5453 5331 5328 5459 5459 5326 5463 5463 5326 5466 5328 5326 5459 5326 5324 5466 5466 5322 5469 5324 5322 5466 5469 5321 5472 5472 5321 5475 5322 5321 5469 5321 5319 5475 5475 5319 5479 5319 5317 5479 5479 5317 5481 5317 5314 5481 5314 5312 5481 5481 5312 5483 5312 5310 5483 5483 5310 5485 5485 5310 5487 5310 5308 5487 5308 5306 5487 5487 5306 5489 5489 5306 5492 5306 5304 5492 5304 5302 5492 5492 5302 5494 5302 5300 5494 5494 5300 5496 5300 5299 5496 5496 5299 5498 5299 5297 5498 5498 5297 5500 5500 5297 5502 5297 5295 5502 5295 5293 5502 5502 5293 5504 5293 5291 5504 5504 5291 5506 5506 5291 5508 5291 5289 5508 5289 5287 5508 5508 5287 5511 5287 5285 5511 5511 5285 5513 5285 5283 5513 5513 5283 5515 5283 5281 5515 5515 5281 5517 5281 5279 5517 5517 5279 5782 5782 5277 5786 5279 5277 5782 5786 5277 5789 5277 5275 5789 5789 5273 5793 5275 5273 5789 5793 5271 5797 5273 5271 5793 5271 5269 5797 5797 5269 5801 5801 5269 5805 5269 5267 5805 5267 5265 5805 5805 5265 5933 5265 5263 5933 5933 5263 5936 5263 5261 5936 5936 5261 5941 5261 5259 5941 5941 5259 5944 5944 5259 5948 5259 5257 5948 5257 5255 5948 5948 5255 5952 5255 5253 5952 5952 5253 5654 5253 5251 5654 5654 5251 5651 5651 5251 5648 5251 5249 5648 5249 5247 5648 5648 5247 5645 5645 5245 5640 5640 5245 5637 5247 5245 5645 5637 5243 5634 5245 5243 5637 5243 5241 5634 5634 5239 5631 5241 5239 5634 5631 5237 5628 5239 5237 5631 5628 5236 5625 5625 5236 5622 5237 5236 5628 5622 5238 5619 5236 5238 5622 5238 5240 5619 5619 5242 5616 5616 5242 5611 5240 5242 5619 5242 5244 5611 5611 5246 5608 5608 5246 5605 5244 5246 5611 5246 5248 5605 5605 5250 5602 5248 5250 5605 5602 5252 5599 5599 5252 5596 5250 5252 5602 5252 5254 5596 5254 5256 5596 5596 5256 5591 5591 5256 5588 5256 5258 5588 5258 5260 5588 5588 5260 5585 5585 5262 5582 5582 5262 5579 5260 5262 5585 5262 5264 5579 5579 5266 5576 5576 5266 5571 5264 5266 5579 5266 5268 5571 5571 5270 5568 5268 5270 5571 5568 5272 5565 5270 5272 5568 5565 5274 5561 5272 5274 5565 5561 5276 5557 5274 5276 5561 5557 5278 5550 5276 5278 5557 5550 5280 5547 5278 5280 5550 5547 5282 5543 5280 5282 5547 5543 5284 5539 5539 5284 5535 5282 5284 5543 5284 5286 5535 5535 5288 5531 5286 5288 5535 5531 5290 5524 5288 5290 5531 5524 5292 5519 5290 5292 5524 5519 5294 5520 5292 5294 5519 5520 5296 5522 5294 5296 5520 5522 5298 5526 5296 5298 5522 5526 5301 5529 5529 5301 5533 5298 5301 5526 5301 5303 5533 5303 5305 5533 5533 5305 5537 5537 5305 5541 5305 5307 5541 5307 5309 5541 5541 5309 5545 5309 5311 5545 5545 5311 5552 5311 5313 5552 5552 5313 5555 5313 5315 5555 5555 5315 5559 5315 5316 5559 5559 5316 5563 5563 5316 5478 5316 5318 5478 5318 5320 5478 5478 5320 5474 5320 5323 5474 5474 5323 5471 5323 5325 5471 5471 5325 5468 5325 5327 5468 5468 5327 5465 5327 5329 5465 5465 5329 5462 5462 5330 5458 5329 5330 5462 6244 6245 3233 3233 6245 3234 3234 6246 3235 6245 6246 3234 3235 6247 3236 6246 6247 3235 3236 6248 3237 6247 6248 3236 3237 6249 3238 6248 6249 3237 3238 6250 3239 6249 6250 3238 3239 6251 3240 6250 6251 3239 3240 6252 3241 3241 6252 3242 6251 6252 3240 6252 6253 3242 3242 6254 3243 6253 6254 3242 6254 6255 3243 3243 6255 3244 6255 6256 3244 3244 6256 3245 6256 6257 3245 3245 6257 3246 6257 6258 3246 3246 6258 3247 6258 6259 3247 3247 6259 3248 6259 6260 3248 3248 6260 3249 6260 6261 3249 3249 6261 3251 6261 6262 3251 3251 6262 3253 6262 6263 3253 3253 6263 3255 6263 6264 3255 3255 6264 3257 6264 6265 3257 3257 6265 3259 6265 6266 3259 3259 6266 3261 3261 6267 3263 6266 6267 3261 3263 6268 3265 6267 6268 3263 3265 6269 3267 6268 6269 3265 3267 6270 3269 6269 6270 3267 3269 6271 3271 6270 6271 3269 3271 6272 3273 3273 6272 3275 6271 6272 3271 6272 6273 3275 3275 6274 3277 6273 6274 3275 3277 6275 3278 6274 6275 3277 3278 6276 3279 6275 6276 3278 3279 6277 3280 6276 6277 3279 3280 6278 3281 6277 6278 3280 3281 6279 3282 6278 6279 3281 3282 6280 3283 6279 6280 3282 6280 6281 3283 3283 6281 3284 6281 6282 3284 3284 6282 3285 6282 6283 3285 3285 6283 3286 6283 6284 3286 3286 6284 3287 6284 6285 3287 3287 6285 3288 6285 6286 3288 3288 6286 3289 6286 6287 3289 3289 6287 3290 3290 6287 3291 6287 6288 3291 6288 6289 3291 3291 6289 3292 6289 6290 3292 3292 6290 3293 6290 6291 3293 3293 6291 3294 6291 6292 3294 3294 6292 3295 6292 6293 3295 3295 6293 3296 6293 6294 3296 3296 6294 3297 6294 6295 3297 3297 6295 3298 6295 6296 3298 3298 6296 3299 6296 6297 3299 3299 6297 3300 6297 6298 3300 3300 6298 3301 6298 6299 3301 3301 6299 3302 6299 6300 3302 3302 6300 3303 6300 6301 3303 3303 6301 3304 3304 6302 3305 6301 6302 3304 3305 6303 3306 6302 6303 3305 3306 6304 3307 6303 6304 3306 3307 6305 3308 6304 6305 3307 6305 6306 3308 3308 6306 3309 6306 6307 3309 3309 6307 3310 6307 6308 3310 3310 6308 3311 6308 6309 3311 3311 6309 3276 6309 6310 3276 3276 6310 3274 6310 6311 3274 3274 6311 3272 6311 6312 3272 3272 6312 3270 6312 6313 3270 3270 6313 3268 6313 6314 3268 3268 6314 3266 6314 6315 3266 3266 6315 3264 6315 6316 3264 3264 6316 3262 6316 6317 3262 3262 6317 3260 3260 6318 3258 6317 6318 3260 3258 6319 3256 6318 6319 3258 3256 6320 3254 6319 6320 3256 3254 6321 3252 6320 6321 3254 3252 6322 3232 6321 6322 3252 3232 6323 3231 6322 6323 3232 3231 6324 3230 6323 6324 3231 3230 6325 3229 6324 6325 3230 3229 6326 3228 6325 6326 3229 3228 6327 3227 6326 6327 3228 3227 6328 3226 6327 6328 3227 3226 6329 3225 6328 6329 3226 3225 6330 3224 6329 6330 3225 3224 6331 3223 6330 6331 3224 6331 6332 3223 3223 6332 3222 6332 6333 3222 3222 6333 3221 6333 6334 3221 3221 6334 3220 6334 6335 3220 3220 6335 3219 3219 6336 3218 6335 6336 3219 3218 6337 3217 6336 6337 3218 3217 6338 3216 6337 6338 3217 3216 6339 3215 6338 6339 3216 3215 6340 3214 6339 6340 3215 3214 6341 3212 6340 6341 3214 3212 6342 3210 6341 6342 3212 3210 6343 3208 6342 6343 3210 3208 6344 3206 6343 6344 3208 3206 6345 3204 6344 6345 3206 3204 6346 3202 6345 6346 3204 3202 6347 3200 6346 6347 3202 3200 6348 3198 6347 6348 3200 3198 6349 3196 6348 6349 3198 3196 6350 3194 6349 6350 3196 3194 6351 3192 6350 6351 3194 3192 6352 3190 6351 6352 3192 3190 6353 3188 6352 6353 3190 3188 6354 3187 6353 6354 3188 3187 6355 3186 6354 6355 3187 6355 6356 3186 3186 6356 3189 6356 6357 3189 3189 6357 3191 6357 6358 3191 3191 6358 3193 6358 6359 3193 3193 6359 3195 6359 6360 3195 3195 6360 3197 6360 6361 3197 3197 6361 3199 6361 6362 3199 3199 6362 3201 6362 6363 3201 3201 6363 3203 6363 6364 3203 3203 6364 3205 6364 6365 3205 3205 6365 3207 6365 6366 3207 3207 6366 3209 6366 6367 3209 3209 6367 3211 6367 6368 3211 3211 6368 3213 6368 6369 3213 3213 6369 3250 3250 6244 3233 6369 6244 3250 6370 6355 6354 6371 6370 6354 6371 6354 6353 6372 6356 6355 6372 6355 6370 6373 6353 6352 6373 6371 6353 6374 6357 6356 6374 6356 6372 6375 6373 6352 6375 6352 6351 6376 6358 6357 6376 6357 6374 6377 6351 6350 6377 6375 6351 6378 6359 6358 6378 6358 6376 6379 6350 6349 6379 6377 6350 6380 6359 6378 6380 6360 6359 6381 6349 6348 6381 6379 6349 6382 6361 6360 6382 6360 6380 6383 6348 6347 6383 6381 6348 6384 6362 6361 6384 6361 6382 6385 6347 6346 6385 6383 6347 6386 6362 6384 6386 6363 6362 6387 6346 6345 6387 6385 6346 6388 6364 6363 6388 6363 6386 6389 6345 6344 6389 6387 6345 6390 6365 6364 6390 6364 6388 6391 6389 6344 6391 6344 6343 6392 6366 6365 6392 6365 6390 6393 6391 6343 6393 6343 6342 6394 6367 6366 6394 6366 6392 6395 6393 6342 6395 6342 6341 6396 6368 6367 6396 6367 6394 6397 6395 6341 6397 6341 6340 6398 6369 6368 6398 6368 6396 6399 6340 6339 6399 6397 6340 6400 6244 6369 6400 6369 6398 6401 6399 6339 6401 6339 6338 6402 6244 6400 6402 6245 6244 6403 6401 6338 6403 6338 6337 6404 6246 6245 6404 6245 6402 6405 6403 6337 6405 6337 6336 6406 6247 6246 6406 6246 6404 6407 6405 6336 6407 6336 6335 6408 6248 6247 6408 6247 6406 6409 6407 6335 6409 6335 6334 6410 6249 6248 6410 6248 6408 6411 6409 6334 6411 6334 6333 6412 6250 6249 6412 6249 6410 6413 6411 6333 6413 6333 6332 6414 6251 6250 6414 6250 6412 6415 6413 6332 6415 6332 6331 6416 6252 6251 6416 6251 6414 6417 6415 6331 6417 6331 6330 6418 6253 6252 6418 6252 6416 6419 6417 6330 6419 6330 6329 6420 6254 6253 6420 6253 6418 6421 6419 6329 6421 6329 6328 6422 6255 6254 6422 6254 6420 6423 6421 6328 6423 6328 6327 6424 6256 6255 6424 6255 6422 6425 6423 6327 6425 6327 6326 6426 6257 6256 6426 6256 6424 6427 6326 6325 6427 6425 6326 6428 6258 6257 6428 6257 6426 6429 6427 6325 6429 6325 6324 6430 6259 6258 6430 6258 6428 6431 6429 6324 6323 6431 6324 6432 6259 6430 6433 6431 6323 6260 6259 6432 6434 6260 6432 6322 6435 6433 6322 6433 6323 6261 6260 6434 6261 6434 6436 6321 6435 6322 6321 6437 6435 6262 6261 6436 6262 6436 6438 6320 6439 6437 6320 6437 6321 6263 6262 6438 6263 6438 6440 6319 6441 6439 6319 6439 6320 6264 6440 6442 6264 6263 6440 6318 6443 6441 6318 6441 6319 6265 6442 6444 6265 6264 6442 6317 6445 6443 6317 6443 6318 6266 6444 6446 6266 6265 6444 6316 6447 6445 6316 6445 6317 6267 6446 6448 6267 6266 6446 6315 6449 6447 6315 6447 6316 6268 6448 6450 6268 6267 6448 6314 6451 6449 6314 6449 6315 6269 6450 6452 6269 6268 6450 6313 6453 6451 6313 6451 6314 6270 6452 6454 6270 6269 6452 6312 6455 6453 6312 6453 6313 6271 6454 6456 6271 6270 6454 6311 6457 6455 6311 6455 6312 6272 6456 6458 6272 6271 6456 6310 6459 6457 6310 6457 6311 6273 6458 6460 6273 6272 6458 6309 6461 6459 6309 6459 6310 6274 6273 6460 6274 6460 6462 6308 6463 6461 6308 6461 6309 6275 6462 6464 6275 6274 6462 6307 6465 6463 6307 6463 6308 6276 6275 6464 6276 6464 6466 6306 6467 6465 6306 6465 6307 6277 6466 6468 6277 6276 6466 6305 6469 6467 6305 6467 6306 6278 6277 6468 6278 6468 6470 6304 6471 6469 6304 6469 6305 6279 6278 6470 6279 6470 6472 6303 6471 6304 6303 6473 6471 6280 6279 6472 6280 6472 6474 6302 6473 6303 6302 6475 6473 6281 6280 6474 6281 6474 6476 6301 6477 6475 6301 6475 6302 6282 6281 6476 6282 6476 6478 6300 6477 6301 6300 6479 6477 6283 6282 6478 6283 6478 6480 6299 6481 6479 6299 6479 6300 6284 6283 6480 6284 6480 6482 6298 6483 6481 6298 6481 6299 6285 6284 6482 6285 6482 6484 6297 6483 6298 6297 6485 6483 6286 6285 6484 6286 6484 6486 6296 6487 6485 6296 6485 6297 6287 6286 6486 6287 6486 6488 6295 6487 6296 6295 6489 6487 6288 6287 6488 6288 6488 6490 6294 6489 6295 6294 6491 6489 6289 6490 6492 6289 6288 6490 6293 6493 6491 6293 6491 6294 6290 6492 6494 6290 6289 6492 6292 6495 6493 6292 6493 6293 6291 6290 6494 6291 6494 6495 6291 6495 6292 6496 6497 3343 3343 6497 3345 3345 6498 3346 6497 6498 3345 3346 6499 3380 6498 6499 3346 3380 6500 3381 6499 6500 3380 3381 6501 3382 6500 6501 3381 3382 6502 3383 6501 6502 3382 3383 6503 3384 6502 6503 3383 3384 6504 3385 3385 6504 3386 6503 6504 3384 6504 6505 3386 3386 6506 3387 6505 6506 3386 6506 6507 3387 3387 6507 3388 6507 6508 3388 3388 6508 3389 6508 6509 3389 3389 6509 3390 6509 6510 3390 3390 6510 3391 6510 6511 3391 3391 6511 3392 6511 6512 3392 3392 6512 3393 6512 6513 3393 3393 6513 3394 6513 6514 3394 3394 6514 3395 6514 6515 3395 3395 6515 3396 6515 6516 3396 3396 6516 3397 6516 6517 3397 3397 6517 3398 6517 6518 3398 3398 6518 3399 3399 6519 3400 6518 6519 3399 3400 6520 3401 6519 6520 3400 3401 6521 3402 6520 6521 3401 3402 6522 3403 6521 6522 3402 3403 6523 3404 6522 6523 3403 3404 6524 3405 3405 6524 3406 6523 6524 3404 6524 6525 3406 3406 6526 3407 6525 6526 3406 3407 6527 3408 6526 6527 3407 3408 6528 3409 6527 6528 3408 3409 6529 3410 6528 6529 3409 3410 6530 3411 6529 6530 3410 3411 6531 3412 6530 6531 3411 3412 6532 3413 6531 6532 3412 6532 6533 3413 3413 6533 3414 6533 6534 3414 3414 6534 3415 6534 6535 3415 3415 6535 3416 6535 6536 3416 3416 6536 3417 6536 6537 3417 3417 6537 3418 6537 6538 3418 3418 6538 3419 6538 6539 3419 3419 6539 3420 3420 6539 3421 6539 6540 3421 6540 6541 3421 3421 6541 3422 6541 6542 3422 3422 6542 3423 6542 6543 3423 3423 6543 3424 6543 6544 3424 3424 6544 3425 6544 6545 3425 3425 6545 3426 6545 6546 3426 3426 6546 3427 6546 6547 3427 3427 6547 3428 6547 6548 3428 3428 6548 3429 6548 6549 3429 3429 6549 3430 6549 6550 3430 3430 6550 3431 6550 6551 3431 3431 6551 3432 6551 6552 3432 3432 6552 3433 6552 6553 3433 3433 6553 3434 3434 6554 3435 6553 6554 3434 3435 6555 3436 6554 6555 3435 3436 6556 3437 6555 6556 3436 3437 6557 3379 6556 6557 3437 6557 6558 3379 3379 6558 3378 6558 6559 3378 3378 6559 3377 6559 6560 3377 3377 6560 3376 6560 6561 3376 3376 6561 3375 6561 6562 3375 3375 6562 3374 6562 6563 3374 3374 6563 3373 6563 6564 3373 3373 6564 3372 6564 6565 3372 3372 6565 3371 6565 6566 3371 3371 6566 3370 6566 6567 3370 3370 6567 3369 6567 6568 3369 3369 6568 3368 6568 6569 3368 3368 6569 3367 3367 6570 3366 6569 6570 3367 3366 6571 3365 6570 6571 3366 3365 6572 3364 6571 6572 3365 3364 6573 3363 6572 6573 3364 3363 6574 3362 6573 6574 3363 3362 6575 3361 6574 6575 3362 3361 6576 3347 6575 6576 3361 3347 6577 3348 6576 6577 3347 3348 6578 3349 6577 6578 3348 3349 6579 3350 6578 6579 3349 3350 6580 3351 6579 6580 3350 3351 6581 3352 6580 6581 3351 3352 6582 3353 6581 6582 3352 3353 6583 3354 6582 6583 3353 6583 6584 3354 3354 6584 3355 6584 6585 3355 3355 6585 3356 6585 6586 3356 3356 6586 3357 6586 6587 3357 3357 6587 3358 3358 6588 3359 6587 6588 3358 3359 6589 3360 6588 6589 3359 3360 6590 3344 6589 6590 3360 3344 6591 3342 6590 6591 3344 3342 6592 3340 6591 6592 3342 3340 6593 3338 6592 6593 3340 3338 6594 3336 6593 6594 3338 3336 6595 3334 6594 6595 3336 3334 6596 3332 6595 6596 3334 3332 6597 3330 6596 6597 3332 3330 6598 3328 6597 6598 3330 3328 6599 3326 6598 6599 3328 3326 6600 3324 6599 6600 3326 3324 6601 3322 6600 6601 3324 3322 6602 3320 6601 6602 3322 3320 6603 3318 6602 6603 3320 3318 6604 3316 6603 6604 3318 3316 6605 3314 6604 6605 3316 3314 6606 3313 6605 6606 3314 3313 6607 3312 6606 6607 3313 6607 6608 3312 3312 6608 3315 6608 6609 3315 3315 6609 3317 6609 6610 3317 3317 6610 3319 6610 6611 3319 3319 6611 3321 6611 6612 3321 3321 6612 3323 6612 6613 3323 3323 6613 3325 6613 6614 3325 3325 6614 3327 6614 6615 3327 3327 6615 3329 6615 6616 3329 3329 6616 3331 6616 6617 3331 3331 6617 3333 6617 6618 3333 3333 6618 3335 6618 6619 3335 3335 6619 3337 6619 6620 3337 3337 6620 3339 6620 6621 3339 3339 6621 3341 3341 6496 3343 6621 6496 3341 6622 6607 6606 6623 6622 6606 6623 6606 6605 6624 6608 6607 6624 6607 6622 6625 6605 6604 6625 6623 6605 6626 6609 6608 6626 6608 6624 6627 6625 6604 6627 6604 6603 6628 6610 6609 6628 6609 6626 6629 6603 6602 6629 6627 6603 6630 6611 6610 6630 6610 6628 6631 6602 6601 6631 6629 6602 6632 6611 6630 6632 6612 6611 6633 6601 6600 6633 6631 6601 6634 6613 6612 6634 6612 6632 6635 6600 6599 6635 6633 6600 6636 6614 6613 6636 6613 6634 6637 6599 6598 6637 6635 6599 6638 6614 6636 6638 6615 6614 6639 6598 6597 6639 6637 6598 6640 6616 6615 6640 6615 6638 6641 6597 6596 6641 6639 6597 6642 6617 6616 6642 6616 6640 6643 6641 6596 6643 6596 6595 6644 6618 6617 6644 6617 6642 6645 6643 6595 6645 6595 6594 6646 6619 6618 6646 6618 6644 6647 6645 6594 6647 6594 6593 6648 6620 6619 6648 6619 6646 6649 6647 6593 6649 6593 6592 6650 6621 6620 6650 6620 6648 6651 6592 6591 6651 6649 6592 6652 6496 6621 6652 6621 6650 6653 6651 6591 6653 6591 6590 6654 6496 6652 6654 6497 6496 6655 6653 6590 6655 6590 6589 6656 6498 6497 6656 6497 6654 6657 6655 6589 6657 6589 6588 6658 6499 6498 6658 6498 6656 6659 6657 6588 6659 6588 6587 6660 6500 6499 6660 6499 6658 6661 6659 6587 6661 6587 6586 6662 6501 6500 6662 6500 6660 6663 6661 6586 6663 6586 6585 6664 6502 6501 6664 6501 6662 6665 6663 6585 6665 6585 6584 6666 6503 6502 6666 6502 6664 6667 6665 6584 6667 6584 6583 6668 6504 6503 6668 6503 6666 6669 6667 6583 6669 6583 6582 6670 6505 6504 6670 6504 6668 6671 6669 6582 6671 6582 6581 6672 6506 6505 6672 6505 6670 6673 6671 6581 6673 6581 6580 6674 6507 6506 6674 6506 6672 6675 6673 6580 6675 6580 6579 6676 6508 6507 6676 6507 6674 6677 6675 6579 6677 6579 6578 6678 6509 6508 6678 6508 6676 6679 6578 6577 6679 6677 6578 6680 6510 6509 6680 6509 6678 6681 6679 6577 6681 6577 6576 6682 6511 6510 6682 6510 6680 6683 6681 6576 6575 6683 6576 6684 6511 6682 6685 6683 6575 6512 6511 6684 6686 6512 6684 6574 6687 6685 6574 6685 6575 6513 6512 6686 6513 6686 6688 6573 6687 6574 6573 6689 6687 6514 6513 6688 6514 6688 6690 6572 6691 6689 6572 6689 6573 6515 6514 6690 6515 6690 6692 6571 6693 6691 6571 6691 6572 6516 6692 6694 6516 6515 6692 6570 6695 6693 6570 6693 6571 6517 6694 6696 6517 6516 6694 6569 6697 6695 6569 6695 6570 6518 6696 6698 6518 6517 6696 6568 6699 6697 6568 6697 6569 6519 6698 6700 6519 6518 6698 6567 6701 6699 6567 6699 6568 6520 6700 6702 6520 6519 6700 6566 6703 6701 6566 6701 6567 6521 6702 6704 6521 6520 6702 6565 6705 6703 6565 6703 6566 6522 6704 6706 6522 6521 6704 6564 6707 6705 6564 6705 6565 6523 6706 6708 6523 6522 6706 6563 6709 6707 6563 6707 6564 6524 6708 6710 6524 6523 6708 6562 6711 6709 6562 6709 6563 6525 6710 6712 6525 6524 6710 6561 6713 6711 6561 6711 6562 6526 6525 6712 6526 6712 6714 6560 6715 6713 6560 6713 6561 6527 6714 6716 6527 6526 6714 6559 6717 6715 6559 6715 6560 6528 6527 6716 6528 6716 6718 6558 6719 6717 6558 6717 6559 6529 6718 6720 6529 6528 6718 6557 6721 6719 6557 6719 6558 6530 6529 6720 6530 6720 6722 6556 6723 6721 6556 6721 6557 6531 6530 6722 6531 6722 6724 6555 6723 6556 6555 6725 6723 6532 6531 6724 6532 6724 6726 6554 6725 6555 6554 6727 6725 6533 6532 6726 6533 6726 6728 6553 6729 6727 6553 6727 6554 6534 6533 6728 6534 6728 6730 6552 6729 6553 6552 6731 6729 6535 6534 6730 6535 6730 6732 6551 6733 6731 6551 6731 6552 6536 6535 6732 6536 6732 6734 6550 6735 6733 6550 6733 6551 6537 6536 6734 6537 6734 6736 6549 6735 6550 6549 6737 6735 6538 6537 6736 6538 6736 6738 6548 6739 6737 6548 6737 6549 6539 6538 6738 6539 6738 6740 6547 6739 6548 6547 6741 6739 6540 6539 6740 6540 6740 6742 6546 6741 6547 6546 6743 6741 6541 6742 6744 6541 6540 6742 6545 6745 6743 6545 6743 6546 6542 6744 6746 6542 6541 6744 6544 6747 6745 6544 6745 6545 6543 6542 6746 6543 6746 6747 6543 6747 6544 1857 6716 1856 1856 6714 1855 6716 6714 1856 1855 6712 1854 6714 6712 1855 1854 6710 1853 6712 6710 1854 1853 6708 1852 6710 6708 1853 1852 6706 1849 6708 6706 1852 1849 6704 1846 6706 6704 1849 1846 6702 1843 6704 6702 1846 1843 6700 1838 6702 6700 1843 1838 6698 1835 6700 6698 1838 1835 6696 1832 6698 6696 1835 6696 6694 1832 1832 6694 1829 6694 6692 1829 1829 6692 1825 6692 6690 1825 1825 6690 1818 1818 6688 1814 6690 6688 1818 6688 6686 1814 1814 6686 1810 1810 6684 1808 6686 6684 1810 1808 6682 1804 6684 6682 1808 1804 6680 1801 6682 6680 1804 1801 6678 1799 6680 6678 1801 1799 6676 1805 6678 6676 1799 1805 6674 1811 6676 6674 1805 1811 6672 1815 6674 6672 1811 1815 6670 1819 6672 6670 1815 1819 6668 1822 6670 6668 1819 1822 6666 1826 6668 6666 1822 1826 6664 1766 6666 6664 1826 6664 6662 1766 1766 6662 1764 6662 6660 1764 1764 6660 1762 6660 6658 1762 1762 6658 1760 6658 6656 1760 1760 6656 1758 6656 6654 1758 1758 6654 1756 6654 6652 1756 1756 6652 1754 6652 6650 1754 1754 6650 1752 1752 6648 1750 6650 6648 1752 1750 6646 1748 6648 6646 1750 6646 6644 1748 1748 6644 1746 6644 6642 1746 1746 6642 1744 6642 6640 1744 1744 6640 1742 6640 6638 1742 1742 6638 1740 6638 6636 1740 1740 6636 1738 6636 6634 1738 1738 6634 1736 6634 6632 1736 1736 6632 1734 6632 6630 1734 1734 6630 1732 6630 6628 1732 1732 6628 1729 6628 6626 1729 1729 6626 1727 6626 6624 1727 1727 6624 1724 6624 6622 1724 1724 6622 1725 6622 6623 1725 1725 6623 1728 6623 6625 1728 1728 6625 1730 6625 6627 1730 1730 6627 1733 6627 6629 1733 1733 6629 1735 6629 6631 1735 1735 6631 1737 6631 6633 1737 1737 6633 1739 1739 6635 1741 6633 6635 1739 1741 6637 1743 6635 6637 1741 1743 6639 1745 6637 6639 1743 1745 6641 1747 6639 6641 1745 1747 6643 1749 6641 6643 1747 1749 6645 1751 6643 6645 1749 1751 6647 1753 6645 6647 1751 1753 6649 1755 6647 6649 1753 6649 6651 1755 6651 6653 1755 1757 6653 1759 1755 6653 1757 6653 6655 1759 6655 6657 1759 1761 6657 1763 1759 6657 1761 6657 6659 1763 1763 6659 1765 6659 6661 1765 1765 6661 1767 6661 6663 1767 6663 6665 1767 1767 6665 1768 6665 6667 1768 1769 6667 1770 1768 6667 1769 6667 6669 1770 1770 6669 1771 6669 6671 1771 1771 6671 1772 6671 6673 1772 1772 6673 1773 1773 6675 1774 6673 6675 1773 1774 6677 1775 6675 6677 1774 1775 6679 1776 6677 6679 1775 1776 6681 1777 6679 6681 1776 6681 6683 1777 1778 6685 1779 1777 6685 1778 6683 6685 1777 1779 6687 1780 6685 6687 1779 6687 6689 1780 1781 6691 1782 1780 6691 1781 6689 6691 1780 1782 6693 1783 6691 6693 1782 1783 6695 1784 6693 6695 1783 1784 6697 1785 6695 6697 1784 6697 6699 1785 6699 6701 1785 1786 6701 1787 1785 6701 1786 6701 6703 1787 6703 6705 1787 1787 6705 1788 6705 6707 1788 1789 6707 1790 1788 6707 1789 6707 6709 1790 1790 6709 1791 6709 6711 1791 6711 6713 1791 1792 6713 1793 1791 6713 1792 6713 6715 1793 1793 6715 1794 6715 6717 1794 1795 6719 1796 1794 6719 1795 6717 6719 1794 1796 6721 1797 6719 6721 1796 6721 6723 1797 1798 6725 1909 1797 6725 1798 6723 6725 1797 1909 6727 1907 6725 6727 1909 1907 6729 1905 6727 6729 1907 1905 6731 1903 6729 6731 1905 6731 6733 1903 1901 6735 1899 1903 6735 1901 6733 6735 1903 6735 6737 1899 1899 6739 1896 6737 6739 1899 1894 6741 1892 1896 6741 1894 6739 6741 1896 1892 6743 1890 6741 6743 1892 6743 6745 1890 1890 6747 1888 6745 6747 1890 1888 6746 1886 6747 6746 1888 1883 6744 1881 1886 6744 1883 6746 6744 1886 6744 6742 1881 1881 6742 1879 6742 6740 1879 1879 6740 1877 6740 6738 1877 1877 6738 1875 1875 6736 1872 6738 6736 1875 1872 6734 1870 6736 6734 1872 6734 6732 1870 1868 6730 1866 1870 6730 1868 6732 6730 1870 6730 6728 1866 1866 6726 1865 6728 6726 1866 1864 6724 1863 1865 6724 1864 6726 6724 1865 1863 6722 1862 6724 6722 1863 1862 6720 1861 6722 6720 1862 6720 6718 1861 1861 6716 1857 6718 6716 1861 2184 6464 2183 2183 6462 2182 6464 6462 2183 2182 6460 2181 6462 6460 2182 2181 6458 2180 6460 6458 2181 2180 6456 2179 6458 6456 2180 2179 6454 2178 6456 6454 2179 2178 6452 2177 6454 6452 2178 2177 6450 2176 6452 6450 2177 2176 6448 2175 6450 6448 2176 2175 6446 2174 6448 6446 2175 2174 6444 2173 6446 6444 2174 6444 6442 2173 2173 6442 2172 6442 6440 2172 2172 6440 2152 6440 6438 2152 2152 6438 2141 2141 6436 2140 6438 6436 2141 6436 6434 2140 2140 6434 2139 2139 6432 2138 6434 6432 2139 2138 6430 2137 6432 6430 2138 2137 6428 2136 6430 6428 2137 2136 6426 2135 6428 6426 2136 2135 6424 2134 6426 6424 2135 2134 6422 2133 6424 6422 2134 2133 6420 2132 6422 6420 2133 2132 6418 2131 6420 6418 2132 2131 6416 2130 6418 6416 2131 2130 6414 2129 6416 6414 2130 2129 6412 2128 6414 6412 2129 6412 6410 2128 2128 6410 2127 6410 6408 2127 2127 6408 2126 6408 6406 2126 2126 6406 2125 6406 6404 2125 2125 6404 2124 6404 6402 2124 2124 6402 2123 6402 6400 2123 2123 6400 2122 6400 6398 2122 2122 6398 2121 2121 6396 2118 6398 6396 2121 2118 6394 2079 6396 6394 2118 6394 6392 2079 2079 6392 2076 6392 6390 2076 2076 6390 2072 6390 6388 2072 2072 6388 2068 6388 6386 2068 2068 6386 2064 6386 6384 2064 2064 6384 2060 6384 6382 2060 2060 6382 2055 6382 6380 2055 2055 6380 2050 6380 6378 2050 2050 6378 2046 6378 6376 2046 2046 6376 2042 6376 6374 2042 2042 6374 2038 6374 6372 2038 2038 6372 2033 6372 6370 2033 2033 6370 2035 6370 6371 2035 2035 6371 2039 6371 6373 2039 2039 6373 2044 6373 6375 2044 2044 6375 2048 6375 6377 2048 2048 6377 2053 6377 6379 2053 2053 6379 2057 6379 6381 2057 2057 6381 2062 2062 6383 2066 6381 6383 2062 2066 6385 2070 6383 6385 2066 2070 6387 2074 6385 6387 2070 2074 6389 2078 6387 6389 2074 2078 6391 2080 6389 6391 2078 2080 6393 2081 6391 6393 2080 2081 6395 2082 6393 6395 2081 2082 6397 2083 6395 6397 2082 6397 6399 2083 6399 6401 2083 2084 6401 2086 2083 6401 2084 6401 6403 2086 6403 6405 2086 2087 6405 2088 2086 6405 2087 6405 6407 2088 2088 6407 2089 6407 6409 2089 2089 6409 2090 6409 6411 2090 6411 6413 2090 2090 6413 2091 6413 6415 2091 2093 6415 2095 2091 6415 2093 6415 6417 2095 2095 6417 2098 6417 6419 2098 2098 6419 2100 6419 6421 2100 2100 6421 2102 2102 6423 2104 6421 6423 2102 2104 6425 2106 6423 6425 2104 2106 6427 2108 6425 6427 2106 2108 6429 2111 6427 6429 2108 6429 6431 2111 2113 6433 2115 2111 6433 2113 6431 6433 2111 2115 6435 2150 6433 6435 2115 6435 6437 2150 2153 6439 2155 2150 6439 2153 6437 6439 2150 2155 6441 2158 6439 6441 2155 2158 6443 2160 6441 6443 2158 2160 6445 2162 6443 6445 2160 6445 6447 2162 6447 6449 2162 2164 6449 2166 2162 6449 2164 6449 6451 2166 6451 6453 2166 2166 6453 2168 6453 6455 2168 2170 6455 2229 2168 6455 2170 6455 6457 2229 2229 6457 2228 6457 6459 2228 6459 6461 2228 2227 6461 2226 2228 6461 2227 6461 6463 2226 2226 6463 2223 6463 6465 2223 2221 6467 2219 2223 6467 2221 6465 6467 2223 2219 6469 2217 6467 6469 2219 6469 6471 2217 2215 6473 2212 2217 6473 2215 6471 6473 2217 2212 6475 2211 6473 6475 2212 2211 6477 2210 6475 6477 2211 2210 6479 2209 6477 6479 2210 6479 6481 2209 2208 6483 2207 2209 6483 2208 6481 6483 2209 6483 6485 2207 2207 6487 2206 6485 6487 2207 2205 6489 2204 2206 6489 2205 6487 6489 2206 2204 6491 2203 6489 6491 2204 6491 6493 2203 2203 6495 2202 6493 6495 2203 2202 6494 2201 6495 6494 2202 2200 6492 2197 2201 6492 2200 6494 6492 2201 6492 6490 2197 2197 6490 2196 6490 6488 2196 2196 6488 2195 6488 6486 2195 2195 6486 2194 2194 6484 2193 6486 6484 2194 2193 6482 2192 6484 6482 2193 6482 6480 2192 2191 6478 2190 2192 6478 2191 6480 6478 2192 6478 6476 2190 2190 6474 2189 6476 6474 2190 2188 6472 2187 2189 6472 2188 6474 6472 2189 2187 6470 2186 6472 6470 2187 2186 6468 2185 6470 6468 2186 6468 6466 2185 2185 6464 2184 6466 6464 2185 3080 3079 3078 3081 3080 3078 3083 3081 3078 3087 3086 3084 3092 3084 3083 3092 3091 3087 3092 3083 3078 3092 3087 3084 3095 3092 3078 3103 3096 3095 3103 3095 3078 3118 3110 3104 3118 3111 3110 3118 3117 3111 3124 3104 3103 3124 3118 3104 3131 3125 3124 3131 3103 3078 3131 3124 3103 3139 3132 3131 3139 3138 3132 3139 3131 3078 3146 3145 3139 3159 3152 3146 3159 3153 3152 3159 3139 3078 3159 3146 3139 3160 3159 3078 3167 3166 3160 3076 3078 2117 3076 3167 3160 3076 3160 3078 2974 3076 2117 2980 2974 2117 2982 2980 2117 2983 2982 2117 2988 2983 2117 2990 2988 2117 2995 2990 2117 2423 2421 3030 2423 3030 3025 2416 3030 2421 2416 3032 3030 2416 3038 3032 2429 2423 3025 2429 3025 3023 2414 3038 2416 2430 2429 3023 2430 3023 3018 2409 3038 2414 2409 3039 3038 2436 3018 3017 2436 2430 3018 2408 3039 2409 2408 3045 3039 2402 3045 2408 2402 3046 3045 2402 3052 3046 2437 3017 3011 2437 2436 3017 2443 3011 3009 2443 2437 3011 2400 3052 2402 2444 3009 3004 2444 2443 3009 2395 3052 2400 2395 3053 3052 2450 2444 3004 2450 3004 3003 2394 3053 2395 2394 3059 3053 2451 2450 3003 2451 3003 2997 2388 3059 2394 2388 3060 3059 2456 2451 2997 2456 2997 2995 2386 3060 2388 2386 3065 3060 2381 3065 2386 2381 3067 3065 2379 3067 2381 2379 3069 3067 2379 3071 3069 2374 3073 3071 2374 3071 2379 2373 3073 2374 2371 3074 3073 2371 3073 2373 2365 2965 3074 2365 3074 2371 1726 2995 2117 1726 2458 2456 1726 2460 2458 1726 2462 2460 1726 2463 2462 1726 2465 2463 1726 2356 2465 1726 2456 2995 2247 2356 1726 2247 1726 2244 2249 2248 2247 2252 2250 2249 2322 2329 2328 2321 2335 2329 2321 2336 2335 2321 2244 2336 2321 2329 2322 2255 2253 2252 2260 2256 2255 2314 2321 2315 2314 2247 2244 2314 2244 2321 2264 2261 2260 2264 2249 2247 2264 2252 2249 2264 2255 2252 2264 2260 2255 2272 2265 2264 2273 2272 2264 2294 2301 2300 2279 2307 2301 2279 2308 2307 2279 2314 2308 2279 2247 2314 2279 2264 2247 2279 2273 2264 2293 2301 2294 2286 2280 2279 2286 2293 2287 2286 2279 2301 2286 2301 2293 2467 2965 2365 2467 2961 2965</p>
        </triangles>
      </mesh>
    </geometry>
  </library_geometries>
  <library_visual_scenes>
    <visual_scene id="DefaultScene">
      <node id="node_44fccec4_5751_4a2c_990e_6ba7fbb2c913" type="NODE">
        <matrix>1 0 0 0 0 1 0 0 0 0 1 0 0 0 0 1</matrix>
        <node id="node_8791a1eb_1dc5_4d7b_a498_cf23d5c37b7a" type="NODE">
          <matrix>1 0 0 0 0 1 0 0 0 0 1 0 0 0 0 1</matrix>
          <node id="node_8791a1eb_1dc5_4d7b_a498_cf23d5c37b7a_mesh0" type="NODE">
            <matrix>1 0 0 0 0 1 0 0 0 0 1 0 0 0 0 1</matrix>
            <instance_geometry url="#geometry_524fc283_ad56_42f0_9312_d5bdd75a43a3">
              <bind_material>
                <technique_common>
                  <instance_material symbol="mat_0" target="#mat_0"/>
                </technique_common>
              </bind_material>
            </instance_geometry>
          </node>
        </node>
      </node>
    </visual_scene>
  </library_visual_scenes>
  <scene>
    <instance_visual_scene url="#DefaultScene"/>
  </scene>
</COLLADA>
