<COLLADA xmlns="http://www.collada.org/2005/11/COLLADASchema" version="1.4.1">
  <asset>
    <contributor />
    <created>2025-07-24T12:20:31.840029</created>
    <modified>2025-07-24T12:20:31.840032</modified>
    <unit name="meter" meter="1.0" />
    <up_axis>Z_UP</up_axis>
  </asset>
  <library_effects>
    <effect id="effect_Part__Feature" name="effect_Part__Feature">
      <profile_COMMON>
        <technique sid="common">
          <phong>
            <emission>
              <color>0.0 0.0 0.0 1.0</color>
            </emission>
            <ambient>
              <color>0.0 0.0 0.0 1.0</color>
            </ambient>
            <diffuse>
              <color>0.03921568766236305 0.03921568766236305 0.03921568766236305 1.0</color>
            </diffuse>
            <specular>
              <color>1 1 1 1.0</color>
            </specular>
            <shininess>
              <float>0.0</float>
            </shininess>
            <reflective>
              <color>0.0 0.0 0.0 1.0</color>
            </reflective>
            <reflectivity>
              <float>0.0</float>
            </reflectivity>
            <transparent>
              <color>0.0 0.0 0.0 1.0</color>
            </transparent>
            <transparency>
              <float>1.0</float>
            </transparency>
          </phong>
        </technique>
        <extra>
          <technique profile="GOOGLEEARTH">
            <double_sided>0</double_sided>
          </technique>
        </extra>
      </profile_COMMON>
    </effect>
    <effect id="effect_Part__Feature001" name="effect_Part__Feature001">
      <profile_COMMON>
        <technique sid="common">
          <phong>
            <emission>
              <color>0.0 0.0 0.0 1.0</color>
            </emission>
            <ambient>
              <color>0.0 0.0 0.0 1.0</color>
            </ambient>
            <diffuse>
              <color>0.4470590054988861 0.4745100140571594 0.5019609928131104 1.0</color>
            </diffuse>
            <specular>
              <color>1 1 1 1.0</color>
            </specular>
            <shininess>
              <float>0.0</float>
            </shininess>
            <reflective>
              <color>0.0 0.0 0.0 1.0</color>
            </reflective>
            <reflectivity>
              <float>0.0</float>
            </reflectivity>
            <transparent>
              <color>0.0 0.0 0.0 1.0</color>
            </transparent>
            <transparency>
              <float>1.0</float>
            </transparency>
          </phong>
        </technique>
        <extra>
          <technique profile="GOOGLEEARTH">
            <double_sided>0</double_sided>
          </technique>
        </extra>
      </profile_COMMON>
    </effect>
  </library_effects>
  <library_geometries>
    <geometry id="geometry0" name="Part__Feature">
      <mesh>
        <source id="cubeverts-array0">
          <float_array count="15762" id="cubeverts-array0-array">0.043 0.036 -0.0057 0.051 0.036 -0.0057 0.051 0.035 -0.0067 0.043 0.035 -0.0067 0.05224398 0.03412252 -0.00645 0.052 0.034 -0.0067 0.05199519 0.03409802 -0.0067 0.05222598 0.03424386 -0.00645 0.05198079 0.03419509 -0.0067 0.05219617 0.03436285 -0.00645 0.05195694 0.03429028 -0.0067 0.05192388 0.03438268 -0.0067 0.05249278 0.03414703 -0.0062 0.053 0.034 -0.0057 0.05215485 0.03447836 -0.00645 0.05188192 0.0344714 -0.0067 0.05247118 0.03429264 -0.0062 0.0521024 0.03458924 -0.00645 0.05183147 0.03455557 -0.0067 0.05243541 0.03443543 -0.0062 0.05274157 0.03417153 -0.00595 0.05297835 0.03429346 -0.0057 0.05299037 0.03419603 -0.0057 0.05299759 0.03409814 -0.0057 0.05203934 0.03469446 -0.00645 0.05177301 0.03463439 -0.0067 0.05238582 0.03457402 -0.0062 0.05271637 0.03434141 -0.00595 0.05294006 0.03448596 -0.0057 0.05296157 0.03439018 -0.0057 0.05196626 0.03479299 -0.00645 0.05170711 0.03470711 -0.0067 0.05232288 0.0347071 -0.0062 0.05267464 0.034508 -0.00595 0.05288309 0.03467378 -0.0057 0.05291388 0.03458057 -0.0057 0.05188388 0.03488388 -0.00645 0.05163439 0.03477301 -0.0067 0.0522472 0.03483335 -0.0062 0.05261679 0.0346697 -0.00595 0.05280798 0.03485511 -0.0057 0.05284776 0.03476537 -0.0057 0.05179299 0.03496626 -0.00645 0.05155557 0.03483147 -0.0067 0.05215952 0.03495159 -0.0062 0.05254336 0.03482494 -0.00595 0.05271546 0.03502821 -0.0057 0.05276384 0.03494279 -0.0057 0.05169446 0.03503934 -0.00645 0.0514714 0.03488192 -0.0067 0.05206066 0.03506066 -0.0062 0.05245507 0.03497225 -0.00595 0.05260641 0.0351914 -0.0057 0.05266294 0.03511114 -0.0057 0.05158924 0.0351024 -0.00645 0.05138268 0.03492388 -0.0067 0.05195159 0.03515952 -0.0062 0.05235277 0.03511019 -0.00595 0.0524819 0.03534312 -0.0057 0.05254602 0.03526879 -0.0057 0.05147836 0.03515485 -0.00645 0.05129028 0.03495694 -0.0067 0.05183335 0.0352472 -0.0062 0.05223744 0.03523744 -0.00595 0.05234312 0.0354819 -0.0057 0.05241422 0.03541422 -0.0057 0.05136285 0.03519617 -0.00645 0.05119509 0.03498079 -0.0067 0.0517071 0.03532288 -0.0062 0.05211019 0.03535277 -0.00595 0.0521914 0.03560641 -0.0057 0.05226879 0.03554602 -0.0057 0.05124386 0.03522598 -0.00645 0.05109802 0.03499519 -0.0067 0.05157402 0.03538582 -0.0062 0.05197225 0.03545507 -0.00595 0.05202821 0.03571546 -0.0057 0.05211114 0.03566294 -0.0057 0.05112252 0.03524398 -0.00645 0.05143543 0.03543541 -0.0062 0.05182494 0.03554336 -0.00595 0.05185511 0.03580798 -0.0057 0.05194279 0.03576384 -0.0057 0.05129264 0.03547118 -0.0062 0.0516697 0.03561679 -0.00595 0.05167378 0.03588309 -0.0057 0.05176537 0.03584776 -0.0057 0.05114703 0.03549278 -0.0062 0.051508 0.03567464 -0.00595 0.05148596 0.03594006 -0.0057 0.05158057 0.03591388 -0.0057 0.05134141 0.03571637 -0.00595 0.05129346 0.03597835 -0.0057 0.05139018 0.03596157 -0.0057 0.05117153 0.03574157 -0.00595 0.05109814 0.03599759 -0.0057 0.05119603 0.03599037 -0.0057 0.053 0.017 -0.0057 0.052 0.017 -0.0067 0.05403642 0.01451569 -0.006433783 0.05403253 0.01416164 -0.006766963 0.05386287 0.0142252 -0.006746666 0.05358536 0.01454709 -0.006556944 0.05353436 0.01438412 -0.006717997 0.05343869 0.01444005 -0.006712188 0.05328456 0.01454036 -0.006705187 0.05366272 0.01450409 -0.006562622 0.05370593 0.01429496 -0.006731257 0.05389193 0.01494832 -0.006083848 0.05371252 0.01546951 -0.005729669 0.05383073 0.01537765 -0.005740054 0.05433856 0.01424718 -0.006644558 0.05467369 0.01401808 -0.006877036 0.05449527 0.01404344 -0.006841045 0.05437554 0.01406669 -0.00681926 0.0542507 0.0140963 -0.006798502 0.05413657 0.01412827 -0.00678125 0.05399067 0.01508405 -0.005925912 0.05391483 0.01532043 -0.005748361 0.05407863 0.01522534 -0.005766678 0.05422325 0.01515718 -0.005785206 0.05434838 0.01510912 -0.005803068 0.05420564 0.01480794 -0.006120425 0.05440819 0.01440274 -0.0064877 0.055 0.015 -0.005925113 0.05452146 0.01488862 -0.0060002 0.05445522 0.01507569 -0.00581972 0.0546365 0.01503357 -0.00585096 0.05461707 0.01486941 -0.006017122 0.05481911 0.01500838 -0.005886222 0.05345531 0.01482783 -0.006384407 0.053 0.01476445 -0.0067 0.05313798 0.01464878 -0.00670124 0.05373512 0.01465452 -0.006403018 0.05286522 0.01489267 -0.0067 0.05356778 0.01560427 -0.005719023 0.0525052 0.01605775 -0.006366988 0.05255918 0.01525638 -0.0067 0.05247235 0.01538461 -0.0067 0.05237385 0.01554977 -0.0067 0.0523148 0.01566196 -0.0067 0.05226483 0.01576714 -0.0067 0.05219147 0.01594518 -0.0067 0.052133 0.01611783 -0.0067 0.05281773 0.01617357 -0.006033976 0.05302375 0.0166943 -0.00569992 0.05304466 0.0165806 -0.005699986 0.05306975 0.01647654 -0.005700171 0.05313079 0.01628796 -0.005700973 0.05319672 0.01613481 -0.005702298 0.05223046 0.01640573 -0.006533331 0.05208462 0.0162958 -0.0067 0.05205877 0.01641366 -0.0067 0.05202613 0.01661065 -0.0067 0.05200653 0.01680673 -0.0067 0.05300849 0.01681777 -0.005699943 0.0531154 0.01593132 -0.005870088 0.05266085 0.01512224 -0.0067 0.05326181 0.01601102 -0.005704093 0.05332281 0.01591105 -0.005706224 0.05333295 0.01575118 -0.005792145 0.05277949 0.01498326 -0.0067 0.05343755 0.01575207 -0.005711386 0.0556703 0.015 -0.006105263 0.05588062 0.0145 -0.006702998 0.05525 0.015 -0.005985787 0.0560843 0.015 -0.006244997 0.05649104 0.015 -0.00640466 0.055 0.014 -0.006954033 0.0557416 0.014 -0.007184442 0.05610314 0.014 -0.007326364 0.0553736 0.014 -0.007060234 0.05688954 0.015 -0.006583876 0.05661131 0.0145 -0.007005296 0.05727888 0.015 -0.006782222 0.05645737 0.014 -0.007485667 0.05680345 0.014 -0.007661975 0.05765813 0.015 -0.006999232 0.05731074 0.0145 -0.007374187 0.0580264 0.015 -0.007234393 0.05714056 0.014 -0.007854873 0.05746791 0.014 -0.008063905 0.05838282 0.015 -0.007487151 0.05797287 0.0145 -0.00780648 0.05872656 0.015 -0.00775691 0.05778473 0.014 -0.008288579 0.05809028 0.014 -0.008528365 0.05859195 0.0145 -0.008298433 0.0590568 0.015 -0.008043036 0.05937276 0.015 -0.008344851 0.05838382 0.014 -0.008782699 0.05866468 0.014 -0.00905098 0.0596737 0.015 -0.008661648 0.05916265 0.0145 -0.008845788 0.05893218 0.014 -0.009332576 0.05995891 0.015 -0.008992676 0.05968 0.0145 -0.009443809 0.06022772 0.015 -0.009337157 0.0591857 0.014 -0.009626823 0.05942464 0.014 -0.009933029 0.06047949 0.015 -0.00969428 0.06013955 0.0145 -0.01008732 0.06071363 0.015 -0.0100632 0.05964843 0.014 -0.01025047 0.05985656 0.014 -0.0105784 0.06092959 0.015 -0.01044305 0.06053731 0.0145 -0.01077075 0.06112686 0.015 -0.01083294 0.06004852 0.014 -0.01091605 0.06022387 0.014 -0.01126261 0.06130497 0.015 -0.01123194 0.06086983 0.0145 -0.01148819 0.06146351 0.015 -0.01163911 0.06038219 0.014 -0.01161728 0.06052312 0.014 -0.01197921 0.0616021 0.015 -0.0120535 0.06113425 0.0145 -0.01223342 0.06172041 0.015 -0.01247413 0.06181816 0.015 -0.0129 0.06075147 0.014 -0.01272145 0.06083837 0.014 -0.0131 0.06064631 0.014 -0.01234756 0.06160349 0.01475 -0.01306841 0.06184238 0.015 -0.01299473 0.06164517 0.01475 -0.01318331 0.06187573 0.015 -0.01308665 0.06169788 0.01475 -0.01329358 0.0619179 0.015 -0.01317486 0.06136459 0.0145 -0.0131421 0.06176111 0.01475 -0.01339818 0.06196848 0.015 -0.01325854 0.06141462 0.0145 -0.01327997 0.06183426 0.01475 -0.0134961 0.062027 0.015 -0.01333688 0.06147787 0.0145 -0.0134123 0.06112569 0.01425 -0.01321578 0.0609179 0.014 -0.01338219 0.0608868 0.014 -0.01328946 0.06086027 0.014 -0.01319532 0.06191661 0.01475 -0.01358641 0.06209288 0.015 -0.01340913 0.06155375 0.0145 -0.01353781 0.06118406 0.01425 -0.01337663 0.06099352 0.014 -0.01356254 0.0609535 0.014 -0.01347329 0.06200739 0.01475 -0.01366825 0.0621655 0.015 -0.0134746 0.06164151 0.0145 -0.01365532 0.06125785 0.01425 -0.01353101 0.06108638 0.014 -0.01373464 0.06103784 0.014 -0.01364973 0.06210573 0.01475 -0.01374083 0.06224417 0.015 -0.01353266 0.06174034 0.0145 -0.01376369 0.06134637 0.01425 -0.01367745 0.0611956 0.014 -0.01389685 0.061139 0.014 -0.01381708 0.06221069 0.01475 -0.01380345 0.06232814 0.015 -0.01358276 0.0624166 0.015 -0.01362443 0.06184928 0.0145 -0.01386189 0.06144877 0.01425 -0.01381454 0.06132015 0.014 -0.01404762 0.06125603 0.014 -0.01397376 0.06232126 0.01475 -0.01385553 0.0625087 0.015 -0.01365725 0.06196728 0.0145 -0.01394899 0.06156407 0.01425 -0.01394097 0.06145882 0.014 -0.0141855 0.0613878 0.014 -0.01411826 0.06243639 0.01475 -0.01389656 0.06209323 0.0145 -0.01402414 0.06169116 0.01425 -0.01405554 0.0616103 0.014 -0.01430918 0.06153305 0.014 -0.01424919 0.06255497 0.01475 -0.01392616 0.06260357 0.015 -0.01368092 0.06222592 0.0145 -0.01408664 0.06182884 0.01425 -0.01415716 0.06177313 0.014 -0.01441748 0.06169039 0.014 -0.01436532 0.06267588 0.01475 -0.01394403 0.0627003 0.015 -0.01369522 0.06279796 0.015 -0.0137 0.06236407 0.0145 -0.01413588 0.06197578 0.01425 -0.01424483 0.06194576 0.014 -0.01450935 0.06185832 0.014 -0.01446553 0.06250637 0.0145 -0.01417139 0.06213058 0.01425 -0.01431775 0.06212654 0.014 -0.01458393 0.06203524 0.014 -0.01454885 0.06265147 0.0145 -0.01419283 0.06279796 0.014 -0.0147 0.06229176 0.01425 -0.01437519 0.06231373 0.014 -0.0146405 0.06221944 0.014 -0.0146145 0.06245778 0.01425 -0.01441662 0.06250556 0.014 -0.01467851 0.06240918 0.014 -0.01466185 0.06262705 0.01425 -0.01444163 0.06270018 0.014 -0.01469761 0.06260264 0.014 -0.01469044 0.063 0.015 -0.0137 0.063 0.014 -0.0147 0.079 0.031 -0.0137 0.07997952 0.03016585 -0.0147 0.07898073 0.03021492 -0.0137 0.08 0.031 -0.0147 0.07991814 0.02933371 -0.0147 0.07892296 0.02943173 -0.0137 0.079816 0.02850558 -0.0147 0.07882682 0.02865231 -0.0137 0.07967335 0.02768346 -0.0147 0.07869257 0.02787856 -0.0137 0.07949053 0.02686934 -0.0147 0.0785205 0.02711232 -0.0137 0.07926798 0.02606516 -0.0147 0.07831104 0.02635545 -0.0137 0.07900625 0.02527287 -0.0147 0.0780647 0.02560976 -0.0137 0.07870596 0.02449438 -0.0147 0.07778207 0.02487707 -0.0137 0.07836782 0.02373156 -0.0147 0.07746383 0.02415912 -0.0137 0.07799266 0.02298626 -0.0147 0.07711074 0.02345765 -0.0137 0.07758138 0.02226025 -0.0147 0.07672366 0.02277436 -0.0137 0.07713499 0.02155531 -0.0147 0.07630351 0.02211088 -0.0137 0.07665453 0.02087311 -0.0147 0.07585132 0.02146881 -0.0137 0.07614117 0.02021531 -0.0147 0.07536816 0.02084971 -0.0137 0.07559617 0.0195835 -0.0147 0.07485522 0.02025506 -0.0137 0.07502081 0.01897919 -0.0147 0.07431371 0.01968629 -0.0137 0.0744165 0.01840383 -0.0147 0.07374494 0.01914478 -0.0137 0.07378468 0.01785882 -0.0147 0.07315029 0.01863183 -0.0137 0.07312688 0.01734547 -0.0147 0.07253119 0.01814868 -0.0137 0.07244469 0.01686502 -0.0147 0.07188912 0.01769649 -0.0137 0.07173975 0.01641861 -0.0147 0.07122565 0.01727634 -0.0137 0.07101375 0.01600734 -0.0147 0.07054235 0.01688926 -0.0137 0.07026844 0.01563218 -0.0147 0.06984088 0.01653617 -0.0137 0.06950562 0.01529405 -0.0147 0.06912293 0.01621793 -0.0137 0.06872713 0.01499375 -0.0147 0.06839024 0.0159353 -0.0137 0.06793484 0.01473201 -0.0147 0.06764455 0.01568895 -0.0137 0.06713066 0.01450947 -0.0147 0.06688768 0.0154795 -0.0137 0.06631654 0.01432665 -0.0147 0.06612144 0.01530744 -0.0137 0.06549442 0.014184 -0.0147 0.06534769 0.01517318 -0.0137 0.06466629 0.01408186 -0.0147 0.06456828 0.01507704 -0.0137 0.06383415 0.01402048 -0.0147 0.06378508 0.01501927 -0.0137 0.079 0.041 -0.0137 0.08 0.041 -0.0147 0.08267328 0.04431728 -0.01436667 0.083 0.045 -0.0137 0.083 0.044 -0.0147 0.0828528 0.04399639 -0.0147 0.08270595 0.04398555 -0.0147 0.08255981 0.04396753 -0.0147 0.0823497 0.04426928 -0.01436667 0.08241473 0.04394236 -0.0147 0.08227106 0.0439101 -0.0147 0.0826406 0.04464901 -0.01403333 0.08241308 0.04495671 -0.0137 0.08260793 0.04498074 -0.0137 0.08280373 0.04499518 -0.0137 0.08203239 0.0441898 -0.01436667 0.08212914 0.04387082 -0.0147 0.08198933 0.04382463 -0.0147 0.08228467 0.04459621 -0.01403333 0.08202808 0.04488012 -0.0137 0.08221964 0.04492314 -0.0137 0.08172439 0.0440796 -0.01436667 0.08185195 0.04377164 -0.0147 0.08171733 0.04371197 -0.0147 0.08193562 0.04450878 -0.01403333 0.08165244 0.04476618 -0.0137 0.08183886 0.04482776 -0.0137 0.08142868 0.04393974 -0.01436667 0.08158581 0.04364576 -0.0147 0.0814577 0.04357318 -0.0147 0.08159682 0.04438756 -0.01403333 0.08128978 0.04461596 -0.0137 0.08146927 0.04469552 -0.0137 0.0811481 0.04377156 -0.01436667 0.08133329 0.04349441 -0.0147 0.08121291 0.04340962 -0.0147 0.08127155 0.04423371 -0.01403333 0.08094359 0.04443092 -0.0137 0.08111441 0.04452768 -0.0137 0.08088535 0.0435767 -0.01436667 0.08109682 0.04331903 -0.0147 0.08098532 0.04322285 -0.0147 0.08096291 0.04404872 -0.01403333 0.0806172 0.04421283 -0.0137 0.08077772 0.04432588 -0.0137 0.08064297 0.04335702 -0.01436667 0.08087868 0.04312132 -0.0147 0.08077715 0.04301468 -0.0147 0.08067389 0.04383437 -0.01403333 0.08031377 0.04396381 -0.0137 0.08046243 0.04409204 -0.0137 0.0804233 0.04311464 -0.01436667 0.08068097 0.04290318 -0.0147 0.08059038 0.0427871 -0.0147 0.08040727 0.04359272 -0.01403333 0.08003619 0.04368624 -0.0137 0.08017157 0.04382843 -0.0137 0.08022843 0.0428519 -0.01436667 0.08050559 0.04266671 -0.0147 0.08042681 0.04254231 -0.0147 0.08016563 0.04332611 -0.01403333 0.07978717 0.0433828 -0.0137 0.07990796 0.04353757 -0.0137 0.08006026 0.04257132 -0.01436667 0.08035423 0.04241419 -0.0147 0.08028803 0.04228267 -0.0147 0.07995128 0.04303709 -0.01403333 0.07956908 0.04305641 -0.0137 0.07967412 0.04322228 -0.0137 0.0799204 0.04227561 -0.01436667 0.08022836 0.04214805 -0.0147 0.08017537 0.04201067 -0.0147 0.07976629 0.04272845 -0.01403333 0.07938404 0.04271022 -0.0137 0.07947231 0.04288559 -0.0137 0.0798102 0.04196762 -0.01436667 0.08012918 0.04187085 -0.0147 0.0800899 0.04172894 -0.0147 0.07961244 0.04240317 -0.01403333 0.07923383 0.04234756 -0.0137 0.07930448 0.04253074 -0.0137 0.07973071 0.0416503 -0.01436667 0.08005765 0.04158527 -0.0147 0.08003247 0.04144019 -0.0147 0.07949122 0.04206438 -0.01403333 0.07911987 0.04197192 -0.0137 0.07917224 0.04216114 -0.0137 0.07968272 0.04132673 -0.01436667 0.08001444 0.04129405 -0.0147 0.08000362 0.0411472 -0.0147 0.07940379 0.04171533 -0.01403333 0.0790433 0.04158692 -0.0137 0.07907686 0.04178036 -0.0137 0.07935099 0.0413594 -0.01403333 0.07900482 0.04119627 -0.0137 0.07901926 0.04139207 -0.0137 0.099 0.045 -0.0137 0.099 0.044 -0.0147 0.1023173 0.04132673 -0.01436667 0.103 0.041 -0.0137 0.102 0.041 -0.0147 0.1019964 0.0411472 -0.0147 0.1019856 0.04129405 -0.0147 0.1019675 0.04144019 -0.0147 0.1022693 0.0416503 -0.01436667 0.1019424 0.04158527 -0.0147 0.1019101 0.04172894 -0.0147 0.102649 0.0413594 -0.01403333 0.1029567 0.04158692 -0.0137 0.1029807 0.04139207 -0.0137 0.1029952 0.04119627 -0.0137 0.1021898 0.04196762 -0.01436667 0.1018708 0.04187085 -0.0147 0.1018246 0.04201067 -0.0147 0.1025962 0.04171533 -0.01403333 0.1028801 0.04197192 -0.0137 0.1029231 0.04178036 -0.0137 0.1020796 0.04227561 -0.01436667 0.1017716 0.04214805 -0.0147 0.101712 0.04228267 -0.0147 0.1025088 0.04206438 -0.01403333 0.1027662 0.04234756 -0.0137 0.1028278 0.04216114 -0.0137 0.1019397 0.04257132 -0.01436667 0.1016458 0.04241419 -0.0147 0.1015732 0.04254231 -0.0147 0.1023876 0.04240317 -0.01403333 0.102616 0.04271022 -0.0137 0.1026955 0.04253074 -0.0137 0.1017716 0.0428519 -0.01436667 0.1014944 0.04266671 -0.0147 0.1014096 0.0427871 -0.0147 0.1022337 0.04272845 -0.01403333 0.1024309 0.04305641 -0.0137 0.1025277 0.04288559 -0.0137 0.1015767 0.04311464 -0.01436667 0.101319 0.04290318 -0.0147 0.1012229 0.04301468 -0.0147 0.1020487 0.04303709 -0.01403333 0.1022128 0.0433828 -0.0137 0.1023259 0.04322228 -0.0137 0.101357 0.04335702 -0.01436667 0.1011213 0.04312132 -0.0147 0.1010147 0.04322285 -0.0147 0.1018344 0.04332611 -0.01403333 0.1019638 0.04368624 -0.0137 0.102092 0.04353757 -0.0137 0.1011146 0.0435767 -0.01436667 0.1009032 0.04331903 -0.0147 0.1007871 0.04340962 -0.0147 0.1015927 0.04359272 -0.01403333 0.1016862 0.04396381 -0.0137 0.1018284 0.04382843 -0.0137 0.1008519 0.04377156 -0.01436667 0.1006667 0.04349441 -0.0147 0.1005423 0.04357318 -0.0147 0.1013261 0.04383437 -0.01403333 0.1013828 0.04421283 -0.0137 0.1015376 0.04409204 -0.0137 0.1005713 0.04393974 -0.01436667 0.1004142 0.04364576 -0.0147 0.1002827 0.04371197 -0.0147 0.1010371 0.04404872 -0.01403333 0.1010564 0.04443092 -0.0137 0.1012223 0.04432588 -0.0137 0.1002756 0.0440796 -0.01436667 0.100148 0.04377164 -0.0147 0.1000107 0.04382463 -0.0147 0.1007285 0.04423371 -0.01403333 0.1007102 0.04461596 -0.0137 0.1008856 0.04452768 -0.0137 0.09996761 0.0441898 -0.01436667 0.09987086 0.04387082 -0.0147 0.09972894 0.0439101 -0.0147 0.1004032 0.04438756 -0.01403333 0.1003476 0.04476618 -0.0137 0.1005307 0.04469552 -0.0137 0.0996503 0.04426928 -0.01436667 0.09958527 0.04394236 -0.0147 0.09944019 0.04396753 -0.0147 0.1000644 0.04450878 -0.01403333 0.09997192 0.04488012 -0.0137 0.1001611 0.04482776 -0.0137 0.09932672 0.04431728 -0.01436667 0.09929405 0.04398555 -0.0147 0.0991472 0.04399639 -0.0147 0.09971533 0.04459621 -0.01403333 0.09958692 0.04495671 -0.0137 0.09978036 0.04492314 -0.0137 0.0993594 0.04464901 -0.01403333 0.09919627 0.04499518 -0.0137 0.09939207 0.04498074 -0.0137 0.103 0.027 -0.0137 0.102 0.027 -0.0147 0.09932672 0.02368272 -0.01436667 0.099 0.023 -0.0137 0.099 0.024 -0.0147 0.0991472 0.02400361 -0.0147 0.09929405 0.02401445 -0.0147 0.09944019 0.02403247 -0.0147 0.0996503 0.02373071 -0.01436667 0.09958527 0.02405764 -0.0147 0.09972894 0.02408991 -0.0147 0.0993594 0.02335099 -0.01403333 0.09958692 0.02304329 -0.0137 0.09939207 0.02301926 -0.0137 0.09919627 0.02300482 -0.0137 0.09996761 0.0238102 -0.01436667 0.09987086 0.02412918 -0.0147 0.1000107 0.02417537 -0.0147 0.09971533 0.02340379 -0.01403333 0.09997192 0.02311987 -0.0137 0.09978036 0.02307686 -0.0137 0.1002756 0.0239204 -0.01436667 0.100148 0.02422836 -0.0147 0.1002827 0.02428803 -0.0147 0.1000644 0.02349122 -0.01403333 0.1003476 0.02323382 -0.0137 0.1001611 0.02317224 -0.0137 0.1005713 0.02406026 -0.01436667 0.1004142 0.02435424 -0.0147 0.1005423 0.02442682 -0.0147 0.1004032 0.02361244 -0.01403333 0.1007102 0.02338404 -0.0137 0.1005307 0.02330448 -0.0137 0.1008519 0.02422844 -0.01436667 0.1006667 0.02450559 -0.0147 0.1007871 0.02459038 -0.0147 0.1007285 0.02376629 -0.01403333 0.1010564 0.02356909 -0.0137 0.1008856 0.02347231 -0.0137 0.1011146 0.0244233 -0.01436667 0.1009032 0.02468097 -0.0147 0.1010147 0.02477715 -0.0147 0.1010371 0.02395128 -0.01403333 0.1013828 0.02378717 -0.0137 0.1012223 0.02367412 -0.0137 0.101357 0.02464298 -0.01436667 0.1011213 0.02487868 -0.0147 0.1012229 0.02498532 -0.0147 0.1013261 0.02416563 -0.01403333 0.1016862 0.0240362 -0.0137 0.1015376 0.02390796 -0.0137 0.1015767 0.02488535 -0.01436667 0.101319 0.02509682 -0.0147 0.1014096 0.0252129 -0.0147 0.1015927 0.02440727 -0.01403333 0.1019638 0.02431376 -0.0137 0.1018284 0.02417157 -0.0137 0.1017716 0.0251481 -0.01436667 0.1014944 0.02533329 -0.0147 0.1015732 0.02545769 -0.0147 0.1018344 0.02467389 -0.01403333 0.1022128 0.0246172 -0.0137 0.102092 0.02446243 -0.0137 0.1019397 0.02542868 -0.01436667 0.1016458 0.02558581 -0.0147 0.101712 0.02571733 -0.0147 0.1020487 0.02496291 -0.01403333 0.1024309 0.02494359 -0.0137 0.1023259 0.02477772 -0.0137 0.1020796 0.02572439 -0.01436667 0.1017716 0.02585195 -0.0147 0.1018246 0.02598933 -0.0147 0.1022337 0.02527155 -0.01403333 0.102616 0.02528978 -0.0137 0.1025277 0.02511441 -0.0137 0.1021898 0.02603238 -0.01436667 0.1018708 0.02612915 -0.0147 0.1019101 0.02627106 -0.0147 0.1023876 0.02559683 -0.01403333 0.1027662 0.02565244 -0.0137 0.1026955 0.02546927 -0.0137 0.1022693 0.0263497 -0.01436667 0.1019424 0.02641473 -0.0147 0.1019675 0.02655981 -0.0147 0.1025088 0.02593562 -0.01403333 0.1028801 0.02602808 -0.0137 0.1028278 0.02583886 -0.0137 0.1023173 0.02667328 -0.01436667 0.1019856 0.02670595 -0.0147 0.1019964 0.0268528 -0.0147 0.1025962 0.02628467 -0.01403333 0.1029567 0.02641308 -0.0137 0.1029231 0.02621964 -0.0137 0.102649 0.0266406 -0.01403333 0.1029952 0.02680373 -0.0137 0.1029807 0.02660793 -0.0137 0.089 0.013 -0.0137 0.08801325 0.01353974 -0.0147 0.08901205 0.01349068 -0.0137 0.088 0.013 -0.0147 0.09850932 0.02298796 -0.0137 0.09846026 0.02398675 -0.0147 0.08904815 0.01398017 -0.0137 0.08855056 0.01402918 -0.0142 0.08910824 0.01446731 -0.0137 0.08805297 0.01407819 -0.0147 0.08811906 0.01461404 -0.0147 0.08919215 0.0149509 -0.0137 0.08870175 0.01504845 -0.0142 0.08929969 0.0154298 -0.0137 0.08821136 0.01514599 -0.0147 0.08832966 0.01567278 -0.0147 0.0894306 0.01590285 -0.0137 0.08895213 0.01604799 -0.0142 0.08958456 0.0163689 -0.0137 0.08847366 0.01619313 -0.0147 0.08864301 0.01670579 -0.0147 0.08976121 0.01682683 -0.0137 0.08929926 0.01701818 -0.0142 0.08996011 0.01727555 -0.0137 0.08883733 0.01720952 -0.0147 0.08905611 0.01770311 -0.0147 0.08973983 0.01794967 -0.0142 0.09018079 0.01771397 -0.0137 0.09042271 0.01814103 -0.0137 0.08929887 0.01818536 -0.0147 0.08956499 0.01865513 -0.0147 0.0906853 0.0185557 -0.0137 0.09026957 0.01883349 -0.0142 0.09096793 0.01895699 -0.0137 0.08985384 0.01911127 -0.0147 0.09016472 0.01955269 -0.0147 0.0912699 0.01934393 -0.0137 0.09088339 0.01966113 -0.0142 0.09159049 0.01971559 -0.0137 0.09049689 0.01997833 -0.0147 0.09084954 0.02038715 -0.0147 0.09192893 0.02007107 -0.0137 0.09157538 0.02042462 -0.0142 0.09228441 0.02040951 -0.0137 0.09122182 0.02077818 -0.0147 0.09161285 0.02115046 -0.0147 0.09265607 0.0207301 -0.0137 0.09233887 0.02111661 -0.0142 0.09304301 0.02103208 -0.0137 0.09202168 0.02150311 -0.0147 0.09244731 0.02183528 -0.0147 0.0934443 0.0213147 -0.0137 0.09316651 0.02173043 -0.0142 0.09385897 0.02157729 -0.0137 0.09288873 0.02214617 -0.0147 0.09334487 0.02243501 -0.0147 0.09428603 0.02181921 -0.0137 0.09405033 0.02226017 -0.0142 0.09472445 0.02203989 -0.0137 0.09381464 0.02270113 -0.0147 0.09429689 0.02294388 -0.0147 0.09517316 0.0222388 -0.0137 0.09498183 0.02270074 -0.0142 0.0956311 0.02241544 -0.0137 0.09479048 0.02316267 -0.0147 0.09529421 0.02335699 -0.0147 0.09595201 0.02304787 -0.0142 0.09609715 0.0225694 -0.0137 0.0965702 0.02270031 -0.0137 0.09580687 0.02352634 -0.0147 0.09632722 0.02367034 -0.0147 0.09695155 0.02329825 -0.0142 0.0970491 0.02280785 -0.0137 0.09753269 0.02289177 -0.0137 0.096854 0.02378864 -0.0147 0.09738596 0.02388094 -0.0147 0.09801983 0.02295185 -0.0137 0.09797082 0.02344944 -0.0142 0.09792181 0.02394703 -0.0147 0.089 -0.013 -0.0137 0.088 -0.013 -0.0147 0.099 -0.023 -0.0137 0.09846026 -0.02398675 -0.0147 0.09850932 -0.02298796 -0.0137 0.099 -0.024 -0.0147 0.08901205 -0.01349068 -0.0137 0.08801325 -0.01353974 -0.0147 0.09801983 -0.02295185 -0.0137 0.09797082 -0.02344944 -0.0142 0.09753269 -0.02289177 -0.0137 0.09792181 -0.02394703 -0.0147 0.09738596 -0.02388094 -0.0147 0.0970491 -0.02280785 -0.0137 0.09695155 -0.02329825 -0.0142 0.0965702 -0.02270031 -0.0137 0.096854 -0.02378864 -0.0147 0.09632722 -0.02367034 -0.0147 0.09609715 -0.0225694 -0.0137 0.09595201 -0.02304787 -0.0142 0.0956311 -0.02241544 -0.0137 0.09580687 -0.02352634 -0.0147 0.09529421 -0.02335699 -0.0147 0.09517316 -0.0222388 -0.0137 0.09498183 -0.02270074 -0.0142 0.09472445 -0.02203989 -0.0137 0.09479048 -0.02316267 -0.0147 0.09429689 -0.02294388 -0.0147 0.09405033 -0.02226017 -0.0142 0.09428603 -0.02181921 -0.0137 0.09385897 -0.02157729 -0.0137 0.09381464 -0.02270113 -0.0147 0.09334487 -0.02243501 -0.0147 0.0934443 -0.0213147 -0.0137 0.09316651 -0.02173043 -0.0142 0.09304301 -0.02103208 -0.0137 0.09288873 -0.02214617 -0.0147 0.09244731 -0.02183528 -0.0147 0.09265607 -0.0207301 -0.0137 0.09233887 -0.02111661 -0.0142 0.09228441 -0.02040951 -0.0137 0.09202168 -0.02150311 -0.0147 0.09161285 -0.02115046 -0.0147 0.09192893 -0.02007107 -0.0137 0.09157538 -0.02042462 -0.0142 0.09159049 -0.01971559 -0.0137 0.09122182 -0.02077818 -0.0147 0.09084954 -0.02038715 -0.0147 0.0912699 -0.01934393 -0.0137 0.09088339 -0.01966113 -0.0142 0.09096793 -0.01895699 -0.0137 0.09049689 -0.01997833 -0.0147 0.09016472 -0.01955269 -0.0147 0.0906853 -0.0185557 -0.0137 0.09026957 -0.01883349 -0.0142 0.09042271 -0.01814103 -0.0137 0.08985384 -0.01911127 -0.0147 0.08956499 -0.01865513 -0.0147 0.09018079 -0.01771397 -0.0137 0.08973983 -0.01794967 -0.0142 0.08996011 -0.01727555 -0.0137 0.08929887 -0.01818536 -0.0147 0.08905611 -0.01770311 -0.0147 0.08976121 -0.01682683 -0.0137 0.08929926 -0.01701818 -0.0142 0.08958456 -0.0163689 -0.0137 0.08883733 -0.01720952 -0.0147 0.08864301 -0.01670579 -0.0147 0.08895213 -0.01604799 -0.0142 0.0894306 -0.01590285 -0.0137 0.08929969 -0.0154298 -0.0137 0.08847366 -0.01619313 -0.0147 0.08832966 -0.01567278 -0.0147 0.08870175 -0.01504845 -0.0142 0.08919215 -0.0149509 -0.0137 0.08910824 -0.01446731 -0.0137 0.08821136 -0.01514599 -0.0147 0.08811906 -0.01461404 -0.0147 0.08904815 -0.01398017 -0.0137 0.08855056 -0.01402918 -0.0142 0.08805297 -0.01407819 -0.0147 0.1023173 -0.02667328 -0.01436667 0.103 -0.027 -0.0137 0.102 -0.027 -0.0147 0.1019964 -0.0268528 -0.0147 0.1019856 -0.02670595 -0.0147 0.1019675 -0.02655981 -0.0147 0.1022693 -0.0263497 -0.01436667 0.1019424 -0.02641473 -0.0147 0.1019101 -0.02627106 -0.0147 0.102649 -0.0266406 -0.01403333 0.1029567 -0.02641308 -0.0137 0.1029807 -0.02660793 -0.0137 0.1029952 -0.02680373 -0.0137 0.1021898 -0.02603238 -0.01436667 0.1018708 -0.02612915 -0.0147 0.1018246 -0.02598933 -0.0147 0.1025962 -0.02628467 -0.01403333 0.1028801 -0.02602808 -0.0137 0.1029231 -0.02621964 -0.0137 0.1020796 -0.02572439 -0.01436667 0.1017716 -0.02585195 -0.0147 0.101712 -0.02571733 -0.0147 0.1025088 -0.02593562 -0.01403333 0.1027662 -0.02565244 -0.0137 0.1028278 -0.02583886 -0.0137 0.1019397 -0.02542868 -0.01436667 0.1016458 -0.02558581 -0.0147 0.1015732 -0.02545769 -0.0147 0.1023876 -0.02559683 -0.01403333 0.102616 -0.02528978 -0.0137 0.1026955 -0.02546927 -0.0137 0.1017716 -0.0251481 -0.01436667 0.1014944 -0.02533329 -0.0147 0.1014096 -0.0252129 -0.0147 0.1022337 -0.02527155 -0.01403333 0.1024309 -0.02494359 -0.0137 0.1025277 -0.02511441 -0.0137 0.1015767 -0.02488535 -0.01436667 0.101319 -0.02509682 -0.0147 0.1012229 -0.02498532 -0.0147 0.1020487 -0.02496291 -0.01403333 0.1022128 -0.0246172 -0.0137 0.1023259 -0.02477772 -0.0137 0.101357 -0.02464298 -0.01436667 0.1011213 -0.02487868 -0.0147 0.1010147 -0.02477715 -0.0147 0.1018344 -0.02467389 -0.01403333 0.1019638 -0.02431376 -0.0137 0.102092 -0.02446243 -0.0137 0.1011146 -0.0244233 -0.01436667 0.1009032 -0.02468097 -0.0147 0.1007871 -0.02459038 -0.0147 0.1015927 -0.02440727 -0.01403333 0.1016862 -0.0240362 -0.0137 0.1018284 -0.02417157 -0.0137 0.1008519 -0.02422844 -0.01436667 0.1006667 -0.02450559 -0.0147 0.1005423 -0.02442682 -0.0147 0.1013261 -0.02416563 -0.01403333 0.1013828 -0.02378717 -0.0137 0.1015376 -0.02390796 -0.0137 0.1005713 -0.02406026 -0.01436667 0.1004142 -0.02435424 -0.0147 0.1002827 -0.02428803 -0.0147 0.1010371 -0.02395128 -0.01403333 0.1010564 -0.02356909 -0.0137 0.1012223 -0.02367412 -0.0137 0.1002756 -0.0239204 -0.01436667 0.100148 -0.02422836 -0.0147 0.1000107 -0.02417537 -0.0147 0.1007285 -0.02376629 -0.01403333 0.1007102 -0.02338404 -0.0137 0.1008856 -0.02347231 -0.0137 0.09996761 -0.0238102 -0.01436667 0.09987086 -0.02412918 -0.0147 0.09972894 -0.02408991 -0.0147 0.1004032 -0.02361244 -0.01403333 0.1003476 -0.02323382 -0.0137 0.1005307 -0.02330448 -0.0137 0.0996503 -0.02373071 -0.01436667 0.09958527 -0.02405764 -0.0147 0.09944019 -0.02403247 -0.0147 0.1000644 -0.02349122 -0.01403333 0.09997192 -0.02311987 -0.0137 0.1001611 -0.02317224 -0.0137 0.09932672 -0.02368272 -0.01436667 0.09929405 -0.02401445 -0.0147 0.0991472 -0.02400361 -0.0147 0.09971533 -0.02340379 -0.01403333 0.09958692 -0.02304329 -0.0137 0.09978036 -0.02307686 -0.0137 0.0993594 -0.02335099 -0.01403333 0.09919627 -0.02300482 -0.0137 0.09939207 -0.02301926 -0.0137 0.103 -0.041 -0.0137 0.102 -0.041 -0.0147 0.09932672 -0.04431728 -0.01436667 0.099 -0.044 -0.0147 0.0991472 -0.04399639 -0.0147 0.09929405 -0.04398555 -0.0147 0.09944019 -0.04396753 -0.0147 0.0996503 -0.04426928 -0.01436667 0.09958527 -0.04394236 -0.0147 0.09972894 -0.0439101 -0.0147 0.0993594 -0.04464901 -0.01403333 0.099 -0.045 -0.0137 0.09958692 -0.04495671 -0.0137 0.09939207 -0.04498074 -0.0137 0.09919627 -0.04499518 -0.0137 0.09996761 -0.0441898 -0.01436667 0.09987086 -0.04387082 -0.0147 0.1000107 -0.04382463 -0.0147 0.09971533 -0.04459621 -0.01403333 0.09997192 -0.04488012 -0.0137 0.09978036 -0.04492314 -0.0137 0.1002756 -0.0440796 -0.01436667 0.100148 -0.04377164 -0.0147 0.1002827 -0.04371197 -0.0147 0.1000644 -0.04450878 -0.01403333 0.1003476 -0.04476618 -0.0137 0.1001611 -0.04482776 -0.0137 0.1005713 -0.04393974 -0.01436667 0.1004142 -0.04364576 -0.0147 0.1005423 -0.04357318 -0.0147 0.1004032 -0.04438756 -0.01403333 0.1007102 -0.04461596 -0.0137 0.1005307 -0.04469552 -0.0137 0.1008519 -0.04377156 -0.01436667 0.1006667 -0.04349441 -0.0147 0.1007871 -0.04340962 -0.0147 0.1007285 -0.04423371 -0.01403333 0.1010564 -0.04443092 -0.0137 0.1008856 -0.04452768 -0.0137 0.1011146 -0.0435767 -0.01436667 0.1009032 -0.04331903 -0.0147 0.1010147 -0.04322285 -0.0147 0.1010371 -0.04404872 -0.01403333 0.1013828 -0.04421283 -0.0137 0.1012223 -0.04432588 -0.0137 0.101357 -0.04335702 -0.01436667 0.1011213 -0.04312132 -0.0147 0.1012229 -0.04301468 -0.0147 0.1013261 -0.04383437 -0.01403333 0.1016862 -0.04396381 -0.0137 0.1015376 -0.04409204 -0.0137 0.1015767 -0.04311464 -0.01436667 0.101319 -0.04290318 -0.0147 0.1014096 -0.0427871 -0.0147 0.1015927 -0.04359272 -0.01403333 0.1019638 -0.04368624 -0.0137 0.1018284 -0.04382843 -0.0137 0.1017716 -0.0428519 -0.01436667 0.1014944 -0.04266671 -0.0147 0.1015732 -0.04254231 -0.0147 0.1018344 -0.04332611 -0.01403333 0.1022128 -0.0433828 -0.0137 0.102092 -0.04353757 -0.0137 0.1019397 -0.04257132 -0.01436667 0.1016458 -0.04241419 -0.0147 0.101712 -0.04228267 -0.0147 0.1020487 -0.04303709 -0.01403333 0.1024309 -0.04305641 -0.0137 0.1023259 -0.04322228 -0.0137 0.1020796 -0.04227561 -0.01436667 0.1017716 -0.04214805 -0.0147 0.1018246 -0.04201067 -0.0147 0.1022337 -0.04272845 -0.01403333 0.102616 -0.04271022 -0.0137 0.1025277 -0.04288559 -0.0137 0.1021898 -0.04196762 -0.01436667 0.1018708 -0.04187085 -0.0147 0.1019101 -0.04172894 -0.0147 0.1023876 -0.04240317 -0.01403333 0.1027662 -0.04234756 -0.0137 0.1026955 -0.04253074 -0.0137 0.1022693 -0.0416503 -0.01436667 0.1019424 -0.04158527 -0.0147 0.1019675 -0.04144019 -0.0147 0.1025088 -0.04206438 -0.01403333 0.1028801 -0.04197192 -0.0137 0.1028278 -0.04216114 -0.0137 0.1023173 -0.04132673 -0.01436667 0.1019856 -0.04129405 -0.0147 0.1019964 -0.0411472 -0.0147 0.1025962 -0.04171533 -0.01403333 0.1029567 -0.04158692 -0.0137 0.1029231 -0.04178036 -0.0137 0.102649 -0.0413594 -0.01403333 0.1029952 -0.04119627 -0.0137 0.1029807 -0.04139207 -0.0137 0.083 -0.044 -0.0147 0.083 -0.045 -0.0137 0.07968272 -0.04132673 -0.01436667 0.08 -0.041 -0.0147 0.08000362 -0.0411472 -0.0147 0.08001444 -0.04129405 -0.0147 0.08003247 -0.04144019 -0.0147 0.07973071 -0.0416503 -0.01436667 0.08005765 -0.04158527 -0.0147 0.0800899 -0.04172894 -0.0147 0.07935099 -0.0413594 -0.01403333 0.079 -0.041 -0.0137 0.0790433 -0.04158692 -0.0137 0.07901926 -0.04139207 -0.0137 0.07900482 -0.04119627 -0.0137 0.0798102 -0.04196762 -0.01436667 0.08012918 -0.04187085 -0.0147 0.08017537 -0.04201067 -0.0147 0.07940379 -0.04171533 -0.01403333 0.07911987 -0.04197192 -0.0137 0.07907686 -0.04178036 -0.0137 0.0799204 -0.04227561 -0.01436667 0.08022836 -0.04214805 -0.0147 0.08028803 -0.04228267 -0.0147 0.07949122 -0.04206438 -0.01403333 0.07923383 -0.04234756 -0.0137 0.07917224 -0.04216114 -0.0137 0.08006026 -0.04257132 -0.01436667 0.08035423 -0.04241419 -0.0147 0.08042681 -0.04254231 -0.0147 0.07961244 -0.04240317 -0.01403333 0.07938404 -0.04271022 -0.0137 0.07930448 -0.04253074 -0.0137 0.08022843 -0.0428519 -0.01436667 0.08050559 -0.04266671 -0.0147 0.08059038 -0.0427871 -0.0147 0.07976629 -0.04272845 -0.01403333 0.07956908 -0.04305641 -0.0137 0.07947231 -0.04288559 -0.0137 0.0804233 -0.04311464 -0.01436667 0.08068097 -0.04290318 -0.0147 0.08077715 -0.04301468 -0.0147 0.07995128 -0.04303709 -0.01403333 0.07978717 -0.0433828 -0.0137 0.07967412 -0.04322228 -0.0137 0.08064297 -0.04335702 -0.01436667 0.08087868 -0.04312132 -0.0147 0.08098532 -0.04322285 -0.0147 0.08016563 -0.04332611 -0.01403333 0.08003619 -0.04368624 -0.0137 0.07990796 -0.04353757 -0.0137 0.08088535 -0.0435767 -0.01436667 0.08109682 -0.04331903 -0.0147 0.08121291 -0.04340962 -0.0147 0.08040727 -0.04359272 -0.01403333 0.08031377 -0.04396381 -0.0137 0.08017157 -0.04382843 -0.0137 0.0811481 -0.04377156 -0.01436667 0.08133329 -0.04349441 -0.0147 0.0814577 -0.04357318 -0.0147 0.08067389 -0.04383437 -0.01403333 0.0806172 -0.04421283 -0.0137 0.08046243 -0.04409204 -0.0137 0.08142868 -0.04393974 -0.01436667 0.08158581 -0.04364576 -0.0147 0.08171733 -0.04371197 -0.0147 0.08096291 -0.04404872 -0.01403333 0.08094359 -0.04443092 -0.0137 0.08077772 -0.04432588 -0.0137 0.08172439 -0.0440796 -0.01436667 0.08185195 -0.04377164 -0.0147 0.08198933 -0.04382463 -0.0147 0.08127155 -0.04423371 -0.01403333 0.08128978 -0.04461596 -0.0137 0.08111441 -0.04452768 -0.0137 0.08203239 -0.0441898 -0.01436667 0.08212914 -0.04387082 -0.0147 0.08227106 -0.0439101 -0.0147 0.08159682 -0.04438756 -0.01403333 0.08165244 -0.04476618 -0.0137 0.08146927 -0.04469552 -0.0137 0.0823497 -0.04426928 -0.01436667 0.08241473 -0.04394236 -0.0147 0.08255981 -0.04396753 -0.0147 0.08193562 -0.04450878 -0.01403333 0.08202808 -0.04488012 -0.0137 0.08183886 -0.04482776 -0.0137 0.08267328 -0.04431728 -0.01436667 0.08270595 -0.04398555 -0.0147 0.0828528 -0.04399639 -0.0147 0.08228467 -0.04459621 -0.01403333 0.08241308 -0.04495671 -0.0137 0.08221964 -0.04492314 -0.0137 0.0826406 -0.04464901 -0.01403333 0.08280373 -0.04499518 -0.0137 0.08260793 -0.04498074 -0.0137 0.079 -0.031 -0.0137 0.08 -0.031 -0.0147 0.063 -0.015 -0.0137 0.06383415 -0.01402048 -0.0147 0.06378508 -0.01501927 -0.0137 0.063 -0.014 -0.0147 0.06466629 -0.01408186 -0.0147 0.06456828 -0.01507704 -0.0137 0.06549442 -0.014184 -0.0147 0.06534769 -0.01517318 -0.0137 0.06631654 -0.01432665 -0.0147 0.06612144 -0.01530744 -0.0137 0.06713066 -0.01450947 -0.0147 0.06688768 -0.0154795 -0.0137 0.06793484 -0.01473201 -0.0147 0.06764455 -0.01568895 -0.0137 0.06872713 -0.01499375 -0.0147 0.06839024 -0.0159353 -0.0137 0.06950562 -0.01529405 -0.0147 0.06912293 -0.01621793 -0.0137 0.07026844 -0.01563218 -0.0147 0.06984088 -0.01653617 -0.0137 0.07101375 -0.01600734 -0.0147 0.07054235 -0.01688926 -0.0137 0.07173975 -0.01641861 -0.0147 0.07122565 -0.01727634 -0.0137 0.07244469 -0.01686502 -0.0147 0.07188912 -0.01769649 -0.0137 0.07312688 -0.01734547 -0.0147 0.07253119 -0.01814868 -0.0137 0.07378468 -0.01785882 -0.0147 0.07315029 -0.01863183 -0.0137 0.0744165 -0.01840383 -0.0147 0.07374494 -0.01914478 -0.0137 0.07502081 -0.01897919 -0.0147 0.07431371 -0.01968629 -0.0137 0.07559617 -0.0195835 -0.0147 0.07485522 -0.02025506 -0.0137 0.07614117 -0.02021531 -0.0147 0.07536816 -0.02084971 -0.0137 0.07665453 -0.02087311 -0.0147 0.07585132 -0.02146881 -0.0137 0.07713499 -0.02155531 -0.0147 0.07630351 -0.02211088 -0.0137 0.07758138 -0.02226025 -0.0147 0.07672366 -0.02277436 -0.0137 0.07799266 -0.02298626 -0.0147 0.07711074 -0.02345765 -0.0137 0.07836782 -0.02373156 -0.0147 0.07746383 -0.02415912 -0.0137 0.07870596 -0.02449438 -0.0147 0.07778207 -0.02487707 -0.0137 0.07900625 -0.02527287 -0.0147 0.0780647 -0.02560976 -0.0137 0.07926798 -0.02606516 -0.0147 0.07831104 -0.02635545 -0.0137 0.07949053 -0.02686934 -0.0147 0.0785205 -0.02711232 -0.0137 0.07967335 -0.02768346 -0.0147 0.07869257 -0.02787856 -0.0137 0.079816 -0.02850558 -0.0147 0.07882682 -0.02865231 -0.0137 0.07991814 -0.02933371 -0.0147 0.07892296 -0.02943173 -0.0137 0.07997952 -0.03016585 -0.0147 0.07898073 -0.03021492 -0.0137 0.06279796 -0.014 -0.0147 0.06279796 -0.015 -0.0137 0.06267588 -0.01475 -0.01394403 0.0627003 -0.015 -0.01369522 0.06255497 -0.01475 -0.01392616 0.06260357 -0.015 -0.01368092 0.06243639 -0.01475 -0.01389656 0.0625087 -0.015 -0.01365725 0.0624166 -0.015 -0.01362443 0.06265147 -0.0145 -0.01419283 0.06232126 -0.01475 -0.01385553 0.06232814 -0.015 -0.01358276 0.06250637 -0.0145 -0.01417139 0.06221069 -0.01475 -0.01380345 0.06224417 -0.015 -0.01353266 0.06236407 -0.0145 -0.01413588 0.06262705 -0.01425 -0.01444163 0.06250556 -0.014 -0.01467851 0.06260264 -0.014 -0.01469044 0.06270018 -0.014 -0.01469761 0.06210573 -0.01475 -0.01374083 0.0621655 -0.015 -0.0134746 0.06222592 -0.0145 -0.01408664 0.06245778 -0.01425 -0.01441662 0.06231373 -0.014 -0.0146405 0.06240918 -0.014 -0.01466185 0.06200739 -0.01475 -0.01366825 0.06209288 -0.015 -0.01340913 0.06209323 -0.0145 -0.01402414 0.06229176 -0.01425 -0.01437519 0.06212654 -0.014 -0.01458393 0.06221944 -0.014 -0.0146145 0.06191661 -0.01475 -0.01358641 0.062027 -0.015 -0.01333688 0.06196728 -0.0145 -0.01394899 0.06213058 -0.01425 -0.01431775 0.06194576 -0.014 -0.01450935 0.06203524 -0.014 -0.01454885 0.06183426 -0.01475 -0.0134961 0.06196848 -0.015 -0.01325854 0.06184928 -0.0145 -0.01386189 0.06197578 -0.01425 -0.01424483 0.06177313 -0.014 -0.01441748 0.06185832 -0.014 -0.01446553 0.06176111 -0.01475 -0.01339818 0.0619179 -0.015 -0.01317486 0.06174034 -0.0145 -0.01376369 0.06182884 -0.01425 -0.01415716 0.0616103 -0.014 -0.01430918 0.06169039 -0.014 -0.01436532 0.06169788 -0.01475 -0.01329358 0.06187573 -0.015 -0.01308665 0.06164151 -0.0145 -0.01365532 0.06169116 -0.01425 -0.01405554 0.06145882 -0.014 -0.0141855 0.06153305 -0.014 -0.01424919 0.06164517 -0.01475 -0.01318331 0.06184238 -0.015 -0.01299473 0.06155375 -0.0145 -0.01353781 0.06156407 -0.01425 -0.01394097 0.06132015 -0.014 -0.01404762 0.0613878 -0.014 -0.01411826 0.06160349 -0.01475 -0.01306841 0.06181816 -0.015 -0.0129 0.06147787 -0.0145 -0.0134123 0.06144877 -0.01425 -0.01381454 0.0611956 -0.014 -0.01389685 0.06125603 -0.014 -0.01397376 0.06141462 -0.0145 -0.01327997 0.06134637 -0.01425 -0.01367745 0.06108638 -0.014 -0.01373464 0.061139 -0.014 -0.01381708 0.06136459 -0.0145 -0.0131421 0.06083837 -0.014 -0.0131 0.06125785 -0.01425 -0.01353101 0.06099352 -0.014 -0.01356254 0.06103784 -0.014 -0.01364973 0.06118406 -0.01425 -0.01337663 0.0609179 -0.014 -0.01338219 0.0609535 -0.014 -0.01347329 0.06112569 -0.01425 -0.01321578 0.06086027 -0.014 -0.01319532 0.0608868 -0.014 -0.01328946 0.06064631 -0.014 -0.01234756 0.06113425 -0.0145 -0.01223342 0.06052312 -0.014 -0.01197921 0.06075147 -0.014 -0.01272145 0.06172041 -0.015 -0.01247413 0.0616021 -0.015 -0.0120535 0.06146351 -0.015 -0.01163911 0.06086983 -0.0145 -0.01148819 0.06038219 -0.014 -0.01161728 0.06022387 -0.014 -0.01126261 0.06130497 -0.015 -0.01123194 0.06112686 -0.015 -0.01083294 0.06004852 -0.014 -0.01091605 0.06053731 -0.0145 -0.01077075 0.05985656 -0.014 -0.0105784 0.06092959 -0.015 -0.01044305 0.06071363 -0.015 -0.0100632 0.05964843 -0.014 -0.01025047 0.06013955 -0.0145 -0.01008732 0.05942464 -0.014 -0.009933029 0.06047949 -0.015 -0.00969428 0.06022772 -0.015 -0.009337157 0.05968 -0.0145 -0.009443809 0.0591857 -0.014 -0.009626823 0.05893218 -0.014 -0.009332576 0.05995891 -0.015 -0.008992676 0.0596737 -0.015 -0.008661648 0.05916265 -0.0145 -0.008845788 0.05866468 -0.014 -0.00905098 0.05937276 -0.015 -0.008344851 0.05838382 -0.014 -0.008782699 0.05859195 -0.0145 -0.008298433 0.05809028 -0.014 -0.008528365 0.0590568 -0.015 -0.008043036 0.05872656 -0.015 -0.00775691 0.05778473 -0.014 -0.008288579 0.05797287 -0.0145 -0.00780648 0.05746791 -0.014 -0.008063905 0.05838282 -0.015 -0.007487151 0.0580264 -0.015 -0.007234393 0.05714056 -0.014 -0.007854873 0.05731074 -0.0145 -0.007374187 0.05680345 -0.014 -0.007661975 0.05765813 -0.015 -0.006999232 0.05727888 -0.015 -0.006782222 0.05645737 -0.014 -0.007485667 0.05661131 -0.0145 -0.007005296 0.05610314 -0.014 -0.007326364 0.05688954 -0.015 -0.006583876 0.05649104 -0.015 -0.00640466 0.0553736 -0.014 -0.007060234 0.05588062 -0.0145 -0.006702998 0.055 -0.014 -0.006954033 0.0557416 -0.014 -0.007184442 0.05525 -0.015 -0.005985787 0.0560843 -0.015 -0.006244997 0.0556703 -0.015 -0.006105263 0.05488422 0.01433862 -0.006582562 0.05483861 0.01400443 -0.00691415 0.05498447 0.01466931 -0.006263674 0.05420564 -0.01480794 -0.006120425 0.05439896 -0.01509245 -0.005810785 0.0542724 -0.01513713 -0.005792015 0.05403642 -0.01451569 -0.006433783 0.05386241 -0.01422539 -0.006746617 0.05399569 -0.01417446 -0.006762238 0.05400377 -0.01507721 -0.005927353 0.05416983 -0.01518074 -0.005778101 0.05400602 -0.01526501 -0.00575821 0.0538529 -0.01536196 -0.00574217 0.05453594 -0.01488542 -0.006002694 0.05455446 -0.01505045 -0.005836361 0.05461707 -0.01486941 -0.006017122 0.055 -0.015 -0.005925113 0.05484674 -0.01500603 -0.005891899 0.05474358 -0.01501676 -0.005871168 0.05363958 -0.01451663 -0.006560847 0.05344857 -0.01443406 -0.006712736 0.05354385 -0.01437882 -0.006718635 0.05369503 -0.01448705 -0.006565211 0.05370549 -0.01429517 -0.006731218 0.05440819 -0.01440274 -0.0064877 0.05467369 -0.01401808 -0.006877036 0.05433856 -0.01424718 -0.006644558 0.05410802 -0.01413702 -0.006777194 0.05429674 -0.01408473 -0.006805927 0.05448586 -0.01404509 -0.006839266 0.05351658 -0.01488659 -0.006304975 0.05371252 -0.01546951 -0.005729669 0.053 -0.01476445 -0.0067 0.05331248 -0.0146226 -0.006624567 0.05314107 -0.01464635 -0.006701295 0.05324015 -0.01457178 -0.006703711 0.05334724 -0.01449797 -0.006707684 0.05385999 -0.01482399 -0.006206211 0.05376312 -0.01468679 -0.00636391 0.05498458 -0.01433464 -0.006606449 0.05483861 -0.01400443 -0.00691415 0.0550763 -0.01466732 -0.006285739 0.053 -0.017 -0.0057 0.053 -0.034 -0.0057 0.052 -0.034 -0.0067 0.052 -0.017 -0.0067 0.05112252 -0.03524398 -0.00645 0.051 -0.035 -0.0067 0.05109802 -0.03499519 -0.0067 0.05119509 -0.03498079 -0.0067 0.05124386 -0.03522598 -0.00645 0.05129028 -0.03495694 -0.0067 0.05136285 -0.03519617 -0.00645 0.05138268 -0.03492388 -0.0067 0.05114703 -0.03549278 -0.0062 0.051 -0.036 -0.0057 0.05147836 -0.03515485 -0.00645 0.0514714 -0.03488192 -0.0067 0.05129264 -0.03547118 -0.0062 0.05158924 -0.0351024 -0.00645 0.05155557 -0.03483147 -0.0067 0.05143543 -0.03543541 -0.0062 0.05117153 -0.03574157 -0.00595 0.05129346 -0.03597835 -0.0057 0.05119603 -0.03599037 -0.0057 0.05109814 -0.03599759 -0.0057 0.05169446 -0.03503934 -0.00645 0.05163439 -0.03477301 -0.0067 0.05157402 -0.03538582 -0.0062 0.05134141 -0.03571637 -0.00595 0.05148596 -0.03594006 -0.0057 0.05139018 -0.03596157 -0.0057 0.05179299 -0.03496626 -0.00645 0.05170711 -0.03470711 -0.0067 0.0517071 -0.03532288 -0.0062 0.051508 -0.03567464 -0.00595 0.05167378 -0.03588309 -0.0057 0.05158057 -0.03591388 -0.0057 0.05188388 -0.03488388 -0.00645 0.05177301 -0.03463439 -0.0067 0.05183335 -0.0352472 -0.0062 0.0516697 -0.03561679 -0.00595 0.05185511 -0.03580798 -0.0057 0.05176537 -0.03584776 -0.0057 0.05196626 -0.03479299 -0.00645 0.05183147 -0.03455557 -0.0067 0.05195159 -0.03515952 -0.0062 0.05182494 -0.03554336 -0.00595 0.05202821 -0.03571546 -0.0057 0.05194279 -0.03576384 -0.0057 0.05203934 -0.03469446 -0.00645 0.05188192 -0.0344714 -0.0067 0.05206066 -0.03506066 -0.0062 0.05197225 -0.03545507 -0.00595 0.0521914 -0.03560641 -0.0057 0.05211114 -0.03566294 -0.0057 0.0521024 -0.03458924 -0.00645 0.05192388 -0.03438268 -0.0067 0.05215952 -0.03495159 -0.0062 0.05211019 -0.03535277 -0.00595 0.05234312 -0.0354819 -0.0057 0.05226879 -0.03554602 -0.0057 0.05215485 -0.03447836 -0.00645 0.05195694 -0.03429028 -0.0067 0.0522472 -0.03483335 -0.0062 0.05223744 -0.03523744 -0.00595 0.0524819 -0.03534312 -0.0057 0.05241422 -0.03541422 -0.0057 0.05219617 -0.03436285 -0.00645 0.05198079 -0.03419509 -0.0067 0.05232288 -0.0347071 -0.0062 0.05235277 -0.03511019 -0.00595 0.05260641 -0.0351914 -0.0057 0.05254602 -0.03526879 -0.0057 0.05222598 -0.03424386 -0.00645 0.05199519 -0.03409802 -0.0067 0.05238582 -0.03457402 -0.0062 0.05245507 -0.03497225 -0.00595 0.05271546 -0.03502821 -0.0057 0.05266294 -0.03511114 -0.0057 0.05224398 -0.03412252 -0.00645 0.05243541 -0.03443543 -0.0062 0.05254336 -0.03482494 -0.00595 0.05280798 -0.03485511 -0.0057 0.05276384 -0.03494279 -0.0057 0.05247118 -0.03429264 -0.0062 0.05261679 -0.0346697 -0.00595 0.05288309 -0.03467378 -0.0057 0.05284776 -0.03476537 -0.0057 0.05249278 -0.03414703 -0.0062 0.05267464 -0.034508 -0.00595 0.05294006 -0.03448596 -0.0057 0.05291388 -0.03458057 -0.0057 0.05271637 -0.03434141 -0.00595 0.05297835 -0.03429346 -0.0057 0.05296157 -0.03439018 -0.0057 0.05274157 -0.03417153 -0.00595 0.05299759 -0.03409814 -0.0057 0.05299037 -0.03419603 -0.0057 0.043 -0.035 -0.0067 0.043 -0.036 -0.0057 0.05302872 -0.01666682 -0.005699823 0.05201674 -0.01669273 -0.0067 0.05204179 -0.01651122 -0.0067 0.05207451 -0.01634476 -0.0067 0.05306487 -0.01649809 -0.005699965 0.05300715 -0.01683481 -0.005699915 0.05200604 -0.01681648 -0.0067 0.05263865 -0.01575921 -0.006367773 0.0521218 -0.01616052 -0.0067 0.05218027 -0.01597909 -0.0067 0.05222478 -0.01586187 -0.0067 0.05226976 -0.01575623 -0.0067 0.05235263 -0.01558657 -0.0067 0.05244056 -0.01543248 -0.0067 0.05252059 -0.01530894 -0.0067 0.0525917 -0.01520953 -0.0067 0.05270541 -0.01506666 -0.0067 0.05293615 -0.01590995 -0.006035546 0.05328244 -0.01597406 -0.005704878 0.05319538 -0.01613704 -0.00570226 0.05313522 -0.01627774 -0.00570092 0.05309364 -0.01639736 -0.005700263 0.05310571 -0.01563656 -0.006039251 0.05277541 -0.01498693 -0.0067 0.05284793 -0.01490993 -0.0067 0.05292284 -0.01483575 -0.0067 0.0532444 -0.01572935 -0.005874063 0.05347683 -0.01570354 -0.005713582 0.05340089 -0.01579815 -0.005709697 0.05333664 -0.01588848 -0.005706898 0.05340776 -0.01553051 -0.005880912 0.05356627 -0.01560548 -0.005718966 0.09253612 -0.03457491 -0.0147 0.09261272 -0.03449638 -0.0147 0.09245571 -0.03464952 -0.0147 0.0926853 -0.03441413 -0.0147 0.09237168 -0.03472003 -0.0147 0.09275369 -0.03432837 -0.0147 0.09228423 -0.03478626 -0.0147 0.09281773 -0.0342393 -0.0147 0.0921936 -0.03484806 -0.0147 0.09287724 -0.03414716 -0.0147 0.0921 -0.03490525 -0.0147 0.09293209 -0.03405216 -0.0147 0.09200366 -0.03495772 -0.0147 0.09298213 -0.03395454 -0.0147 0.09190483 -0.03500531 -0.0147 0.09302724 -0.03385456 -0.0147 0.09180375 -0.03504792 -0.0147 0.09306732 -0.03375245 -0.0147 0.09170067 -0.03508544 -0.0147 0.09310226 -0.03364846 -0.0147 0.09159585 -0.03511777 -0.0147 0.09313197 -0.03354287 -0.0147 0.09148955 -0.03514484 -0.0147 0.09315638 -0.03343592 -0.0147 0.09138203 -0.03516658 -0.0147 0.09317543 -0.03332789 -0.0147 0.09127356 -0.03518293 -0.0147 0.09318906 -0.03321905 -0.0147 0.09116441 -0.03519385 -0.0147 0.09319727 -0.03310966 -0.0147 0.09105485 -0.03519932 -0.0147 0.0932 -0.033 -0.0147 0.09094515 -0.03519932 -0.0147 0.09319727 -0.03289034 -0.0147 0.09083559 -0.03519385 -0.0147 0.09318906 -0.03278095 -0.0147 0.09072644 -0.03518293 -0.0147 0.09317543 -0.03267211 -0.0147 0.09061797 -0.03516658 -0.0147 0.09315638 -0.03256408 -0.0147 0.09051045 -0.03514484 -0.0147 0.09313197 -0.03245713 -0.0147 0.09040415 -0.03511777 -0.0147 0.09310226 -0.03235154 -0.0147 0.09029933 -0.03508544 -0.0147 0.09306732 -0.03224755 -0.0147 0.09019625 -0.03504792 -0.0147 0.09302724 -0.03214544 -0.0147 0.09009517 -0.03500531 -0.0147 0.09298213 -0.03204546 -0.0147 0.08999634 -0.03495772 -0.0147 0.09293209 -0.03194784 -0.0147 0.0899 -0.03490525 -0.0147 0.09287724 -0.03185284 -0.0147 0.0898064 -0.03484806 -0.0147 0.08971577 -0.03478626 -0.0147 0.08962832 -0.03472003 -0.0147 0.08954429 -0.03464952 -0.0147 0.08946388 -0.03457491 -0.0147 0.09281773 -0.0317607 -0.0147 0.09275369 -0.03167163 -0.0147 0.0926853 -0.03158587 -0.0147 0.08893268 -0.03375245 -0.0147 0.08897276 -0.03385456 -0.0147 0.08901787 -0.03395454 -0.0147 0.08906791 -0.03405216 -0.0147 0.08912276 -0.03414716 -0.0147 0.08918227 -0.0342393 -0.0147 0.08924631 -0.03432837 -0.0147 0.0893147 -0.03441413 -0.0147 0.08938728 -0.03449638 -0.0147 0.09261272 -0.03150362 -0.0147 0.09253612 -0.03142509 -0.0147 0.09245571 -0.03135048 -0.0147 0.09237168 -0.03127997 -0.0147 0.09228423 -0.03121374 -0.0147 0.0921936 -0.03115194 -0.0147 0.0921 -0.03109474 -0.0147 0.09200366 -0.03104228 -0.0147 0.09190483 -0.03099469 -0.0147 0.09180375 -0.03095208 -0.0147 0.09170067 -0.03091456 -0.0147 0.09159585 -0.03088223 -0.0147 0.09148955 -0.03085516 -0.0147 0.09138203 -0.03083342 -0.0147 0.09127356 -0.03081707 -0.0147 0.09116441 -0.03080615 -0.0147 0.09105485 -0.03080068 -0.0147 0.09094515 -0.03080068 -0.0147 0.09083559 -0.03080615 -0.0147 0.09072644 -0.03081707 -0.0147 0.09061797 -0.03083342 -0.0147 0.09051045 -0.03085516 -0.0147 0.09040415 -0.03088223 -0.0147 0.09029933 -0.03091456 -0.0147 0.09019625 -0.03095208 -0.0147 0.09009517 -0.03099469 -0.0147 0.08999634 -0.03104228 -0.0147 0.0899 -0.03109474 -0.0147 0.0898064 -0.03115194 -0.0147 0.08897276 -0.03214544 -0.0147 0.08893268 -0.03224755 -0.0147 0.08889774 -0.03235154 -0.0147 0.08886803 -0.03245713 -0.0147 0.08884362 -0.03256408 -0.0147 0.08882457 -0.03267211 -0.0147 0.08881094 -0.03278095 -0.0147 0.08880273 -0.03289034 -0.0147 0.0888 -0.033 -0.0147 0.08880273 -0.03310966 -0.0147 0.08881094 -0.03321905 -0.0147 0.08882457 -0.03332789 -0.0147 0.08884362 -0.03343592 -0.0147 0.08886803 -0.03354287 -0.0147 0.08889774 -0.03364846 -0.0147 0.08912276 -0.03185284 -0.0147 0.08906791 -0.03194784 -0.0147 0.08901787 -0.03204546 -0.0147 0.0893147 -0.03158587 -0.0147 0.08924631 -0.03167163 -0.0147 0.08918227 -0.0317607 -0.0147 0.08938728 -0.03150362 -0.0147 0.08946388 -0.03142509 -0.0147 0.08971577 -0.03121374 -0.0147 0.08962832 -0.03127997 -0.0147 0.08954429 -0.03135048 -0.0147 0.09253612 0.03142509 -0.0147 0.09261272 0.03150362 -0.0147 0.09245571 0.03135048 -0.0147 0.0926853 0.03158587 -0.0147 0.09237168 0.03127997 -0.0147 0.09275369 0.03167163 -0.0147 0.09228423 0.03121374 -0.0147 0.09281773 0.0317607 -0.0147 0.0921936 0.03115194 -0.0147 0.09287724 0.03185284 -0.0147 0.0921 0.03109474 -0.0147 0.09293209 0.03194784 -0.0147 0.09200366 0.03104228 -0.0147 0.09298213 0.03204546 -0.0147 0.09190483 0.03099469 -0.0147 0.09302724 0.03214544 -0.0147 0.09180375 0.03095208 -0.0147 0.09306732 0.03224755 -0.0147 0.09170067 0.03091456 -0.0147 0.09310226 0.03235154 -0.0147 0.09159585 0.03088223 -0.0147 0.09313197 0.03245713 -0.0147 0.09148955 0.03085516 -0.0147 0.09315638 0.03256408 -0.0147 0.09138203 0.03083342 -0.0147 0.09317543 0.03267211 -0.0147 0.09127356 0.03081707 -0.0147 0.09318906 0.03278095 -0.0147 0.09116441 0.03080615 -0.0147 0.09319727 0.03289034 -0.0147 0.09105485 0.03080068 -0.0147 0.0932 0.033 -0.0147 0.09094515 0.03080068 -0.0147 0.09319727 0.03310966 -0.0147 0.09083559 0.03080615 -0.0147 0.09318906 0.03321905 -0.0147 0.09072644 0.03081707 -0.0147 0.09317543 0.03332789 -0.0147 0.09061797 0.03083342 -0.0147 0.09315638 0.03343592 -0.0147 0.09051045 0.03085516 -0.0147 0.09313197 0.03354287 -0.0147 0.09040415 0.03088223 -0.0147 0.09310226 0.03364846 -0.0147 0.09029933 0.03091456 -0.0147 0.09306732 0.03375245 -0.0147 0.09019625 0.03095208 -0.0147 0.09302724 0.03385456 -0.0147 0.09009517 0.03099469 -0.0147 0.09298213 0.03395454 -0.0147 0.08999634 0.03104228 -0.0147 0.09293209 0.03405216 -0.0147 0.0899 0.03109474 -0.0147 0.09287724 0.03414716 -0.0147 0.0898064 0.03115194 -0.0147 0.09281773 0.0342393 -0.0147 0.09275369 0.03432837 -0.0147 0.0926853 0.03441413 -0.0147 0.09261272 0.03449638 -0.0147 0.09253612 0.03457491 -0.0147 0.09245571 0.03464952 -0.0147 0.09237168 0.03472003 -0.0147 0.09228423 0.03478626 -0.0147 0.0921936 0.03484806 -0.0147 0.0921 0.03490525 -0.0147 0.09200366 0.03495772 -0.0147 0.09190483 0.03500531 -0.0147 0.09180375 0.03504792 -0.0147 0.09170067 0.03508544 -0.0147 0.09159585 0.03511777 -0.0147 0.09148955 0.03514484 -0.0147 0.09138203 0.03516658 -0.0147 0.09127356 0.03518293 -0.0147 0.09116441 0.03519385 -0.0147 0.09105485 0.03519932 -0.0147 0.09094515 0.03519932 -0.0147 0.08971577 0.03121374 -0.0147 0.08946388 0.03142509 -0.0147 0.08954429 0.03135048 -0.0147 0.08962832 0.03127997 -0.0147 0.0893147 0.03158587 -0.0147 0.08938728 0.03150362 -0.0147 0.08912276 0.03185284 -0.0147 0.08918227 0.0317607 -0.0147 0.08924631 0.03167163 -0.0147 0.08906791 0.03194784 -0.0147 0.08897276 0.03214544 -0.0147 0.08901787 0.03204546 -0.0147 0.08893268 0.03375245 -0.0147 0.08889774 0.03364846 -0.0147 0.08886803 0.03354287 -0.0147 0.08884362 0.03343592 -0.0147 0.08882457 0.03332789 -0.0147 0.08881094 0.03321905 -0.0147 0.08880273 0.03310966 -0.0147 0.0888 0.033 -0.0147 0.08880273 0.03289034 -0.0147 0.08881094 0.03278095 -0.0147 0.08882457 0.03267211 -0.0147 0.08884362 0.03256408 -0.0147 0.08886803 0.03245713 -0.0147 0.08889774 0.03235154 -0.0147 0.08893268 0.03224755 -0.0147 0.08946388 0.03457491 -0.0147 0.08938728 0.03449638 -0.0147 0.0893147 0.03441413 -0.0147 0.08924631 0.03432837 -0.0147 0.08918227 0.0342393 -0.0147 0.08912276 0.03414716 -0.0147 0.08906791 0.03405216 -0.0147 0.08901787 0.03395454 -0.0147 0.08897276 0.03385456 -0.0147 0.09083559 0.03519385 -0.0147 0.09072644 0.03518293 -0.0147 0.09061797 0.03516658 -0.0147 0.09051045 0.03514484 -0.0147 0.09040415 0.03511777 -0.0147 0.09029933 0.03508544 -0.0147 0.09019625 0.03504792 -0.0147 0.09009517 0.03500531 -0.0147 0.08999634 0.03495772 -0.0147 0.0899 0.03490525 -0.0147 0.0898064 0.03484806 -0.0147 0.08971577 0.03478626 -0.0147 0.08962832 0.03472003 -0.0147 0.08954429 0.03464952 -0.0147 0.051 -0.036 0.0057 0.043 -0.036 0.0057 0.053 -0.034 0.0057 0.05299759 -0.03409814 0.0057 0.05299037 -0.03419603 0.0057 0.05297835 -0.03429346 0.0057 0.05296157 -0.03439018 0.0057 0.05294006 -0.03448596 0.0057 0.05291388 -0.03458057 0.0057 0.05288309 -0.03467378 0.0057 0.05284776 -0.03476537 0.0057 0.05280798 -0.03485511 0.0057 0.05276384 -0.03494279 0.0057 0.05271546 -0.03502821 0.0057 0.05266294 -0.03511114 0.0057 0.05260641 -0.0351914 0.0057 0.05254602 -0.03526879 0.0057 0.0524819 -0.03534312 0.0057 0.05241422 -0.03541422 0.0057 0.05234312 -0.0354819 0.0057 0.05226879 -0.03554602 0.0057 0.0521914 -0.03560641 0.0057 0.05211114 -0.03566294 0.0057 0.05202821 -0.03571546 0.0057 0.05194279 -0.03576384 0.0057 0.05185511 -0.03580798 0.0057 0.05176537 -0.03584776 0.0057 0.05167378 -0.03588309 0.0057 0.05158057 -0.03591388 0.0057 0.05148596 -0.03594006 0.0057 0.05139018 -0.03596157 0.0057 0.05129346 -0.03597835 0.0057 0.05119603 -0.03599037 0.0057 0.05109814 -0.03599759 0.0057 0.053 -0.03065267 0.002858902 0.053 -0.03079188 0.002723124 0.053 -0.03092415 0.002580575 0.053 -0.03050687 0.002987573 0.053 -0.03104914 0.00243161 0.053 -0.03035484 0.003108817 0.053 -0.03116656 0.0022766 0.053 -0.03019695 0.003222331 0.053 -0.0312761 0.00211593 0.053 -0.0300336 0.003327834 0.053 -0.0313775 0.00195 0.053 -0.02986519 0.003425064 0.053 -0.0314705 0.001779222 0.053 -0.02969215 0.003513779 0.053 -0.03155487 0.00160402 0.053 -0.0295149 0.003593757 0.053 -0.03163041 0.00142483 0.053 -0.02933388 0.003664801 0.053 -0.03169692 0.001242098 0.053 -0.02914955 0.003726734 0.053 -0.03175423 0.001056278 0.053 -0.02896235 0.003779401 0.053 -0.03180222 0.0008678316 0.053 -0.02877277 0.003822673 0.053 -0.03184075 0.0006772279 0.053 -0.02858126 0.00385644 0.053 -0.03186973 0.0004849404 0.053 -0.02838832 0.00388062 0.053 -0.0318891 0.0002914474 0.053 -0.0281944 0.003895152 0.053 -0.03189879 9.72297e-05 0.053 -0.028 0.0039 0.053 -0.03189879 -9.72297e-05 0.053 -0.0278056 0.003895152 0.053 -0.02761168 0.00388062 0.053 -0.03092415 -0.002580575 0.053 -0.03104914 -0.00243161 0.053 -0.03116656 -0.0022766 0.053 -0.0312761 -0.00211593 0.053 -0.0313775 -0.00195 0.053 -0.0314705 -0.001779222 0.053 -0.03155487 -0.00160402 0.053 -0.03163041 -0.00142483 0.053 -0.03169692 -0.001242098 0.053 -0.03175423 -0.001056278 0.053 -0.03180222 -0.0008678316 0.053 -0.03184075 -0.0006772279 0.053 -0.03186973 -0.0004849404 0.053 -0.0318891 -0.0002914474 0.053 -0.03079188 -0.002723124 0.053 -0.03065267 -0.002858902 0.053 -0.03050687 -0.002987573 0.053 -0.03035484 -0.003108817 0.053 -0.03019695 -0.003222331 0.053 -0.0300336 -0.003327834 0.053 -0.02986519 -0.003425064 0.053 -0.02969215 -0.003513779 0.053 -0.0295149 -0.003593757 0.053 -0.02933388 -0.003664801 0.053 -0.02914955 -0.003726734 0.053 -0.02896235 -0.003779401 0.053 -0.02877277 -0.003822673 0.053 -0.02858126 -0.00385644 0.053 -0.02838832 -0.00388062 0.053 -0.0281944 -0.003895152 0.053 -0.028 -0.0039 0.053 -0.0278056 -0.003895152 0.053 -0.02761168 -0.00388062 0.053 -0.017 0.0057 0.053 -0.02741874 0.00385644 0.053 -0.02722723 0.003822673 0.053 -0.02703765 0.003779401 0.053 -0.02685045 0.003726734 0.053 -0.02666612 0.003664801 0.053 -0.0264851 0.003593757 0.053 -0.02630785 0.003513779 0.053 -0.02613481 0.003425064 0.053 -0.0259664 0.003327834 0.053 -0.02580305 0.003222331 0.053 -0.02564516 0.003108817 0.053 -0.02549313 0.002987573 0.053 -0.02534733 0.002858902 0.053 -0.02520812 0.002723124 0.053 -0.02507585 0.002580575 0.053 -0.02495086 0.00243161 0.053 -0.02483344 0.0022766 0.053 -0.0247239 0.00211593 0.053 -0.0246225 0.00195 0.053 -0.0245295 0.001779222 0.053 -0.02444513 0.00160402 0.053 -0.02436959 0.00142483 0.053 -0.02430308 0.001242098 0.053 -0.02424577 0.001056278 0.053 -0.02419778 0.0008678316 0.053 -0.02415925 0.0006772279 0.053 -0.02413027 0.0004849404 0.053 -0.0241109 0.0002914474 0.053 -0.02410121 9.72297e-05 0.053 -0.02410121 -9.72297e-05 0.053 -0.0241109 -0.0002914474 0.053 -0.02413027 -0.0004849404 0.053 -0.02415925 -0.0006772279 0.053 -0.02419778 -0.0008678316 0.053 -0.02424577 -0.001056278 0.053 -0.02430308 -0.001242098 0.053 -0.02436959 -0.00142483 0.053 -0.02444513 -0.00160402 0.053 -0.0245295 -0.001779222 0.053 -0.0246225 -0.00195 0.053 -0.0247239 -0.00211593 0.053 -0.02483344 -0.0022766 0.053 -0.02495086 -0.00243161 0.053 -0.02507585 -0.002580575 0.053 -0.02520812 -0.002723124 0.053 -0.02534733 -0.002858902 0.053 -0.02549313 -0.002987573 0.053 -0.02564516 -0.003108817 0.053 -0.02580305 -0.003222331 0.053 -0.0259664 -0.003327834 0.053 -0.02613481 -0.003425064 0.053 -0.02630785 -0.003513779 0.053 -0.0264851 -0.003593757 0.053 -0.02666612 -0.003664801 0.053 -0.02685045 -0.003726734 0.053 -0.02703765 -0.003779401 0.053 -0.02722723 -0.003822673 0.053 -0.02741874 -0.00385644 0.051 -0.035 0.0067 0.043 -0.035 0.0067 0.05224398 -0.03412252 0.00645 0.052 -0.034 0.0067 0.05199519 -0.03409802 0.0067 0.05222598 -0.03424386 0.00645 0.05198079 -0.03419509 0.0067 0.05219617 -0.03436285 0.00645 0.05195694 -0.03429028 0.0067 0.05249278 -0.03414703 0.0062 0.05215485 -0.03447836 0.00645 0.05192388 -0.03438268 0.0067 0.05188192 -0.0344714 0.0067 0.05247118 -0.03429264 0.0062 0.0521024 -0.03458924 0.00645 0.05183147 -0.03455557 0.0067 0.05243541 -0.03443543 0.0062 0.05274157 -0.03417153 0.00595 0.05203934 -0.03469446 0.00645 0.05177301 -0.03463439 0.0067 0.05238582 -0.03457402 0.0062 0.05271637 -0.03434141 0.00595 0.05196626 -0.03479299 0.00645 0.05170711 -0.03470711 0.0067 0.05232288 -0.0347071 0.0062 0.05267464 -0.034508 0.00595 0.05188388 -0.03488388 0.00645 0.05163439 -0.03477301 0.0067 0.0522472 -0.03483335 0.0062 0.05261679 -0.0346697 0.00595 0.05179299 -0.03496626 0.00645 0.05155557 -0.03483147 0.0067 0.05215952 -0.03495159 0.0062 0.05254336 -0.03482494 0.00595 0.05169446 -0.03503934 0.00645 0.0514714 -0.03488192 0.0067 0.05206066 -0.03506066 0.0062 0.05245507 -0.03497225 0.00595 0.05158924 -0.0351024 0.00645 0.05138268 -0.03492388 0.0067 0.05195159 -0.03515952 0.0062 0.05235277 -0.03511019 0.00595 0.05147836 -0.03515485 0.00645 0.05129028 -0.03495694 0.0067 0.05183335 -0.0352472 0.0062 0.05223744 -0.03523744 0.00595 0.05136285 -0.03519617 0.00645 0.05119509 -0.03498079 0.0067 0.0517071 -0.03532288 0.0062 0.05211019 -0.03535277 0.00595 0.05124386 -0.03522598 0.00645 0.05109802 -0.03499519 0.0067 0.05157402 -0.03538582 0.0062 0.05197225 -0.03545507 0.00595 0.05112252 -0.03524398 0.00645 0.05143543 -0.03543541 0.0062 0.05182494 -0.03554336 0.00595 0.05129264 -0.03547118 0.0062 0.0516697 -0.03561679 0.00595 0.05114703 -0.03549278 0.0062 0.051508 -0.03567464 0.00595 0.05134141 -0.03571637 0.00595 0.05117153 -0.03574157 0.00595 0.052 -0.017 0.0067 0.05480397 -0.01500963 0.0057 0.05477946 -0.01476083 0.00595 0.05470654 -0.01502165 0.0057 0.05490186 -0.01500241 0.0057 0.055 -0.015 0.0057 0.05456105 -0.01479323 0.00595 0.05460982 -0.01503843 0.0057 0.05451404 -0.01505994 0.0057 0.055 -0.014 0.0067 0.05475496 -0.01451204 0.0062 0.05441943 -0.01508612 0.0057 0.05434686 -0.01484688 0.00595 0.05432622 -0.01511691 0.0057 0.05451228 -0.01454804 0.0062 0.0548528 -0.01400361 0.0067 0.05473045 -0.01426324 0.00645 0.05470595 -0.01401445 0.0067 0.05455981 -0.01403247 0.0067 0.05423463 -0.01515224 0.0057 0.05413896 -0.01492127 0.00595 0.05414489 -0.01519202 0.0057 0.05427429 -0.01460765 0.0062 0.05441473 -0.01405764 0.0067 0.0544635 -0.01430284 0.00645 0.05427106 -0.01408991 0.0067 0.05393936 -0.01501568 0.00595 0.05405721 -0.01523616 0.0057 0.05397179 -0.01528454 0.0057 0.05404329 -0.0146903 0.0062 0.05412915 -0.01412918 0.0067 0.05420172 -0.01436841 0.00645 0.05398933 -0.01417537 0.0067 0.05374997 -0.01512919 0.00595 0.05388886 -0.01533706 0.0057 0.0538086 -0.01539359 0.0057 0.05382151 -0.0147952 0.0062 0.05394762 -0.01445933 0.00645 0.05385195 -0.01422836 0.0067 0.05371733 -0.01428803 0.0067 0.05373121 -0.01545398 0.0057 0.05357262 -0.01526073 0.00595 0.05365688 -0.0155181 0.0057 0.05361107 -0.01492133 0.0062 0.05358581 -0.01435424 0.0067 0.05370366 -0.01457472 0.00645 0.05345769 -0.01442681 0.0067 0.05358578 -0.01558579 0.0057 0.05340901 -0.01540901 0.00595 0.0535181 -0.01565688 0.0057 0.05341402 -0.01506747 0.0062 0.05347218 -0.01471346 0.00645 0.05333329 -0.01450559 0.0067 0.0532129 -0.01459038 0.0067 0.05345398 -0.01573121 0.0057 0.05326073 -0.01557261 0.00595 0.05339359 -0.0158086 0.0057 0.05323223 -0.01523223 0.0062 0.05309682 -0.01468097 0.0067 0.05325542 -0.01487422 0.00645 0.05298532 -0.01477715 0.0067 0.05333706 -0.01588886 0.0057 0.05312919 -0.01574997 0.00595 0.05328454 -0.01597179 0.0057 0.05306747 -0.01541402 0.0062 0.05287868 -0.01487868 0.0067 0.05305546 -0.01505546 0.00645 0.05277715 -0.01498532 0.0067 0.05301568 -0.01593936 0.00595 0.05323616 -0.01605721 0.0057 0.05319202 -0.01614489 0.0057 0.05292133 -0.01561107 0.0062 0.05287422 -0.01525542 0.00645 0.05268097 -0.01509682 0.0067 0.05259038 -0.0152129 0.0067 0.05292127 -0.01613896 0.00595 0.05315224 -0.01623463 0.0057 0.05311691 -0.01632622 0.0057 0.0527952 -0.01582151 0.0062 0.05271346 -0.01547218 0.00645 0.05250559 -0.01533329 0.0067 0.05242682 -0.01545769 0.0067 0.05284689 -0.01634686 0.00595 0.05308612 -0.01641943 0.0057 0.05305994 -0.01651404 0.0057 0.0526903 -0.01604329 0.0062 0.05257471 -0.01570366 0.00645 0.05235424 -0.01558581 0.0067 0.05228803 -0.01571733 0.0067 0.05279323 -0.01656105 0.00595 0.05303843 -0.01660982 0.0057 0.05302165 -0.01670654 0.0057 0.05260765 -0.01627429 0.0062 0.05245933 -0.01594762 0.00645 0.05222836 -0.01585195 0.0067 0.05217537 -0.01598933 0.0067 0.05300241 -0.01690187 0.0057 0.05276083 -0.01677946 0.00595 0.05300963 -0.01680397 0.0057 0.05254804 -0.01651227 0.0062 0.05212918 -0.01612915 0.0067 0.05236842 -0.01620172 0.00645 0.0520899 -0.01627106 0.0067 0.05251204 -0.01675496 0.0062 0.05205764 -0.01641473 0.0067 0.05230284 -0.0164635 0.00645 0.05203247 -0.01655981 0.0067 0.05226324 -0.01673045 0.00645 0.05201445 -0.01670595 0.0067 0.05200361 -0.0168528 0.0067 0.06114359 -0.014 0.0067 0.06114359 -0.015 0.0057 0.0612673 -0.01475 0.005943863 0.06124256 -0.015 0.005695091 0.06134056 -0.015 0.005680411 0.0613898 -0.01475 0.005925514 0.06143662 -0.015 0.005656105 0.06150987 -0.01475 0.005895131 0.0615298 -0.015 0.005622411 0.06129205 -0.0145 0.006192636 0.06162635 -0.01475 0.005853014 0.06161919 -0.015 0.005579661 0.06143904 -0.0145 0.006170617 0.06173809 -0.01475 0.005799576 0.06170392 -0.015 0.005528274 0.06158313 -0.0145 0.006134158 0.06131679 -0.01425 0.006441409 0.06143989 -0.014 0.006677931 0.06134153 -0.014 0.006690181 0.06124268 -0.014 0.006697544 0.061844 -0.01475 0.005735342 0.06178314 -0.015 0.005468753 0.06172291 -0.0145 0.006083617 0.06148828 -0.01425 0.006415719 0.06163418 -0.014 0.006638897 0.06153752 -0.014 0.006660822 0.06194302 -0.01475 0.005660942 0.06185608 -0.015 0.005401685 0.06185699 -0.0145 0.006019491 0.06165639 -0.01425 0.006373184 0.06182366 -0.014 0.006580826 0.06172964 -0.014 0.00661221 0.0620342 -0.01475 0.005577106 0.06192203 -0.015 0.005327728 0.06198408 -0.0145 0.00594241 0.06181946 -0.01425 0.00631422 0.06200646 -0.014 0.006504288 0.06191601 -0.014 0.006544823 0.06211663 -0.01475 0.00548466 0.06198033 -0.015 0.005247607 0.06210291 -0.0145 0.00585313 0.06197589 -0.01425 0.006239407 0.06218079 -0.014 0.006410034 0.0620948 -0.014 0.006459322 0.06218951 -0.01475 0.005384508 0.06203042 -0.015 0.005162109 0.06221232 -0.0145 0.005752528 0.06212416 -0.01425 0.006149478 0.06234494 -0.014 0.00629899 0.06226424 -0.014 0.006356547 0.06225212 -0.01475 0.005277636 0.0620718 -0.015 0.005072073 0.06231124 -0.0145 0.005641592 0.0622628 -0.01425 0.006045319 0.06249729 -0.014 0.006172247 0.06242268 -0.014 0.006237507 0.0623987 -0.0145 0.00552141 0.06239045 -0.01425 0.005927949 0.06263635 -0.014 0.006031047 0.06256857 -0.014 0.006103371 0.06247383 -0.0145 0.005393163 0.063 -0.014 0.005444147 0.06250585 -0.01425 0.005798523 0.06276075 -0.014 0.00587678 0.06270046 -0.014 0.005955455 0.06260788 -0.01425 0.005658311 0.06286927 -0.014 0.005710957 0.06281707 -0.014 0.005795213 0.06269553 -0.01425 0.00550869 0.06296085 -0.014 0.005535208 0.06291724 -0.014 0.005624218 0.06273517 -0.01433339 0.005194507 0.06312308 -0.01400047 0.004985714 0.06310288 -0.01400033 0.005101328 0.06307563 -0.01400017 0.005216739 0.06304133 -0.01400005 0.005331246 0.06241679 -0.01466669 0.005095792 0.06213326 -0.015 0.004843402 0.06210945 -0.015 0.004958952 0.075 -0.01895871 -0.0053 0.07407976 -0.01945661 -0.006266445 0.0742653 -0.01963808 -0.006278395 0.07454691 -0.01852261 -0.005293005 0.07356092 -0.01897646 -0.006220086 0.0738924 -0.01927852 -0.006252046 0.07408076 -0.01810543 -0.005268764 0.07330627 -0.01875585 -0.00618936 0.07292125 -0.01720123 -0.005120513 0.07192294 -0.01771916 -0.00592117 0.07221513 -0.01791772 -0.005991816 0.07251709 -0.01692456 -0.005039562 0.0716246 -0.01752578 -0.005841773 0.07210298 -0.0166578 -0.004941945 0.07132114 -0.01733806 -0.005753589 0.07082814 -0.01592903 -0.00454778 0.06976347 -0.01650157 -0.005179708 0.07007691 -0.01665363 -0.005312324 0.07040141 -0.01571396 -0.004382178 0.06945116 -0.01635811 -0.005038105 0.06997833 -0.0155148 -0.004199249 0.06783291 -0.01471696 -0.002925308 0.06698941 -0.01550496 -0.003522018 0.06735715 -0.01560433 -0.003798405 0.06809808 -0.01479858 -0.00311703 0.06682752 -0.01444858 -0.002087601 0.06594322 -0.01527245 -0.002612113 0.06628251 -0.01533976 -0.002929286 0.06658981 -0.01439457 -0.001859927 0.06569374 -0.01422262 -0.0008745506 0.06480676 -0.01510218 -0.001357538 0.06590907 -0.01425947 -0.001131705 0.06548502 -0.01418955 -0.0006109834 0.0644479 -0.01506543 -0.0008848975 0.06528342 -0.01416009 -0.0003415167 0.0645578 -0.0140745 0.0007856059 0.06350646 -0.01500768 0.0006271259 0.06379617 -0.01501939 0.0001091115 0.0643977 -0.01406003 0.001078042 0.06424608 -0.01404781 0.001374362 0.06324108 -0.01500169 0.001157984 0.0641029 -0.01403757 0.001674398 0.06401528 -0.0140319 0.001869167 0.063 -0.015 0.001700922 0.06393112 -0.01402687 0.002065356 0.07290406 -0.01800859 -0.005789196 0.07250011 -0.01812096 -0.006053742 0.07277687 -0.01832842 -0.006106992 0.07304527 -0.01853995 -0.006151935 0.07314194 -0.01777301 -0.005491862 0.07368934 -0.0177797 -0.005233131 0.07331274 -0.01748661 -0.005184932 0.07104068 -0.01679324 -0.00531661 0.07039044 -0.0168138 -0.005435987 0.07070302 -0.01698158 -0.005550729 0.0710136 -0.0171565 -0.005656585 0.07127699 -0.01654873 -0.005047068 0.07168164 -0.01640216 -0.004827531 0.07125579 -0.01615884 -0.004696187 0.06909215 -0.01584979 -0.004493046 0.06851771 -0.01597897 -0.004551372 0.06883408 -0.01609893 -0.004727803 0.06914101 -0.01622373 -0.004887481 0.06933356 -0.01559409 -0.004249335 0.06960291 -0.01535018 -0.004019689 0.06927096 -0.01521438 -0.003846061 0.06816312 -0.01551042 -0.003950618 0.06773451 -0.01571584 -0.004062026 0.06812151 -0.01584026 -0.004313243 0.06840977 -0.01524778 -0.003718782 0.06894535 -0.01508958 -0.003661885 0.0686453 -0.01498123 -0.003479985 0.06836887 -0.01488657 -0.003301886 0.06686931 -0.01513805 -0.003002321 0.06663122 -0.01541702 -0.00323245 0.0671265 -0.01486354 -0.002788238 0.0675733 -0.01464144 -0.002726614 0.06731923 -0.01457172 -0.002520836 0.06707065 -0.01450753 -0.002307868 0.06569612 -0.01489669 -0.001886422 0.06518407 -0.0151495 -0.001810917 0.0655772 -0.01520846 -0.002242763 0.06596651 -0.01460882 -0.001691923 0.06635748 -0.01434523 -0.001624737 0.06613049 -0.01430028 -0.001381933 0.06433921 -0.01472708 -0.0001379154 0.06411022 -0.0150382 -0.0003952931 0.0646299 -0.01442015 2.447143e-05 0.06508946 -0.01413404 -6.66637e-05 0.06490367 -0.01411124 0.0002130624 0.06472644 -0.01409148 0.0004972229 0.06222178 -0.015 0.004309491 0.06312324 -0.01400047 0.004984627 0.06213334 -0.015 0.004842856 0.06320515 -0.01400123 0.004491035 0.06374388 -0.01401709 0.002540936 0.0628001 -0.015 0.002210392 0.06298309 -0.01433517 0.003925203 0.06343238 -0.01400555 0.003508781 0.06330821 -0.01400275 0.003998695 0.06265796 -0.01466758 0.003851711 0.06233284 -0.015 0.003778219 0.06246635 -0.015 0.003250383 0.06325914 -0.01434011 0.002924088 0.06357762 -0.01401016 0.003022469 0.06294065 -0.01467005 0.002825707 0.06262217 -0.015 0.002727326 0.06279318 -0.01433365 0.004937974 0.06246323 -0.01466682 0.004890597 0.08 -0.031 -0.0053 0.07998027 -0.03018122 -0.0053 0.079 -0.031 -0.0063 0.07898143 -0.03022938 -0.0063 0.07992113 -0.02936434 -0.0053 0.07892577 -0.02946055 -0.0063 0.07982271 -0.02855125 -0.0053 0.07883314 -0.0286953 -0.0063 0.07968525 -0.02774385 -0.0053 0.07870377 -0.02793539 -0.0063 0.07950906 -0.02694401 -0.0053 0.07853793 -0.02718259 -0.0063 0.07929455 -0.02615358 -0.0053 0.07833604 -0.02643866 -0.0063 0.07904221 -0.0253744 -0.0053 0.07809856 -0.02570531 -0.0063 0.07875265 -0.02460827 -0.0053 0.07782602 -0.02498426 -0.0063 0.07842651 -0.02385699 -0.0053 0.07751907 -0.02427716 -0.0063 0.07806458 -0.02312228 -0.0053 0.07717843 -0.02358568 -0.0063 0.07766768 -0.02240586 -0.0053 0.07680487 -0.0229114 -0.0063 0.07723672 -0.02170938 -0.0053 0.07639928 -0.02225589 -0.0063 0.07677274 -0.02103447 -0.0053 0.07596258 -0.02162068 -0.0063 0.07549579 -0.02100724 -0.0063 0.07627678 -0.02038269 -0.0053 0.075 -0.02041699 -0.0063 0.07575 -0.01975556 -0.0053 0.079 -0.041 -0.0063 0.08 -0.041 -0.0053 0.08267328 -0.04431728 -0.005633333 0.083 -0.045 -0.0063 0.083 -0.044 -0.0053 0.0828528 -0.04399639 -0.0053 0.08270595 -0.04398555 -0.0053 0.08255981 -0.04396753 -0.0053 0.0823497 -0.04426928 -0.005633333 0.08241473 -0.04394236 -0.0053 0.08227106 -0.0439101 -0.0053 0.0826406 -0.04464901 -0.005966667 0.08241308 -0.04495671 -0.0063 0.08260793 -0.04498074 -0.0063 0.08280373 -0.04499518 -0.0063 0.08203239 -0.0441898 -0.005633333 0.08212914 -0.04387082 -0.0053 0.08198933 -0.04382463 -0.0053 0.08228467 -0.04459621 -0.005966667 0.08202808 -0.04488012 -0.0063 0.08221964 -0.04492314 -0.0063 0.08172439 -0.0440796 -0.005633333 0.08185195 -0.04377164 -0.0053 0.08171733 -0.04371197 -0.0053 0.08193562 -0.04450878 -0.005966667 0.08165244 -0.04476618 -0.0063 0.08183886 -0.04482776 -0.0063 0.08142868 -0.04393974 -0.005633333 0.08158581 -0.04364576 -0.0053 0.0814577 -0.04357318 -0.0053 0.08159682 -0.04438756 -0.005966667 0.08128978 -0.04461596 -0.0063 0.08146927 -0.04469552 -0.0063 0.0811481 -0.04377156 -0.005633333 0.08133329 -0.04349441 -0.0053 0.08121291 -0.04340962 -0.0053 0.08127155 -0.04423371 -0.005966667 0.08094359 -0.04443092 -0.0063 0.08111441 -0.04452768 -0.0063 0.08088535 -0.0435767 -0.005633333 0.08109682 -0.04331903 -0.0053 0.08098532 -0.04322285 -0.0053 0.08096291 -0.04404872 -0.005966667 0.0806172 -0.04421283 -0.0063 0.08077772 -0.04432588 -0.0063 0.08064297 -0.04335702 -0.005633333 0.08087868 -0.04312132 -0.0053 0.08077715 -0.04301468 -0.0053 0.08067389 -0.04383437 -0.005966667 0.08031377 -0.04396381 -0.0063 0.08046243 -0.04409204 -0.0063 0.0804233 -0.04311464 -0.005633333 0.08068097 -0.04290318 -0.0053 0.08059038 -0.0427871 -0.0053 0.08040727 -0.04359272 -0.005966667 0.08003619 -0.04368624 -0.0063 0.08017157 -0.04382843 -0.0063 0.08022843 -0.0428519 -0.005633333 0.08050559 -0.04266671 -0.0053 0.08042681 -0.04254231 -0.0053 0.08016563 -0.04332611 -0.005966667 0.07978717 -0.0433828 -0.0063 0.07990796 -0.04353757 -0.0063 0.08006026 -0.04257132 -0.005633333 0.08035423 -0.04241419 -0.0053 0.08028803 -0.04228267 -0.0053 0.07995128 -0.04303709 -0.005966667 0.07956908 -0.04305641 -0.0063 0.07967412 -0.04322228 -0.0063 0.0799204 -0.04227561 -0.005633333 0.08022836 -0.04214805 -0.0053 0.08017537 -0.04201067 -0.0053 0.07976629 -0.04272845 -0.005966667 0.07938404 -0.04271022 -0.0063 0.07947231 -0.04288559 -0.0063 0.0798102 -0.04196762 -0.005633333 0.08012918 -0.04187085 -0.0053 0.0800899 -0.04172894 -0.0053 0.07961244 -0.04240317 -0.005966667 0.07923383 -0.04234756 -0.0063 0.07930448 -0.04253074 -0.0063 0.07973071 -0.0416503 -0.005633333 0.08005765 -0.04158527 -0.0053 0.08003247 -0.04144019 -0.0053 0.07949122 -0.04206438 -0.005966667 0.07911987 -0.04197192 -0.0063 0.07917224 -0.04216114 -0.0063 0.07968272 -0.04132673 -0.005633333 0.08001444 -0.04129405 -0.0053 0.08000362 -0.0411472 -0.0053 0.07940379 -0.04171533 -0.005966667 0.0790433 -0.04158692 -0.0063 0.07907686 -0.04178036 -0.0063 0.07935099 -0.0413594 -0.005966667 0.07900482 -0.04119627 -0.0063 0.07901926 -0.04139207 -0.0063 0.099 -0.044 -0.0053 0.099 -0.045 -0.0063 0.1023173 -0.04132673 -0.005633333 0.103 -0.041 -0.0063 0.102 -0.041 -0.0053 0.1019964 -0.0411472 -0.0053 0.1019856 -0.04129405 -0.0053 0.1019675 -0.04144019 -0.0053 0.1022693 -0.0416503 -0.005633333 0.1019424 -0.04158527 -0.0053 0.1019101 -0.04172894 -0.0053 0.102649 -0.0413594 -0.005966667 0.1029567 -0.04158692 -0.0063 0.1029807 -0.04139207 -0.0063 0.1029952 -0.04119627 -0.0063 0.1021898 -0.04196762 -0.005633333 0.1018708 -0.04187085 -0.0053 0.1018246 -0.04201067 -0.0053 0.1025962 -0.04171533 -0.005966667 0.1028801 -0.04197192 -0.0063 0.1029231 -0.04178036 -0.0063 0.1020796 -0.04227561 -0.005633333 0.1017716 -0.04214805 -0.0053 0.101712 -0.04228267 -0.0053 0.1025088 -0.04206438 -0.005966667 0.1027662 -0.04234756 -0.0063 0.1028278 -0.04216114 -0.0063 0.1019397 -0.04257132 -0.005633333 0.1016458 -0.04241419 -0.0053 0.1015732 -0.04254231 -0.0053 0.1023876 -0.04240317 -0.005966667 0.102616 -0.04271022 -0.0063 0.1026955 -0.04253074 -0.0063 0.1017716 -0.0428519 -0.005633333 0.1014944 -0.04266671 -0.0053 0.1014096 -0.0427871 -0.0053 0.1022337 -0.04272845 -0.005966667 0.1024309 -0.04305641 -0.0063 0.1025277 -0.04288559 -0.0063 0.1015767 -0.04311464 -0.005633333 0.101319 -0.04290318 -0.0053 0.1012229 -0.04301468 -0.0053 0.1020487 -0.04303709 -0.005966667 0.1022128 -0.0433828 -0.0063 0.1023259 -0.04322228 -0.0063 0.101357 -0.04335702 -0.005633333 0.1011213 -0.04312132 -0.0053 0.1010147 -0.04322285 -0.0053 0.1018344 -0.04332611 -0.005966667 0.1019638 -0.04368624 -0.0063 0.102092 -0.04353757 -0.0063 0.1011146 -0.0435767 -0.005633333 0.1009032 -0.04331903 -0.0053 0.1007871 -0.04340962 -0.0053 0.1015927 -0.04359272 -0.005966667 0.1016862 -0.04396381 -0.0063 0.1018284 -0.04382843 -0.0063 0.1008519 -0.04377156 -0.005633333 0.1006667 -0.04349441 -0.0053 0.1005423 -0.04357318 -0.0053 0.1013261 -0.04383437 -0.005966667 0.1013828 -0.04421283 -0.0063 0.1015376 -0.04409204 -0.0063 0.1005713 -0.04393974 -0.005633333 0.1004142 -0.04364576 -0.0053 0.1002827 -0.04371197 -0.0053 0.1010371 -0.04404872 -0.005966667 0.1010564 -0.04443092 -0.0063 0.1012223 -0.04432588 -0.0063 0.1002756 -0.0440796 -0.005633333 0.100148 -0.04377164 -0.0053 0.1000107 -0.04382463 -0.0053 0.1007285 -0.04423371 -0.005966667 0.1007102 -0.04461596 -0.0063 0.1008856 -0.04452768 -0.0063 0.09996761 -0.0441898 -0.005633333 0.09987086 -0.04387082 -0.0053 0.09972894 -0.0439101 -0.0053 0.1004032 -0.04438756 -0.005966667 0.1003476 -0.04476618 -0.0063 0.1005307 -0.04469552 -0.0063 0.0996503 -0.04426928 -0.005633333 0.09958527 -0.04394236 -0.0053 0.09944019 -0.04396753 -0.0053 0.1000644 -0.04450878 -0.005966667 0.09997192 -0.04488012 -0.0063 0.1001611 -0.04482776 -0.0063 0.09932672 -0.04431728 -0.005633333 0.09929405 -0.04398555 -0.0053 0.0991472 -0.04399639 -0.0053 0.09971533 -0.04459621 -0.005966667 0.09958692 -0.04495671 -0.0063 0.09978036 -0.04492314 -0.0063 0.0993594 -0.04464901 -0.005966667 0.09919627 -0.04499518 -0.0063 0.09939207 -0.04498074 -0.0063 0.103 -0.027 -0.0063 0.102 -0.027 -0.0053 0.09932672 -0.02368272 -0.005633333 0.099 -0.024 -0.0053 0.0991472 -0.02400361 -0.0053 0.09929405 -0.02401445 -0.0053 0.09944019 -0.02403247 -0.0053 0.0996503 -0.02373071 -0.005633333 0.09958527 -0.02405764 -0.0053 0.09972894 -0.02408991 -0.0053 0.0993594 -0.02335099 -0.005966667 0.09958692 -0.02304329 -0.0063 0.09939207 -0.02301926 -0.0063 0.09919627 -0.02300482 -0.0063 0.099 -0.023 -0.0063 0.09996761 -0.0238102 -0.005633333 0.09987086 -0.02412918 -0.0053 0.1000107 -0.02417537 -0.0053 0.09971533 -0.02340379 -0.005966667 0.09997192 -0.02311987 -0.0063 0.09978036 -0.02307686 -0.0063 0.1002756 -0.0239204 -0.005633333 0.100148 -0.02422836 -0.0053 0.1002827 -0.02428803 -0.0053 0.1000644 -0.02349122 -0.005966667 0.1003476 -0.02323382 -0.0063 0.1001611 -0.02317224 -0.0063 0.1005713 -0.02406026 -0.005633333 0.1004142 -0.02435424 -0.0053 0.1005423 -0.02442682 -0.0053 0.1004032 -0.02361244 -0.005966667 0.1007102 -0.02338404 -0.0063 0.1005307 -0.02330448 -0.0063 0.1008519 -0.02422844 -0.005633333 0.1006667 -0.02450559 -0.0053 0.1007871 -0.02459038 -0.0053 0.1007285 -0.02376629 -0.005966667 0.1010564 -0.02356909 -0.0063 0.1008856 -0.02347231 -0.0063 0.1011146 -0.0244233 -0.005633333 0.1009032 -0.02468097 -0.0053 0.1010147 -0.02477715 -0.0053 0.1010371 -0.02395128 -0.005966667 0.1013828 -0.02378717 -0.0063 0.1012223 -0.02367412 -0.0063 0.101357 -0.02464298 -0.005633333 0.1011213 -0.02487868 -0.0053 0.1012229 -0.02498532 -0.0053 0.1013261 -0.02416563 -0.005966667 0.1016862 -0.0240362 -0.0063 0.1015376 -0.02390796 -0.0063 0.1015767 -0.02488535 -0.005633333 0.101319 -0.02509682 -0.0053 0.1014096 -0.0252129 -0.0053 0.1015927 -0.02440727 -0.005966667 0.1019638 -0.02431376 -0.0063 0.1018284 -0.02417157 -0.0063 0.1017716 -0.0251481 -0.005633333 0.1014944 -0.02533329 -0.0053 0.1015732 -0.02545769 -0.0053 0.1018344 -0.02467389 -0.005966667 0.1022128 -0.0246172 -0.0063 0.102092 -0.02446243 -0.0063 0.1019397 -0.02542868 -0.005633333 0.1016458 -0.02558581 -0.0053 0.101712 -0.02571733 -0.0053 0.1020487 -0.02496291 -0.005966667 0.1024309 -0.02494359 -0.0063 0.1023259 -0.02477772 -0.0063 0.1020796 -0.02572439 -0.005633333 0.1017716 -0.02585195 -0.0053 0.1018246 -0.02598933 -0.0053 0.1022337 -0.02527155 -0.005966667 0.102616 -0.02528978 -0.0063 0.1025277 -0.02511441 -0.0063 0.1021898 -0.02603238 -0.005633333 0.1018708 -0.02612915 -0.0053 0.1019101 -0.02627106 -0.0053 0.1023876 -0.02559683 -0.005966667 0.1027662 -0.02565244 -0.0063 0.1026955 -0.02546927 -0.0063 0.1022693 -0.0263497 -0.005633333 0.1019424 -0.02641473 -0.0053 0.1019675 -0.02655981 -0.0053 0.1025088 -0.02593562 -0.005966667 0.1028801 -0.02602808 -0.0063 0.1028278 -0.02583886 -0.0063 0.1023173 -0.02667328 -0.005633333 0.1019856 -0.02670595 -0.0053 0.1019964 -0.0268528 -0.0053 0.1025962 -0.02628467 -0.005966667 0.1029567 -0.02641308 -0.0063 0.1029231 -0.02621964 -0.0063 0.102649 -0.0266406 -0.005966667 0.1029952 -0.02680373 -0.0063 0.1029807 -0.02660793 -0.0063 0.088 -0.013 -0.0053 0.08801325 -0.01353974 -0.0053 0.089 -0.013 -0.0063 0.08901205 -0.01349068 -0.0063 0.09850932 -0.02298796 -0.0063 0.09846026 -0.02398675 -0.0053 0.08805297 -0.01407819 -0.0053 0.08855056 -0.01402918 -0.0058 0.08811906 -0.01461404 -0.0053 0.08904815 -0.01398017 -0.0063 0.08910824 -0.01446731 -0.0063 0.08821136 -0.01514599 -0.0053 0.08870175 -0.01504845 -0.0058 0.08832966 -0.01567278 -0.0053 0.08919215 -0.0149509 -0.0063 0.08929969 -0.0154298 -0.0063 0.08847366 -0.01619313 -0.0053 0.08895213 -0.01604799 -0.0058 0.08864301 -0.01670579 -0.0053 0.0894306 -0.01590285 -0.0063 0.08958456 -0.0163689 -0.0063 0.08883733 -0.01720952 -0.0053 0.08929926 -0.01701818 -0.0058 0.08905611 -0.01770311 -0.0053 0.08976121 -0.01682683 -0.0063 0.08996011 -0.01727555 -0.0063 0.08929887 -0.01818536 -0.0053 0.08973983 -0.01794967 -0.0058 0.08956499 -0.01865513 -0.0053 0.09018079 -0.01771397 -0.0063 0.09042271 -0.01814103 -0.0063 0.08985384 -0.01911127 -0.0053 0.09026957 -0.01883349 -0.0058 0.09016472 -0.01955269 -0.0053 0.0906853 -0.0185557 -0.0063 0.09096793 -0.01895699 -0.0063 0.09049689 -0.01997833 -0.0053 0.09088339 -0.01966113 -0.0058 0.09084954 -0.02038715 -0.0053 0.0912699 -0.01934393 -0.0063 0.09159049 -0.01971559 -0.0063 0.09122182 -0.02077818 -0.0053 0.09157538 -0.02042462 -0.0058 0.09161285 -0.02115046 -0.0053 0.09192893 -0.02007107 -0.0063 0.09228441 -0.02040951 -0.0063 0.09233887 -0.02111661 -0.0058 0.09202168 -0.02150311 -0.0053 0.09244731 -0.02183528 -0.0053 0.09265607 -0.0207301 -0.0063 0.09304301 -0.02103208 -0.0063 0.09288873 -0.02214617 -0.0053 0.09316651 -0.02173043 -0.0058 0.09334487 -0.02243501 -0.0053 0.0934443 -0.0213147 -0.0063 0.09385897 -0.02157729 -0.0063 0.09381464 -0.02270113 -0.0053 0.09405033 -0.02226017 -0.0058 0.09429689 -0.02294388 -0.0053 0.09428603 -0.02181921 -0.0063 0.09472445 -0.02203989 -0.0063 0.09479048 -0.02316267 -0.0053 0.09498183 -0.02270074 -0.0058 0.09529421 -0.02335699 -0.0053 0.09517316 -0.0222388 -0.0063 0.0956311 -0.02241544 -0.0063 0.09595201 -0.02304787 -0.0058 0.09580687 -0.02352634 -0.0053 0.09632722 -0.02367034 -0.0053 0.09609715 -0.0225694 -0.0063 0.0965702 -0.02270031 -0.0063 0.09695155 -0.02329825 -0.0058 0.096854 -0.02378864 -0.0053 0.09738596 -0.02388094 -0.0053 0.0970491 -0.02280785 -0.0063 0.09753269 -0.02289177 -0.0063 0.09797082 -0.02344944 -0.0058 0.09792181 -0.02394703 -0.0053 0.09801983 -0.02295185 -0.0063 0.089 0.013 -0.0063 0.088 0.013 -0.0053 0.099 0.024 -0.0053 0.09846026 0.02398675 -0.0053 0.099 0.023 -0.0063 0.09850932 0.02298796 -0.0063 0.08901205 0.01349068 -0.0063 0.08801325 0.01353974 -0.0053 0.09792181 0.02394703 -0.0053 0.09797082 0.02344944 -0.0058 0.09738596 0.02388094 -0.0053 0.09801983 0.02295185 -0.0063 0.09753269 0.02289177 -0.0063 0.096854 0.02378864 -0.0053 0.09695155 0.02329825 -0.0058 0.09632722 0.02367034 -0.0053 0.0970491 0.02280785 -0.0063 0.0965702 0.02270031 -0.0063 0.09580687 0.02352634 -0.0053 0.09595201 0.02304787 -0.0058 0.09529421 0.02335699 -0.0053 0.09609715 0.0225694 -0.0063 0.0956311 0.02241544 -0.0063 0.09479048 0.02316267 -0.0053 0.09498183 0.02270074 -0.0058 0.09429689 0.02294388 -0.0053 0.09517316 0.0222388 -0.0063 0.09472445 0.02203989 -0.0063 0.09381464 0.02270113 -0.0053 0.09405033 0.02226017 -0.0058 0.09334487 0.02243501 -0.0053 0.09428603 0.02181921 -0.0063 0.09385897 0.02157729 -0.0063 0.09288873 0.02214617 -0.0053 0.09316651 0.02173043 -0.0058 0.09244731 0.02183528 -0.0053 0.0934443 0.0213147 -0.0063 0.09304301 0.02103208 -0.0063 0.09202168 0.02150311 -0.0053 0.09233887 0.02111661 -0.0058 0.09161285 0.02115046 -0.0053 0.09265607 0.0207301 -0.0063 0.09228441 0.02040951 -0.0063 0.09122182 0.02077818 -0.0053 0.09157538 0.02042462 -0.0058 0.09084954 0.02038715 -0.0053 0.09192893 0.02007107 -0.0063 0.09159049 0.01971559 -0.0063 0.09088339 0.01966113 -0.0058 0.09049689 0.01997833 -0.0053 0.09016472 0.01955269 -0.0053 0.0912699 0.01934393 -0.0063 0.09096793 0.01895699 -0.0063 0.08985384 0.01911127 -0.0053 0.09026957 0.01883349 -0.0058 0.08956499 0.01865513 -0.0053 0.0906853 0.0185557 -0.0063 0.09042271 0.01814103 -0.0063 0.08929887 0.01818536 -0.0053 0.08973983 0.01794967 -0.0058 0.08905611 0.01770311 -0.0053 0.09018079 0.01771397 -0.0063 0.08996011 0.01727555 -0.0063 0.08883733 0.01720952 -0.0053 0.08929926 0.01701818 -0.0058 0.08864301 0.01670579 -0.0053 0.08976121 0.01682683 -0.0063 0.08958456 0.0163689 -0.0063 0.08895213 0.01604799 -0.0058 0.08847366 0.01619313 -0.0053 0.08832966 0.01567278 -0.0053 0.0894306 0.01590285 -0.0063 0.08929969 0.0154298 -0.0063 0.08870175 0.01504845 -0.0058 0.08821136 0.01514599 -0.0053 0.08811906 0.01461404 -0.0053 0.08919215 0.0149509 -0.0063 0.08910824 0.01446731 -0.0063 0.08855056 0.01402918 -0.0058 0.08805297 0.01407819 -0.0053 0.08904815 0.01398017 -0.0063 0.1023173 0.02667328 -0.005633333 0.102 0.027 -0.0053 0.1019964 0.0268528 -0.0053 0.1019856 0.02670595 -0.0053 0.1019675 0.02655981 -0.0053 0.1022693 0.0263497 -0.005633333 0.1019424 0.02641473 -0.0053 0.1019101 0.02627106 -0.0053 0.102649 0.0266406 -0.005966667 0.1029567 0.02641308 -0.0063 0.1029807 0.02660793 -0.0063 0.1029952 0.02680373 -0.0063 0.103 0.027 -0.0063 0.1021898 0.02603238 -0.005633333 0.1018708 0.02612915 -0.0053 0.1018246 0.02598933 -0.0053 0.1025962 0.02628467 -0.005966667 0.1028801 0.02602808 -0.0063 0.1029231 0.02621964 -0.0063 0.1020796 0.02572439 -0.005633333 0.1017716 0.02585195 -0.0053 0.101712 0.02571733 -0.0053 0.1025088 0.02593562 -0.005966667 0.1027662 0.02565244 -0.0063 0.1028278 0.02583886 -0.0063 0.1019397 0.02542868 -0.005633333 0.1016458 0.02558581 -0.0053 0.1015732 0.02545769 -0.0053 0.1023876 0.02559683 -0.005966667 0.102616 0.02528978 -0.0063 0.1026955 0.02546927 -0.0063 0.1017716 0.0251481 -0.005633333 0.1014944 0.02533329 -0.0053 0.1014096 0.0252129 -0.0053 0.1022337 0.02527155 -0.005966667 0.1024309 0.02494359 -0.0063 0.1025277 0.02511441 -0.0063 0.1015767 0.02488535 -0.005633333 0.101319 0.02509682 -0.0053 0.1012229 0.02498532 -0.0053 0.1020487 0.02496291 -0.005966667 0.1022128 0.0246172 -0.0063 0.1023259 0.02477772 -0.0063 0.101357 0.02464298 -0.005633333 0.1011213 0.02487868 -0.0053 0.1010147 0.02477715 -0.0053 0.1018344 0.02467389 -0.005966667 0.1019638 0.02431376 -0.0063 0.102092 0.02446243 -0.0063 0.1011146 0.0244233 -0.005633333 0.1009032 0.02468097 -0.0053 0.1007871 0.02459038 -0.0053 0.1015927 0.02440727 -0.005966667 0.1016862 0.0240362 -0.0063 0.1018284 0.02417157 -0.0063 0.1008519 0.02422844 -0.005633333 0.1006667 0.02450559 -0.0053 0.1005423 0.02442682 -0.0053 0.1013261 0.02416563 -0.005966667 0.1013828 0.02378717 -0.0063 0.1015376 0.02390796 -0.0063 0.1005713 0.02406026 -0.005633333 0.1004142 0.02435424 -0.0053 0.1002827 0.02428803 -0.0053 0.1010371 0.02395128 -0.005966667 0.1010564 0.02356909 -0.0063 0.1012223 0.02367412 -0.0063 0.1002756 0.0239204 -0.005633333 0.100148 0.02422836 -0.0053 0.1000107 0.02417537 -0.0053 0.1007285 0.02376629 -0.005966667 0.1007102 0.02338404 -0.0063 0.1008856 0.02347231 -0.0063 0.09996761 0.0238102 -0.005633333 0.09987086 0.02412918 -0.0053 0.09972894 0.02408991 -0.0053 0.1004032 0.02361244 -0.005966667 0.1003476 0.02323382 -0.0063 0.1005307 0.02330448 -0.0063 0.0996503 0.02373071 -0.005633333 0.09958527 0.02405764 -0.0053 0.09944019 0.02403247 -0.0053 0.1000644 0.02349122 -0.005966667 0.09997192 0.02311987 -0.0063 0.1001611 0.02317224 -0.0063 0.09932672 0.02368272 -0.005633333 0.09929405 0.02401445 -0.0053 0.0991472 0.02400361 -0.0053 0.09971533 0.02340379 -0.005966667 0.09958692 0.02304329 -0.0063 0.09978036 0.02307686 -0.0063 0.0993594 0.02335099 -0.005966667 0.09919627 0.02300482 -0.0063 0.09939207 0.02301926 -0.0063 0.103 0.041 -0.0063 0.102 0.041 -0.0053 0.09932672 0.04431728 -0.005633333 0.099 0.045 -0.0063 0.099 0.044 -0.0053 0.0991472 0.04399639 -0.0053 0.09929405 0.04398555 -0.0053 0.09944019 0.04396753 -0.0053 0.0996503 0.04426928 -0.005633333 0.09958527 0.04394236 -0.0053 0.09972894 0.0439101 -0.0053 0.0993594 0.04464901 -0.005966667 0.09958692 0.04495671 -0.0063 0.09939207 0.04498074 -0.0063 0.09919627 0.04499518 -0.0063 0.09996761 0.0441898 -0.005633333 0.09987086 0.04387082 -0.0053 0.1000107 0.04382463 -0.0053 0.09971533 0.04459621 -0.005966667 0.09997192 0.04488012 -0.0063 0.09978036 0.04492314 -0.0063 0.1002756 0.0440796 -0.005633333 0.100148 0.04377164 -0.0053 0.1002827 0.04371197 -0.0053 0.1000644 0.04450878 -0.005966667 0.1003476 0.04476618 -0.0063 0.1001611 0.04482776 -0.0063 0.1005713 0.04393974 -0.005633333 0.1004142 0.04364576 -0.0053 0.1005423 0.04357318 -0.0053 0.1004032 0.04438756 -0.005966667 0.1007102 0.04461596 -0.0063 0.1005307 0.04469552 -0.0063 0.1008519 0.04377156 -0.005633333 0.1006667 0.04349441 -0.0053 0.1007871 0.04340962 -0.0053 0.1007285 0.04423371 -0.005966667 0.1010564 0.04443092 -0.0063 0.1008856 0.04452768 -0.0063 0.1011146 0.0435767 -0.005633333 0.1009032 0.04331903 -0.0053 0.1010147 0.04322285 -0.0053 0.1010371 0.04404872 -0.005966667 0.1013828 0.04421283 -0.0063 0.1012223 0.04432588 -0.0063 0.101357 0.04335702 -0.005633333 0.1011213 0.04312132 -0.0053 0.1012229 0.04301468 -0.0053 0.1013261 0.04383437 -0.005966667 0.1016862 0.04396381 -0.0063 0.1015376 0.04409204 -0.0063 0.1015767 0.04311464 -0.005633333 0.101319 0.04290318 -0.0053 0.1014096 0.0427871 -0.0053 0.1015927 0.04359272 -0.005966667 0.1019638 0.04368624 -0.0063 0.1018284 0.04382843 -0.0063 0.1017716 0.0428519 -0.005633333 0.1014944 0.04266671 -0.0053 0.1015732 0.04254231 -0.0053 0.1018344 0.04332611 -0.005966667 0.1022128 0.0433828 -0.0063 0.102092 0.04353757 -0.0063 0.1019397 0.04257132 -0.005633333 0.1016458 0.04241419 -0.0053 0.101712 0.04228267 -0.0053 0.1020487 0.04303709 -0.005966667 0.1024309 0.04305641 -0.0063 0.1023259 0.04322228 -0.0063 0.1020796 0.04227561 -0.005633333 0.1017716 0.04214805 -0.0053 0.1018246 0.04201067 -0.0053 0.1022337 0.04272845 -0.005966667 0.102616 0.04271022 -0.0063 0.1025277 0.04288559 -0.0063 0.1021898 0.04196762 -0.005633333 0.1018708 0.04187085 -0.0053 0.1019101 0.04172894 -0.0053 0.1023876 0.04240317 -0.005966667 0.1027662 0.04234756 -0.0063 0.1026955 0.04253074 -0.0063 0.1022693 0.0416503 -0.005633333 0.1019424 0.04158527 -0.0053 0.1019675 0.04144019 -0.0053 0.1025088 0.04206438 -0.005966667 0.1028801 0.04197192 -0.0063 0.1028278 0.04216114 -0.0063 0.1023173 0.04132673 -0.005633333 0.1019856 0.04129405 -0.0053 0.1019964 0.0411472 -0.0053 0.1025962 0.04171533 -0.005966667 0.1029567 0.04158692 -0.0063 0.1029231 0.04178036 -0.0063 0.102649 0.0413594 -0.005966667 0.1029952 0.04119627 -0.0063 0.1029807 0.04139207 -0.0063 0.083 0.045 -0.0063 0.083 0.044 -0.0053 0.07968272 0.04132673 -0.005633333 0.08 0.041 -0.0053 0.08000362 0.0411472 -0.0053 0.08001444 0.04129405 -0.0053 0.08003247 0.04144019 -0.0053 0.07973071 0.0416503 -0.005633333 0.08005765 0.04158527 -0.0053 0.0800899 0.04172894 -0.0053 0.07935099 0.0413594 -0.005966667 0.0790433 0.04158692 -0.0063 0.07901926 0.04139207 -0.0063 0.07900482 0.04119627 -0.0063 0.079 0.041 -0.0063 0.0798102 0.04196762 -0.005633333 0.08012918 0.04187085 -0.0053 0.08017537 0.04201067 -0.0053 0.07940379 0.04171533 -0.005966667 0.07911987 0.04197192 -0.0063 0.07907686 0.04178036 -0.0063 0.0799204 0.04227561 -0.005633333 0.08022836 0.04214805 -0.0053 0.08028803 0.04228267 -0.0053 0.07949122 0.04206438 -0.005966667 0.07923383 0.04234756 -0.0063 0.07917224 0.04216114 -0.0063 0.08006026 0.04257132 -0.005633333 0.08035423 0.04241419 -0.0053 0.08042681 0.04254231 -0.0053 0.07961244 0.04240317 -0.005966667 0.07938404 0.04271022 -0.0063 0.07930448 0.04253074 -0.0063 0.08022843 0.0428519 -0.005633333 0.08050559 0.04266671 -0.0053 0.08059038 0.0427871 -0.0053 0.07976629 0.04272845 -0.005966667 0.07956908 0.04305641 -0.0063 0.07947231 0.04288559 -0.0063 0.0804233 0.04311464 -0.005633333 0.08068097 0.04290318 -0.0053 0.08077715 0.04301468 -0.0053 0.07995128 0.04303709 -0.005966667 0.07978717 0.0433828 -0.0063 0.07967412 0.04322228 -0.0063 0.08064297 0.04335702 -0.005633333 0.08087868 0.04312132 -0.0053 0.08098532 0.04322285 -0.0053 0.08016563 0.04332611 -0.005966667 0.08003619 0.04368624 -0.0063 0.07990796 0.04353757 -0.0063 0.08088535 0.0435767 -0.005633333 0.08109682 0.04331903 -0.0053 0.08121291 0.04340962 -0.0053 0.08040727 0.04359272 -0.005966667 0.08031377 0.04396381 -0.0063 0.08017157 0.04382843 -0.0063 0.0811481 0.04377156 -0.005633333 0.08133329 0.04349441 -0.0053 0.0814577 0.04357318 -0.0053 0.08067389 0.04383437 -0.005966667 0.0806172 0.04421283 -0.0063 0.08046243 0.04409204 -0.0063 0.08142868 0.04393974 -0.005633333 0.08158581 0.04364576 -0.0053 0.08171733 0.04371197 -0.0053 0.08096291 0.04404872 -0.005966667 0.08094359 0.04443092 -0.0063 0.08077772 0.04432588 -0.0063 0.08172439 0.0440796 -0.005633333 0.08185195 0.04377164 -0.0053 0.08198933 0.04382463 -0.0053 0.08127155 0.04423371 -0.005966667 0.08128978 0.04461596 -0.0063 0.08111441 0.04452768 -0.0063 0.08203239 0.0441898 -0.005633333 0.08212914 0.04387082 -0.0053 0.08227106 0.0439101 -0.0053 0.08159682 0.04438756 -0.005966667 0.08165244 0.04476618 -0.0063 0.08146927 0.04469552 -0.0063 0.0823497 0.04426928 -0.005633333 0.08241473 0.04394236 -0.0053 0.08255981 0.04396753 -0.0053 0.08193562 0.04450878 -0.005966667 0.08202808 0.04488012 -0.0063 0.08183886 0.04482776 -0.0063 0.08267328 0.04431728 -0.005633333 0.08270595 0.04398555 -0.0053 0.0828528 0.04399639 -0.0053 0.08228467 0.04459621 -0.005966667 0.08241308 0.04495671 -0.0063 0.08221964 0.04492314 -0.0063 0.0826406 0.04464901 -0.005966667 0.08280373 0.04499518 -0.0063 0.08260793 0.04498074 -0.0063 0.079 0.031 -0.0063 0.08 0.031 -0.0053 0.075 0.02041699 -0.0063 0.07575 0.01975556 -0.0053 0.07549579 0.02100724 -0.0063 0.07627678 0.02038269 -0.0053 0.07596258 0.02162068 -0.0063 0.07677274 0.02103447 -0.0053 0.07639928 0.02225589 -0.0063 0.07723672 0.02170938 -0.0053 0.07680487 0.0229114 -0.0063 0.07766768 0.02240586 -0.0053 0.07717843 0.02358568 -0.0063 0.07806458 0.02312228 -0.0053 0.07751907 0.02427716 -0.0063 0.07842651 0.02385699 -0.0053 0.07782602 0.02498426 -0.0063 0.07875265 0.02460827 -0.0053 0.07809856 0.02570531 -0.0063 0.07904221 0.0253744 -0.0053 0.07833604 0.02643866 -0.0063 0.07929455 0.02615358 -0.0053 0.07853793 0.02718259 -0.0063 0.07950906 0.02694401 -0.0053 0.07870377 0.02793539 -0.0063 0.07968525 0.02774385 -0.0053 0.07883314 0.0286953 -0.0063 0.07982271 0.02855125 -0.0053 0.07892577 0.02946055 -0.0063 0.07992113 0.02936434 -0.0053 0.07998027 0.03018122 -0.0053 0.07898143 0.03022938 -0.0063 0.0750088 -0.01944293 -0.005630202 0.0754225 -0.01939475 -0.0053 0.07521307 -0.01917463 -0.0053 0.07525711 -0.01970659 -0.005632568 0.07476234 -0.01966753 -0.005960404 0.07459816 -0.01997809 -0.006293525 0.07500898 -0.01992921 -0.005965136 0.07480111 -0.02019566 -0.006298411 0.0742653 0.01963808 -0.006278395 0.07476919 0.01873329 -0.005297887 0.075 0.01895871 -0.0053 0.07381862 0.01921141 -0.006244514 0.07419555 0.01820858 -0.00527356 0.07453532 0.01851337 -0.005291317 0.07335701 0.0188033 -0.006192769 0.07384667 0.01791278 -0.00524503 0.07166476 0.01754799 -0.005855759 0.07233671 0.01680304 -0.005002243 0.07273099 0.01706882 -0.005084525 0.07209961 0.01783877 -0.005964499 0.07121786 0.01726979 -0.005727094 0.07193369 0.01654735 -0.004903519 0.07005397 0.01663818 -0.005305995 0.07069051 0.01585481 -0.004499357 0.07110809 0.01607215 -0.004652162 0.06967576 0.01645898 -0.005141943 0.07027421 0.01565191 -0.004329771 0.06929979 0.01629222 -0.004965229 0.0682079 0.0158702 -0.004366234 0.06868259 0.01499433 -0.003503088 0.06906582 0.01513585 -0.003730715 0.06785874 0.01575451 -0.004144539 0.06830908 0.01486634 -0.003261738 0.06751672 0.01564994 -0.003911777 0.06621743 0.01532673 -0.002869065 0.06690765 0.01446803 -0.002160637 0.06724379 0.01455224 -0.00245605 0.06653165 0.01539453 -0.003146547 0.06591103 0.01526686 -0.002580377 0.06658193 0.01439313 -0.001852036 0.06504362 0.01513057 -0.00164729 0.06564186 0.01421374 -0.0008100829 0.06596423 0.0142691 -0.001195939 0.06477335 0.01509807 -0.001314727 0.06451328 0.01507121 -0.0009722422 0.06530221 0.01416233 -0.0003650674 0.06358464 0.01501044 0.0004859247 0.06441014 0.01406115 0.001058125 0.06468536 0.01408714 0.0005705388 0.06379913 0.01501963 0.0001092469 0.06338273 0.01500444 0.0008697779 0.0641584 0.01404143 0.001556899 0.06319386 0.01500113 0.001260257 0.06309481 0.01500027 0.0014797 0.06393112 0.01402687 0.002065356 0.063 0.015 0.001700922 0.07313879 0.01777528 -0.005487572 0.07311493 0.0173432 -0.005151603 0.07348697 0.0176247 -0.005204719 0.07290083 0.01801092 -0.005784957 0.07292513 0.01844941 -0.006128624 0.07252036 0.01813991 -0.00605492 0.07128613 0.01654696 -0.005056247 0.07152352 0.01630327 -0.004787111 0.07104996 0.01679134 -0.005325752 0.07080705 0.01703196 -0.005592929 0.07043191 0.01682934 -0.005456589 0.06933524 0.01559669 -0.004248545 0.06945911 0.01529208 -0.003944553 0.06986261 0.01546411 -0.00414448 0.0690938 0.0158524 -0.004492311 0.06892859 0.01613839 -0.004776645 0.06856444 0.01599788 -0.004576917 0.06754517 0.01497703 -0.003118558 0.06758974 0.01464629 -0.00273813 0.0679449 0.01475072 -0.003006729 0.06729184 0.01524737 -0.003338652 0.06718162 0.01555561 -0.00366789 0.06685321 0.01547068 -0.003412822 0.06596219 0.01460803 -0.001687891 0.06626726 0.014327 -0.001530396 0.06569173 0.01489596 -0.001882311 0.06561294 0.0152145 -0.002280481 0.06532364 0.01516921 -0.001969382 0.06463397 0.01442042 2.278687e-05 0.06498305 0.01412049 9.564051e-05 0.06434328 0.01472733 -0.0001394755 0.06426392 0.01504952 -0.0006203857 0.0640257 0.01503249 -0.0002597063 0.07525711 0.01970659 -0.005632568 0.07533917 0.01930621 -0.0053 0.07554641 0.01952882 -0.0053 0.0750088 0.01944293 -0.005630202 0.07500898 0.01992921 -0.005965136 0.07467982 0.02006466 -0.006295887 0.07476234 0.01966753 -0.005960404 0.07447449 0.0198494 -0.006288935 0.06374388 0.01401709 0.002540936 0.0628001 0.015 0.002210392 0.06222178 0.015 0.004309491 0.06312324 0.01400047 0.004984627 0.06320515 0.01400123 0.004491035 0.06213334 0.015 0.004842856 0.06325914 0.01434011 0.002924088 0.06343238 0.01400555 0.003508781 0.06357762 0.01401016 0.003022469 0.06294065 0.01467005 0.002825707 0.06262217 0.015 0.002727326 0.06246635 0.015 0.003250383 0.06298309 0.01433517 0.003925203 0.06330821 0.01400275 0.003998695 0.06265796 0.01466758 0.003851711 0.06233284 0.015 0.003778219 0.06225212 0.01475 0.005277636 0.0620718 0.015 0.005072073 0.06203042 0.015 0.005162109 0.06218951 0.01475 0.005384508 0.06198033 0.015 0.005247607 0.06211663 0.01475 0.00548466 0.06192203 0.015 0.005327728 0.06247383 0.0145 0.005393163 0.063 0.014 0.005444147 0.0620342 0.01475 0.005577106 0.06185608 0.015 0.005401685 0.0623987 0.0145 0.00552141 0.06194302 0.01475 0.005660942 0.06178314 0.015 0.005468753 0.06231124 0.0145 0.005641592 0.06269553 0.01425 0.00550869 0.06286927 0.014 0.005710957 0.06291724 0.014 0.005624218 0.06296085 0.014 0.005535208 0.061844 0.01475 0.005735342 0.06170392 0.015 0.005528274 0.06221232 0.0145 0.005752528 0.06260788 0.01425 0.005658311 0.06276075 0.014 0.00587678 0.06281707 0.014 0.005795213 0.06173809 0.01475 0.005799576 0.06161919 0.015 0.005579661 0.06210291 0.0145 0.00585313 0.06250585 0.01425 0.005798523 0.06263635 0.014 0.006031047 0.06270046 0.014 0.005955455 0.06162635 0.01475 0.005853014 0.0615298 0.015 0.005622411 0.06198408 0.0145 0.00594241 0.06239045 0.01425 0.005927949 0.06249729 0.014 0.006172247 0.06256857 0.014 0.006103371 0.06150987 0.01475 0.005895131 0.06143662 0.015 0.005656105 0.06185699 0.0145 0.006019491 0.0622628 0.01425 0.006045319 0.06234494 0.014 0.00629899 0.06242268 0.014 0.006237507 0.0613898 0.01475 0.005925514 0.06134056 0.015 0.005680411 0.06172291 0.0145 0.006083617 0.06212416 0.01425 0.006149478 0.06218079 0.014 0.006410034 0.06226424 0.014 0.006356547 0.0612673 0.01475 0.005943863 0.06124256 0.015 0.005695091 0.06114359 0.015 0.0057 0.06158313 0.0145 0.006134158 0.06197589 0.01425 0.006239407 0.06200646 0.014 0.006504288 0.0620948 0.014 0.006459322 0.06143904 0.0145 0.006170617 0.06181946 0.01425 0.00631422 0.06182366 0.014 0.006580826 0.06191601 0.014 0.006544823 0.06129205 0.0145 0.006192636 0.06114359 0.014 0.0067 0.06165639 0.01425 0.006373184 0.06163418 0.014 0.006638897 0.06172964 0.014 0.00661221 0.06148828 0.01425 0.006415719 0.06143989 0.014 0.006677931 0.06153752 0.014 0.006660822 0.06131679 0.01425 0.006441409 0.06124268 0.014 0.006697544 0.06134153 0.014 0.006690181 0.055 0.015 0.0057 0.055 0.014 0.0067 0.05300963 0.01680397 0.0057 0.05276083 0.01677946 0.00595 0.05302165 0.01670654 0.0057 0.05300241 0.01690187 0.0057 0.053 0.017 0.0057 0.05279323 0.01656105 0.00595 0.05303843 0.01660982 0.0057 0.05305994 0.01651404 0.0057 0.052 0.017 0.0067 0.05251204 0.01675496 0.0062 0.05308612 0.01641943 0.0057 0.05284689 0.01634686 0.00595 0.05311691 0.01632622 0.0057 0.05254804 0.01651227 0.0062 0.05200361 0.0168528 0.0067 0.05226324 0.01673045 0.00645 0.05201445 0.01670595 0.0067 0.05203247 0.01655981 0.0067 0.05315224 0.01623463 0.0057 0.05292127 0.01613896 0.00595 0.05319202 0.01614489 0.0057 0.05260765 0.01627429 0.0062 0.05205764 0.01641473 0.0067 0.05230284 0.0164635 0.00645 0.0520899 0.01627106 0.0067 0.05301568 0.01593936 0.00595 0.05323616 0.01605721 0.0057 0.05328454 0.01597179 0.0057 0.0526903 0.01604329 0.0062 0.05212918 0.01612915 0.0067 0.05236842 0.01620172 0.00645 0.05217537 0.01598933 0.0067 0.05312919 0.01574997 0.00595 0.05333706 0.01588886 0.0057 0.05339359 0.0158086 0.0057 0.0527952 0.01582151 0.0062 0.05245933 0.01594762 0.00645 0.05222836 0.01585195 0.0067 0.05228803 0.01571733 0.0067 0.05345398 0.01573121 0.0057 0.05326073 0.01557261 0.00595 0.0535181 0.01565688 0.0057 0.05292133 0.01561107 0.0062 0.05235424 0.01558581 0.0067 0.05257471 0.01570366 0.00645 0.05242682 0.01545769 0.0067 0.05358578 0.01558579 0.0057 0.05340901 0.01540901 0.00595 0.05365688 0.0155181 0.0057 0.05306747 0.01541402 0.0062 0.05271346 0.01547218 0.00645 0.05250559 0.01533329 0.0067 0.05259038 0.0152129 0.0067 0.05373121 0.01545398 0.0057 0.05357262 0.01526073 0.00595 0.0538086 0.01539359 0.0057 0.05323223 0.01523223 0.0062 0.05268097 0.01509682 0.0067 0.05287422 0.01525542 0.00645 0.05277715 0.01498532 0.0067 0.05388886 0.01533706 0.0057 0.05374997 0.01512919 0.00595 0.05397179 0.01528454 0.0057 0.05341402 0.01506747 0.0062 0.05287868 0.01487868 0.0067 0.05305546 0.01505546 0.00645 0.05298532 0.01477715 0.0067 0.05393936 0.01501568 0.00595 0.05405721 0.01523616 0.0057 0.05414489 0.01519202 0.0057 0.05361107 0.01492133 0.0062 0.05325542 0.01487422 0.00645 0.05309682 0.01468097 0.0067 0.0532129 0.01459038 0.0067 0.05413896 0.01492127 0.00595 0.05423463 0.01515224 0.0057 0.05432622 0.01511691 0.0057 0.05382151 0.0147952 0.0062 0.05347218 0.01471346 0.00645 0.05333329 0.01450559 0.0067 0.05345769 0.01442681 0.0067 0.05434686 0.01484688 0.00595 0.05441943 0.01508612 0.0057 0.05451404 0.01505994 0.0057 0.05404329 0.0146903 0.0062 0.05358581 0.01435424 0.0067 0.05370366 0.01457472 0.00645 0.05371733 0.01428803 0.0067 0.05456105 0.01479323 0.00595 0.05460982 0.01503843 0.0057 0.05470654 0.01502165 0.0057 0.05427429 0.01460765 0.0062 0.05394762 0.01445933 0.00645 0.05385195 0.01422836 0.0067 0.05398933 0.01417537 0.0067 0.05490186 0.01500241 0.0057 0.05477946 0.01476083 0.00595 0.05480397 0.01500963 0.0057 0.05451228 0.01454804 0.0062 0.05420172 0.01436841 0.00645 0.05412915 0.01412918 0.0067 0.05427106 0.01408991 0.0067 0.05475496 0.01451204 0.0062 0.05441473 0.01405764 0.0067 0.0544635 0.01430284 0.00645 0.05455981 0.01403247 0.0067 0.05470595 0.01401445 0.0067 0.05473045 0.01426324 0.00645 0.0548528 0.01400361 0.0067 0.052 0.034 0.0067 0.053 0.034 0.0057 0.05112252 0.03524398 0.00645 0.051 0.035 0.0067 0.05109802 0.03499519 0.0067 0.05119509 0.03498079 0.0067 0.05124386 0.03522598 0.00645 0.05129028 0.03495694 0.0067 0.05136285 0.03519617 0.00645 0.05138268 0.03492388 0.0067 0.05114703 0.03549278 0.0062 0.051 0.036 0.0057 0.05147836 0.03515485 0.00645 0.0514714 0.03488192 0.0067 0.05129264 0.03547118 0.0062 0.05158924 0.0351024 0.00645 0.05155557 0.03483147 0.0067 0.05143543 0.03543541 0.0062 0.05117153 0.03574157 0.00595 0.05129346 0.03597835 0.0057 0.05119603 0.03599037 0.0057 0.05109814 0.03599759 0.0057 0.05169446 0.03503934 0.00645 0.05163439 0.03477301 0.0067 0.05157402 0.03538582 0.0062 0.05134141 0.03571637 0.00595 0.05148596 0.03594006 0.0057 0.05139018 0.03596157 0.0057 0.05179299 0.03496626 0.00645 0.05170711 0.03470711 0.0067 0.0517071 0.03532288 0.0062 0.051508 0.03567464 0.00595 0.05167378 0.03588309 0.0057 0.05158057 0.03591388 0.0057 0.05188388 0.03488388 0.00645 0.05177301 0.03463439 0.0067 0.05183335 0.0352472 0.0062 0.0516697 0.03561679 0.00595 0.05185511 0.03580798 0.0057 0.05176537 0.03584776 0.0057 0.05196626 0.03479299 0.00645 0.05183147 0.03455557 0.0067 0.05195159 0.03515952 0.0062 0.05182494 0.03554336 0.00595 0.05202821 0.03571546 0.0057 0.05194279 0.03576384 0.0057 0.05203934 0.03469446 0.00645 0.05188192 0.0344714 0.0067 0.05206066 0.03506066 0.0062 0.05197225 0.03545507 0.00595 0.0521914 0.03560641 0.0057 0.05211114 0.03566294 0.0057 0.0521024 0.03458924 0.00645 0.05192388 0.03438268 0.0067 0.05215952 0.03495159 0.0062 0.05211019 0.03535277 0.00595 0.05234312 0.0354819 0.0057 0.05226879 0.03554602 0.0057 0.05215485 0.03447836 0.00645 0.05195694 0.03429028 0.0067 0.0522472 0.03483335 0.0062 0.05223744 0.03523744 0.00595 0.0524819 0.03534312 0.0057 0.05241422 0.03541422 0.0057 0.05219617 0.03436285 0.00645 0.05198079 0.03419509 0.0067 0.05232288 0.0347071 0.0062 0.05235277 0.03511019 0.00595 0.05260641 0.0351914 0.0057 0.05254602 0.03526879 0.0057 0.05222598 0.03424386 0.00645 0.05199519 0.03409802 0.0067 0.05238582 0.03457402 0.0062 0.05245507 0.03497225 0.00595 0.05271546 0.03502821 0.0057 0.05266294 0.03511114 0.0057 0.05224398 0.03412252 0.00645 0.05243541 0.03443543 0.0062 0.05254336 0.03482494 0.00595 0.05280798 0.03485511 0.0057 0.05276384 0.03494279 0.0057 0.05247118 0.03429264 0.0062 0.05261679 0.0346697 0.00595 0.05288309 0.03467378 0.0057 0.05284776 0.03476537 0.0057 0.05249278 0.03414703 0.0062 0.05267464 0.034508 0.00595 0.05294006 0.03448596 0.0057 0.05291388 0.03458057 0.0057 0.05271637 0.03434141 0.00595 0.05297835 0.03429346 0.0057 0.05296157 0.03439018 0.0057 0.05274157 0.03417153 0.00595 0.05299759 0.03409814 0.0057 0.05299037 0.03419603 0.0057 0.043 0.036 0.0057 0.043 0.035 0.0067 0.06276937 0.01433352 0.005066751 0.06304112 0.01400005 0.005331866 0.06307563 0.01400017 0.005216732 0.0631028 0.01400033 0.005101729 0.06312308 0.01400047 0.004985714 0.06244415 0.01466676 0.004993653 0.06213326 0.015 0.004843402 0.06210925 0.015 0.004959691 0.06279323 0.01433365 0.004937672 0.06246327 0.01466682 0.004890355 0.08827688 -0.03579188 -0.0053 0.0881411 -0.03565267 -0.0053 0.08841943 -0.03592415 -0.0053 0.08801243 -0.03550687 -0.0053 0.08856839 -0.03604914 -0.0053 0.08789118 -0.03535484 -0.0053 0.0887234 -0.03616656 -0.0053 0.08777767 -0.03519695 -0.0053 0.08888407 -0.0362761 -0.0053 0.08767216 -0.0350336 -0.0053 0.08905 -0.0363775 -0.0053 0.08757494 -0.03486519 -0.0053 0.08922078 -0.0364705 -0.0053 0.08748622 -0.03469215 -0.0053 0.08939598 -0.03655487 -0.0053 0.08740624 -0.0345149 -0.0053 0.08957517 -0.03663041 -0.0053 0.0873352 -0.03433388 -0.0053 0.0897579 -0.03669692 -0.0053 0.08727327 -0.03414954 -0.0053 0.08994373 -0.03675423 -0.0053 0.0872206 -0.03396235 -0.0053 0.09013217 -0.03680222 -0.0053 0.08717733 -0.03377277 -0.0053 0.09032277 -0.03684075 -0.0053 0.08714356 -0.03358126 -0.0053 0.09051506 -0.03686973 -0.0053 0.08711938 -0.03338831 -0.0053 0.09070855 -0.0368891 -0.0053 0.08710485 -0.0331944 -0.0053 0.09090277 -0.03689879 -0.0053 0.0871 -0.033 -0.0053 0.08710485 -0.0328056 -0.0053 0.08711938 -0.03261169 -0.0053 0.08714356 -0.03241874 -0.0053 0.08717733 -0.03222723 -0.0053 0.09167723 -0.03684075 -0.0053 0.09148494 -0.03686973 -0.0053 0.09129145 -0.0368891 -0.0053 0.09109723 -0.03689879 -0.0053 0.09186783 -0.03680222 -0.0053 0.0872206 -0.03203765 -0.0053 0.09205627 -0.03675423 -0.0053 0.08727327 -0.03185045 -0.0053 0.0922421 -0.03669692 -0.0053 0.0873352 -0.03166612 -0.0053 0.09242483 -0.03663041 -0.0053 0.08740624 -0.0314851 -0.0053 0.09260402 -0.03655487 -0.0053 0.08748622 -0.03130785 -0.0053 0.09277922 -0.0364705 -0.0053 0.08757494 -0.03113481 -0.0053 0.09295 -0.0363775 -0.0053 0.08767216 -0.0309664 -0.0053 0.09311593 -0.0362761 -0.0053 0.08777767 -0.03080305 -0.0053 0.0932766 -0.03616656 -0.0053 0.08789118 -0.03064516 -0.0053 0.09343161 -0.03604914 -0.0053 0.08801243 -0.03049313 -0.0053 0.09358057 -0.03592415 -0.0053 0.0881411 -0.03034733 -0.0053 0.09372312 -0.03579188 -0.0053 0.08827688 -0.03020812 -0.0053 0.08841943 -0.03007585 -0.0053 0.08856839 -0.02995086 -0.0053 0.0887234 -0.02983344 -0.0053 0.08888407 -0.0297239 -0.0053 0.0947794 -0.03396235 -0.0053 0.09472673 -0.03414954 -0.0053 0.0946648 -0.03433388 -0.0053 0.09459376 -0.0345149 -0.0053 0.09451378 -0.03469215 -0.0053 0.09442506 -0.03486519 -0.0053 0.09432784 -0.0350336 -0.0053 0.09422233 -0.03519695 -0.0053 0.09410882 -0.03535484 -0.0053 0.09398757 -0.03550687 -0.0053 0.0938589 -0.03565267 -0.0053 0.09482267 -0.03377277 -0.0053 0.09485644 -0.03358126 -0.0053 0.09488062 -0.03338831 -0.0053 0.08939598 -0.02944513 -0.0053 0.08957517 -0.02936959 -0.0053 0.0897579 -0.02930308 -0.0053 0.08994373 -0.02924577 -0.0053 0.08905 -0.0296225 -0.0053 0.08922078 -0.0295295 -0.0053 0.09013217 -0.02919778 -0.0053 0.09032277 -0.02915925 -0.0053 0.09051506 -0.02913027 -0.0053 0.09070855 -0.0291109 -0.0053 0.09090277 -0.02910121 -0.0053 0.09109723 -0.02910121 -0.0053 0.09129145 -0.0291109 -0.0053 0.09148494 -0.02913027 -0.0053 0.09167723 -0.02915925 -0.0053 0.09186783 -0.02919778 -0.0053 0.09205627 -0.02924577 -0.0053 0.0922421 -0.02930308 -0.0053 0.09242483 -0.02936959 -0.0053 0.09260402 -0.02944513 -0.0053 0.09277922 -0.0295295 -0.0053 0.09295 -0.0296225 -0.0053 0.09311593 -0.0297239 -0.0053 0.0932766 -0.02983344 -0.0053 0.09343161 -0.02995086 -0.0053 0.09358057 -0.03007585 -0.0053 0.09372312 -0.03020812 -0.0053 0.0938589 -0.03034733 -0.0053 0.09398757 -0.03049313 -0.0053 0.09410882 -0.03064516 -0.0053 0.09422233 -0.03080305 -0.0053 0.09432784 -0.0309664 -0.0053 0.09442506 -0.03113481 -0.0053 0.09451378 -0.03130785 -0.0053 0.09459376 -0.0314851 -0.0053 0.0946648 -0.03166612 -0.0053 0.09472673 -0.03185045 -0.0053 0.0947794 -0.03203765 -0.0053 0.09482267 -0.03222723 -0.0053 0.09485644 -0.03241874 -0.0053 0.09488062 -0.03261169 -0.0053 0.09489515 -0.0328056 -0.0053 0.0949 -0.033 -0.0053 0.09489515 -0.0331944 -0.0053 0.0881411 0.03034733 -0.0053 0.08827688 0.03020812 -0.0053 0.08841943 0.03007585 -0.0053 0.08801243 0.03049313 -0.0053 0.08856839 0.02995086 -0.0053 0.08789118 0.03064516 -0.0053 0.0887234 0.02983344 -0.0053 0.08777767 0.03080305 -0.0053 0.08888407 0.0297239 -0.0053 0.08767216 0.0309664 -0.0053 0.08905 0.0296225 -0.0053 0.08757494 0.03113481 -0.0053 0.08922078 0.0295295 -0.0053 0.08748622 0.03130785 -0.0053 0.08939598 0.02944513 -0.0053 0.08740624 0.0314851 -0.0053 0.08957517 0.02936959 -0.0053 0.0873352 0.03166612 -0.0053 0.0897579 0.02930308 -0.0053 0.08727327 0.03185045 -0.0053 0.08994373 0.02924577 -0.0053 0.0872206 0.03203765 -0.0053 0.09013217 0.02919778 -0.0053 0.08717733 0.03222723 -0.0053 0.09032277 0.02915925 -0.0053 0.08714356 0.03241874 -0.0053 0.09051506 0.02913027 -0.0053 0.08711938 0.03261169 -0.0053 0.09070855 0.0291109 -0.0053 0.08710485 0.0328056 -0.0053 0.09090277 0.02910121 -0.0053 0.0871 0.033 -0.0053 0.09109723 0.02910121 -0.0053 0.08710485 0.0331944 -0.0053 0.09129145 0.0291109 -0.0053 0.08711938 0.03338831 -0.0053 0.09148494 0.02913027 -0.0053 0.08714356 0.03358126 -0.0053 0.09167723 0.02915925 -0.0053 0.08717733 0.03377277 -0.0053 0.09186783 0.02919778 -0.0053 0.0872206 0.03396235 -0.0053 0.09205627 0.02924577 -0.0053 0.08727327 0.03414954 -0.0053 0.0922421 0.02930308 -0.0053 0.0873352 0.03433388 -0.0053 0.09242483 0.02936959 -0.0053 0.08740624 0.0345149 -0.0053 0.09260402 0.02944513 -0.0053 0.08748622 0.03469215 -0.0053 0.09277922 0.0295295 -0.0053 0.08757494 0.03486519 -0.0053 0.09295 0.0296225 -0.0053 0.08767216 0.0350336 -0.0053 0.09311593 0.0297239 -0.0053 0.08777767 0.03519695 -0.0053 0.0932766 0.02983344 -0.0053 0.08789118 0.03535484 -0.0053 0.09343161 0.02995086 -0.0053 0.08801243 0.03550687 -0.0053 0.09358057 0.03007585 -0.0053 0.0881411 0.03565267 -0.0053 0.09372312 0.03020812 -0.0053 0.08827688 0.03579188 -0.0053 0.0938589 0.03034733 -0.0053 0.09398757 0.03049313 -0.0053 0.09410882 0.03064516 -0.0053 0.09422233 0.03080305 -0.0053 0.08841943 0.03592415 -0.0053 0.08856839 0.03604914 -0.0053 0.0887234 0.03616656 -0.0053 0.08888407 0.0362761 -0.0053 0.08905 0.0363775 -0.0053 0.08922078 0.0364705 -0.0053 0.08939598 0.03655487 -0.0053 0.08957517 0.03663041 -0.0053 0.0897579 0.03669692 -0.0053 0.08994373 0.03675423 -0.0053 0.09013217 0.03680222 -0.0053 0.09032277 0.03684075 -0.0053 0.09051506 0.03686973 -0.0053 0.09070855 0.0368891 -0.0053 0.09090277 0.03689879 -0.0053 0.09109723 0.03689879 -0.0053 0.09488062 0.03338831 -0.0053 0.09489515 0.0331944 -0.0053 0.0949 0.033 -0.0053 0.09489515 0.0328056 -0.0053 0.09488062 0.03261169 -0.0053 0.09485644 0.03241874 -0.0053 0.09482267 0.03222723 -0.0053 0.0947794 0.03203765 -0.0053 0.09472673 0.03185045 -0.0053 0.0946648 0.03166612 -0.0053 0.09459376 0.0314851 -0.0053 0.09451378 0.03130785 -0.0053 0.09442506 0.03113481 -0.0053 0.09432784 0.0309664 -0.0053 0.09129145 0.0368891 -0.0053 0.09148494 0.03686973 -0.0053 0.09167723 0.03684075 -0.0053 0.09186783 0.03680222 -0.0053 0.09205627 0.03675423 -0.0053 0.0922421 0.03669692 -0.0053 0.09242483 0.03663041 -0.0053 0.09260402 0.03655487 -0.0053 0.09277922 0.0364705 -0.0053 0.09295 0.0363775 -0.0053 0.09311593 0.0362761 -0.0053 0.0932766 0.03616656 -0.0053 0.09343161 0.03604914 -0.0053 0.09358057 0.03592415 -0.0053 0.09372312 0.03579188 -0.0053 0.0938589 0.03565267 -0.0053 0.09398757 0.03550687 -0.0053 0.09410882 0.03535484 -0.0053 0.09422233 0.03519695 -0.0053 0.09432784 0.0350336 -0.0053 0.09442506 0.03486519 -0.0053 0.09451378 0.03469215 -0.0053 0.09459376 0.0345149 -0.0053 0.0946648 0.03433388 -0.0053 0.09472673 0.03414954 -0.0053 0.0947794 0.03396235 -0.0053 0.09482267 0.03377277 -0.0053 0.09485644 0.03358126 -0.0053 0.053 0.02534733 0.002858902 0.053 0.02520812 0.002723124 0.053 0.02507585 0.002580575 0.053 0.02549313 0.002987573 0.053 0.02495086 0.00243161 0.053 0.02564516 0.003108817 0.053 0.02483344 0.0022766 0.053 0.02580305 0.003222331 0.053 0.0247239 0.00211593 0.053 0.0259664 0.003327834 0.053 0.0246225 0.00195 0.053 0.02613481 0.003425064 0.053 0.0245295 0.001779222 0.053 0.02630785 0.003513779 0.053 0.02444513 0.00160402 0.053 0.0264851 0.003593757 0.053 0.02436959 0.00142483 0.053 0.02666612 0.003664801 0.053 0.02430308 0.001242098 0.053 0.02685045 0.003726734 0.053 0.02424577 0.001056278 0.053 0.02703765 0.003779401 0.053 0.02419778 0.0008678316 0.053 0.02722723 0.003822673 0.053 0.02415925 0.0006772279 0.053 0.02741874 0.00385644 0.053 0.02413027 0.0004849404 0.053 0.02761168 0.00388062 0.053 0.0241109 0.0002914474 0.053 0.02410121 9.72297e-05 0.053 0.02410121 -9.72297e-05 0.053 0.0241109 -0.0002914474 0.053 0.02413027 -0.0004849404 0.053 0.02415925 -0.0006772279 0.053 0.02419778 -0.0008678316 0.053 0.02424577 -0.001056278 0.053 0.02430308 -0.001242098 0.053 0.02436959 -0.00142483 0.053 0.02444513 -0.00160402 0.053 0.0245295 -0.001779222 0.053 0.0246225 -0.00195 0.053 0.0247239 -0.00211593 0.053 0.02483344 -0.0022766 0.053 0.02495086 -0.00243161 0.053 0.02507585 -0.002580575 0.053 0.02520812 -0.002723124 0.053 0.02534733 -0.002858902 0.053 0.028 0.0039 0.053 0.0281944 0.003895152 0.053 0.02838832 0.00388062 0.053 0.02858126 0.00385644 0.053 0.02877277 0.003822673 0.053 0.02896235 0.003779401 0.053 0.02914955 0.003726734 0.053 0.02933388 0.003664801 0.053 0.0295149 0.003593757 0.053 0.02969215 0.003513779 0.053 0.02986519 0.003425064 0.053 0.0300336 0.003327834 0.053 0.03019695 0.003222331 0.053 0.03035484 0.003108817 0.053 0.03050687 0.002987573 0.053 0.03065267 0.002858902 0.053 0.03079188 0.002723124 0.053 0.0278056 0.003895152 0.053 0.03092415 0.002580575 0.053 0.02549313 -0.002987573 0.053 0.03104914 0.00243161 0.053 0.02564516 -0.003108817 0.053 0.03116656 0.0022766 0.053 0.02580305 -0.003222331 0.053 0.0312761 0.00211593 0.053 0.0259664 -0.003327834 0.053 0.0313775 0.00195 0.053 0.02613481 -0.003425064 0.053 0.0314705 0.001779222 0.053 0.02630785 -0.003513779 0.053 0.03155487 0.00160402 0.053 0.0264851 -0.003593757 0.053 0.03163041 0.00142483 0.053 0.02666612 -0.003664801 0.053 0.03169692 0.001242098 0.053 0.02685045 -0.003726734 0.053 0.03175423 0.001056278 0.053 0.02703765 -0.003779401 0.053 0.03180222 0.0008678316 0.053 0.02722723 -0.003822673 0.053 0.03184075 0.0006772279 0.053 0.02741874 -0.00385644 0.053 0.03186973 0.0004849404 0.053 0.02761168 -0.00388062 0.053 0.0318891 0.0002914474 0.053 0.03189879 9.72297e-05 0.053 0.03189879 -9.72297e-05 0.053 0.0318891 -0.0002914474 0.053 0.03186973 -0.0004849404 0.053 0.03184075 -0.0006772279 0.053 0.03180222 -0.0008678316 0.053 0.03175423 -0.001056278 0.053 0.03169692 -0.001242098 0.053 0.03163041 -0.00142483 0.053 0.03155487 -0.00160402 0.053 0.0314705 -0.001779222 0.053 0.0313775 -0.00195 0.053 0.0312761 -0.00211593 0.053 0.03116656 -0.0022766 0.053 0.03104914 -0.00243161 0.053 0.03092415 -0.002580575 0.053 0.03079188 -0.002723124 0.053 0.03065267 -0.002858902 0.053 0.03050687 -0.002987573 0.053 0.03035484 -0.003108817 0.053 0.03019695 -0.003222331 0.053 0.0300336 -0.003327834 0.053 0.02986519 -0.003425064 0.053 0.02969215 -0.003513779 0.053 0.0295149 -0.003593757 0.053 0.02933388 -0.003664801 0.053 0.02914955 -0.003726734 0.053 0.02896235 -0.003779401 0.053 0.02877277 -0.003822673 0.053 0.02858126 -0.00385644 0.053 0.02838832 -0.00388062 0.053 0.0281944 -0.003895152 0.053 0.028 -0.0039 0.053 0.0278056 -0.003895152 0.0871 0.033 -0.0093 0.08710485 0.0331944 -0.0093 0.08711938 0.03338831 -0.0093 0.08714356 0.03358126 -0.0093 0.08717733 0.03377277 -0.0093 0.0872206 0.03396235 -0.0093 0.08727327 0.03414954 -0.0093 0.0873352 0.03433388 -0.0093 0.08740624 0.0345149 -0.0093 0.08748622 0.03469215 -0.0093 0.08757494 0.03486519 -0.0093 0.08767216 0.0350336 -0.0093 0.08777767 0.03519695 -0.0093 0.08789118 0.03535484 -0.0093 0.08801243 0.03550687 -0.0093 0.0881411 0.03565267 -0.0093 0.08827688 0.03579188 -0.0093 0.08841943 0.03592415 -0.0093 0.08856839 0.03604914 -0.0093 0.0887234 0.03616656 -0.0093 0.08888407 0.0362761 -0.0093 0.08905 0.0363775 -0.0093 0.08922078 0.0364705 -0.0093 0.08939598 0.03655487 -0.0093 0.08957517 0.03663041 -0.0093 0.0897579 0.03669692 -0.0093 0.08994373 0.03675423 -0.0093 0.09013217 0.03680222 -0.0093 0.09032277 0.03684075 -0.0093 0.09051506 0.03686973 -0.0093 0.09070855 0.0368891 -0.0093 0.09090277 0.03689879 -0.0093 0.09109723 0.03689879 -0.0093 0.09129145 0.0368891 -0.0093 0.09148494 0.03686973 -0.0093 0.09167723 0.03684075 -0.0093 0.09186783 0.03680222 -0.0093 0.09205627 0.03675423 -0.0093 0.0922421 0.03669692 -0.0093 0.09242483 0.03663041 -0.0093 0.09260402 0.03655487 -0.0093 0.09277922 0.0364705 -0.0093 0.09295 0.0363775 -0.0093 0.09311593 0.0362761 -0.0093 0.0932766 0.03616656 -0.0093 0.09343161 0.03604914 -0.0093 0.09358057 0.03592415 -0.0093 0.09372312 0.03579188 -0.0093 0.0938589 0.03565267 -0.0093 0.09398757 0.03550687 -0.0093 0.09410882 0.03535484 -0.0093 0.09422233 0.03519695 -0.0093 0.09432784 0.0350336 -0.0093 0.09442506 0.03486519 -0.0093 0.09451378 0.03469215 -0.0093 0.09459376 0.0345149 -0.0093 0.0946648 0.03433388 -0.0093 0.09472673 0.03414954 -0.0093 0.0947794 0.03396235 -0.0093 0.09482267 0.03377277 -0.0093 0.09485644 0.03358126 -0.0093 0.09488062 0.03338831 -0.0093 0.09489515 0.0331944 -0.0093 0.0949 0.033 -0.0093 0.09489515 0.0328056 -0.0093 0.09488062 0.03261169 -0.0093 0.09485644 0.03241874 -0.0093 0.09482267 0.03222723 -0.0093 0.0947794 0.03203765 -0.0093 0.09472673 0.03185045 -0.0093 0.0946648 0.03166612 -0.0093 0.09459376 0.0314851 -0.0093 0.09451378 0.03130785 -0.0093 0.09442506 0.03113481 -0.0093 0.09432784 0.0309664 -0.0093 0.09422233 0.03080305 -0.0093 0.09410882 0.03064516 -0.0093 0.09398757 0.03049313 -0.0093 0.0938589 0.03034733 -0.0093 0.09372312 0.03020812 -0.0093 0.09358057 0.03007585 -0.0093 0.09343161 0.02995086 -0.0093 0.0932766 0.02983344 -0.0093 0.09311593 0.0297239 -0.0093 0.09295 0.0296225 -0.0093 0.09277922 0.0295295 -0.0093 0.09260402 0.02944513 -0.0093 0.09242483 0.02936959 -0.0093 0.0922421 0.02930308 -0.0093 0.09205627 0.02924577 -0.0093 0.09186783 0.02919778 -0.0093 0.09167723 0.02915925 -0.0093 0.09148494 0.02913027 -0.0093 0.09129145 0.0291109 -0.0093 0.09109723 0.02910121 -0.0093 0.09090277 0.02910121 -0.0093 0.09070855 0.0291109 -0.0093 0.09051506 0.02913027 -0.0093 0.09032277 0.02915925 -0.0093 0.09013217 0.02919778 -0.0093 0.08994373 0.02924577 -0.0093 0.0897579 0.02930308 -0.0093 0.08957517 0.02936959 -0.0093 0.08939598 0.02944513 -0.0093 0.08922078 0.0295295 -0.0093 0.08905 0.0296225 -0.0093 0.08888407 0.0297239 -0.0093 0.0887234 0.02983344 -0.0093 0.08856839 0.02995086 -0.0093 0.08841943 0.03007585 -0.0093 0.08827688 0.03020812 -0.0093 0.0881411 0.03034733 -0.0093 0.08801243 0.03049313 -0.0093 0.08789118 0.03064516 -0.0093 0.08777767 0.03080305 -0.0093 0.08767216 0.0309664 -0.0093 0.08757494 0.03113481 -0.0093 0.08748622 0.03130785 -0.0093 0.08740624 0.0314851 -0.0093 0.0873352 0.03166612 -0.0093 0.08727327 0.03185045 -0.0093 0.0872206 0.03203765 -0.0093 0.08717733 0.03222723 -0.0093 0.08714356 0.03241874 -0.0093 0.08711938 0.03261169 -0.0093 0.08710485 0.0328056 -0.0093 0.08946388 0.03142509 -0.0093 0.08938728 0.03150362 -0.0093 0.08954429 0.03135048 -0.0093 0.0893147 0.03158587 -0.0093 0.08962832 0.03127997 -0.0093 0.08924631 0.03167163 -0.0093 0.08971577 0.03121374 -0.0093 0.08918227 0.0317607 -0.0093 0.0898064 0.03115194 -0.0093 0.08912276 0.03185284 -0.0093 0.0899 0.03109474 -0.0093 0.08906791 0.03194784 -0.0093 0.08999634 0.03104228 -0.0093 0.08901787 0.03204546 -0.0093 0.09009517 0.03099469 -0.0093 0.08897276 0.03214544 -0.0093 0.09019625 0.03095208 -0.0093 0.08893268 0.03224755 -0.0093 0.09029933 0.03091456 -0.0093 0.08889774 0.03235154 -0.0093 0.09040415 0.03088223 -0.0093 0.08886803 0.03245713 -0.0093 0.09051045 0.03085516 -0.0093 0.08884362 0.03256408 -0.0093 0.09061797 0.03083342 -0.0093 0.08882457 0.03267211 -0.0093 0.09072644 0.03081707 -0.0093 0.08881094 0.03278095 -0.0093 0.09083559 0.03080615 -0.0093 0.08880273 0.03289034 -0.0093 0.09094515 0.03080068 -0.0093 0.0888 0.033 -0.0093 0.09105485 0.03080068 -0.0093 0.08880273 0.03310966 -0.0093 0.09116441 0.03080615 -0.0093 0.08881094 0.03321905 -0.0093 0.09127356 0.03081707 -0.0093 0.08882457 0.03332789 -0.0093 0.09138203 0.03083342 -0.0093 0.08884362 0.03343592 -0.0093 0.09148955 0.03085516 -0.0093 0.08886803 0.03354287 -0.0093 0.09159585 0.03088223 -0.0093 0.08889774 0.03364846 -0.0093 0.09170067 0.03091456 -0.0093 0.08893268 0.03375245 -0.0093 0.09180375 0.03095208 -0.0093 0.08897276 0.03385456 -0.0093 0.09190483 0.03099469 -0.0093 0.08901787 0.03395454 -0.0093 0.09200366 0.03104228 -0.0093 0.08906791 0.03405216 -0.0093 0.0921 0.03109474 -0.0093 0.08912276 0.03414716 -0.0093 0.0921936 0.03115194 -0.0093 0.08918227 0.0342393 -0.0093 0.09228423 0.03121374 -0.0093 0.08924631 0.03432837 -0.0093 0.09237168 0.03127997 -0.0093 0.0893147 0.03441413 -0.0093 0.09245571 0.03135048 -0.0093 0.08938728 0.03449638 -0.0093 0.09253612 0.03142509 -0.0093 0.08946388 0.03457491 -0.0093 0.08954429 0.03464952 -0.0093 0.09261272 0.03150362 -0.0093 0.08962832 0.03472003 -0.0093 0.0926853 0.03158587 -0.0093 0.09275369 0.03167163 -0.0093 0.08971577 0.03478626 -0.0093 0.0898064 0.03484806 -0.0093 0.09281773 0.0317607 -0.0093 0.09287724 0.03185284 -0.0093 0.0899 0.03490525 -0.0093 0.08999634 0.03495772 -0.0093 0.09293209 0.03194784 -0.0093 0.09298213 0.03204546 -0.0093 0.09009517 0.03500531 -0.0093 0.09019625 0.03504792 -0.0093 0.09302724 0.03214544 -0.0093 0.09029933 0.03508544 -0.0093 0.09306732 0.03224755 -0.0093 0.09040415 0.03511777 -0.0093 0.09310226 0.03235154 -0.0093 0.09313197 0.03245713 -0.0093 0.09051045 0.03514484 -0.0093 0.09061797 0.03516658 -0.0093 0.09315638 0.03256408 -0.0093 0.09072644 0.03518293 -0.0093 0.09317543 0.03267211 -0.0093 0.09083559 0.03519385 -0.0093 0.09318906 0.03278095 -0.0093 0.09319727 0.03289034 -0.0093 0.09094515 0.03519932 -0.0093 0.09105485 0.03519932 -0.0093 0.0932 0.033 -0.0093 0.09116441 0.03519385 -0.0093 0.09319727 0.03310966 -0.0093 0.09318906 0.03321905 -0.0093 0.09127356 0.03518293 -0.0093 0.09317543 0.03332789 -0.0093 0.09138203 0.03516658 -0.0093 0.09315638 0.03343592 -0.0093 0.09148955 0.03514484 -0.0093 0.09159585 0.03511777 -0.0093 0.09313197 0.03354287 -0.0093 0.09310226 0.03364846 -0.0093 0.09170067 0.03508544 -0.0093 0.09306732 0.03375245 -0.0093 0.09180375 0.03504792 -0.0093 0.09190483 0.03500531 -0.0093 0.09302724 0.03385456 -0.0093 0.09298213 0.03395454 -0.0093 0.09200366 0.03495772 -0.0093 0.0921 0.03490525 -0.0093 0.09293209 0.03405216 -0.0093 0.09287724 0.03414716 -0.0093 0.0921936 0.03484806 -0.0093 0.09281773 0.0342393 -0.0093 0.09228423 0.03478626 -0.0093 0.09275369 0.03432837 -0.0093 0.09237168 0.03472003 -0.0093 0.0926853 0.03441413 -0.0093 0.09245571 0.03464952 -0.0093 0.09261272 0.03449638 -0.0093 0.09253612 0.03457491 -0.0093 0.0871 -0.033 -0.0093 0.08710485 -0.0328056 -0.0093 0.08711938 -0.03261169 -0.0093 0.08714356 -0.03241874 -0.0093 0.08717733 -0.03222723 -0.0093 0.0872206 -0.03203765 -0.0093 0.08727327 -0.03185045 -0.0093 0.0873352 -0.03166612 -0.0093 0.08740624 -0.0314851 -0.0093 0.08748622 -0.03130785 -0.0093 0.08757494 -0.03113481 -0.0093 0.08767216 -0.0309664 -0.0093 0.08777767 -0.03080305 -0.0093 0.08789118 -0.03064516 -0.0093 0.08801243 -0.03049313 -0.0093 0.0881411 -0.03034733 -0.0093 0.08827688 -0.03020812 -0.0093 0.08841943 -0.03007585 -0.0093 0.08856839 -0.02995086 -0.0093 0.0887234 -0.02983344 -0.0093 0.08888407 -0.0297239 -0.0093 0.08905 -0.0296225 -0.0093 0.08922078 -0.0295295 -0.0093 0.08939598 -0.02944513 -0.0093 0.08957517 -0.02936959 -0.0093 0.0897579 -0.02930308 -0.0093 0.08994373 -0.02924577 -0.0093 0.09013217 -0.02919778 -0.0093 0.09032277 -0.02915925 -0.0093 0.09051506 -0.02913027 -0.0093 0.09070855 -0.0291109 -0.0093 0.09090277 -0.02910121 -0.0093 0.09109723 -0.02910121 -0.0093 0.09129145 -0.0291109 -0.0093 0.09148494 -0.02913027 -0.0093 0.09167723 -0.02915925 -0.0093 0.09186783 -0.02919778 -0.0093 0.09205627 -0.02924577 -0.0093 0.0922421 -0.02930308 -0.0093 0.09242483 -0.02936959 -0.0093 0.09260402 -0.02944513 -0.0093 0.09277922 -0.0295295 -0.0093 0.09295 -0.0296225 -0.0093 0.09311593 -0.0297239 -0.0093 0.0932766 -0.02983344 -0.0093 0.09343161 -0.02995086 -0.0093 0.09358057 -0.03007585 -0.0093 0.09372312 -0.03020812 -0.0093 0.0938589 -0.03034733 -0.0093 0.09398757 -0.03049313 -0.0093 0.09410882 -0.03064516 -0.0093 0.09422233 -0.03080305 -0.0093 0.09432784 -0.0309664 -0.0093 0.09442506 -0.03113481 -0.0093 0.09451378 -0.03130785 -0.0093 0.09459376 -0.0314851 -0.0093 0.0946648 -0.03166612 -0.0093 0.09472673 -0.03185045 -0.0093 0.0947794 -0.03203765 -0.0093 0.09482267 -0.03222723 -0.0093 0.09485644 -0.03241874 -0.0093 0.09488062 -0.03261169 -0.0093 0.09489515 -0.0328056 -0.0093 0.0949 -0.033 -0.0093 0.09489515 -0.0331944 -0.0093 0.09488062 -0.03338831 -0.0093 0.09485644 -0.03358126 -0.0093 0.09482267 -0.03377277 -0.0093 0.0947794 -0.03396235 -0.0093 0.09472673 -0.03414954 -0.0093 0.0946648 -0.03433388 -0.0093 0.09459376 -0.0345149 -0.0093 0.09451378 -0.03469215 -0.0093 0.09442506 -0.03486519 -0.0093 0.09432784 -0.0350336 -0.0093 0.09422233 -0.03519695 -0.0093 0.09410882 -0.03535484 -0.0093 0.09398757 -0.03550687 -0.0093 0.0938589 -0.03565267 -0.0093 0.09372312 -0.03579188 -0.0093 0.09358057 -0.03592415 -0.0093 0.09343161 -0.03604914 -0.0093 0.0932766 -0.03616656 -0.0093 0.09311593 -0.0362761 -0.0093 0.09295 -0.0363775 -0.0093 0.09277922 -0.0364705 -0.0093 0.09260402 -0.03655487 -0.0093 0.09242483 -0.03663041 -0.0093 0.0922421 -0.03669692 -0.0093 0.09205627 -0.03675423 -0.0093 0.09186783 -0.03680222 -0.0093 0.09167723 -0.03684075 -0.0093 0.09148494 -0.03686973 -0.0093 0.09129145 -0.0368891 -0.0093 0.09109723 -0.03689879 -0.0093 0.09090277 -0.03689879 -0.0093 0.09070855 -0.0368891 -0.0093 0.09051506 -0.03686973 -0.0093 0.09032277 -0.03684075 -0.0093 0.09013217 -0.03680222 -0.0093 0.08994373 -0.03675423 -0.0093 0.0897579 -0.03669692 -0.0093 0.08957517 -0.03663041 -0.0093 0.08939598 -0.03655487 -0.0093 0.08922078 -0.0364705 -0.0093 0.08905 -0.0363775 -0.0093 0.08888407 -0.0362761 -0.0093 0.0887234 -0.03616656 -0.0093 0.08856839 -0.03604914 -0.0093 0.08841943 -0.03592415 -0.0093 0.08827688 -0.03579188 -0.0093 0.0881411 -0.03565267 -0.0093 0.08801243 -0.03550687 -0.0093 0.08789118 -0.03535484 -0.0093 0.08777767 -0.03519695 -0.0093 0.08767216 -0.0350336 -0.0093 0.08757494 -0.03486519 -0.0093 0.08748622 -0.03469215 -0.0093 0.08740624 -0.0345149 -0.0093 0.0873352 -0.03433388 -0.0093 0.08727327 -0.03414954 -0.0093 0.0872206 -0.03396235 -0.0093 0.08717733 -0.03377277 -0.0093 0.08714356 -0.03358126 -0.0093 0.08711938 -0.03338831 -0.0093 0.08710485 -0.0331944 -0.0093 0.08946388 -0.03457491 -0.0093 0.08938728 -0.03449638 -0.0093 0.08954429 -0.03464952 -0.0093 0.0893147 -0.03441413 -0.0093 0.08962832 -0.03472003 -0.0093 0.08924631 -0.03432837 -0.0093 0.08971577 -0.03478626 -0.0093 0.08918227 -0.0342393 -0.0093 0.0898064 -0.03484806 -0.0093 0.08912276 -0.03414716 -0.0093 0.0899 -0.03490525 -0.0093 0.08906791 -0.03405216 -0.0093 0.08999634 -0.03495772 -0.0093 0.08901787 -0.03395454 -0.0093 0.09009517 -0.03500531 -0.0093 0.08897276 -0.03385456 -0.0093 0.09019625 -0.03504792 -0.0093 0.08893268 -0.03375245 -0.0093 0.09029933 -0.03508544 -0.0093 0.08889774 -0.03364846 -0.0093 0.09040415 -0.03511777 -0.0093 0.08886803 -0.03354287 -0.0093 0.09051045 -0.03514484 -0.0093 0.08884362 -0.03343592 -0.0093 0.09061797 -0.03516658 -0.0093 0.08882457 -0.03332789 -0.0093 0.09072644 -0.03518293 -0.0093 0.08881094 -0.03321905 -0.0093 0.09083559 -0.03519385 -0.0093 0.08880273 -0.03310966 -0.0093 0.09094515 -0.03519932 -0.0093 0.0888 -0.033 -0.0093 0.09105485 -0.03519932 -0.0093 0.08880273 -0.03289034 -0.0093 0.09116441 -0.03519385 -0.0093 0.08881094 -0.03278095 -0.0093 0.09127356 -0.03518293 -0.0093 0.08882457 -0.03267211 -0.0093 0.09138203 -0.03516658 -0.0093 0.08884362 -0.03256408 -0.0093 0.09148955 -0.03514484 -0.0093 0.08886803 -0.03245713 -0.0093 0.09159585 -0.03511777 -0.0093 0.08889774 -0.03235154 -0.0093 0.09170067 -0.03508544 -0.0093 0.08893268 -0.03224755 -0.0093 0.09180375 -0.03504792 -0.0093 0.08897276 -0.03214544 -0.0093 0.09190483 -0.03500531 -0.0093 0.08901787 -0.03204546 -0.0093 0.09200366 -0.03495772 -0.0093 0.08906791 -0.03194784 -0.0093 0.0921 -0.03490525 -0.0093 0.08912276 -0.03185284 -0.0093 0.0921936 -0.03484806 -0.0093 0.08918227 -0.0317607 -0.0093 0.09228423 -0.03478626 -0.0093 0.08924631 -0.03167163 -0.0093 0.09237168 -0.03472003 -0.0093 0.0893147 -0.03158587 -0.0093 0.09245571 -0.03464952 -0.0093 0.08938728 -0.03150362 -0.0093 0.09253612 -0.03457491 -0.0093 0.08946388 -0.03142509 -0.0093 0.08954429 -0.03135048 -0.0093 0.09261272 -0.03449638 -0.0093 0.08962832 -0.03127997 -0.0093 0.0926853 -0.03441413 -0.0093 0.09275369 -0.03432837 -0.0093 0.08971577 -0.03121374 -0.0093 0.0898064 -0.03115194 -0.0093 0.09281773 -0.0342393 -0.0093 0.0899 -0.03109474 -0.0093 0.09287724 -0.03414716 -0.0093 0.08999634 -0.03104228 -0.0093 0.09293209 -0.03405216 -0.0093 0.09009517 -0.03099469 -0.0093 0.09298213 -0.03395454 -0.0093 0.09019625 -0.03095208 -0.0093 0.09302724 -0.03385456 -0.0093 0.09029933 -0.03091456 -0.0093 0.09306732 -0.03375245 -0.0093 0.09040415 -0.03088223 -0.0093 0.09310226 -0.03364846 -0.0093 0.09313197 -0.03354287 -0.0093 0.09051045 -0.03085516 -0.0093 0.09061797 -0.03083342 -0.0093 0.09315638 -0.03343592 -0.0093 0.09317543 -0.03332789 -0.0093 0.09072644 -0.03081707 -0.0093 0.09318906 -0.03321905 -0.0093 0.09083559 -0.03080615 -0.0093 0.09319727 -0.03310966 -0.0093 0.09094515 -0.03080068 -0.0093 0.09105485 -0.03080068 -0.0093 0.0932 -0.033 -0.0093 0.09116441 -0.03080615 -0.0093 0.09319727 -0.03289034 -0.0093 0.09318906 -0.03278095 -0.0093 0.09127356 -0.03081707 -0.0093 0.09317543 -0.03267211 -0.0093 0.09138203 -0.03083342 -0.0093 0.09148955 -0.03085516 -0.0093 0.09315638 -0.03256408 -0.0093 0.09313197 -0.03245713 -0.0093 0.09159585 -0.03088223 -0.0093 0.09310226 -0.03235154 -0.0093 0.09170067 -0.03091456 -0.0093 0.09306732 -0.03224755 -0.0093 0.09180375 -0.03095208 -0.0093 0.09302724 -0.03214544 -0.0093 0.09298213 -0.03204546 -0.0093 0.09190483 -0.03099469 -0.0093 0.09200366 -0.03104228 -0.0093 0.0921 -0.03109474 -0.0093 0.09293209 -0.03194784 -0.0093 0.09287724 -0.03185284 -0.0093 0.0921936 -0.03115194 -0.0093 0.09281773 -0.0317607 -0.0093 0.09228423 -0.03121374 -0.0093 0.09237168 -0.03127997 -0.0093 0.09275369 -0.03167163 -0.0093 0.09245571 -0.03135048 -0.0093 0.0926853 -0.03158587 -0.0093 0.09253612 -0.03142509 -0.0093 0.09261272 -0.03150362 -0.0093 0.0354 0.0106 -0.0016 0.043 0.0106 -0.0016 0.043 0.0105959 -0.001699095 0.0354 0.0105959 -0.001699095 0.0354 0.01058363 -0.001797513 0.043 0.01058363 -0.001797513 0.0354 0.01056328 -0.001894583 0.043 0.01056328 -0.001894583 0.043 0.01053498 -0.001989639 0.0354 0.01053498 -0.001989639 0.0354 0.01049893 -0.002082035 0.043 0.01049893 -0.002082035 0.043 0.01045537 -0.002171137 0.0354 0.01045537 -0.002171137 0.0354 0.0104046 -0.002256338 0.043 0.0104046 -0.002256338 0.043 0.01034697 -0.002337055 0.0354 0.01034697 -0.002337055 0.0354 0.01028287 -0.002412738 0.043 0.01028287 -0.002412738 0.0354 0.01021274 -0.002482869 0.043 0.01021274 -0.002482869 0.0354 0.01013706 -0.002546969 0.043 0.01013706 -0.002546969 0.0354 0.01005634 -0.0026046 0.043 0.01005634 -0.0026046 0.0354 0.009971137 -0.002655369 0.043 0.009971137 -0.002655369 0.0354 0.009882034 -0.002698928 0.043 0.009882034 -0.002698928 0.0354 0.009789639 -0.002734981 0.043 0.009789639 -0.002734981 0.0354 0.009694583 -0.00276328 0.043 0.009694583 -0.00276328 0.0354 0.009597513 -0.002783633 0.043 0.009597513 -0.002783633 0.0354 0.009499095 -0.002795901 0.043 0.009499095 -0.002795901 0.0354 0.0094 -0.0028 0.043 0.0094 -0.0028 0.0354 0.0106 0.0016 0.043 0.0106 0.0016 0.0354 -0.01034697 -0.002337055 0.0354 -0.01021274 -0.002482869 0.0354 -0.01028287 -0.002412738 0.0354 -0.0104046 -0.002256338 0.0354 -0.01005634 -0.0026046 0.0354 -0.01013706 -0.002546969 0.0354 -0.01049893 -0.002082035 0.0354 -0.01045537 -0.002171137 0.0354 -0.009789639 -0.002734981 0.0354 -0.009971137 -0.002655369 0.0354 -0.009882034 -0.002698928 0.0354 -0.01058363 -0.001797513 0.0354 -0.01053498 -0.001989639 0.0354 -0.01056328 -0.001894583 0.0354 -0.009499095 -0.002795901 0.0354 -0.009694583 -0.00276328 0.0354 -0.009597513 -0.002783633 0.0354 -0.0106 -0.0016 0.0354 -0.0105959 -0.001699095 0.0354 -0.0094 -0.0028 0.0354 -0.01056328 0.001894583 0.0354 -0.0105959 0.001699095 0.0354 -0.01058363 0.001797513 0.0354 -0.01049893 0.002082035 0.0354 -0.01053498 0.001989639 0.0354 -0.01045537 0.002171137 0.0354 -0.01034697 0.002337055 0.0354 -0.0104046 0.002256338 0.0354 -0.01013706 0.002546969 0.0354 -0.01028287 0.002412738 0.0354 -0.01021274 0.002482869 0.0354 -0.0106 0.0016 0.0354 -0.009971137 0.002655369 0.0354 -0.01005634 0.0026046 0.0354 -0.009882034 0.002698928 0.0354 -0.009789639 0.002734981 0.0354 -0.009597513 0.002783633 0.0354 -0.009694583 0.00276328 0.0354 -0.009499095 0.002795901 0.0354 -0.0094 0.0028 0.0354 0.0094 0.0028 0.0354 0.009694583 0.00276328 0.0354 0.0105959 0.001699095 0.0354 0.009499095 0.002795901 0.0354 0.009597513 0.002783633 0.0354 0.01049893 0.002082035 0.0354 0.01056328 0.001894583 0.0354 0.01058363 0.001797513 0.0354 0.01053498 0.001989639 0.0354 0.009971137 0.002655369 0.0354 0.009789639 0.002734981 0.0354 0.009882034 0.002698928 0.0354 0.01045537 0.002171137 0.0354 0.01005634 0.0026046 0.0354 0.01013706 0.002546969 0.0354 0.01034697 0.002337055 0.0354 0.0104046 0.002256338 0.0354 0.01028287 0.002412738 0.0354 0.01021274 0.002482869 0.043 0.0094 0.0028 0.043 0.009499095 0.002795901 0.043 0.009597513 0.002783633 0.043 0.009694583 0.00276328 0.043 0.009789639 0.002734981 0.043 0.009882034 0.002698928 0.043 0.009971137 0.002655369 0.043 0.01005634 0.0026046 0.043 0.01013706 0.002546969 0.043 0.01021274 0.002482869 0.043 0.01028287 0.002412738 0.043 0.01034697 0.002337055 0.043 0.0104046 0.002256338 0.043 0.01045537 0.002171137 0.043 0.01049893 0.002082035 0.043 0.01053498 0.001989639 0.043 0.01056328 0.001894583 0.043 0.01058363 0.001797513 0.043 0.0105959 0.001699095 0.043 -0.0094 0.0028 0.043 -0.0106 0.0016 0.043 -0.0105959 0.001699095 0.043 -0.01058363 0.001797513 0.043 -0.01056328 0.001894583 0.043 -0.01053498 0.001989639 0.043 -0.01049893 0.002082035 0.043 -0.01045537 0.002171137 0.043 -0.0104046 0.002256338 0.043 -0.01034697 0.002337055 0.043 -0.01028287 0.002412738 0.043 -0.01021274 0.002482869 0.043 -0.01013706 0.002546969 0.043 -0.01005634 0.0026046 0.043 -0.009971137 0.002655369 0.043 -0.009882034 0.002698928 0.043 -0.009789639 0.002734981 0.043 -0.009694583 0.00276328 0.043 -0.009597513 0.002783633 0.043 -0.009499095 0.002795901 0.043 -0.0106 -0.0016 0.043 -0.0094 -0.0028 0.043 -0.009499095 -0.002795901 0.043 -0.009597513 -0.002783633 0.043 -0.009694583 -0.00276328 0.043 -0.009789639 -0.002734981 0.043 -0.009882034 -0.002698928 0.043 -0.009971137 -0.002655369 0.043 -0.01005634 -0.0026046 0.043 -0.01013706 -0.002546969 0.043 -0.01021274 -0.002482869 0.043 -0.01028287 -0.002412738 0.043 -0.01034697 -0.002337055 0.043 -0.0104046 -0.002256338 0.043 -0.01045537 -0.002171137 0.043 -0.01049893 -0.002082035 0.043 -0.01053498 -0.001989639 0.043 -0.01056328 -0.001894583 0.043 -0.01058363 -0.001797513 0.043 -0.0105959 -0.001699095 0.049 0.028 0.0039 0.049 0.0281944 0.003895152 0.049 0.02838832 0.00388062 0.049 0.02858126 0.00385644 0.049 0.02877277 0.003822673 0.049 0.02896235 0.003779401 0.049 0.02914955 0.003726734 0.049 0.02933388 0.003664801 0.049 0.0295149 0.003593757 0.049 0.02969215 0.003513779 0.049 0.02986519 0.003425064 0.049 0.0300336 0.003327834 0.049 0.03019695 0.003222331 0.049 0.03035484 0.003108817 0.049 0.03050687 0.002987573 0.049 0.03065267 0.002858902 0.049 0.03079188 0.002723124 0.049 0.03092415 0.002580575 0.049 0.03104914 0.00243161 0.049 0.03116656 0.0022766 0.049 0.0312761 0.00211593 0.049 0.0313775 0.00195 0.049 0.0314705 0.001779222 0.049 0.03155487 0.00160402 0.049 0.03163041 0.00142483 0.049 0.03169692 0.001242098 0.049 0.03175423 0.001056278 0.049 0.03180222 0.0008678316 0.049 0.03184075 0.0006772279 0.049 0.03186973 0.0004849404 0.049 0.0318891 0.0002914474 0.049 0.03189879 9.72297e-05 0.049 0.03189879 -9.72297e-05 0.049 0.0318891 -0.0002914474 0.049 0.03186973 -0.0004849404 0.049 0.03184075 -0.0006772279 0.049 0.03180222 -0.0008678316 0.049 0.03175423 -0.001056278 0.049 0.03169692 -0.001242098 0.049 0.03163041 -0.00142483 0.049 0.03155487 -0.00160402 0.049 0.0314705 -0.001779222 0.049 0.0313775 -0.00195 0.049 0.0312761 -0.00211593 0.049 0.03116656 -0.0022766 0.049 0.03104914 -0.00243161 0.049 0.03092415 -0.002580575 0.049 0.03079188 -0.002723124 0.049 0.03065267 -0.002858902 0.049 0.03050687 -0.002987573 0.049 0.03035484 -0.003108817 0.049 0.03019695 -0.003222331 0.049 0.0300336 -0.003327834 0.049 0.02986519 -0.003425064 0.049 0.02969215 -0.003513779 0.049 0.0295149 -0.003593757 0.049 0.02933388 -0.003664801 0.049 0.02914955 -0.003726734 0.049 0.02896235 -0.003779401 0.049 0.02877277 -0.003822673 0.049 0.02858126 -0.00385644 0.049 0.02838832 -0.00388062 0.049 0.0281944 -0.003895152 0.049 0.028 -0.0039 0.049 0.0278056 -0.003895152 0.049 0.02761168 -0.00388062 0.049 0.02741874 -0.00385644 0.049 0.02722723 -0.003822673 0.049 0.02703765 -0.003779401 0.049 0.02685045 -0.003726734 0.049 0.02666612 -0.003664801 0.049 0.0264851 -0.003593757 0.049 0.02630785 -0.003513779 0.049 0.02613481 -0.003425064 0.049 0.0259664 -0.003327834 0.049 0.02580305 -0.003222331 0.049 0.02564516 -0.003108817 0.049 0.02549313 -0.002987573 0.049 0.02534733 -0.002858902 0.049 0.02520812 -0.002723124 0.049 0.02507585 -0.002580575 0.049 0.02495086 -0.00243161 0.049 0.02483344 -0.0022766 0.049 0.0247239 -0.00211593 0.049 0.0246225 -0.00195 0.049 0.0245295 -0.001779222 0.049 0.02444513 -0.00160402 0.049 0.02436959 -0.00142483 0.049 0.02430308 -0.001242098 0.049 0.02424577 -0.001056278 0.049 0.02419778 -0.0008678316 0.049 0.02415925 -0.0006772279 0.049 0.02413027 -0.0004849404 0.049 0.0241109 -0.0002914474 0.049 0.02410121 -9.72297e-05 0.049 0.02410121 9.72297e-05 0.049 0.0241109 0.0002914474 0.049 0.02413027 0.0004849404 0.049 0.02415925 0.0006772279 0.049 0.02419778 0.0008678316 0.049 0.02424577 0.001056278 0.049 0.02430308 0.001242098 0.049 0.02436959 0.00142483 0.049 0.02444513 0.00160402 0.049 0.0245295 0.001779222 0.049 0.0246225 0.00195 0.049 0.0247239 0.00211593 0.049 0.02483344 0.0022766 0.049 0.02495086 0.00243161 0.049 0.02507585 0.002580575 0.049 0.02520812 0.002723124 0.049 0.02534733 0.002858902 0.049 0.02549313 0.002987573 0.049 0.02564516 0.003108817 0.049 0.02580305 0.003222331 0.049 0.0259664 0.003327834 0.049 0.02613481 0.003425064 0.049 0.02630785 0.003513779 0.049 0.0264851 0.003593757 0.049 0.02666612 0.003664801 0.049 0.02685045 0.003726734 0.049 0.02703765 0.003779401 0.049 0.02722723 0.003822673 0.049 0.02741874 0.00385644 0.049 0.02761168 0.00388062 0.049 0.0278056 0.003895152 0.049 0.02646388 0.001574907 0.049 0.02638729 0.00149638 0.049 0.02654429 0.001649519 0.049 0.0263147 0.001414133 0.049 0.02662832 0.001720029 0.049 0.02624631 0.00132837 0.049 0.02671576 0.001786264 0.049 0.02618227 0.001239304 0.049 0.0268064 0.001848057 0.049 0.02612276 0.001147157 0.049 0.0269 0.001905256 0.049 0.02606791 0.001052159 0.049 0.02699634 0.001957718 0.049 0.02601787 0.0009545442 0.049 0.02709517 0.002005313 0.049 0.02597275 0.0008545566 0.049 0.02719625 0.002047922 0.049 0.02593268 0.0007524443 0.049 0.02729933 0.00208544 0.049 0.02589774 0.0006484614 0.049 0.02740415 0.002117773 0.049 0.02586803 0.0005428663 0.049 0.02751045 0.002144841 0.049 0.02584362 0.0004359215 0.049 0.02761797 0.002166577 0.049 0.02582457 0.000327893 0.049 0.02772644 0.002182926 0.049 0.02581093 0.0002190493 0.049 0.02783559 0.002193848 0.049 0.02580273 0.0001096609 0.049 0.02794515 0.002199316 0.049 0.0258 -2.681705e-17 0.049 0.02805485 0.002199316 0.049 0.02580273 -0.0001096609 0.049 0.02816441 0.002193848 0.049 0.02581093 -0.0002190493 0.049 0.02827356 0.002182926 0.049 0.02582457 -0.000327893 0.049 0.02838203 0.002166577 0.049 0.02584362 -0.0004359215 0.049 0.02848955 0.002144841 0.049 0.02586803 -0.0005428663 0.049 0.02859585 0.002117773 0.049 0.02589774 -0.0006484614 0.049 0.02870067 0.00208544 0.049 0.02593268 -0.0007524443 0.049 0.02880375 0.002047922 0.049 0.02597275 -0.0008545566 0.049 0.02890483 0.002005313 0.049 0.02601787 -0.0009545442 0.049 0.02900366 0.001957718 0.049 0.02606791 -0.001052159 0.049 0.0291 0.001905256 0.049 0.02612276 -0.001147157 0.049 0.0291936 0.001848057 0.049 0.02618227 -0.001239304 0.049 0.02928424 0.001786264 0.049 0.02624631 -0.00132837 0.049 0.02937168 0.001720029 0.049 0.0263147 -0.001414133 0.049 0.02945571 0.001649519 0.049 0.02638729 -0.00149638 0.049 0.02953612 0.001574907 0.049 0.02646388 -0.001574907 0.049 0.02961271 0.00149638 0.049 0.02654429 -0.001649519 0.049 0.0296853 0.001414133 0.049 0.02662832 -0.001720029 0.049 0.02975369 0.00132837 0.049 0.02671576 -0.001786264 0.049 0.02981773 0.001239304 0.049 0.0268064 -0.001848057 0.049 0.02987724 0.001147157 0.049 0.0269 -0.001905256 0.049 0.02993209 0.001052159 0.049 0.02699634 -0.001957718 0.049 0.02998213 0.0009545442 0.049 0.02709517 -0.002005313 0.049 0.03002725 0.0008545566 0.049 0.02719625 -0.002047922 0.049 0.03006732 0.0007524443 0.049 0.02729933 -0.00208544 0.049 0.03010226 0.0006484614 0.049 0.02740415 -0.002117773 0.049 0.03013197 0.0005428663 0.049 0.02751045 -0.002144841 0.049 0.03015638 0.0004359215 0.049 0.02761797 -0.002166577 0.049 0.03017543 0.000327893 0.049 0.02772644 -0.002182926 0.049 0.03018907 0.0002190493 0.049 0.02783559 -0.002193848 0.049 0.03019727 0.0001096609 0.049 0.02794515 -0.002199316 0.049 0.0302 2.694223e-19 0.049 0.02805485 -0.002199316 0.049 0.03019727 -0.0001096609 0.049 0.02816441 -0.002193848 0.049 0.03018907 -0.0002190493 0.049 0.02827356 -0.002182926 0.049 0.03017543 -0.000327893 0.049 0.02838203 -0.002166577 0.049 0.03015638 -0.0004359215 0.049 0.02848955 -0.002144841 0.049 0.03013197 -0.0005428663 0.049 0.02859585 -0.002117773 0.049 0.03010226 -0.0006484614 0.049 0.02870067 -0.00208544 0.049 0.03006732 -0.0007524443 0.049 0.02880375 -0.002047922 0.049 0.03002725 -0.0008545566 0.049 0.02890483 -0.002005313 0.049 0.02998213 -0.0009545442 0.049 0.02900366 -0.001957718 0.049 0.02993209 -0.001052159 0.049 0.0291 -0.001905256 0.049 0.02987724 -0.001147157 0.049 0.0291936 -0.001848057 0.049 0.02981773 -0.001239304 0.049 0.02928424 -0.001786264 0.049 0.02975369 -0.00132837 0.049 0.02937168 -0.001720029 0.049 0.0296853 -0.001414133 0.049 0.02945571 -0.001649519 0.049 0.02961271 -0.00149638 0.049 0.02953612 -0.001574907 0.049 -0.028 0.0039 0.049 -0.0278056 0.003895152 0.049 -0.02761168 0.00388062 0.049 -0.02741874 0.00385644 0.049 -0.02722723 0.003822673 0.049 -0.02703765 0.003779401 0.049 -0.02685045 0.003726734 0.049 -0.02666612 0.003664801 0.049 -0.0264851 0.003593757 0.049 -0.02630785 0.003513779 0.049 -0.02613481 0.003425064 0.049 -0.0259664 0.003327834 0.049 -0.02580305 0.003222331 0.049 -0.02564516 0.003108817 0.049 -0.02549313 0.002987573 0.049 -0.02534733 0.002858902 0.049 -0.02520812 0.002723124 0.049 -0.02507585 0.002580575 0.049 -0.02495086 0.00243161 0.049 -0.02483344 0.0022766 0.049 -0.0247239 0.00211593 0.049 -0.0246225 0.00195 0.049 -0.0245295 0.001779222 0.049 -0.02444513 0.00160402 0.049 -0.02436959 0.00142483 0.049 -0.02430308 0.001242098 0.049 -0.02424577 0.001056278 0.049 -0.02419778 0.0008678316 0.049 -0.02415925 0.0006772279 0.049 -0.02413027 0.0004849404 0.049 -0.0241109 0.0002914474 0.049 -0.02410121 9.72297e-05 0.049 -0.02410121 -9.72297e-05 0.049 -0.0241109 -0.0002914474 0.049 -0.02413027 -0.0004849404 0.049 -0.02415925 -0.0006772279 0.049 -0.02419778 -0.0008678316 0.049 -0.02424577 -0.001056278 0.049 -0.02430308 -0.001242098 0.049 -0.02436959 -0.00142483 0.049 -0.02444513 -0.00160402 0.049 -0.0245295 -0.001779222 0.049 -0.0246225 -0.00195 0.049 -0.0247239 -0.00211593 0.049 -0.02483344 -0.0022766 0.049 -0.02495086 -0.00243161 0.049 -0.02507585 -0.002580575 0.049 -0.02520812 -0.002723124 0.049 -0.02534733 -0.002858902 0.049 -0.02549313 -0.002987573 0.049 -0.02564516 -0.003108817 0.049 -0.02580305 -0.003222331 0.049 -0.0259664 -0.003327834 0.049 -0.02613481 -0.003425064 0.049 -0.02630785 -0.003513779 0.049 -0.0264851 -0.003593757 0.049 -0.02666612 -0.003664801 0.049 -0.02685045 -0.003726734 0.049 -0.02703765 -0.003779401 0.049 -0.02722723 -0.003822673 0.049 -0.02741874 -0.00385644 0.049 -0.02761168 -0.00388062 0.049 -0.0278056 -0.003895152 0.049 -0.028 -0.0039 0.049 -0.0281944 -0.003895152 0.049 -0.02838832 -0.00388062 0.049 -0.02858126 -0.00385644 0.049 -0.02877277 -0.003822673 0.049 -0.02896235 -0.003779401 0.049 -0.02914955 -0.003726734 0.049 -0.02933388 -0.003664801 0.049 -0.0295149 -0.003593757 0.049 -0.02969215 -0.003513779 0.049 -0.02986519 -0.003425064 0.049 -0.0300336 -0.003327834 0.049 -0.03019695 -0.003222331 0.049 -0.03035484 -0.003108817 0.049 -0.03050687 -0.002987573 0.049 -0.03065267 -0.002858902 0.049 -0.03079188 -0.002723124 0.049 -0.03092415 -0.002580575 0.049 -0.03104914 -0.00243161 0.049 -0.03116656 -0.0022766 0.049 -0.0312761 -0.00211593 0.049 -0.0313775 -0.00195 0.049 -0.0314705 -0.001779222 0.049 -0.03155487 -0.00160402 0.049 -0.03163041 -0.00142483 0.049 -0.03169692 -0.001242098 0.049 -0.03175423 -0.001056278 0.049 -0.03180222 -0.0008678316 0.049 -0.03184075 -0.0006772279 0.049 -0.03186973 -0.0004849404 0.049 -0.0318891 -0.0002914474 0.049 -0.03189879 -9.72297e-05 0.049 -0.03189879 9.72297e-05 0.049 -0.0318891 0.0002914474 0.049 -0.03186973 0.0004849404 0.049 -0.03184075 0.0006772279 0.049 -0.03180222 0.0008678316 0.049 -0.03175423 0.001056278 0.049 -0.03169692 0.001242098 0.049 -0.03163041 0.00142483 0.049 -0.03155487 0.00160402 0.049 -0.0314705 0.001779222 0.049 -0.0313775 0.00195 0.049 -0.0312761 0.00211593 0.049 -0.03116656 0.0022766 0.049 -0.03104914 0.00243161 0.049 -0.03092415 0.002580575 0.049 -0.03079188 0.002723124 0.049 -0.03065267 0.002858902 0.049 -0.03050687 0.002987573 0.049 -0.03035484 0.003108817 0.049 -0.03019695 0.003222331 0.049 -0.0300336 0.003327834 0.049 -0.02986519 0.003425064 0.049 -0.02969215 0.003513779 0.049 -0.0295149 0.003593757 0.049 -0.02933388 0.003664801 0.049 -0.02914955 0.003726734 0.049 -0.02896235 0.003779401 0.049 -0.02877277 0.003822673 0.049 -0.02858126 0.00385644 0.049 -0.02838832 0.00388062 0.049 -0.0281944 0.003895152 0.049 -0.02953612 0.001574907 0.049 -0.02961271 0.00149638 0.049 -0.02945571 0.001649519 0.049 -0.0296853 0.001414133 0.049 -0.02937168 0.001720029 0.049 -0.02975369 0.00132837 0.049 -0.02928424 0.001786264 0.049 -0.02981773 0.001239304 0.049 -0.0291936 0.001848057 0.049 -0.02987724 0.001147157 0.049 -0.0291 0.001905256 0.049 -0.02993209 0.001052159 0.049 -0.02900366 0.001957718 0.049 -0.02998213 0.0009545442 0.049 -0.02890483 0.002005313 0.049 -0.03002725 0.0008545566 0.049 -0.02880375 0.002047922 0.049 -0.03006732 0.0007524443 0.049 -0.02870067 0.00208544 0.049 -0.03010226 0.0006484614 0.049 -0.02859585 0.002117773 0.049 -0.03013197 0.0005428663 0.049 -0.02848955 0.002144841 0.049 -0.03015638 0.0004359215 0.049 -0.02838203 0.002166577 0.049 -0.03017543 0.000327893 0.049 -0.02827356 0.002182926 0.049 -0.03018907 0.0002190493 0.049 -0.02816441 0.002193848 0.049 -0.03019727 0.0001096609 0.049 -0.02805485 0.002199316 0.049 -0.0302 -2.681705e-17 0.049 -0.02794515 0.002199316 0.049 -0.03019727 -0.0001096609 0.049 -0.02783559 0.002193848 0.049 -0.03018907 -0.0002190493 0.049 -0.02772644 0.002182926 0.049 -0.03017543 -0.000327893 0.049 -0.02761797 0.002166577 0.049 -0.03015638 -0.0004359215 0.049 -0.02751045 0.002144841 0.049 -0.03013197 -0.0005428663 0.049 -0.02740415 0.002117773 0.049 -0.03010226 -0.0006484614 0.049 -0.02729933 0.00208544 0.049 -0.03006732 -0.0007524443 0.049 -0.02719625 0.002047922 0.049 -0.03002725 -0.0008545566 0.049 -0.02709517 0.002005313 0.049 -0.02998213 -0.0009545442 0.049 -0.02699634 0.001957718 0.049 -0.02993209 -0.001052159 0.049 -0.0269 0.001905256 0.049 -0.02987724 -0.001147157 0.049 -0.0268064 0.001848057 0.049 -0.02981773 -0.001239304 0.049 -0.02671576 0.001786264 0.049 -0.02975369 -0.00132837 0.049 -0.02662832 0.001720029 0.049 -0.0296853 -0.001414133 0.049 -0.02654429 0.001649519 0.049 -0.02961271 -0.00149638 0.049 -0.02646388 0.001574907 0.049 -0.02953612 -0.001574907 0.049 -0.02638729 0.00149638 0.049 -0.02945571 -0.001649519 0.049 -0.0263147 0.001414133 0.049 -0.02937168 -0.001720029 0.049 -0.02624631 0.00132837 0.049 -0.02928424 -0.001786264 0.049 -0.02618227 0.001239304 0.049 -0.0291936 -0.001848057 0.049 -0.02612276 0.001147157 0.049 -0.0291 -0.001905256 0.049 -0.02606791 0.001052159 0.049 -0.02900366 -0.001957718 0.049 -0.02601787 0.0009545442 0.049 -0.02890483 -0.002005313 0.049 -0.02597275 0.0008545566 0.049 -0.02880375 -0.002047922 0.049 -0.02593268 0.0007524443 0.049 -0.02870067 -0.00208544 0.049 -0.02589774 0.0006484614 0.049 -0.02859585 -0.002117773 0.049 -0.02586803 0.0005428663 0.049 -0.02848955 -0.002144841 0.049 -0.02584362 0.0004359215 0.049 -0.02838203 -0.002166577 0.049 -0.02582457 0.000327893 0.049 -0.02827356 -0.002182926 0.049 -0.02581093 0.0002190493 0.049 -0.02816441 -0.002193848 0.049 -0.02580273 0.0001096609 0.049 -0.02805485 -0.002199316 0.049 -0.0258 2.694223e-19 0.049 -0.02794515 -0.002199316 0.049 -0.02580273 -0.0001096609 0.049 -0.02783559 -0.002193848 0.049 -0.02581093 -0.0002190493 0.049 -0.02772644 -0.002182926 0.049 -0.02582457 -0.000327893 0.049 -0.02761797 -0.002166577 0.049 -0.02584362 -0.0004359215 0.049 -0.02751045 -0.002144841 0.049 -0.02586803 -0.0005428663 0.049 -0.02740415 -0.002117773 0.049 -0.02589774 -0.0006484614 0.049 -0.02729933 -0.00208544 0.049 -0.02593268 -0.0007524443 0.049 -0.02719625 -0.002047922 0.049 -0.02597275 -0.0008545566 0.049 -0.02709517 -0.002005313 0.049 -0.02601787 -0.0009545442 0.049 -0.02699634 -0.001957718 0.049 -0.02606791 -0.001052159 0.049 -0.0269 -0.001905256 0.049 -0.02612276 -0.001147157 0.049 -0.0268064 -0.001848057 0.049 -0.02618227 -0.001239304 0.049 -0.02671576 -0.001786264 0.049 -0.02624631 -0.00132837 0.049 -0.02662832 -0.001720029 0.049 -0.0263147 -0.001414133 0.049 -0.02654429 -0.001649519 0.049 -0.02638729 -0.00149638 0.049 -0.02646388 -0.001574907 0.043 -0.0258 2.694223e-19 0.043 -0.02580273 0.0001096609 0.043 -0.02581093 0.0002190493 0.043 -0.02582457 0.000327893 0.043 -0.02584362 0.0004359215 0.043 -0.02586803 0.0005428663 0.043 -0.02589774 0.0006484614 0.043 -0.02593268 0.0007524443 0.043 -0.02597275 0.0008545566 0.043 -0.02601787 0.0009545442 0.043 -0.02606791 0.001052159 0.043 -0.02612276 0.001147157 0.043 -0.02618227 0.001239304 0.043 -0.02624631 0.00132837 0.043 -0.0263147 0.001414133 0.043 -0.02638729 0.00149638 0.043 -0.02646388 0.001574907 0.043 -0.02654429 0.001649519 0.043 -0.02662832 0.001720029 0.043 -0.02671576 0.001786264 0.043 -0.0268064 0.001848057 0.043 -0.0269 0.001905256 0.043 -0.02699634 0.001957718 0.043 -0.02709517 0.002005313 0.043 -0.02719625 0.002047922 0.043 -0.02729933 0.00208544 0.043 -0.02740415 0.002117773 0.043 -0.02751045 0.002144841 0.043 -0.02761797 0.002166577 0.043 -0.02772644 0.002182926 0.043 -0.02783559 0.002193848 0.043 -0.02794515 0.002199316 0.043 -0.02805485 0.002199316 0.043 -0.02816441 0.002193848 0.043 -0.02827356 0.002182926 0.043 -0.02838203 0.002166577 0.043 -0.02848955 0.002144841 0.043 -0.02859585 0.002117773 0.043 -0.02870067 0.00208544 0.043 -0.02880375 0.002047922 0.043 -0.02890483 0.002005313 0.043 -0.02900366 0.001957718 0.043 -0.0291 0.001905256 0.043 -0.0291936 0.001848057 0.043 -0.02928424 0.001786264 0.043 -0.02937168 0.001720029 0.043 -0.02945571 0.001649519 0.043 -0.02953612 0.001574907 0.043 -0.02961271 0.00149638 0.043 -0.0296853 0.001414133 0.043 -0.02975369 0.00132837 0.043 -0.02981773 0.001239304 0.043 -0.02987724 0.001147157 0.043 -0.02993209 0.001052159 0.043 -0.02998213 0.0009545442 0.043 -0.03002725 0.0008545566 0.043 -0.03006732 0.0007524443 0.043 -0.03010226 0.0006484614 0.043 -0.03013197 0.0005428663 0.043 -0.03015638 0.0004359215 0.043 -0.03017543 0.000327893 0.043 -0.03018907 0.0002190493 0.043 -0.03019727 0.0001096609 0.043 -0.0302 2.681705e-17 0.043 -0.03019727 -0.0001096609 0.043 -0.03018907 -0.0002190493 0.043 -0.03017543 -0.000327893 0.043 -0.03015638 -0.0004359215 0.043 -0.03013197 -0.0005428663 0.043 -0.03010226 -0.0006484614 0.043 -0.03006732 -0.0007524443 0.043 -0.03002725 -0.0008545566 0.043 -0.02998213 -0.0009545442 0.043 -0.02993209 -0.001052159 0.043 -0.02987724 -0.001147157 0.043 -0.02981773 -0.001239304 0.043 -0.02975369 -0.00132837 0.043 -0.0296853 -0.001414133 0.043 -0.02961271 -0.00149638 0.043 -0.02953612 -0.001574907 0.043 -0.02945571 -0.001649519 0.043 -0.02937168 -0.001720029 0.043 -0.02928424 -0.001786264 0.043 -0.0291936 -0.001848057 0.043 -0.0291 -0.001905256 0.043 -0.02900366 -0.001957718 0.043 -0.02890483 -0.002005313 0.043 -0.02880375 -0.002047922 0.043 -0.02870067 -0.00208544 0.043 -0.02859585 -0.002117773 0.043 -0.02848955 -0.002144841 0.043 -0.02838203 -0.002166577 0.043 -0.02827356 -0.002182926 0.043 -0.02816441 -0.002193848 0.043 -0.02805485 -0.002199316 0.043 -0.02794515 -0.002199316 0.043 -0.02783559 -0.002193848 0.043 -0.02772644 -0.002182926 0.043 -0.02761797 -0.002166577 0.043 -0.02751045 -0.002144841 0.043 -0.02740415 -0.002117773 0.043 -0.02729933 -0.00208544 0.043 -0.02719625 -0.002047922 0.043 -0.02709517 -0.002005313 0.043 -0.02699634 -0.001957718 0.043 -0.0269 -0.001905256 0.043 -0.0268064 -0.001848057 0.043 -0.02671576 -0.001786264 0.043 -0.02662832 -0.001720029 0.043 -0.02654429 -0.001649519 0.043 -0.02646388 -0.001574907 0.043 -0.02638729 -0.00149638 0.043 -0.0263147 -0.001414133 0.043 -0.02624631 -0.00132837 0.043 -0.02618227 -0.001239304 0.043 -0.02612276 -0.001147157 0.043 -0.02606791 -0.001052159 0.043 -0.02601787 -0.0009545442 0.043 -0.02597275 -0.0008545566 0.043 -0.02593268 -0.0007524443 0.043 -0.02589774 -0.0006484614 0.043 -0.02586803 -0.0005428663 0.043 -0.02584362 -0.0004359215 0.043 -0.02582457 -0.000327893 0.043 -0.02581093 -0.0002190493 0.043 -0.02580273 -0.0001096609 0.043 0.0302 2.694223e-19 0.043 0.03019727 0.0001096609 0.043 0.03018907 0.0002190493 0.043 0.03017543 0.000327893 0.043 0.03015638 0.0004359215 0.043 0.03013197 0.0005428663 0.043 0.03010226 0.0006484614 0.043 0.03006732 0.0007524443 0.043 0.03002725 0.0008545566 0.043 0.02998213 0.0009545442 0.043 0.02993209 0.001052159 0.043 0.02987724 0.001147157 0.043 0.02981773 0.001239304 0.043 0.02975369 0.00132837 0.043 0.0296853 0.001414133 0.043 0.02961271 0.00149638 0.043 0.02953612 0.001574907 0.043 0.02945571 0.001649519 0.043 0.02937168 0.001720029 0.043 0.02928424 0.001786264 0.043 0.0291936 0.001848057 0.043 0.0291 0.001905256 0.043 0.02900366 0.001957718 0.043 0.02890483 0.002005313 0.043 0.02880375 0.002047922 0.043 0.02870067 0.00208544 0.043 0.02859585 0.002117773 0.043 0.02848955 0.002144841 0.043 0.02838203 0.002166577 0.043 0.02827356 0.002182926 0.043 0.02816441 0.002193848 0.043 0.02805485 0.002199316 0.043 0.02794515 0.002199316 0.043 0.02783559 0.002193848 0.043 0.02772644 0.002182926 0.043 0.02761797 0.002166577 0.043 0.02751045 0.002144841 0.043 0.02740415 0.002117773 0.043 0.02729933 0.00208544 0.043 0.02719625 0.002047922 0.043 0.02709517 0.002005313 0.043 0.02699634 0.001957718 0.043 0.0269 0.001905256 0.043 0.0268064 0.001848057 0.043 0.02671576 0.001786264 0.043 0.02662832 0.001720029 0.043 0.02654429 0.001649519 0.043 0.02646388 0.001574907 0.043 0.02638729 0.00149638 0.043 0.0263147 0.001414133 0.043 0.02624631 0.00132837 0.043 0.02618227 0.001239304 0.043 0.02612276 0.001147157 0.043 0.02606791 0.001052159 0.043 0.02601787 0.0009545442 0.043 0.02597275 0.0008545566 0.043 0.02593268 0.0007524443 0.043 0.02589774 0.0006484614 0.043 0.02586803 0.0005428663 0.043 0.02584362 0.0004359215 0.043 0.02582457 0.000327893 0.043 0.02581093 0.0002190493 0.043 0.02580273 0.0001096609 0.043 0.0258 2.681705e-17 0.043 0.02580273 -0.0001096609 0.043 0.02581093 -0.0002190493 0.043 0.02582457 -0.000327893 0.043 0.02584362 -0.0004359215 0.043 0.02586803 -0.0005428663 0.043 0.02589774 -0.0006484614 0.043 0.02593268 -0.0007524443 0.043 0.02597275 -0.0008545566 0.043 0.02601787 -0.0009545442 0.043 0.02606791 -0.001052159 0.043 0.02612276 -0.001147157 0.043 0.02618227 -0.001239304 0.043 0.02624631 -0.00132837 0.043 0.0263147 -0.001414133 0.043 0.02638729 -0.00149638 0.043 0.02646388 -0.001574907 0.043 0.02654429 -0.001649519 0.043 0.02662832 -0.001720029 0.043 0.02671576 -0.001786264 0.043 0.0268064 -0.001848057 0.043 0.0269 -0.001905256 0.043 0.02699634 -0.001957718 0.043 0.02709517 -0.002005313 0.043 0.02719625 -0.002047922 0.043 0.02729933 -0.00208544 0.043 0.02740415 -0.002117773 0.043 0.02751045 -0.002144841 0.043 0.02761797 -0.002166577 0.043 0.02772644 -0.002182926 0.043 0.02783559 -0.002193848 0.043 0.02794515 -0.002199316 0.043 0.02805485 -0.002199316 0.043 0.02816441 -0.002193848 0.043 0.02827356 -0.002182926 0.043 0.02838203 -0.002166577 0.043 0.02848955 -0.002144841 0.043 0.02859585 -0.002117773 0.043 0.02870067 -0.00208544 0.043 0.02880375 -0.002047922 0.043 0.02890483 -0.002005313 0.043 0.02900366 -0.001957718 0.043 0.0291 -0.001905256 0.043 0.0291936 -0.001848057 0.043 0.02928424 -0.001786264 0.043 0.02937168 -0.001720029 0.043 0.02945571 -0.001649519 0.043 0.02953612 -0.001574907 0.043 0.02961271 -0.00149638 0.043 0.0296853 -0.001414133 0.043 0.02975369 -0.00132837 0.043 0.02981773 -0.001239304 0.043 0.02987724 -0.001147157 0.043 0.02993209 -0.001052159 0.043 0.02998213 -0.0009545442 0.043 0.03002725 -0.0008545566 0.043 0.03006732 -0.0007524443 0.043 0.03010226 -0.0006484614 0.043 0.03013197 -0.0005428663 0.043 0.03015638 -0.0004359215 0.043 0.03017543 -0.000327893 0.043 0.03018907 -0.0002190493 0.043 0.03019727 -0.0001096609</float_array>
          <technique_common>
            <accessor count="5254" source="#cubeverts-array0-array" stride="3">
              <param type="float" name="X" />
              <param type="float" name="Y" />
              <param type="float" name="Z" />
            </accessor>
          </technique_common>
        </source>
        <source id="cubenormals-array0">
          <float_array count="31560" id="cubenormals-array0-array">0 0.7071068 -0.7071068 0 0.7071068 -0.7071068 0.7066836 0.03470849 -0.7066778 0.6998787 0.103808 -0.706678 0.6998725 0.1038244 -0.7066818 0.6863268 0.1719255 -0.7066804 0.6661718 0.2383664 -0.70668 0.6863256 0.1719279 -0.706681 0.7066759 0.03473696 -0.7066842 0.7066807 0.0347088 -0.7066807 0.6661742 0.2383468 -0.7066842 0.639601 0.3025014 -0.7066848 0.6998798 0.1038081 -0.7066767 0.6998696 0.1038317 -0.7066835 0.6068736 0.3637391 -0.7066813 0.6395977 0.3025157 -0.7066817 0.6863328 0.1719133 -0.7066774 0.6863248 0.1719277 -0.7066817 0.7018976 0.0865692 -0.7069976 0.7052997 0.05202557 -0.7069977 0.7010703 0.0172229 -0.712884 0.7066823 0.03472218 -0.7066784 0.5682924 0.421482 -0.7066801 0.6068717 0.3637446 -0.7066801 0.6661708 0.2383634 -0.7066819 0.6661807 0.2383492 -0.7066773 0.6900286 0.1549459 -0.7070023 0.6968021 0.1208926 -0.707002 0.6998762 0.1038216 -0.7066784 0.6965117 0.1033225 -0.7100675 0.6998711 0.103832 -0.706682 0.5242567 0.4751368 -0.7066823 0.5682957 0.4214748 -0.7066817 0.6396109 0.3024969 -0.7066779 0.6395956 0.3025147 -0.706684 0.6715186 0.2218424 -0.7069998 0.6815909 0.1886392 -0.7070001 0.6830272 0.1710892 -0.710072 0.6863303 0.1719126 -0.7066801 0.6863282 0.171916 -0.7066813 0.4751381 0.524258 -0.7066805 0.5242529 0.4751434 -0.7066807 0.6068618 0.363754 -0.7066836 0.6068717 0.3637446 -0.7066801 0.6661682 0.2383625 -0.7066847 0.6465476 0.286585 -0.7069974 0.6598304 0.2545166 -0.7069973 0.6661767 0.2383513 -0.7066804 0.6629771 0.2372065 -0.7100665 0.4214808 0.5682909 -0.7066819 0.4751424 0.5242518 -0.7066821 0.5682998 0.4214715 -0.7066803 0.5682957 0.4214748 -0.7066817 0.6396123 0.3024975 -0.7066762 0.6153316 0.3485872 -0.7070037 0.6316992 0.3179657 -0.7070035 0.639594 0.3025173 -0.7066844 0.6365227 0.3010646 -0.7100697 0.4214757 0.5682969 -0.7066802 0.3637398 0.6068747 -0.7066799 0.5242529 0.4751434 -0.7066806 0.5242486 0.4751461 -0.706682 0.5781951 0.4072292 -0.7070041 0.5974925 0.3783487 -0.7070043 0.6039516 0.3619956 -0.7100715 0.6068646 0.3637557 -0.7066804 0.6068741 0.3637473 -0.7066765 0.3025029 0.6396042 -0.7066813 0.363744 0.6068707 -0.7066812 0.4214748 0.5682957 -0.7066817 0.475147 0.5242496 -0.7066808 0.4751424 0.5242518 -0.7066821 0.5683014 0.4214726 -0.7066784 0.5355055 0.4619336 -0.7070016 0.5575299 0.435097 -0.7070015 0.565564 0.4194496 -0.71007 0.5682966 0.4214762 -0.7066802 0.3025145 0.6395952 -0.7066845 0.2383648 0.6661674 -0.7066848 0.4214714 0.5682998 -0.7066804 0.5217354 0.4728589 -0.710068 0.4876398 0.5122087 -0.7070005 0.5122087 0.4876398 -0.7070005 0.5242496 0.475147 -0.7066808 0.5242559 0.4751433 -0.7066786 0.2383481 0.6661778 -0.7066805 0.1719255 0.6863268 -0.7066804 0.3025147 0.6395956 -0.706684 0.3637426 0.6068683 -0.7066839 0.3637557 0.6068646 -0.7066804 0.4728588 0.5217354 -0.7100681 0.435097 0.5575299 -0.7070015 0.4619336 0.5355055 -0.7070016 0.4751486 0.5242513 -0.7066784 0.4751419 0.5242544 -0.7066807 0.1038244 0.6998725 -0.7066818 0.1719279 0.6863256 -0.706681 0.3024969 0.6396109 -0.7066779 0.3783487 0.5974925 -0.7070043 0.4072292 0.5781951 -0.7070041 0.4194496 0.565564 -0.71007 0.4214771 0.5682979 -0.7066786 0.4214714 0.5682998 -0.7066804 0.03470849 0.7066836 -0.7066778 0.103808 0.6998787 -0.706678 0.2383648 0.6661747 -0.7066777 0.2383475 0.6661761 -0.7066823 0.3637455 0.6068711 -0.7066801 0.3179657 0.6316992 -0.7070035 0.3485872 0.6153316 -0.7070037 0.3637578 0.6068681 -0.7066762 0.3619956 0.6039516 -0.7100715 0.1719123 0.6863291 -0.7066814 0.1719289 0.6863294 -0.7066771 0.2545166 0.6598304 -0.7069973 0.286585 0.6465476 -0.7069974 0.3025205 0.6396009 -0.7066768 0.2383625 0.6661682 -0.7066847 0.3010646 0.6365227 -0.7100697 0.3024938 0.6396044 -0.7066851 0.0347088 0.7066807 -0.7066807 0.1038326 0.6998756 -0.7066774 0.03473696 0.7066759 -0.7066842 0.1038071 0.6998726 -0.7066841 0.1886392 0.6815909 -0.7070001 0.2218424 0.6715186 -0.7069998 0.2372065 0.6629771 -0.7100665 0.1719126 0.6863303 -0.7066801 0.2383513 0.6661767 -0.7066804 0.1208926 0.6968021 -0.707002 0.1549459 0.6900286 -0.7070023 0.171916 0.6863282 -0.7066813 0.1710892 0.6830272 -0.710072 0.0172229 0.7010703 -0.712884 0.05202557 0.7052997 -0.7069977 0.0865692 0.7018976 -0.7069976 0.1033225 0.6965118 -0.7100675 0.1038325 0.6998748 -0.7066781 0.1038211 0.699873 -0.7066817 0.03472218 0.7066823 -0.7066784 0.7071068 0 -0.7071068 0.7071068 0 -0.7071068 0.1667796 0.6747488 -0.7189565 0.3157594 0.6151292 -0.7224348 0.347795 0.5855021 -0.7322745 0.2117231 0.6396051 -0.7389714 0.275537 0.6372579 -0.7197095 0.2308438 0.6458865 -0.7276962 0.293551 0.6238995 -0.724277 0.4101959 0.6049732 -0.6824563 -0.05361809 0.6715156 -0.7390479 0.004466919 0.6959584 -0.7180681 0.04740568 0.6997083 -0.7128541 0.08353083 0.6874266 -0.7214342 0.1109219 0.6628267 -0.7405114 0.09961203 0.681331 -0.7251658 0.3616889 0.6313093 -0.6860246 0.2867092 0.6324588 -0.7195788 0.2221425 0.6651413 -0.7129093 0.1802141 0.718776 -0.6714789 0.2008506 0.6638755 -0.7203669 0.3014675 0.6218019 -0.7228277 0.2166528 0.6693428 -0.710663 -0.02977096 0.700829 -0.7127078 -0.002353315 0.7105638 -0.7036288 0.1026876 0.6831266 -0.7230444 0.1089422 0.6969239 -0.7088221 0.1140641 0.7104082 -0.6944851 0.0401893 0.7010906 -0.7119386 0.08963637 0.7019939 -0.7065196 -0.03681576 0.7130397 -0.7001565 -0.1034876 0.7575602 -0.6445097 -0.08348027 0.7258486 -0.6827701 0.0774072 0.6905256 -0.7191541 0.01812117 0.7101956 -0.7037712 0.04335261 0.7731784 -0.632705 0.4170097 0.5618353 -0.7144536 0.3997048 0.5666197 -0.7205402 0.4340204 0.5255697 -0.7317122 0.3421378 0.6019306 -0.7215409 0.3309712 0.6056716 -0.723616 0.2281187 0.6547601 -0.7205907 0.2248547 0.6490438 -0.7267617 0.2136798 0.6641876 -0.7163768 0.2943892 0.6252132 -0.7228024 0.3226458 0.599575 -0.7323998 0.328997 0.6087087 -0.7219657 0.4795045 0.5040374 -0.7183466 0.4492434 0.5388486 -0.7126167 0.5261809 0.3562995 -0.7721297 0.5719963 0.3411176 -0.7459618 0.6073816 0.3196963 -0.7272426 0.6302739 0.2994692 -0.7162912 0.6538346 0.2693972 -0.7070541 0.6694904 0.2267198 -0.7073759 0.7348921 0.1355279 -0.6645042 0.7052712 0.1712712 -0.6879382 0.671734 0.2204309 -0.7072366 0.647603 0.2849209 -0.706704 0.6764081 0.1838976 -0.7131996 0.6920635 0.151761 -0.705703 0.6946342 0.1151009 -0.7100952 0.6701244 0.06697334 -0.7392212 0.6208492 0.02099111 -0.7836489 0.7050783 0.07569176 -0.7050783 0.7222601 0.03343881 -0.6908128 0.7063206 0.08718047 -0.7025033 0.6792625 0.1985615 -0.7065238 0.67159 0.1876011 -0.7167794 0.67826 0.1874486 -0.7105113 0.5564322 0.4217293 -0.7159104 0.6202579 0.3364004 -0.7086006 0.5962074 0.3789033 -0.7077917 0.6425868 0.3179995 -0.6971072 0.6383988 0.3069302 -0.7058618 0.6360114 0.332263 -0.6964846 0.507409 0.480191 -0.7155086 0.5343521 0.4561608 -0.7116074 0.5518735 0.4216491 -0.7194774 0.526707 0.4995892 -0.6877429 0.5895147 0.411063 -0.6953415 0.5834025 0.3982815 -0.707823 0.5176541 0.4723587 -0.7133803 -0.1900003 0.719128 -0.6683973 -0.2263363 0.7064603 -0.6705862 -0.2581841 0.7076411 -0.6577119 -0.2085445 0.7067238 -0.6760552 -0.2586506 0.7063626 -0.6589019 -0.2259908 0.707544 -0.6695594 -0.1968042 0.6942198 -0.6923344 -0.2904676 0.7060164 -0.6458865 -0.3204038 0.7083771 -0.6289223 -0.3216544 0.7056199 -0.6313786 -0.28966 0.7079845 -0.6440924 -0.2678902 0.7134093 -0.6475199 -0.2727794 0.7006178 -0.6593376 -0.3518928 0.7056707 -0.61498 -0.3794228 0.709208 -0.5941907 -0.3270007 0.7132066 -0.6200055 -0.3327839 0.7008072 -0.6309707 -0.3818083 0.7047764 -0.5979236 -0.3505752 0.7083271 -0.6126744 -0.410008 0.7054212 -0.5781646 -0.4346702 0.7101296 -0.5538751 -0.3898237 0.7010937 -0.5970804 -0.4385558 0.7038335 -0.5588267 -0.4081832 0.7085736 -0.5755953 -0.38337 0.7129018 -0.5871954 -0.4365373 0.7124953 -0.5493501 -0.4642276 0.7052741 -0.5357995 -0.4856159 0.7111496 -0.5083733 -0.4913942 0.7027813 -0.5144221 -0.4619732 0.7087184 -0.5331969 -0.4433933 0.7014721 -0.5579779 -0.5140263 0.705223 -0.4883006 -0.5114571 0.7087691 -0.4858578 -0.4860561 0.7119846 -0.5067815 -0.4930016 0.7019471 -0.5140232 -0.5326174 0.7111488 -0.4588966 -0.55891 0.7052734 -0.4361297 -0.5561926 0.7087188 -0.4340131 -0.5389528 0.7027821 -0.4643567 -0.5310485 0.7119848 -0.4594183 -0.5386367 0.7019476 -0.465983 -0.5754423 0.710131 -0.4056847 -0.5984358 0.7054224 -0.3798077 -0.595777 0.7085726 -0.37812 -0.5805902 0.7038329 -0.4093096 -0.5710226 0.7124949 -0.4077797 -0.5799907 0.7014716 -0.414184 -0.6128758 0.7092055 -0.3484404 -0.6322226 0.7056689 -0.3198846 -0.6298499 0.708329 -0.3186834 -0.6167225 0.704779 -0.3506281 -0.6060873 0.7129022 -0.3527444 -0.6162912 0.701093 -0.3586832 -0.6445321 0.7083766 -0.2877165 -0.6599355 0.7060165 -0.2569549 -0.6581023 0.707985 -0.2562394 -0.6470479 0.7056207 -0.2888396 -0.6359653 0.7132064 -0.2947623 -0.6472116 0.7008084 -0.2999748 -0.6700885 0.7076431 -0.2241041 -0.6813139 0.706462 -0.1916321 -0.677265 0.7191262 -0.1554661 -0.7015185 0.6942199 -0.1610296 -0.6802709 0.7075439 -0.1913454 -0.6713035 0.7063626 -0.2245076 -0.6858624 0.7067243 -0.1735898 -0.6604086 0.7134107 -0.2343194 -0.6724634 0.7006173 -0.2385965 -0.6854877 0.7066841 -0.175226 -0.6651023 0.7066845 -0.2413214 -0.6650935 0.706688 -0.2413353 -0.6383513 0.7066851 -0.3051289 -0.638344 0.7066877 -0.3051384 -0.6854877 0.7066841 -0.1752261 -0.6854873 0.7066842 -0.1752271 -0.6054949 0.7066855 -0.3660214 -0.6054959 0.7066851 -0.3660204 -0.6651002 0.7066843 -0.2413276 -0.6651041 0.7066825 -0.241322 -0.5668544 0.7066842 -0.423407 -0.5668516 0.706685 -0.4234094 -0.638346 0.7066827 -0.3051459 -0.6383499 0.7066812 -0.3051413 -0.6704958 0.7070014 -0.2249099 -0.680696 0.7070014 -0.1918386 -0.683516 0.7128435 -0.1570349 -0.6854874 0.7066844 -0.175226 -0.5227941 0.7066875 -0.4767379 -0.5228059 0.7066844 -0.4767296 -0.605499 0.7066814 -0.3660222 -0.6054997 0.7066812 -0.3660215 -0.6650978 0.7066846 -0.2413332 -0.645327 0.7070003 -0.2893159 -0.6587065 0.7070003 -0.2574033 -0.661927 0.7100457 -0.2401827 -0.6651017 0.7066827 -0.2413282 -0.4737429 0.706685 -0.525513 -0.4737345 0.7066871 -0.5255178 -0.56686 0.7066818 -0.4234037 -0.5668522 0.7066843 -0.4234098 -0.6353058 0.7100452 -0.3036815 -0.6383501 0.706683 -0.3051367 -0.6139994 0.7069981 -0.3509395 -0.6304162 0.7069979 -0.3205144 -0.6383429 0.7066861 -0.3051444 -0.4201545 0.7066843 -0.5692692 -0.4201515 0.7066851 -0.5692706 -0.5228075 0.7066823 -0.476731 -0.5228012 0.7066842 -0.4767351 -0.5767755 0.7070026 -0.40924 -0.596104 0.7070026 -0.3805356 -0.6054962 0.7066854 -0.3660194 -0.6054951 0.7066858 -0.3660203 -0.6026083 0.7100471 -0.3642753 -0.3625437 0.7066842 -0.607585 -0.3625464 0.7066836 -0.6075841 -0.3014738 0.7066834 -0.6400875 -0.473733 0.7066824 -0.5255255 -0.4737388 0.7066806 -0.5255226 -0.5340555 0.7070014 -0.4636094 -0.5560856 0.7070015 -0.4369412 -0.5228012 0.7066842 -0.4767351 -0.5668581 0.7066841 -0.4234023 -0.5668552 0.7066852 -0.4234044 -0.5641516 0.7100477 -0.4213849 -0.2375306 0.7066843 -0.6664658 -0.3014767 0.7066842 -0.6400853 -0.4201609 0.706681 -0.5692687 -0.4201525 0.7066833 -0.569272 -0.4862311 0.7070011 -0.5135455 -0.5107604 0.7070009 -0.489156 -0.5228 0.7066834 -0.4767375 -0.520306 0.7100466 -0.4744633 -0.2375305 0.7066843 -0.6664658 -0.301477 0.7066835 -0.6400859 -0.362546 0.706683 -0.6075849 -0.362544 0.7066836 -0.6075855 -0.433751 0.7070025 -0.5585763 -0.4605404 0.7070026 -0.5367029 -0.4714755 0.7100486 -0.5230122 -0.473731 0.7066854 -0.5255232 -0.4737367 0.7066835 -0.5255206 -0.1713024 0.7066837 -0.6864792 -0.1712996 0.7066842 -0.6864792 -0.3014789 0.7066841 -0.6400843 -0.3771245 0.7070017 -0.5982689 -0.4059165 0.707002 -0.5791202 -0.4201609 0.706681 -0.5692686 -0.4201485 0.7066849 -0.5692729 -0.4181432 0.7100497 -0.5665559 -0.1034419 0.7066835 -0.6999273 -0.03458751 0.7066837 -0.7066838 -0.10344 0.7066839 -0.6999271 -0.2375265 0.7066842 -0.6664673 -0.237531 0.706683 -0.6664669 -0.3169038 0.707001 -0.6322353 -0.3474311 0.7070009 -0.6159881 -0.3625458 0.7066836 -0.6075844 -0.3625521 0.7066816 -0.607583 -0.3608213 0.7100473 -0.6046824 -0.1712997 0.7066838 -0.6864797 -0.1713025 0.706683 -0.6864798 -0.2375265 0.7066842 -0.6664672 -0.2536372 0.7070003 -0.6601657 -0.2856043 0.7070004 -0.6469781 -0.3000418 0.7100485 -0.6370291 -0.3014789 0.7066841 -0.6400843 -0.3014807 0.7066836 -0.6400841 -0.03459165 0.7066836 -0.7066836 -0.03458203 0.7066825 -0.7066853 -0.1034401 0.706683 -0.699928 -0.1034388 0.7066833 -0.6999279 -0.1879532 0.7070017 -0.6817786 -0.2210608 0.7070017 -0.6717743 -0.236389 0.7100475 -0.6632894 -0.2375226 0.7066827 -0.6664702 -0.1204789 0.7070001 -0.6968757 -0.15439 0.7069999 -0.6901556 -0.1713023 0.7066837 -0.6864792 -0.1704867 0.7100482 -0.6832027 -0.1713044 0.7066831 -0.6864793 -0.01715028 0.7128466 -0.7011101 -0.0518363 0.707001 -0.7053102 -0.08624881 0.7070011 -0.7019334 -0.1029441 0.7100487 -0.6965869 -0.03459094 0.7066838 -0.7066836 -0.1034388 0.7066836 -0.6999277 -0.1034378 0.7066839 -0.6999275 0 0.7071068 -0.7071068 0 0.7071068 -0.7071068 -0.7070006 0.01735515 -0.707 -0.7070003 0.01735593 -0.7070003 -0.7052995 0.05202429 -0.7069981 -0.7052971 0.05202892 -0.707 -0.7018921 0.08657604 -0.7070021 -0.7018974 0.08656674 -0.7069981 -0.6968035 0.1209021 -0.7069989 -0.6967993 0.1209089 -0.7070019 -0.690029 0.1549525 -0.7070005 -0.6900312 0.1549493 -0.7069991 -0.6815947 0.1886251 -0.7070001 -0.6815941 0.1886258 -0.7070004 -0.6715199 0.2218378 -0.707 -0.6715198 0.221838 -0.7070002 -0.6598264 0.2545193 -0.7070001 -0.6598246 0.2545212 -0.7070011 -0.6465402 0.2865925 -0.7070011 -0.6465402 0.2865924 -0.707001 -0.6316981 0.3179733 -0.707001 -0.6317002 0.3179714 -0.7069999 -0.6153364 0.3485862 -0.707 -0.6153365 0.348586 -0.7069998 -0.597495 0.3783529 -0.707 -0.597491 0.3783557 -0.7070017 -0.5782064 0.4072198 -0.7070002 -0.5782033 0.4072219 -0.7070016 -0.5575284 0.4351009 -0.7070003 -0.5575292 0.4351004 -0.7069999 -0.5355089 0.4619316 -0.7070002 -0.5355098 0.4619312 -0.7069999 -0.5121965 0.487653 -0.7070002 -0.5121964 0.487653 -0.7070002 -0.4876527 0.5121962 -0.7070007 -0.4876539 0.5121957 -0.7070001 -0.4619328 0.5355084 -0.7069999 -0.461931 0.535509 -0.7070007 -0.4351006 0.5575297 -0.7069994 -0.4350993 0.55753 -0.7069999 -0.4072189 0.5782068 -0.7070004 -0.4072213 0.5782062 -0.7069995 -0.3783591 0.5974912 -0.7069997 -0.3783573 0.5974916 -0.7070004 -0.3485844 0.6153367 -0.7070006 -0.3485864 0.6153364 -0.7069998 -0.3179697 0.6317002 -0.7070007 -0.3179703 0.6317002 -0.7070005 -0.2865907 0.646542 -0.7070003 -0.2865896 0.646542 -0.7070007 -0.2545229 0.6598244 -0.7070006 -0.2545238 0.6598244 -0.7070002 -0.2218406 0.6715191 -0.7069999 -0.2218388 0.671519 -0.7070006 -0.1886222 0.6815954 -0.7070002 -0.188623 0.6815956 -0.707 -0.1549512 0.6900294 -0.7070004 -0.1549518 0.6900295 -0.7070002 -0.1209069 0.6968014 -0.7070002 -0.1209066 0.6968013 -0.7070004 -0.08657055 0.7018947 -0.7070003 -0.08657045 0.7018947 -0.7070003 -0.05202583 0.7052971 -0.7070003 -0.05202592 0.7052971 -0.7070003 -0.01735595 0.7070003 -0.7070003 -0.01735589 0.7070003 -0.7070003 -0.7071068 0 -0.7071068 -0.7071068 -0 -0.7071068 -0.03471397 0.7066806 -0.7066806 -0.01756089 0.7155656 -0.6983249 -0.05203235 0.7052946 -0.7070022 -0.08656864 0.7018933 -0.7070019 -0.1209037 0.6968038 -0.7069983 -0.1549467 0.6900326 -0.7069983 -0.1043853 0.703678 -0.7028095 -0.08656879 0.7018943 -0.707001 -0.05202538 0.7052963 -0.707001 -0.01712645 0.6976973 -0.7161879 -0.03472043 0.706682 -0.7066789 -0.1886209 0.6816 -0.7069961 -0.2218657 0.6715153 -0.7069957 -0.1728515 0.6900623 -0.7028061 -0.1038205 0.6998706 -0.7066841 -0.1549598 0.6900291 -0.7069988 -0.1209064 0.696803 -0.7069988 -0.1038121 0.6998766 -0.7066793 -0.1030644 0.6948359 -0.7117449 -0.2545197 0.6598239 -0.7070021 -0.2865761 0.646546 -0.7070025 -0.2396538 0.6697928 -0.7028112 -0.1706823 0.6813886 -0.7117423 -0.1719187 0.6863246 -0.7066842 -0.221842 0.6715171 -0.7070013 -0.1886134 0.6815969 -0.7070011 -0.1719159 0.686327 -0.7066825 -0.3179745 0.6316983 -0.7070003 -0.3485969 0.6153305 -0.7069998 -0.304152 0.6430802 -0.7028081 -0.2865962 0.646542 -0.7069979 -0.2545281 0.6598248 -0.7069983 -0.2383583 0.6661722 -0.7066823 -0.2383588 0.6661716 -0.7066827 -0.2366432 0.6613766 -0.7117451 -0.3783535 0.5974948 -0.7069998 -0.4072239 0.5782043 -0.7069997 -0.3657244 0.6101657 -0.7028112 -0.3025074 0.6396031 -0.7066804 -0.3003339 0.634998 -0.7117423 -0.3485787 0.6153411 -0.7069995 -0.3179676 0.631703 -0.7069992 -0.3025102 0.6395994 -0.7066825 -0.4350839 0.5575406 -0.7070011 -0.4619293 0.5355096 -0.7070013 -0.4237582 0.5713875 -0.7028124 -0.3611229 0.6025019 -0.7117456 -0.4214666 0.5682976 -0.706685 -0.4072231 0.578206 -0.7069987 -0.3783613 0.5974907 -0.7069988 -0.3637464 0.6068655 -0.7066844 -0.3637422 0.6068721 -0.7066809 -0.4876581 0.5121903 -0.707001 -0.5121996 0.4876486 -0.7070009 -0.4777352 0.5270948 -0.7028089 -0.4184417 0.5642075 -0.7117419 -0.4214742 0.5682963 -0.7066815 -0.4619366 0.5355089 -0.7069971 -0.4350997 0.5575333 -0.706997 -0.5355119 0.4619313 -0.7069982 -0.557529 0.4351035 -0.7069981 -0.5271031 0.477726 -0.7028089 -0.5121959 0.4876539 -0.707 -0.4876474 0.5122023 -0.707 -0.4717329 0.5204722 -0.7117421 -0.4751518 0.5242445 -0.7066814 -0.4751518 0.5242444 -0.7066814 -0.5782057 0.4072118 -0.7070055 -0.5974762 0.3783717 -0.7070057 -0.5713757 0.4237783 -0.70281 -0.5242503 0.4751405 -0.7066847 -0.5242482 0.4751478 -0.7066812 -0.5575314 0.4350981 -0.7069995 -0.5355126 0.461928 -0.7069999 -0.520473 0.4717261 -0.711746 -0.610176 0.365714 -0.7028076 -0.6153417 0.3485825 -0.706997 -0.631709 0.3179615 -0.7069965 -0.5974924 0.3783486 -0.7070043 -0.578195 0.4072291 -0.7070042 -0.5682938 0.4214723 -0.7066848 -0.5682908 0.4214903 -0.7066764 -0.5642055 0.4184403 -0.7117442 -0.646543 0.2865829 -0.7070023 -0.6598216 0.2545259 -0.7070022 -0.6430779 0.3041552 -0.7028089 -0.6024991 0.3611256 -0.7117466 -0.6316985 0.3179724 -0.7070011 -0.6153372 0.3485825 -0.707001 -0.6068745 0.3637353 -0.7066824 -0.6068737 0.3637477 -0.7066767 -0.6715142 0.2218349 -0.7070062 -0.6815856 0.1886351 -0.7070063 -0.6697881 0.2396633 -0.7028125 -0.6598269 0.2545153 -0.7070011 -0.6465418 0.2865885 -0.7070012 -0.6661697 0.2383686 -0.7066812 -0.6396011 0.3025108 -0.7066808 -0.6396009 0.3025074 -0.7066824 -0.6349953 0.3003291 -0.7117468 -0.6900566 0.1728501 -0.7028121 -0.6900268 0.1549272 -0.7070081 -0.6967908 0.1209229 -0.7070081 -0.6613774 0.2366461 -0.7117433 -0.6815943 0.1886363 -0.7069975 -0.6715221 0.2218391 -0.7069976 -0.6863317 0.1719172 -0.7066776 -0.6661757 0.238363 -0.7066774 -0.7036765 0.1043768 -0.7028121 -0.7018947 0.08658718 -0.7069982 -0.7053016 0.05199615 -0.7069979 -0.715556 0.01757924 -0.6983342 -0.6968056 0.1208956 -0.7069979 -0.6900327 0.1549468 -0.7069981 -0.6863294 0.1719199 -0.7066793 -0.6813858 0.1706816 -0.7117453 -0.6998767 0.1038121 -0.7066792 -0.6948398 0.103065 -0.7117409 -0.6998771 0.1038133 -0.7066787 -0.7066805 0.03471746 -0.7066805 -0.6977047 0.01714055 -0.7161804 -0.7053005 0.0520246 -0.706997 -0.7018982 0.08656927 -0.7069969 -0.706683 0.03470895 -0.7066784 0 0.7071068 -0.7071068 0 0.7071068 -0.7071068 0.7066806 0.03471356 -0.7066806 0.715556 0.01757924 -0.6983342 0.7053016 0.05199615 -0.7069979 0.7018947 0.08658718 -0.7069982 0.6967908 0.1209229 -0.7070081 0.6900268 0.1549272 -0.7070081 0.7036765 0.1043768 -0.702812 0.7018982 0.08656927 -0.7069969 0.7053005 0.0520246 -0.706997 0.6977047 0.01714055 -0.7161804 0.7066821 0.03472077 -0.7066787 0.6815856 0.1886351 -0.7070063 0.6715142 0.2218349 -0.7070062 0.6900566 0.1728501 -0.702812 0.6998765 0.1038131 -0.7066793 0.6900327 0.1549468 -0.7069981 0.6968056 0.1208956 -0.7069979 0.6998773 0.1038122 -0.7066788 0.6948398 0.103065 -0.7117409 0.6598216 0.2545259 -0.7070022 0.646543 0.2865829 -0.7070023 0.6697881 0.2396633 -0.7028125 0.6813858 0.1706816 -0.7117453 0.6863294 0.1719199 -0.7066793 0.6715221 0.2218391 -0.7069976 0.6815943 0.1886363 -0.7069975 0.6661733 0.2383699 -0.7066773 0.6863317 0.1719172 -0.7066776 0.631709 0.3179615 -0.7069965 0.6153417 0.3485825 -0.706997 0.6430779 0.3041552 -0.702809 0.6661723 0.2383618 -0.706681 0.6465418 0.2865885 -0.7070012 0.6598269 0.2545153 -0.7070011 0.6613774 0.2366461 -0.7117433 0.5974762 0.3783717 -0.7070057 0.5782057 0.4072118 -0.7070055 0.610176 0.365714 -0.7028076 0.6395995 0.30251 -0.7066824 0.6349953 0.3003291 -0.7117468 0.6153372 0.3485825 -0.707001 0.6316985 0.3179724 -0.7070011 0.6068745 0.3637353 -0.7066824 0.6396022 0.302508 -0.7066808 0.557529 0.4351035 -0.7069981 0.5355119 0.4619313 -0.7069982 0.5713757 0.4237783 -0.70281 0.6068736 0.3637477 -0.7066767 0.578195 0.4072291 -0.7070042 0.5974924 0.3783486 -0.7070043 0.6024991 0.3611256 -0.7117466 0.5121996 0.4876486 -0.7070009 0.4876581 0.5121903 -0.707001 0.527103 0.477726 -0.7028088 0.5683001 0.421477 -0.7066768 0.5682838 0.4214851 -0.7066852 0.5355126 0.461928 -0.7069999 0.5575314 0.4350981 -0.7069995 0.5642055 0.4184403 -0.7117442 0.4619293 0.5355096 -0.7070013 0.4350839 0.5575406 -0.7070011 0.4777352 0.5270948 -0.7028088 0.5242458 0.4751455 -0.7066845 0.520473 0.4717261 -0.711746 0.4876474 0.5122023 -0.707 0.5121959 0.4876539 -0.707 0.524253 0.4751429 -0.7066811 0.4072239 0.5782043 -0.7069997 0.3783535 0.5974948 -0.7069998 0.4237582 0.5713875 -0.7028124 0.4350997 0.5575333 -0.706997 0.4619366 0.5355089 -0.7069971 0.4717329 0.5204722 -0.7117421 0.4751518 0.5242444 -0.7066813 0.4751517 0.5242445 -0.7066814 0.3485969 0.6153305 -0.7069998 0.3179745 0.6316983 -0.7070003 0.3657244 0.6101657 -0.7028112 0.4184417 0.5642075 -0.7117419 0.4214666 0.5682976 -0.706685 0.3783613 0.5974907 -0.7069988 0.4072231 0.578206 -0.7069987 0.4214742 0.5682963 -0.7066815 0.3637464 0.6068655 -0.7066844 0.2865761 0.646546 -0.7070025 0.2545197 0.6598239 -0.7070021 0.304152 0.6430803 -0.7028081 0.3611229 0.6025019 -0.7117456 0.3179676 0.631703 -0.7069992 0.3485787 0.6153411 -0.7069995 0.3637422 0.6068721 -0.7066809 0.2396538 0.6697928 -0.7028112 0.2218657 0.6715153 -0.7069957 0.1886209 0.6816 -0.7069961 0.2545281 0.6598248 -0.7069983 0.2865962 0.646542 -0.7069979 0.3025111 0.6396013 -0.7066805 0.3025064 0.6396011 -0.7066826 0.3003339 0.634998 -0.7117423 0.1549467 0.6900326 -0.7069983 0.1209037 0.6968038 -0.7069983 0.1728516 0.6900623 -0.7028061 0.1719159 0.686327 -0.7066825 0.1886134 0.6815969 -0.7070011 0.221842 0.6715171 -0.7070013 0.2383582 0.6661718 -0.7066827 0.238359 0.666172 -0.7066823 0.2366432 0.6613766 -0.7117451 0.08656864 0.7018933 -0.7070019 0.05203235 0.7052946 -0.7070022 0.01756089 0.7155656 -0.6983249 0.1043853 0.7036779 -0.7028094 0.1719187 0.6863246 -0.7066842 0.1038205 0.6998706 -0.7066841 0.1209064 0.696803 -0.7069988 0.1549598 0.6900291 -0.7069988 0.1706823 0.6813886 -0.7117423 0.1038121 0.6998766 -0.7066794 0.1030644 0.6948359 -0.7117449 0.03471746 0.7066805 -0.7066805 0.01712645 0.6976973 -0.7161879 0.05202538 0.7052963 -0.707001 0.08656879 0.7018943 -0.707001 0.03470984 0.7066828 -0.7066786 0.7071068 0 -0.7071068 0.7071068 0 -0.7071068 0.03471809 -0.7066805 -0.7066805 0.01757017 -0.7155629 -0.6983272 0.05202343 -0.7052974 -0.7070001 0.08656888 -0.7018952 -0.7069998 0.1209033 -0.6968019 -0.7070004 0.1549551 -0.6900287 -0.7070001 0.1043772 -0.7036791 -0.7028095 0.08657578 -0.7018955 -0.7069988 0.05202545 -0.7052983 -0.7069991 0.01712658 -0.6976993 -0.7161859 0.03470999 -0.7066787 -0.7066826 0.1886204 -0.6815981 -0.7069981 0.2218485 -0.6715187 -0.7069979 0.1728547 -0.6900585 -0.702809 0.1038131 -0.699876 -0.7066799 0.1549527 -0.6900285 -0.7070009 0.1208995 -0.6968022 -0.7070007 0.1038189 -0.6998718 -0.7066832 0.103072 -0.6948368 -0.7117429 0.2545197 -0.6598239 -0.7070021 0.2865839 -0.6465427 -0.7070024 0.2396504 -0.669795 -0.7028102 0.170678 -0.6813866 -0.7117452 0.1719161 -0.6863292 -0.7066803 0.2218426 -0.6715189 -0.7069994 0.1886266 -0.6815951 -0.7069994 0.1719197 -0.686326 -0.7066826 0.3179753 -0.6316999 -0.7069985 0.3485977 -0.6153319 -0.706998 0.3041587 -0.6430771 -0.7028081 0.302514 -0.6395997 -0.7066806 0.2865905 -0.6465445 -0.7069981 0.2545223 -0.6598272 -0.7069982 0.2383553 -0.6661754 -0.7066803 0.2383588 -0.6661716 -0.7066827 0.2366438 -0.6613783 -0.7117432 0.3783479 -0.5975003 -0.706998 0.4072309 -0.5782014 -0.7069979 0.3657218 -0.6101682 -0.7028103 0.3003331 -0.6349964 -0.7117441 0.3485884 -0.6153337 -0.707001 0.3179668 -0.6317014 -0.707001 0.3025103 -0.6395996 -0.7066823 0.4350839 -0.5575406 -0.7070011 0.4619346 -0.5355051 -0.7070011 0.4237582 -0.5713875 -0.7028124 0.3637414 -0.6068707 -0.7066826 0.4214666 -0.5682976 -0.706685 0.4072231 -0.578206 -0.7069987 0.3783565 -0.597494 -0.7069989 0.3637434 -0.6068674 -0.7066844 0.3611237 -0.6025034 -0.7117438 0.4876486 -0.5121996 -0.7070009 0.5121996 -0.4876486 -0.7070009 0.4777313 -0.5270952 -0.7028111 0.4184437 -0.5642051 -0.7117426 0.4214775 -0.5682958 -0.7066799 0.4619395 -0.5355043 -0.7069986 0.4350987 -0.5575321 -0.7069986 0.5355147 -0.4619258 -0.7069996 0.557528 -0.4351027 -0.7069994 0.5271031 -0.477726 -0.7028089 0.4751486 -0.5242491 -0.7066801 0.5122003 -0.4876514 -0.7069985 0.4876449 -0.5122069 -0.7069983 0.4717298 -0.520477 -0.7117407 0.4751495 -0.5242466 -0.7066813 0.5782066 -0.4072125 -0.7070044 0.5974771 -0.3783723 -0.7070045 0.5713786 -0.4237743 -0.7028099 0.5242482 -0.4751478 -0.7066812 0.5242503 -0.4751405 -0.7066847 0.5575307 -0.435103 -0.7069972 0.5355146 -0.4619297 -0.7069972 0.5682868 -0.4214812 -0.7066851 0.520475 -0.471728 -0.7117433 0.6153405 -0.348587 -0.706996 0.6317118 -0.3179583 -0.7069956 0.6101753 -0.3657161 -0.7028071 0.5642074 -0.4184389 -0.7117437 0.5974913 -0.3783523 -0.7070034 0.5781982 -0.4072266 -0.7070031 0.5683005 -0.4214745 -0.706678 0.6465423 -0.2865866 -0.7070015 0.6598235 -0.2545231 -0.7070014 0.6430779 -0.3041552 -0.7028089 0.6068728 -0.3637471 -0.7066777 0.6316991 -0.3179692 -0.7070019 0.6153347 -0.348585 -0.7070019 0.6068735 -0.3637371 -0.7066824 0.6024991 -0.3611256 -0.7117466 0.6715149 -0.2218352 -0.7070057 0.6815854 -0.1886376 -0.7070059 0.6697889 -0.2396622 -0.7028121 0.6598282 -0.2545158 -0.7069996 0.6465443 -0.2865866 -0.7069996 0.6396003 -0.3025104 -0.7066817 0.6661695 -0.2383671 -0.7066819 0.6396002 -0.3025088 -0.7066824 0.634995 -0.3003307 -0.7117463 0.6900277 -0.1549274 -0.7070073 0.696792 -0.12092 -0.7070073 0.6900575 -0.1728504 -0.7028111 0.6661754 -0.2383615 -0.7066781 0.6863313 -0.171917 -0.7066781 0.6815944 -0.1886382 -0.706997 0.6715227 -0.2218392 -0.7069969 0.6613787 -0.2366452 -0.7117423 0.7036765 -0.1043768 -0.7028121 0.7018948 -0.08658832 -0.7069979 0.7053016 -0.05199683 -0.7069979 0.7155563 -0.01757902 -0.6983339 0.6863289 -0.1719198 -0.7066798 0.6813858 -0.1706816 -0.7117453 0.6968056 -0.1208956 -0.7069979 0.6900327 -0.1549468 -0.7069981 0.6998765 -0.1038115 -0.7066795 0.6948398 -0.1030644 -0.7117411 0.7066805 -0.03471765 -0.7066805 0.6977046 -0.01714055 -0.7161805 0.7053002 -0.05202407 -0.7069973 0.7018976 -0.08657005 -0.7069975 0.706683 -0.03470917 -0.7066784 0.6998771 -0.1038133 -0.7066787 0.7070005 -0.01735787 -0.707 0.7070002 -0.01735886 -0.7070002 0.01735511 -0.7070003 -0.7070003 0.01735647 -0.7070006 -0.7069999 0.7018959 -0.08658049 -0.7069979 0.7053 -0.05201888 -0.7069979 0.7052993 -0.05202675 -0.7069981 0.7018976 -0.08656482 -0.7069981 0.7052975 -0.0520229 -0.707 0.6900271 -0.1549559 -0.7070017 0.6968011 -0.1209006 -0.7070016 0.6968043 -0.1209131 -0.7069963 0.6900336 -0.1549514 -0.7069963 0.6906637 -0.1024485 -0.7158826 0.708352 -0.1050723 -0.6979952 0.6715198 -0.2218378 -0.7070001 0.6815969 -0.1886177 -0.707 0.6815963 -0.188619 -0.7070002 0.6715192 -0.2218385 -0.7070003 0.6772984 -0.1696558 -0.7158797 0.6946416 -0.1740001 -0.697995 0.6465408 -0.2865856 -0.7070034 0.6598191 -0.2545287 -0.7070035 0.6574053 -0.2352229 -0.715883 0.6742463 -0.2412487 -0.6979906 0.659825 -0.2545261 -0.7069989 0.6465445 -0.286588 -0.706999 0.6311801 -0.2985294 -0.7158853 0.6153387 -0.3485881 -0.7069969 0.6317034 -0.317972 -0.7069969 0.6316962 -0.3179742 -0.7070025 0.6153346 -0.3485846 -0.7070023 0.647352 -0.3061782 -0.6979902 0.5782062 -0.4072222 -0.7069991 0.5974936 -0.3783566 -0.7069991 0.5974922 -0.3783576 -0.7069998 0.5782072 -0.4072192 -0.7069999 0.6142263 -0.3681511 -0.6979904 0.5988845 -0.3589556 -0.7158828 0.5355073 -0.4619342 -0.7069998 0.557529 -0.4351006 -0.7069999 0.5575286 -0.4350999 -0.7070007 0.5355065 -0.4619337 -0.7070007 0.5608156 -0.4159302 -0.7158826 0.5751814 -0.4265846 -0.6979914 0.4876535 -0.5121953 -0.7070007 0.5121995 -0.4876493 -0.7070006 0.5305995 -0.4809051 -0.6979931 0.5173496 -0.4688961 -0.7158812 0.5122003 -0.4876485 -0.7070006 0.4876498 -0.5121989 -0.7070006 0.4350996 -0.5575277 -0.7070015 0.4619301 -0.5355084 -0.7070017 0.4619339 -0.5355097 -0.7069981 0.4809082 -0.5305988 -0.6979915 0.4351002 -0.5575315 -0.7069982 0.4688983 -0.517348 -0.7158809 0.3783588 -0.5974899 -0.707001 0.4072174 -0.5782072 -0.707001 0.4072222 -0.5782039 -0.7070009 0.3783547 -0.5974926 -0.7070009 0.4265827 -0.575182 -0.6979921 0.41593 -0.5608184 -0.7158805 0.3179706 -0.631698 -0.7070023 0.3485809 -0.6153364 -0.7070025 0.3681529 -0.6142235 -0.697992 0.3485855 -0.6153381 -0.7069986 0.3179739 -0.6317004 -0.7069988 0.358959 -0.5988845 -0.7158812 0.2545215 -0.6598271 -0.7069986 0.2865955 -0.6465417 -0.7069984 0.2865897 -0.6465419 -0.7070007 0.2545233 -0.6598243 -0.7070006 0.2985257 -0.6311843 -0.7158833 0.3061725 -0.6473523 -0.6979924 0.2352246 -0.6574051 -0.7158826 0.1886221 -0.6815944 -0.7070012 0.2218387 -0.6715184 -0.7070012 0.2218402 -0.6715192 -0.7069999 0.1886223 -0.6815957 -0.707 0.24125 -0.6742449 -0.6979915 0.173999 -0.6946441 -0.6979927 0.1209064 -0.6968018 -0.707 0.1549543 -0.6900293 -0.7069997 0.1696537 -0.6772965 -0.7158819 0.1549512 -0.6900302 -0.7069997 0.1209073 -0.6968021 -0.7069995 0.05202687 -0.7052965 -0.7070009 0.0865688 -0.7018943 -0.707001 0.1050746 -0.7083553 -0.6979915 0.1024504 -0.6906641 -0.715882 0.08657134 -0.7018946 -0.7070003 0.05202409 -0.7052971 -0.7070004 0.05202509 -0.7052976 -0.7069999 0.7071068 0 -0.7071068 0.7071068 0 -0.7071068 0.01735512 0.7070007 -0.707 0.01735646 0.7070003 -0.7070003 0.7070003 0.01735786 -0.7070003 0.7070005 0.01735887 -0.707 0.0865688 0.7018943 -0.7070009 0.05202687 0.7052965 -0.7070009 0.05202409 0.7052971 -0.7070004 0.08657134 0.7018946 -0.7070003 0.05202508 0.7052975 -0.7069999 0.1549543 0.6900293 -0.7069997 0.1209064 0.6968018 -0.7069999 0.1209073 0.6968021 -0.7069995 0.1549512 0.6900302 -0.7069997 0.1024504 0.6906641 -0.715882 0.1050746 0.7083553 -0.6979915 0.2218387 0.6715184 -0.7070012 0.1886221 0.6815944 -0.7070012 0.1886223 0.6815957 -0.7069999 0.2218402 0.6715192 -0.7069999 0.1696537 0.6772965 -0.7158819 0.173999 0.6946441 -0.6979927 0.2865955 0.6465417 -0.7069985 0.2545215 0.6598271 -0.7069986 0.2352246 0.6574051 -0.7158826 0.24125 0.6742449 -0.6979915 0.2545233 0.6598243 -0.7070006 0.2865897 0.6465419 -0.7070007 0.2985257 0.6311843 -0.7158833 0.3485809 0.6153364 -0.7070025 0.3179706 0.631698 -0.7070023 0.3179739 0.6317004 -0.7069988 0.3485855 0.6153382 -0.7069986 0.3061725 0.6473523 -0.6979924 0.4072174 0.5782073 -0.707001 0.3783588 0.5974899 -0.707001 0.3783547 0.5974926 -0.7070009 0.4072222 0.5782039 -0.7070009 0.3681529 0.6142235 -0.697992 0.358959 0.5988845 -0.7158812 0.4619301 0.5355084 -0.7070016 0.4350996 0.5575277 -0.7070015 0.4351002 0.5575315 -0.7069982 0.4619339 0.5355097 -0.7069981 0.41593 0.5608184 -0.7158805 0.4265827 0.5751819 -0.6979921 0.5121995 0.4876493 -0.7070006 0.4876535 0.5121953 -0.7070007 0.4809082 0.5305988 -0.6979915 0.4688983 0.517348 -0.7158809 0.4876498 0.5121989 -0.7070006 0.5122003 0.4876485 -0.7070006 0.557529 0.4351006 -0.7069999 0.5355073 0.4619342 -0.7069998 0.5355065 0.4619337 -0.7070007 0.5305995 0.4809051 -0.6979931 0.5575286 0.4350999 -0.7070007 0.5173496 0.4688961 -0.7158812 0.5974936 0.3783566 -0.7069991 0.5782062 0.4072222 -0.7069991 0.5782073 0.4072193 -0.7069999 0.5974921 0.3783575 -0.7069999 0.5751814 0.4265846 -0.6979914 0.5608156 0.4159302 -0.7158826 0.6317034 0.317972 -0.7069969 0.6153387 0.3485881 -0.7069969 0.6142263 0.3681511 -0.6979904 0.6153346 0.3485846 -0.7070023 0.6316962 0.3179742 -0.7070025 0.5988845 0.3589556 -0.7158828 0.6598191 0.2545287 -0.7070035 0.6465408 0.2865856 -0.7070034 0.6465445 0.286588 -0.706999 0.659825 0.2545261 -0.7069989 0.6311801 0.2985294 -0.7158853 0.647352 0.3061782 -0.6979902 0.6574053 0.2352229 -0.715883 0.6815969 0.1886177 -0.707 0.6715198 0.2218378 -0.7070001 0.6715192 0.2218385 -0.7070003 0.6815963 0.188619 -0.7070002 0.6742463 0.2412487 -0.6979906 0.6946416 0.1740001 -0.697995 0.6968011 0.1209006 -0.7070016 0.6900271 0.1549559 -0.7070016 0.6772984 0.1696558 -0.7158797 0.6900336 0.1549514 -0.7069963 0.6968042 0.1209131 -0.7069963 0.7053 0.05201888 -0.7069979 0.7018959 0.08658049 -0.7069979 0.708352 0.1050723 -0.6979952 0.6906637 0.1024485 -0.7158826 0.7018976 0.08656482 -0.7069981 0.7052993 0.05202675 -0.7069981 0.7052975 0.0520229 -0.707 0.7066806 0.03471376 -0.7066806 0.7155563 0.01757902 -0.6983339 0.7053016 0.05199683 -0.7069979 0.7018948 0.08658832 -0.7069979 0.696792 0.12092 -0.7070073 0.6900277 0.1549274 -0.7070073 0.7036765 0.1043768 -0.702812 0.7018976 0.08657005 -0.7069975 0.7053002 0.05202407 -0.7069973 0.6977046 0.01714055 -0.7161805 0.7066822 0.03472095 -0.7066787 0.6815854 0.1886376 -0.7070059 0.6715149 0.2218352 -0.7070057 0.6900575 0.1728504 -0.7028111 0.6998762 0.1038131 -0.7066796 0.6900327 0.1549468 -0.7069981 0.6968056 0.1208956 -0.7069979 0.6998773 0.1038117 -0.7066788 0.6948398 0.1030644 -0.7117411 0.6598235 0.2545231 -0.7070014 0.6465423 0.2865866 -0.7070015 0.6697889 0.2396622 -0.7028122 0.6813858 0.1706816 -0.7117453 0.6863289 0.1719198 -0.7066798 0.6715227 0.2218392 -0.7069969 0.6815944 0.1886382 -0.706997 0.6863313 0.171917 -0.7066781 0.6317118 0.3179583 -0.7069956 0.6153405 0.348587 -0.706996 0.6430779 0.3041552 -0.702809 0.6465443 0.2865866 -0.7069996 0.6598282 0.2545158 -0.7069996 0.6661695 0.2383671 -0.7066819 0.6661754 0.2383615 -0.7066781 0.6613787 0.2366452 -0.7117423 0.5974771 0.3783723 -0.7070045 0.5782066 0.4072125 -0.7070044 0.6101753 0.3657161 -0.7028071 0.6395995 0.30251 -0.7066824 0.634995 0.3003307 -0.7117463 0.6153347 0.348585 -0.7070019 0.6316991 0.3179692 -0.7070019 0.6396009 0.3025091 -0.7066817 0.557528 0.4351027 -0.7069994 0.5355147 0.4619258 -0.7069996 0.5713786 0.4237743 -0.7028099 0.6024991 0.3611256 -0.7117466 0.5781982 0.4072266 -0.7070031 0.5974913 0.3783523 -0.7070034 0.6068776 0.3637396 -0.7066776 0.606869 0.3637449 -0.7066821 0.5121996 0.4876486 -0.7070009 0.4876486 0.5121996 -0.7070009 0.527103 0.477726 -0.7028088 0.5642074 0.4184389 -0.7117437 0.5682868 0.4214812 -0.7066851 0.5683004 0.4214745 -0.706678 0.5355146 0.4619297 -0.7069972 0.5575307 0.435103 -0.7069972 0.4619346 0.5355051 -0.7070011 0.4350839 0.5575406 -0.7070011 0.4777313 0.5270952 -0.7028111 0.520475 0.471728 -0.7117434 0.4876449 0.5122069 -0.7069983 0.5122003 0.4876514 -0.7069985 0.524253 0.4751429 -0.7066811 0.5242458 0.4751455 -0.7066845 0.4237582 0.5713875 -0.7028124 0.4072309 0.5782014 -0.7069979 0.3783479 0.5975003 -0.706998 0.4350987 0.5575321 -0.7069986 0.4619395 0.5355043 -0.7069986 0.4717298 0.520477 -0.7117407 0.4751504 0.5242475 -0.7066799 0.4751478 0.5242482 -0.7066812 0.3485977 0.6153319 -0.706998 0.3179753 0.6316999 -0.7069985 0.3657218 0.6101682 -0.7028103 0.4214775 0.5682958 -0.7066799 0.4184437 0.5642051 -0.7117426 0.3783565 0.597494 -0.7069989 0.4072231 0.578206 -0.7069987 0.4214666 0.5682976 -0.706685 0.2865839 0.6465427 -0.7070024 0.2545197 0.6598239 -0.7070021 0.3041587 0.6430771 -0.7028081 0.3179668 0.6317014 -0.707001 0.3485884 0.6153337 -0.707001 0.3637443 0.6068689 -0.7066826 0.3637405 0.6068692 -0.7066843 0.3611237 0.6025034 -0.7117438 0.2218485 0.6715187 -0.7069979 0.1886204 0.6815981 -0.7069981 0.2396504 0.669795 -0.7028102 0.2545223 0.6598272 -0.7069982 0.2865905 0.6465445 -0.7069981 0.302514 0.6395997 -0.7066806 0.3025103 0.6395996 -0.7066823 0.3003331 0.6349964 -0.7117441 0.1549551 0.6900287 -0.7070001 0.1209033 0.6968019 -0.7070004 0.1728547 0.6900585 -0.702809 0.2383596 0.6661738 -0.7066804 0.1719197 0.686326 -0.7066826 0.1886266 0.6815951 -0.7069994 0.2218426 0.6715189 -0.7069994 0.2383545 0.666173 -0.7066827 0.2366438 0.6613783 -0.7117432 0.08656888 0.7018952 -0.7069998 0.05202343 0.7052974 -0.7070001 0.01757017 0.7155629 -0.6983272 0.1043772 0.7036791 -0.7028095 0.1719161 0.6863292 -0.7066804 0.170678 0.6813866 -0.7117452 0.1208995 0.6968022 -0.7070007 0.1549527 0.6900285 -0.7070009 0.1038193 0.6998748 -0.7066801 0.1038126 0.6998725 -0.7066833 0.103072 0.6948368 -0.7117429 0.03471372 0.7066807 -0.7066807 0.01712658 0.6976993 -0.7161859 0.05202545 0.7052983 -0.7069991 0.08657578 0.7018955 -0.7069988 0.03472334 0.7066777 -0.7066829 0.7071068 0 -0.7071068 0.7071068 0 -0.7071068 0.01756089 -0.7155656 -0.6983249 0.05203235 -0.7052946 -0.7070022 0.08656864 -0.7018933 -0.7070019 0.1209037 -0.6968038 -0.7069983 0.1549467 -0.6900326 -0.7069983 0.1043853 -0.703678 -0.7028095 0.03471746 -0.7066805 -0.7066805 0.08656879 -0.7018943 -0.707001 0.05202538 -0.7052963 -0.707001 0.01712645 -0.6976973 -0.7161879 0.03470984 -0.7066828 -0.7066786 0.1886209 -0.6816 -0.7069961 0.2218657 -0.6715153 -0.7069957 0.1728515 -0.6900623 -0.7028061 0.1038205 -0.6998706 -0.7066841 0.1549598 -0.6900291 -0.7069988 0.1209064 -0.696803 -0.7069988 0.1038121 -0.6998766 -0.7066793 0.1030644 -0.6948359 -0.7117449 0.2545197 -0.6598239 -0.7070021 0.2865761 -0.646546 -0.7070025 0.2396538 -0.6697928 -0.7028112 0.1706823 -0.6813886 -0.7117423 0.1719187 -0.6863246 -0.7066842 0.221842 -0.6715171 -0.7070013 0.1886134 -0.6815969 -0.7070011 0.1719159 -0.686327 -0.7066825 0.304152 -0.6430802 -0.7028081 0.3179745 -0.6316983 -0.7070003 0.3485969 -0.6153305 -0.7069998 0.2366432 -0.6613766 -0.7117451 0.2383588 -0.6661716 -0.7066827 0.2865962 -0.646542 -0.7069979 0.2545281 -0.6598248 -0.7069983 0.2383583 -0.6661722 -0.7066823 0.3783535 -0.5974948 -0.7069998 0.4072239 -0.5782043 -0.7069997 0.3657244 -0.6101657 -0.7028112 0.3003339 -0.634998 -0.7117423 0.3025102 -0.6395994 -0.7066825 0.3485787 -0.6153411 -0.7069995 0.3179676 -0.631703 -0.7069992 0.3025074 -0.6396031 -0.7066804 0.4237582 -0.5713875 -0.7028124 0.4350839 -0.5575406 -0.7070011 0.4619293 -0.5355096 -0.7070013 0.3611229 -0.6025019 -0.7117456 0.3637464 -0.6068655 -0.7066844 0.4072231 -0.578206 -0.7069987 0.3783613 -0.5974907 -0.7069988 0.3637422 -0.6068721 -0.7066809 0.4876581 -0.5121903 -0.707001 0.5121996 -0.4876486 -0.7070009 0.4777352 -0.5270948 -0.7028089 0.4184417 -0.5642075 -0.7117419 0.4214688 -0.5683005 -0.7066814 0.4619366 -0.5355089 -0.7069971 0.4350997 -0.5575333 -0.706997 0.4214722 -0.5682936 -0.7066848 0.5355119 -0.4619313 -0.7069982 0.557529 -0.4351035 -0.7069981 0.5271031 -0.477726 -0.7028089 0.4717329 -0.5204722 -0.7117421 0.4751518 -0.5242444 -0.7066814 0.5121959 -0.4876539 -0.707 0.524253 -0.4751429 -0.7066811 0.4876474 -0.5122023 -0.707 0.4751518 -0.5242445 -0.7066814 0.5782057 -0.4072118 -0.7070055 0.5974762 -0.3783717 -0.7070057 0.5713757 -0.4237783 -0.70281 0.5575314 -0.4350981 -0.7069995 0.5355126 -0.461928 -0.7069999 0.520473 -0.4717261 -0.711746 0.5242458 -0.4751455 -0.7066845 0.6153417 -0.3485825 -0.706997 0.631709 -0.3179615 -0.7069965 0.610176 -0.365714 -0.7028076 0.5682908 -0.4214903 -0.7066764 0.5974924 -0.3783486 -0.7070043 0.578195 -0.4072291 -0.7070042 0.5642055 -0.4184403 -0.7117442 0.5682938 -0.4214723 -0.7066848 0.646543 -0.2865829 -0.7070023 0.6598216 -0.2545259 -0.7070022 0.6430779 -0.3041552 -0.7028089 0.6024991 -0.3611256 -0.7117466 0.6316985 -0.3179724 -0.7070011 0.6153372 -0.3485825 -0.707001 0.6068745 -0.3637353 -0.7066824 0.6395995 -0.30251 -0.7066824 0.6068737 -0.3637477 -0.7066767 0.6715142 -0.2218349 -0.7070062 0.6815856 -0.1886351 -0.7070063 0.6697881 -0.2396633 -0.7028125 0.6598269 -0.2545153 -0.7070011 0.6465418 -0.2865885 -0.7070012 0.6349953 -0.3003291 -0.7117468 0.6396022 -0.302508 -0.7066808 0.6900268 -0.1549272 -0.7070081 0.6967908 -0.1209229 -0.7070081 0.6900566 -0.1728501 -0.7028121 0.6661723 -0.2383618 -0.706681 0.6613774 -0.2366461 -0.7117433 0.6815943 -0.1886363 -0.7069975 0.6715221 -0.2218391 -0.7069976 0.6661733 -0.2383699 -0.7066773 0.7018947 -0.08658718 -0.7069982 0.7053016 -0.05199615 -0.7069979 0.715556 -0.01757924 -0.6983342 0.7066806 -0.03471356 -0.7066806 0.7036765 -0.1043768 -0.7028121 0.6863309 -0.1719203 -0.7066777 0.68633 -0.1719167 -0.7066793 0.6813858 -0.1706816 -0.7117453 0.6998765 -0.1038131 -0.7066793 0.6968056 -0.1208956 -0.7069979 0.6900327 -0.1549468 -0.7069981 0.6998773 -0.1038122 -0.7066788 0.6948398 -0.103065 -0.7117409 0.7066821 -0.03472077 -0.7066787 0.6977047 -0.01714055 -0.7161804 0.7053005 -0.0520246 -0.706997 0.7018982 -0.08656927 -0.7069969 0 -0.7071068 -0.7071068 0 -0.7071068 -0.7071068 -0.715556 -0.01757924 -0.6983342 -0.7053016 -0.05199615 -0.7069979 -0.7018947 -0.08658718 -0.7069982 -0.6967908 -0.1209229 -0.7070081 -0.6900268 -0.1549272 -0.7070081 -0.7036765 -0.1043768 -0.702812 -0.7066805 -0.03471746 -0.7066805 -0.7018982 -0.08656927 -0.7069969 -0.7053005 -0.0520246 -0.706997 -0.6977047 -0.01714055 -0.7161804 -0.706683 -0.03470895 -0.7066784 -0.6815856 -0.1886351 -0.7070063 -0.6715142 -0.2218349 -0.7070062 -0.6900566 -0.1728501 -0.702812 -0.6998765 -0.1038131 -0.7066793 -0.6900327 -0.1549468 -0.7069981 -0.6968056 -0.1208956 -0.7069979 -0.6998773 -0.1038122 -0.7066788 -0.6948398 -0.103065 -0.7117409 -0.6598216 -0.2545259 -0.7070022 -0.646543 -0.2865829 -0.7070023 -0.6697881 -0.2396633 -0.7028125 -0.6813858 -0.1706816 -0.7117453 -0.6863294 -0.1719199 -0.7066793 -0.6715221 -0.2218391 -0.7069976 -0.6815943 -0.1886363 -0.7069975 -0.6863317 -0.1719172 -0.7066776 -0.6430779 -0.3041552 -0.702809 -0.631709 -0.3179615 -0.7069965 -0.6153417 -0.3485825 -0.706997 -0.6613774 -0.2366461 -0.7117433 -0.6661757 -0.238363 -0.7066774 -0.6465418 -0.2865885 -0.7070012 -0.6598269 -0.2545153 -0.7070011 -0.6661697 -0.2383686 -0.7066812 -0.5974762 -0.3783717 -0.7070057 -0.5782057 -0.4072118 -0.7070055 -0.610176 -0.365714 -0.7028076 -0.6349953 -0.3003291 -0.7117468 -0.6396022 -0.302508 -0.7066808 -0.6153372 -0.3485825 -0.707001 -0.6316985 -0.3179724 -0.7070011 -0.6395995 -0.30251 -0.7066824 -0.5713757 -0.4237783 -0.70281 -0.557529 -0.4351035 -0.7069981 -0.5355119 -0.4619313 -0.7069982 -0.6024991 -0.3611256 -0.7117466 -0.6068796 -0.3637383 -0.7066764 -0.578195 -0.4072291 -0.7070042 -0.5974924 -0.3783486 -0.7070043 -0.606869 -0.3637449 -0.7066821 -0.5121996 -0.4876486 -0.7070009 -0.4876581 -0.5121903 -0.707001 -0.527103 -0.477726 -0.7028088 -0.5642055 -0.4184403 -0.7117442 -0.5682838 -0.4214851 -0.7066852 -0.5355126 -0.461928 -0.7069999 -0.5575314 -0.4350981 -0.7069995 -0.5683001 -0.421477 -0.7066768 -0.4619293 -0.5355096 -0.7070013 -0.4350839 -0.5575406 -0.7070011 -0.4777352 -0.5270948 -0.7028088 -0.520473 -0.4717261 -0.711746 -0.5242458 -0.4751455 -0.7066845 -0.4876474 -0.5122023 -0.707 -0.4751518 -0.5242445 -0.7066814 -0.5121959 -0.4876539 -0.707 -0.524253 -0.4751429 -0.7066811 -0.4072239 -0.5782043 -0.7069997 -0.3783535 -0.5974948 -0.7069998 -0.4237582 -0.5713875 -0.7028124 -0.4350997 -0.5575333 -0.706997 -0.4619366 -0.5355089 -0.7069971 -0.4717329 -0.5204722 -0.7117421 -0.4751518 -0.5242444 -0.7066814 -0.3485969 -0.6153305 -0.7069998 -0.3179745 -0.6316983 -0.7070003 -0.3657244 -0.6101657 -0.7028112 -0.4214666 -0.5682976 -0.706685 -0.3783613 -0.5974907 -0.7069988 -0.4072231 -0.578206 -0.7069987 -0.4184417 -0.5642075 -0.7117419 -0.4214742 -0.5682963 -0.7066815 -0.2865761 -0.646546 -0.7070025 -0.2545197 -0.6598239 -0.7070021 -0.304152 -0.6430803 -0.7028081 -0.3611229 -0.6025019 -0.7117456 -0.3179676 -0.631703 -0.7069992 -0.3485787 -0.6153411 -0.7069995 -0.3637483 -0.6068687 -0.7066807 -0.3637405 -0.6068692 -0.7066843 -0.2218657 -0.6715153 -0.7069957 -0.1886209 -0.6816 -0.7069961 -0.2396538 -0.6697928 -0.7028112 -0.2545281 -0.6598248 -0.7069983 -0.2865962 -0.646542 -0.7069979 -0.3025111 -0.6396013 -0.7066805 -0.3025064 -0.6396011 -0.7066826 -0.3003339 -0.634998 -0.7117423 -0.1549467 -0.6900326 -0.7069983 -0.1209037 -0.6968038 -0.7069983 -0.1728516 -0.6900623 -0.7028061 -0.238359 -0.666172 -0.7066823 -0.1719159 -0.686327 -0.7066825 -0.2366432 -0.6613766 -0.7117451 -0.1886134 -0.6815969 -0.7070011 -0.221842 -0.6715171 -0.7070013 -0.2383582 -0.6661718 -0.7066827 -0.08656864 -0.7018933 -0.7070019 -0.05203235 -0.7052946 -0.7070022 -0.01756089 -0.7155656 -0.6983249 -0.1043853 -0.7036779 -0.7028094 -0.1719187 -0.6863246 -0.7066842 -0.1706823 -0.6813886 -0.7117423 -0.1209064 -0.696803 -0.7069988 -0.1549598 -0.6900291 -0.7069988 -0.1038114 -0.6998721 -0.7066839 -0.1038213 -0.6998755 -0.7066792 -0.1030644 -0.6948359 -0.7117449 -0.03471746 -0.7066805 -0.7066805 -0.01712645 -0.6976973 -0.7161879 -0.05202538 -0.7052963 -0.707001 -0.08656879 -0.7018943 -0.707001 -0.03470984 -0.7066828 -0.7066786 -0.7071068 0 -0.7071068 -0.7071068 -0 -0.7071068 -0.01735595 -0.7070002 -0.7070003 -0.01735589 -0.7070003 -0.7070003 -0.05202583 -0.7052971 -0.7070003 -0.05202592 -0.705297 -0.7070003 -0.08657055 -0.7018947 -0.7070003 -0.08657045 -0.7018947 -0.7070002 -0.1209069 -0.6968013 -0.7070004 -0.1209066 -0.6968014 -0.7070003 -0.1549513 -0.6900296 -0.7070001 -0.1549517 -0.6900293 -0.7070004 -0.1886223 -0.6815957 -0.7069999 -0.1886229 -0.6815953 -0.7070001 -0.2218404 -0.6715184 -0.7070006 -0.221839 -0.6715196 -0.707 -0.2545237 -0.6598241 -0.7070006 -0.254523 -0.6598248 -0.7070003 -0.2865897 -0.6465423 -0.7070002 -0.2865905 -0.6465415 -0.7070007 -0.3179702 -0.6317 -0.7070007 -0.3179698 -0.6317005 -0.7070006 -0.348586 -0.6153358 -0.7070006 -0.3485848 -0.6153373 -0.7069997 -0.3783576 -0.5974922 -0.7069997 -0.3783588 -0.5974907 -0.7070004 -0.4072194 -0.5782076 -0.7069994 -0.4072208 -0.5782055 -0.7070004 -0.4350996 -0.5575304 -0.7069994 -0.4351002 -0.5575293 -0.7069998 -0.4619324 -0.5355078 -0.7070006 -0.4619315 -0.5355095 -0.7069999 -0.487653 -0.5121965 -0.7070002 -0.4876536 -0.5121954 -0.7070006 -0.5121965 -0.487653 -0.7070003 -0.5121964 -0.487653 -0.7070002 -0.5355092 -0.4619318 -0.7069999 -0.5355095 -0.461931 -0.7070002 -0.5575289 -0.4351003 -0.7070003 -0.5575287 -0.4351011 -0.707 -0.5782052 -0.407219 -0.7070017 -0.5782044 -0.4072226 -0.7070003 -0.5974926 -0.3783567 -0.7069999 -0.5974935 -0.378352 -0.7070016 -0.6153364 -0.348586 -0.7069999 -0.6153364 -0.3485862 -0.7069999 -0.6316993 -0.3179709 -0.707001 -0.6316991 -0.3179738 -0.707 -0.6465402 -0.2865924 -0.7070011 -0.6465402 -0.2865925 -0.707001 -0.6598256 -0.2545216 -0.7070001 -0.6598254 -0.2545189 -0.707001 -0.6715198 -0.2218377 -0.7070001 -0.6715198 -0.221838 -0.707 -0.6815944 -0.188625 -0.7070004 -0.6815945 -0.1886259 -0.7070001 -0.6900305 -0.1549528 -0.7069991 -0.6900298 -0.154949 -0.7070005 -0.6968005 -0.1209016 -0.7070021 -0.6968021 -0.1209094 -0.7069991 -0.7018962 -0.08657654 -0.706998 -0.7018935 -0.08656626 -0.707002 -0.7052975 -0.05202414 -0.707 -0.705299 -0.05202906 -0.706998 -0.7070003 -0.01735514 -0.7070003 -0.7070006 -0.01735594 -0.707 0 -0.7071068 -0.7071068 0 -0.7071068 -0.7071068 -0.03458751 -0.7066837 -0.7066838 -0.10344 -0.7066835 -0.6999275 -0.1034419 -0.7066839 -0.6999268 -0.1713022 -0.7066844 -0.6864786 -0.2375306 -0.7066842 -0.6664658 -0.1712997 -0.7066837 -0.6864797 -0.03458203 -0.7066825 -0.7066853 -0.03459165 -0.7066836 -0.7066836 -0.3014734 -0.7066843 -0.6400868 -0.2375305 -0.7066843 -0.6664658 -0.1034388 -0.706683 -0.6999282 -0.1034401 -0.7066833 -0.6999277 -0.3625464 -0.7066836 -0.6075841 -0.301477 -0.7066835 -0.6400859 -0.1713023 -0.7066837 -0.6864792 -0.1712999 -0.706683 -0.6864805 -0.08624881 -0.7070011 -0.7019334 -0.0518363 -0.707001 -0.7053102 -0.01715028 -0.7128466 -0.7011101 -0.03459094 -0.7066838 -0.7066836 -0.4201545 -0.7066843 -0.5692692 -0.3625437 -0.7066842 -0.607585 -0.2375305 -0.7066843 -0.6664658 -0.2375269 -0.7066832 -0.6664683 -0.1034387 -0.7066839 -0.6999273 -0.15439 -0.7069999 -0.6901556 -0.1204789 -0.7070001 -0.6968757 -0.1029441 -0.7100487 -0.6965869 -0.1034379 -0.7066836 -0.6999278 -0.4737429 -0.706685 -0.525513 -0.4201515 -0.7066851 -0.5692706 -0.301477 -0.7066835 -0.6400859 -0.3014789 -0.7066841 -0.6400843 -0.1713042 -0.7066836 -0.6864788 -0.2210608 -0.7070017 -0.6717743 -0.1879532 -0.7070017 -0.6817786 -0.1713025 -0.706683 -0.6864798 -0.1704867 -0.7100482 -0.6832027 -0.5227941 -0.7066875 -0.4767379 -0.4737345 -0.7066871 -0.5255178 -0.3625458 -0.7066836 -0.6075844 -0.3625443 -0.706683 -0.607586 -0.2375265 -0.7066842 -0.6664672 -0.2856043 -0.7070004 -0.6469781 -0.2536372 -0.7070003 -0.6601657 -0.2375226 -0.7066827 -0.6664702 -0.3014789 -0.7066841 -0.6400843 -0.236389 -0.7100475 -0.6632894 -0.5228059 -0.7066844 -0.4767296 -0.5668544 -0.7066842 -0.423407 -0.4201596 -0.7066831 -0.5692669 -0.420154 -0.7066807 -0.5692741 -0.3474311 -0.7070009 -0.6159881 -0.3169038 -0.707001 -0.6322353 -0.3000418 -0.7100485 -0.6370291 -0.3014807 -0.7066836 -0.6400841 -0.5668516 -0.706685 -0.4234094 -0.6054949 -0.7066855 -0.3660214 -0.4737376 -0.7066826 -0.5255212 -0.473734 -0.7066808 -0.5255266 -0.3625511 -0.7066834 -0.6075814 -0.3625468 -0.7066815 -0.6075863 -0.4059165 -0.707002 -0.5791202 -0.3771245 -0.7070017 -0.5982689 -0.3608213 -0.7100473 -0.6046824 -0.6383513 -0.7066851 -0.3051289 -0.6054959 -0.7066851 -0.3660204 -0.5228024 -0.7066824 -0.4767363 -0.5668522 -0.7066843 -0.4234098 -0.5228059 -0.7066844 -0.4767296 -0.4605404 -0.7070026 -0.5367029 -0.433751 -0.7070025 -0.5585763 -0.4201584 -0.7066852 -0.5692652 -0.4181432 -0.7100497 -0.5665559 -0.473731 -0.7066854 -0.5255232 -0.4201507 -0.7066813 -0.5692759 -0.6650935 -0.706688 -0.2413353 -0.638344 -0.7066877 -0.3051384 -0.56686 -0.7066817 -0.4234037 -0.5107604 -0.7070009 -0.489156 -0.4862311 -0.7070011 -0.5135455 -0.4714755 -0.7100486 -0.5230122 -0.4737367 -0.7066835 -0.5255206 -0.6854877 -0.7066841 -0.175226 -0.6651023 -0.7066845 -0.2413214 -0.6054992 -0.7066812 -0.3660223 -0.6383499 -0.7066812 -0.3051413 -0.6054996 -0.7066815 -0.3660214 -0.5228012 -0.7066842 -0.4767351 -0.5668581 -0.7066841 -0.4234023 -0.5560856 -0.7070015 -0.4369412 -0.5340555 -0.7070014 -0.4636094 -0.520306 -0.7100466 -0.4744633 -0.5228 -0.7066834 -0.4767375 -0.638346 -0.7066827 -0.3051459 -0.596104 -0.7070026 -0.3805356 -0.5767755 -0.7070026 -0.40924 -0.5641515 -0.7100478 -0.4213849 -0.5668552 -0.7066852 -0.4234044 -0.6854873 -0.7066842 -0.1752271 -0.6651023 -0.7066845 -0.2413214 -0.6651018 -0.7066827 -0.2413282 -0.6854877 -0.7066841 -0.1752261 -0.6304162 -0.7069979 -0.3205144 -0.6139994 -0.7069981 -0.3509395 -0.6026083 -0.7100471 -0.3642752 -0.6054958 -0.7066858 -0.3660191 -0.6054955 -0.7066854 -0.3660205 -0.6587065 -0.7070003 -0.2574033 -0.645327 -0.7070003 -0.2893159 -0.638346 -0.7066827 -0.3051459 -0.6353058 -0.7100452 -0.3036815 -0.6383474 -0.7066859 -0.3051354 -0.683516 -0.7128435 -0.1570349 -0.680696 -0.7070014 -0.1918386 -0.6704958 -0.7070014 -0.2249099 -0.6854874 -0.7066844 -0.175226 -0.661927 -0.7100457 -0.2401827 -0.6650997 -0.7066848 -0.2413275 -0.6650995 -0.7066829 -0.2413338 -0.6713035 -0.7063626 -0.2245076 -0.680271 -0.7075439 -0.1913455 -0.7015185 -0.6942199 -0.1610296 -0.677265 -0.7191262 -0.155466 -0.6813139 -0.706462 -0.1916321 -0.6700885 -0.7076431 -0.2241041 -0.6858624 -0.7067243 -0.1735898 -0.6604086 -0.7134107 -0.2343194 -0.6470479 -0.7056207 -0.2888396 -0.6581023 -0.707985 -0.2562394 -0.6599355 -0.7060165 -0.2569549 -0.6445321 -0.7083766 -0.2877165 -0.6724634 -0.7006173 -0.2385965 -0.6167225 -0.7047789 -0.3506281 -0.6298499 -0.708329 -0.3186834 -0.6322226 -0.7056688 -0.3198846 -0.6128758 -0.7092055 -0.3484404 -0.6359653 -0.7132064 -0.2947623 -0.6472116 -0.7008084 -0.2999748 -0.5805902 -0.7038329 -0.4093096 -0.595777 -0.7085726 -0.37812 -0.5984357 -0.7054224 -0.3798076 -0.5754423 -0.710131 -0.4056847 -0.6162912 -0.7010931 -0.3586832 -0.6060873 -0.7129022 -0.3527444 -0.5710226 -0.7124949 -0.4077797 -0.5389528 -0.7027821 -0.4643567 -0.5561926 -0.7087188 -0.4340131 -0.55891 -0.7052734 -0.4361297 -0.5326174 -0.7111488 -0.4588966 -0.5799907 -0.7014716 -0.414184 -0.5114571 -0.7087691 -0.4858578 -0.5386367 -0.7019476 -0.465983 -0.5310485 -0.7119848 -0.4594183 -0.5140263 -0.705223 -0.4883006 -0.4619732 -0.7087185 -0.5331969 -0.4913942 -0.7027813 -0.5144221 -0.4856159 -0.7111496 -0.5083733 -0.4642276 -0.7052742 -0.5357995 -0.4930016 -0.701947 -0.5140232 -0.4860561 -0.7119846 -0.5067815 -0.4081832 -0.7085736 -0.5755953 -0.4385558 -0.7038335 -0.5588267 -0.4346703 -0.7101296 -0.5538752 -0.410008 -0.7054212 -0.5781646 -0.4433932 -0.701472 -0.5579779 -0.4365373 -0.7124953 -0.5493501 -0.3505752 -0.7083271 -0.6126744 -0.3818083 -0.7047764 -0.5979236 -0.3794228 -0.709208 -0.5941907 -0.3518928 -0.7056707 -0.61498 -0.3898237 -0.7010937 -0.5970804 -0.38337 -0.7129018 -0.5871954 -0.28966 -0.7079845 -0.6440923 -0.3216544 -0.7056199 -0.6313786 -0.3204038 -0.7083771 -0.6289223 -0.2904676 -0.7060164 -0.6458865 -0.3270007 -0.7132066 -0.6200055 -0.3327839 -0.7008072 -0.6309707 -0.1968042 -0.6942198 -0.6923344 -0.2259908 -0.707544 -0.6695594 -0.2586506 -0.7063627 -0.6589019 -0.2085445 -0.7067238 -0.6760552 -0.2581841 -0.7076411 -0.6577119 -0.2263363 -0.7064603 -0.6705862 -0.1900003 -0.719128 -0.6683973 -0.2727794 -0.7006178 -0.6593376 -0.2678902 -0.7134093 -0.6475199 -0.1514319 0.7065552 -0.6912655 -0.09886654 0.7076558 -0.6996061 -0.1087924 0.7103252 -0.6954153 -0.1594039 0.7069933 -0.6890216 -0.1662723 0.7092157 -0.6851033 -0.1420901 0.7090841 -0.6906592 -0.1593083 0.709879 -0.6860704 0.1360383 -0.6857426 -0.7150179 0.1725643 -0.6723158 -0.7198702 0.1980012 -0.6883716 -0.6978108 0.2452697 -0.6471649 -0.7218174 0.3255043 -0.6306295 -0.7045236 0.2100709 -0.6688322 -0.7131155 0.07390436 -0.7038207 -0.7065228 0.08449779 -0.7068832 -0.7022651 -0.1077849 -0.7641469 -0.6359732 -0.06132555 -0.7284992 -0.6822962 -0.004654259 -0.7057464 -0.7084493 0.04164981 -0.7769585 -0.6281725 0.01456238 -0.7090027 -0.7050554 0.3111818 -0.6141845 -0.7252195 0.2739937 -0.6377401 -0.7198716 0.2151891 -0.6456352 -0.7326996 0.2255322 -0.6483923 -0.7271332 0.2804114 -0.6321973 -0.7222853 -0.02977096 -0.700829 -0.7127078 0.0774072 -0.6905256 -0.7191541 -0.08348019 -0.7258486 -0.68277 0.1089422 -0.6969239 -0.7088221 0.1181388 -0.6532269 -0.7478889 0.08235438 -0.6916044 -0.717566 0.02158513 -0.7017838 -0.7120629 -0.05154143 -0.6731724 -0.7376872 -0.002353315 -0.7105638 -0.7036288 0.1031154 -0.6833755 -0.7227483 0.1026877 -0.6831266 -0.7230444 0.4121011 -0.5660917 -0.7139418 0.381324 -0.5812654 -0.7188342 0.3081759 -0.6279981 -0.714595 0.4107213 -0.498972 -0.7631087 0.4022291 -0.5579576 -0.7258754 0.3761076 -0.5844405 -0.719008 0.3326203 -0.5857224 -0.7391164 0.3337127 -0.5861295 -0.7383009 0.3371232 -0.6087723 -0.7181533 0.4228301 -0.5474036 -0.722194 0.2082633 -0.6682488 -0.7141918 0.2103963 -0.6556743 -0.7251377 0.3195246 -0.6136818 -0.7220101 0.2804503 -0.6322597 -0.7222155 0.2237829 -0.6529539 -0.7235832 0.3195809 -0.6085727 -0.7262971 0.2301468 -0.6597627 -0.715364 0.319789 -0.6087569 -0.726051 -0.1006401 -0.7017236 -0.7053053 -0.1508331 -0.7088031 -0.6890919 -0.1401485 -0.7128015 -0.6872208 -0.1681766 -0.7070789 -0.6868448 -0.1668276 -0.7068675 -0.6873915 -0.1083351 -0.7052696 -0.7006127 -0.1597371 -0.7075964 -0.6883251 0.7071068 0 -0.7071068 0.7071068 0 -0.7071068 0.03470849 -0.7066836 -0.7066778 0.103825 -0.6998766 -0.7066776 0.1038075 -0.6998754 -0.7066813 0.1719253 -0.6863261 -0.7066811 0.2383664 -0.6661718 -0.70668 0.1719281 -0.6863261 -0.7066805 0.03473696 -0.7066759 -0.7066842 0.0347088 -0.7066807 -0.7066807 0.2383468 -0.6661742 -0.7066842 0.3025014 -0.639601 -0.7066848 0.1038081 -0.6998798 -0.7066767 0.1038317 -0.6998696 -0.7066835 0.3637391 -0.6068736 -0.7066813 0.3025157 -0.6395977 -0.7066817 0.1719133 -0.6863328 -0.7066774 0.1719277 -0.6863248 -0.7066817 0.0865692 -0.7018976 -0.7069976 0.05202557 -0.7052997 -0.7069977 0.0172229 -0.7010703 -0.712884 0.03472218 -0.7066823 -0.7066784 0.421482 -0.5682924 -0.7066801 0.3637446 -0.6068717 -0.7066801 0.2383634 -0.6661708 -0.7066819 0.2383492 -0.6661807 -0.7066773 0.1549459 -0.6900286 -0.7070023 0.1208926 -0.6968021 -0.707002 0.1038216 -0.6998762 -0.7066784 0.1033225 -0.6965117 -0.7100675 0.103832 -0.6998711 -0.706682 0.4751368 -0.5242567 -0.7066823 0.4214748 -0.5682957 -0.7066817 0.3024969 -0.6396109 -0.7066779 0.3025147 -0.6395956 -0.706684 0.2218424 -0.6715186 -0.7069998 0.1886392 -0.6815909 -0.7070001 0.1710892 -0.6830272 -0.710072 0.171916 -0.6863282 -0.7066813 0.1719126 -0.6863303 -0.7066801 0.4751434 -0.5242529 -0.7066807 0.524258 -0.4751381 -0.7066805 0.363754 -0.6068618 -0.7066836 0.3637446 -0.6068717 -0.7066801 0.2372065 -0.6629771 -0.7100665 0.286585 -0.6465476 -0.7069974 0.2545166 -0.6598304 -0.7069973 0.2383625 -0.6661682 -0.7066847 0.2383513 -0.6661767 -0.7066804 0.5242518 -0.4751424 -0.7066821 0.5682909 -0.4214808 -0.7066819 0.4214748 -0.5682957 -0.7066817 0.4214715 -0.5682998 -0.7066803 0.3485872 -0.6153316 -0.7070037 0.3179657 -0.6316992 -0.7070035 0.3024975 -0.6396123 -0.7066762 0.3025173 -0.639594 -0.7066844 0.3010646 -0.6365227 -0.7100697 0.5682969 -0.4214757 -0.7066802 0.6068747 -0.3637398 -0.7066799 0.4751461 -0.5242486 -0.706682 0.4751434 -0.5242529 -0.7066806 0.4072292 -0.5781951 -0.7070041 0.3783487 -0.5974925 -0.7070043 0.3637557 -0.6068646 -0.7066804 0.3637473 -0.6068741 -0.7066765 0.3619956 -0.6039516 -0.7100715 0.6396042 -0.3025029 -0.7066813 0.6068707 -0.363744 -0.7066812 0.5682957 -0.4214748 -0.7066817 0.5242518 -0.4751424 -0.7066821 0.5242496 -0.475147 -0.7066808 0.4619336 -0.5355055 -0.7070016 0.435097 -0.5575299 -0.7070015 0.4751486 -0.5242513 -0.7066784 0.4194496 -0.565564 -0.71007 0.4214762 -0.5682966 -0.7066802 0.4214726 -0.5683014 -0.7066784 0.6395952 -0.3025145 -0.7066845 0.6661674 -0.2383648 -0.7066848 0.5682998 -0.4214714 -0.7066804 0.5122087 -0.4876398 -0.7070005 0.4876398 -0.5122087 -0.7070005 0.4751419 -0.5242544 -0.7066807 0.4728589 -0.5217354 -0.710068 0.6863268 -0.1719255 -0.7066804 0.6661778 -0.2383481 -0.7066805 0.6068683 -0.3637426 -0.7066839 0.6068646 -0.3637557 -0.7066804 0.5575299 -0.435097 -0.7070015 0.5355055 -0.4619336 -0.7070016 0.5217354 -0.4728588 -0.7100681 0.5242513 -0.4751486 -0.7066784 0.5242544 -0.4751419 -0.7066807 0.6998725 -0.1038244 -0.7066818 0.6863256 -0.1719279 -0.706681 0.6396058 -0.3024945 -0.7066834 0.6396017 -0.3025176 -0.7066773 0.5974925 -0.3783487 -0.7070043 0.5781951 -0.4072292 -0.7070041 0.5682998 -0.4214714 -0.7066804 0.5682979 -0.4214771 -0.7066786 0.565564 -0.4194496 -0.71007 0.7066836 -0.03470849 -0.7066778 0.6998787 -0.103808 -0.706678 0.6661761 -0.2383475 -0.7066823 0.6661747 -0.2383648 -0.7066777 0.6068711 -0.3637455 -0.7066801 0.6316992 -0.3179657 -0.7070035 0.6153316 -0.3485872 -0.7070037 0.6068681 -0.3637578 -0.7066762 0.6039516 -0.3619956 -0.7100715 0.6863291 -0.1719123 -0.7066814 0.6863294 -0.1719289 -0.7066771 0.6661682 -0.2383625 -0.7066847 0.6598304 -0.2545166 -0.7069973 0.6465476 -0.286585 -0.7069974 0.6396009 -0.3025205 -0.7066768 0.6396044 -0.3024938 -0.7066851 0.6365227 -0.3010646 -0.7100697 0.7066807 -0.0347088 -0.7066807 0.6998726 -0.1038071 -0.7066841 0.7066759 -0.03473696 -0.7066842 0.6998756 -0.1038326 -0.7066774 0.6815909 -0.1886392 -0.7070001 0.6715186 -0.2218424 -0.7069998 0.6661767 -0.2383513 -0.7066804 0.6629771 -0.2372065 -0.7100665 0.6863293 -0.1719163 -0.7066802 0.6968021 -0.1208926 -0.707002 0.6900286 -0.1549459 -0.7070023 0.6863291 -0.1719123 -0.7066814 0.6830272 -0.1710892 -0.710072 0.6998711 -0.103832 -0.706682 0.7010703 -0.0172229 -0.712884 0.7052997 -0.05202557 -0.7069977 0.7018976 -0.0865692 -0.7069976 0.6965118 -0.1033225 -0.7100675 0.6998762 -0.1038216 -0.7066784 0.7066823 -0.03472218 -0.7066784 0 -0.7071068 -0.7071068 0 -0.7071068 -0.7071068 0.7009001 -0.09675323 -0.7066668 0.6944454 -0.1364956 -0.7064803 0.6911466 -0.1486781 -0.707256 0.7048727 -0.06092514 -0.7067125 0.7012759 -0.08964572 -0.707231 0.7069153 -0.02327535 -0.7069153 0.7061446 -0.03021464 -0.7074227 0.6180812 -0.1586267 -0.7699436 0.6370201 -0.205324 -0.742999 0.6431589 -0.2441658 -0.7257615 0.6424691 -0.2735648 -0.7158182 0.6348482 -0.3100838 -0.7076834 0.6125323 -0.3495267 -0.7089678 0.5831178 -0.3777732 -0.7192087 0.5532923 -0.3957494 -0.7329735 0.5156889 -0.4104857 -0.7520415 0.6156676 -0.3403119 -0.7107329 0.6523719 -0.2856239 -0.7020184 0.6916059 -0.2441391 -0.6797627 0.7307249 -0.210597 -0.6493766 0.6660295 -0.2411816 -0.7058583 0.667664 -0.2533077 -0.7000428 0.5249951 -0.4608551 -0.7155368 0.5050544 -0.4756973 -0.7201611 0.4838492 -0.4885888 -0.7260653 0.5968629 -0.3797421 -0.706789 0.5958073 -0.3933451 -0.7002094 0.5382795 -0.4610337 -0.7054808 0.5619425 -0.421764 -0.7115726 0.5942121 -0.3928418 -0.7018458 0.5936032 -0.3777719 -0.7105798 0.5964881 -0.3916232 -0.700595 0.4739799 -0.5129513 -0.7156982 0.4606842 -0.5221756 -0.7177066 0.4573946 -0.5471665 -0.7009986 0.4969834 -0.4925153 -0.7144482 0.5335752 -0.4627582 -0.7079211 0.5372497 -0.4656163 -0.7032526 0.5335732 -0.4624375 -0.7081322 0 0 -1 0 0 -1 0 0 -1 0 0 -1 0 0 -1 0 0 -1 0 0 -1 0 0 -1 0 0 -1 0 0 -1 0 0 -1 0 0 -1 0 0 -1 0 0 -1 0 0 -1 0 0 -1 0 0 -1 0 0 -1 0 0 -1 0 0 -1 0 0 -1 0 0 -1 0 0 -1 0 0 -1 0 0 -1 0 0 -1 0 0 -1 0 0 -1 0 0 -1 0 0 -1 0 0 -1 0 0 -1 0 0 -1 0 0 -1 0 0 -1 0 0 -1 0 0 -1 0 0 -1 0 0 -1 0 0 -1 0 -0 -1 0 0 -1 0 -0 -1 0 0 -1 0 -0 -1 0 0 -1 0 -0 -1 0 0 -1 0 -0 -1 0 0 -1 0 -0 -1 0 0 -1 0 -0 -1 0 0 -1 0 -0 -1 0 0 -1 0 -0 -1 0 0 -1 0 -0 -1 0 0 -1 0 0 -1 0 -0 -1 0 0 -1 0 0 -1 0 0 -1 0 -0 -1 0 0 -1 0 0 -1 0 -0 -1 0 0 -1 0 0 -1 0 -0 -1 0 0 -1 0 -0 -1 0 0 -1 0 0 -1 0 0 -1 0 -0 -1 0 0 -1 0 0 -1 0 0 -1 0 -0 -1 0 0 -1 0 -0 -1 0 0 -1 0 0 -1 0 0 -1 0 -0 -1 0 0 -1 0 0 -1 0 0 -1 0 0 -1 0 -0 -1 0 0 -1 0 -0 -1 0 0 -1 0 0 -1 0 -0 -1 0 0 -1 0 0 -1 0 0 -1 0 -0 -1 0 0 -1 0 -0 -1 0 0 -1 0 -0 -1 0 0 -1 0 0 -1 0 0 -1 0 0 -1 0 -0 -1 0 0 -1 0 0 -1 0 -0 -1 0 0 -1 0 0 -1 0 -0 -1 0 -0 -1 0 0 -1 0 0 -1 0 -0 -1 0 0 -1 0 0 -1 0 0 -1 0 -0 -1 0 -0 -1 0 0 -1 0 0 -1 0 0 -1 0 0 -1 0 0 -1 0 0 -1 0 0 -1 0 0 -1 0 0 -1 0 0 -1 0 0 -1 0 0 -1 0 0 -1 0 0 -1 0 0 -1 0 0 -1 0 0 -1 0 0 -1 0 0 -1 0 0 -1 0 0 -1 0 -0 -1 0 0 -1 0 0 -1 0 0 -1 0 0 -1 0 0 -1 0 0 -1 0 0 -1 0 -0 -1 0 0 -1 0 0 -1 0 0 -1 0 0 -1 0 0 -1 0 0 -1 0 0 -1 0 0 -1 0 0 -1 0 0 -1 0 0 -1 0 0 -1 0 0 -1 0 0 -1 0 0 -1 0 -0 -1 0 0 -1 0 0 -1 0 0 -1 0 0 -1 0 0 -1 0 -0 -1 0 -0 -1 0 0 -1 0 0 -1 0 -0 -1 0 0 -1 0 0 -1 0 -0 -1 0 0 -1 0 0 -1 0 0 -1 0 -0 -1 0 0 -1 0 0 -1 0 -0 -1 0 0 -1 0 0 -1 0 0 -1 0 0 -1 0 0 -1 0 -0 -1 0 -0 -1 0 0 -1 0 0 -1 0 -0 -1 0 0 -1 0 0 -1 0 -0 -1 0 0 -1 0 0 -1 0 -0 -1 0 0 -1 0 0 -1 0 -0 -1 0 0 -1 0 0 -1 0 0 -1 0 0 -1 0 0 -1 0 0 -1 0 0 -1 0 0 -1 0 0 -1 0 0 -1 0 0 -1 0 0 -1 0 0 -1 0 0 -1 0 0 -1 0 0 -1 0 0 -1 0 0 -1 0 0 -1 0 0 -1 0 0 -1 0 0 -1 0 0 -1 0 0 -1 0 0 -1 0 0 -1 0 0 -1 0 0 -1 0 0 -1 0 0 -1 0 0 -1 0 0 -1 0 0 -1 0 0 -1 0 0 -1 0 0 -1 0 0 -1 0 0 -1 0 0 -1 0 0 -1 0 0 -1 0 0 -1 0 0 -1 0 0 -1 0 0 -1 0 0 -1 0 0 -1 0 0 -1 0 0 -1 0 0 -1 0 0 -1 0 0 -1 0 0 -1 0 0 -1 0 0 -1 0 0 -1 0 0 -1 0 0 -1 0 0 -1 0 0 -1 0 0 -1 0 0 -1 0 0 -1 0 0 -1 0 0 -1 0 0 -1 0 0 -1 0 0 -1 0 0 -1 0 0 -1 0 0 -1 0 0 -1 0 0 -1 0 0 -1 0 0 -1 0 0 -1 0 0 -1 0 0 -1 0 0 -1 0 0 -1 0 0 -1 0 0 -1 0 0 -1 0 0 -1 0 0 -1 0 0 -1 0 0 -1 0 0 -1 0 0 -1 0 0 -1 0 0 -1 0 0 -1 0 0 -1 0 0 -1 0 0 -1 0 -0 -1 0 0 -1 0 0 -1 0 0 -1 0 0 -1 0 0 -1 0 0 -1 0 0 -1 0 0 -1 0 0 -1 0 -0 -1 0 0 -1 0 0 -1 0 -0 -1 0 0 -1 0 -0 -1 0 0 -1 0 0 -1 0 0 -1 0 -0 -1 0 0 -1 0 -0 -1 0 0 -1 0 0 -1 0 0 -1 0 -0 -1 0 0 -1 0 -0 -1 0 0 -1 0 0 -1 0 -0 -1 0 0 -1 0 -0 -1 0 0 -1 0 -0 -1 0 0 -1 0 0 -1 0 0 -1 0 -0 -1 0 0 -1 0 -0 -1 0 0 -1 0 0 -1 0 0 -1 0 -0 -1 0 0 -1 0 -0 -1 0 0 -1 0 0 -1 0 0 -1 0 -0 -1 0 0 -1 0 -0 -1 0 0 -1 0 0 -1 0 0 -1 0 0 -1 0 0 -1 0 0 -1 0 0 -1 0 0 -1 0 0 -1 0 0 -1 0 0 -1 0 0 -1 0 0 -1 0 0 -1 0 0 -1 0 0 -1 0 0 -1 0 0 -1 0 0 -1 0 0 -1 0 0 -1 0 0 -1 0 0 -1 0 0 -1 0 0 -1 0 0 -1 0 0 -1 0 0 -1 0 0 -1 0 0 -1 0 0 -1 0 0 -1 0 0 -1 0 0 -1 0 0 -1 0 0 -1 0 0 -1 0 0 -1 0 0 -1 0 0 -1 0 0 -1 0 0 -1 0 0 -1 0 0 -1 0 0 -1 0 0 -1 0 0 -1 0 0 -1 0 0 -1 0 0 -1 0 0 -1 0 0 -1 0 0 -1 0 0 -1 0 0 -1 0 0 -1 0 0 -1 0 -0 -1 0 0 -1 0 0 -1 0 -0 -1 0 0 -1 0 0 -1 0 0 -1 0 0 -1 0 -0 -1 0 0 -1 0 0 -1 0 0 -1 0 -0 -1 0 0 -1 0 0 -1 0 0 -1 0 0 -1 0 -0 -1 0 0 -1 0 0 -1 0 0 -1 0 0 -1 0 0 -1 0 -0 -1 0 0 -1 0 0 -1 0 0 -1 0 0 -1 0 -0 -1 0 0 -1 0 0 -1 0 0 -1 0 0 -1 0 0 -1 0 0 -1 0 0 -1 0 0 -1 0 0 -1 0 0 -1 0 0 -1 0 0 -1 0 0 -1 0 0 -1 0 0 -1 0 0 -1 0 -0 -1 0 0 -1 0 0 -1 0 0 -1 0 0 -1 0 0 -1 0 -0 -1 0 0 -1 0 0 -1 0 0 -1 0 -0 -1 0 0 -1 0 0 -1 0 0 -1 0 0 -1 0 -0 -1 0 0 -1 0 -0 -1 0 0 -1 0 0 -1 0 0 -1 0 0 -1 0 -0 -1 0 0 -1 0 0 -1 0 0 -1 0 0 -1 0 -0 -1 0 0 -1 0 0 -1 0 0 -1 0 0 -1 0 -0 -1 0 0 -1 0 0 -1 0 0 -1 0 0 -1 0 0 -1 0 -0 -1 0 0 -1 0 -0 -1 0 0 -1 0 0 -1 0 -0 -1 0 0 -1 0 0 -1 0 0 -1 0 -0 -1 0 0 -1 0 0 -1 0 0 -1 0 0 -1 0 0 -1 0 0 -1 0 0 -1 0 0 -1 0 0 -1 0 0 -1 0 0 -1 0 0 -1 0 0 -1 0 0 -1 0 0 -1 0 0 -1 0 0 -1 0 0 -1 0 0 -1 0 0 -1 0 0 -1 0 0 -1 0 0 -1 0 0 -1 0 0 -1 0 0 -1 0 0 -1 0 0 -1 0 0 -1 0 0 -1 0 0 -1 0 0 -1 0 0 -1 0 0 -1 0 0 -1 0 0 -1 0 0 -1 0 0 -1 0 0 -1 0 0 -1 0 0 -1 0 0 -1 0 0 -1 0 -0 -1 0 0 -1 0 0 -1 0 0 -1 0 0 -1 0 0 -1 0 0 -1 0 0 -1 0 0 -1 0 0 -1 0 0 -1 0 0 -1 0 0 -1 0 0 -1 0 0 -1 0 0 -1 0 0 -1 0 0 -1 0 0 -1 0 0 -1 0 0 -1 0 0 -1 0 0 -1 0 0 -1 0 0 -1 0 0 -1 0 0 -1 0 0 -1 0 0 -1 0 0 -1 0 0 -1 0 -0 -1 -0.9746093 0 -0.2239123 -0.9625061 0 -0.2712603 -0.9746093 0 -0.2239123 -0.948083 0 -0.3180233 -0.9625061 0 -0.2712603 -0.9314113 0 -0.3639684 -0.948083 0 -0.3180233 -0.9124928 0 -0.4090928 -0.9314113 0 -0.3639684 -0.8914058 0 -0.453206 -0.9124928 0 -0.4090928 -0.8681928 0 -0.4962272 -0.8914058 0 -0.453206 -0.8428942 0 -0.5380794 -0.8681928 0 -0.4962272 -0.8155636 0 -0.5786675 -0.8428942 0 -0.5380794 -0.7863069 0 -0.6178362 -0.8155636 0 -0.5786675 -0.7551561 0 -0.6555451 -0.7863069 0 -0.6178362 -0.7551561 0 -0.6555451 -0.7222161 0 -0.6916675 -0.7222161 0 -0.6916675 -0.6875318 0 -0.7261543 -0.6512064 0 -0.7589007 -0.6875318 0 -0.7261543 -0.6512064 0 -0.7589007 -0.6133261 0 -0.7898297 -0.5739674 0 -0.8188781 -0.6133261 0 -0.7898297 -0.5332554 0 -0.8459543 -0.5739674 0 -0.8188781 -0.4912683 0 -0.8710083 -0.5332554 0 -0.8459543 -0.4481027 0 -0.8939822 -0.4912683 0 -0.8710083 -0.4038447 0 -0.9148275 -0.4481027 0 -0.8939822 -0.3586432 0 -0.9334747 -0.4038447 0 -0.9148275 -0.3125807 0 -0.9498912 -0.3586432 0 -0.9334747 -0.2657665 0 -0.9640374 -0.3125807 0 -0.9498912 -0.2183074 0 -0.97588 -0.2657665 0 -0.9640374 -0.1703572 0 -0.9853823 -0.2183074 0 -0.97588 -0.121956 0 -0.9925355 -0.1703572 0 -0.9853823 -0.07329664 0 -0.9973102 -0.121956 0 -0.9925355 -0.0244543 0 -0.999701 -0.07329664 0 -0.9973102 -0.0244543 0 -0.999701 -0.9746522 0 -0.2237258 -0.9746522 0 -0.2237258 -0.9626439 0 -0.2707708 -0.9626439 0 -0.2707708 -0.9483693 0 -0.3171683 -0.9483693 0 -0.3171683 -0.9318559 0 -0.3628285 -0.9318559 0 -0.3628285 -0.9131489 0 -0.4076261 -0.9131489 0 -0.4076261 -0.8922873 0 -0.4514681 -0.8922873 0 -0.4514681 -0.8693247 0 -0.4942413 -0.8693247 0 -0.4942413 -0.8443096 0 -0.5358556 -0.8443096 0 -0.5358556 -0.8173118 0 -0.5761957 -0.8173118 0 -0.5761957 -0.7883765 0 -0.615193 -0.7883765 0 -0.615193 -0.7575892 0 -0.6527317 -0.7575892 0 -0.6527317 -0.7250181 0 -0.6887298 -0.7250181 0 -0.6887298 -0.6907368 0 -0.7231063 -0.6907368 0 -0.7231063 -0.6548247 0 -0.7557808 -0.6548247 0 -0.7557808 -0.6173669 0 -0.7866753 -0.6173669 0 -0.7866753 -0.5784606 0 -0.8157103 -0.5784606 0 -0.8157103 -0.5381907 0 -0.8428231 -0.5381907 0 -0.8428231 -0.4966467 0 -0.8679528 -0.4966467 0 -0.8679528 -0.4539356 0 -0.8910345 -0.4539356 0 -0.8910345 -0.4101509 0 -0.9120176 -0.4101509 0 -0.9120176 -0.365403 0 -0.9308494 -0.365403 0 -0.9308494 -0.3197971 0 -0.9474861 -0.3197971 0 -0.9474861 -0.2734292 0 -0.9618922 -0.2734292 0 -0.9618922 -0.2399027 0 -0.9707969 -0.2195514 -0 -0.975601 -0.2399027 0 -0.9707969 -0.1977351 -0 -0.9802555 -0.2195514 0 -0.975601 -0.1790173 -2.377698e-06 -0.9838459 -0.1971437 3.912869e-06 -0.9803746 -0.164033 -8.05946e-06 -0.9864548 -0.173611 1.952777e-05 -0.9848143 -0.1505281 1.456846e-05 -0.9886057 -0.1494489 8.991138e-06 -0.9887695 -0.1360492 -4.816981e-06 -0.9907021 -0.1187944 -1.116015e-05 -0.9929188 -0.131975 6.251413e-06 -0.991253 -0.09771326 -1.458535e-07 -0.9952146 -0.1164075 1.583763e-07 -0.9932016 -0.09766042 1.468869e-07 -0.9952198 -0.07705864 -3.32175e-06 -0.9970265 -0.07761315 -1.685139e-07 -0.9969835 -0.06060516 -1.805619e-06 -0.9981619 -0.06179218 1.741325e-06 -0.998089 -0.0497991 1.904743e-06 -0.9987592 -0.04538354 -1.208086e-05 -0.9989696 -0.02692968 -9.617697e-06 -0.9996374 -0.03707825 5.877799e-06 -0.9993124 -0.02437626 -6.835136e-07 -0.9997029 -0.009181022 9.196852e-07 -0.9999579 -0.008984985 0 -0.9999596 0 -1 0 0 -1 0 0.9996983 -0.02455918 0 0.9996983 -0.02455918 0 0.9972905 -0.07356392 0 0.9972905 -0.07356392 0 0.9924799 -0.1224084 0 0.9924799 -0.1224084 0 0.9852811 -0.1709426 0 0.9852811 -0.1709426 0 0.9757037 -0.2190942 0 0.9757037 -0.2190942 0 0.9637697 -0.2667359 0 0.9637697 -0.2667359 0 0.9495271 -0.3136851 0 0.9495271 -0.3136851 0 0.9329966 -0.3598851 0 0.9329966 -0.3598851 0 0.9142149 -0.4052297 0 0.9142149 -0.4052297 0 0.8932271 -0.4496057 0 0.8932271 -0.4496057 0 0.8700833 -0.4929047 0 0.8700833 -0.4929047 0 0.8448595 -0.5349883 0 0.8448595 -0.5349883 0 0.8175727 -0.5758254 0 0.8175727 -0.5758254 0 0.7883489 -0.6152284 0 0.7883489 -0.6152284 0 0.7572064 -0.6531755 0 0.7572064 -0.6531755 0 0.7242636 -0.6895232 0 0.7242636 -0.6895232 0 0.6895232 -0.7242636 0 0.6895232 -0.7242636 0 0.6531755 -0.7572064 0 0.6531755 -0.7572064 0 0.6152284 -0.7883489 0 0.6152284 -0.7883489 0 0.5758254 -0.8175727 0 0.5758254 -0.8175727 0 0.5349883 -0.8448595 0 0.5349883 -0.8448595 0 0.4929047 -0.8700833 0 0.4929047 -0.8700833 0 0.4496057 -0.8932271 0 0.4496057 -0.8932271 0 0.4052297 -0.9142149 0 0.4052297 -0.9142149 0 0.3598851 -0.9329966 0 0.3598851 -0.9329966 0 0.3136851 -0.9495271 0 0.3136851 -0.9495271 0 0.2667359 -0.9637697 0 0.2667359 -0.9637697 0 0.2190942 -0.9757037 0 0.2190942 -0.9757037 0 0.1709426 -0.9852811 0 0.1709426 -0.9852811 0 0.1224084 -0.9924799 0 0.1224084 -0.9924799 0 0.07356392 -0.9972905 0 0.07356392 -0.9972905 0 0.02455918 -0.9996983 0 0.02455918 -0.9996983 0 1 0 0 1 0 -0 1 0 0 1 0 -0 1 0 0 1 0 -0 1 0 0 1 0 -0 1 0 0 1 0 -0 1 0 0 1 0 -0 1 0 0 1 0 -0 1 0 0 1 0 -0 1 0 0 1 0 -0 1 0 0 1 0 -0 1 0 0 1 0 -0 1 0 0 1 0 -0 1 0 0 1 0 -0 1 0 0 1 0 -0 1 0 0 1 0 -0 1 0 0 1 0 -0 1 0 0 1 0 0 1 0 0 1 0 0 1 0 0 1 0 0 1 0 0 1 0 0 1 0 0 1 0 0 1 0 0 1 0 0 1 0 0 1 0 0 1 0 0 1 0 0 1 0 0 1 0 0 1 0 0 1 0 0 1 0 0 1 0 0 1 0 0 1 0 0 1 0 0 1 0 0 1 0 0 1 0 0 1 0 0 1 0 0 1 0 0 1 0 0 1 0 0 1 0 0 1 0 0 1 0 0 1 0 0 1 0 0 1 0 0 1 0 0 1 0 0 1 0 0 1 0 0 1 0 0 1 0 0 1 0 0 1 0 0 1 0 0 1 0 0 1 0 0 1 0 0 1 0 0 1 0 0 1 0 0 1 0 0 1 0 0 1 0 0 1 0 0 1 0 0 1 0 0 1 0 0 1 0 0 1 0 0 1 0 0 1 0 0 1 0 0 1 0 0 1 0 -0 1 0 0 1 0 0 1 0 0 1 0 0 1 0 0 1 0 0 1 0 0 1 0 0 1 0 0 1 0 0 1 0 0 1 0 0 1 0 0 1 0 0 1 0 0 1 0 0 1 0 0 1 0 0 1 0 0 1 0 0 1 0 0 1 0 0 1 0 0 1 0 0 1 0 0 1 0 0 1 0 0 1 0 0 1 0 0 1 0 0 0 -0.7071068 0.7071068 0 -0.7071068 0.7071068 0.7066836 -0.03470849 0.7066778 0.6998787 -0.103808 0.706678 0.6998725 -0.1038244 0.7066818 0.6863268 -0.1719255 0.7066804 0.6863256 -0.1719279 0.706681 0.7066759 -0.03473696 0.7066842 0.7066807 -0.0347088 0.7066807 0.6661778 -0.2383481 0.7066804 0.6661674 -0.2383648 0.7066848 0.639601 -0.3025014 0.7066848 0.6998798 -0.1038081 0.7066767 0.6998696 -0.1038317 0.7066835 0.6068736 -0.3637391 0.7066813 0.6395977 -0.3025157 0.7066817 0.6863328 -0.1719133 0.7066774 0.6863248 -0.1719277 0.7066817 0.7018976 -0.0865692 0.7069976 0.7052997 -0.05202557 0.7069977 0.7010703 -0.0172229 0.712884 0.7066823 -0.03472218 0.7066784 0.5682924 -0.421482 0.7066801 0.6068717 -0.3637446 0.7066801 0.6661708 -0.2383634 0.7066819 0.6661807 -0.2383492 0.7066773 0.6900286 -0.1549459 0.7070023 0.6968021 -0.1208926 0.707002 0.6998762 -0.1038216 0.7066784 0.6965117 -0.1033225 0.7100675 0.6998711 -0.103832 0.706682 0.5242567 -0.4751368 0.7066823 0.5682957 -0.4214748 0.7066817 0.6395956 -0.3025147 0.706684 0.6396109 -0.3024969 0.7066779 0.6068683 -0.3637426 0.7066839 0.6830272 -0.1710892 0.710072 0.6715186 -0.2218424 0.7069998 0.6815909 -0.1886392 0.7070001 0.6863303 -0.1719126 0.7066801 0.6863282 -0.171916 0.7066813 0.5242529 -0.4751434 0.7066807 0.4751381 -0.524258 0.7066805 0.6068646 -0.3637557 0.7066804 0.6629771 -0.2372065 0.7100665 0.6465476 -0.286585 0.7069974 0.6598304 -0.2545166 0.7069973 0.6661682 -0.2383625 0.7066847 0.6661767 -0.2383513 0.7066804 0.4751424 -0.5242518 0.7066821 0.4214808 -0.5682909 0.7066819 0.5682998 -0.4214715 0.7066803 0.5682957 -0.4214748 0.7066817 0.6153316 -0.3485872 0.7070037 0.6316992 -0.3179657 0.7070035 0.639594 -0.3025173 0.7066844 0.6365227 -0.3010646 0.7100697 0.6396123 -0.3024975 0.7066762 0.4214757 -0.5682969 0.7066802 0.3637398 -0.6068747 0.7066799 0.5242486 -0.4751461 0.706682 0.5242529 -0.4751434 0.7066806 0.5781951 -0.4072292 0.7070041 0.5974925 -0.3783487 0.7070043 0.6068646 -0.3637557 0.7066804 0.6068741 -0.3637473 0.7066765 0.6039516 -0.3619956 0.7100715 0.363744 -0.6068707 0.7066812 0.3025029 -0.6396042 0.7066813 0.4751424 -0.5242518 0.7066821 0.475147 -0.5242496 0.7066808 0.5682966 -0.4214762 0.7066802 0.5683014 -0.4214726 0.7066784 0.5355055 -0.4619336 0.7070016 0.5575299 -0.435097 0.7070015 0.565564 -0.4194496 0.71007 0.3025145 -0.6395952 0.7066845 0.2383648 -0.6661674 0.7066848 0.4214757 -0.5682969 0.7066802 0.3637446 -0.6068717 0.7066801 0.4214707 -0.5682988 0.7066815 0.5217354 -0.4728589 0.710068 0.4876398 -0.5122087 0.7070005 0.5122087 -0.4876398 0.7070005 0.5242559 -0.4751433 0.7066786 0.5242496 -0.475147 0.7066808 0.1719255 -0.6863268 0.7066804 0.2383481 -0.6661778 0.7066805 0.3637541 -0.6068618 0.7066836 0.435097 -0.5575299 0.7070015 0.4619336 -0.5355055 0.7070016 0.4728588 -0.5217354 0.7100681 0.4751486 -0.5242513 0.7066784 0.4751419 -0.5242544 0.7066807 0.1038244 -0.6998725 0.7066818 0.1719279 -0.6863256 0.706681 0.3025176 -0.6396017 0.7066773 0.3024945 -0.6396058 0.7066834 0.3783487 -0.5974925 0.7070043 0.4072292 -0.5781951 0.7070041 0.4214714 -0.5682998 0.7066804 0.4194496 -0.565564 0.71007 0.3637557 -0.6068646 0.7066804 0.4214771 -0.5682979 0.7066786 0.03470849 -0.7066836 0.7066778 0.103808 -0.6998787 0.706678 0.2383475 -0.6661761 0.7066823 0.2383648 -0.6661747 0.7066777 0.3637473 -0.6068742 0.7066765 0.3179657 -0.6316992 0.7070035 0.3485872 -0.6153316 0.7070037 0.3619956 -0.6039516 0.7100715 0.1719123 -0.6863291 0.7066814 0.1719289 -0.6863294 0.7066771 0.2545166 -0.6598304 0.7069973 0.3010646 -0.6365227 0.7100697 0.286585 -0.6465476 0.7069974 0.3025205 -0.6396009 0.7066768 0.3024938 -0.6396044 0.7066851 0.0347088 -0.7066807 0.7066807 0.1038326 -0.6998756 0.7066774 0.03473696 -0.7066759 0.7066842 0.1038071 -0.6998726 0.7066841 0.1886392 -0.6815909 0.7070001 0.2218424 -0.6715186 0.7069998 0.2383641 -0.6661726 0.7066801 0.2372065 -0.6629771 0.7100665 0.23835 -0.6661731 0.7066844 0.1208926 -0.6968021 0.707002 0.1549459 -0.6900286 0.7070023 0.1719123 -0.6863291 0.7066814 0.1719163 -0.6863293 0.7066802 0.1710892 -0.6830272 0.710072 0.0172229 -0.7010703 0.712884 0.05202557 -0.7052997 0.7069977 0.1033225 -0.6965118 0.7100675 0.0865692 -0.7018976 0.7069976 0.1038325 -0.6998748 0.7066781 0.1038211 -0.699873 0.7066817 0.03472218 -0.7066823 0.7066784 0.7071068 0 0.7071068 0.7071068 0 0.7071068 0.08657573 -0.7018948 0.7069995 0.05202544 -0.7052979 0.7069995 0.01754396 -0.7147044 0.6992065 0.1043164 -0.7032545 0.7032433 0.154953 -0.6900296 0.7069997 0.1208997 -0.696803 0.7069998 0.03471686 -0.7066805 0.7066805 0.0347193 -0.7066799 0.7066811 0.221842 -0.6715173 0.7070011 0.1886261 -0.6815932 0.7070012 0.1727457 -0.6896439 0.7032426 0.1038172 -0.699874 0.7066812 0.1038152 -0.6998754 0.7066802 0.01712695 -0.6976981 0.7161871 0.05202798 -0.7052977 0.7069995 0.08656895 -0.7018955 0.7069996 0.03471611 -0.7066804 0.7066807 0.2865894 -0.646542 0.7070007 0.2545214 -0.659825 0.7070006 0.2395136 -0.6693891 0.7032436 0.1719152 -0.6863297 0.7066799 0.1719155 -0.6863295 0.7066802 0.1209065 -0.6968018 0.7069999 0.1549552 -0.6900292 0.7069997 0.1038161 -0.6998749 0.7066804 0.1038172 -0.6998742 0.7066811 0.1030686 -0.6948354 0.7117448 0.3039716 -0.6426909 0.7032422 0.3485896 -0.6153359 0.7069985 0.3179679 -0.6317035 0.7069986 0.2383628 -0.6661727 0.7066802 0.2383625 -0.666173 0.7066801 0.1886198 -0.6815965 0.7069998 0.2218369 -0.6715202 0.707 0.1719152 -0.6863296 0.7066801 0.1706796 -0.6813879 0.7117437 0.171917 -0.6863279 0.7066813 0.3654979 -0.6098039 0.7032428 0.4072219 -0.5782042 0.707001 0.3783554 -0.5974922 0.7070009 0.3025056 -0.6396043 0.70668 0.3025095 -0.6395996 0.7066826 0.2383623 -0.6661724 0.7066808 0.2366445 -0.6613753 0.7117459 0.2383613 -0.6661735 0.7066801 0.2545267 -0.6598237 0.707 0.2865917 -0.646542 0.7069997 0.4619398 -0.5355048 0.706998 0.435099 -0.5575324 0.7069982 0.4235177 -0.5710364 0.7032427 0.363741 -0.6068726 0.7066811 0.4214818 -0.5682912 0.7066811 0.3637432 -0.6068693 0.7066828 0.3179752 -0.6316997 0.7069988 0.3485782 -0.6153423 0.7069987 0.3003309 -0.6349967 0.7117447 0.3025089 -0.6396017 0.706681 0.3025061 -0.6396053 0.7066789 0.5121987 -0.48765 0.7070006 0.4876434 -0.5122052 0.7070006 0.4774386 -0.5267835 0.7032436 0.4214776 -0.5682921 0.7066829 0.3611268 -0.6024985 0.7117465 0.3783611 -0.5974885 0.707001 0.4072175 -0.5782071 0.707001 0.363746 -0.606874 0.7066773 0.3637477 -0.6068712 0.7066787 0.5575278 -0.4351008 0.7070007 0.535512 -0.4619273 0.7070009 0.5267816 -0.4774419 0.7032427 0.4751443 -0.5242521 0.7066807 0.4751464 -0.5242471 0.706683 0.5242496 -0.475147 0.7066808 0.4351006 -0.5575312 0.7069982 0.4619366 -0.5355075 0.7069981 0.4214737 -0.5683023 0.7066771 0.4184369 -0.5642076 0.7117446 0.4214782 -0.568293 0.7066818 0.5974943 -0.3783542 0.7069998 0.5782009 -0.4072285 0.7069998 0.5710375 -0.4235148 0.7032436 0.5242508 -0.4751464 0.7066802 0.4876513 -0.5121976 0.7070007 0.5121906 -0.4876584 0.7070008 0.4751503 -0.5242514 0.7066773 0.4751538 -0.5242421 0.7066818 0.4717341 -0.5204691 0.7117435 0.6098071 -0.3654955 0.7032413 0.6317017 -0.3179739 0.7069975 0.6153401 -0.3485842 0.7069976 0.5682945 -0.4214804 0.7066793 0.5682949 -0.4214783 0.7066802 0.5242508 -0.4751464 0.7066803 0.5355119 -0.4619273 0.7070009 0.5575287 -0.4350997 0.7070007 0.524249 -0.4751534 0.706677 0.5204692 -0.4717276 0.7117478 0.5682949 -0.4214783 0.7066802 0.6426932 -0.3039727 0.7032397 0.6598295 -0.2545163 0.7069983 0.6465444 -0.2865897 0.7069984 0.6068723 -0.3637449 0.7066793 0.6068732 -0.363737 0.7066827 0.5682966 -0.4214775 0.7066793 0.5782086 -0.4072172 0.7069999 0.5974921 -0.3783576 0.7069998 0.564203 -0.4184415 0.7117456 0.6693915 -0.2395114 0.703242 0.6815919 -0.1886356 0.7070001 0.6715198 -0.2218383 0.7069999 0.6395988 -0.3025092 0.7066835 0.6395988 -0.302511 0.7066827 0.6068691 -0.3637499 0.7066795 0.615338 -0.3485882 0.7069976 0.6068695 -0.3637433 0.7066826 0.6317027 -0.3179721 0.7069975 0.6024998 -0.361131 0.7117431 0.689643 -0.1727547 0.7032413 0.6968021 -0.120895 0.7070016 0.6900292 -0.154946 0.7070017 0.6661731 -0.2383523 0.7066835 0.6661738 -0.2383602 0.7066801 0.6661779 -0.2383541 0.7066784 0.6465451 -0.286588 0.7069985 0.6598263 -0.2545242 0.7069983 0.6349998 -0.3003274 0.7117435 0.6396026 -0.3025128 0.7066786 0.6396022 -0.3025042 0.7066825 0.7146966 -0.017558 0.6992142 0.705294 -0.05202414 0.7070035 0.7018917 -0.08656847 0.7070037 0.7032519 -0.104316 0.703246 0.6863292 -0.1719165 0.7066802 0.686331 -0.171925 0.7066765 0.6715102 -0.2218519 0.7070048 0.6815907 -0.1886208 0.7070051 0.666175 -0.2383568 0.7066802 0.6613781 -0.2366405 0.7117445 0.7066835 -0.03470882 0.706678 0.6998774 -0.1038155 0.7066782 0.6998784 -0.1038189 0.7066766 0.7066805 -0.03471988 0.7066805 0.6900292 -0.154946 0.7070017 0.6968006 -0.1209031 0.7070017 0.6863284 -0.1719196 0.7066802 0.6863276 -0.1719161 0.706682 0.6813822 -0.1706807 0.7117488 0.6948349 -0.1030735 0.7117444 0.7018968 -0.08657023 0.7069983 0.7052985 -0.0520333 0.7069982 0.6976969 -0.01712217 0.7161884 0.7066781 -0.03470889 0.7066834 0.6998717 -0.1038179 0.7066835 0.6998726 -0.1038208 0.706682 0 -0.7071068 0.7071068 0 -0.7071068 0.7071068 0.03505239 -0.7066721 0.7066724 0.1048211 -0.7066721 0.6997336 0.1735548 -0.7066722 0.685925 0.1048206 -0.7066723 0.6997335 0.2405876 -0.7066708 0.6653826 0.1735596 -0.7066712 0.6859249 0.03505351 -0.7066722 0.7066722 0.03505239 -0.7066721 0.7066724 0.3052657 -0.7066705 0.6383021 0.240587 -0.7066709 0.6653827 0.1048202 -0.7066721 0.6997336 0.1048206 -0.7066723 0.6997334 0.3669242 -0.7066725 0.6049634 0.3052575 -0.7066724 0.6383041 0.1735559 -0.7066722 0.6859248 0.1735591 -0.7066732 0.685923 0.08740772 -0.7069982 0.7017931 0.05252992 -0.7069981 0.7052618 0.01737463 -0.7129999 0.7009488 0.03505408 -0.7066721 0.7066723 0.4250073 -0.7066703 0.5656731 0.3669324 -0.7066706 0.6049605 0.2405861 -0.7066734 0.6653804 0.2405858 -0.7066733 0.6653805 0.1043082 -0.710127 0.6963041 0.1564339 -0.7069983 0.689697 0.1220744 -0.7069983 0.6965998 0.1048203 -0.7066715 0.6997342 0.1048219 -0.7066721 0.6997334 0.4789012 -0.7066711 0.5208355 0.4250027 -0.7066713 0.5656751 0.3052628 -0.7066735 0.6383002 0.3052578 -0.7066718 0.6383046 0.2239191 -0.7069969 0.670832 0.190413 -0.706997 0.6811007 0.1735536 -0.7066716 0.685926 0.1735558 -0.7066724 0.6859245 0.1727031 -0.7101262 0.6825647 0.5280812 -0.7066743 0.4708946 0.4788914 -0.7066736 0.5208412 0.3669307 -0.706674 0.6049576 0.3669253 -0.7066719 0.6049633 0.2405866 -0.7066709 0.6653829 0.2892179 -0.7069989 0.6453724 0.2568831 -0.7069988 0.6589109 0.2405907 -0.7066725 0.6653796 0.2394119 -0.7101267 0.6621194 0.5280948 -0.7066706 0.4708849 0.5721133 -0.7066701 0.4162978 0.4249998 -0.7066742 0.5656737 0.4250008 -0.7066746 0.5656725 0.3516607 -0.7069984 0.6135861 0.3208324 -0.7069983 0.6302538 0.3037624 -0.7101265 0.6351761 0.3052589 -0.7066707 0.6383052 0.3052632 -0.7066725 0.6383011 0.5720969 -0.7066748 0.4163122 0.6104805 -0.7066757 0.3576634 0.4788938 -0.7066699 0.5208439 0.4789033 -0.7066746 0.5208288 0.4106539 -0.7069972 0.5757762 0.3816402 -0.7069972 0.5954038 0.3669257 -0.7066711 0.6049641 0.3651304 -0.7101275 0.6019957 0.3669287 -0.7066724 0.6049607 0.6429022 -0.7066677 0.2954617 0.610503 -0.7066685 0.3576392 0.5280917 -0.7066747 0.4708821 0.5280842 -0.7066702 0.4708972 0.46563 -0.7069972 0.5323002 0.4386922 -0.7069973 0.5547105 0.4249996 -0.7066711 0.5656778 0.4250012 -0.7066718 0.5656756 0.4229157 -0.7101277 0.5629041 0.5721052 -0.7066746 0.4163011 0.5721002 -0.7066708 0.4163145 0.5160226 -0.7069998 0.483603 0.4914219 -0.7069997 0.5085824 0.4789034 -0.7066746 0.5208288 0.4765522 -0.7101259 0.5182847 0.5280809 -0.7066748 0.4708942 0.4788989 -0.7066717 0.5208368 0.642891 -0.7066722 0.2954752 0.6428869 -0.7066731 0.2954819 0.610499 -0.7066731 0.3576368 0.6104966 -0.7066708 0.3576455 0.561344 -0.7069967 0.4301727 0.539361 -0.7069968 0.4574334 0.5255024 -0.7101281 0.4685778 0.5280926 -0.7066706 0.4708874 0.6011735 -0.7070013 0.3724779 0.5819735 -0.7070014 0.4018158 0.5721084 -0.7066708 0.4163033 0.5693009 -0.710129 0.4142623 0.5721079 -0.7066703 0.4163048 0.6441584 -0.7130051 0.2769184 0.6350749 -0.7069991 0.3111787 0.6188778 -0.7069986 0.3422617 0.642892 -0.7066729 0.2954714 0.6075009 -0.7101258 0.3558989 0.6104947 -0.7066729 0.3576445 0.6104931 -0.7066706 0.3576518 0.6830173 -0.7204364 0.1202445 0.6847066 -0.7104366 0.1626549 0.6779538 -0.7062836 0.203819 0.6627446 -0.7083519 0.2429142 0.6665688 -0.7068258 0.2368194 0.6905074 -0.7061272 0.1567927 0.6693848 -0.708721 0.2227971 0.6974194 -0.7021053 0.1437163 0.6905004 -0.7060791 0.15704 0.666616 -0.7068404 0.2366429 -0.4659883 -0.5234129 0.7133679 -0.427238 -0.545181 0.7212803 -0.4469875 -0.5285764 0.7216711 -0.4778438 -0.5079541 0.7166924 -0.3963455 -0.5589423 0.72835 -0.4376428 -0.5311674 0.725486 -0.2552718 -0.6350394 0.7290824 -0.2733857 -0.6156176 0.7391043 -0.223149 -0.6445207 0.7312986 -0.2348896 -0.6342 0.7366256 -0.1914978 -0.653569 0.7322405 -0.04185671 -0.704321 0.7086465 -0.06307575 -0.6844139 0.7263601 -0.006028123 -0.7090875 0.7050948 -0.01980968 -0.6988434 0.7150003 0.2607462 -0.7445053 0.6145919 0.2273719 -0.7421975 0.6304323 0.3684836 -0.7474316 0.5527802 0.3643986 -0.7459944 0.55741 0.4624714 -0.7370211 0.4928693 0.5074133 -0.7392721 0.4427285 0.4780507 -0.7410219 0.4715444 0.5011626 -0.7358326 0.4553971 0.5925221 -0.7266083 0.34779 0.5889727 -0.7243916 0.3582848 0.600448 -0.7251213 0.3371371 0.6163712 -0.7211497 0.3162747 0.6156279 -0.7208489 0.3184009 0.6246786 -0.7201351 0.301964 0.6363733 -0.7168819 0.284797 0.6346437 -0.7160794 0.2906162 -0.2970404 -0.6053124 0.7384876 -0.2943054 -0.6312866 0.7175386 -0.3119745 -0.6043669 0.7330843 -0.342661 -0.5900972 0.7310052 -0.3215654 -0.5999128 0.7325984 -0.3685211 -0.5266542 0.7660467 -0.3548091 -0.5768902 0.7357365 -0.3160478 -0.5995383 0.735301 -0.3338283 -0.5903783 0.7348551 -0.3736917 -0.5775574 0.7257974 -0.3765665 -0.5771902 0.7246026 -0.1701731 -0.6683686 0.7241026 -0.09446066 -0.6745725 0.7321402 -0.1020462 -0.7253608 0.680763 -0.1092001 -0.6916549 0.713925 -0.1302615 -0.6722986 0.7287293 -0.164928 -0.6673747 0.7262298 -0.1794292 -0.632834 0.7532107 -0.1550673 -0.6654978 0.7301143 -0.103611 -0.6684505 0.7365044 -0.1797059 -0.6450554 0.742704 -0.127264 -0.6765606 0.7253066 0.09673741 -0.7338168 0.6724246 0.06663691 -0.71996 0.690809 0.02092367 -0.7242537 0.6892161 0.05044765 -0.713604 0.6987306 0.03131181 -0.7032678 0.7102352 0.0654816 -0.7213995 0.6894163 0.03375367 -0.7153588 0.6979416 0.1035917 -0.7537149 0.6489859 0.2048934 -0.7612105 0.6152862 0.1845978 -0.7374931 0.6496365 0.1362157 -0.7405903 0.6580054 0.1311768 -0.6974493 0.7045261 0.1069635 -0.737038 0.6673334 0.1437378 -0.7277679 0.6705917 0.1696602 -0.7365197 0.6547933 0.2082485 -0.7290013 0.6520656 0.2061651 -0.7492178 0.6294193 0.1991091 -0.7330636 0.6503641 0.1320321 -0.7227841 0.6783441 0.1296344 -0.7117891 0.6903269 0.3295561 -0.7520972 0.5707386 0.2983073 -0.745886 0.5955391 0.2810705 -0.752184 0.5960021 0.3286786 -0.7469131 0.5780061 0.272898 -0.7374678 0.6177928 0.2731235 -0.7249104 0.6323831 0.2859939 -0.7431751 0.6048951 0.3119476 -0.7456151 0.5888522 0.3510889 -0.7322827 0.5835226 0.3179056 -0.750093 0.5799108 0.4475017 -0.7711136 0.4529084 0.4411188 -0.7432134 0.5030388 0.3983479 -0.7520784 0.5250686 0.4629174 -0.7373573 0.4919468 0.4133525 -0.7434751 0.5257229 0.4002053 -0.733595 0.5492486 0.4125369 -0.7453681 0.5236791 0.4370223 -0.7424081 0.5077811 0.4282405 -0.7464184 0.5093816 0.3998829 -0.748178 0.5294556 0.5327154 -0.7390767 0.412286 0.5666893 -0.730133 0.3817972 0.566465 -0.7312573 0.3799739 0.5374249 -0.7360446 0.4115978 0.5311735 -0.730321 0.4295185 0.535157 -0.7176431 0.4456404 0.5590069 -0.7337469 0.3861693 0.5384948 -0.7320201 0.4173368 0.5535869 -0.7324999 0.3962139 0.58027 -0.7194447 0.3816883 0.6975026 -0.707188 0.1156514 0.6970109 -0.7074911 0.1167565 0.6438956 -0.7165517 0.268239 0.6527848 -0.7129302 0.2561296 0.6836868 -0.7079016 0.1773352 0.6907424 -0.7080471 0.1467793 0.6915241 -0.7074233 0.1461044 0.6912409 -0.7080292 0.1445021 0.6846858 -0.7079612 0.1731941 0.6912437 -0.7080252 0.1445076 0.6621168 -0.7103234 0.2388347 0.6721982 -0.7107052 0.2074797 0.690758 -0.6966006 0.1939099 0.6742257 -0.7106912 0.2008425 0.6653532 -0.7105299 0.2290244 0.6621143 -0.7103283 0.2388273 0.6807429 -0.7076498 0.1892643 0.6677477 -0.7208487 0.1857156 0.6617435 -0.7131704 0.2312648 0.6773821 -0.7105934 0.1902906 0.699294 -0.7072719 0.1037039 0.6996539 -0.7072752 0.1012243 0.7002348 -0.7072711 0.09715416 0.6994408 -0.7072721 0.1027065 0.6994166 -0.7072833 0.1027946 0.6994476 -0.7072719 0.1026617 -0.7070042 -0.01703617 0.7070042 -0.7070038 -0.017037 0.7070045 -0.7053627 -0.05106901 0.7070045 -0.7053627 -0.05106901 0.7070044 -0.7020852 -0.08498203 0.707004 -0.7020844 -0.08498336 0.7070045 -0.6971787 -0.1186924 0.7070035 -0.6971781 -0.1186934 0.7070039 -0.6906496 -0.1521427 0.7070047 -0.6906514 -0.15214 0.7070035 -0.6825224 -0.1852234 0.7070044 -0.6825222 -0.1852238 0.7070047 -0.67281 -0.2178834 0.7070032 -0.6728077 -0.2178862 0.7070045 -0.661532 -0.250039 0.7070049 -0.661535 -0.2500357 0.7070032 -0.6487244 -0.2816078 0.7070033 -0.6487216 -0.2816106 0.7070048 -0.6344089 -0.3125261 0.7070026 -0.6344076 -0.3125273 0.7070033 -0.6186168 -0.3427199 0.7070052 -0.6186219 -0.3427157 0.7070028 -0.6013975 -0.3721142 0.7070022 -0.6013911 -0.3721189 0.7070051 -0.5827745 -0.4006501 0.7070029 -0.5827762 -0.4006491 0.7070023 -0.541521 -0.454861 0.7070053 -0.5627981 -0.4282542 0.7070053 -0.5628034 -0.4282511 0.7070031 -0.5415201 -0.4548638 0.7070043 -0.7071068 0 0.7071068 -0.7071068 0 0.7071068 -0.03471397 -0.7066806 0.7066806 -0.01756089 -0.7155656 0.6983249 -0.05203235 -0.7052946 0.7070022 -0.08656864 -0.7018933 0.7070019 -0.1209037 -0.6968038 0.7069983 -0.1549467 -0.6900326 0.7069983 -0.1043853 -0.703678 0.7028095 -0.08656868 -0.7018937 0.7070014 -0.05202526 -0.7052958 0.7070016 -0.01712646 -0.6976968 0.7161884 -0.03472218 -0.7066823 0.7066784 -0.1728515 -0.6900623 0.7028061 -0.1886209 -0.6816 0.7069961 -0.2218657 -0.6715153 0.7069957 -0.1038206 -0.6998711 0.7066836 -0.1549596 -0.6900285 0.7069994 -0.1209064 -0.6968024 0.7069993 -0.1030644 -0.6948355 0.7117454 -0.1719156 -0.6863258 0.7066837 -0.1038122 -0.6998771 0.7066788 -0.2396538 -0.6697928 0.7028112 -0.2545197 -0.6598239 0.7070021 -0.2865761 -0.646546 0.7070025 -0.2218418 -0.6715167 0.7070017 -0.1886132 -0.6815965 0.7070016 -0.1706821 -0.6813881 0.7117429 -0.1719192 -0.6863266 0.706682 -0.3179745 -0.6316983 0.7070003 -0.3485969 -0.6153305 0.7069998 -0.304152 -0.6430802 0.7028081 -0.238359 -0.6661721 0.7066821 -0.2865961 -0.6465416 0.7069984 -0.2545279 -0.6598244 0.7069988 -0.2383585 -0.6661727 0.7066818 -0.236643 -0.6613761 0.7117456 -0.3783535 -0.5974948 0.7069998 -0.4072239 -0.5782043 0.7069997 -0.3657244 -0.6101657 0.7028112 -0.3025076 -0.6396036 0.7066799 -0.3485785 -0.6153407 0.707 -0.3179674 -0.6317025 0.7069997 -0.3003336 -0.6349975 0.7117428 -0.3025104 -0.6395999 0.706682 -0.4237582 -0.5713875 0.7028124 -0.4350839 -0.5575406 0.7070011 -0.4619293 -0.5355096 0.7070013 -0.4072229 -0.5782055 0.7069992 -0.3783611 -0.5974903 0.7069994 -0.4214669 -0.568298 0.7066845 -0.3637425 -0.6068726 0.7066804 -0.3611226 -0.6025015 0.711746 -0.3637466 -0.6068659 0.7066839 -0.4876581 -0.5121903 0.707001 -0.5121996 -0.4876486 0.7070009 -0.4777352 -0.5270948 0.7028089 -0.4619361 -0.5355085 0.7069976 -0.4350994 -0.557533 0.7069976 -0.4184414 -0.5642071 0.7117423 -0.4214745 -0.5682967 0.706681 -0.5271031 -0.477726 0.7028089 -0.5355119 -0.4619313 0.7069982 -0.557529 -0.4351035 0.7069981 -0.5121956 -0.4876536 0.7070006 -0.4876471 -0.5122019 0.7070004 -0.4717325 -0.5204718 0.7117426 -0.5242533 -0.4751433 0.7066806 -0.4751521 -0.5242448 0.7066808 -0.4751521 -0.5242448 0.7066809 -0.5713757 -0.4237783 0.70281 -0.5782057 -0.4072118 0.7070055 -0.5974762 -0.3783717 0.7070057 -0.5575309 -0.4350979 0.707 -0.5355123 -0.4619275 0.7070004 -0.5242462 -0.4751459 0.706684 -0.5204726 -0.4717258 0.7117465 -0.6153417 -0.3485825 0.706997 -0.631709 -0.3179615 0.7069965 -0.610176 -0.365714 0.7028076 -0.597492 -0.3783484 0.7070048 -0.5781946 -0.4072288 0.7070047 -0.5682941 -0.4214726 0.7066843 -0.5682912 -0.4214906 0.7066759 -0.5642051 -0.41844 0.7117447 -0.646543 -0.2865829 0.7070023 -0.6598216 -0.2545259 0.7070022 -0.6430779 -0.3041552 0.7028089 -0.6396 -0.3025103 0.706682 -0.6316981 -0.317972 0.7070016 -0.6153368 -0.3485823 0.7070014 -0.6024987 -0.3611253 0.7117471 -0.6068749 -0.3637356 0.7066819 -0.6068742 -0.363748 0.7066762 -0.6697881 -0.2396633 0.7028125 -0.6715142 -0.2218349 0.7070062 -0.6815856 -0.1886351 0.7070063 -0.6598264 -0.254515 0.7070016 -0.6465413 -0.2865883 0.7070018 -0.6396027 -0.3025082 0.7066804 -0.6349948 -0.3003289 0.7117472 -0.6900268 -0.1549272 0.7070081 -0.6967908 -0.1209229 0.7070081 -0.6900566 -0.1728501 0.7028121 -0.6661728 -0.238362 0.7066805 -0.6863323 -0.1719172 0.7066771 -0.6815938 -0.1886362 0.7069981 -0.6715217 -0.2218389 0.7069981 -0.661377 -0.236646 0.7117438 -0.6661739 -0.2383701 0.7066768 -0.7018947 -0.08658718 0.7069982 -0.7053016 -0.05199615 0.7069979 -0.715556 -0.01757924 0.6983342 -0.7036765 -0.1043768 0.7028121 -0.6863298 -0.17192 0.7066787 -0.6968051 -0.1208955 0.7069985 -0.6813852 -0.1706814 0.7117457 -0.6900322 -0.1549468 0.7069987 -0.7066805 -0.03471839 0.7066805 -0.6977041 -0.01714048 0.7161809 -0.7052999 -0.05202463 0.7069976 -0.7018977 -0.08656918 0.7069974 -0.6998776 -0.1038133 0.7066782 -0.6948394 -0.1030649 0.7117414 -0.6998772 -0.1038122 0.7066787 -0.7066836 -0.03470785 0.7066779 0 -0.7071068 0.7071068 0 -0.7071068 0.7071068 0.7066806 -0.03471356 0.7066806 0.715556 -0.01757924 0.6983342 0.7053016 -0.05199615 0.7069979 0.7018947 -0.08658718 0.7069982 0.6967908 -0.1209229 0.7070081 0.6900268 -0.1549272 0.7070081 0.7036765 -0.1043768 0.702812 0.7018977 -0.08656918 0.7069974 0.7052999 -0.05202463 0.7069976 0.6977041 -0.01714048 0.7161809 0.7066826 -0.03472253 0.7066782 0.6900566 -0.1728501 0.702812 0.6815856 -0.1886351 0.7070063 0.6715142 -0.2218349 0.7070062 0.699877 -0.1038132 0.7066788 0.6900322 -0.1549468 0.7069987 0.6968051 -0.1208955 0.7069985 0.6948394 -0.1030649 0.7117414 0.6998777 -0.1038123 0.7066783 0.6697881 -0.2396633 0.7028125 0.6598216 -0.2545259 0.7070022 0.646543 -0.2865829 0.7070023 0.6715217 -0.2218389 0.7069981 0.6815938 -0.1886362 0.7069981 0.6863298 -0.17192 0.7066787 0.6813852 -0.1706814 0.7117457 0.6863323 -0.1719172 0.7066771 0.631709 -0.3179615 0.7069965 0.6153417 -0.3485825 0.706997 0.6430779 -0.3041552 0.702809 0.6465413 -0.2865883 0.7070018 0.6598264 -0.254515 0.7070016 0.6661702 -0.2383688 0.7066807 0.6661762 -0.2383632 0.706677 0.661377 -0.236646 0.7117438 0.5974762 -0.3783717 0.7070057 0.5782057 -0.4072118 0.7070055 0.610176 -0.365714 0.7028076 0.6396 -0.3025103 0.706682 0.6396027 -0.3025082 0.7066804 0.6153368 -0.3485823 0.7070014 0.6316981 -0.317972 0.7070016 0.6349949 -0.3003289 0.7117473 0.557529 -0.4351035 0.7069981 0.5355119 -0.4619313 0.7069982 0.5713757 -0.4237783 0.70281 0.60688 -0.3637386 0.7066759 0.6024987 -0.3611253 0.7117471 0.5781946 -0.4072288 0.7070047 0.597492 -0.3783484 0.7070048 0.5682912 -0.4214906 0.7066759 0.6068695 -0.3637452 0.7066817 0.5121996 -0.4876486 0.7070009 0.4876581 -0.5121903 0.707001 0.527103 -0.477726 0.7028088 0.5355123 -0.4619275 0.7070004 0.5575309 -0.4350979 0.707 0.5642051 -0.41844 0.7117447 0.5682941 -0.4214726 0.7066843 0.4777352 -0.5270948 0.7028088 0.4619293 -0.5355096 0.7070013 0.4350839 -0.5575406 0.7070011 0.4876471 -0.5122019 0.7070004 0.5121956 -0.4876536 0.7070006 0.5242462 -0.4751459 0.706684 0.5204726 -0.4717258 0.7117465 0.5242533 -0.4751433 0.7066806 0.4072239 -0.5782043 0.7069997 0.3783535 -0.5974948 0.7069998 0.4237582 -0.5713875 0.7028124 0.4350994 -0.557533 0.7069976 0.4619361 -0.5355085 0.7069976 0.4717325 -0.5204718 0.7117426 0.4751521 -0.5242448 0.7066808 0.4751522 -0.5242448 0.7066809 0.3485969 -0.6153305 0.7069998 0.3179745 -0.6316983 0.7070003 0.3657244 -0.6101657 0.7028112 0.4184414 -0.5642071 0.7117423 0.3783611 -0.5974903 0.7069994 0.4072229 -0.5782055 0.7069992 0.4214745 -0.5682967 0.706681 0.3637466 -0.6068659 0.7066839 0.4214669 -0.568298 0.7066845 0.304152 -0.6430803 0.7028081 0.2865761 -0.646546 0.7070025 0.2545197 -0.6598239 0.7070021 0.3611226 -0.6025015 0.711746 0.3179674 -0.6317025 0.7069997 0.3485785 -0.6153407 0.707 0.3637425 -0.6068726 0.7066804 0.2396538 -0.6697928 0.7028112 0.2218657 -0.6715153 0.7069957 0.1886209 -0.6816 0.7069961 0.2545279 -0.6598244 0.7069988 0.2865961 -0.6465416 0.7069984 0.3025113 -0.6396017 0.7066799 0.3003337 -0.6349976 0.7117428 0.3025066 -0.6396015 0.7066821 0.1549467 -0.6900326 0.7069983 0.1209037 -0.6968038 0.7069983 0.1728516 -0.6900623 0.7028061 0.2383591 -0.6661725 0.7066818 0.1886132 -0.6815965 0.7070016 0.2218418 -0.6715167 0.7070017 0.236643 -0.6613761 0.7117456 0.2383583 -0.6661724 0.7066822 0.1719161 -0.6863275 0.706682 0.1043853 -0.7036779 0.7028094 0.08656864 -0.7018933 0.7070019 0.05203235 -0.7052946 0.7070022 0.01756089 -0.7155656 0.6983249 0.1209064 -0.6968024 0.7069993 0.1549596 -0.6900285 0.7069994 0.1719188 -0.6863251 0.7066836 0.1706821 -0.681388 0.7117428 0.03471839 -0.7066805 0.7066805 0.01712646 -0.6976968 0.7161884 0.05202526 -0.7052958 0.7070016 0.08656868 -0.7018937 0.7070014 0.1038115 -0.6998727 0.7066834 0.1030644 -0.6948355 0.7117454 0.03470873 -0.7066833 0.7066781 0.1038213 -0.699876 0.7066787 0.7071068 0 0.7071068 0.7071068 0 0.7071068 0.01757017 0.7155629 0.6983272 0.05202343 0.7052974 0.7070001 0.08656888 0.7018952 0.7069998 0.1209033 0.6968019 0.7070004 0.1549551 0.6900287 0.7070001 0.1043772 0.7036791 0.7028095 0.08657576 0.701895 0.7069993 0.05202541 0.7052978 0.7069995 0.01712651 0.6976989 0.7161865 0.03471465 0.7066805 0.7066805 0.03472213 0.7066783 0.7066825 0.1728547 0.6900585 0.702809 0.1886204 0.6815981 0.7069981 0.2218485 0.6715187 0.7069979 0.1038131 0.6998764 0.7066795 0.1549526 0.690028 0.7070014 0.1208994 0.6968017 0.7070012 0.1030719 0.6948363 0.7117434 0.103819 0.6998723 0.7066827 0.2396504 0.669795 0.7028102 0.2545197 0.6598239 0.7070021 0.2865839 0.6465427 0.7070024 0.2218424 0.6715184 0.7069999 0.1886265 0.6815946 0.7069998 0.1719162 0.6863297 0.7066798 0.1706779 0.6813861 0.7117457 0.1719199 0.6863264 0.7066821 0.3179753 0.6316999 0.7069985 0.3485977 0.6153319 0.706998 0.3041587 0.6430771 0.7028081 0.238359 0.6661721 0.7066821 0.2865902 0.646544 0.7069985 0.2545221 0.6598267 0.7069987 0.2383555 0.6661759 0.7066798 0.2366436 0.6613778 0.7117437 0.3783479 0.5975003 0.706998 0.4072309 0.5782014 0.7069979 0.3657218 0.6101682 0.7028103 0.3025112 0.6396015 0.7066802 0.3485881 0.6153334 0.7070016 0.3179666 0.631701 0.7070015 0.3003329 0.6349959 0.7117446 0.3025135 0.6395985 0.7066819 0.4350839 0.5575406 0.7070011 0.4619346 0.5355051 0.7070011 0.4237582 0.5713875 0.7028124 0.3637437 0.6068678 0.7066839 0.3611235 0.6025029 0.7117444 0.4072229 0.5782055 0.7069992 0.3783562 0.5974935 0.7069994 0.3637416 0.6068711 0.7066821 0.4876486 0.5121996 0.7070009 0.5121996 0.4876486 0.7070009 0.4777313 0.5270952 0.7028111 0.4619391 0.5355039 0.7069991 0.4214701 0.5683022 0.7066792 0.4350985 0.5575317 0.7069991 0.421475 0.5682923 0.7066844 0.4184434 0.5642046 0.7117432 0.5271031 0.477726 0.7028089 0.5355147 0.4619258 0.7069996 0.557528 0.4351027 0.7069994 0.5121999 0.4876511 0.7069991 0.4876445 0.5122064 0.7069988 0.5242533 0.4751433 0.7066806 0.4751499 0.524247 0.7066808 0.4717295 0.5204766 0.7117411 0.4751489 0.5242495 0.7066795 0.5782066 0.4072125 0.7070044 0.5974771 0.3783723 0.7070045 0.5713786 0.4237743 0.7028099 0.5575303 0.4351027 0.7069976 0.5355142 0.4619293 0.7069978 0.5204747 0.4717276 0.7117438 0.5242462 0.4751459 0.706684 0.6153405 0.348587 0.706996 0.6317118 0.3179583 0.7069956 0.6101753 0.3657161 0.7028071 0.564207 0.4184386 0.7117441 0.5974909 0.3783521 0.7070038 0.5781978 0.4072262 0.7070037 0.5682931 0.4214859 0.7066772 0.606878 0.3637398 0.706677 0.5682955 0.4214708 0.7066842 0.6465423 0.2865866 0.7070015 0.6598235 0.2545231 0.7070014 0.6430779 0.3041552 0.7028089 0.6316987 0.3179689 0.7070025 0.6153343 0.3485847 0.7070025 0.6024987 0.3611253 0.7117471 0.6068695 0.3637452 0.7066817 0.6715149 0.2218352 0.7070057 0.6815854 0.1886376 0.7070059 0.6697889 0.2396622 0.7028121 0.6598278 0.2545156 0.7070001 0.6465439 0.2865864 0.7070001 0.6396008 0.3025106 0.7066811 0.6396006 0.302509 0.7066818 0.6349945 0.3003305 0.7117468 0.6900575 0.1728504 0.7028111 0.6900277 0.1549274 0.7070073 0.696792 0.12092 0.7070073 0.6661726 0.2383605 0.7066812 0.6815938 0.1886381 0.7069975 0.6715222 0.2218391 0.7069974 0.6613783 0.2366451 0.7117429 0.6863317 0.1719171 0.7066776 0.6661737 0.2383685 0.7066775 0.7036765 0.1043768 0.7028121 0.7018948 0.08658832 0.7069979 0.7053016 0.05199683 0.7069979 0.7155563 0.01757902 0.6983339 0.6968051 0.1208955 0.7069985 0.6900322 0.1549468 0.7069987 0.6863294 0.1719199 0.7066793 0.6813852 0.1706814 0.7117457 0.6998768 0.1038132 0.7066792 0.7066805 0.03471858 0.7066805 0.6977041 0.01714048 0.716181 0.7052997 0.0520241 0.7069978 0.7018971 0.08656995 0.7069979 0.6948393 0.1030644 0.7117416 0.7066836 0.03470807 0.7066779 0.6998777 0.1038117 0.7066783 0.7070002 0.01735886 0.7070002 0.7070005 0.01735787 0.707 0.01735511 0.7070003 0.7070003 0.01735647 0.7070006 0.7069999 0.7052993 0.05202675 0.7069981 0.7018976 0.08656482 0.7069981 0.7018959 0.08658049 0.7069979 0.7053 0.05201888 0.7069979 0.7052975 0.0520229 0.707 0.6968043 0.1209131 0.7069963 0.6900336 0.1549514 0.7069963 0.6900271 0.1549559 0.7070017 0.6968011 0.1209006 0.7070016 0.6906637 0.1024485 0.7158826 0.708352 0.1050723 0.6979952 0.6815963 0.188619 0.7070002 0.6715192 0.2218385 0.7070003 0.6772984 0.1696558 0.7158797 0.6946416 0.1740001 0.697995 0.6715198 0.2218378 0.7070001 0.6815969 0.1886177 0.707 0.659825 0.2545261 0.7069989 0.6465445 0.286588 0.706999 0.6742463 0.2412487 0.6979906 0.6574053 0.2352229 0.715883 0.6465408 0.2865856 0.7070034 0.6598191 0.2545287 0.7070035 0.6316962 0.3179742 0.7070025 0.6153346 0.3485846 0.7070023 0.6153387 0.3485881 0.7069969 0.6317034 0.317972 0.7069969 0.6311801 0.2985294 0.7158853 0.647352 0.3061782 0.6979902 0.5974922 0.3783576 0.7069998 0.5782072 0.4072192 0.7069999 0.5782062 0.4072222 0.7069991 0.5974936 0.3783566 0.7069991 0.5988845 0.3589556 0.7158828 0.6142263 0.3681511 0.6979904 0.5575286 0.4350999 0.7070007 0.5355065 0.4619337 0.7070007 0.5355073 0.4619342 0.7069998 0.557529 0.4351006 0.7069999 0.5751814 0.4265846 0.6979914 0.5608156 0.4159302 0.7158826 0.5122003 0.4876485 0.7070006 0.4876498 0.5121989 0.7070006 0.5305995 0.4809051 0.6979931 0.5173496 0.4688961 0.7158812 0.4876535 0.5121953 0.7070007 0.5121995 0.4876493 0.7070006 0.4688983 0.517348 0.7158809 0.4619339 0.5355097 0.7069981 0.4351002 0.5575315 0.7069982 0.4350996 0.5575277 0.7070015 0.4619301 0.5355084 0.7070017 0.4809082 0.5305988 0.6979915 0.4072222 0.5782039 0.7070009 0.3783547 0.5974926 0.7070009 0.3783588 0.5974899 0.707001 0.4072174 0.5782072 0.707001 0.4265827 0.575182 0.6979921 0.41593 0.5608184 0.7158805 0.3485855 0.6153381 0.7069986 0.3179739 0.6317004 0.7069988 0.358959 0.5988845 0.7158812 0.3179706 0.631698 0.7070023 0.3485809 0.6153364 0.7070025 0.3681529 0.6142235 0.697992 0.2865897 0.6465419 0.7070007 0.2545233 0.6598243 0.7070006 0.2545215 0.6598271 0.7069986 0.2865955 0.6465417 0.7069984 0.3061725 0.6473523 0.6979924 0.2985257 0.6311843 0.7158833 0.24125 0.6742449 0.6979915 0.2218402 0.6715192 0.7069999 0.1886223 0.6815957 0.707 0.1886221 0.6815944 0.7070012 0.2218387 0.6715184 0.7070012 0.2352246 0.6574051 0.7158826 0.173999 0.6946441 0.6979927 0.1696537 0.6772965 0.7158819 0.1549512 0.6900302 0.7069997 0.1209073 0.6968021 0.7069995 0.1209064 0.6968018 0.707 0.1549543 0.6900293 0.7069997 0.1050746 0.7083553 0.6979915 0.1024504 0.6906641 0.715882 0.08657134 0.7018946 0.7070003 0.05202409 0.7052971 0.7070004 0.05202687 0.7052965 0.7070009 0.0865688 0.7018943 0.707001 0.05202509 0.7052976 0.7069999 0.7071068 0 0.7071068 0.7071068 0 0.7071068 0.01735646 -0.7070003 0.7070003 0.01735512 -0.7070007 0.707 0.7070003 -0.01735786 0.7070003 0.7070005 -0.01735887 0.707 0.05202409 -0.7052971 0.7070004 0.08657134 -0.7018946 0.7070003 0.0865688 -0.7018943 0.7070009 0.05202687 -0.7052965 0.7070009 0.05202508 -0.7052975 0.7069999 0.1209073 -0.6968021 0.7069995 0.1549512 -0.6900302 0.7069997 0.1549543 -0.6900293 0.7069997 0.1209064 -0.6968018 0.7069999 0.1024504 -0.6906641 0.715882 0.1050746 -0.7083553 0.6979915 0.1886223 -0.6815957 0.7069999 0.2218402 -0.6715192 0.7069999 0.1696537 -0.6772965 0.7158819 0.173999 -0.6946441 0.6979927 0.2218387 -0.6715184 0.7070012 0.1886221 -0.6815944 0.7070012 0.2545233 -0.6598243 0.7070006 0.2865897 -0.6465419 0.7070007 0.24125 -0.6742449 0.6979915 0.2352246 -0.6574051 0.7158826 0.2865955 -0.6465417 0.7069985 0.2545215 -0.6598271 0.7069986 0.3179739 -0.6317004 0.7069988 0.3485855 -0.6153382 0.7069986 0.3485809 -0.6153364 0.7070025 0.3179706 -0.631698 0.7070023 0.2985257 -0.6311843 0.7158833 0.3061725 -0.6473523 0.6979924 0.3783547 -0.5974926 0.7070009 0.4072222 -0.5782039 0.7070009 0.4072174 -0.5782073 0.707001 0.3783588 -0.5974899 0.707001 0.358959 -0.5988845 0.7158812 0.3681529 -0.6142235 0.697992 0.4351002 -0.5575315 0.7069982 0.4619339 -0.5355097 0.7069981 0.4619301 -0.5355084 0.7070016 0.4350996 -0.5575277 0.7070015 0.4265827 -0.5751819 0.6979921 0.41593 -0.5608184 0.7158805 0.4876498 -0.5121989 0.7070006 0.5122003 -0.4876485 0.7070006 0.4809082 -0.5305988 0.6979915 0.4688983 -0.517348 0.7158809 0.5121995 -0.4876493 0.7070006 0.4876535 -0.5121953 0.7070007 0.5173496 -0.4688961 0.7158812 0.5355065 -0.4619337 0.7070007 0.5575286 -0.4350999 0.7070007 0.557529 -0.4351006 0.7069999 0.5355073 -0.4619342 0.7069998 0.5305995 -0.4809051 0.6979931 0.5782073 -0.4072193 0.7069999 0.5974921 -0.3783575 0.7069999 0.5974936 -0.3783566 0.7069991 0.5782062 -0.4072222 0.7069991 0.5751814 -0.4265846 0.6979914 0.5608156 -0.4159302 0.7158826 0.6153346 -0.3485846 0.7070023 0.6316962 -0.3179742 0.7070025 0.5988845 -0.3589556 0.7158828 0.6317034 -0.317972 0.7069969 0.6153387 -0.3485881 0.7069969 0.6142263 -0.3681511 0.6979904 0.6465445 -0.286588 0.706999 0.659825 -0.2545261 0.7069989 0.6598191 -0.2545287 0.7070035 0.6465408 -0.2865856 0.7070034 0.647352 -0.3061782 0.6979902 0.6311801 -0.2985294 0.7158853 0.6742463 -0.2412487 0.6979906 0.6715192 -0.2218385 0.7070003 0.6815963 -0.188619 0.7070002 0.6815969 -0.1886177 0.707 0.6715198 -0.2218378 0.7070001 0.6574053 -0.2352229 0.715883 0.6946416 -0.1740001 0.697995 0.6772984 -0.1696558 0.7158797 0.6900336 -0.1549514 0.7069963 0.6968042 -0.1209131 0.7069963 0.6968011 -0.1209006 0.7070016 0.6900271 -0.1549559 0.7070016 0.708352 -0.1050723 0.6979952 0.6906637 -0.1024485 0.7158826 0.7018976 -0.08656482 0.7069981 0.7052993 -0.05202675 0.7069981 0.7053 -0.05201888 0.7069979 0.7018959 -0.08658049 0.7069979 0.7052975 -0.0520229 0.707 0.7155563 -0.01757902 0.6983339 0.7053016 -0.05199683 0.7069979 0.7018948 -0.08658832 0.7069979 0.696792 -0.12092 0.7070073 0.6900277 -0.1549274 0.7070073 0.7036765 -0.1043768 0.702812 0.7018971 -0.08656995 0.7069979 0.7052997 -0.0520241 0.7069978 0.6977041 -0.01714048 0.716181 0.7066805 -0.03471858 0.7066805 0.7066836 -0.03470807 0.7066779 0.6900575 -0.1728504 0.7028111 0.6815854 -0.1886376 0.7070059 0.6715149 -0.2218352 0.7070057 0.6998768 -0.1038132 0.7066792 0.6900322 -0.1549468 0.7069987 0.6968051 -0.1208955 0.7069985 0.6948393 -0.1030644 0.7117416 0.6998777 -0.1038117 0.7066783 0.6697889 -0.2396622 0.7028122 0.6598235 -0.2545231 0.7070014 0.6465423 -0.2865866 0.7070015 0.6715222 -0.2218391 0.7069974 0.6815938 -0.1886381 0.7069975 0.6863294 -0.1719199 0.7066792 0.6813852 -0.1706814 0.7117457 0.6863317 -0.1719171 0.7066776 0.6317118 -0.3179583 0.7069956 0.6153405 -0.348587 0.706996 0.6430779 -0.3041552 0.702809 0.6465439 -0.2865864 0.7070001 0.6598278 -0.2545156 0.7070001 0.66617 -0.2383673 0.7066813 0.666176 -0.2383617 0.7066777 0.6613783 -0.2366451 0.7117429 0.6101753 -0.3657161 0.7028071 0.5974771 -0.3783723 0.7070045 0.5782066 -0.4072125 0.7070044 0.6396013 -0.3025093 0.7066812 0.6153343 -0.3485847 0.7070025 0.6316987 -0.3179689 0.7070025 0.6349945 -0.3003305 0.7117468 0.6396 -0.3025103 0.706682 0.557528 -0.4351027 0.7069994 0.5355147 -0.4619258 0.7069996 0.5713786 -0.4237743 0.7028099 0.5781978 -0.4072262 0.7070037 0.5974909 -0.3783521 0.7070038 0.6068695 -0.3637452 0.7066817 0.606878 -0.3637398 0.706677 0.6024987 -0.3611253 0.7117471 0.5121996 -0.4876486 0.7070009 0.4876486 -0.5121996 0.7070009 0.527103 -0.477726 0.7028088 0.5355142 -0.4619293 0.7069978 0.5575303 -0.4351027 0.7069976 0.564207 -0.4184386 0.7117441 0.5682871 -0.4214815 0.7066846 0.5683008 -0.4214748 0.7066776 0.4777313 -0.5270952 0.7028111 0.4619346 -0.5355051 0.7070011 0.4350839 -0.5575406 0.7070011 0.4876445 -0.5122064 0.7069988 0.5121999 -0.4876511 0.7069991 0.5242462 -0.4751459 0.706684 0.5242533 -0.4751433 0.7066806 0.5204746 -0.4717276 0.7117438 0.4072309 -0.5782014 0.7069979 0.3783479 -0.5975003 0.706998 0.4237582 -0.5713875 0.7028124 0.4350985 -0.5575317 0.7069991 0.4619391 -0.5355039 0.7069991 0.4751482 -0.5242487 0.7066807 0.4751508 -0.524248 0.7066795 0.4717295 -0.5204766 0.7117411 0.3485977 -0.6153319 0.706998 0.3179753 -0.6316999 0.7069985 0.3657218 -0.6101682 0.7028103 0.4184434 -0.5642046 0.7117432 0.3783562 -0.5974935 0.7069994 0.4072229 -0.5782055 0.7069992 0.4214669 -0.568298 0.7066845 0.4214779 -0.5682962 0.7066795 0.3041587 -0.6430771 0.7028081 0.2865839 -0.6465427 0.7070024 0.2545197 -0.6598239 0.7070021 0.3179666 -0.631701 0.7070015 0.3611235 -0.6025029 0.7117444 0.3485881 -0.6153334 0.7070016 0.3637446 -0.6068693 0.706682 0.3637407 -0.6068696 0.7066838 0.2218485 -0.6715187 0.7069979 0.1886204 -0.6815981 0.7069981 0.2396504 -0.669795 0.7028102 0.2545221 -0.6598267 0.7069987 0.2865902 -0.646544 0.7069985 0.3025142 -0.6396002 0.7066801 0.3025105 -0.6396001 0.7066818 0.3003329 -0.6349959 0.7117446 0.1549551 -0.6900287 0.7070001 0.1209033 -0.6968019 0.7070004 0.1728547 -0.6900585 0.702809 0.2383598 -0.6661742 0.7066799 0.1886265 -0.6815946 0.7069998 0.2218424 -0.6715184 0.7069999 0.2366436 -0.6613778 0.7117437 0.2383547 -0.6661736 0.7066823 0.03471809 -0.7066805 0.7066805 0.08656888 -0.7018952 0.7069998 0.05202343 -0.7052974 0.7070001 0.01757017 -0.7155629 0.6983272 0.1043772 -0.7036791 0.7028095 0.1208994 -0.6968017 0.7070012 0.1719205 -0.6863288 0.7066797 0.1706779 -0.6813861 0.7117457 0.1549526 -0.690028 0.7070014 0.1719157 -0.6863276 0.706682 0.01712651 -0.6976989 0.7161865 0.05202541 -0.7052978 0.7069995 0.03471171 -0.7066791 0.7066823 0.08657576 -0.701895 0.7069993 0.1038194 -0.6998754 0.7066796 0.1030719 -0.6948363 0.7117434 0.1038126 -0.699873 0.7066829 0.7071068 0 0.7071068 0.7071068 0 0.7071068 0.03471397 0.7066806 0.7066806 0.01756089 0.7155656 0.6983249 0.05203235 0.7052946 0.7070022 0.08656864 0.7018933 0.7070019 0.1209037 0.6968038 0.7069983 0.1549467 0.6900326 0.7069983 0.1043853 0.703678 0.7028095 0.08656868 0.7018937 0.7070014 0.05202526 0.7052958 0.7070016 0.01712646 0.6976968 0.7161884 0.03472218 0.7066823 0.7066784 0.1728515 0.6900623 0.7028061 0.1886209 0.6816 0.7069961 0.2218657 0.6715153 0.7069957 0.1038206 0.6998711 0.7066836 0.1549596 0.6900285 0.7069994 0.1209064 0.6968024 0.7069993 0.1030644 0.6948355 0.7117454 0.1038122 0.6998771 0.7066788 0.2396538 0.6697928 0.7028112 0.2545197 0.6598239 0.7070021 0.2865761 0.646546 0.7070025 0.2218418 0.6715167 0.7070017 0.1886132 0.6815965 0.7070016 0.1719188 0.6863251 0.7066837 0.1706821 0.6813881 0.7117429 0.1719161 0.6863275 0.706682 0.3179745 0.6316983 0.7070003 0.3485969 0.6153305 0.7069998 0.304152 0.6430802 0.7028081 0.2865961 0.6465416 0.7069984 0.2545279 0.6598244 0.7069988 0.2383585 0.6661727 0.7066818 0.238359 0.6661721 0.7066821 0.236643 0.6613761 0.7117456 0.3783535 0.5974948 0.7069998 0.4072239 0.5782043 0.7069997 0.3657244 0.6101657 0.7028112 0.3637485 0.6068691 0.7066802 0.3025076 0.6396036 0.7066799 0.3025104 0.6395999 0.706682 0.3485785 0.6153407 0.707 0.3179674 0.6317025 0.7069997 0.3003336 0.6349975 0.7117428 0.4350839 0.5575406 0.7070011 0.4619293 0.5355096 0.7070013 0.4237582 0.5713875 0.7028124 0.3611226 0.6025015 0.711746 0.4072229 0.5782055 0.7069992 0.3783611 0.5974903 0.7069994 0.3637408 0.6068696 0.7066838 0.4876581 0.5121903 0.707001 0.5121996 0.4876486 0.7070009 0.4777352 0.5270948 0.7028089 0.4619361 0.5355085 0.7069976 0.4350994 0.557533 0.7069976 0.4184414 0.5642071 0.7117423 0.4214691 0.5683008 0.7066808 0.4214725 0.568294 0.7066844 0.5271031 0.477726 0.7028089 0.5355119 0.4619313 0.7069982 0.557529 0.4351035 0.7069981 0.5121956 0.4876536 0.7070006 0.4876471 0.5122019 0.7070004 0.4751521 0.5242448 0.7066809 0.4751521 0.5242448 0.7066808 0.4717325 0.5204718 0.7117426 0.5782057 0.4072118 0.7070055 0.5974762 0.3783717 0.7070057 0.5713757 0.4237783 0.70281 0.5575309 0.4350979 0.707 0.5355123 0.4619275 0.7070004 0.5242506 0.4751408 0.7066842 0.5682842 0.4214854 0.7066847 0.5242487 0.4751482 0.7066807 0.5204726 0.4717258 0.7117465 0.6153417 0.3485825 0.706997 0.631709 0.3179615 0.7069965 0.610176 0.365714 0.7028076 0.5642051 0.41844 0.7117447 0.597492 0.3783484 0.7070048 0.5683005 0.4214773 0.7066763 0.5781946 0.4072288 0.7070047 0.6430779 0.3041552 0.7028089 0.646543 0.2865829 0.7070023 0.6598216 0.2545259 0.7070022 0.6068742 0.363748 0.7066762 0.6316981 0.317972 0.7070016 0.6153368 0.3485823 0.7070014 0.6396 0.3025103 0.706682 0.6024987 0.3611253 0.7117471 0.6068749 0.3637356 0.7066819 0.6715142 0.2218349 0.7070062 0.6815856 0.1886351 0.7070063 0.6697881 0.2396633 0.7028125 0.6598264 0.254515 0.7070016 0.6465413 0.2865883 0.7070018 0.6396027 0.3025082 0.7066804 0.6661702 0.2383688 0.7066807 0.6349948 0.3003289 0.7117472 0.6900268 0.1549272 0.7070081 0.6967908 0.1209229 0.7070081 0.6900566 0.1728501 0.7028121 0.6661762 0.2383632 0.706677 0.6815938 0.1886362 0.7069981 0.6715217 0.2218389 0.7069981 0.661377 0.236646 0.7117438 0.7018947 0.08658718 0.7069982 0.7053016 0.05199615 0.7069979 0.715556 0.01757924 0.6983342 0.7036765 0.1043768 0.7028121 0.6968051 0.1208955 0.7069985 0.6863305 0.1719168 0.7066789 0.6813852 0.1706814 0.7117457 0.6900322 0.1549468 0.7069987 0.6863314 0.1719204 0.7066771 0.7066805 0.03471839 0.7066805 0.6977041 0.01714048 0.7161809 0.7052999 0.05202463 0.7069976 0.7018977 0.08656918 0.7069974 0.6998776 0.1038133 0.7066782 0.6948394 0.1030649 0.7117414 0.6998772 0.1038122 0.7066787 0.7066836 0.03470785 0.7066779 0 0.7071068 0.7071068 0 0.7071068 0.7071068 -0.715556 0.01757924 0.6983342 -0.7053016 0.05199615 0.7069979 -0.7018947 0.08658718 0.7069982 -0.6967908 0.1209229 0.7070081 -0.6900268 0.1549272 0.7070081 -0.7036765 0.1043768 0.702812 -0.7018977 0.08656918 0.7069974 -0.7052999 0.05202463 0.7069976 -0.6977041 0.01714048 0.7161809 -0.7066805 0.03471839 0.7066805 -0.7066836 0.03470785 0.7066779 -0.6900566 0.1728501 0.702812 -0.6815856 0.1886351 0.7070063 -0.6715142 0.2218349 0.7070062 -0.699877 0.1038132 0.7066788 -0.6900322 0.1549468 0.7069987 -0.6968051 0.1208955 0.7069985 -0.6948394 0.1030649 0.7117414 -0.6998777 0.1038123 0.7066783 -0.6697881 0.2396633 0.7028125 -0.6598216 0.2545259 0.7070022 -0.646543 0.2865829 0.7070023 -0.6715217 0.2218389 0.7069981 -0.6815938 0.1886362 0.7069981 -0.6863298 0.17192 0.7066787 -0.6813852 0.1706814 0.7117457 -0.6863323 0.1719172 0.7066771 -0.631709 0.3179615 0.7069965 -0.6153417 0.3485825 0.706997 -0.6430779 0.3041552 0.702809 -0.6465413 0.2865883 0.7070018 -0.6598264 0.254515 0.7070016 -0.6661702 0.2383688 0.7066807 -0.6661762 0.2383632 0.706677 -0.661377 0.236646 0.7117438 -0.610176 0.365714 0.7028076 -0.5974762 0.3783717 0.7070057 -0.5782057 0.4072118 0.7070055 -0.6153368 0.3485823 0.7070014 -0.6316981 0.317972 0.7070016 -0.6396027 0.3025082 0.7066804 -0.6349949 0.3003289 0.7117473 -0.6396 0.3025103 0.706682 -0.557529 0.4351035 0.7069981 -0.5355119 0.4619313 0.7069982 -0.5713757 0.4237783 0.70281 -0.5781946 0.4072288 0.7070047 -0.597492 0.3783484 0.7070048 -0.6068695 0.3637452 0.7066817 -0.60688 0.3637386 0.7066759 -0.6024987 0.3611253 0.7117471 -0.5682912 0.4214906 0.7066759 -0.5121996 0.4876486 0.7070009 -0.4876581 0.5121903 0.707001 -0.527103 0.477726 0.7028088 -0.5355123 0.4619275 0.7070004 -0.5575309 0.4350979 0.707 -0.5642051 0.41844 0.7117447 -0.5682941 0.4214726 0.7066843 -0.4777352 0.5270948 0.7028088 -0.4619293 0.5355096 0.7070013 -0.4350839 0.5575406 0.7070011 -0.4876471 0.5122019 0.7070004 -0.5121956 0.4876536 0.7070006 -0.5242462 0.4751459 0.706684 -0.5242533 0.4751433 0.7066806 -0.5204726 0.4717258 0.7117465 -0.4072239 0.5782043 0.7069997 -0.3783535 0.5974948 0.7069998 -0.4237582 0.5713875 0.7028124 -0.4350994 0.557533 0.7069976 -0.4619361 0.5355085 0.7069976 -0.4751521 0.5242448 0.7066808 -0.4751522 0.5242448 0.7066809 -0.4717325 0.5204718 0.7117426 -0.3485969 0.6153305 0.7069998 -0.3179745 0.6316983 0.7070003 -0.3657244 0.6101657 0.7028112 -0.4184414 0.5642071 0.7117423 -0.4214745 0.5682967 0.706681 -0.3783611 0.5974903 0.7069994 -0.4072229 0.5782055 0.7069992 -0.4214669 0.568298 0.7066845 -0.304152 0.6430803 0.7028081 -0.2865761 0.646546 0.7070025 -0.2545197 0.6598239 0.7070021 -0.3179674 0.6317025 0.7069997 -0.3485785 0.6153407 0.707 -0.3611226 0.6025015 0.711746 -0.3637485 0.6068691 0.7066802 -0.3637407 0.6068696 0.7066838 -0.2218657 0.6715153 0.7069957 -0.1886209 0.6816 0.7069961 -0.2396538 0.6697928 0.7028112 -0.2545279 0.6598244 0.7069988 -0.2865961 0.6465416 0.7069984 -0.3025113 0.6396017 0.7066799 -0.3025066 0.6396015 0.7066821 -0.2383585 0.6661727 0.7066818 -0.3003337 0.6349976 0.7117428 -0.1549467 0.6900326 0.7069983 -0.1209037 0.6968038 0.7069983 -0.1728516 0.6900623 0.7028061 -0.1886132 0.6815965 0.7070016 -0.2218418 0.6715167 0.7070017 -0.236643 0.6613761 0.7117456 -0.238359 0.6661721 0.7066821 -0.1719161 0.6863275 0.706682 -0.1043853 0.7036779 0.7028094 -0.08656864 0.7018933 0.7070019 -0.05203235 0.7052946 0.7070022 -0.01756089 0.7155656 0.6983249 -0.1209064 0.6968024 0.7069993 -0.1549596 0.6900285 0.7069994 -0.1719188 0.6863251 0.7066836 -0.1706821 0.681388 0.7117428 -0.03471839 0.7066805 0.7066805 -0.01712646 0.6976968 0.7161884 -0.05202526 0.7052958 0.7070016 -0.08656868 0.7018937 0.7070014 -0.1038115 0.6998727 0.7066834 -0.1030644 0.6948355 0.7117454 -0.1038213 0.699876 0.7066787 -0.03470873 0.7066833 0.7066781 -0.7071068 0 0.7071068 -0.7071068 0 0.7071068 -0.5415218 0.4548616 0.7070042 -0.5627981 0.4282542 0.7070054 -0.5415193 0.454863 0.7070053 -0.5827745 0.4006501 0.7070029 -0.5628034 0.4282511 0.7070031 -0.6013975 0.3721142 0.7070022 -0.5827762 0.4006491 0.7070023 -0.6186168 0.3427199 0.7070052 -0.6013911 0.3721189 0.7070051 -0.6344089 0.3125261 0.7070026 -0.6186219 0.3427157 0.7070028 -0.6487244 0.2816078 0.7070033 -0.6344076 0.3125273 0.7070033 -0.661532 0.250039 0.7070048 -0.6487216 0.2816106 0.7070048 -0.67281 0.2178834 0.7070032 -0.661535 0.2500357 0.7070032 -0.6825224 0.1852234 0.7070044 -0.6728077 0.2178862 0.7070045 -0.6906496 0.1521427 0.7070047 -0.6825221 0.1852238 0.7070047 -0.6971787 0.1186924 0.7070034 -0.6906514 0.15214 0.7070035 -0.7020852 0.08498203 0.707004 -0.6971781 0.1186934 0.707004 -0.7020844 0.08498336 0.7070045 -0.7053627 0.05106901 0.7070045 -0.7053627 0.05106901 0.7070044 -0.7070041 0.017037 0.7070041 -0.7070038 0.01703616 0.7070045 -0.5101754 -0.4853972 0.7100075 -0.5005402 -0.4939301 0.7109799 -0.4928097 -0.4963274 0.7147012 -0.5239874 -0.4756204 0.7065568 -0.5097381 -0.4864352 0.7096111 -0.4856067 -0.5070943 0.7120685 -0.4843037 -0.5117823 0.7095976 -0.5231605 -0.4757744 0.7070656 -0.5080569 -0.4898243 0.7084845 -0.5236321 -0.4756045 0.7068309 -0.5246482 -0.4728121 0.7079498 -0.5057005 -0.4894857 0.7104018 -0.5074967 -0.4911348 0.7079787 -0.5110824 -0.4876848 0.7077841 -0.4855213 0.5038314 0.7144389 -0.4407386 0.5333757 0.7219833 -0.4621762 0.5131122 0.7232627 -0.4504733 0.5287204 0.7193944 -0.4075662 0.5509412 0.7282538 -0.4064822 0.5520767 0.7279996 -0.2604632 0.6164317 0.743082 -0.2429565 0.6369448 0.7316239 -0.198434 0.6556759 0.7285006 -0.2184619 0.6315778 0.7438977 -0.08704749 0.6794476 0.7285422 -0.02765972 0.7061054 0.7075664 -0.04397606 0.6922558 0.7203111 0.01247172 0.7138557 0.7001818 0.1285582 0.7305612 0.6706364 0.1709622 0.7370298 0.65388 0.1703603 0.7367634 0.6543372 0.2083143 0.740602 0.6388379 0.3264206 0.7436898 0.5834168 0.3385752 0.7509909 0.5669034 0.3606015 0.7448571 0.5613862 0.3701228 0.7498838 0.5483459 0.4566126 0.7437489 0.4882034 0.4838809 0.7409578 0.4656617 0.4935652 0.7369503 0.4618414 0.502389 0.7444047 0.4398488 0.5811706 0.7264498 0.366758 0.5857 0.7304341 0.351314 0.6037403 0.7241371 0.3333513 0.6050286 0.7247874 0.3295808 0.6221457 0.720184 0.3070337 0.62981 0.7217332 0.2871248 0.6264808 0.7191275 0.3006281 0.6409248 0.716444 0.2755421 -0.2959246 0.5964791 0.7460839 -0.3408149 0.5887485 0.7329533 -0.3638867 0.5586395 0.7453243 -0.3037269 0.5983371 0.7414463 -0.3634521 0.5664079 0.7396517 -0.3725234 0.5851709 0.7202787 -0.3209514 0.5951899 0.7367083 -0.2962266 0.6295453 0.7182774 -0.3569003 0.5816676 0.7309479 -0.2960217 0.6190615 0.727416 -0.1004078 0.6664091 0.7387944 -0.1368147 0.6712756 0.7284716 -0.1752198 0.6479658 0.741241 -0.1461138 0.6653694 0.7320754 -0.1098584 0.6868448 0.7184535 -0.09862828 0.7287973 0.6775889 -0.163159 0.6670401 0.7269366 -0.09285792 0.6957446 0.7122617 -0.1752036 0.6480492 0.741172 0.01797809 0.7179493 0.6958632 0.0871267 0.7212307 0.6871938 0.04168391 0.7142166 0.6986824 0.02411858 0.6748571 0.7375543 0.07630717 0.7247894 0.6847317 0.05364873 0.7194579 0.692461 0.09155461 0.7281966 0.6792257 0.1064832 0.7602193 0.6408807 0.1117218 0.7217023 0.6831281 0.05990667 0.7178114 0.6936556 0.2944126 0.7380304 0.607151 0.2884983 0.7410043 0.6063674 0.2488071 0.7451799 0.6187099 0.2270365 0.7232665 0.652181 0.2403448 0.7474467 0.6193205 0.2773836 0.745936 0.6055063 0.2929482 0.7656185 0.5727214 0.2341341 0.7499662 0.6186532 0.2263859 0.7337171 0.6406315 0.2943676 0.7539713 0.5872607 0.4232934 0.7468938 0.5128083 0.3998698 0.7383984 0.5430211 0.3997017 0.7482694 0.5294632 0.4429122 0.739168 0.5074046 0.3955159 0.7537854 0.5247616 0.4317743 0.744079 0.509821 0.4471815 0.7551329 0.4793776 0.4140559 0.7435066 0.5251245 0.4480055 0.7497013 0.4870719 0.5494389 0.7356808 0.3960942 0.5328428 0.7258246 0.4350371 0.5631786 0.7283329 0.3903344 0.5199583 0.7468536 0.4145515 0.5521628 0.7319318 0.3992395 0.5655766 0.7355402 0.3729662 0.5658503 0.7342576 0.3750722 0.532445 0.7385071 0.4136539 0.5313067 0.7302773 0.4294277 -0.5173106 0.4815858 0.7074354 -0.5249822 0.4713829 0.708655 -0.5242344 0.4745739 0.707077 -0.4928115 0.4963255 0.7147012 -0.5047052 0.4926158 0.7089445 -0.5090761 0.4858232 0.710505 -0.5168938 0.4780128 0.7101582 -0.5214071 0.4764042 0.7079362 -0.4972622 0.4972712 0.7109513 -0.4836452 0.5141261 0.7083514 -0.4843029 0.5117853 0.7095961 -0.5077031 0.4913243 0.7076991 -0.5081565 0.4917406 0.7070843 -0.5091045 0.4858497 0.7104664 0.6438956 0.7165517 0.268239 0.6527848 0.7129302 0.2561296 0.6970109 0.7074911 0.1167565 0.6975026 0.707188 0.1156514 0.6721982 0.7107052 0.2074797 0.6621168 0.7103234 0.2388347 0.6653532 0.7105299 0.2290244 0.6742257 0.7106912 0.2008425 0.6617435 0.7131704 0.2312648 0.6621143 0.7103283 0.2388273 0.6907424 0.7080471 0.1467793 0.6836868 0.7079016 0.1773352 0.690758 0.6966006 0.1939099 0.6846858 0.7079612 0.1731941 0.6912409 0.7080292 0.1445021 0.6907488 0.708042 0.1467739 0.6677477 0.7208487 0.1857156 0.6916737 0.707433 0.1453474 0.6779116 0.7105681 0.1884912 0.6802853 0.7076028 0.1910764 0.6429022 0.7066677 0.2954617 0.6104805 0.7066757 0.3576634 0.610503 0.7066685 0.3576392 0.5721133 0.7066701 0.4162978 0.5720969 0.7066748 0.4163122 0.642891 0.7066722 0.2954752 0.6428869 0.7066731 0.2954819 0.5280812 0.7066743 0.4708946 0.5280948 0.7066706 0.4708849 0.6104947 0.706673 0.3576445 0.6105012 0.7066705 0.3576381 0.4789012 0.7066711 0.5208355 0.4788914 0.7066736 0.5208412 0.572108 0.7066712 0.4163031 0.5720968 0.706675 0.4163121 0.6188778 0.7069986 0.3422617 0.6350749 0.7069991 0.3111787 0.6441584 0.7130051 0.2769184 0.642892 0.7066729 0.2954714 0.4250073 0.7066703 0.5656731 0.4250027 0.7066713 0.5656751 0.5280812 0.7066742 0.4708946 0.5280953 0.7066698 0.4708853 0.5819735 0.7070014 0.4018158 0.6011735 0.7070013 0.3724779 0.6104969 0.7066705 0.3576457 0.6104913 0.7066728 0.3576508 0.6075009 0.7101258 0.3558989 0.3669242 0.7066725 0.6049634 0.3669324 0.7066706 0.6049605 0.4788904 0.7066751 0.5208401 0.4789062 0.7066703 0.5208319 0.5693009 0.710129 0.4142623 0.539361 0.7069968 0.4574334 0.561344 0.7069967 0.4301727 0.5721075 0.7066707 0.4163046 0.5721087 0.7066702 0.4163036 0.3052657 0.7066705 0.6383021 0.3052575 0.7066724 0.6383041 0.425001 0.7066742 0.5656729 0.4249996 0.7066746 0.5656735 0.5280809 0.7066748 0.4708942 0.4914219 0.7069997 0.5085824 0.5160226 0.7069998 0.483603 0.5255024 0.7101281 0.4685778 0.5280926 0.7066706 0.4708874 0.240587 0.7066709 0.6653827 0.2405876 0.7066708 0.6653826 0.3669243 0.7066738 0.6049618 0.3669319 0.7066717 0.6049595 0.4386922 0.7069973 0.5547105 0.46563 0.7069972 0.5323002 0.4788971 0.7066743 0.5208349 0.4765522 0.7101259 0.5182847 0.4789055 0.7066715 0.5208311 0.1735596 0.7066712 0.6859249 0.1735548 0.7066722 0.685925 0.3052635 0.7066719 0.6383017 0.3052569 0.7066736 0.6383029 0.3816402 0.7069972 0.5954038 0.4106539 0.7069972 0.5757762 0.4229157 0.7101277 0.5629041 0.4249992 0.7066718 0.5656772 0.4250017 0.7066709 0.5656763 0.1048211 0.7066721 0.6997336 0.1048206 0.7066723 0.6997334 0.03505239 0.7066721 0.7066724 0.2405857 0.7066734 0.6653805 0.2405862 0.7066733 0.6653804 0.3651304 0.7101275 0.6019957 0.3208324 0.7069983 0.6302538 0.3516607 0.7069984 0.6135861 0.3669294 0.7066711 0.6049618 0.366925 0.7066725 0.6049628 0.1735593 0.7066721 0.685924 0.1735557 0.706673 0.6859239 0.3037624 0.7101265 0.6351761 0.2568831 0.7069988 0.6589109 0.2892179 0.7069989 0.6453724 0.3052641 0.7066706 0.6383029 0.2405866 0.7066709 0.6653829 0.3052582 0.7066724 0.6383037 0.03505351 0.7066722 0.7066722 0.1048206 0.7066721 0.6997336 0.1048202 0.7066723 0.6997336 0.03505239 0.7066721 0.7066724 0.190413 0.706997 0.6811007 0.2239191 0.7069969 0.670832 0.2394119 0.7101266 0.6621194 0.2405907 0.7066725 0.6653796 0.1220744 0.7069983 0.6965998 0.1564339 0.7069983 0.689697 0.1727031 0.7101262 0.6825647 0.173556 0.7066715 0.6859254 0.1735534 0.7066724 0.6859252 0.01737463 0.7129999 0.7009488 0.05252992 0.7069981 0.7052618 0.08740772 0.7069982 0.7017931 0.1043082 0.7101271 0.6963041 0.03505408 0.7066721 0.7066723 0.1048202 0.7066721 0.6997336 0.1048219 0.7066717 0.6997339 0 0.7071068 0.7071068 0 0.7071068 0.7071068 0.7018915 0.08656846 0.7070036 0.705294 0.05202414 0.7070035 0.7146966 0.017558 0.6992142 0.7032519 0.104316 0.703246 0.6900292 0.154946 0.7070017 0.6968021 0.120895 0.7070015 0.7066805 0.03471988 0.7066805 0.7066835 0.03470882 0.706678 0.6715198 0.2218383 0.707 0.6815919 0.1886356 0.7070001 0.689643 0.1727547 0.7032413 0.699877 0.1038187 0.7066781 0.699879 0.1038157 0.7066766 0.6976969 0.01712217 0.7161884 0.7052986 0.0520333 0.7069982 0.7018968 0.08657023 0.7069983 0.7066781 0.03470889 0.7066834 0.6465444 0.2865897 0.7069984 0.6598295 0.2545163 0.7069983 0.6693915 0.2395114 0.703242 0.6863326 0.1719173 0.7066767 0.6863272 0.171924 0.7066804 0.6968006 0.1209031 0.7070017 0.6900292 0.154946 0.7070017 0.6998714 0.1038206 0.7066834 0.6998731 0.1038181 0.706682 0.6948349 0.1030735 0.7117444 0.6426932 0.3039727 0.7032397 0.6153401 0.3485842 0.7069976 0.6317017 0.3179739 0.7069975 0.6661706 0.238359 0.7066837 0.6661761 0.2383534 0.7066804 0.6815907 0.1886208 0.7070051 0.6715102 0.2218519 0.7070048 0.6863292 0.1719165 0.7066802 0.6813822 0.1706807 0.7117488 0.6863269 0.1719192 0.7066818 0.6098071 0.3654955 0.7032413 0.5782009 0.4072285 0.7069998 0.5974943 0.3783542 0.7069998 0.6395981 0.3025107 0.7066834 0.6395996 0.3025095 0.7066826 0.6661779 0.2383541 0.7066784 0.6613781 0.2366405 0.7117445 0.666175 0.2383568 0.7066802 0.6598263 0.2545242 0.7069983 0.6465452 0.286588 0.7069985 0.535512 0.4619273 0.7070009 0.5575278 0.4351008 0.7070007 0.5710375 0.4235148 0.7032436 0.6068761 0.3637388 0.7066792 0.6068695 0.3637433 0.7066826 0.6317027 0.3179721 0.7069975 0.6153379 0.3485881 0.7069976 0.6349998 0.3003274 0.7117435 0.6395988 0.302511 0.7066827 0.6396056 0.3025058 0.7066787 0.4876434 0.5122052 0.7070006 0.5121987 0.48765 0.7070006 0.5267816 0.4774419 0.7032427 0.5682957 0.4214788 0.7066793 0.5682938 0.4214799 0.7066803 0.6024998 0.361131 0.7117431 0.5974921 0.3783576 0.7069998 0.5782086 0.4072172 0.7069999 0.6068723 0.3637449 0.7066793 0.6068665 0.3637484 0.7066824 0.435099 0.5575324 0.7069982 0.4619398 0.5355048 0.706998 0.4774386 0.5267835 0.7032436 0.5242496 0.475147 0.7066808 0.5242508 0.4751464 0.7066802 0.5575287 0.4350997 0.7070007 0.5355119 0.4619273 0.7070009 0.5242508 0.4751464 0.7066802 0.5682966 0.4214775 0.7066793 0.564203 0.4184415 0.7117456 0.5682949 0.4214783 0.7066802 0.3783554 0.5974922 0.7070009 0.4072219 0.5782042 0.7070009 0.4235177 0.5710364 0.7032427 0.4751427 0.5242503 0.7066832 0.4751478 0.5242487 0.7066808 0.5121906 0.4876584 0.7070008 0.4876513 0.5121976 0.7070007 0.524249 0.4751534 0.706677 0.5204692 0.4717276 0.7117478 0.3654979 0.6098039 0.7032428 0.3179679 0.6317035 0.7069986 0.3485896 0.6153359 0.7069985 0.4214818 0.5682912 0.7066811 0.4214776 0.5682921 0.7066829 0.363741 0.6068726 0.7066811 0.4751471 0.5242479 0.706682 0.4619366 0.5355075 0.7069981 0.4351006 0.5575312 0.7069982 0.4751567 0.5242453 0.7066774 0.4717341 0.5204691 0.7117435 0.3039716 0.6426909 0.7032422 0.2545214 0.659825 0.7070006 0.2865894 0.646542 0.7070007 0.3637432 0.6068693 0.7066828 0.4184369 0.5642076 0.7117446 0.4072175 0.5782071 0.707001 0.3783611 0.5974884 0.707001 0.363746 0.606874 0.7066773 0.4214811 0.5682969 0.7066768 0.421471 0.5682986 0.7066816 0.2395136 0.6693891 0.7032436 0.1886261 0.6815932 0.7070012 0.221842 0.6715173 0.7070012 0.3025107 0.6396021 0.7066799 0.3025046 0.6396021 0.7066824 0.2383628 0.6661727 0.7066802 0.3485782 0.6153423 0.7069987 0.3179752 0.6316997 0.7069988 0.3637477 0.6068712 0.7066787 0.3611268 0.6024985 0.7117465 0.1727457 0.6896439 0.7032426 0.1208997 0.6968032 0.7069998 0.154953 0.6900296 0.7069997 0.2383625 0.666173 0.7066801 0.3003309 0.6349967 0.7117447 0.2865917 0.646542 0.7069997 0.2545267 0.6598237 0.707 0.3025098 0.6396035 0.706679 0.3025052 0.6396034 0.7066811 0.01754396 0.7147044 0.6992065 0.05202544 0.7052979 0.7069995 0.08657573 0.7018948 0.7069995 0.1043164 0.7032545 0.7032433 0.1719155 0.6863297 0.70668 0.1719152 0.6863296 0.7066801 0.2383625 0.666173 0.7066801 0.2366445 0.6613753 0.7117459 0.2218369 0.6715202 0.707 0.1886198 0.6815964 0.7069999 0.238361 0.6661728 0.7066808 0.0347193 0.7066799 0.7066811 0.103815 0.6998743 0.7066812 0.1038173 0.699875 0.7066802 0.03471686 0.7066805 0.7066805 0.1549552 0.6900292 0.7069997 0.1209065 0.6968018 0.7069999 0.1706796 0.6813879 0.7117437 0.1719149 0.6863285 0.7066814 0.1719173 0.686329 0.7066802 0.08656895 0.7018955 0.7069996 0.05202798 0.7052977 0.7069995 0.01712695 0.6976981 0.7161871 0.1030686 0.6948354 0.7117448 0.03471611 0.7066804 0.7066807 0.1038173 0.6998749 0.7066804 0.103816 0.6998744 0.706681 0.7071068 0 0.7071068 0.7071068 0 0.7071068 0.03470849 0.7066836 0.7066778 0.103825 0.6998766 0.7066776 0.1038075 0.6998754 0.7066813 0.1719253 0.6863261 0.7066811 0.2383664 0.6661718 0.70668 0.1719281 0.6863261 0.7066805 0.03473696 0.7066759 0.7066842 0.0347088 0.7066807 0.7066807 0.2383468 0.6661742 0.7066842 0.3025014 0.639601 0.7066848 0.1038081 0.6998798 0.7066767 0.1038317 0.6998696 0.7066835 0.3637391 0.6068736 0.7066813 0.3025157 0.6395977 0.7066817 0.1719133 0.6863328 0.7066774 0.1719277 0.6863248 0.7066817 0.0865692 0.7018976 0.7069976 0.05202557 0.7052997 0.7069977 0.0172229 0.7010703 0.712884 0.03472218 0.7066823 0.7066784 0.421482 0.5682924 0.7066801 0.3637446 0.6068717 0.7066801 0.2383634 0.6661708 0.7066819 0.2383492 0.6661807 0.7066773 0.1549459 0.6900286 0.7070023 0.1208926 0.6968021 0.707002 0.1038216 0.6998762 0.7066784 0.1033225 0.6965117 0.7100675 0.103832 0.6998711 0.706682 0.4751368 0.5242567 0.7066823 0.4214748 0.5682957 0.7066817 0.3024969 0.6396109 0.7066779 0.3025147 0.6395956 0.706684 0.2218424 0.6715186 0.7069998 0.1886392 0.6815909 0.7070001 0.1710892 0.6830272 0.710072 0.171916 0.6863282 0.7066813 0.1719126 0.6863303 0.7066801 0.4751434 0.5242529 0.7066807 0.524258 0.4751381 0.7066805 0.363754 0.6068618 0.7066836 0.3637446 0.6068717 0.7066801 0.2372065 0.6629771 0.7100665 0.286585 0.6465476 0.7069974 0.2545166 0.6598304 0.7069973 0.2383625 0.6661682 0.7066847 0.2383513 0.6661767 0.7066804 0.5242518 0.4751424 0.7066821 0.5682909 0.4214808 0.7066819 0.4214748 0.5682957 0.7066817 0.4214715 0.5682998 0.7066803 0.4751424 0.5242518 0.7066821 0.3485872 0.6153316 0.7070037 0.3179657 0.6316992 0.7070035 0.3024975 0.6396123 0.7066762 0.3025173 0.639594 0.7066844 0.3010646 0.6365227 0.7100697 0.5682969 0.4214757 0.7066802 0.6068747 0.3637398 0.7066799 0.475147 0.5242496 0.7066808 0.4072292 0.5781951 0.7070041 0.3783487 0.5974925 0.7070043 0.3637557 0.6068646 0.7066804 0.3637473 0.6068741 0.7066765 0.3619956 0.6039516 0.7100715 0.6396042 0.3025029 0.7066813 0.6068707 0.363744 0.7066812 0.5242518 0.4751424 0.7066821 0.5242496 0.475147 0.7066808 0.4619336 0.5355055 0.7070016 0.435097 0.5575299 0.7070015 0.4751486 0.5242513 0.7066784 0.4194496 0.565564 0.71007 0.4214762 0.5682966 0.7066802 0.4214726 0.5683014 0.7066784 0.6661674 0.2383648 0.7066848 0.6395952 0.3025145 0.7066845 0.5682969 0.4214757 0.7066802 0.6068717 0.3637446 0.7066801 0.5682988 0.4214707 0.7066815 0.5122087 0.4876398 0.7070005 0.4876398 0.5122087 0.7070005 0.4751419 0.5242544 0.7066807 0.4728589 0.5217354 0.710068 0.6863268 0.1719255 0.7066804 0.6661778 0.2383481 0.7066805 0.6068618 0.3637541 0.7066836 0.5217354 0.4728588 0.7100681 0.5575299 0.435097 0.7070015 0.5355055 0.4619336 0.7070016 0.5242513 0.4751486 0.7066784 0.5242544 0.4751419 0.7066807 0.6998725 0.1038244 0.7066818 0.6863256 0.1719279 0.706681 0.6396017 0.3025176 0.7066773 0.6396058 0.3024945 0.7066834 0.5974925 0.3783487 0.7070043 0.5781951 0.4072292 0.7070041 0.6068646 0.3637557 0.7066804 0.565564 0.4194496 0.71007 0.5682998 0.4214714 0.7066804 0.5682979 0.4214771 0.7066786 0.7066836 0.03470849 0.7066778 0.6998787 0.103808 0.706678 0.6661747 0.2383648 0.7066777 0.6661761 0.2383475 0.7066823 0.6316992 0.3179657 0.7070035 0.6153316 0.3485872 0.7070037 0.6039516 0.3619956 0.7100715 0.6068742 0.3637473 0.7066765 0.6863291 0.1719123 0.7066814 0.6863294 0.1719289 0.7066771 0.6598304 0.2545166 0.7069973 0.6465476 0.286585 0.7069974 0.6396009 0.3025205 0.7066768 0.6365227 0.3010646 0.7100697 0.6396044 0.3024938 0.7066851 0.7066807 0.0347088 0.7066807 0.6998726 0.1038071 0.7066841 0.6998756 0.1038326 0.7066774 0.7066759 0.03473696 0.7066842 0.6661726 0.2383641 0.7066801 0.6815909 0.1886392 0.7070001 0.6715186 0.2218424 0.7069998 0.6629771 0.2372065 0.7100665 0.6661731 0.23835 0.7066844 0.6830272 0.1710892 0.710072 0.6968021 0.1208926 0.707002 0.6900286 0.1549459 0.7070023 0.6863291 0.1719123 0.7066814 0.6998711 0.103832 0.706682 0.6863293 0.1719163 0.7066802 0.7010703 0.0172229 0.712884 0.7052997 0.05202557 0.7069977 0.7018976 0.0865692 0.7069976 0.6965118 0.1033225 0.7100675 0.6998762 0.1038216 0.7066784 0.7066823 0.03472218 0.7066784 0 0.7071068 0.7071068 0 0.7071068 0.7071068 0.6511039 0.720449 0.2387826 0.6739466 0.7104151 0.2027468 0.6886801 0.7063575 0.1636423 0.6950794 0.7084339 0.1224172 0.695322 0.7069768 0.1292714 0.6908292 0.7088095 0.142633 0.6756637 0.7019803 0.2251715 0.6761842 0.7059926 0.2105929 0.695305 0.7069569 0.1294713 0.6760836 0.7060337 0.2107777 0.6996164 0.7072714 0.1015084 0.6996557 0.7072734 0.1012245 0.6987439 0.7072554 0.107456 0.6994426 0.7072704 0.1027068 0.7004742 0.7072659 0.09545022 0.7001561 0.7072767 0.09767911 0 0 1 0 0 1 0 0 1 0 0 1 0 0 1 0 0 1 0 0 1 0 0 1 0 0 1 0 0 1 0 0 1 0 0 1 0 0 1 0 0 1 0 0 1 0 0 1 0 0 1 0 0 1 0 0 1 0 0 1 0 0 1 0 0 1 0 0 1 0 0 1 0 0 1 0 0 1 0 0 1 0 0 1 0 0 1 0 0 1 0 0 1 0 0 1 0 0 1 0 0 1 0 0 1 0 0 1 0 0 1 0 0 1 0 0 1 0 0 1 0 0 1 0 0 1 0 0 1 0 0 1 0 0 1 0 0 1 0 0 1 0 0 1 0 0 1 0 0 1 0 0 1 0 0 1 0 0 1 0 0 1 0 0 1 0 0 1 0 0 1 0 0 1 0 0 1 0 0 1 0 0 1 0 0 1 0 0 1 0 0 1 0 0 1 0 0 1 0 0 1 0 0 1 0 0 1 0 0 1 0 0 1 0 0 1 0 0 1 0 0 1 0 0 1 0 0 1 0 0 1 0 0 1 0 0 1 0 0 1 0 0 1 0 0 1 0 0 1 0 0 1 0 0 1 0 0 1 0 0 1 0 0 1 0 0 1 0 0 1 0 0 1 0 0 1 0 0 1 0 0 1 0 0 1 0 0 1 0 0 1 0 0 1 0 0 1 0 0 1 0 0 1 0 0 1 0 0 1 0 0 1 0 0 1 0 0 1 0 0 1 0 0 1 0 0 1 0 0 1 0 0 1 0 0 1 0 0 1 0 0 1 0 0 1 0 0 1 0 0 1 0 0 1 0 0 1 0 0 1 0 0 1 0 0 1 0 0 1 0 0 1 0 0 1 0 0 1 0 0 1 0 0 1 0 0 1 0 0 1 0 0 1 0 0 1 0 0 1 0 0 1 0 0 1 0 0 1 0 0 1 0 0 1 0 0 1 0 0 1 0 0 1 0 0 1 0 0 1 0 0 1 0 0 1 0 0 1 0 0 1 0 0 1 0 0 1 0 0 1 0 0 1 0 0 1 0 0 1 0 0 1 0 0 1 0 0 1 0 0 1 0 0 1 0 0 1 0 0 1 0 0 1 0 0 1 0 0 1 0 0 1 0 0 1 0 0 1 0 0 1 0 0 1 0 0 1 0 0 1 0 0 1 0 0 1 0 0 1 0 0 1 0 0 1 0 0 1 0 0 1 0 0 1 0 0 1 0 0 1 0 0 1 0 0 1 0 0 1 0 0 1 0 0 1 0 0 1 0 0 1 0 0 1 0 0 1 0 0 1 0 0 1 0 0 1 0 0 1 0 0 1 0 0 1 0 0 1 0 0 1 0 0 1 0 0 1 0 0 1 0 0 1 0 0 1 0 0 1 0 0 1 0 0 1 0 0 1 0 0 1 0 0 1 0 0 1 0 0 1 0 0 1 0 0 1 0 0 1 0 0 1 0 0 1 0 0 1 0 0 1 0 0 1 0 0 1 0 0 1 0 0 1 0 0 1 0 0 1 0 0 1 0 0 1 0 0 1 0 0 1 0 0 1 0 0 1 0 0 1 0 0 1 0 0 1 0 0 1 0 0 1 0 0 1 0 0 1 0 0 1 0 0 1 0 0 1 0 0 1 0 0 1 0 0 1 0 0 1 0 0 1 0 0 1 0 0 1 0 0 1 0 0 1 0 0 1 0 0 1 0 0 1 0 0 1 0 0 1 0 0 1 0 0 1 0 0 1 0 0 1 0 0 1 0 0 1 0 0 1 0 0 1 0 0 1 0 0 1 0 0 1 0 0 1 0 0 1 0 0 1 0 0 1 0 0 1 0 0 1 0 0 1 0 0 1 0 0 1 0 0 1 0 0 1 0 0 1 0 0 1 0 0 1 0 0 1 0 0 1 0 0 1 0 0 1 0 0 1 0 0 1 0 0 1 0 0 1 0 0 1 0 0 1 0 0 1 0 0 1 0 0 1 0 0 1 0 0 1 0 0 1 0 0 1 0 0 1 0 0 1 0 0 1 0 0 1 0 0 1 0 0 1 0 0 1 0 0 1 0 0 1 0 0 1 0 0 1 0 0 1 0 0 1 0 0 1 0 0 1 0 0 1 0 0 1 0 0 1 0 0 1 0 0 1 0 0 1 0 0 1 0 0 1 0 0 1 0 0 1 0 0 1 0 0 1 0 0 1 0 0 1 0 0 1 0 0 1 0 0 1 0 0 1 0 0 1 0 0 1 0 0 1 0 0 1 0 0 1 0 0 1 0 0 1 0 0 1 0 0 1 0 0 1 0 0 1 0 0 1 0 0 1 0 0 1 0 0 1 0 0 1 0 0 1 0 0 1 0 0 1 0 0 1 0 0 1 0 0 1 0 0 1 0 0 1 0 0 1 0 0 1 0 0 1 0 0 1 0 0 1 0 0 1 0 0 1 0 0 1 0 0 1 0 0 1 0 0 1 0 0 1 0 0 1 0 0 1 0 0 1 0 0 1 0 0 1 0 0 1 0 0 1 0 0 1 0 0 1 0 0 1 0 0 1 0 0 1 0 0 1 0 0 1 0 0 1 0 0 1 0 0 1 0 0 1 0 0 1 0 0 1 0 0 1 0 0 1 0 0 1 0 0 1 0 0 1 0 0 1 0 0 1 0 0 1 0 0 1 0 0 1 0 0 1 0 0 1 0 0 1 0 0 1 0 0 1 0 0 1 0 0 1 0 0 1 0 0 1 0 0 1 0 0 1 0 0 1 0 0 1 0 0 1 0 0 1 0 0 1 0 0 1 0 0 1 0 0 1 0 0 1 0 0 1 0 0 1 0 0 1 0 0 1 0 0 1 0 0 1 0 0 1 0 0 1 0 0 1 0 0 1 0 0 1 0 0 1 0 0 1 0 0 1 0 0 1 0 0 1 0 0 1 0 0 1 0 0 1 0 0 1 0 0 1 0 0 1 0 0 1 0 0 1 0 0 1 0 0 1 0 0 1 0 0 1 0 0 1 0 0 1 0 0 1 0 0 1 0 0 1 0 0 1 0 0 1 0 0 1 0 0 1 0 0 1 0 0 1 0 0 1 0 0 1 0 0 1 0 0 1 0 0 1 0 0 1 0 0 1 0 0 1 0 0 1 0 0 1 0 0 1 0 0 1 0 0 1 0 0 1 0 0 1 0 0 1 0 0 1 0 0 1 0 0 1 0 0 1 0 0 1 0 0 1 0 0 1 0 0 1 0 0 1 0 0 1 0 0 1 0 0 1 0 0 1 0 0 1 0 0 1 0 0 1 0 0 1 0 0 1 0 0 1 0 0 1 0 0 1 0 0 1 0 0 1 0 0 1 0 0 1 0 0 1 0 0 1 0 0 1 0 0 1 0 0 1 0 0 1 0 0 1 0 0 1 0 0 1 0 0 1 0 0 1 0 0 1 0 0 1 0 0 1 0 0 1 0 0 1 0 0 1 0 0 1 0 0 1 0 0 1 0 0 1 0 0 1 0 0 1 0 0 1 0 0 1 0 0 1 0 0 1 0 0 1 0 0 1 0 0 1 0 0 1 0 0 1 0 0 1 0 0 1 0 0 1 0 0 1 0 0 1 0 0 1 0 0 1 0 0 1 0 0 1 0 0 1 0 0 1 0 0 1 0 0 1 0 0 1 0 0 1 0 0 1 0 0 1 0 0 1 0 0 1 0 0 1 0 0 1 0 0 1 0 0 1 0 0 1 0 0 1 0 0 1 0 0 1 0 0 1 0.009153667 0 0.9999582 0.01547333 3.870371e-05 0.9998803 0.02811932 -3.678042e-05 0.9996046 0.05190378 -3.219485e-05 0.998652 0.05221692 -2.91908e-05 0.9986357 0.08160866 -0.0001263509 0.9966645 0.09060474 -6.737051e-05 0.995887 0.1114979 -0.0001601755 0.9937646 0.1268935 -7.069185e-05 0.9919164 0.1414429 -0.0001440003 0.9899464 0.1623497 -2.219013e-05 0.9867333 0.172158 -7.867976e-05 0.9850693 0.1964356 6.088631e-05 0.9805167 0.2042814 9.395785e-06 0.9789122 0.2295309 0.0001506432 0.9733014 0.2378765 8.873333e-05 0.9712954 0.2621821 0.0002199136 0.9650184 0.2729487 0.0001306569 0.9620286 0.2948562 0.0002445887 0.9555416 0.308893 0.0001163702 0.9510968 0.3279495 0.0002124397 0.9446952 0.3436184 5.714505e-05 0.9391094 0.3618504 0.0001465624 0.9322361 0.3772655 -1.736345e-05 0.9261051 0.3968962 7.601981e-05 0.9178635 0.4105273 -7.857555e-05 0.9118483 0.4314843 1.690889e-05 0.9021204 0.4440071 -0.0001133229 0.8960233 0.4634771 2.361554e-06 0.8861089 0.4777113 -0.0001099397 0.8785169 0.4923412 1.978367e-05 0.8704023 0.5184138 1.410873e-05 0.8551298 0.5415916 -2.589274e-05 0.8406418 0.5107043 -7.76485e-05 0.8597565 0.5638229 1.84745e-05 0.8258957 0.5427313 -4.281128e-05 0.8399063 0.5859072 1.238181e-05 0.8103781 0.5736035 -8.408096e-05 0.8191332 0.607779 -2.894402e-05 0.7941062 0.6293721 -4.775104e-05 0.7771041 0.6032209 -8.879699e-05 0.7975741 0.6506121 -4.027794e-06 0.7594103 0.6319433 -8.709681e-05 0.7750146 0.6714104 1.138979e-05 0.7410857 0.6601477 -0.0001030357 0.7511358 0.6916984 -8.582969e-06 0.7221864 0.7114077 2.132221e-06 0.7027795 0.6877875 -7.231336e-05 0.725912 0.7305002 5.153514e-05 0.6829125 0.7148101 -5.181542e-05 0.6993186 0.7489153 4.418982e-05 0.6626657 0.7410694 -5.851773e-05 0.6714284 0.7666948 -5.672193e-05 0.6420118 0.7839493 2.279004e-05 0.6208248 0.767423 -4.005386e-05 0.6411411 0.794928 -0.0001368197 0.6067038 0.8007122 -3.31314e-05 0.5990493 0.8170483 -6.266238e-05 0.5765692 0.8220252 -0.0001751457 0.5694511 0.833 -4.087823e-05 0.5532729 0.8472974 -0.000173221 0.5311186 0.8484895 -0.0001398244 0.5292123 0.8632341 -5.482051e-05 0.5048038 0.8708557 -0.0001906468 0.4915387 0.8771468 -4.802063e-05 0.4802223 0.8902308 -7.131275e-05 0.4555096 0.8927386 -0.000141465 0.4505751 0.902502 1.826087e-05 0.4306856 0.9119734 -8.597966e-05 0.4102491 0.9129454 -0.0001150451 0.4080816 0.9190117 0 0.3942302 0.9304784 0 0.3663467 0.9304785 0 0.3663467 0.9452436 -0 0.3263657 0.9452435 0 0.3263658 0.9581836 0 0.286154 0.9581836 0 0.286154 0.9693488 -0 0.2456883 0.9693489 0 0.2456883 0.9787852 0 0.2048892 0.9787852 0 0.2048892 0.9865078 0 0.163714 0.9865078 0 0.163714 0.9898189 -0 0.1423326 0.9898189 0 0.1423326 0.02477969 0 0.9996929 0.07427712 0 0.9972376 0.02477969 0 0.9996929 0.1235942 0 0.9923329 0.07427712 0 0.9972376 0.1726128 0 0.9849898 0.1235942 0 0.9923329 0.2211969 0 0.9752291 0.1726128 0 0.9849898 0.2692429 0 0.9630723 0.2211969 0 0.9752291 0.3166203 0 0.9485524 0.2692429 0 0.9630723 0.3632322 0 0.9316987 0.3166203 0 0.9485524 0.4089535 0 0.9125552 0.3632322 0 0.9316987 0.453656 0 0.8911769 0.4089535 0 0.9125552 0.4972472 0 0.8676089 0.453656 0 0.8911769 0.4972472 0 0.8676089 0.5396372 0 0.8418977 0.5806624 0 0.8141444 0.5396372 0 0.8418977 0.5806624 0 0.8141444 0.6203086 0 0.7843579 0.6583983 0 0.7526696 0.6203086 0 0.7843579 0.6948702 0 0.7191352 0.6583983 0 0.7526696 0.7296559 0 0.6838145 0.6948702 0 0.7191352 0.7626529 0 0.6468079 0.7296559 0 0.6838145 0.7937368 0 0.6082613 0.7626529 0 0.6468079 0.8229122 0 0.5681686 0.7937368 0 0.6082613 0.8500608 0 0.5266846 0.8229122 0 0.5681686 0.8750917 0 0.4839571 0.8500608 0 0.5266846 0.8979948 0 0.4400062 0.8750917 0 0.4839571 0.9187053 0 0.3949438 0.8979948 0 0.4400062 0.9187053 0 0.3949438 0.9390608 -7.075189e-07 0.343751 0.9390039 0 0.3439066 0.9579507 -5.721317e-08 0.2869329 0.9579008 6.861525e-07 0.2870997 0.9732279 -3.708959e-07 0.2298425 0.9732117 -7.388628e-08 0.229911 0.9850791 0 0.1721024 0.985059 4.888539e-07 0.1722173 0 1 0 0 1 0 0.9996983 0.02455918 0 0.9996983 0.02455918 0 0.9972905 0.07356392 0 0.9972905 0.07356392 0 0.9924799 0.1224084 0 0.9924799 0.1224084 0 0.9852811 0.1709426 0 0.9852811 0.1709426 0 0.9757037 0.2190942 0 0.9757037 0.2190942 0 0.9637697 0.2667359 0 0.9637697 0.2667359 0 0.9495271 0.3136851 0 0.9495271 0.3136851 0 0.9329966 0.3598851 0 0.9329966 0.3598851 0 0.9142149 0.4052297 0 0.9142149 0.4052297 0 0.8932271 0.4496057 0 0.8932271 0.4496057 0 0.8700833 0.4929047 0 0.8700833 0.4929047 0 0.8448595 0.5349883 0 0.8448595 0.5349883 0 0.8175727 0.5758254 0 0.8175727 0.5758254 0 0.7883489 0.6152284 0 0.7883489 0.6152284 0 0.7572064 0.6531755 0 0.7572064 0.6531755 0 0.7242636 0.6895232 0 0.7242636 0.6895232 0 0.6895232 0.7242636 0 0.6895232 0.7242636 0 0.6531755 0.7572064 0 0.6531755 0.7572064 0 0.6152284 0.7883489 0 0.6152284 0.7883489 0 0.5758254 0.8175727 0 0.5758254 0.8175727 0 0.5349883 0.8448595 0 0.5349883 0.8448595 0 0.4929047 0.8700833 0 0.4929047 0.8700833 0 0.4496057 0.8932271 0 0.4496057 0.8932271 0 0.4052297 0.9142149 0 0.4052297 0.9142149 0 0.3598851 0.9329966 0 0.3598851 0.9329966 0 0.3136851 0.9495271 0 0.3136851 0.9495271 0 0.2667359 0.9637697 0 0.2667359 0.9637697 0 0.2190942 0.9757037 0 0.2190942 0.9757037 0 0.1709426 0.9852811 0 0.1709426 0.9852811 0 0.1224084 0.9924799 0 0.1224084 0.9924799 0 0.07356392 0.9972905 0 0.07356392 0.9972905 0 0.02455918 0.9996983 0 0.02455918 0.9996983 0 1 0 0 1 0 -0 1 0 0 1 0 -0 1 0 0 1 0 -0 1 0 0 1 0 -0 1 0 0 1 0 -0 1 0 0 1 0 -0 1 0 0 1 0 -0 1 0 0 1 0 -0 1 0 0 1 0 -0 1 0 0 1 0 -0 1 0 0 1 0 -0 1 0 0 1 0 -0 1 0 0 1 0 -0 1 0 0 1 0 -0 1 0 -0 1 0 0 1 0 -0 1 0 0 1 0 0 1 0 0 1 0 0 1 0 0 1 0 0 1 0 0 1 0 0 1 0 0 1 0 0 1 0 0 1 0 0 1 0 0 1 0 0 1 0 0 1 0 0 1 0 0 1 0 0 1 0 0 1 0 0 1 0 0 1 0 0 1 0 0 1 0 0 1 0 0 1 0 0 1 0 0 1 0 0 1 0 0 1 0 0 1 0 0 1 0 0 1 0 0 1 0 0 1 0 0 1 0 -0 1 0 0 1 0 -0 1 0 0 1 0 -0 1 0 0 1 0 -0 1 0 0 1 0 -0 1 0 0 1 0 -0 1 0 0 1 0 -0 1 0 0 1 0 -0 1 0 0 1 0 -0 1 0 0 1 0 -0 1 0 0 1 0 -0 1 0 0 1 0 -0 1 0 0 1 0 -0 1 0 0 1 0 -0 1 0 -0 1 0 -0 1 0 0 1 0 0 1 0 0 1 0 0 1 0 0 1 0 0 1 0 0 1 0 0 1 0 0 1 0 0 1 0 0 1 0 0 1 0 0 1 0 0 1 0 0 1 0 0 1 0 0 1 0 0 1 0 0 1 0 0 1 0 0 1 0 0 1 0 0 1 0 0 1 0 0 1 0 0 1 0 0 1 0 0 1 0 0 1 0 0 1 0 0 1 0 0 1 0 0 1 0 0 1 0 0 0.02453976 0.9996988 0 0.07356392 0.9972906 -1.168408e-05 0.122418 0.9924786 5.27096e-05 0.04630139 0.9989275 0.0001838672 0.1709521 0.9852793 -1.935978e-05 0.2191034 0.9757016 9.588506e-05 0.136714 0.9906106 0.0001937541 0.2667178 0.9637747 -4.398563e-05 0.2263301 0.9740506 0.0001762678 0.3136851 0.949527 -3.868764e-05 0.2986585 0.9543601 6.378352e-05 0.3598936 0.9329935 4.468512e-05 0.4052378 0.9142113 -8.335829e-06 0.3585453 0.9335123 5.859232e-05 0.4496057 0.8932271 -2.50611e-06 0.4929048 0.8700833 0.0001002379 0.4263374 0.9045642 0.0001648868 0.5349953 0.8448551 -1.31679e-05 0.5020957 0.864812 0.000213089 0.5758125 0.8175818 -2.533487e-05 0.5624572 0.8268265 7.532122e-05 0.6136312 0.7895927 8.681801e-05 0.6152285 0.7883489 6.512988e-05 0.6531811 0.7572017 -3.926319e-05 0.6814042 0.7319074 0.0002056458 0.6895283 0.7242588 8.4534e-05 0.7242497 0.6895378 -2.64119e-05 0.7503287 0.6610649 0.0002182434 0.7572148 0.653166 0.0001037469 0.7883452 0.6152332 -1.041443e-05 0.8108838 0.585207 0.0002251588 0.8175759 0.5758209 9.933205e-05 0.8448567 0.5349926 -1.417191e-05 0.8536205 0.5208955 9.030771e-05 0.870088 0.4928964 -3.881027e-05 0.8932232 0.4496136 -2.887554e-05 0.8851128 0.4653765 0.0001064581 0.9142118 0.4052369 1.899935e-05 0.9329966 0.3598851 -7.201333e-05 0.9184951 0.3954324 0.0001215411 0.9495289 0.3136793 0.0001031685 0.9637711 0.2667308 -4.757633e-05 0.9514043 0.3079444 0.0001766493 0.9757037 0.2190942 -2.809555e-05 0.9721419 0.2343931 6.599905e-05 0.9852805 0.1709459 -1.598193e-06 0.9924798 0.1224084 5.185983e-05 0.9835084 0.1808625 7.416768e-05 0.9972906 0.0735625 -1.070932e-05 0.9924467 0.1226761 4.92439e-05 0.9996983 0.02455965 0 0.998916 0.04654735 0.0001894428 0 -1 0 0 -1 0 0 -1 0 0 -1 0 0 -1 0 0 -1 0 0 -1 0 0 -1 0 0 -1 0 0 -1 0 0 -1 0 0 -1 0 0 -1 0 0 -1 0 0 -1 0 0 -1 0 0 -1 0 0 -1 0 0 -1 0 0 -1 0 0 -1 0 0 -1 0 0 -1 0 0 -1 0 0 -1 0 0 -1 0 0 -1 0 0 -1 0 0 -1 0 0 -1 0 0 -1 0 0 -1 0 0 -1 0 0 -1 0 0 -1 0 0 -1 0 0 -1 0 0 -1 0 0 -1 0 0 -1 0 0 -1 0 0 -1 0 0 -1 0 0 -1 0 0 -1 0 0 -1 0 0 -1 0 0 -1 0 0 -1 0 0 -1 0 0 -1 0 0 -1 0 0 -1 0 0 -1 0 0 -1 0 0 -1 0 0 -1 0 0 -1 0 0 -1 0 0 -1 0 0 -1 0 -0.9997098 -0.02409047 -0 -0.9996988 -0.02454017 4.685911e-05 -0.9972906 -0.07356214 9.18277e-05 -0.9973893 -0.07221205 -4.653536e-05 -0.9927539 -0.1201653 -9.142995e-05 -0.9924785 -0.1224189 0.0001361892 -0.9858156 -0.1678319 -0.0001332747 -0.9852788 -0.1709554 0.0001782606 -0.9765851 -0.2151313 -0.0001741766 -0.9757017 -0.2191029 0.0002178163 -0.9650929 -0.2619077 -0.0002136846 -0.9637752 -0.2667159 0.000256878 -0.9513576 -0.3080886 -0.0002503267 -0.9495292 -0.3136786 0.0002932917 -0.9354127 -0.3535576 -0.000286223 -0.9329933 -0.3598936 0.0003273825 -0.9173006 -0.3981953 -0.0003206325 -0.9142093 -0.4052423 0.0003605206 -0.8970575 -0.4419135 -0.0003525129 -0.8932241 -0.4496116 0.0003918731 -0.8747305 -0.4846096 -0.0003827692 -0.8700855 -0.4929005 0.0004212494 -0.8503786 -0.526171 -0.0004111671 -0.8448543 -0.5349963 0.0004493145 -0.8240467 -0.5665218 -0.0004377482 -0.8175842 -0.5758089 0.0004752071 -0.7958025 -0.6055561 -0.0004627743 -0.7883461 -0.6152319 0.0004989941 -0.7657165 -0.6431782 -0.0004862171 -0.7572099 -0.6531715 0.0005213554 -0.7438156 -0.6683849 -7.362774e-05 -0.7312499 -0.6821096 0.000128373 -0.7242458 -0.6895415 0.0006493839 -0.7145736 -0.6995603 -0.0001168044 -0.6992227 -0.714904 8.299186e-05 -0.6895414 -0.724246 0.0006763239 -0.6889428 -0.7248155 0.00062547 -0.6735312 -0.7391587 6.279109e-05 -0.6531726 -0.7572084 0.000969819 -0.6547065 -0.7558824 0.00111512 -0.6373539 -0.770571 0.0005122116 -0.6152312 -0.7883458 0.00124517 -0.6188903 -0.7854768 0.0009505756 -0.5997276 -0.8002041 0.0004628282 -0.5758076 -0.8175846 0.0008873907 -0.5805615 -0.8142162 0.0005915324 -0.5620614 -0.8270954 3.305118e-05 -0.5349996 -0.8448523 0.0003442728 -0.5439343 -0.8391278 -8.083434e-05 -0.5261205 -0.85041 -0.0002829224 -0.4928987 -0.8700867 -3.084783e-05 -0.5085151 -0.8610529 -0.000577146 -0.490775 -0.8712863 -0.0001951257 -0.473143 -0.8809854 -0.0006526362 -0.4550014 -0.8904907 -0.0002323611 -0.4496096 -0.8932251 0.0001436496 -0.436584 -0.8996634 -0.0003130522 -0.4174528 -0.9086986 -0.0001025519 -0.4052393 -0.9142104 0.0005602724 -0.3974749 -0.917613 0.000210993 -0.3765892 -0.9263803 0.0001623628 -0.3598956 -0.9329923 0.0007875031 -0.3543276 -0.9351212 0.0004732366 -0.330373 -0.9438505 9.779689e-05 -0.3136825 -0.9495277 0.0006330835 -0.3059559 -0.9520456 0.0001998917 -0.2834126 -0.9589981 -2.991552e-05 -0.2667119 -0.9637761 0.000495669 -0.2607117 -0.9654166 0.0001904962 -0.2384802 -0.9711474 -4.604856e-05 -0.2191011 -0.975702 0.0004559387 -0.2160674 -0.9763784 0.0003011133 -0.1946093 -0.9808809 -3.328004e-05 -0.1709624 -0.9852775 0.0003606827 -0.1718331 -0.985126 0.0004088037 -0.1483934 -0.9889284 -7.245633e-05 -0.1224108 -0.9924794 0.0002921779 -0.1239885 -0.9922836 0.0003750904 -0.1019304 -0.9947915 -5.622065e-05 -0.07356455 -0.9972904 0.0002124932 -0.07962457 -0.9968248 0.0005276031 -0.05973905 -0.9982141 3.96675e-05 -0.04032556 -0.9991866 2.408031e-05 -0.02454133 -0.9996988 0.0003314528 -0.02209734 -0.9997557 0.0002450276 -0.006997677 -0.9999756 0 0 0 1 0 0 1 0 0 1 0 0 1 0 0 1 0 0 1 0 0 1 0 0 1 0 0 1 0 0 1 0 0 1 0 0 1 0 0 1 0 0 1 0 0 1 0 0 1 0 -0 1 0 0 1 0 0 1 0 0 1 0 0 1 0 0 1 0 0 1 0 0 1 0 0 1 0 -0 1 0 0 1 0 0 1 0 -0 1 0 0 1 0 0 1 0 0 1 0 0 1 0 0 1 0 -0 1 0 0 1 0 0 1 0 0 1 0 -0 1 0 0 1 0 0 1 0 0 1 0 -0 1 0 0 1 0 0 1 0 -0 1 0 0 1 0 0 1 0 0 1 0 0 1 0 -0 1 0 -0 1 0 0 1 0 0 1 0 -0 1 0 0 1 0 0 1 0 0 1 0 -0 1 0 0 1 0 0 1 0 -0 1 0 0 1 0 -0 1 0 -0 1 0 0 1 0 -0 1 0 0 1 0 0 1 0 -0 1 0 -0 1 0 0 1 0 0 1 0 0 1 0 -0 1 0 -0 1 0 -0 1 0 0 1 0 0 1 0 0 1 0 0 1 0 0 1 0 0 1 0 0 1 0 0 1 0 0 1 0 -0 1 0 0 1 0 0 1 0 0 1 0 0 1 0 0 1 0 0 1 0 0 1 0 -0 1 0 0 1 0 0 1 0 0 1 0 0 1 0 -0 1 0 0 1 0 0 1 0.9996887 -0.02495249 0 0.9996887 -0.02495249 0 0.9972059 -0.07470265 0 0.9972059 -0.07470265 0 0.9922359 -0.1243703 0 0.9848076 -0.1736488 0 0.9922359 -0.1243703 0 0.9848076 -0.1736488 0 0.9749332 -0.2224977 0 0.9749332 -0.2224977 0 0.9626163 -0.2708688 0 0.9479352 -0.3184632 0 0.9626163 -0.2708688 0 0.9308733 -0.3653422 0 0.9479352 -0.3184632 0 0.9308733 -0.3653422 0 0.9115044 -0.4112903 0 0.9115044 -0.4112903 0 0.8898738 -0.4562067 0 0.8898738 -0.4562067 0 0.8660229 -0.5000044 0 0.8660229 -0.5000044 0 0.8400204 -0.5425549 0 0.8400204 -0.5425549 0 0.8119442 -0.583735 0 0.8119442 -0.583735 0 0.7818248 -0.6234981 0 0.7818248 -0.6234981 0 0.7497835 -0.6616833 0 0.7497835 -0.6616833 0 0.7158694 -0.6982341 0 0.7158694 -0.6982341 0 0.6801786 -0.7330464 0 0.6801786 -0.7330464 0 0.6427779 -0.7660526 0 0.6427779 -0.7660526 0 0.6038162 -0.7971236 0 0.6038162 -0.7971236 0 0.5633076 -0.8262473 0 0.5633076 -0.8262473 0 0.5214341 -0.8532916 0 0.5214341 -0.8532916 0 0.4782638 -0.8782163 0 0.4782638 -0.8782163 0 0.4338876 -0.900967 0 0.4338876 -0.900967 0 0.3884315 -0.9214776 0 0.3884315 -0.9214776 0 0.3420218 -0.939692 0 0.3420218 -0.939692 0 0.2947433 -0.9555765 0 0.2947433 -0.9555765 0 0.2467614 -0.9690763 0 0.2467614 -0.9690763 0 0.1981567 -0.9801704 0 0.1981567 -0.9801704 0 0.1490272 -0.9888331 0 0.1490272 -0.9888331 0 0.09957752 -0.9950297 0 0.09957752 -0.9950297 0 0.04984565 -0.9987569 0 0.04984565 -0.9987569 0 0 -1 0 0 -1 0 -0.04984565 -0.9987569 0 -0.04984565 -0.9987569 0 -0.09957752 -0.9950297 0 -0.09957752 -0.9950297 0 -0.1490272 -0.9888331 0 -0.1490272 -0.9888331 0 -0.1981567 -0.9801704 0 -0.1981567 -0.9801704 0 -0.2467614 -0.9690763 0 -0.2467614 -0.9690763 0 -0.2947433 -0.9555765 0 -0.2947433 -0.9555765 0 -0.3420218 -0.939692 0 -0.3420218 -0.939692 0 -0.3884315 -0.9214776 0 -0.3884315 -0.9214776 0 -0.4338876 -0.900967 0 -0.4338876 -0.900967 0 -0.4782638 -0.8782163 0 -0.4782638 -0.8782163 0 -0.5214341 -0.8532916 0 -0.5214341 -0.8532916 0 -0.5633076 -0.8262473 0 -0.5633076 -0.8262473 0 -0.6038162 -0.7971236 0 -0.6038162 -0.7971236 0 -0.6427779 -0.7660526 0 -0.6427779 -0.7660526 0 -0.6801786 -0.7330464 0 -0.6801786 -0.7330464 0 -0.7158694 -0.6982341 0 -0.7158694 -0.6982341 0 -0.7497835 -0.6616833 -0 -0.7497835 -0.6616833 0 -0.7818248 -0.6234981 0 -0.7818248 -0.6234981 0 -0.8119442 -0.583735 0 -0.8119442 -0.583735 0 -0.8400204 -0.5425549 0 -0.8400204 -0.5425549 0 -0.8660229 -0.5000044 0 -0.8660229 -0.5000044 0 -0.8898738 -0.4562067 0 -0.8898738 -0.4562067 0 -0.9115044 -0.4112903 0 -0.9115044 -0.4112903 0 -0.9308733 -0.3653422 0 -0.9308733 -0.3653422 0 -0.9479352 -0.3184632 0 -0.9479352 -0.3184632 0 -0.9626163 -0.2708688 0 -0.9626163 -0.2708688 0 -0.9749332 -0.2224977 0 -0.9749332 -0.2224977 0 -0.9848076 -0.1736488 0 -0.9848076 -0.1736488 0 -0.9922359 -0.1243703 0 -0.9972059 -0.07470265 -0 -0.9922359 -0.1243703 0 -0.9972059 -0.07470265 0 -0.9996887 -0.02495249 0 -0.9996887 -0.02495249 0 -0.9996887 0.02495249 0 -0.9996887 0.02495249 0 -0.9972059 0.07470265 0 -0.9972059 0.07470265 0 -0.9922359 0.1243703 0 -0.9922359 0.1243703 0 -0.9848076 0.1736488 0 -0.9848076 0.1736488 0 -0.9749332 0.2224977 0 -0.9749332 0.2224977 0 -0.962617 0.2708663 0 -0.962617 0.2708663 0 -0.9479352 0.3184632 0 -0.9479352 0.3184632 0 -0.930872 0.3653455 0 -0.930872 0.3653455 0 -0.9115044 0.4112903 0 -0.9115044 0.4112903 0 -0.8898718 0.4562107 0 -0.8898718 0.4562107 0 -0.8660278 0.4999959 0 -0.8660278 0.4999959 0 -0.8400175 0.5425593 0 -0.8400175 0.5425593 0 -0.8119476 0.5837305 0 -0.8119476 0.5837305 0 -0.7818248 0.6234981 0 -0.7818248 0.6234981 0 -0.7497835 0.6616833 0 -0.7497835 0.6616833 0 -0.7158647 0.698239 0 -0.6801735 0.7330513 0 -0.7158647 0.698239 0 -0.6801735 0.7330513 0 -0.6427894 0.7660429 0 -0.6038099 0.7971283 0 -0.6427894 0.7660429 0 -0.6038099 0.7971283 0 -0.5633076 0.8262473 0 -0.5633076 0.8262473 0 -0.5214341 0.8532916 0 -0.5214341 0.8532916 0 -0.4782638 0.8782163 0 -0.4782638 0.8782163 0 -0.4338796 0.9009709 0 -0.4338796 0.9009709 0 -0.3884315 0.9214776 0 -0.3884315 0.9214776 0 -0.3420218 0.939692 0 -0.3420218 0.939692 0 -0.2947523 0.9555737 0 -0.2947523 0.9555737 0 -0.2467614 0.9690763 0 -0.2467614 0.9690763 0 -0.1981473 0.9801722 0 -0.1981473 0.9801722 0 -0.1490464 0.9888302 0 -0.09956782 0.9950308 0 -0.1490464 0.9888302 0 -0.09956782 0.9950308 0 -0.04984565 0.9987569 0 -0.04984565 0.9987569 0 0 1 0 0 1 -0 0.04984565 0.9987569 0 0.09956782 0.9950308 0 0.04984565 0.9987569 -0 0.09956782 0.9950308 0 0.1490464 0.9888302 0 0.1981473 0.9801722 0 0.1490464 0.9888302 -0 0.1981473 0.9801722 0 0.2467614 0.9690763 0 0.2467614 0.9690763 -0 0.2947523 0.9555737 0 0.3420218 0.939692 0 0.2947523 0.9555737 -0 0.3420218 0.939692 0 0.3884315 0.9214776 0 0.4338796 0.9009709 0 0.3884315 0.9214776 -0 0.4338796 0.9009709 0 0.4782638 0.8782163 0 0.4782638 0.8782163 -0 0.5214341 0.8532916 0 0.5214341 0.8532916 -0 0.5633076 0.8262473 0 0.5633076 0.8262473 -0 0.6038099 0.7971283 0 0.6038099 0.7971283 -0 0.6427894 0.7660429 0 0.6427894 0.7660429 -0 0.6801735 0.7330513 0 0.6801735 0.7330513 -0 0.7158647 0.698239 0 0.7158647 0.698239 -0 0.7497835 0.6616833 -0 0.7497835 0.6616833 0 0.7818248 0.6234981 0 0.7818248 0.6234981 0 0.8119476 0.5837305 0 0.8400175 0.5425593 0 0.8119476 0.5837305 -0 0.8400175 0.5425593 0 0.8660278 0.4999959 0 0.8660278 0.4999959 -0 0.8898718 0.4562107 -0 0.8898718 0.4562107 0 0.9115044 0.4112903 -0 0.9115044 0.4112903 0 0.930872 0.3653455 -0 0.930872 0.3653455 0 0.9479352 0.3184632 -0 0.9479352 0.3184632 0 0.962617 0.2708663 -0 0.962617 0.2708663 0 0.9749332 0.2224977 -0 0.9749332 0.2224977 0 0.9848076 0.1736488 0 0.9848076 0.1736488 0 0.9922359 0.1243703 0 0.9922359 0.1243703 0 0.9972059 0.07470265 0 0.9972059 0.07470265 -0 0.9996887 0.02495249 -0 0.9996887 0.02495249 0 0 0 1 0 0 1 0 0 1 0 0 1 0 0 1 0 0 1 0 0 1 0 0 1 0 0 1 0 0 1 0 0 1 0 0 1 0 0 1 0 0 1 0 0 1 0 0 1 0 0 1 0 0 1 0 0 1 0 0 1 0 0 1 0 0 1 0 0 1 0 0 1 0 0 1 0 0 1 0 0 1 0 0 1 0 0 1 0 0 1 0 0 1 0 0 1 0 0 1 0 0 1 0 0 1 0 0 1 0 0 1 0 0 1 0 0 1 0 0 1 0 0 1 0 0 1 0 0 1 0 0 1 0 0 1 0 0 1 0 0 1 0 0 1 0 0 1 0 0 1 0 0 1 0 0 1 0 0 1 0 0 1 0 0 1 0 0 1 0 0 1 0 0 1 0 0 1 0 0 1 0 0 1 0 0 1 0 0 1 0 0 1 0 0 1 0 0 1 0 0 1 0 0 1 0 0 1 0 0 1 0 0 1 0 0 1 0 0 1 0 0 1 0 0 1 0 0 1 0 0 1 0 0 1 0 0 1 0 0 1 0 0 1 0 0 1 0 0 1 0 0 1 0 0 1 0 0 1 0 0 1 0 0 1 0 0 1 0 0 1 0 0 1 0 0 1 0 0 1 0 0 1 0 0 1 0 0 1 0 0 1 0 0 1 0 0 1 0 0 1 0 0 1 0 0 1 0 0 1 0 0 1 0 0 1 0 0 1 0 0 1 0 0 1 0 0 1 0 0 1 0 0 1 0 0 1 0 0 1 0 0 1 0 0 1 0 0 1 0 0 1 0 0 1 0 0 1 0 0 1 0 0 1 0 0 1 0 0 1 0 0 1 0 0 1 0 0 1 0 0 1 0 0 1 0 0 1 0 0 1 0 0 1 0 0 1 0 0 1 0 0 1 0 0 1 0 0 1 0 0 1 0 0 1 0 0 1 0 0 1 0 0 1 0 0 1 0 0 1 0 0 1 0 0 1 0 0 1 0 0 1 0 0 1 0 0 1 0 0 1 0 0 1 0 0 1 0 0 1 0 0 1 0 0 1 0 0 1 0 0 1 0 0 1 0 0 1 0 0 1 0 0 1 0 0 1 0 0 1 0 0 1 0 0 1 0 0 1 0 0 1 0 0 1 0 0 1 0 0 1 0 0 1 0 0 1 0 0 1 0 0 1 0 0 1 0 0 1 0 0 1 0 0 1 0 0 1 0 0 1 0 0 1 0 0 1 0 0 1 0 0 1 0 0 1 0 0 1 0 0 1 0 0 1 0 0 1 0 0 1 0 0 1 0 0 1 0 0 1 0 0 1 0 0 1 0 0 1 0 0 1 0 0 1 0 0 1 0 0 1 0 0 1 0 0 1 0 0 1 0 0 1 0 0 1 0 0 1 0 0 1 0 0 1 0 0 1 0 0 1 0 0 1 0 0 1 0 0 1 0 0 1 0 0 1 0 0 1 0 0 1 0 0 1 0 0 1 0 0 1 0 0 1 0 0 1 0 0 1 0 0 1 0 0 1 0 0 1 0 0 1 0 0 1 0 0 1 0 0 1 0 0 1 0 0 1 0 0 1 0 0 1 0 0 1 0 0 1 0 0 1 0 0 1 0 0 1 0 0 1 0 0 1 0 0 1 0 0 1 0 0 1 0 0 1 0 0 1 0 0 1 0 0 1 0 0 1 0 0 1 0 0 1 0 0 1 0.9996887 -0.02495249 0 0.9996887 -0.02495249 0 0.9972059 -0.07470265 0 0.9972059 -0.07470265 0 0.9922359 -0.1243703 0 0.9848076 -0.1736488 0 0.9922359 -0.1243703 0 0.9848076 -0.1736488 0 0.9749332 -0.2224977 0 0.9749332 -0.2224977 0 0.962617 -0.2708663 0 0.9479352 -0.3184632 0 0.962617 -0.2708663 0 0.930872 -0.3653455 0 0.9479352 -0.3184632 0 0.930872 -0.3653455 0 0.9115044 -0.4112903 0 0.9115044 -0.4112903 0 0.8898718 -0.4562107 0 0.8898718 -0.4562107 0 0.8660278 -0.4999959 0 0.8660278 -0.4999959 0 0.8400175 -0.5425593 0 0.8400175 -0.5425593 0 0.8119476 -0.5837305 0 0.8119476 -0.5837305 0 0.7818248 -0.6234981 0 0.7818248 -0.6234981 0 0.7497835 -0.6616833 0 0.7497835 -0.6616833 0 0.7158647 -0.698239 0 0.7158647 -0.698239 0 0.6801735 -0.7330513 0 0.6801735 -0.7330513 0 0.6427894 -0.7660429 0 0.6427894 -0.7660429 0 0.6038099 -0.7971283 0 0.6038099 -0.7971283 0 0.5633076 -0.8262473 0 0.5633076 -0.8262473 0 0.5214341 -0.8532916 0 0.5214341 -0.8532916 0 0.4782638 -0.8782163 0 0.4782638 -0.8782163 0 0.4338796 -0.9009709 0 0.4338796 -0.9009709 0 0.3884315 -0.9214776 0 0.3884315 -0.9214776 0 0.3420218 -0.939692 0 0.3420218 -0.939692 0 0.2947523 -0.9555737 0 0.2947523 -0.9555737 0 0.2467614 -0.9690763 0 0.2467614 -0.9690763 0 0.1981473 -0.9801722 0 0.1981473 -0.9801722 0 0.1490464 -0.9888302 0 0.1490464 -0.9888302 0 0.09956782 -0.9950308 0 0.09956782 -0.9950308 0 0.04984565 -0.9987569 0 0.04984565 -0.9987569 0 0 -1 0 0 -1 0 -0.04984565 -0.9987569 0 -0.04984565 -0.9987569 0 -0.09956782 -0.9950308 0 -0.09956782 -0.9950308 0 -0.1490464 -0.9888302 0 -0.1490464 -0.9888302 0 -0.1981473 -0.9801722 0 -0.1981473 -0.9801722 0 -0.2467614 -0.9690763 0 -0.2467614 -0.9690763 0 -0.2947523 -0.9555737 0 -0.2947523 -0.9555737 0 -0.3420218 -0.939692 0 -0.3420218 -0.939692 0 -0.3884315 -0.9214776 0 -0.3884315 -0.9214776 0 -0.4338796 -0.9009709 0 -0.4338796 -0.9009709 0 -0.4782638 -0.8782163 0 -0.4782638 -0.8782163 0 -0.5214341 -0.8532916 0 -0.5214341 -0.8532916 0 -0.5633076 -0.8262473 0 -0.5633076 -0.8262473 0 -0.6038099 -0.7971283 0 -0.6038099 -0.7971283 0 -0.6427894 -0.7660429 0 -0.6427894 -0.7660429 0 -0.6801735 -0.7330513 0 -0.6801735 -0.7330513 0 -0.7158647 -0.698239 0 -0.7158647 -0.698239 0 -0.7497835 -0.6616833 -0 -0.7497835 -0.6616833 0 -0.7818248 -0.6234981 0 -0.7818248 -0.6234981 0 -0.8119476 -0.5837305 0 -0.8119476 -0.5837305 0 -0.8400175 -0.5425593 0 -0.8400175 -0.5425593 0 -0.8660278 -0.4999959 0 -0.8660278 -0.4999959 0 -0.8898718 -0.4562107 0 -0.8898718 -0.4562107 0 -0.9115044 -0.4112903 0 -0.9115044 -0.4112903 0 -0.930872 -0.3653455 0 -0.930872 -0.3653455 0 -0.9479352 -0.3184632 0 -0.9479352 -0.3184632 0 -0.962617 -0.2708663 0 -0.962617 -0.2708663 0 -0.9749332 -0.2224977 0 -0.9749332 -0.2224977 0 -0.9848076 -0.1736488 0 -0.9848076 -0.1736488 0 -0.9922359 -0.1243703 0 -0.9972059 -0.07470265 -0 -0.9922359 -0.1243703 0 -0.9972059 -0.07470265 0 -0.9996887 -0.02495249 0 -0.9996887 -0.02495249 0 -0.9996887 0.02495249 0 -0.9996887 0.02495249 0 -0.9972059 0.07470265 0 -0.9972059 0.07470265 0 -0.9922359 0.1243703 0 -0.9922359 0.1243703 0 -0.9848076 0.1736488 0 -0.9848076 0.1736488 0 -0.9749332 0.2224977 0 -0.9749332 0.2224977 0 -0.9626163 0.2708688 0 -0.9626163 0.2708688 0 -0.9479352 0.3184632 0 -0.9479352 0.3184632 0 -0.9308733 0.3653422 0 -0.9308733 0.3653422 0 -0.9115044 0.4112903 0 -0.9115044 0.4112903 0 -0.8898738 0.4562067 0 -0.8898738 0.4562067 0 -0.8660229 0.5000044 0 -0.8660229 0.5000044 0 -0.8400204 0.5425549 0 -0.8400204 0.5425549 0 -0.8119442 0.583735 0 -0.8119442 0.583735 0 -0.7818248 0.6234981 0 -0.7818248 0.6234981 0 -0.7497835 0.6616833 0 -0.7497835 0.6616833 0 -0.7158694 0.6982341 0 -0.6801786 0.7330464 0 -0.7158694 0.6982341 0 -0.6801786 0.7330464 0 -0.6427779 0.7660526 0 -0.6038162 0.7971236 0 -0.6427779 0.7660526 0 -0.6038162 0.7971236 0 -0.5633076 0.8262473 0 -0.5633076 0.8262473 0 -0.5214341 0.8532916 0 -0.5214341 0.8532916 0 -0.4782638 0.8782163 0 -0.4782638 0.8782163 0 -0.4338876 0.900967 0 -0.4338876 0.900967 0 -0.3884315 0.9214776 0 -0.3884315 0.9214776 0 -0.3420218 0.939692 0 -0.3420218 0.939692 0 -0.2947433 0.9555765 0 -0.2947433 0.9555765 0 -0.2467614 0.9690763 0 -0.2467614 0.9690763 0 -0.1981567 0.9801704 0 -0.1981567 0.9801704 0 -0.1490272 0.9888331 0 -0.09957752 0.9950297 0 -0.1490272 0.9888331 0 -0.09957752 0.9950297 0 -0.04984565 0.9987569 0 -0.04984565 0.9987569 0 0 1 0 0 1 -0 0.04984565 0.9987569 0 0.09957752 0.9950297 0 0.04984565 0.9987569 -0 0.09957752 0.9950297 0 0.1490272 0.9888331 0 0.1981567 0.9801704 0 0.1490272 0.9888331 -0 0.1981567 0.9801704 0 0.2467614 0.9690763 0 0.2467614 0.9690763 -0 0.2947433 0.9555765 0 0.3420218 0.939692 0 0.2947433 0.9555765 -0 0.3420218 0.939692 0 0.3884315 0.9214776 0 0.4338876 0.900967 0 0.3884315 0.9214776 -0 0.4338876 0.900967 0 0.4782638 0.8782163 0 0.4782638 0.8782163 -0 0.5214341 0.8532916 0 0.5214341 0.8532916 -0 0.5633076 0.8262473 0 0.5633076 0.8262473 -0 0.6038162 0.7971236 0 0.6038162 0.7971236 -0 0.6427779 0.7660526 0 0.6427779 0.7660526 -0 0.6801786 0.7330464 0 0.6801786 0.7330464 -0 0.7158694 0.6982341 0 0.7158694 0.6982341 -0 0.7497835 0.6616833 -0 0.7497835 0.6616833 0 0.7818248 0.6234981 0 0.7818248 0.6234981 0 0.8119442 0.583735 0 0.8400204 0.5425549 0 0.8119442 0.583735 -0 0.8400204 0.5425549 0 0.8660229 0.5000044 0 0.8660229 0.5000044 -0 0.8898738 0.4562067 -0 0.8898738 0.4562067 0 0.9115044 0.4112903 -0 0.9115044 0.4112903 0 0.9308733 0.3653422 -0 0.9308733 0.3653422 0 0.9479352 0.3184632 -0 0.9479352 0.3184632 0 0.9626163 0.2708688 -0 0.9626163 0.2708688 0 0.9749332 0.2224977 -0 0.9749332 0.2224977 0 0.9848076 0.1736488 0 0.9848076 0.1736488 0 0.9922359 0.1243703 0 0.9922359 0.1243703 0 0.9972059 0.07470265 0 0.9972059 0.07470265 -0 0.9996887 0.02495249 -0 0.9996887 0.02495249 0 0 0 1 0 0 1 0 0 1 0 0 1 0 0 1 0 0 1 0 0 1 0 0 1 0 0 1 0 0 1 0 0 1 0 0 1 0 0 1 0 0 1 0 0 1 0 0 1 0 0 1 0 0 1 0 0 1 0 0 1 0 0 1 0 0 1 0 0 1 0 0 1 0 0 1 0 0 1 0 0 1 0 0 1 0 0 1 0 0 1 0 0 1 0 0 1 0 0 1 0 0 1 0 0 1 0 0 1 0 0 1 0 0 1 0 0 1 0 0 1 0 0 1 0 0 1 0 0 1 0 0 1 0 0 1 0 0 1 0 0 1 0 0 1 0 0 1 0 0 1 0 0 1 0 0 1 0 0 1 0 0 1 0 0 1 0 0 1 0 0 1 0 0 1 0 0 1 0 0 1 0 0 1 0 0 1 0 0 1 0 0 1 0 0 1 0 0 1 0 0 1 0 0 1 0 0 1 0 0 1 0 0 1 0 0 1 0 0 1 0 0 1 0 0 1 0 0 1 0 0 1 0 0 1 0 0 1 0 0 1 0 0 1 0 0 1 0 0 1 0 0 1 0 0 1 0 0 1 0 0 1 0 0 1 0 0 1 0 0 1 0 0 1 0 0 1 0 0 1 0 0 1 0 0 1 0 0 1 0 0 1 0 0 1 0 0 1 0 0 1 0 0 1 0 0 1 0 0 1 0 0 1 0 0 1 0 0 1 0 0 1 0 0 1 0 0 1 0 0 1 0 0 1 0 0 1 0 0 1 0 0 1 0 0 1 0 0 1 0 0 1 0 0 1 0 0 1 0 0 1 0 0 1 0 0 1 0 0 1 0 0 1 0 0 1 0 0 1 0 0 1 0 0 1 0 0 1 0 0 1 0 0 1 0 0 1 0 0 1 0 0 1 0 0 1 0 0 1 0 0 1 0 0 1 0 0 1 0 0 1 0 0 1 0 0 1 0 0 1 0 0 1 0 0 1 0 0 1 0 0 1 0 0 1 0 0 1 0 0 1 0 0 1 0 0 1 0 0 1 0 0 1 0 0 1 0 0 1 0 0 1 0 0 1 0 0 1 0 0 1 0 0 1 0 0 1 0 0 1 0 0 1 0 0 1 0 0 1 0 0 1 0 0 1 0 0 1 0 0 1 0 0 1 0 0 1 0 0 1 0 0 1 0 0 1 0 0 1 0 0 1 0 0 1 0 0 1 0 0 1 0 0 1 0 0 1 0 0 1 0 0 1 0 0 1 0 0 1 0 0 1 0 0 1 0 0 1 0 0 1 0 0 1 0 0 1 0 0 1 0 0 1 0 0 1 0 0 1 0 0 1 0 0 1 0 0 1 0 0 1 0 0 1 0 0 1 0 0 1 0 0 1 0 0 1 0 0 1 0 0 1 0 0 1 0 0 1 0 0 1 0 0 1 0 0 1 0 0 1 0 0 1 0 0 1 0 0 1 0 0 1 0 0 1 0 0 1 0 0 1 0 0 1 0 0 1 0 0 1 0 0 1 0 0 1 0 0 1 0 0 1 0 0 1 0 0 1 0 0 1 0 0 1 0 0 1 0 0 1 0 0 1 0 0 1 0 0 1 0 0 1 0 0 1 0 0 1 0 0 1 0 0 1 0 0 1 0 0 1 0 0 1 0 0 1 0 0 1 0 0 1 0 0 1 0 0 1 0 0 1 0 0 1 0 0 1 0.9996988 -0.02454402 0 0.9972911 -0.07355448 0 0.9996988 -0.02454402 0 0.9924778 -0.1224245 0 0.9972911 -0.07355448 0 0.9852791 -0.1709538 0 0.9924778 -0.1224245 0 0.9757006 -0.2191082 0 0.9852791 -0.1709538 0 0.9637781 -0.2667055 0 0.9757006 -0.2191082 0 0.9495292 -0.3136788 0 0.9637781 -0.2667055 0 0.9329888 -0.3599054 0 0.9495292 -0.3136788 0 0.9329888 -0.3599054 0 0.914213 -0.4052339 0 0.914213 -0.4052339 0 0.8932247 -0.4496104 0 0.8700852 -0.4929014 0 0.8932247 -0.4496104 0 0.8448549 -0.5349956 0 0.8700852 -0.4929014 0 0.8175825 -0.5758114 0 0.8448549 -0.5349956 0 0.7883459 -0.6152322 0 0.8175825 -0.5758114 0 0.757207 -0.6531749 0 0.7883459 -0.6152322 0 0.7242507 -0.6895368 0 0.757207 -0.6531749 0 0.6895428 -0.724245 0 0.7242507 -0.6895368 0 0.6531707 -0.7572107 0 0.6895428 -0.724245 0 0.6152322 -0.7883459 0 0.6531707 -0.7572107 0 0.5758062 -0.8175862 0 0.6152322 -0.7883459 0 0.5350001 -0.844852 0 0.5758062 -0.8175862 0 0.4928951 -0.8700887 0 0.5350001 -0.844852 0 0.449612 -0.8932239 0 0.4928951 -0.8700887 0 0.4052452 -0.9142081 0 0.449612 -0.8932239 0 0.4052452 -0.9142081 0 0.3598927 -0.9329938 0 0.3136805 -0.9495286 0 0.3598927 -0.9329938 0 0.2667122 -0.9637762 0 0.3136805 -0.9495286 0 0.2191053 -0.9757012 0 0.2667122 -0.9637762 0 0.1709617 -0.9852777 0 0.2191053 -0.9757012 0 0.1224084 -0.9924797 0 0.1709617 -0.9852777 0 0.1224084 -0.9924797 0 0.07356607 -0.9972903 0 0.02454014 -0.9996989 0 0.07356607 -0.9972903 0 0.02454014 -0.9996989 0 1 0 0 1 0 -0 0.9996988 0.02454402 -0 0.9972911 0.07355448 -0 0.9996988 0.02454402 0 0.9924778 0.1224245 -0 0.9972911 0.07355448 0 0.9852791 0.1709538 -0 0.9924778 0.1224245 0 0.9757006 0.2191082 -0 0.9852791 0.1709538 0 0.9637781 0.2667055 -0 0.9757006 0.2191082 0 0.9495292 0.3136788 -0 0.9637781 0.2667055 0 0.9329888 0.3599054 -0 0.9495292 0.3136788 0 0.9329888 0.3599054 0 0.914213 0.4052339 -0 0.914213 0.4052339 0 0.8932247 0.4496104 -0 0.8932247 0.4496104 0 0.8700852 0.4929014 -0 0.8700852 0.4929014 0 0.8448549 0.5349956 -0 0.8448549 0.5349956 0 0.8175825 0.5758114 -0 0.8175825 0.5758114 0 0.7883459 0.6152322 -0 0.7883459 0.6152322 0 0.757207 0.6531749 -0 0.757207 0.6531749 0 0.7242507 0.6895368 -0 0.7242507 0.6895368 0 0.6895428 0.724245 -0 0.6895428 0.724245 0 0.6531707 0.7572107 -0 0.6531707 0.7572107 0 0.6152322 0.7883459 -0 0.6152322 0.7883459 0 0.5758062 0.8175862 -0 0.5758062 0.8175862 0 0.5350001 0.844852 -0 0.4928951 0.8700887 -0 0.5350001 0.844852 0 0.449612 0.8932239 -0 0.4928951 0.8700887 0 0.4052452 0.9142081 -0 0.449612 0.8932239 0 0.3598927 0.9329938 -0 0.4052452 0.9142081 0 0.3136805 0.9495286 -0 0.3598927 0.9329938 0 0.2667122 0.9637762 -0 0.3136805 0.9495286 0 0.2191053 0.9757012 -0 0.2667122 0.9637762 0 0.1709617 0.9852777 -0 0.2191053 0.9757012 0 0.1224084 0.9924797 -0 0.1709617 0.9852777 0 0.07356607 0.9972903 -0 0.1224084 0.9924797 0 0.07356607 0.9972903 0 0.02454014 0.9996989 0 0.02454014 0.9996989 0 0.9996984 0.02455965 0 0.9996984 0.02455965 0 0.9972906 0.07356178 0 0.9972906 0.07356178 0 0.9924796 0.1224096 0 0.9924796 0.1224096 0 0.9852804 0.1709459 0 0.9852804 0.1709459 0 0.9757037 0.2190942 0 0.9757037 0.2190942 0 0.9637703 0.2667333 0 0.9637703 0.2667333 0 0.9495289 0.3136793 0 0.9495289 0.3136793 0 0.9329966 0.3598851 0 0.9329966 0.3598851 0 0.9142134 0.4052333 0 0.9142134 0.4052333 0 0.8932251 0.4496096 0 0.8932251 0.4496096 0 0.8700857 0.4929006 0 0.8700857 0.4929006 0 0.8448567 0.5349927 0 0.8448567 0.5349927 0 0.8175759 0.5758209 0 0.8175759 0.5758209 0 0.7883452 0.6152332 0 0.7883452 0.6152332 0 0.7572147 0.653166 0 0.7572147 0.653166 0 0.7242497 0.6895378 0 0.7242497 0.6895378 0 0.6895283 0.7242588 0 0.6895283 0.7242588 0 0.6531811 0.7572017 0 0.6531811 0.7572017 0 0.6152284 0.7883489 0 0.6152284 0.7883489 0 0.5758125 0.8175818 0 0.5758125 0.8175818 0 0.5349953 0.8448551 0 0.5349953 0.8448551 0 0.4929048 0.8700833 0 0.4929048 0.8700833 0 0.4496057 0.8932271 0 0.4496057 0.8932271 0 0.4052378 0.9142113 0 0.4052378 0.9142113 0 0.3598936 0.9329934 0 0.3598936 0.9329934 0 0.3136851 0.949527 0 0.3136851 0.949527 0 0.2667178 0.9637747 0 0.2667178 0.9637747 0 0.2191035 0.9757016 0 0.2191035 0.9757016 0 0.1709521 0.9852793 0 0.1709521 0.9852793 0 0.122418 0.9924786 0 0.122418 0.9924786 0 0.07356392 0.9972905 0 0.07356392 0.9972905 0 0.02453976 0.9996989 0 0.02453976 0.9996989 0 1 0 0 1 0 -0 0.02453976 -0.9996989 0 0.02453976 -0.9996989 0 0.07356392 -0.9972905 0 0.07356392 -0.9972905 0 0.1224084 -0.9924797 0 0.1224084 -0.9924797 0 0.1709615 -0.9852777 0 0.1709615 -0.9852777 0 0.2191127 -0.9756995 0 0.2191127 -0.9756995 0 0.2666998 -0.9637797 0 0.2666998 -0.9637797 0 0.3136851 -0.949527 0 0.3136851 -0.949527 0 0.359902 -0.9329901 0 0.359902 -0.9329901 0 0.4052459 -0.9142077 0 0.4052459 -0.9142077 0 0.4496057 -0.8932271 0 0.4496057 -0.8932271 0 0.49289 -0.8700916 0 0.49289 -0.8700916 0 0.5350022 -0.8448507 0 0.5350022 -0.8448507 0 0.5758125 -0.8175818 0 0.5758125 -0.8175818 0 0.6152284 -0.7883489 0 0.6152284 -0.7883489 0 0.6531756 -0.7572065 0 0.6531756 -0.7572065 0 0.6895334 -0.7242538 0 0.6895334 -0.7242538 0 0.7242451 -0.6895426 0 0.7242451 -0.6895426 0 0.7572147 -0.653166 0 0.7572147 -0.653166 0 0.7883489 -0.6152284 0 0.7883489 -0.6152284 0 0.8175727 -0.5758255 0 0.8175727 -0.5758255 0 0.8448594 -0.5349883 0 0.8448594 -0.5349883 0 0.870088 -0.4928964 0 0.870088 -0.4928964 0 0.8932232 -0.4496136 0 0.8932232 -0.4496136 0 0.9142118 -0.4052369 0 0.9142118 -0.4052369 0 0.9329966 -0.3598851 0 0.9329966 -0.3598851 0 0.9495289 -0.3136793 0 0.9495289 -0.3136793 0 0.963771 -0.2667308 0 0.963771 -0.2667308 0 0.9757037 -0.2190942 0 0.9757037 -0.2190942 0 0.9852804 -0.1709459 0 0.9852804 -0.1709459 0 0.9924797 -0.1224084 0 0.9924797 -0.1224084 0 0.9972906 -0.0735625 0 0.9972906 -0.0735625 0 0.9996984 -0.02455965 0 0.9996984 -0.02455965 0 -0 -1 0 0 -1 0 -0.02453976 -0.9996989 0 -0.02453976 -0.9996989 0 -0.07356392 -0.9972905 0 -0.07356392 -0.9972905 0 -0.1224084 -0.9924797 0 -0.1224084 -0.9924797 0 -0.1709615 -0.9852777 0 -0.1709615 -0.9852777 0 -0.2191127 -0.9756995 0 -0.2191127 -0.9756995 0 -0.2666998 -0.9637797 0 -0.2666998 -0.9637797 0 -0.3136851 -0.949527 0 -0.3136851 -0.949527 0 -0.359902 -0.9329901 0 -0.359902 -0.9329901 0 -0.4052459 -0.9142077 0 -0.4052459 -0.9142077 0 -0.4496057 -0.8932271 0 -0.4496057 -0.8932271 0 -0.49289 -0.8700916 0 -0.49289 -0.8700916 0 -0.5350022 -0.8448507 0 -0.5350022 -0.8448507 0 -0.5758125 -0.8175818 0 -0.5758125 -0.8175818 0 -0.6152284 -0.7883489 0 -0.6152284 -0.7883489 0 -0.6531756 -0.7572065 0 -0.6531756 -0.7572065 0 -0.6895334 -0.7242538 0 -0.6895334 -0.7242538 0 -0.7242451 -0.6895426 0 -0.7242451 -0.6895426 0 -0.7572147 -0.653166 0 -0.7572147 -0.653166 0 -0.7883489 -0.6152284 0 -0.7883489 -0.6152284 0 -0.8175727 -0.5758255 0 -0.8175727 -0.5758255 0 -0.8448594 -0.5349883 0 -0.8448594 -0.5349883 0 -0.870088 -0.4928964 0 -0.870088 -0.4928964 0 -0.8932232 -0.4496136 0 -0.8932232 -0.4496136 0 -0.9142118 -0.4052369 0 -0.9142118 -0.4052369 0 -0.9329966 -0.3598851 0 -0.9329966 -0.3598851 0 -0.9495289 -0.3136793 0 -0.9495289 -0.3136793 0 -0.963771 -0.2667308 0 -0.963771 -0.2667308 0 -0.9757037 -0.2190942 0 -0.9757037 -0.2190942 0 -0.9852804 -0.1709459 0 -0.9852804 -0.1709459 0 -0.9924797 -0.1224084 0 -0.9924797 -0.1224084 0 -0.9972906 -0.0735625 0 -0.9972906 -0.0735625 0 -0.9996984 -0.02455965 0 -0.9996984 -0.02455965 0 -1 0 0 -1 0 0 -0.9996984 0.02455965 0 -0.9996984 0.02455965 0 -0.9972906 0.0735625 0 -0.9972906 0.0735625 0 -0.9924797 0.1224084 0 -0.9924797 0.1224084 0 -0.9852804 0.1709459 0 -0.9852804 0.1709459 0 -0.9757037 0.2190942 0 -0.9757037 0.2190942 0 -0.963771 0.2667308 0 -0.963771 0.2667308 0 -0.9495289 0.3136793 0 -0.9495289 0.3136793 0 -0.9329966 0.3598851 0 -0.9329966 0.3598851 0 -0.9142118 0.4052369 0 -0.9142118 0.4052369 0 -0.8932232 0.4496136 0 -0.8932232 0.4496136 0 -0.870088 0.4928964 0 -0.870088 0.4928964 0 -0.8448594 0.5349883 0 -0.8448594 0.5349883 0 -0.8175727 0.5758255 0 -0.8175727 0.5758255 0 -0.7883489 0.6152284 0 -0.7883489 0.6152284 0 -0.7572147 0.653166 0 -0.7572147 0.653166 0 -0.7242451 0.6895426 0 -0.7242451 0.6895426 0 -0.6895334 0.7242538 0 -0.6895334 0.7242538 0 -0.6531756 0.7572065 0 -0.6531756 0.7572065 0 -0.6152284 0.7883489 0 -0.6152284 0.7883489 0 -0.5758125 0.8175818 0 -0.5758125 0.8175818 0 -0.5350022 0.8448507 0 -0.5350022 0.8448507 0 -0.49289 0.8700916 0 -0.49289 0.8700916 0 -0.4496057 0.8932271 0 -0.4496057 0.8932271 0 -0.4052459 0.9142077 0 -0.4052459 0.9142077 0 -0.359902 0.9329901 0 -0.359902 0.9329901 0 -0.3136851 0.949527 0 -0.3136851 0.949527 0 -0.2666998 0.9637797 0 -0.2666998 0.9637797 0 -0.2191127 0.9756995 0 -0.2191127 0.9756995 0 -0.1709615 0.9852777 0 -0.1709615 0.9852777 0 -0.1224084 0.9924797 0 -0.1224084 0.9924797 0 -0.07356392 0.9972905 0 -0.07356392 0.9972905 0 -0.02453976 0.9996989 0 -0.02453976 0.9996989 0 -1 -0 -0 -1 0 0 0 0 -1 0 0 -1 0 0 -1 0 0 -1 0 0 -1 0 0 -1 0 0 -1 0 0 -1 0 0 -1 0 0 -1 0 0 -1 0 0 -1 0 0 -1 0 0 -1 0 0 -1 0 0 -1 0 -0 -1 0 0 -1 0 0 -1 0 0 -1 0 0 -1 0 0 -1 0 -0 -1 0 0 -1 0 -0 -1 0 0 -1 0 -0 -1 -0 0 -1 0 0 -1 0 -0 -1 0 -0 -1 0 0 -1 0 -0 -1 0 0 -1 0 -0 -1 0 0 -1 0 -0 -1 0 0 -1 0 -0 -1 0 0 -1 0 -0 -1 0 0 -1 0 0 -1 0 -0 -1 0 0 -1 0 0 -1 0 0 -1 0 0 -1 0 0 -1 0 0 -1 0 0 -1 0 0 -1 -0 -0 -1 0 0 -1 0 0 -1 0 0 -1 0 0 -1 -0 -0 -1 0 0 -1 0 0 -1 0 0 -1 0 0 -1 0 0 -1 0 0 -1 0 0 -1 0 0 -1 0 0 -1 -0 -0 -1 -0.9997098 0.02409047 0 -0.9973893 0.07221205 -4.653536e-05 -0.9996988 0.02454017 4.685911e-05 -0.9927539 0.1201653 -9.142995e-05 -0.9972906 0.07356214 9.18277e-05 -0.9924785 0.1224189 0.0001361892 -0.9858156 0.1678319 -0.0001332747 -0.9765851 0.2151313 -0.0001741766 -0.9852788 0.1709554 0.0001782606 -0.9757017 0.2191029 0.0002178163 -0.9650929 0.2619077 -0.0002136846 -0.9513576 0.3080886 -0.0002503267 -0.9637752 0.2667159 0.000256878 -0.9354127 0.3535576 -0.000286223 -0.9495292 0.3136786 0.0002932917 -0.9173006 0.3981953 -0.0003206325 -0.9329933 0.3598936 0.0003273825 -0.8970575 0.4419135 -0.0003525129 -0.9142093 0.4052423 0.0003605206 -0.8747305 0.4846096 -0.0003827692 -0.8932241 0.4496116 0.0003918731 -0.8503786 0.526171 -0.0004111671 -0.8700855 0.4929005 0.0004212494 -0.8240467 0.5665218 -0.0004377482 -0.8448543 0.5349963 0.0004493145 -0.7958025 0.6055561 -0.0004627743 -0.8175842 0.5758089 0.0004752071 -0.7657165 0.6431782 -0.0004862171 -0.7883461 0.6152319 0.0004989941 -0.7400705 0.6725293 -0.0002375964 -0.7572099 0.6531715 0.0005213554 -0.7236006 0.6902187 0.0005082403 -0.7106627 0.7035329 -6.548806e-05 -0.69072 0.7231224 0.0001918359 -0.724246 0.6895415 0.0005747561 -0.6623661 0.7491804 -0.0001497228 -0.6895416 0.7242461 0.0003416644 -0.6338305 0.773472 -0.0002135673 -0.6531728 0.7572086 0.0006905103 -0.6074045 0.7943926 5.053564e-05 -0.5820044 0.8131856 0.0001080885 -0.6152315 0.7883462 0.0006979284 -0.5558815 0.8312616 -0.0001637034 -0.5758078 0.8175848 0.0006300582 -0.5284492 0.8489649 0.0001817436 -0.5009708 0.8654642 0.0002221563 -0.5349995 0.844852 0.0006908484 -0.4752124 0.8798711 2.859278e-05 -0.4512047 0.8924204 0.000441456 -0.4928986 0.8700865 0.0007782904 -0.4282308 0.9036694 -0.0001113218 -0.4496095 0.893225 0.000558328 -0.405287 0.9141894 0.0004310454 -0.3828802 0.923798 -0.0001043544 -0.4052393 0.9142106 0.0004273676 -0.3598956 0.9329925 0.0004781891 -0.3597688 0.9330413 0.0004694268 -0.3371332 0.941457 -2.052129e-05 -0.3136826 0.9495278 0.0004938681 -0.3142252 0.9493483 0.0005300997 -0.2924056 0.9562944 -6.646096e-06 -0.2707485 0.9626501 0.0003015228 -0.2667119 0.9637762 0.0005027628 -0.2503746 0.9681491 -9.088325e-06 -0.2303945 0.9730973 6.210109e-05 -0.2191011 0.975702 0.0004640612 -0.2108075 0.9775276 0.000126622 -0.1918229 0.9814296 -4.857393e-05 -0.1709624 0.9852775 0.0003601987 -0.1725828 0.9849949 0.0004446732 -0.1546209 0.9879739 1.667629e-05 -0.1366559 0.9906185 5.439755e-05 -0.1190504 0.9928882 0.0002860117 -0.1026889 0.9947135 1.200563e-05 -0.08655431 0.9962471 8.242063e-05 -0.1224108 0.9924794 0.000420356 -0.07087779 0.997485 0.0002880747 -0.05662004 0.9983958 3.192468e-05 -0.07356454 0.9972904 0.0003868846 -0.04274786 0.9990858 1.780103e-05 -0.02454133 0.9996988 0.0002754359 -0.02885439 0.9995835 0.0004532738 -0.01723314 0.9998515 0.0001479145 -0.008603841 0.9999629 3.6083e-05 -0.002826609 0.999996 0 0.9996984 0.02455965 0 0.9996984 0.02455965 0 0.9972906 0.0735625 0 0.9972906 0.0735625 0 0.9924797 0.1224084 0 0.9924797 0.1224084 0 0.9852804 0.1709459 0 0.9852804 0.1709459 0 0.9757037 0.2190942 0 0.9757037 0.2190942 0 0.963771 0.2667308 0 0.963771 0.2667308 0 0.9495289 0.3136793 0 0.9495289 0.3136793 0 0.9329966 0.3598851 0 0.9329966 0.3598851 0 0.9142118 0.4052369 0 0.9142118 0.4052369 0 0.8932232 0.4496136 0 0.8932232 0.4496136 0 0.870088 0.4928964 0 0.870088 0.4928964 0 0.8448594 0.5349883 0 0.8448594 0.5349883 0 0.8175727 0.5758255 0 0.8175727 0.5758255 0 0.7883489 0.6152284 0 0.7883489 0.6152284 0 0.7572147 0.653166 0 0.7572147 0.653166 0 0.7242451 0.6895426 0 0.7242451 0.6895426 0 0.6895334 0.7242538 0 0.6895334 0.7242538 0 0.6531756 0.7572065 0 0.6531756 0.7572065 0 0.6152284 0.7883489 0 0.6152284 0.7883489 0 0.5758125 0.8175818 0 0.5758125 0.8175818 0 0.5350022 0.8448507 0 0.5350022 0.8448507 0 0.49289 0.8700916 0 0.49289 0.8700916 0 0.4496057 0.8932271 0 0.4496057 0.8932271 0 0.4052459 0.9142077 0 0.4052459 0.9142077 0 0.359902 0.9329901 0 0.359902 0.9329901 0 0.3136851 0.949527 0 0.3136851 0.949527 0 0.2666998 0.9637797 0 0.2666998 0.9637797 0 0.2191127 0.9756995 0 0.2191127 0.9756995 0 0.1709615 0.9852777 0 0.1709615 0.9852777 0 0.1224084 0.9924797 0 0.1224084 0.9924797 0 0.07356392 0.9972905 0 0.07356392 0.9972905 0 0.02453976 0.9996989 0 0.02453976 0.9996989 0 1 0 -0 1 0 0 0.9996984 -0.02455965 0 0.9996984 -0.02455965 0 0.9972906 -0.07356178 0 0.9972906 -0.07356178 0 0.9924796 -0.1224096 0 0.9924796 -0.1224096 0 0.9852804 -0.1709459 0 0.9852804 -0.1709459 0 0.9757037 -0.2190942 0 0.9757037 -0.2190942 0 0.9637703 -0.2667333 0 0.9637703 -0.2667333 0 0.9495289 -0.3136793 0 0.9495289 -0.3136793 0 0.9329966 -0.3598851 0 0.9329966 -0.3598851 0 0.9142134 -0.4052333 0 0.9142134 -0.4052333 0 0.8932251 -0.4496096 0 0.8932251 -0.4496096 0 0.8700857 -0.4929006 0 0.8700857 -0.4929006 0 0.8448567 -0.5349927 0 0.8448567 -0.5349927 0 0.8175759 -0.5758209 0 0.8175759 -0.5758209 0 0.7883452 -0.6152332 0 0.7883452 -0.6152332 0 0.7572147 -0.653166 0 0.7572147 -0.653166 0 0.7242497 -0.6895378 0 0.7242497 -0.6895378 0 0.6895283 -0.7242588 0 0.6895283 -0.7242588 0 0.6531811 -0.7572017 0 0.6531811 -0.7572017 0 0.6152284 -0.7883489 0 0.6152284 -0.7883489 0 0.5758125 -0.8175818 0 0.5758125 -0.8175818 0 0.5349953 -0.8448551 0 0.5349953 -0.8448551 0 0.4929048 -0.8700833 0 0.4929048 -0.8700833 0 0.4496057 -0.8932271 0 0.4496057 -0.8932271 0 0.4052378 -0.9142113 0 0.4052378 -0.9142113 0 0.3598936 -0.9329934 0 0.3598936 -0.9329934 0 0.3136851 -0.949527 0 0.3136851 -0.949527 0 0.2667178 -0.9637747 0 0.2667178 -0.9637747 0 0.2191035 -0.9757016 0 0.2191035 -0.9757016 0 0.1709521 -0.9852793 0 0.1709521 -0.9852793 0 0.122418 -0.9924786 0 0.122418 -0.9924786 0 0.07356392 -0.9972905 0 0.07356392 -0.9972905 0 0.02453976 -0.9996989 0 0.02453976 -0.9996989 0 -0.99969 -0.02489923 -0 -0.99969 -0.02489923 0 -0.997201 -0.07476834 0 -0.9922463 -0.1242873 0 -0.997201 -0.07476834 0 -0.9848042 -0.1736683 0 -0.9922463 -0.1242873 0 -0.974934 -0.2224943 0 -0.9848042 -0.1736683 0 -0.9626082 -0.2708976 0 -0.974934 -0.2224943 0 -0.9479329 -0.3184698 0 -0.9626082 -0.2708976 0 -0.9308698 -0.3653511 0 -0.9479329 -0.3184698 0 -0.911517 -0.4112625 0 -0.9308698 -0.3653511 0 -0.8898818 -0.4561909 0 -0.911517 -0.4112625 0 -0.8660217 -0.5000064 0 -0.8898818 -0.4561909 0 -0.8660217 -0.5000064 0 -0.8400196 -0.5425562 0 -0.8400196 -0.5425562 0 -0.8119391 -0.5837421 0 -0.8119391 -0.5837421 0 -0.7818111 -0.6235154 0 -0.7818111 -0.6235154 0 -0.7498105 -0.6616527 0 -0.7498105 -0.6616527 0 -0.7158328 -0.6982717 0 -0.7158328 -0.6982717 0 -0.6802003 -0.7330264 0 -0.6802003 -0.7330264 0 -0.642794 -0.7660391 0 -0.642794 -0.7660391 0 -0.6037767 -0.7971535 -0 -0.6037767 -0.7971535 0 -0.5633455 -0.8262215 0 -0.5633455 -0.8262215 0 -0.5214134 -0.8533041 0 -0.5214134 -0.8533041 0 -0.4782648 -0.8782157 0 -0.4782648 -0.8782157 0 -0.433894 -0.9009638 0 -0.3884394 -0.9214743 0 -0.433894 -0.9009638 0 -0.3420139 -0.9396948 0 -0.3884394 -0.9214743 0 -0.2947603 -0.9555712 0 -0.3420139 -0.9396948 0 -0.2467393 -0.9690819 0 -0.2947603 -0.9555712 0 -0.1981487 -0.9801719 0 -0.2467393 -0.9690819 0 -0.1490512 -0.9888294 0 -0.1981487 -0.9801719 0 -0.09955881 -0.9950317 0 -0.1490512 -0.9888294 0 -0.04986824 -0.9987558 0 -0.09955881 -0.9950317 0 0 -1 0 -0.04986824 -0.9987558 0 0.04986824 -0.9987558 0 -0 -1 0 0.09955881 -0.9950317 0 0.04986824 -0.9987558 0 0.1490512 -0.9888294 0 0.09955881 -0.9950317 0 0.1981487 -0.9801719 0 0.1490512 -0.9888294 0 0.2467393 -0.9690819 0 0.1981487 -0.9801719 0 0.2467393 -0.9690819 0 0.2947603 -0.9555712 0 0.2947603 -0.9555712 0 0.3420139 -0.9396948 0 0.3420139 -0.9396948 0 0.3884394 -0.9214743 0 0.3884394 -0.9214743 0 0.433894 -0.9009638 0 0.433894 -0.9009638 0 0.4782648 -0.8782157 0 0.4782648 -0.8782157 0 0.5214134 -0.8533041 0 0.5214134 -0.8533041 0 0.5633455 -0.8262215 0 0.5633455 -0.8262215 0 0.6037767 -0.7971535 0 0.6037767 -0.7971535 0 0.642794 -0.7660391 0 0.642794 -0.7660391 0 0.6802003 -0.7330264 0 0.6802003 -0.7330264 0 0.7158328 -0.6982717 0 0.7158328 -0.6982717 0 0.7498105 -0.6616527 0 0.7498105 -0.6616527 0 0.7818111 -0.6235154 0 0.7818111 -0.6235154 0 0.8119391 -0.5837421 0 0.8119391 -0.5837421 0 0.8400196 -0.5425562 0 0.8400196 -0.5425562 0 0.8660217 -0.5000064 0 0.8660217 -0.5000064 0 0.8898818 -0.4561909 0 0.8898818 -0.4561909 0 0.911517 -0.4112625 0 0.911517 -0.4112625 0 0.9308698 -0.3653511 0 0.9308698 -0.3653511 0 0.9479329 -0.3184698 0 0.9626082 -0.2708976 0 0.9479329 -0.3184698 0 0.9626082 -0.2708976 0 0.974934 -0.2224943 0 0.9848042 -0.1736683 0 0.974934 -0.2224943 0 0.9922463 -0.1242873 0 0.9848042 -0.1736683 0 0.997201 -0.07476834 0 0.9922463 -0.1242873 0 0.997201 -0.07476834 0 0.99969 -0.02489923 0 0.99969 -0.02489923 0 0.99969 0.02489923 -0 0.99969 0.02489923 0 0.997201 0.07476834 0 0.997201 0.07476834 0 0.9922463 0.1242873 0 0.9922463 0.1242873 0 0.9848042 0.1736683 -0 0.9848042 0.1736683 0 0.974934 0.2224943 0 0.974934 0.2224943 0 0.9626082 0.2708976 0 0.9626082 0.2708976 0 0.9479329 0.3184698 0 0.9479329 0.3184698 0 0.9308698 0.3653511 -0 0.9308698 0.3653511 0 0.911517 0.4112625 0 0.911517 0.4112625 0 0.866026 0.4999989 -0 0.8898818 0.4561909 0 0.8898818 0.4561909 0 0.866026 0.4999989 0 0.8400145 0.542564 0 0.8400145 0.542564 0 0.8119391 0.5837421 0 0.8119391 0.5837421 0 0.7818179 0.6235069 0 0.7818179 0.6235069 0 0.7498029 0.6616613 0 0.7158413 0.698263 -0 0.7498029 0.6616613 0 0.7158413 0.698263 0 0.6802003 0.7330264 0 0.6802003 0.7330264 0 0.642794 0.7660391 0 0.6037767 0.7971535 -0 0.642794 0.7660391 0 0.5633336 0.8262296 -0 0.6037767 0.7971535 0 0.5633336 0.8262296 0 0.5214261 0.8532964 0 0.4782514 0.8782229 -0 0.5214261 0.8532964 0 0.4782514 0.8782229 0 0.4338799 0.9009708 0 0.4338799 0.9009708 0 0.3884394 0.9214743 0 0.3884394 0.9214743 0 0.3420139 0.9396948 0 0.3420139 0.9396948 0 0.2947603 0.9555712 0 0.2947603 0.9555712 0 0.2467719 0.9690737 -0 0.2467719 0.9690737 0 0.198132 0.9801753 -0 0.198132 0.9801753 0 0.1490512 0.9888294 0 0.1490512 0.9888294 0 0.09955881 0.9950317 0 0.09955881 0.9950317 0 0.0498509 0.9987567 0 0 1 0 0.0498509 0.9987567 0 -0 1 0 -0.0498509 0.9987567 0 -0.09955881 0.9950317 0 -0.0498509 0.9987567 0 -0.09955881 0.9950317 0 -0.1490512 0.9888294 0 -0.1490512 0.9888294 0 -0.198132 0.9801753 0 -0.198132 0.9801753 0 -0.2467719 0.9690737 0 -0.2947603 0.9555712 0 -0.2467719 0.9690737 0 -0.2947603 0.9555712 0 -0.3420139 0.9396948 0 -0.3884394 0.9214743 0 -0.3420139 0.9396948 0 -0.4338799 0.9009708 0 -0.3884394 0.9214743 0 -0.4782514 0.8782229 0 -0.4338799 0.9009708 0 -0.4782514 0.8782229 0 -0.5214261 0.8532964 0 -0.5633336 0.8262296 0 -0.5214261 0.8532964 0 -0.5633336 0.8262296 0 -0.6037767 0.7971535 0 -0.6037767 0.7971535 0 -0.642794 0.7660391 0 -0.642794 0.7660391 0 -0.6802003 0.7330264 0 -0.7158413 0.698263 0 -0.6802003 0.7330264 0 -0.7158413 0.698263 0 -0.7498029 0.6616613 0 -0.7498029 0.6616613 0 -0.7818179 0.6235069 0 -0.7818179 0.6235069 0 -0.8119391 0.5837421 0 -0.8119391 0.5837421 0 -0.8400145 0.542564 0 -0.8400145 0.542564 0 -0.866026 0.4999989 0 -0.866026 0.4999989 0 -0.8898818 0.4561909 0 -0.8898818 0.4561909 0 -0.911517 0.4112625 0 -0.911517 0.4112625 0 -0.9308698 0.3653511 0 -0.9308698 0.3653511 0 -0.9479329 0.3184698 0 -0.9479329 0.3184698 0 -0.9626082 0.2708976 0 -0.9626082 0.2708976 0 -0.974934 0.2224943 0 -0.974934 0.2224943 0 -0.9848042 0.1736683 0 -0.9848042 0.1736683 0 -0.9922463 0.1242873 0 -0.9922463 0.1242873 0 -0.997201 0.07476834 0 -0.997201 0.07476834 0 -0.99969 0.02489923 0 -0.99969 0.02489923 0 -0.99969 -0.02489923 -0 -0.99969 -0.02489923 0 -0.997201 -0.07476834 0 -0.9922463 -0.1242873 0 -0.997201 -0.07476834 0 -0.9848042 -0.1736683 0 -0.9922463 -0.1242873 0 -0.974934 -0.2224943 0 -0.9848042 -0.1736683 0 -0.9626082 -0.2708976 0 -0.974934 -0.2224943 0 -0.9479329 -0.3184698 0 -0.9626082 -0.2708976 0 -0.9308698 -0.3653511 0 -0.9479329 -0.3184698 0 -0.911517 -0.4112625 0 -0.9308698 -0.3653511 0 -0.8898818 -0.4561909 0 -0.911517 -0.4112625 0 -0.866026 -0.4999989 0 -0.8898818 -0.4561909 0 -0.866026 -0.4999989 0 -0.8400145 -0.542564 0 -0.8400145 -0.542564 0 -0.8119391 -0.5837421 0 -0.8119391 -0.5837421 0 -0.7818179 -0.6235069 0 -0.7818179 -0.6235069 0 -0.7498029 -0.6616613 0 -0.7498029 -0.6616613 0 -0.7158413 -0.698263 0 -0.7158413 -0.698263 0 -0.6802003 -0.7330264 0 -0.6802003 -0.7330264 0 -0.642794 -0.7660391 0 -0.642794 -0.7660391 0 -0.6037767 -0.7971535 -0 -0.6037767 -0.7971535 0 -0.5633336 -0.8262296 0 -0.5633336 -0.8262296 0 -0.5214261 -0.8532964 0 -0.5214261 -0.8532964 0 -0.4782514 -0.8782229 0 -0.4782514 -0.8782229 0 -0.4338799 -0.9009708 0 -0.3884394 -0.9214743 0 -0.4338799 -0.9009708 0 -0.3420139 -0.9396948 0 -0.3884394 -0.9214743 0 -0.2947603 -0.9555712 0 -0.3420139 -0.9396948 0 -0.2467719 -0.9690737 0 -0.2947603 -0.9555712 0 -0.198132 -0.9801753 0 -0.2467719 -0.9690737 0 -0.1490512 -0.9888294 0 -0.198132 -0.9801753 0 -0.09955881 -0.9950317 0 -0.1490512 -0.9888294 0 -0.0498509 -0.9987567 0 -0.09955881 -0.9950317 0 0 -1 0 -0.0498509 -0.9987567 0 0.0498509 -0.9987567 0 -0 -1 0 0.09955881 -0.9950317 0 0.0498509 -0.9987567 0 0.1490512 -0.9888294 0 0.09955881 -0.9950317 0 0.198132 -0.9801753 0 0.1490512 -0.9888294 0 0.2467719 -0.9690737 0 0.198132 -0.9801753 0 0.2467719 -0.9690737 0 0.2947603 -0.9555712 0 0.2947603 -0.9555712 0 0.3420139 -0.9396948 0 0.3420139 -0.9396948 0 0.3884394 -0.9214743 0 0.3884394 -0.9214743 0 0.4338799 -0.9009708 0 0.4338799 -0.9009708 0 0.4782514 -0.8782229 0 0.4782514 -0.8782229 0 0.5214261 -0.8532964 0 0.5214261 -0.8532964 0 0.5633336 -0.8262296 0 0.5633336 -0.8262296 0 0.6037767 -0.7971535 0 0.6037767 -0.7971535 0 0.642794 -0.7660391 0 0.642794 -0.7660391 0 0.6802003 -0.7330264 0 0.6802003 -0.7330264 0 0.7158413 -0.698263 0 0.7158413 -0.698263 0 0.7498029 -0.6616613 0 0.7498029 -0.6616613 0 0.7818179 -0.6235069 0 0.7818179 -0.6235069 0 0.8119391 -0.5837421 0 0.8119391 -0.5837421 0 0.8400145 -0.542564 0 0.8400145 -0.542564 0 0.866026 -0.4999989 0 0.866026 -0.4999989 0 0.8898818 -0.4561909 0 0.8898818 -0.4561909 0 0.911517 -0.4112625 0 0.911517 -0.4112625 0 0.9308698 -0.3653511 0 0.9308698 -0.3653511 0 0.9479329 -0.3184698 0 0.9626082 -0.2708976 0 0.9479329 -0.3184698 0 0.9626082 -0.2708976 0 0.974934 -0.2224943 0 0.9848042 -0.1736683 0 0.974934 -0.2224943 0 0.9922463 -0.1242873 0 0.9848042 -0.1736683 0 0.997201 -0.07476834 0 0.9922463 -0.1242873 0 0.997201 -0.07476834 0 0.99969 -0.02489923 0 0.99969 -0.02489923 0 0.99969 0.02489923 -0 0.99969 0.02489923 0 0.997201 0.07476834 0 0.997201 0.07476834 0 0.9922463 0.1242873 0 0.9922463 0.1242873 0 0.9848042 0.1736683 -0 0.9848042 0.1736683 0 0.974934 0.2224943 0 0.974934 0.2224943 0 0.9626082 0.2708976 0 0.9626082 0.2708976 0 0.9479329 0.3184698 0 0.9479329 0.3184698 0 0.9308698 0.3653511 -0 0.9308698 0.3653511 0 0.911517 0.4112625 0 0.911517 0.4112625 0 0.8660217 0.5000064 -0 0.8898818 0.4561909 0 0.8898818 0.4561909 0 0.8660217 0.5000064 0 0.8400196 0.5425562 0 0.8400196 0.5425562 0 0.8119391 0.5837421 0 0.8119391 0.5837421 0 0.7818111 0.6235154 0 0.7818111 0.6235154 0 0.7498105 0.6616527 0 0.7158328 0.6982717 -0 0.7498105 0.6616527 0 0.7158328 0.6982717 0 0.6802003 0.7330264 0 0.6802003 0.7330264 0 0.642794 0.7660391 0 0.6037767 0.7971535 -0 0.642794 0.7660391 0 0.5633455 0.8262215 -0 0.6037767 0.7971535 0 0.5633455 0.8262215 0 0.5214134 0.8533041 0 0.4782648 0.8782157 -0 0.5214134 0.8533041 0 0.4782648 0.8782157 0 0.433894 0.9009638 0 0.433894 0.9009638 0 0.3884394 0.9214743 0 0.3884394 0.9214743 0 0.3420139 0.9396948 0 0.3420139 0.9396948 0 0.2947603 0.9555712 0 0.2947603 0.9555712 0 0.2467393 0.9690819 -0 0.2467393 0.9690819 0 0.1981487 0.9801719 -0 0.1981487 0.9801719 0 0.1490512 0.9888294 0 0.1490512 0.9888294 0 0.09955881 0.9950317 0 0.09955881 0.9950317 0 0.04986824 0.9987558 0 0 1 0 0.04986824 0.9987558 0 -0 1 0 -0.04986824 0.9987558 0 -0.09955881 0.9950317 0 -0.04986824 0.9987558 0 -0.09955881 0.9950317 0 -0.1490512 0.9888294 0 -0.1490512 0.9888294 0 -0.1981487 0.9801719 0 -0.1981487 0.9801719 0 -0.2467393 0.9690819 0 -0.2947603 0.9555712 0 -0.2467393 0.9690819 0 -0.2947603 0.9555712 0 -0.3420139 0.9396948 0 -0.3884394 0.9214743 0 -0.3420139 0.9396948 0 -0.433894 0.9009638 0 -0.3884394 0.9214743 0 -0.4782648 0.8782157 0 -0.433894 0.9009638 0 -0.4782648 0.8782157 0 -0.5214134 0.8533041 0 -0.5633455 0.8262215 0 -0.5214134 0.8533041 0 -0.5633455 0.8262215 0 -0.6037767 0.7971535 0 -0.6037767 0.7971535 0 -0.642794 0.7660391 0 -0.642794 0.7660391 0 -0.6802003 0.7330264 0 -0.7158328 0.6982717 0 -0.6802003 0.7330264 0 -0.7158328 0.6982717 0 -0.7498105 0.6616527 0 -0.7498105 0.6616527 0 -0.7818111 0.6235154 0 -0.7818111 0.6235154 0 -0.8119391 0.5837421 0 -0.8119391 0.5837421 0 -0.8400196 0.5425562 0 -0.8400196 0.5425562 0 -0.8660217 0.5000064 0 -0.8660217 0.5000064 0 -0.8898818 0.4561909 0 -0.8898818 0.4561909 0 -0.911517 0.4112625 0 -0.911517 0.4112625 0 -0.9308698 0.3653511 0 -0.9308698 0.3653511 0 -0.9479329 0.3184698 0 -0.9479329 0.3184698 0 -0.9626082 0.2708976 0 -0.9626082 0.2708976 0 -0.974934 0.2224943 0 -0.974934 0.2224943 0 -0.9848042 0.1736683 0 -0.9848042 0.1736683 0 -0.9922463 0.1242873 0 -0.9922463 0.1242873 0 -0.997201 0.07476834 0 -0.997201 0.07476834 0 -0.99969 0.02489923 0 -0.99969 0.02489923 0 -0 1 0 0 1 0 0 0.9991457 -0.04132783 0 0.9991457 -0.04132783 0 0.9923202 -0.1236951 0 0.9923202 -0.1236951 0 0.9584283 -0.2853335 0 0.9787167 -0.2052159 0 0.9787167 -0.2052159 0 0.9584283 -0.2853335 0 0.8983887 -0.4392013 0 0.9315912 -0.3635079 0 0.9315912 -0.3635079 0 0.8983887 -0.4392013 0 0.8138466 -0.5810797 0 0.8590579 -0.5118784 0 0.8590579 -0.5118784 0 0.8138466 -0.5810797 0 0.7630823 -0.6463012 0 0.7630823 -0.6463012 0 0.7071092 -0.7071044 0 0.7071092 -0.7071044 0 0.6462998 -0.7630835 0 0.6462998 -0.7630835 0 0.5810731 -0.8138514 0 0.5810731 -0.8138514 0 0.5118887 -0.8590518 0 0.5118887 -0.8590518 0 0.4391936 -0.8983924 0 0.4391936 -0.8983924 0 0.3635091 -0.9315907 0 0.3635091 -0.9315907 0 0.2853386 -0.9584268 0 0.2853386 -0.9584268 0 0.2052124 -0.9787174 0 0.2052124 -0.9787174 0 0.1236927 -0.9923205 0 0.1236927 -0.9923205 0 0.04132538 -0.9991457 0 0.04132538 -0.9991457 0 1 0 0 1 0 -1 0 0 -1 0 0 -1 0 0 -1 0 0 -1 0 0 -1 0 0 -1 0 0 -1 0 0 -1 0 0 -1 0 0 -1 0 0 -1 0 0 -1 0 0 -1 0 0 -1 0 0 -1 0 0 -1 0 0 -1 0 0 -1 0 0 -1 0 0 -1 0 0 -1 0 0 -1 0 0 -1 0 0 -1 0 0 -1 0 0 -1 0 0 -1 0 0 -1 0 0 -1 0 0 -1 0 0 -1 0 0 -1 0 0 -1 0 0 -1 0 -0 -1 0 0 -1 0 0 -1 0 0 -1 0 0 -1 0 0 -1 0 0 -1 0 0 -1 0 0 -1 0 0 -1 0 0 -1 0 0 -1 0 0 -1 0 0 -1 0 0 -1 0 0 -1 0 0 -1 0 0 -1 0 0 -1 0 0 -1 0 0 -1 0 0 -1 0 -0 -1 -0 0 -1 0 0 -1 -0 -0 -1 -0 -0 -1 0 0 -1 0 0 -1 0 0 -1 0 0 -1 0 0 -1 0 0 -1 0 0 -1 0 0 -1 0 0 -1 0 0 -1 0 0 -1 0 0 -1 0 0 -1 0 0 -1 -0 -0 -1 0 0 -1 0 0 0 0.04132538 0.9991457 -0 0.04132538 0.9991457 -0 0.1236927 0.9923205 0 0.1236927 0.9923205 -0 0.2853386 0.9584268 -0 0.2052124 0.9787174 0 0.2052124 0.9787174 -0 0.2853386 0.9584268 -0 0.4391936 0.8983924 -0 0.3635091 0.9315907 0 0.3635091 0.9315907 -0 0.4391936 0.8983924 -0 0.5810731 0.8138514 -0 0.5118887 0.8590518 0 0.5118887 0.8590518 -0 0.5810731 0.8138514 -0 0.6462998 0.7630835 0 0.6462998 0.7630835 -0 0.7071092 0.7071044 0 0.7071092 0.7071044 -0 0.7630823 0.6463012 0 0.7630823 0.6463012 -0 0.8138466 0.5810797 0 0.8138466 0.5810797 -0 0.8590579 0.5118784 0 0.8590579 0.5118784 -0 0.8983887 0.4392013 0 0.8983887 0.4392013 0 0.9315912 0.3635079 -0 0.9315912 0.3635079 0 0.9584283 0.2853335 -0 0.9584283 0.2853335 0 0.9787167 0.2052159 -0 0.9787167 0.2052159 0 0.9923202 0.1236951 -0 0.9923202 0.1236951 -0 0.9991457 0.04132783 0 0.9991457 0.04132783 0 0 1 -0 0 1 0 -0.9991457 0.04132783 0 -0.9991457 0.04132783 0 -0.9923202 0.1236951 0 -0.9923202 0.1236951 0 -0.9584283 0.2853335 0 -0.9787167 0.2052159 0 -0.9787167 0.2052159 0 -0.9584283 0.2853335 0 -0.8983887 0.4392013 0 -0.9315912 0.3635079 0 -0.9315912 0.3635079 0 -0.8983887 0.4392013 0 -0.8138466 0.5810797 0 -0.8590579 0.5118784 0 -0.8590579 0.5118784 0 -0.8138466 0.5810797 0 -0.7630823 0.6463012 0 -0.7630823 0.6463012 0 -0.7071092 0.7071044 0 -0.7071092 0.7071044 0 -0.6462998 0.7630835 0 -0.6462998 0.7630835 0 -0.5810731 0.8138514 0 -0.5810731 0.8138514 0 -0.5118887 0.8590518 0 -0.5118887 0.8590518 0 -0.4391936 0.8983924 0 -0.4391936 0.8983924 0 -0.3635091 0.9315907 0 -0.3635091 0.9315907 0 -0.2853386 0.9584268 0 -0.2853386 0.9584268 0 -0.2052124 0.9787174 0 -0.2052124 0.9787174 0 -0.1236927 0.9923205 0 -0.1236927 0.9923205 0 -0.04132538 0.9991457 0 -0.04132538 0.9991457 0 -1 0 0 -1 0 0 -0.04132538 -0.9991457 0 -0.04132538 -0.9991457 0 -0.1236927 -0.9923205 0 -0.1236927 -0.9923205 0 -0.2853386 -0.9584268 0 -0.2052124 -0.9787174 0 -0.2052124 -0.9787174 0 -0.2853386 -0.9584268 0 -0.4391936 -0.8983924 0 -0.3635091 -0.9315907 0 -0.3635091 -0.9315907 0 -0.4391936 -0.8983924 0 -0.5810731 -0.8138514 0 -0.5118887 -0.8590518 0 -0.5118887 -0.8590518 0 -0.5810731 -0.8138514 0 -0.6462998 -0.7630835 0 -0.6462998 -0.7630835 0 -0.7071092 -0.7071044 0 -0.7071092 -0.7071044 0 -0.7630823 -0.6463012 0 -0.7630823 -0.6463012 0 -0.8138466 -0.5810797 0 -0.8138466 -0.5810797 0 -0.8590579 -0.5118784 0 -0.8590579 -0.5118784 0 -0.8983887 -0.4392013 0 -0.8983887 -0.4392013 0 -0.9315912 -0.3635079 0 -0.9315912 -0.3635079 0 -0.9584283 -0.2853335 0 -0.9584283 -0.2853335 0 -0.9787167 -0.2052159 0 -0.9787167 -0.2052159 0 -0.9923202 -0.1236951 0 -0.9923202 -0.1236951 0 -0.9991457 -0.04132783 0 -0.9991457 -0.04132783 0 0 -1 0 0 -1 0.02453976 -0.9996988 0 0.03931837 -0.9992267 0.000124856 0.1034811 -0.9946315 7.264788e-05 0.07356393 -0.9972905 -3.858313e-05 0.122418 -0.9924786 -2.750482e-05 0.1754269 -0.9844924 0.0001841031 0.1709521 -0.9852793 0.0001309008 0.2607825 -0.9653975 0.0001198894 0.2191035 -0.9757017 -3.463102e-05 0.2667178 -0.9637747 5.596514e-05 0.3329021 -0.9429615 9.996628e-05 0.3136851 -0.9495271 -3.541311e-05 0.3912609 -0.9202798 7.579073e-05 0.3598936 -0.9329933 -4.399376e-05 0.4052378 -0.9142113 -1.819275e-05 0.4574657 -0.8892273 0.0001952568 0.4496058 -0.8932272 9.882413e-05 0.4929047 -0.8700833 -1.126886e-05 0.5349757 -0.8448675 0.0001571748 0.5349953 -0.8448551 0.0001574521 0.5758125 -0.8175818 -3.054621e-05 0.6081849 -0.7937955 0.0001605205 0.6152285 -0.7883489 6.512988e-05 0.6808974 -0.7323788 0.0002011744 0.6531811 -0.7572017 -3.926319e-05 0.6895283 -0.7242587 7.054754e-05 0.7388431 -0.6738775 8.338722e-05 0.7242498 -0.6895378 -4.867202e-05 0.7798531 -0.6259625 4.354206e-05 0.7572147 -0.653166 -6.771954e-05 0.8148786 -0.5796316 -9.308997e-06 0.7883452 -0.6152331 -5.891406e-05 0.8175759 -0.5758209 -4.94612e-05 0.8448533 -0.5349981 -4.917317e-05 0.8448567 -0.5349927 -4.911868e-05 0.8820325 -0.4711885 0.0001445635 0.870088 -0.4928964 -6.217678e-05 0.8932232 -0.4496135 -4.651782e-05 0.9194791 -0.393139 0.0001136805 0.9142118 -0.4052369 -9.79197e-06 0.944562 -0.3283331 0.0001205106 0.9329966 -0.3598852 -3.223138e-05 0.9615597 -0.2745958 0.0001025337 0.9495289 -0.3136793 1.893015e-05 0.963771 -0.2667308 4.414287e-05 0.9778078 -0.209504 0.0002148288 0.9757037 -0.2190942 0.0001159563 0.9918588 -0.1273425 0.0001716693 0.9852804 -0.1709459 1.566753e-05 0.9924798 -0.1224084 0.0001153599 0.9990638 -0.04325959 0.0001611094 0.9972906 -0.0735625 -1.786088e-05 0.9996983 -0.02455965 0 0 1 0 0 1 0 0 1 0 0 1 0 0 1 0 0 1 0 0 1 0 0 1 0 0 1 0 0 1 0 0 1 0 0 1 0 0 1 0 0 1 0 0 1 0 0 1 0 0 1 0 0 1 0 0 1 0 0 1 0 0 1 0 0 1 0 0 1 0 0 1 0 0 1 0 0 1 0 0 1 0 0 1 0 0 1 0 0 1 0 0 1 0 0 1 0 0 1 0 0 1 0 0 1 0 0 1 0 0 1 0 0 1 0 0 1 0 0 1 0 0 1 0 0 1 0 0 1 0 0 1 0 0 1 0 0 1 0 0 1 0 0 1 0 0 1 0 0 1 0 0 1 0 0 1 0 0 1 0 0 1 0 0 1 0 0 1 0 0 1 0 0 1 0 0 1 0 0 1 0 0 1 0 0 -0.02493068 -0.9996892 0 -0.02493068 -0.9996892 0 -0.07473045 -0.9972038 0 -0.07473045 -0.9972038 0 -0.1243438 -0.9922392 0 -0.1243438 -0.9922392 0 -0.1736488 -0.9848076 0 -0.1736488 -0.9848076 0 -0.2225201 -0.9749281 0 -0.2225201 -0.9749281 0 -0.2708404 -0.9626243 0 -0.2708404 -0.9626243 0 -0.3184864 -0.9479275 0 -0.3184864 -0.9479275 0 -0.3653413 -0.9308737 -0 -0.4112882 -0.9115053 0 -0.3653413 -0.9308737 0 -0.4112882 -0.9115053 0 -0.4562107 -0.8898718 0 -0.4562107 -0.8898718 0 -0.4999986 -0.8660262 0 -0.4999986 -0.8660262 0 -0.5425455 -0.8400264 0 -0.5425455 -0.8400264 0 -0.5837449 -0.811937 0 -0.5837449 -0.811937 0 -0.6234892 -0.781832 0 -0.6234892 -0.781832 0 -0.6616874 -0.7497798 0 -0.6616874 -0.7497798 0 -0.6982346 -0.7158689 0 -0.6982346 -0.7158689 0 -0.7330541 -0.6801704 0 -0.7330541 -0.6801704 0 -0.766044 -0.6427882 0 -0.766044 -0.6427882 0 -0.7971351 -0.6038011 0 -0.7971351 -0.6038011 0 -0.8262391 -0.5633196 0 -0.8262391 -0.5633196 0 -0.8532895 -0.5214374 0 -0.8532895 -0.5214374 0 -0.8782188 -0.4782591 0 -0.8782188 -0.4782591 0 -0.9009712 -0.4338789 0 -0.9009712 -0.4338789 0 -0.9214762 -0.3884347 0 -0.9214762 -0.3884347 0 -0.9396922 -0.3420212 0 -0.9396922 -0.3420212 0 -0.9555731 -0.2947544 0 -0.9555731 -0.2947544 0 -0.9690763 -0.2467611 0 -0.9690763 -0.2467611 0 -0.9801735 -0.1981411 -0 -0.9888298 -0.1490493 0 -0.9801735 -0.1981411 0 -0.9888298 -0.1490493 0 -0.995031 -0.09956578 0 -0.995031 -0.09956578 0 -0.9987569 -0.04984663 0 -0.9987569 -0.04984663 0 -1 -0 0 -1 0 0 -0.9987569 0.04984663 0 -0.9987569 0.04984663 0 -0.995031 0.09956578 0 -0.995031 0.09956578 0 -0.9888298 0.1490493 0 -0.9888298 0.1490493 0 -0.9801735 0.1981411 0 -0.9801735 0.1981411 0 -0.9690763 0.2467611 0 -0.9690763 0.2467611 0 -0.9555731 0.2947544 0 -0.9555731 0.2947544 0 -0.9396922 0.3420212 0 -0.9396922 0.3420212 0 -0.9214762 0.3884347 0 -0.9214762 0.3884347 0 -0.9009712 0.4338789 0 -0.9009712 0.4338789 0 -0.8782188 0.4782591 0 -0.8782188 0.4782591 0 -0.8532895 0.5214374 0 -0.8532895 0.5214374 0 -0.8262391 0.5633196 0 -0.8262391 0.5633196 0 -0.7971351 0.6038011 0 -0.7971351 0.6038011 0 -0.766044 0.6427882 0 -0.766044 0.6427882 0 -0.7330541 0.6801704 0 -0.7330541 0.6801704 0 -0.6982346 0.7158689 0 -0.6982346 0.7158689 0 -0.6616874 0.7497798 0 -0.6616874 0.7497798 0 -0.6234892 0.781832 0 -0.6234892 0.781832 0 -0.5837449 0.811937 0 -0.5837449 0.811937 0 -0.5425455 0.8400264 0 -0.5425455 0.8400264 0 -0.4999986 0.8660262 0 -0.4999986 0.8660262 0 -0.4562107 0.8898718 0 -0.4562107 0.8898718 0 -0.4112882 0.9115053 0 -0.4112882 0.9115053 0 -0.3653413 0.9308737 0 -0.3653413 0.9308737 0 -0.3184864 0.9479275 0 -0.3184864 0.9479275 0 -0.2708404 0.9626243 0 -0.2708404 0.9626243 0 -0.2225201 0.9749281 0 -0.2225201 0.9749281 0 -0.1736488 0.9848076 0 -0.1736488 0.9848076 0 -0.1243438 0.9922392 0 -0.1243438 0.9922392 0 -0.07473045 0.9972038 0 -0.07473045 0.9972038 0 -0.02493068 0.9996892 0 -0.02493068 0.9996892 -0 0.02493068 0.9996892 0 0.02493068 0.9996892 -0 0.07473045 0.9972038 0 0.07473045 0.9972038 -0 0.1243438 0.9922392 0 0.1243438 0.9922392 -0 0.1736488 0.9848076 0 0.1736488 0.9848076 -0 0.2225201 0.9749281 0 0.2225201 0.9749281 -0 0.2708404 0.9626243 0 0.2708404 0.9626243 -0 0.3184864 0.9479275 0 0.3184864 0.9479275 -0 0.3653413 0.9308737 0 0.3653413 0.9308737 -0 0.4112882 0.9115053 0 0.4112882 0.9115053 -0 0.4562107 0.8898718 0 0.4562107 0.8898718 0 0.4999986 0.8660262 -0 0.4999986 0.8660262 0 0.5425455 0.8400264 -0 0.5425455 0.8400264 0 0.5837449 0.811937 -0 0.5837449 0.811937 0 0.6234892 0.781832 -0 0.6234892 0.781832 0 0.6616874 0.7497798 -0 0.6616874 0.7497798 0 0.6982346 0.7158689 -0 0.6982346 0.7158689 0 0.7330541 0.6801704 -0 0.7330541 0.6801704 0 0.766044 0.6427882 -0 0.766044 0.6427882 0 0.7971351 0.6038011 -0 0.7971351 0.6038011 0 0.8262391 0.5633196 -0 0.8262391 0.5633196 0 0.8532895 0.5214374 -0 0.8532895 0.5214374 0 0.8782188 0.4782591 -0 0.8782188 0.4782591 0 0.9009712 0.4338789 -0 0.9009712 0.4338789 0 0.9214762 0.3884347 -0 0.9214762 0.3884347 -0 0.9396922 0.3420212 0 0.9396922 0.3420212 -0 0.9555731 0.2947544 0 0.9555731 0.2947544 -0 0.9690763 0.2467611 0 0.9690763 0.2467611 -0 0.9801735 0.1981411 0 0.9801735 0.1981411 0 0.9888298 0.1490493 -0 0.9888298 0.1490493 0 0.995031 0.09956578 -0 0.995031 0.09956578 0 0.9987569 0.04984663 -0 0.9987569 0.04984663 0 1 -0 0 1 0 0 0.9987569 -0.04984663 0 0.9987569 -0.04984663 0 0.995031 -0.09956578 0 0.995031 -0.09956578 0 0.9888298 -0.1490493 0 0.9888298 -0.1490493 0 0.9801735 -0.1981411 0 0.9801735 -0.1981411 0 0.9690763 -0.2467611 0 0.9690763 -0.2467611 0 0.9555731 -0.2947544 0 0.9555731 -0.2947544 0 0.9396922 -0.3420212 0 0.9396922 -0.3420212 0 0.9214762 -0.3884347 0 0.9214762 -0.3884347 0 0.9009712 -0.4338789 0 0.9009712 -0.4338789 0 0.8782188 -0.4782591 0 0.8782188 -0.4782591 0 0.8532895 -0.5214374 0 0.8532895 -0.5214374 0 0.8262391 -0.5633196 0 0.8262391 -0.5633196 0 0.7971351 -0.6038011 0 0.7971351 -0.6038011 0 0.766044 -0.6427882 0 0.766044 -0.6427882 0 0.7330541 -0.6801704 0 0.7330541 -0.6801704 0 0.6982346 -0.7158689 0 0.6982346 -0.7158689 0 0.6616874 -0.7497798 0 0.6616874 -0.7497798 0 0.6234892 -0.781832 0 0.6234892 -0.781832 0 0.5837449 -0.811937 0 0.5837449 -0.811937 0 0.5425455 -0.8400264 0 0.5425455 -0.8400264 0 0.4999986 -0.8660262 0 0.4999986 -0.8660262 0 0.4562107 -0.8898718 0 0.4562107 -0.8898718 0 0.4112882 -0.9115053 0 0.4112882 -0.9115053 0 0.3653413 -0.9308737 0 0.3653413 -0.9308737 0 0.3184864 -0.9479275 0 0.3184864 -0.9479275 0 0.2708404 -0.9626243 0 0.2708404 -0.9626243 0 0.2225201 -0.9749281 0 0.2225201 -0.9749281 0 0.1736488 -0.9848076 0 0.1736488 -0.9848076 0 0.1243438 -0.9922392 0 0.1243438 -0.9922392 0 0.07473045 -0.9972038 0 0.07473045 -0.9972038 0 0.02493068 -0.9996892 0 0.02493068 -0.9996892 1 0 0 1 0 -0 1 0 0 1 0 0 1 0 0 1 0 0 1 0 -0 1 0 0 1 0 0 1 0 -0 1 0 0 1 0 0 1 0 0 1 0 0 1 0 -0 1 0 0 1 0 0 1 0 0 1 0 -0 1 0 0 1 0 0 1 0 0 1 0 -0 1 0 0 1 0 0 1 0 0 1 0 -0 1 0 0 1 0 0 1 0 0 1 0 -0 1 0 0 1 0 0 1 0 0 1 0 -0 1 0 0 1 0 0 1 0 0 1 0 -0 1 0 0 1 0 0 1 0 -0 1 0 0 1 0 0 1 0 0 1 0 -0 1 0 0 1 0 0 1 0 0 1 0 -0 1 0 0 1 0 0 1 0 0 1 0 -0 1 0 0 1 0 0 1 0 0 1 0 0 1 0 -0 1 0 -0 1 0 0 1 0 -0 1 0 0 1 0 0 1 0 -0 1 0 0 1 0 0 1 0 0 1 0 -0 1 0 0 1 0 0 1 0 0 1 0 -0 1 0 0 1 0 0 1 0 0 1 0 -0 1 0 0 1 0 0 1 0 0 1 0 -0 1 0 0 1 0 0 1 0 0 1 0 -0 1 0 0 1 0 0 1 0 0 1 0 -0 1 0 0 1 0 0 1 0 0 1 0 -0 1 0 0 1 0 0 1 0 0 1 0 -0 1 0 0 1 0 0 1 0 0 1 0 -0 1 0 0 1 0 0 1 0 0 1 0 -0 1 0 0 1 0 0 1 0 0 1 0 -0 1 0 0 1 0 0 1 0 0 1 0 -0 1 0 0 1 0 0 1 0 0 1 0 -0 1 0 0 1 0 0 1 0 0 1 0 -0 1 0 0 1 0 -0 1 0 -0 1 0 0 1 0 0 1 0 -0 1 0 0 1 0 -0 1 0 0 1 0 0 1 0 -0 1 0 0 1 0 0 1 0 0 1 0 0 1 0 -0 1 0 0 1 0 0 1 0 0 1 0 -0 1 0 0 1 0 0 1 0 0 1 0 -0 1 0 0 1 0 0 1 0 0 1 0 -0 1 0 0 1 0 0 1 0 0 1 0 -0 1 0 0 1 0 0 1 0 0 1 0 -0 1 0 0 1 0 0 1 0 0 1 0 -0 1 0 0 1 0 0 1 0 0 1 0 -0 1 0 0 1 0 0 1 0 0 1 0 -0 1 0 0 1 0 0 1 0 0 1 0 -0 1 0 0 1 0 0 1 0 0 1 0 -0 1 0 0 1 0 0 1 0 0 1 0 -0 1 0 0 1 0 0 1 0 0 1 0 -0 1 0 0 1 0 0 1 0 -0 1 0 0 1 0 -0 1 0 0 1 0 0 1 0 0 1 0 0 1 0 -0 1 0 0 1 0 0 1 0 -0 1 0 0 1 0 0 1 0 0 1 0 -0 1 0 0 1 0 0 1 0 0 1 0 -0 1 0 0 1 0 0 1 0 0 1 0 -0 1 0 0 1 0 0 1 0 0 1 0 -0 1 0 0 1 0 0 1 0 0 1 0 -0 1 0 0 1 0 0 1 0 0 1 0 -0 1 0 0 1 0 0 1 0 0 1 0 -0 1 0 0 1 0 0 1 0 0 1 0 -0 1 0 0 1 0 0 1 0 0 1 0 -0 1 0 0 1 0 0 1 0 0 1 0 -0 1 0 0 1 0 0 1 0 0 1 0 0 1 0 -0 1 0 0 1 0 0 1 0 0 1 0 -0 1 0 0 1 0 0 1 0 -0 1 0 0 1 0 0 0 -0.02493068 -0.9996892 0 -0.02493068 -0.9996892 0 -0.07473045 -0.9972038 0 -0.07473045 -0.9972038 0 -0.1243438 -0.9922392 0 -0.1243438 -0.9922392 0 -0.1736488 -0.9848076 0 -0.1736488 -0.9848076 0 -0.2225201 -0.9749281 0 -0.2225201 -0.9749281 0 -0.2708404 -0.9626243 0 -0.2708404 -0.9626243 0 -0.3184864 -0.9479275 0 -0.3184864 -0.9479275 0 -0.3653413 -0.9308737 -0 -0.4112882 -0.9115053 0 -0.3653413 -0.9308737 0 -0.4112882 -0.9115053 0 -0.4562107 -0.8898718 0 -0.4562107 -0.8898718 0 -0.4999986 -0.8660262 0 -0.4999986 -0.8660262 0 -0.5425455 -0.8400264 0 -0.5425455 -0.8400264 0 -0.5837449 -0.811937 0 -0.5837449 -0.811937 0 -0.6234892 -0.781832 0 -0.6234892 -0.781832 0 -0.6616874 -0.7497798 0 -0.6616874 -0.7497798 0 -0.6982346 -0.7158689 0 -0.6982346 -0.7158689 0 -0.7330541 -0.6801704 0 -0.7330541 -0.6801704 0 -0.766044 -0.6427882 0 -0.766044 -0.6427882 0 -0.7971351 -0.6038011 0 -0.7971351 -0.6038011 0 -0.8262391 -0.5633196 0 -0.8262391 -0.5633196 0 -0.8532895 -0.5214374 0 -0.8532895 -0.5214374 0 -0.8782188 -0.4782591 0 -0.8782188 -0.4782591 0 -0.9009712 -0.4338789 0 -0.9009712 -0.4338789 0 -0.9214762 -0.3884347 0 -0.9214762 -0.3884347 0 -0.9396922 -0.3420212 0 -0.9396922 -0.3420212 0 -0.9555731 -0.2947544 0 -0.9555731 -0.2947544 0 -0.9690763 -0.2467611 0 -0.9690763 -0.2467611 0 -0.9801735 -0.1981411 -0 -0.9888298 -0.1490493 0 -0.9801735 -0.1981411 0 -0.9888298 -0.1490493 0 -0.995031 -0.09956578 0 -0.995031 -0.09956578 0 -0.9987569 -0.04984663 0 -0.9987569 -0.04984663 0 -1 -0 0 -1 0 0 -0.9987569 0.04984663 0 -0.9987569 0.04984663 0 -0.995031 0.09956578 0 -0.995031 0.09956578 0 -0.9888298 0.1490493 0 -0.9888298 0.1490493 0 -0.9801735 0.1981411 0 -0.9801735 0.1981411 0 -0.9690763 0.2467611 0 -0.9690763 0.2467611 0 -0.9555731 0.2947544 0 -0.9555731 0.2947544 0 -0.9396922 0.3420212 0 -0.9396922 0.3420212 0 -0.9214762 0.3884347 0 -0.9214762 0.3884347 0 -0.9009712 0.4338789 0 -0.9009712 0.4338789 0 -0.8782188 0.4782591 0 -0.8782188 0.4782591 0 -0.8532895 0.5214374 0 -0.8532895 0.5214374 0 -0.8262391 0.5633196 0 -0.8262391 0.5633196 0 -0.7971351 0.6038011 0 -0.7971351 0.6038011 0 -0.766044 0.6427882 0 -0.766044 0.6427882 0 -0.7330541 0.6801704 0 -0.7330541 0.6801704 0 -0.6982346 0.7158689 0 -0.6982346 0.7158689 0 -0.6616874 0.7497798 0 -0.6616874 0.7497798 0 -0.6234892 0.781832 0 -0.6234892 0.781832 0 -0.5837449 0.811937 0 -0.5837449 0.811937 0 -0.5425455 0.8400264 0 -0.5425455 0.8400264 0 -0.4999986 0.8660262 0 -0.4999986 0.8660262 0 -0.4562107 0.8898718 0 -0.4562107 0.8898718 0 -0.4112882 0.9115053 0 -0.4112882 0.9115053 0 -0.3653413 0.9308737 0 -0.3653413 0.9308737 0 -0.3184864 0.9479275 0 -0.3184864 0.9479275 0 -0.2708404 0.9626243 0 -0.2708404 0.9626243 0 -0.2225201 0.9749281 0 -0.2225201 0.9749281 0 -0.1736488 0.9848076 0 -0.1736488 0.9848076 0 -0.1243438 0.9922392 0 -0.1243438 0.9922392 0 -0.07473045 0.9972038 0 -0.07473045 0.9972038 0 -0.02493068 0.9996892 0 -0.02493068 0.9996892 -0 0.02493068 0.9996892 0 0.02493068 0.9996892 -0 0.07473045 0.9972038 0 0.07473045 0.9972038 -0 0.1243438 0.9922392 0 0.1243438 0.9922392 -0 0.1736488 0.9848076 0 0.1736488 0.9848076 -0 0.2225201 0.9749281 0 0.2225201 0.9749281 -0 0.2708404 0.9626243 0 0.2708404 0.9626243 -0 0.3184864 0.9479275 0 0.3184864 0.9479275 -0 0.3653413 0.9308737 0 0.3653413 0.9308737 -0 0.4112882 0.9115053 0 0.4112882 0.9115053 -0 0.4562107 0.8898718 0 0.4562107 0.8898718 0 0.4999986 0.8660262 -0 0.4999986 0.8660262 0 0.5425455 0.8400264 -0 0.5425455 0.8400264 0 0.5837449 0.811937 -0 0.5837449 0.811937 0 0.6234892 0.781832 -0 0.6234892 0.781832 0 0.6616874 0.7497798 -0 0.6616874 0.7497798 0 0.6982346 0.7158689 -0 0.6982346 0.7158689 0 0.7330541 0.6801704 -0 0.7330541 0.6801704 0 0.766044 0.6427882 -0 0.766044 0.6427882 0 0.7971351 0.6038011 -0 0.7971351 0.6038011 0 0.8262391 0.5633196 -0 0.8262391 0.5633196 0 0.8532895 0.5214374 -0 0.8532895 0.5214374 0 0.8782188 0.4782591 -0 0.8782188 0.4782591 0 0.9009712 0.4338789 -0 0.9009712 0.4338789 0 0.9214762 0.3884347 -0 0.9214762 0.3884347 -0 0.9396922 0.3420212 0 0.9396922 0.3420212 -0 0.9555731 0.2947544 0 0.9555731 0.2947544 -0 0.9690763 0.2467611 0 0.9690763 0.2467611 -0 0.9801735 0.1981411 0 0.9801735 0.1981411 0 0.9888298 0.1490493 -0 0.9888298 0.1490493 0 0.995031 0.09956578 -0 0.995031 0.09956578 0 0.9987569 0.04984663 -0 0.9987569 0.04984663 0 1 -0 0 1 0 0 0.9987569 -0.04984663 0 0.9987569 -0.04984663 0 0.995031 -0.09956578 0 0.995031 -0.09956578 0 0.9888298 -0.1490493 0 0.9888298 -0.1490493 0 0.9801735 -0.1981411 0 0.9801735 -0.1981411 0 0.9690763 -0.2467611 0 0.9690763 -0.2467611 0 0.9555731 -0.2947544 0 0.9555731 -0.2947544 0 0.9396922 -0.3420212 0 0.9396922 -0.3420212 0 0.9214762 -0.3884347 0 0.9214762 -0.3884347 0 0.9009712 -0.4338789 0 0.9009712 -0.4338789 0 0.8782188 -0.4782591 0 0.8782188 -0.4782591 0 0.8532895 -0.5214374 0 0.8532895 -0.5214374 0 0.8262391 -0.5633196 0 0.8262391 -0.5633196 0 0.7971351 -0.6038011 0 0.7971351 -0.6038011 0 0.766044 -0.6427882 0 0.766044 -0.6427882 0 0.7330541 -0.6801704 0 0.7330541 -0.6801704 0 0.6982346 -0.7158689 0 0.6982346 -0.7158689 0 0.6616874 -0.7497798 0 0.6616874 -0.7497798 0 0.6234892 -0.781832 0 0.6234892 -0.781832 0 0.5837449 -0.811937 0 0.5837449 -0.811937 0 0.5425455 -0.8400264 0 0.5425455 -0.8400264 0 0.4999986 -0.8660262 0 0.4999986 -0.8660262 0 0.4562107 -0.8898718 0 0.4562107 -0.8898718 0 0.4112882 -0.9115053 0 0.4112882 -0.9115053 0 0.3653413 -0.9308737 0 0.3653413 -0.9308737 0 0.3184864 -0.9479275 0 0.3184864 -0.9479275 0 0.2708404 -0.9626243 0 0.2708404 -0.9626243 0 0.2225201 -0.9749281 0 0.2225201 -0.9749281 0 0.1736488 -0.9848076 0 0.1736488 -0.9848076 0 0.1243438 -0.9922392 0 0.1243438 -0.9922392 0 0.07473045 -0.9972038 0 0.07473045 -0.9972038 0 0.02493068 -0.9996892 0 0.02493068 -0.9996892 1 0 0 1 0 -0 1 0 0 1 0 0 1 0 0 1 0 0 1 0 -0 1 0 0 1 0 0 1 0 -0 1 0 0 1 0 0 1 0 0 1 0 0 1 0 -0 1 0 0 1 0 0 1 0 0 1 0 -0 1 0 0 1 0 0 1 0 0 1 0 -0 1 0 0 1 0 0 1 0 0 1 0 -0 1 0 0 1 0 0 1 0 0 1 0 -0 1 0 0 1 0 0 1 0 0 1 0 -0 1 0 0 1 0 0 1 0 0 1 0 -0 1 0 0 1 0 0 1 0 -0 1 0 0 1 0 0 1 0 0 1 0 -0 1 0 0 1 0 0 1 0 0 1 0 -0 1 0 0 1 0 0 1 0 0 1 0 -0 1 0 0 1 0 0 1 0 0 1 0 0 1 0 -0 1 0 -0 1 0 0 1 0 -0 1 0 0 1 0 0 1 0 -0 1 0 0 1 0 0 1 0 0 1 0 -0 1 0 0 1 0 0 1 0 0 1 0 -0 1 0 0 1 0 0 1 0 0 1 0 -0 1 0 0 1 0 0 1 0 0 1 0 -0 1 0 0 1 0 0 1 0 0 1 0 -0 1 0 0 1 0 0 1 0 0 1 0 -0 1 0 0 1 0 0 1 0 0 1 0 -0 1 0 0 1 0 0 1 0 0 1 0 -0 1 0 0 1 0 0 1 0 0 1 0 -0 1 0 0 1 0 0 1 0 0 1 0 -0 1 0 0 1 0 0 1 0 0 1 0 -0 1 0 0 1 0 0 1 0 0 1 0 -0 1 0 0 1 0 0 1 0 0 1 0 -0 1 0 0 1 0 0 1 0 0 1 0 -0 1 0 0 1 0 -0 1 0 -0 1 0 0 1 0 0 1 0 -0 1 0 0 1 0 -0 1 0 0 1 0 0 1 0 -0 1 0 0 1 0 0 1 0 0 1 0 0 1 0 -0 1 0 0 1 0 0 1 0 0 1 0 -0 1 0 0 1 0 0 1 0 0 1 0 -0 1 0 0 1 0 0 1 0 0 1 0 -0 1 0 0 1 0 0 1 0 0 1 0 -0 1 0 0 1 0 0 1 0 0 1 0 -0 1 0 0 1 0 0 1 0 0 1 0 -0 1 0 0 1 0 0 1 0 0 1 0 -0 1 0 0 1 0 0 1 0 0 1 0 -0 1 0 0 1 0 0 1 0 0 1 0 -0 1 0 0 1 0 0 1 0 0 1 0 -0 1 0 0 1 0 0 1 0 0 1 0 -0 1 0 0 1 0 0 1 0 0 1 0 -0 1 0 0 1 0 0 1 0 -0 1 0 0 1 0 -0 1 0 0 1 0 0 1 0 0 1 0 0 1 0 -0 1 0 0 1 0 0 1 0 -0 1 0 0 1 0 0 1 0 0 1 0 -0 1 0 0 1 0 0 1 0 0 1 0 -0 1 0 0 1 0 0 1 0 0 1 0 -0 1 0 0 1 0 0 1 0 0 1 0 -0 1 0 0 1 0 0 1 0 0 1 0 -0 1 0 0 1 0 0 1 0 0 1 0 -0 1 0 0 1 0 0 1 0 0 1 0 -0 1 0 0 1 0 0 1 0 0 1 0 -0 1 0 0 1 0 0 1 0 0 1 0 -0 1 0 0 1 0 0 1 0 0 1 0 -0 1 0 0 1 0 0 1 0 0 1 0 0 1 0 -0 1 0 0 1 0 0 1 0 0 1 0 -0 1 0 0 1 0 0 1 0 -0 1 0 0 1 0 0 0 -0.9996891 -0.02493401 0 -0.9972036 -0.07473249 0 -0.9996891 -0.02493401 0 -0.9922397 -0.1243398 0 -0.9972036 -0.07473249 0 -0.9848072 -0.1736512 0 -0.9922397 -0.1243398 0 -0.9749264 -0.2225279 0 -0.9848072 -0.1736512 0 -0.9626266 -0.2708321 0 -0.9749264 -0.2225279 0 -0.947926 -0.3184907 0 -0.9626266 -0.2708321 0 -0.9308762 -0.3653347 0 -0.947926 -0.3184907 0 -0.9115049 -0.4112891 0 -0.9308762 -0.3653347 0 -0.8898681 -0.4562178 0 -0.9115049 -0.4112891 0 -0.8660247 -0.5000013 0 -0.8898681 -0.4562178 0 -0.8660247 -0.5000013 0 -0.8400325 -0.542536 0 -0.8400325 -0.542536 0 -0.8119308 -0.5837535 0 -0.8119308 -0.5837535 0 -0.7818314 -0.6234899 0 -0.7497874 -0.6616787 0 -0.7818314 -0.6234899 0 -0.7497874 -0.6616787 0 -0.7158658 -0.6982379 0 -0.6801737 -0.733051 0 -0.7158658 -0.6982379 0 -0.6427841 -0.7660473 0 -0.6801737 -0.733051 0 -0.6038088 -0.7971292 0 -0.6427841 -0.7660473 0 -0.563316 -0.8262415 0 -0.6038088 -0.7971292 0 -0.5214376 -0.8532894 0 -0.563316 -0.8262415 0 -0.4782548 -0.8782212 0 -0.5214376 -0.8532894 0 -0.4338793 -0.900971 0 -0.4782548 -0.8782212 0 -0.3884383 -0.9214748 0 -0.4338793 -0.900971 0 -0.3420177 -0.9396935 0 -0.3884383 -0.9214748 0 -0.2947533 -0.9555734 0 -0.3420177 -0.9396935 0 -0.2467596 -0.9690767 0 -0.2947533 -0.9555734 0 -0.2467596 -0.9690767 0 -0.1981479 -0.9801721 0 -0.1981479 -0.9801721 0 -0.1490397 -0.9888312 0 -0.1490397 -0.9888312 0 -0.09956871 -0.9950307 0 -0.09956871 -0.9950307 0 -0.04984656 -0.9987569 0 -0.04984656 -0.9987569 0 0 -1 0 -0 -1 0 0.04984656 -0.9987569 0 0.04984656 -0.9987569 0 0.09956871 -0.9950307 0 0.1490397 -0.9888312 0 0.09956871 -0.9950307 0 0.1981479 -0.9801721 0 0.1490397 -0.9888312 0 0.1981479 -0.9801721 0 0.2467596 -0.9690767 0 0.2467596 -0.9690767 0 0.2947533 -0.9555734 0 0.2947533 -0.9555734 0 0.3420177 -0.9396935 0 0.3420177 -0.9396935 0 0.3884383 -0.9214748 0 0.3884383 -0.9214748 0 0.4338793 -0.900971 0 0.4338793 -0.900971 0 0.4782548 -0.8782212 0 0.4782548 -0.8782212 0 0.5214376 -0.8532894 0 0.5214376 -0.8532894 0 0.563316 -0.8262415 0 0.563316 -0.8262415 0 0.6038088 -0.7971292 0 0.6038088 -0.7971292 0 0.6427841 -0.7660473 0 0.6427841 -0.7660473 0 0.6801737 -0.733051 0 0.6801737 -0.733051 0 0.7158658 -0.6982379 0 0.7158658 -0.6982379 0 0.7497874 -0.6616787 0 0.7497874 -0.6616787 0 0.7818314 -0.6234899 0 0.7818314 -0.6234899 0 0.8119308 -0.5837535 0 0.8119308 -0.5837535 0 0.8400325 -0.542536 0 0.8400325 -0.542536 0 0.8660247 -0.5000013 0 0.8660247 -0.5000013 0 0.8898681 -0.4562178 0 0.9115049 -0.4112891 0 0.8898681 -0.4562178 0 0.9308762 -0.3653347 0 0.9115049 -0.4112891 0 0.947926 -0.3184907 0 0.9308762 -0.3653347 0 0.9626266 -0.2708321 0 0.947926 -0.3184907 0 0.9749264 -0.2225279 0 0.9626266 -0.2708321 0 0.9848072 -0.1736512 0 0.9749264 -0.2225279 0 0.9922397 -0.1243398 0 0.9848072 -0.1736512 0 0.9972036 -0.07473249 0 0.9922397 -0.1243398 0 0.9972036 -0.07473249 0 0.9996891 -0.02493401 2.228856e-16 0.9996891 0.02493401 0 0.9996891 -0.02493401 0 0.9996891 0.02493401 0 0.9972036 0.07473249 -0 0.9922397 0.1243398 0 0.9972036 0.07473249 0 0.9922397 0.1243398 -0 0.9848072 0.1736512 0 0.9848072 0.1736512 -0 0.9749264 0.2225279 0 0.9749264 0.2225279 0 0.9626266 0.2708321 0 0.9626266 0.2708321 0 0.947926 0.3184907 -0 0.9308762 0.3653347 0 0.947926 0.3184907 0 0.9308762 0.3653347 -0 0.9115049 0.4112891 0 0.9115049 0.4112891 -0 0.8898681 0.4562178 0 0.8898681 0.4562178 -0 0.8660247 0.5000013 -0 0.8400325 0.542536 0 0.8660247 0.5000013 -0 0.8119308 0.5837535 0 0.8400325 0.542536 -0 0.7818314 0.6234899 0 0.8119308 0.5837535 -0 0.7497874 0.6616787 0 0.7818314 0.6234899 0 0.7497874 0.6616787 -0 0.6801737 0.733051 0 0.7158658 0.6982379 0 0.7158658 0.6982379 -0 0.6427841 0.7660473 0 0.6801737 0.733051 0 0.6427841 0.7660473 -0 0.563316 0.8262415 0 0.6038088 0.7971292 0 0.6038088 0.7971292 -0 0.5214376 0.8532894 0 0.563316 0.8262415 -0 0.4782548 0.8782212 0 0.5214376 0.8532894 -0 0.4338793 0.900971 0 0.4782548 0.8782212 0 0.4338793 0.900971 0 0.3884383 0.9214748 -0 0.3420177 0.9396935 0 0.3884383 0.9214748 0 0.3420177 0.9396935 0 0.2947533 0.9555734 0 0.2947533 0.9555734 0 0.2467596 0.9690767 -0 0.1981479 0.9801721 0 0.2467596 0.9690767 0 0.1981479 0.9801721 -0 0.1490397 0.9888312 0 0.1490397 0.9888312 0 0.09956871 0.9950307 -0 0.04984656 0.9987569 0 0.09956871 0.9950307 0 0.04984656 0.9987569 0 0 1 0 -0 1 0 -0.09956871 0.9950307 0 -0.04984656 0.9987569 0 -0.04984656 0.9987569 0 -0.1490397 0.9888312 0 -0.09956871 0.9950307 0 -0.1490397 0.9888312 0 -0.2467596 0.9690767 0 -0.1981479 0.9801721 0 -0.1981479 0.9801721 0 -0.2947533 0.9555734 0 -0.2467596 0.9690767 0 -0.3420177 0.9396935 0 -0.2947533 0.9555734 0 -0.3884383 0.9214748 0 -0.3420177 0.9396935 0 -0.3884383 0.9214748 0 -0.4782548 0.8782212 0 -0.4338793 0.900971 0 -0.4338793 0.900971 0 -0.4782548 0.8782212 0 -0.5214376 0.8532894 0 -0.5214376 0.8532894 0 -0.6038088 0.7971292 0 -0.563316 0.8262415 0 -0.563316 0.8262415 0 -0.6427841 0.7660473 0 -0.6038088 0.7971292 0 -0.6427841 0.7660473 0 -0.6801737 0.733051 0 -0.6801737 0.733051 0 -0.7158658 0.6982379 0 -0.7158658 0.6982379 0 -0.7818314 0.6234899 0 -0.7497874 0.6616787 0 -0.7497874 0.6616787 0 -0.7818314 0.6234899 0 -0.8119308 0.5837535 0 -0.8119308 0.5837535 0 -0.8400325 0.542536 0 -0.8400325 0.542536 0 -0.8660247 0.5000013 0 -0.8898681 0.4562178 0 -0.8660247 0.5000013 0 -0.9115049 0.4112891 0 -0.8898681 0.4562178 0 -0.9115049 0.4112891 0 -0.947926 0.3184907 0 -0.9308762 0.3653347 0 -0.9308762 0.3653347 0 -0.947926 0.3184907 0 -0.9626266 0.2708321 0 -0.9626266 0.2708321 0 -0.9848072 0.1736512 0 -0.9749264 0.2225279 0 -0.9749264 0.2225279 0 -0.9922397 0.1243398 0 -0.9848072 0.1736512 0 -0.9972036 0.07473249 0 -0.9922397 0.1243398 0 -0.9972036 0.07473249 0 -0.9996891 0.02493401 0 -0.9996891 0.02493401 0 -0.9996891 -0.02493401 0 -0.9972036 -0.07473249 0 -0.9996891 -0.02493401 0 -0.9922397 -0.1243398 0 -0.9972036 -0.07473249 0 -0.9848072 -0.1736512 0 -0.9922397 -0.1243398 0 -0.9749264 -0.2225279 0 -0.9848072 -0.1736512 0 -0.9626266 -0.2708321 0 -0.9749264 -0.2225279 0 -0.947926 -0.3184907 0 -0.9626266 -0.2708321 0 -0.9308762 -0.3653347 0 -0.947926 -0.3184907 0 -0.9115049 -0.4112891 0 -0.9308762 -0.3653347 0 -0.8898681 -0.4562178 0 -0.9115049 -0.4112891 0 -0.8660247 -0.5000013 0 -0.8898681 -0.4562178 0 -0.8660247 -0.5000013 0 -0.8400325 -0.542536 0 -0.8400325 -0.542536 0 -0.8119308 -0.5837535 0 -0.8119308 -0.5837535 0 -0.7818314 -0.6234899 0 -0.7497874 -0.6616787 0 -0.7818314 -0.6234899 0 -0.7497874 -0.6616787 0 -0.7158658 -0.6982379 0 -0.6801737 -0.733051 0 -0.7158658 -0.6982379 0 -0.6427841 -0.7660473 0 -0.6801737 -0.733051 0 -0.6038088 -0.7971292 0 -0.6427841 -0.7660473 0 -0.563316 -0.8262415 0 -0.6038088 -0.7971292 0 -0.5214376 -0.8532894 0 -0.563316 -0.8262415 0 -0.4782548 -0.8782212 0 -0.5214376 -0.8532894 0 -0.4338793 -0.900971 0 -0.4782548 -0.8782212 0 -0.3884383 -0.9214748 0 -0.4338793 -0.900971 0 -0.3420177 -0.9396935 0 -0.3884383 -0.9214748 0 -0.2947533 -0.9555734 0 -0.3420177 -0.9396935 0 -0.2467596 -0.9690767 0 -0.2947533 -0.9555734 0 -0.2467596 -0.9690767 0 -0.1981479 -0.9801721 0 -0.1981479 -0.9801721 0 -0.1490397 -0.9888312 0 -0.1490397 -0.9888312 0 -0.09956871 -0.9950307 0 -0.09956871 -0.9950307 0 -0.04984656 -0.9987569 0 -0.04984656 -0.9987569 0 0 -1 0 -0 -1 0 0.04984656 -0.9987569 0 0.04984656 -0.9987569 0 0.09956871 -0.9950307 0 0.1490397 -0.9888312 0 0.09956871 -0.9950307 0 0.1981479 -0.9801721 0 0.1490397 -0.9888312 0 0.1981479 -0.9801721 0 0.2467596 -0.9690767 0 0.2467596 -0.9690767 0 0.2947533 -0.9555734 0 0.2947533 -0.9555734 0 0.3420177 -0.9396935 0 0.3420177 -0.9396935 0 0.3884383 -0.9214748 0 0.3884383 -0.9214748 0 0.4338793 -0.900971 0 0.4338793 -0.900971 0 0.4782548 -0.8782212 0 0.4782548 -0.8782212 0 0.5214376 -0.8532894 0 0.5214376 -0.8532894 0 0.563316 -0.8262415 0 0.563316 -0.8262415 0 0.6038088 -0.7971292 0 0.6038088 -0.7971292 0 0.6427841 -0.7660473 0 0.6427841 -0.7660473 0 0.6801737 -0.733051 0 0.6801737 -0.733051 0 0.7158658 -0.6982379 0 0.7158658 -0.6982379 0 0.7497874 -0.6616787 0 0.7497874 -0.6616787 0 0.7818314 -0.6234899 0 0.7818314 -0.6234899 0 0.8119308 -0.5837535 0 0.8119308 -0.5837535 0 0.8400325 -0.542536 0 0.8400325 -0.542536 0 0.8660247 -0.5000013 0 0.8660247 -0.5000013 0 0.8898681 -0.4562178 0 0.9115049 -0.4112891 0 0.8898681 -0.4562178 0 0.9308762 -0.3653347 0 0.9115049 -0.4112891 0 0.947926 -0.3184907 0 0.9308762 -0.3653347 0 0.9626266 -0.2708321 0 0.947926 -0.3184907 0 0.9749264 -0.2225279 0 0.9626266 -0.2708321 0 0.9848072 -0.1736512 0 0.9749264 -0.2225279 0 0.9922397 -0.1243398 0 0.9848072 -0.1736512 0 0.9972036 -0.07473249 0 0.9922397 -0.1243398 0 0.9972036 -0.07473249 0 0.9996891 -0.02493401 2.228856e-16 0.9996891 0.02493401 0 0.9996891 -0.02493401 0 0.9996891 0.02493401 0 0.9972036 0.07473249 -0 0.9922397 0.1243398 0 0.9972036 0.07473249 0 0.9922397 0.1243398 -0 0.9848072 0.1736512 0 0.9848072 0.1736512 -0 0.9749264 0.2225279 0 0.9749264 0.2225279 0 0.9626266 0.2708321 0 0.9626266 0.2708321 0 0.947926 0.3184907 -0 0.9308762 0.3653347 0 0.947926 0.3184907 0 0.9308762 0.3653347 -0 0.9115049 0.4112891 0 0.9115049 0.4112891 -0 0.8898681 0.4562178 0 0.8898681 0.4562178 -0 0.8660247 0.5000013 -0 0.8400325 0.542536 0 0.8660247 0.5000013 -0 0.8119308 0.5837535 0 0.8400325 0.542536 -0 0.7818314 0.6234899 0 0.8119308 0.5837535 -0 0.7497874 0.6616787 0 0.7818314 0.6234899 0 0.7497874 0.6616787 -0 0.6801737 0.733051 0 0.7158658 0.6982379 0 0.7158658 0.6982379 -0 0.6427841 0.7660473 0 0.6801737 0.733051 0 0.6427841 0.7660473 -0 0.563316 0.8262415 0 0.6038088 0.7971292 0 0.6038088 0.7971292 -0 0.5214376 0.8532894 0 0.563316 0.8262415 -0 0.4782548 0.8782212 0 0.5214376 0.8532894 -0 0.4338793 0.900971 0 0.4782548 0.8782212 0 0.4338793 0.900971 0 0.3884383 0.9214748 -0 0.3420177 0.9396935 0 0.3884383 0.9214748 0 0.3420177 0.9396935 0 0.2947533 0.9555734 0 0.2947533 0.9555734 0 0.2467596 0.9690767 -0 0.1981479 0.9801721 0 0.2467596 0.9690767 0 0.1981479 0.9801721 -0 0.1490397 0.9888312 0 0.1490397 0.9888312 0 0.09956871 0.9950307 -0 0.04984656 0.9987569 0 0.09956871 0.9950307 0 0.04984656 0.9987569 0 0 1 0 -0 1 0 -0.09956871 0.9950307 0 -0.04984656 0.9987569 0 -0.04984656 0.9987569 0 -0.1490397 0.9888312 0 -0.09956871 0.9950307 0 -0.1490397 0.9888312 0 -0.2467596 0.9690767 0 -0.1981479 0.9801721 0 -0.1981479 0.9801721 0 -0.2947533 0.9555734 0 -0.2467596 0.9690767 0 -0.3420177 0.9396935 0 -0.2947533 0.9555734 0 -0.3884383 0.9214748 0 -0.3420177 0.9396935 0 -0.3884383 0.9214748 0 -0.4782548 0.8782212 0 -0.4338793 0.900971 0 -0.4338793 0.900971 0 -0.4782548 0.8782212 0 -0.5214376 0.8532894 0 -0.5214376 0.8532894 0 -0.6038088 0.7971292 0 -0.563316 0.8262415 0 -0.563316 0.8262415 0 -0.6427841 0.7660473 0 -0.6038088 0.7971292 0 -0.6427841 0.7660473 0 -0.6801737 0.733051 0 -0.6801737 0.733051 0 -0.7158658 0.6982379 0 -0.7158658 0.6982379 0 -0.7818314 0.6234899 0 -0.7497874 0.6616787 0 -0.7497874 0.6616787 0 -0.7818314 0.6234899 0 -0.8119308 0.5837535 0 -0.8119308 0.5837535 0 -0.8400325 0.542536 0 -0.8400325 0.542536 0 -0.8660247 0.5000013 0 -0.8898681 0.4562178 0 -0.8660247 0.5000013 0 -0.9115049 0.4112891 0 -0.8898681 0.4562178 0 -0.9115049 0.4112891 0 -0.947926 0.3184907 0 -0.9308762 0.3653347 0 -0.9308762 0.3653347 0 -0.947926 0.3184907 0 -0.9626266 0.2708321 0 -0.9626266 0.2708321 0 -0.9848072 0.1736512 0 -0.9749264 0.2225279 0 -0.9749264 0.2225279 0 -0.9922397 0.1243398 0 -0.9848072 0.1736512 0 -0.9972036 0.07473249 0 -0.9922397 0.1243398 0 -0.9972036 0.07473249 0 -0.9996891 0.02493401 0 -0.9996891 0.02493401 -1 -0 0 -1 0 0 -1 -0 0 -1 0 0 -1 0 -0 -1 -0 0 -1 0 0 -1 -0 0 -1 0 0 -1 -0 0 -1 0 0 -1 -0 0 -1 0 0 -1 -0 0 -1 0 0 -1 -0 0 -1 0 0 -1 -0 0 -1 0 0 -1 -0 0 -1 0 0 -1 -0 0 -1 0 0 -1 -0 0 -1 0 0 -1 -0 0 -1 0 0 -1 -0 0 -1 0 0 -1 -0 0 -1 0 0 -1 0 0 -1 -0 0 -1 0 0 -1 0 -0 -1 0 0 -1 0 -0 -1 0 0 -1 0 -0 -1 0 0 -1 0 -0 -1 0 0 -1 0 -0 -1 0 0 -1 0 -0 -1 0 0 -1 0 -0 -1 0 -0 -1 0 -0 -1 0 -0 -1 0 -0 -1 0 -0 -1 0 -0 -1 0 0 -1 0 -0 -1 0 -0 -1 0 -0 -1 0 -0 -1 0 -0 -1 0 -0 -1 0 -0 -1 0 -0 -1 0 -0 -1 0 -0 -1 0 -0 -1 0 -0 -1 0 -0 -1 0 -0 -1 0 -0 -1 0 -0 -1 0 -0 -1 0 -0 -1 0 -0 -1 0 -0 -1 0 -0 -1 0 -0 -1 0 -0 -1 0 -0 -1 0 -0 -1 0 0 -1 0 0 -1 0 0 -1 0 0 -1 0 0 -1 0 0 -1 0 0 -1 0 0 -1 0 0 -1 0 0 -1 0 0 -1 0 0 -1 0 0 -1 0 0 -1 0 0 -1 0 0 -1 0 0 -1 0 0 -1 0 0 -1 0 0 -1 0 0 -1 0 0 -1 0 0 -1 0 0 -1 0 0 -1 0 0 -1 0 0 -1 0 0 -1 0 0 -1 0 0 -1 0 0 -1 0 0 -1 0 0 -1 0 0 -1 0 0 -1 0 0 -1 0 0 -1 0 0 -1 0 0 -1 0 0 -1 0 0 -1 0 0 -1 0 0 -1 0 0 -1 0 -0 -1 0 -0 -1 0 -0 -1 0 -0 -1 0 -0 -1 0 -0 -1 0 -0 -1 -0 -0 -1 0 -0 -1 -0 -0 -1 0 -0 -1 -0 -0 -1 0 -0 -1 0 -0 -1 -0 -0 -1 -0 -0 -1 0 -0 -1 0 -0 -1 0 -0 -1 -0 -0 -1 0 -0 -1 0 -0 -1 -0 -0 -1 -0 -0 -1 0 -0 -1 -0 -0 -1 0 -0 -1 0 -0 -1 -0 -0 -1 0 -0 -1 0 -0 -1 0 -0 -1 -0 -0 -1 -0 -0 -1 0 -0 -1 0 -0 -1 0 -0 -1 -0 -0 -1 0 -0 -1 -0 -0 -1 0 -0 -1 0 -0 -1 0 -0 -1 0 -0 -1 0 -0 -1 0 0 -1 0 0 -1 -0 0 -1 0 0 -1 -0 0 -1 0 0 -1 0 0 -1 -0 0 -1 0 0 -1 0 0 -1 0 0 -1 -0 0 -1 0 0 -1 0 0 -1 -0 0 -1 0 0 -1 0 0 -1 0 0 -1 -0 0 -1 0 0 -1 0 0 -1 -0 0 -1 0 0 -1 0 0 -1 -0 0 -1 0 0 -1 0 0 -1 0 0 -1 -0 0 -1 0 0 -1 0 0 -1 -0 0 -1 -0 0 -1 0 0 -1 -0 0 -1 -0 0 -1 -0 0 -1 -0 0 -1 -0 0 -1 0 0 -1 0 -0 -1 0 -0 -1 0 -0 -1 0 -0 -1 0 -0 -1 0 -0 -1 0 -0 -1 0 -0 -1 0 -0 -1 0 -0 -1 0 -0 -1 0 -0 -1 0 -0 -1 0 -0 -1 0 -0 -1 0 -0 -1 0 -0 -1 0 -0 -1 0 -0 -1 0 -0 -1 0 -0 -1 0 -0 -1 0 -0 -1 0 -0 -1 0 -0 -1 0 -0 -1 0 0 -1 0 0 -1 0 0 -1 0 0 -1 0 0 -1 0 0 -1 0 0 -1 0 0 -1 0 0 -1 0 0 -1 0 0 -1 0 0 -1 0 0 -1 0 0 -1 0 0 -1 0 0 -1 0 0 -1 0 0 -1 0 0 -1 0 0 -1 0 0 -1 0 0 -1 0 0 -1 0 0 -1 0 0 -1 0 0 -1 0 0 -1 0 0 -1 0 0 -1 0 -0 -1 0 -0 -1 0 0 -1 0 -0 -1 0 -0 -1 0 -0 -1 0 -0 -1 0 -0 -1 0 -0 -1 0 -0 -1 0 -0 -1 0 -0 -1 0 -0 -1 0 -0 -1 0 0 -1 0 0 -1 0 0 -1 0 0 -1 0 0 -1 0 0 -1 0 0 -1 0 0 -1 0 0 -1 0 0 -1 0 0 -1 0 0 -1 0 0 -1 0 -0 -1 0 -0 -1 0 -0 -1 0 -0 -1 0 -0 -1 0 -0 -1 0 -0 -1 0 -0 -1 0 -0 -1 0 -0 -1 0 -0 -1 0 -0 -1 0 -0 -1 0 -0 -1 0 -0 -1 0 -0 -1 0 -0 -1 0 -0 -1 0 -0 -1 0 -0 -1 0 -0 -1 0 -0 -1 0 -0 -1 0 -0 -1 0 -0 -1 0 -0 -1 0 -0 -1 0 -0 -1 0 -0 -1 0 -0 -1 0 -0 -1 0 -0 -1 0 -0 -1 0 -0 -1 0 -0 -1 0 -0 -1 0 -0 -1 0 -0 -1 -0 -0 -1 -0 -0 -1 -0 -0 -1 -0 -0 -1 -0 -0 -1 -0 -0 -1 -0 -0 -1 -0 0 -1 0 0 -1 0 0 -1 0 0 -1 0 0 -1 0 0 -1 0 0 -1 -0 0 -1 -0 0</float_array>
          <technique_common>
            <accessor count="10520" source="#cubenormals-array0-array" stride="3">
              <param type="float" name="X" />
              <param type="float" name="Y" />
              <param type="float" name="Z" />
            </accessor>
          </technique_common>
        </source>
        <vertices id="cubeverts-array0-vertices">
          <input semantic="POSITION" source="#cubeverts-array0" />
        </vertices>
        <triangles count="10520" material="ref_Part__Feature">
          <input offset="0" semantic="VERTEX" source="#cubeverts-array0-vertices" />
          <input offset="1" semantic="NORMAL" source="#cubenormals-array0" />
          <p>0 0 1 0 2 0 0 1 2 1 3 1 4 2 5 2 6 2 7 3 4 3 6 3 7 4 6 4 8 4 9 5 8 5 10 5 9 6 10 6 11 6 9 7 7 7 8 7 12 8 5 8 4 8 12 9 13 9 5 9 14 10 9 10 11 10 14 11 11 11 15 11 16 12 4 12 7 12 16 13 12 13 4 13 17 14 15 14 18 14 17 15 14 15 15 15 19 16 16 16 7 16 19 17 7 17 9 17 20 18 21 18 22 18 20 19 22 19 23 19 20 20 23 20 13 20 20 21 13 21 12 21 24 22 18 22 25 22 24 23 17 23 18 23 26 24 19 24 9 24 26 25 9 25 14 25 27 26 28 26 29 26 27 27 29 27 21 27 27 28 20 28 12 28 27 29 21 29 20 29 27 30 12 30 16 30 30 31 25 31 31 31 30 32 24 32 25 32 32 33 26 33 14 33 32 34 14 34 17 34 33 35 34 35 35 35 33 36 35 36 28 36 33 37 28 37 27 37 33 38 16 38 19 38 33 39 27 39 16 39 36 40 31 40 37 40 36 41 30 41 31 41 38 42 32 42 17 42 38 43 17 43 24 43 39 44 19 44 26 44 39 45 40 45 41 45 39 46 41 46 34 46 39 47 33 47 19 47 39 48 34 48 33 48 42 49 37 49 43 49 42 50 36 50 37 50 44 51 38 51 24 51 44 52 24 52 30 52 45 53 26 53 32 53 45 54 46 54 47 54 45 55 47 55 40 55 45 56 39 56 26 56 45 57 40 57 39 57 48 58 42 58 43 58 48 59 43 59 49 59 50 60 30 60 36 60 50 61 44 61 30 61 51 62 52 62 53 62 51 63 53 63 46 63 51 64 46 64 45 64 51 65 32 65 38 65 51 66 45 66 32 66 54 67 49 67 55 67 54 68 48 68 49 68 56 69 42 69 48 69 56 70 50 70 36 70 56 71 36 71 42 71 57 72 38 72 44 72 57 73 58 73 59 73 57 74 59 74 52 74 57 75 52 75 51 75 57 76 51 76 38 76 60 77 54 77 55 77 60 78 55 78 61 78 62 79 56 79 48 79 63 80 58 80 57 80 63 81 64 81 65 81 63 82 65 82 58 82 63 83 44 83 50 83 63 84 57 84 44 84 66 85 60 85 61 85 66 86 61 86 67 86 68 87 54 87 60 87 68 88 48 88 54 88 68 89 62 89 48 89 69 90 64 90 63 90 69 91 70 91 71 91 69 92 71 92 64 92 69 93 50 93 56 93 69 94 63 94 50 94 72 95 67 95 73 95 72 96 66 96 67 96 74 97 68 97 60 97 75 98 76 98 77 98 75 99 77 99 70 99 75 100 70 100 69 100 75 101 69 101 56 101 75 102 56 102 62 102 78 103 73 103 2 103 78 104 72 104 73 104 79 105 74 105 60 105 79 106 60 106 66 106 80 107 75 107 62 107 80 108 81 108 82 108 80 109 82 109 76 109 80 110 62 110 68 110 80 111 76 111 75 111 83 112 79 112 66 112 83 113 66 113 72 113 84 114 85 114 86 114 84 115 86 115 81 115 84 116 80 116 68 116 84 117 74 117 79 117 84 118 81 118 80 118 84 119 68 119 74 119 87 120 2 120 1 120 87 121 83 121 72 121 87 122 78 122 2 122 87 123 72 123 78 123 88 124 89 124 90 124 88 125 90 125 85 125 88 126 85 126 84 126 88 127 79 127 83 127 88 128 84 128 79 128 91 129 92 129 93 129 91 130 93 130 89 130 91 131 88 131 83 131 91 132 89 132 88 132 94 133 1 133 95 133 94 134 95 134 96 134 94 135 96 135 92 135 94 136 92 136 91 136 94 137 83 137 87 137 94 138 91 138 83 138 94 139 87 139 1 139 13 140 97 140 98 140 5 141 13 141 98 141 99 142 100 142 101 142 102 143 103 143 104 143 102 144 104 144 105 144 106 145 101 145 107 145 106 146 107 146 103 146 106 147 99 147 101 147 106 148 103 148 102 148 108 149 109 149 110 149 111 150 112 150 113 150 111 151 113 151 114 151 111 152 114 152 115 152 111 153 115 153 116 153 111 154 116 154 100 154 111 155 100 155 99 155 117 156 110 156 118 156 117 157 118 157 119 157 117 158 119 158 120 158 117 159 120 159 121 159 117 160 121 160 122 160 117 161 108 161 110 161 117 162 122 162 108 162 123 163 124 163 112 163 123 164 112 164 111 164 123 165 111 165 99 165 123 166 99 166 122 166 125 167 121 167 126 167 125 168 126 168 127 168 125 169 122 169 121 169 128 170 127 170 129 170 128 171 129 171 124 171 128 172 124 172 123 172 128 173 123 173 122 173 128 174 125 174 127 174 128 175 122 175 125 175 130 176 131 176 109 176 130 177 105 177 132 177 130 178 132 178 131 178 130 179 102 179 105 179 130 180 109 180 108 180 133 181 99 181 106 181 133 182 122 182 99 182 133 183 108 183 122 183 133 184 106 184 102 184 133 185 102 185 130 185 133 186 130 186 108 186 109 187 131 187 134 187 109 188 134 188 135 188 136 189 137 189 138 189 136 190 138 190 139 190 136 191 139 191 140 191 136 192 140 192 141 192 136 193 141 193 142 193 136 194 142 194 143 194 144 195 145 195 146 195 144 196 146 196 147 196 144 197 147 197 148 197 144 198 148 198 149 198 150 199 143 199 151 199 150 200 151 200 152 200 150 201 152 201 153 201 150 202 153 202 154 202 150 203 154 203 98 203 150 204 98 204 97 204 150 205 97 205 155 205 150 206 155 206 145 206 150 207 144 207 136 207 150 208 136 208 143 208 150 209 145 209 144 209 156 210 157 210 137 210 156 211 149 211 158 211 156 212 158 212 159 212 156 213 144 213 149 213 156 214 136 214 144 214 156 215 137 215 136 215 160 216 134 216 161 216 160 217 161 217 157 217 160 218 159 218 162 218 160 219 162 219 135 219 160 220 156 220 159 220 160 221 157 221 156 221 160 222 135 222 134 222 163 223 164 223 165 223 166 224 164 224 163 224 167 225 164 225 166 225 165 226 164 226 168 226 169 227 164 227 170 227 171 228 164 228 169 228 168 229 164 229 171 229 172 230 173 230 167 230 174 231 173 231 172 231 175 232 173 232 176 232 170 233 173 233 175 233 167 234 173 234 164 234 164 235 173 235 170 235 177 236 178 236 174 236 179 237 178 237 177 237 174 238 178 238 173 238 173 239 178 239 176 239 180 240 178 240 181 240 176 241 178 241 180 241 182 242 183 242 179 242 184 243 183 243 182 243 178 244 183 244 181 244 185 245 183 245 186 245 181 246 183 246 185 246 179 247 183 247 178 247 184 248 187 248 183 248 188 249 187 249 184 249 189 250 187 250 188 250 190 251 187 251 191 251 186 252 187 252 190 252 183 253 187 253 186 253 192 254 193 254 189 254 191 255 193 255 194 255 189 256 193 256 187 256 187 257 193 257 191 257 195 258 196 258 192 258 197 259 196 259 195 259 198 260 196 260 199 260 194 261 196 261 198 261 192 262 196 262 193 262 193 263 196 263 194 263 200 264 201 264 197 264 202 265 201 265 200 265 203 266 201 266 204 266 199 267 201 267 203 267 197 268 201 268 196 268 196 269 201 269 199 269 205 270 206 270 202 270 207 271 206 271 205 271 208 272 206 272 209 272 204 273 206 273 208 273 202 274 206 274 201 274 201 275 206 275 204 275 210 276 211 276 207 276 212 277 211 277 210 277 213 278 211 278 214 278 209 279 211 279 213 279 207 280 211 280 206 280 206 281 211 281 209 281 215 282 216 282 212 282 217 283 216 283 215 283 218 284 216 284 217 284 219 285 216 285 220 285 221 286 216 286 219 286 214 287 216 287 221 287 220 288 216 288 218 288 212 289 216 289 211 289 211 290 216 290 214 290 222 291 218 291 223 291 224 292 222 292 223 292 224 293 223 293 225 293 226 294 225 294 227 294 226 295 224 295 225 295 228 296 218 296 222 296 228 297 220 297 218 297 229 298 227 298 230 298 229 299 226 299 227 299 231 300 228 300 222 300 231 301 222 301 224 301 232 302 230 302 233 302 232 303 229 303 230 303 234 304 231 304 224 304 234 305 224 305 226 305 235 306 236 306 237 306 235 307 237 307 238 307 235 308 238 308 220 308 235 309 220 309 228 309 239 310 233 310 240 310 239 311 232 311 233 311 241 312 226 312 229 312 241 313 234 313 226 313 242 314 235 314 228 314 242 315 243 315 244 315 242 316 244 316 236 316 242 317 236 317 235 317 242 318 228 318 231 318 245 319 240 319 246 319 245 320 239 320 240 320 247 321 241 321 229 321 247 322 229 322 232 322 248 323 243 323 242 323 248 324 242 324 231 324 248 325 249 325 250 325 248 326 250 326 243 326 248 327 231 327 234 327 251 328 246 328 252 328 251 329 245 329 246 329 253 330 232 330 239 330 253 331 247 331 232 331 254 332 255 332 256 332 254 333 256 333 249 333 254 334 234 334 241 334 254 335 248 335 234 335 254 336 249 336 248 336 257 337 251 337 252 337 257 338 252 338 258 338 257 339 258 339 259 339 260 340 253 340 239 340 260 341 239 341 245 341 261 342 262 342 263 342 261 343 263 343 255 343 261 344 247 344 253 344 261 345 241 345 247 345 261 346 254 346 241 346 261 347 255 347 254 347 264 348 259 348 265 348 264 349 257 349 259 349 266 350 260 350 245 350 266 351 245 351 251 351 267 352 268 352 269 352 267 353 269 353 262 353 267 354 261 354 253 354 267 355 262 355 261 355 270 356 264 356 265 356 271 357 257 357 264 357 271 358 266 358 251 358 271 359 251 359 257 359 272 360 273 360 274 360 272 361 274 361 268 361 272 362 268 362 267 362 272 363 253 363 260 363 272 364 267 364 253 364 275 365 265 365 276 365 275 366 270 366 265 366 277 367 271 367 264 367 278 368 279 368 280 368 278 369 280 369 273 369 278 370 260 370 266 370 278 371 272 371 260 371 278 372 273 372 272 372 281 373 276 373 282 373 281 374 282 374 283 374 281 375 275 375 276 375 284 376 277 376 264 376 284 377 264 377 270 377 285 378 286 378 287 378 285 379 287 379 279 379 285 380 266 380 271 380 285 381 278 381 266 381 285 382 279 382 278 382 288 383 270 383 275 383 288 384 284 384 270 384 289 385 277 385 284 385 289 386 290 386 291 386 289 387 291 387 286 387 289 388 286 388 285 388 289 389 271 389 277 389 289 390 285 390 271 390 292 391 283 391 293 391 292 392 281 392 283 392 292 393 275 393 281 393 292 394 288 394 275 394 294 395 295 395 296 395 294 396 296 396 290 396 294 397 290 397 289 397 294 398 289 398 284 398 297 399 298 399 299 399 297 400 299 400 295 400 297 401 284 401 288 401 297 402 295 402 294 402 297 403 294 403 284 403 300 404 293 404 301 404 300 405 301 405 302 405 300 406 302 406 298 406 300 407 298 407 297 407 300 408 292 408 293 408 300 409 288 409 292 409 300 410 297 410 288 410 283 411 303 411 304 411 283 412 304 412 293 412 305 413 306 413 307 413 308 414 306 414 305 414 307 415 309 415 310 415 306 416 309 416 307 416 310 417 311 417 312 417 309 418 311 418 310 418 312 419 313 419 314 419 311 420 313 420 312 420 314 421 315 421 316 421 313 422 315 422 314 422 316 423 317 423 318 423 315 424 317 424 316 424 318 425 319 425 320 425 317 426 319 426 318 426 319 427 321 427 320 427 320 428 321 428 322 428 321 429 323 429 322 429 322 430 323 430 324 430 323 431 325 431 324 431 324 432 325 432 326 432 325 433 327 433 326 433 326 434 327 434 328 434 327 435 329 435 328 435 328 436 329 436 330 436 330 437 331 437 332 437 329 438 331 438 330 438 331 439 333 439 332 439 332 440 333 440 334 440 334 441 335 441 336 441 333 442 335 442 334 442 336 443 337 443 338 443 335 444 337 444 336 444 338 445 339 445 340 445 337 446 339 446 338 446 340 447 341 447 342 447 339 448 341 448 340 448 342 449 343 449 344 449 341 450 343 450 342 450 344 451 345 451 346 451 343 452 345 452 344 452 346 453 347 453 348 453 345 454 347 454 346 454 348 455 349 455 350 455 347 456 349 456 348 456 350 457 351 457 352 457 349 458 351 458 350 458 352 459 353 459 354 459 351 460 353 460 352 460 354 461 355 461 356 461 353 462 355 462 354 462 356 463 357 463 358 463 355 464 357 464 356 464 358 465 359 465 360 465 357 466 359 466 358 466 360 467 361 467 362 467 359 468 361 468 360 468 362 469 363 469 364 469 361 470 363 470 362 470 364 471 365 471 366 471 363 472 365 472 364 472 366 473 367 473 368 473 365 474 367 474 366 474 368 475 304 475 303 475 367 476 304 476 368 476 369 477 370 477 308 477 369 478 308 478 305 478 371 479 372 479 373 479 371 480 373 480 374 480 371 481 374 481 375 481 371 482 375 482 376 482 377 483 376 483 378 483 377 484 378 484 379 484 377 485 371 485 376 485 380 486 381 486 382 486 380 487 382 487 383 487 380 488 383 488 372 488 380 489 372 489 371 489 384 490 379 490 385 490 384 491 385 491 386 491 384 492 377 492 379 492 387 493 371 493 377 493 387 494 388 494 389 494 387 495 389 495 381 495 387 496 380 496 371 496 387 497 381 497 380 497 390 498 386 498 391 498 390 499 391 499 392 499 390 500 384 500 386 500 393 501 388 501 387 501 393 502 387 502 377 502 393 503 394 503 395 503 393 504 395 504 388 504 393 505 377 505 384 505 396 506 392 506 397 506 396 507 397 507 398 507 396 508 390 508 392 508 399 509 400 509 401 509 399 510 401 510 394 510 399 511 384 511 390 511 399 512 393 512 384 512 399 513 394 513 393 513 402 514 398 514 403 514 402 515 403 515 404 515 402 516 396 516 398 516 405 517 390 517 396 517 405 518 400 518 399 518 405 519 406 519 407 519 405 520 407 520 400 520 405 521 399 521 390 521 408 522 404 522 409 522 408 523 409 523 410 523 408 524 402 524 404 524 411 525 406 525 405 525 411 526 402 526 408 526 411 527 412 527 413 527 411 528 413 528 406 528 411 529 396 529 402 529 411 530 405 530 396 530 414 531 410 531 415 531 414 532 415 532 416 532 414 533 408 533 410 533 417 534 412 534 411 534 417 535 411 535 408 535 417 536 418 536 419 536 417 537 419 537 412 537 420 538 416 538 421 538 420 539 421 539 422 539 420 540 414 540 416 540 423 541 424 541 425 541 423 542 425 542 418 542 423 543 418 543 417 543 423 544 408 544 414 544 423 545 417 545 408 545 426 546 422 546 427 546 426 547 427 547 428 547 426 548 420 548 422 548 429 549 414 549 420 549 429 550 423 550 414 550 429 551 430 551 431 551 429 552 431 552 424 552 429 553 424 553 423 553 432 554 426 554 428 554 432 555 428 555 433 555 432 556 433 556 434 556 435 557 436 557 437 557 435 558 437 558 430 558 435 559 429 559 420 559 435 560 420 560 426 560 435 561 430 561 429 561 438 562 434 562 439 562 438 563 439 563 440 563 438 564 432 564 434 564 441 565 436 565 435 565 441 566 442 566 443 566 441 567 443 567 436 567 441 568 426 568 432 568 441 569 435 569 426 569 444 570 440 570 445 570 444 571 445 571 446 571 444 572 438 572 440 572 447 573 448 573 449 573 447 574 449 574 442 574 447 575 438 575 444 575 447 576 432 576 438 576 447 577 441 577 432 577 447 578 442 578 441 578 450 579 444 579 446 579 450 580 446 580 451 580 450 581 451 581 452 581 453 582 448 582 447 582 453 583 454 583 455 583 453 584 455 584 448 584 453 585 444 585 450 585 453 586 447 586 444 586 456 587 450 587 452 587 456 588 452 588 457 588 456 589 457 589 458 589 456 590 458 590 370 590 459 591 460 591 461 591 459 592 461 592 454 592 459 593 453 593 450 593 459 594 454 594 453 594 462 595 459 595 450 595 462 596 460 596 459 596 462 597 450 597 456 597 462 598 370 598 369 598 462 599 369 599 463 599 462 600 463 600 464 600 462 601 464 601 460 601 462 602 456 602 370 602 372 603 465 603 466 603 372 604 466 604 373 604 467 605 468 605 469 605 467 606 469 606 470 606 467 607 470 607 471 607 467 608 471 608 472 608 473 609 472 609 474 609 473 610 474 610 475 610 473 611 467 611 472 611 476 612 477 612 478 612 476 613 478 613 479 613 476 614 479 614 468 614 476 615 468 615 467 615 480 616 475 616 481 616 480 617 481 617 482 617 480 618 473 618 475 618 483 619 467 619 473 619 483 620 484 620 485 620 483 621 485 621 477 621 483 622 476 622 467 622 483 623 477 623 476 623 486 624 482 624 487 624 486 625 487 625 488 625 486 626 480 626 482 626 489 627 484 627 483 627 489 628 483 628 473 628 489 629 490 629 491 629 489 630 491 630 484 630 489 631 480 631 486 631 489 632 473 632 480 632 492 633 488 633 493 633 492 634 493 634 494 634 492 635 486 635 488 635 495 636 489 636 486 636 495 637 496 637 497 637 495 638 497 638 490 638 495 639 490 639 489 639 498 640 494 640 499 640 498 641 499 641 500 641 498 642 492 642 494 642 501 643 486 643 492 643 501 644 496 644 495 644 501 645 502 645 503 645 501 646 503 646 496 646 501 647 492 647 498 647 501 648 495 648 486 648 504 649 500 649 505 649 504 650 505 650 506 650 504 651 498 651 500 651 507 652 501 652 498 652 507 653 508 653 509 653 507 654 509 654 502 654 507 655 502 655 501 655 510 656 506 656 511 656 510 657 511 657 512 657 510 658 504 658 506 658 513 659 507 659 498 659 513 660 498 660 504 660 513 661 514 661 515 661 513 662 515 662 508 662 513 663 508 663 507 663 516 664 512 664 517 664 516 665 517 665 518 665 516 666 510 666 512 666 519 667 513 667 504 667 519 668 514 668 513 668 519 669 520 669 521 669 519 670 521 670 514 670 519 671 504 671 510 671 522 672 518 672 523 672 522 673 523 673 524 673 522 674 516 674 518 674 525 675 526 675 527 675 525 676 527 676 520 676 525 677 520 677 519 677 525 678 519 678 510 678 525 679 510 679 516 679 528 680 524 680 529 680 528 681 529 681 530 681 528 682 522 682 524 682 531 683 526 683 525 683 531 684 516 684 522 684 531 685 532 685 533 685 531 686 533 686 526 686 531 687 525 687 516 687 531 688 522 688 528 688 534 689 530 689 535 689 534 690 535 690 536 690 534 691 528 691 530 691 537 692 532 692 531 692 537 693 538 693 539 693 537 694 539 694 532 694 537 695 531 695 528 695 540 696 534 696 536 696 540 697 536 697 541 697 540 698 541 698 542 698 543 699 544 699 545 699 543 700 545 700 538 700 543 701 537 701 528 701 543 702 528 702 534 702 543 703 538 703 537 703 546 704 542 704 547 704 546 705 547 705 548 705 546 706 540 706 542 706 549 707 540 707 546 707 549 708 550 708 551 708 549 709 551 709 544 709 549 710 534 710 540 710 549 711 543 711 534 711 549 712 544 712 543 712 552 713 548 713 553 713 552 714 553 714 554 714 552 715 554 715 466 715 552 716 546 716 548 716 555 717 549 717 546 717 555 718 546 718 552 718 555 719 556 719 557 719 555 720 557 720 550 720 555 721 550 721 549 721 558 722 555 722 552 722 558 723 556 723 555 723 558 724 466 724 465 724 558 725 465 725 559 725 558 726 559 726 560 726 558 727 560 727 556 727 558 728 552 728 466 728 469 729 561 729 562 729 469 730 468 730 561 730 563 731 564 731 565 731 563 732 565 732 566 732 563 733 566 733 567 733 563 734 567 734 568 734 569 735 568 735 570 735 569 736 570 736 571 736 569 737 563 737 568 737 572 738 573 738 574 738 572 739 574 739 575 739 572 740 575 740 564 740 572 741 564 741 563 741 576 742 571 742 577 742 576 743 577 743 578 743 576 744 569 744 571 744 579 745 563 745 569 745 579 746 580 746 581 746 579 747 581 747 573 747 579 748 572 748 563 748 579 749 573 749 572 749 582 750 578 750 583 750 582 751 583 751 584 751 582 752 576 752 578 752 585 753 580 753 579 753 585 754 579 754 569 754 585 755 586 755 587 755 585 756 587 756 580 756 585 757 569 757 576 757 588 758 584 758 589 758 588 759 589 759 590 759 588 760 582 760 584 760 591 761 582 761 588 761 591 762 592 762 593 762 591 763 593 763 586 763 591 764 576 764 582 764 591 765 585 765 576 765 591 766 586 766 585 766 594 767 590 767 595 767 594 768 595 768 596 768 594 769 588 769 590 769 597 770 592 770 591 770 597 771 598 771 599 771 597 772 599 772 592 772 597 773 591 773 588 773 600 774 596 774 601 774 600 775 601 775 602 775 600 776 594 776 596 776 603 777 597 777 588 777 603 778 594 778 600 778 603 779 604 779 605 779 603 780 605 780 598 780 603 781 588 781 594 781 603 782 598 782 597 782 606 783 602 783 607 783 606 784 607 784 608 784 606 785 600 785 602 785 609 786 604 786 603 786 609 787 603 787 600 787 609 788 610 788 611 788 609 789 611 789 604 789 612 790 608 790 613 790 612 791 613 791 614 791 612 792 606 792 608 792 615 793 609 793 600 793 615 794 616 794 617 794 615 795 617 795 610 795 615 796 610 796 609 796 615 797 600 797 606 797 618 798 614 798 619 798 618 799 619 799 620 799 618 800 612 800 614 800 621 801 615 801 606 801 621 802 606 802 612 802 621 803 622 803 623 803 621 804 623 804 616 804 621 805 612 805 618 805 621 806 616 806 615 806 624 807 620 807 625 807 624 808 625 808 626 808 624 809 618 809 620 809 627 810 622 810 621 810 627 811 628 811 629 811 627 812 629 812 622 812 627 813 621 813 618 813 630 814 626 814 631 814 630 815 631 815 632 815 630 816 624 816 626 816 633 817 627 817 618 817 633 818 634 818 635 818 633 819 635 819 628 819 633 820 618 820 624 820 633 821 628 821 627 821 636 822 632 822 637 822 636 823 637 823 638 823 636 824 630 824 632 824 639 825 640 825 641 825 639 826 641 826 634 826 639 827 624 827 630 827 639 828 630 828 636 828 639 829 633 829 624 829 639 830 634 830 633 830 642 831 638 831 643 831 642 832 643 832 644 832 642 833 636 833 638 833 645 834 639 834 636 834 645 835 636 835 642 835 645 836 646 836 647 836 645 837 647 837 640 837 645 838 640 838 639 838 648 839 642 839 644 839 648 840 644 840 649 840 648 841 649 841 650 841 648 842 650 842 562 842 651 843 645 843 642 843 651 844 646 844 645 844 651 845 652 845 653 845 651 846 653 846 646 846 654 847 651 847 642 847 654 848 652 848 651 848 654 849 562 849 561 849 654 850 561 850 655 850 654 851 655 851 656 851 654 852 656 852 652 852 654 853 648 853 562 853 654 854 642 854 648 854 657 855 658 855 659 855 660 856 658 856 657 856 661 857 565 857 564 857 662 858 565 858 661 858 663 859 664 859 665 859 659 860 664 860 663 860 666 861 664 861 658 861 667 862 664 862 666 862 658 863 664 863 659 863 668 864 669 864 670 864 665 865 669 865 668 865 671 866 669 866 667 866 672 867 669 867 671 867 667 868 669 868 664 868 664 869 669 869 665 869 673 870 674 870 675 870 670 871 674 871 673 871 676 872 674 872 672 872 677 873 674 873 676 873 672 874 674 874 669 874 669 875 674 875 670 875 678 876 679 876 680 876 675 877 679 877 678 877 677 878 679 878 674 878 674 879 679 879 675 879 681 880 679 880 677 880 682 881 679 881 681 881 682 882 683 882 679 882 684 883 683 883 685 883 680 884 683 884 684 884 686 885 683 885 682 885 687 886 683 886 686 886 679 887 683 887 680 887 688 888 689 888 690 888 685 889 689 889 688 889 691 890 689 890 687 890 692 891 689 891 691 891 683 892 689 892 685 892 687 893 689 893 683 893 693 894 694 894 695 894 690 895 694 895 693 895 696 896 694 896 692 896 697 897 694 897 696 897 692 898 694 898 689 898 689 899 694 899 690 899 698 900 699 900 700 900 695 901 699 901 698 901 694 902 699 902 695 902 697 903 699 903 694 903 701 904 699 904 697 904 702 905 699 905 701 905 703 906 704 906 705 906 700 907 704 907 703 907 706 908 704 908 702 908 699 909 704 909 700 909 707 910 704 910 706 910 702 911 704 911 699 911 708 912 709 912 710 912 705 913 709 913 708 913 711 914 709 914 707 914 712 915 709 915 711 915 704 916 709 916 705 916 707 917 709 917 704 917 713 918 714 918 715 918 710 919 714 919 713 919 709 920 714 920 710 920 716 921 714 921 712 921 717 922 714 922 716 922 712 923 714 923 709 923 718 924 719 924 720 924 715 925 719 925 718 925 721 926 719 926 717 926 722 927 719 927 721 927 717 928 719 928 714 928 714 929 719 929 715 929 722 930 723 930 719 930 724 931 723 931 725 931 720 932 723 932 724 932 726 933 723 933 722 933 727 934 723 934 726 934 719 935 723 935 720 935 723 936 728 936 725 936 729 937 728 937 730 937 725 938 728 938 729 938 727 939 728 939 723 939 731 940 728 940 727 940 732 941 728 941 731 941 733 942 734 942 661 942 730 943 734 943 733 943 728 944 734 944 730 944 732 945 734 945 728 945 735 946 734 946 732 946 662 947 734 947 735 947 661 948 734 948 662 948 660 949 736 949 737 949 660 950 657 950 736 950 738 951 739 951 740 951 741 952 739 952 738 952 742 953 737 953 736 953 743 954 737 954 742 954 744 955 745 955 746 955 740 956 745 956 744 956 747 957 745 957 739 957 748 958 745 958 747 958 739 959 745 959 740 959 749 960 750 960 751 960 746 961 750 961 749 961 752 962 750 962 748 962 753 963 750 963 752 963 748 964 750 964 745 964 745 965 750 965 746 965 754 966 755 966 756 966 751 967 755 967 754 967 757 968 755 968 753 968 758 969 755 969 757 969 753 970 755 970 750 970 750 971 755 971 751 971 759 972 760 972 761 972 756 973 760 973 759 973 758 974 760 974 755 974 755 975 760 975 756 975 762 976 760 976 758 976 763 977 760 977 762 977 763 978 764 978 760 978 765 979 764 979 766 979 761 980 764 980 765 980 767 981 764 981 763 981 768 982 764 982 767 982 760 983 764 983 761 983 769 984 770 984 771 984 766 985 770 985 769 985 772 986 770 986 768 986 773 987 770 987 772 987 764 988 770 988 766 988 768 989 770 989 764 989 774 990 775 990 776 990 771 991 775 991 774 991 777 992 775 992 773 992 778 993 775 993 777 993 773 994 775 994 770 994 770 995 775 995 771 995 779 996 780 996 781 996 776 997 780 997 779 997 775 998 780 998 776 998 778 999 780 999 775 999 782 1000 780 1000 778 1000 783 1001 780 1001 782 1001 784 1002 785 1002 786 1002 781 1003 785 1003 784 1003 787 1004 785 1004 783 1004 780 1005 785 1005 781 1005 788 1006 785 1006 787 1006 783 1007 785 1007 780 1007 789 1008 790 1008 791 1008 786 1009 790 1009 789 1009 792 1010 790 1010 788 1010 793 1011 790 1011 792 1011 785 1012 790 1012 786 1012 788 1013 790 1013 785 1013 794 1014 795 1014 796 1014 791 1015 795 1015 794 1015 790 1016 795 1016 791 1016 797 1017 795 1017 793 1017 798 1018 795 1018 797 1018 793 1019 795 1019 790 1019 799 1020 800 1020 801 1020 796 1021 800 1021 799 1021 802 1022 800 1022 798 1022 803 1023 800 1023 802 1023 798 1024 800 1024 795 1024 795 1025 800 1025 796 1025 803 1026 804 1026 800 1026 805 1027 804 1027 806 1027 801 1028 804 1028 805 1028 807 1029 804 1029 803 1029 808 1030 804 1030 807 1030 800 1031 804 1031 801 1031 804 1032 809 1032 806 1032 810 1033 809 1033 811 1033 806 1034 809 1034 810 1034 808 1035 809 1035 804 1035 812 1036 809 1036 808 1036 813 1037 809 1037 812 1037 814 1038 815 1038 742 1038 811 1039 815 1039 814 1039 809 1040 815 1040 811 1040 813 1041 815 1041 809 1041 816 1042 815 1042 813 1042 743 1043 815 1043 816 1043 742 1044 815 1044 743 1044 817 1045 818 1045 819 1045 817 1046 819 1046 820 1046 817 1047 820 1047 821 1047 817 1048 821 1048 822 1048 823 1049 822 1049 824 1049 823 1050 824 1050 825 1050 823 1051 817 1051 822 1051 826 1052 827 1052 828 1052 826 1053 828 1053 829 1053 826 1054 829 1054 818 1054 826 1055 818 1055 817 1055 830 1056 825 1056 831 1056 830 1057 831 1057 832 1057 830 1058 823 1058 825 1058 833 1059 817 1059 823 1059 833 1060 834 1060 835 1060 833 1061 835 1061 827 1061 833 1062 826 1062 817 1062 833 1063 827 1063 826 1063 836 1064 832 1064 837 1064 836 1065 837 1065 838 1065 836 1066 830 1066 832 1066 839 1067 834 1067 833 1067 839 1068 833 1068 823 1068 839 1069 840 1069 841 1069 839 1070 841 1070 834 1070 839 1071 823 1071 830 1071 842 1072 838 1072 843 1072 842 1073 843 1073 844 1073 842 1074 836 1074 838 1074 845 1075 846 1075 847 1075 845 1076 847 1076 840 1076 845 1077 830 1077 836 1077 845 1078 839 1078 830 1078 845 1079 840 1079 839 1079 848 1080 844 1080 849 1080 848 1081 849 1081 850 1081 848 1082 842 1082 844 1082 851 1083 836 1083 842 1083 851 1084 846 1084 845 1084 851 1085 852 1085 853 1085 851 1086 853 1086 846 1086 851 1087 845 1087 836 1087 854 1088 850 1088 855 1088 854 1089 855 1089 856 1089 854 1090 848 1090 850 1090 857 1091 852 1091 851 1091 857 1092 858 1092 859 1092 857 1093 859 1093 852 1093 857 1094 842 1094 848 1094 857 1095 851 1095 842 1095 860 1096 856 1096 861 1096 860 1097 861 1097 862 1097 860 1098 854 1098 856 1098 863 1099 858 1099 857 1099 863 1100 848 1100 854 1100 863 1101 857 1101 848 1101 863 1102 864 1102 865 1102 863 1103 865 1103 858 1103 866 1104 862 1104 867 1104 866 1105 867 1105 868 1105 866 1106 860 1106 862 1106 869 1107 864 1107 863 1107 869 1108 870 1108 871 1108 869 1109 871 1109 864 1109 869 1110 854 1110 860 1110 869 1111 863 1111 854 1111 872 1112 866 1112 868 1112 872 1113 868 1113 873 1113 872 1114 873 1114 874 1114 875 1115 876 1115 877 1115 875 1116 877 1116 870 1116 875 1117 870 1117 869 1117 875 1118 860 1118 866 1118 875 1119 869 1119 860 1119 878 1120 874 1120 879 1120 878 1121 879 1121 880 1121 878 1122 872 1122 874 1122 881 1123 875 1123 866 1123 881 1124 876 1124 875 1124 881 1125 882 1125 883 1125 881 1126 883 1126 876 1126 881 1127 866 1127 872 1127 884 1128 880 1128 885 1128 884 1129 885 1129 886 1129 884 1130 878 1130 880 1130 887 1131 888 1131 889 1131 887 1132 889 1132 882 1132 887 1133 872 1133 878 1133 887 1134 881 1134 872 1134 887 1135 882 1135 881 1135 890 1136 886 1136 891 1136 890 1137 891 1137 892 1137 890 1138 884 1138 886 1138 893 1139 894 1139 895 1139 893 1140 895 1140 888 1140 893 1141 878 1141 884 1141 893 1142 887 1142 878 1142 893 1143 888 1143 887 1143 896 1144 892 1144 897 1144 896 1145 897 1145 898 1145 896 1146 890 1146 892 1146 899 1147 893 1147 884 1147 899 1148 890 1148 896 1148 899 1149 900 1149 901 1149 899 1150 901 1150 894 1150 899 1151 884 1151 890 1151 899 1152 894 1152 893 1152 902 1153 898 1153 903 1153 902 1154 903 1154 904 1154 902 1155 904 1155 741 1155 902 1156 896 1156 898 1156 905 1157 899 1157 896 1157 905 1158 900 1158 899 1158 905 1159 906 1159 907 1159 905 1160 907 1160 900 1160 908 1161 905 1161 896 1161 908 1162 896 1162 902 1162 908 1163 906 1163 905 1163 908 1164 741 1164 738 1164 908 1165 738 1165 909 1165 908 1166 909 1166 910 1166 908 1167 910 1167 906 1167 908 1168 902 1168 741 1168 819 1169 911 1169 912 1169 819 1170 818 1170 911 1170 913 1171 914 1171 915 1171 913 1172 915 1172 916 1172 913 1173 916 1173 917 1173 918 1174 917 1174 919 1174 918 1175 919 1175 920 1175 918 1176 913 1176 917 1176 921 1177 922 1177 914 1177 921 1178 923 1178 924 1178 921 1179 924 1179 925 1179 921 1180 925 1180 922 1180 921 1181 914 1181 913 1181 926 1182 920 1182 927 1182 926 1183 927 1183 928 1183 926 1184 918 1184 920 1184 929 1185 913 1185 918 1185 929 1186 930 1186 931 1186 929 1187 931 1187 923 1187 929 1188 921 1188 913 1188 929 1189 923 1189 921 1189 932 1190 928 1190 933 1190 932 1191 933 1191 934 1191 932 1192 926 1192 928 1192 935 1193 930 1193 929 1193 935 1194 929 1194 918 1194 935 1195 936 1195 937 1195 935 1196 937 1196 930 1196 935 1197 918 1197 926 1197 938 1198 932 1198 934 1198 938 1199 934 1199 939 1199 938 1200 939 1200 940 1200 941 1201 936 1201 935 1201 941 1202 935 1202 926 1202 941 1203 942 1203 943 1203 941 1204 943 1204 936 1204 941 1205 926 1205 932 1205 944 1206 940 1206 945 1206 944 1207 945 1207 946 1207 944 1208 938 1208 940 1208 947 1209 942 1209 941 1209 947 1210 941 1210 932 1210 947 1211 948 1211 949 1211 947 1212 949 1212 942 1212 947 1213 932 1213 938 1213 950 1214 944 1214 946 1214 950 1215 946 1215 951 1215 950 1216 951 1216 952 1216 953 1217 948 1217 947 1217 953 1218 938 1218 944 1218 953 1219 954 1219 955 1219 953 1220 955 1220 948 1220 953 1221 947 1221 938 1221 956 1222 952 1222 957 1222 956 1223 957 1223 958 1223 956 1224 950 1224 952 1224 959 1225 954 1225 953 1225 959 1226 944 1226 950 1226 959 1227 960 1227 961 1227 959 1228 961 1228 954 1228 959 1229 953 1229 944 1229 962 1230 958 1230 963 1230 962 1231 963 1231 964 1231 962 1232 956 1232 958 1232 965 1233 960 1233 959 1233 965 1234 959 1234 950 1234 965 1235 966 1235 967 1235 965 1236 956 1236 962 1236 965 1237 967 1237 960 1237 965 1238 950 1238 956 1238 968 1239 964 1239 969 1239 968 1240 969 1240 970 1240 968 1241 962 1241 964 1241 971 1242 972 1242 973 1242 971 1243 973 1243 966 1243 971 1244 966 1244 965 1244 971 1245 965 1245 962 1245 974 1246 970 1246 975 1246 974 1247 975 1247 976 1247 974 1248 968 1248 970 1248 977 1249 962 1249 968 1249 977 1250 978 1250 979 1250 977 1251 979 1251 972 1251 977 1252 972 1252 971 1252 977 1253 971 1253 962 1253 980 1254 976 1254 981 1254 980 1255 981 1255 982 1255 980 1256 974 1256 976 1256 983 1257 978 1257 977 1257 983 1258 984 1258 985 1258 983 1259 985 1259 978 1259 983 1260 968 1260 974 1260 983 1261 974 1261 980 1261 983 1262 977 1262 968 1262 986 1263 982 1263 987 1263 986 1264 987 1264 988 1264 986 1265 980 1265 982 1265 989 1266 990 1266 991 1266 989 1267 991 1267 984 1267 989 1268 984 1268 983 1268 989 1269 983 1269 980 1269 992 1270 988 1270 993 1270 992 1271 993 1271 994 1271 992 1272 986 1272 988 1272 995 1273 989 1273 980 1273 995 1274 990 1274 989 1274 995 1275 996 1275 997 1275 995 1276 997 1276 990 1276 995 1277 980 1277 986 1277 998 1278 994 1278 999 1278 998 1279 999 1279 1000 1279 998 1280 1000 1280 912 1280 998 1281 912 1281 911 1281 998 1282 992 1282 994 1282 1001 1283 995 1283 986 1283 1001 1284 986 1284 992 1284 1001 1285 996 1285 995 1285 1001 1286 992 1286 998 1286 1001 1287 1002 1287 1003 1287 1001 1288 1003 1288 996 1288 1004 1289 1001 1289 998 1289 1004 1290 1002 1290 1001 1290 1004 1291 998 1291 911 1291 1004 1292 911 1292 1005 1292 1004 1293 1005 1293 1006 1293 1004 1294 1006 1294 1002 1294 1007 1295 914 1295 922 1295 1007 1296 922 1296 1008 1296 1009 1297 1010 1297 1011 1297 1009 1298 1011 1298 1012 1298 1009 1299 1012 1299 1013 1299 1014 1300 1013 1300 1015 1300 1014 1301 1015 1301 1016 1301 1014 1302 1009 1302 1013 1302 1017 1303 1018 1303 1010 1303 1017 1304 1019 1304 1020 1304 1017 1305 1020 1305 1021 1305 1017 1306 1021 1306 1018 1306 1017 1307 1010 1307 1009 1307 1022 1308 1016 1308 1023 1308 1022 1309 1023 1309 1024 1309 1022 1310 1014 1310 1016 1310 1025 1311 1009 1311 1014 1311 1025 1312 1026 1312 1027 1312 1025 1313 1027 1313 1019 1313 1025 1314 1017 1314 1009 1314 1025 1315 1019 1315 1017 1315 1028 1316 1024 1316 1029 1316 1028 1317 1029 1317 1030 1317 1028 1318 1022 1318 1024 1318 1031 1319 1026 1319 1025 1319 1031 1320 1025 1320 1014 1320 1031 1321 1032 1321 1033 1321 1031 1322 1033 1322 1026 1322 1031 1323 1014 1323 1022 1323 1034 1324 1028 1324 1030 1324 1034 1325 1030 1325 1035 1325 1034 1326 1035 1326 1036 1326 1037 1327 1032 1327 1031 1327 1037 1328 1031 1328 1022 1328 1037 1329 1038 1329 1039 1329 1037 1330 1039 1330 1032 1330 1037 1331 1022 1331 1028 1331 1040 1332 1036 1332 1041 1332 1040 1333 1041 1333 1042 1333 1040 1334 1034 1334 1036 1334 1043 1335 1038 1335 1037 1335 1043 1336 1037 1336 1028 1336 1043 1337 1044 1337 1045 1337 1043 1338 1045 1338 1038 1338 1043 1339 1028 1339 1034 1339 1046 1340 1040 1340 1042 1340 1046 1341 1042 1341 1047 1341 1046 1342 1047 1342 1048 1342 1049 1343 1044 1343 1043 1343 1049 1344 1034 1344 1040 1344 1049 1345 1050 1345 1051 1345 1049 1346 1051 1346 1044 1346 1049 1347 1043 1347 1034 1347 1052 1348 1048 1348 1053 1348 1052 1349 1053 1349 1054 1349 1052 1350 1046 1350 1048 1350 1055 1351 1050 1351 1049 1351 1055 1352 1040 1352 1046 1352 1055 1353 1056 1353 1057 1353 1055 1354 1057 1354 1050 1354 1055 1355 1049 1355 1040 1355 1058 1356 1054 1356 1059 1356 1058 1357 1059 1357 1060 1357 1058 1358 1052 1358 1054 1358 1061 1359 1056 1359 1055 1359 1061 1360 1055 1360 1046 1360 1061 1361 1062 1361 1063 1361 1061 1362 1052 1362 1058 1362 1061 1363 1063 1363 1056 1363 1061 1364 1046 1364 1052 1364 1064 1365 1060 1365 1065 1365 1064 1366 1065 1366 1066 1366 1064 1367 1058 1367 1060 1367 1067 1368 1068 1368 1069 1368 1067 1369 1069 1369 1062 1369 1067 1370 1062 1370 1061 1370 1067 1371 1061 1371 1058 1371 1070 1372 1066 1372 1071 1372 1070 1373 1071 1373 1072 1373 1070 1374 1064 1374 1066 1374 1073 1375 1058 1375 1064 1375 1073 1376 1074 1376 1075 1376 1073 1377 1075 1377 1068 1377 1073 1378 1068 1378 1067 1378 1073 1379 1067 1379 1058 1379 1076 1380 1072 1380 1077 1380 1076 1381 1077 1381 1078 1381 1076 1382 1070 1382 1072 1382 1079 1383 1074 1383 1073 1383 1079 1384 1080 1384 1081 1384 1079 1385 1081 1385 1074 1385 1079 1386 1064 1386 1070 1386 1079 1387 1073 1387 1064 1387 1082 1388 1078 1388 1083 1388 1082 1389 1083 1389 1084 1389 1082 1390 1076 1390 1078 1390 1085 1391 1086 1391 1087 1391 1085 1392 1087 1392 1080 1392 1085 1393 1079 1393 1070 1393 1085 1394 1070 1394 1076 1394 1085 1395 1080 1395 1079 1395 1088 1396 1084 1396 1089 1396 1088 1397 1089 1397 1090 1397 1088 1398 1082 1398 1084 1398 1091 1399 1085 1399 1076 1399 1091 1400 1082 1400 1088 1400 1091 1401 1086 1401 1085 1401 1091 1402 1092 1402 1093 1402 1091 1403 1093 1403 1086 1403 1091 1404 1076 1404 1082 1404 1094 1405 1090 1405 1095 1405 1094 1406 1095 1406 1096 1406 1094 1407 1096 1407 1007 1407 1094 1408 1088 1408 1090 1408 1097 1409 1091 1409 1088 1409 1097 1410 1092 1410 1091 1410 1097 1411 1098 1411 1099 1411 1097 1412 1099 1412 1092 1412 1100 1413 1097 1413 1088 1413 1100 1414 1088 1414 1094 1414 1100 1415 1098 1415 1097 1415 1100 1416 1007 1416 1008 1416 1100 1417 1008 1417 1101 1417 1100 1418 1101 1418 1102 1418 1100 1419 1102 1419 1098 1419 1100 1420 1094 1420 1007 1420 1103 1421 1104 1421 1010 1421 1103 1422 1010 1422 1018 1422 1105 1423 1106 1423 1107 1423 1108 1424 1106 1424 1105 1424 1107 1425 1109 1425 1110 1425 1106 1426 1109 1426 1107 1426 1110 1427 1111 1427 1112 1427 1109 1428 1111 1428 1110 1428 1112 1429 1113 1429 1114 1429 1111 1430 1113 1430 1112 1430 1114 1431 1115 1431 1116 1431 1113 1432 1115 1432 1114 1432 1116 1433 1117 1433 1118 1433 1115 1434 1117 1434 1116 1434 1118 1435 1119 1435 1120 1435 1117 1436 1119 1436 1118 1436 1119 1437 1121 1437 1120 1437 1120 1438 1121 1438 1122 1438 1121 1439 1123 1439 1122 1439 1122 1440 1123 1440 1124 1440 1123 1441 1125 1441 1124 1441 1124 1442 1125 1442 1126 1442 1125 1443 1127 1443 1126 1443 1126 1444 1127 1444 1128 1444 1127 1445 1129 1445 1128 1445 1128 1446 1129 1446 1130 1446 1130 1447 1131 1447 1132 1447 1129 1448 1131 1448 1130 1448 1131 1449 1133 1449 1132 1449 1132 1450 1133 1450 1134 1450 1134 1451 1135 1451 1136 1451 1133 1452 1135 1452 1134 1452 1136 1453 1137 1453 1138 1453 1135 1454 1137 1454 1136 1454 1138 1455 1139 1455 1140 1455 1137 1456 1139 1456 1138 1456 1140 1457 1141 1457 1142 1457 1139 1458 1141 1458 1140 1458 1142 1459 1143 1459 1144 1459 1141 1460 1143 1460 1142 1460 1144 1461 1145 1461 1146 1461 1143 1462 1145 1462 1144 1462 1146 1463 1147 1463 1148 1463 1145 1464 1147 1464 1146 1464 1148 1465 1149 1465 1150 1465 1147 1466 1149 1466 1148 1466 1150 1467 1151 1467 1152 1467 1149 1468 1151 1468 1150 1468 1152 1469 1153 1469 1154 1469 1151 1470 1153 1470 1152 1470 1154 1471 1155 1471 1156 1471 1153 1472 1155 1472 1154 1472 1156 1473 1157 1473 1158 1473 1155 1474 1157 1474 1156 1474 1158 1475 1159 1475 1160 1475 1157 1476 1159 1476 1158 1476 1160 1477 1161 1477 1162 1477 1159 1478 1161 1478 1160 1478 1162 1479 1163 1479 1164 1479 1161 1480 1163 1480 1162 1480 1164 1481 1165 1481 1166 1481 1163 1482 1165 1482 1164 1482 1166 1483 1167 1483 1168 1483 1165 1484 1167 1484 1166 1484 1168 1485 1104 1485 1103 1485 1167 1486 1104 1486 1168 1486 1169 1487 1108 1487 1105 1487 1169 1488 1105 1488 1170 1488 1171 1489 1170 1489 1172 1489 1173 1490 1171 1490 1172 1490 1173 1491 1172 1491 1174 1491 1175 1492 1174 1492 1176 1492 1175 1493 1176 1493 1177 1493 1175 1494 1173 1494 1174 1494 1178 1495 1170 1495 1171 1495 1178 1496 1169 1496 1170 1496 1179 1497 1177 1497 1180 1497 1179 1498 1175 1498 1177 1498 1181 1499 1178 1499 1171 1499 1181 1500 1171 1500 1173 1500 1182 1501 1180 1501 1183 1501 1182 1502 1179 1502 1180 1502 1184 1503 1181 1503 1173 1503 1184 1504 1173 1504 1175 1504 1185 1505 1186 1505 1187 1505 1185 1506 1187 1506 1188 1506 1185 1507 1188 1507 1169 1507 1185 1508 1169 1508 1178 1508 1189 1509 1183 1509 1190 1509 1189 1510 1182 1510 1183 1510 1191 1511 1175 1511 1179 1511 1191 1512 1184 1512 1175 1512 1192 1513 1178 1513 1181 1513 1192 1514 1193 1514 1194 1514 1192 1515 1194 1515 1186 1515 1192 1516 1186 1516 1185 1516 1192 1517 1185 1517 1178 1517 1195 1518 1190 1518 1196 1518 1195 1519 1189 1519 1190 1519 1197 1520 1179 1520 1182 1520 1197 1521 1191 1521 1179 1521 1198 1522 1192 1522 1181 1522 1198 1523 1199 1523 1200 1523 1198 1524 1200 1524 1193 1524 1198 1525 1181 1525 1184 1525 1198 1526 1193 1526 1192 1526 1201 1527 1196 1527 1202 1527 1201 1528 1195 1528 1196 1528 1203 1529 1197 1529 1182 1529 1203 1530 1182 1530 1189 1530 1204 1531 1184 1531 1191 1531 1204 1532 1205 1532 1206 1532 1204 1533 1206 1533 1199 1533 1204 1534 1198 1534 1184 1534 1204 1535 1191 1535 1197 1535 1204 1536 1199 1536 1198 1536 1207 1537 1201 1537 1202 1537 1207 1538 1202 1538 1208 1538 1209 1539 1203 1539 1189 1539 1209 1540 1189 1540 1195 1540 1210 1541 1211 1541 1212 1541 1210 1542 1212 1542 1205 1542 1210 1543 1205 1543 1204 1543 1210 1544 1204 1544 1197 1544 1213 1545 1207 1545 1208 1545 1213 1546 1208 1546 1214 1546 1215 1547 1195 1547 1201 1547 1215 1548 1209 1548 1195 1548 1216 1549 1210 1549 1197 1549 1216 1550 1197 1550 1203 1550 1216 1551 1217 1551 1218 1551 1216 1552 1218 1552 1211 1552 1216 1553 1211 1553 1210 1553 1219 1554 1214 1554 1220 1554 1219 1555 1213 1555 1214 1555 1221 1556 1215 1556 1201 1556 1221 1557 1207 1557 1213 1557 1221 1558 1201 1558 1207 1558 1222 1559 1223 1559 1224 1559 1222 1560 1224 1560 1217 1560 1222 1561 1203 1561 1209 1561 1222 1562 1217 1562 1216 1562 1222 1563 1209 1563 1215 1563 1222 1564 1216 1564 1203 1564 1225 1565 1220 1565 1226 1565 1225 1566 1219 1566 1220 1566 1227 1567 1221 1567 1213 1567 1228 1568 1229 1568 1230 1568 1228 1569 1230 1569 1223 1569 1228 1570 1223 1570 1222 1570 1228 1571 1222 1571 1215 1571 1231 1572 1226 1572 1232 1572 1231 1573 1225 1573 1226 1573 1233 1574 1213 1574 1219 1574 1233 1575 1219 1575 1225 1575 1233 1576 1227 1576 1213 1576 1234 1577 1215 1577 1221 1577 1234 1578 1221 1578 1227 1578 1234 1579 1235 1579 1236 1579 1234 1580 1236 1580 1229 1580 1234 1581 1229 1581 1228 1581 1234 1582 1228 1582 1215 1582 1237 1583 1233 1583 1225 1583 1238 1584 1239 1584 1240 1584 1238 1585 1240 1585 1235 1585 1238 1586 1235 1586 1234 1586 1238 1587 1234 1587 1227 1587 1241 1588 1232 1588 1242 1588 1241 1589 1225 1589 1231 1589 1241 1590 1237 1590 1225 1590 1241 1591 1231 1591 1232 1591 1243 1592 1244 1592 1245 1592 1243 1593 1245 1593 1239 1593 1243 1594 1239 1594 1238 1594 1243 1595 1227 1595 1233 1595 1243 1596 1238 1596 1227 1596 1246 1597 1247 1597 1248 1597 1246 1598 1248 1598 1244 1598 1246 1599 1233 1599 1237 1599 1246 1600 1244 1600 1243 1600 1246 1601 1243 1601 1233 1601 1249 1602 1242 1602 1250 1602 1249 1603 1250 1603 1251 1603 1249 1604 1251 1604 1247 1604 1249 1605 1241 1605 1242 1605 1249 1606 1247 1606 1246 1606 1249 1607 1237 1607 1241 1607 1249 1608 1246 1608 1237 1608 1252 1609 1253 1609 1254 1609 1255 1610 1253 1610 1252 1610 1242 1611 1253 1611 1255 1611 1256 1612 1253 1612 1232 1612 1257 1613 1253 1613 1256 1613 1258 1614 1253 1614 1257 1614 1232 1615 1253 1615 1242 1615 1258 1616 1259 1616 1253 1616 1260 1617 1259 1617 1261 1617 1254 1618 1259 1618 1260 1618 1262 1619 1259 1619 1258 1619 1263 1620 1259 1620 1262 1620 1253 1621 1259 1621 1254 1621 1264 1622 1265 1622 1266 1622 1261 1623 1265 1623 1264 1623 1267 1624 1265 1624 1263 1624 1268 1625 1265 1625 1267 1625 1263 1626 1265 1626 1259 1626 1259 1627 1265 1627 1261 1627 1269 1628 1270 1628 1271 1628 1266 1629 1270 1629 1269 1629 1272 1630 1270 1630 1268 1630 1273 1631 1270 1631 1272 1631 1265 1632 1270 1632 1266 1632 1268 1633 1270 1633 1265 1633 1273 1634 1274 1634 1270 1634 1275 1635 1274 1635 1276 1635 1271 1636 1274 1636 1275 1636 1277 1637 1274 1637 1273 1637 1278 1638 1274 1638 1277 1638 1270 1639 1274 1639 1271 1639 1276 1640 1279 1640 1280 1640 1274 1641 1279 1641 1276 1641 1278 1642 1279 1642 1274 1642 1281 1643 1279 1643 1278 1643 1282 1644 1283 1644 1284 1644 1280 1645 1283 1645 1282 1645 1285 1646 1283 1646 1281 1646 1286 1647 1283 1647 1285 1647 1279 1648 1283 1648 1280 1648 1281 1649 1283 1649 1279 1649 1287 1650 1288 1650 1289 1650 1284 1651 1288 1651 1287 1651 1290 1652 1288 1652 1286 1652 1291 1653 1288 1653 1290 1653 1283 1654 1288 1654 1284 1654 1286 1655 1288 1655 1283 1655 1292 1656 1293 1656 1294 1656 1289 1657 1293 1657 1292 1657 1295 1658 1293 1658 1291 1658 1296 1659 1293 1659 1295 1659 1288 1660 1293 1660 1289 1660 1291 1661 1293 1661 1288 1661 1297 1662 1298 1662 1299 1662 1294 1663 1298 1663 1297 1663 1300 1664 1298 1664 1296 1664 1301 1665 1298 1665 1300 1665 1296 1666 1298 1666 1293 1666 1293 1667 1298 1667 1294 1667 1302 1668 1303 1668 1304 1668 1305 1669 1303 1669 1302 1669 1299 1670 1303 1670 1305 1670 1304 1671 1303 1671 1306 1671 1307 1672 1303 1672 1301 1672 1308 1673 1303 1673 1307 1673 1306 1674 1303 1674 1308 1674 1298 1675 1303 1675 1299 1675 1301 1676 1303 1676 1298 1676 1309 1677 168 1677 1310 1677 1309 1678 1310 1678 112 1678 1309 1679 112 1679 124 1679 1311 1680 165 1680 168 1680 1311 1681 124 1681 165 1681 1311 1682 168 1682 1309 1682 1311 1683 1309 1683 124 1683 1312 1684 1313 1684 1314 1684 1315 1685 1316 1685 1317 1685 1318 1686 1314 1686 1319 1686 1318 1687 1319 1687 1320 1687 1318 1688 1320 1688 1321 1688 1318 1689 1312 1689 1314 1689 1322 1690 1323 1690 1313 1690 1322 1691 1313 1691 1312 1691 1324 1692 1325 1692 1326 1692 1324 1693 1326 1693 1327 1693 1324 1694 1327 1694 1323 1694 1324 1695 1322 1695 1312 1695 1324 1696 1323 1696 1322 1696 1328 1697 1329 1697 1330 1697 1331 1698 1330 1698 1332 1698 1331 1699 1332 1699 1316 1699 1331 1700 1316 1700 1315 1700 1331 1701 1328 1701 1330 1701 1333 1702 1334 1702 1325 1702 1333 1703 1324 1703 1312 1703 1333 1704 1325 1704 1324 1704 1333 1705 1312 1705 1315 1705 1335 1706 1317 1706 1336 1706 1335 1707 1336 1707 1337 1707 1335 1708 1337 1708 1338 1708 1335 1709 1338 1709 1334 1709 1335 1710 1334 1710 1333 1710 1335 1711 1315 1711 1317 1711 1335 1712 1333 1712 1315 1712 1339 1713 1340 1713 1341 1713 1339 1714 1321 1714 1340 1714 1339 1715 1318 1715 1321 1715 1342 1716 1341 1716 1343 1716 1342 1717 1343 1717 1344 1717 1342 1718 1344 1718 1345 1718 1342 1719 1345 1719 1329 1719 1342 1720 1329 1720 1328 1720 1342 1721 1328 1721 1339 1721 1342 1722 1339 1722 1341 1722 1346 1723 1312 1723 1318 1723 1346 1724 1315 1724 1312 1724 1346 1725 1318 1725 1339 1725 1347 1726 1328 1726 1331 1726 1347 1727 1331 1727 1315 1727 1347 1728 1339 1728 1328 1728 1347 1729 1315 1729 1346 1729 1347 1730 1346 1730 1339 1730 1348 1731 1334 1731 1349 1731 1348 1732 1349 1732 1304 1732 1350 1733 1325 1733 1334 1733 1350 1734 1304 1734 1306 1734 1350 1735 1306 1735 1325 1735 1350 1736 1334 1736 1348 1736 1350 1737 1348 1737 1304 1737 1351 1738 1352 1738 1353 1738 1354 1739 1351 1739 1353 1739 1355 1740 1356 1740 1357 1740 1355 1741 1357 1741 1358 1741 1359 1742 1355 1742 1358 1742 1359 1743 1358 1743 1360 1743 1361 1744 1360 1744 1362 1744 1361 1745 1359 1745 1360 1745 1363 1746 1356 1746 1355 1746 1363 1747 1364 1747 1356 1747 1365 1748 1361 1748 1362 1748 1365 1749 1362 1749 1366 1749 1367 1750 1355 1750 1359 1750 1367 1751 1363 1751 1355 1751 1368 1752 1366 1752 1369 1752 1368 1753 1365 1753 1366 1753 1370 1754 1367 1754 1359 1754 1370 1755 1359 1755 1361 1755 1371 1756 1372 1756 1373 1756 1371 1757 1373 1757 1374 1757 1371 1758 1374 1758 1364 1758 1371 1759 1364 1759 1363 1759 1375 1760 1369 1760 1376 1760 1375 1761 1368 1761 1369 1761 1377 1762 1370 1762 1361 1762 1377 1763 1361 1763 1365 1763 1378 1764 1379 1764 1380 1764 1378 1765 1380 1765 1372 1765 1378 1766 1371 1766 1363 1766 1378 1767 1372 1767 1371 1767 1378 1768 1363 1768 1367 1768 1381 1769 1376 1769 1382 1769 1381 1770 1375 1770 1376 1770 1383 1771 1377 1771 1365 1771 1383 1772 1365 1772 1368 1772 1384 1773 1385 1773 1386 1773 1384 1774 1386 1774 1379 1774 1384 1775 1379 1775 1378 1775 1384 1776 1378 1776 1367 1776 1384 1777 1367 1777 1370 1777 1387 1778 1381 1778 1382 1778 1387 1779 1382 1779 1388 1779 1389 1780 1383 1780 1368 1780 1389 1781 1368 1781 1375 1781 1390 1782 1385 1782 1384 1782 1390 1783 1391 1783 1392 1783 1390 1784 1392 1784 1385 1784 1390 1785 1370 1785 1377 1785 1390 1786 1384 1786 1370 1786 1393 1787 1387 1787 1388 1787 1393 1788 1388 1788 1394 1788 1395 1789 1375 1789 1381 1789 1395 1790 1389 1790 1375 1790 1396 1791 1397 1791 1398 1791 1396 1792 1398 1792 1391 1792 1396 1793 1377 1793 1383 1793 1396 1794 1390 1794 1377 1794 1396 1795 1391 1795 1390 1795 1399 1796 1393 1796 1394 1796 1399 1797 1394 1797 1400 1797 1401 1798 1395 1798 1381 1798 1401 1799 1381 1799 1387 1799 1402 1800 1403 1800 1404 1800 1402 1801 1404 1801 1397 1801 1402 1802 1383 1802 1389 1802 1402 1803 1396 1803 1383 1803 1402 1804 1397 1804 1396 1804 1405 1805 1400 1805 1406 1805 1405 1806 1399 1806 1400 1806 1407 1807 1393 1807 1399 1807 1407 1808 1387 1808 1393 1808 1407 1809 1401 1809 1387 1809 1408 1810 1409 1810 1410 1810 1408 1811 1410 1811 1403 1811 1408 1812 1395 1812 1401 1812 1408 1813 1403 1813 1402 1813 1408 1814 1402 1814 1389 1814 1408 1815 1389 1815 1395 1815 1411 1816 1405 1816 1406 1816 1411 1817 1406 1817 1412 1817 1413 1818 1407 1818 1399 1818 1414 1819 1415 1819 1416 1819 1414 1820 1416 1820 1409 1820 1414 1821 1408 1821 1401 1821 1414 1822 1409 1822 1408 1822 1417 1823 1412 1823 1418 1823 1417 1824 1411 1824 1412 1824 1419 1825 1399 1825 1405 1825 1419 1826 1413 1826 1399 1826 1420 1827 1421 1827 1422 1827 1420 1828 1422 1828 1415 1828 1420 1829 1415 1829 1414 1829 1420 1830 1401 1830 1407 1830 1420 1831 1414 1831 1401 1831 1423 1832 1418 1832 1424 1832 1423 1833 1417 1833 1418 1833 1425 1834 1419 1834 1405 1834 1425 1835 1405 1835 1411 1835 1426 1836 1427 1836 1428 1836 1426 1837 1428 1837 1421 1837 1426 1838 1407 1838 1413 1838 1426 1839 1420 1839 1407 1839 1426 1840 1421 1840 1420 1840 1429 1841 1424 1841 1353 1841 1429 1842 1423 1842 1424 1842 1430 1843 1411 1843 1417 1843 1430 1844 1425 1844 1411 1844 1431 1845 1426 1845 1413 1845 1431 1846 1432 1846 1433 1846 1431 1847 1433 1847 1427 1847 1431 1848 1413 1848 1419 1848 1431 1849 1427 1849 1426 1849 1434 1850 1430 1850 1417 1850 1434 1851 1417 1851 1423 1851 1435 1852 1425 1852 1430 1852 1435 1853 1436 1853 1437 1853 1435 1854 1437 1854 1432 1854 1435 1855 1431 1855 1419 1855 1435 1856 1419 1856 1425 1856 1435 1857 1432 1857 1431 1857 1438 1858 1353 1858 1352 1858 1438 1859 1423 1859 1429 1859 1438 1860 1429 1860 1353 1860 1438 1861 1434 1861 1423 1861 1439 1862 1440 1862 1441 1862 1439 1863 1441 1863 1436 1863 1439 1864 1435 1864 1430 1864 1439 1865 1436 1865 1435 1865 1442 1866 1439 1866 1430 1866 1442 1867 1443 1867 1444 1867 1442 1868 1444 1868 1440 1868 1442 1869 1430 1869 1434 1869 1442 1870 1440 1870 1439 1870 1442 1871 1434 1871 1438 1871 1445 1872 1352 1872 1446 1872 1445 1873 1446 1873 1447 1873 1445 1874 1447 1874 1443 1874 1445 1875 1443 1875 1442 1875 1445 1876 1442 1876 1438 1876 1445 1877 1438 1877 1352 1877 1448 1878 1356 1878 1364 1878 1448 1879 1364 1879 1449 1879 1450 1880 1451 1880 1452 1880 1450 1881 1452 1881 1453 1881 1450 1882 1453 1882 1454 1882 1455 1883 1456 1883 1451 1883 1455 1884 1451 1884 1450 1884 1351 1885 1354 1885 1456 1885 1351 1886 1456 1886 1455 1886 1457 1887 1453 1887 1458 1887 1457 1888 1458 1888 1459 1888 1457 1889 1459 1889 1460 1889 1457 1890 1460 1890 1461 1890 1457 1891 1461 1891 1462 1891 1457 1892 1462 1892 1463 1892 1457 1893 1463 1893 1464 1893 1457 1894 1464 1894 1465 1894 1457 1895 1465 1895 1466 1895 1467 1896 1468 1896 1469 1896 1467 1897 1469 1897 1470 1897 1467 1898 1470 1898 1471 1898 1467 1899 1471 1899 1454 1899 1467 1900 1453 1900 1457 1900 1467 1901 1454 1901 1453 1901 1472 1902 1466 1902 1473 1902 1472 1903 1473 1903 1474 1903 1472 1904 1474 1904 1475 1904 1472 1905 1467 1905 1457 1905 1472 1906 1457 1906 1466 1906 1476 1907 1477 1907 1478 1907 1476 1908 1478 1908 1479 1908 1476 1909 1479 1909 1468 1909 1476 1910 1467 1910 1472 1910 1476 1911 1468 1911 1467 1911 1480 1912 1475 1912 1341 1912 1480 1913 1341 1913 1340 1913 1480 1914 1340 1914 1481 1914 1480 1915 1481 1915 1477 1915 1480 1916 1476 1916 1472 1916 1480 1917 1477 1917 1476 1917 1480 1918 1472 1918 1475 1918 964 1919 963 1919 958 1919 946 1920 952 1920 951 1920 946 1921 957 1921 952 1921 946 1922 958 1922 957 1922 946 1923 964 1923 958 1923 970 1924 969 1924 964 1924 940 1925 946 1925 945 1925 939 1926 946 1926 940 1926 976 1927 975 1927 970 1927 933 1928 946 1928 939 1928 933 1929 939 1929 934 1929 987 1930 981 1930 976 1930 987 1931 982 1931 981 1931 927 1932 946 1932 933 1932 927 1933 933 1933 928 1933 988 1934 976 1934 970 1934 988 1935 987 1935 976 1935 919 1936 927 1936 920 1936 994 1937 993 1937 988 1937 1000 1938 988 1938 970 1938 1000 1939 994 1939 988 1939 1000 1940 999 1940 994 1940 1000 1941 964 1941 946 1941 1000 1942 970 1942 964 1942 915 1943 917 1943 916 1943 914 1944 946 1944 927 1944 914 1945 927 1945 919 1945 914 1946 1000 1946 946 1946 914 1947 917 1947 915 1947 914 1948 919 1948 917 1948 912 1949 1000 1949 914 1949 822 1950 820 1950 819 1950 822 1951 821 1951 820 1951 825 1952 824 1952 822 1952 837 1953 831 1953 825 1953 837 1954 832 1954 831 1954 837 1955 825 1955 822 1955 838 1956 837 1956 822 1956 843 1957 838 1957 822 1957 1482 1958 912 1958 914 1958 1483 1959 912 1959 1482 1959 1484 1960 1482 1960 914 1960 1485 1961 912 1961 1483 1961 1486 1962 1484 1962 914 1962 1487 1963 912 1963 1485 1963 1488 1964 1486 1964 914 1964 1489 1965 912 1965 1487 1965 1490 1966 1488 1966 914 1966 1491 1967 912 1967 1489 1967 1492 1968 1490 1968 914 1968 1493 1969 912 1969 1491 1969 1494 1970 1492 1970 914 1970 1495 1971 912 1971 1493 1971 1496 1972 1494 1972 914 1972 1497 1973 912 1973 1495 1973 1498 1974 1496 1974 914 1974 1499 1975 912 1975 1497 1975 1500 1976 1498 1976 914 1976 1501 1977 912 1977 1499 1977 1502 1978 1500 1978 914 1978 1095 1979 1007 1979 1096 1979 1503 1980 912 1980 1501 1980 1504 1981 1502 1981 914 1981 850 1982 844 1982 843 1982 850 1983 849 1983 844 1983 1505 1984 912 1984 1503 1984 1506 1985 1504 1985 914 1985 1090 1986 1007 1986 1095 1986 1507 1987 912 1987 1505 1987 1508 1988 1506 1988 914 1988 1509 1989 819 1989 912 1989 1509 1990 912 1990 1507 1990 1510 1991 1508 1991 914 1991 1511 1992 819 1992 1509 1992 1512 1993 1510 1993 914 1993 856 1994 850 1994 843 1994 856 1995 855 1995 850 1995 1513 1996 819 1996 1511 1996 1084 1997 1007 1997 1090 1997 1084 1998 1090 1998 1089 1998 1514 1999 1512 1999 914 1999 1514 2000 914 2000 1007 2000 1515 2001 819 2001 1513 2001 1516 2002 1514 2002 1007 2002 861 2003 843 2003 822 2003 861 2004 856 2004 843 2004 1517 2005 819 2005 1515 2005 1518 2006 1516 2006 1007 2006 1519 2007 819 2007 1517 2007 1078 2008 1007 2008 1084 2008 1078 2009 1084 2009 1083 2009 862 2010 861 2010 822 2010 1520 2011 1518 2011 1007 2011 1521 2012 819 2012 1519 2012 1522 2013 1520 2013 1007 2013 1523 2014 819 2014 1521 2014 867 2015 862 2015 822 2015 1524 2016 1522 2016 1007 2016 1525 2017 819 2017 1523 2017 1072 2018 1007 2018 1078 2018 1072 2019 1078 2019 1077 2019 1526 2020 1524 2020 1007 2020 1527 2021 819 2021 1525 2021 1528 2022 1526 2022 1007 2022 1529 2023 819 2023 1527 2023 1530 2024 1528 2024 1007 2024 1531 2025 819 2025 1529 2025 874 2026 868 2026 867 2026 874 2027 873 2027 868 2027 874 2028 867 2028 822 2028 1532 2029 1530 2029 1007 2029 1533 2030 819 2030 1531 2030 1065 2031 1071 2031 1066 2031 1534 2032 1532 2032 1007 2032 879 2033 874 2033 822 2033 1535 2034 819 2034 1533 2034 1536 2035 1534 2035 1007 2035 1537 2036 1536 2036 1007 2036 885 2037 880 2037 879 2037 885 2038 879 2038 822 2038 1538 2039 1537 2039 1007 2039 1054 2040 1071 2040 1065 2040 1054 2041 1060 2041 1059 2041 1054 2042 1065 2042 1060 2042 1539 2043 1538 2043 1007 2043 1540 2044 1539 2044 1007 2044 891 2045 886 2045 885 2045 1053 2046 1071 2046 1054 2046 1053 2047 1072 2047 1071 2047 898 2048 892 2048 891 2048 898 2049 897 2049 892 2049 898 2050 891 2050 885 2050 1041 2051 1047 2051 1042 2051 1041 2052 1048 2052 1047 2052 741 2053 903 2053 898 2053 741 2054 904 2054 903 2054 741 2055 898 2055 885 2055 741 2056 885 2056 822 2056 741 2057 822 2057 819 2057 1036 2058 1072 2058 1053 2058 1036 2059 1048 2059 1041 2059 1036 2060 1053 2060 1048 2060 1035 2061 1072 2061 1036 2061 1035 2062 1007 2062 1072 2062 1030 2063 1007 2063 1035 2063 739 2064 741 2064 819 2064 1029 2065 1007 2065 1030 2065 747 2066 819 2066 1535 2066 747 2067 739 2067 819 2067 747 2068 1535 2068 1541 2068 1016 2069 1024 2069 1023 2069 1016 2070 1029 2070 1024 2070 1012 2071 1029 2071 1016 2071 1012 2072 1015 2072 1013 2072 1012 2073 1016 2073 1015 2073 748 2074 747 2074 1541 2074 748 2075 1541 2075 1542 2075 748 2076 1542 2076 1543 2076 1011 2077 1029 2077 1012 2077 1010 2078 1007 2078 1029 2078 1010 2079 1544 2079 1545 2079 1010 2080 1545 2080 1546 2080 1010 2081 1546 2081 1547 2081 1010 2082 1547 2082 1548 2082 1010 2083 1548 2083 1549 2083 1010 2084 1549 2084 1550 2084 1010 2085 1550 2085 1551 2085 1010 2086 1551 2086 1552 2086 1010 2087 1552 2087 1540 2087 1010 2088 1540 2088 1007 2088 1010 2089 1029 2089 1011 2089 752 2090 748 2090 1543 2090 752 2091 1543 2091 1553 2091 752 2092 1553 2092 1554 2092 753 2093 1554 2093 1555 2093 753 2094 1555 2094 1556 2094 753 2095 1556 2095 1557 2095 753 2096 752 2096 1554 2096 757 2097 753 2097 1557 2097 757 2098 1557 2098 1558 2098 757 2099 1558 2099 1559 2099 758 2100 757 2100 1559 2100 758 2101 1559 2101 1560 2101 758 2102 1560 2102 1561 2102 762 2103 758 2103 1561 2103 762 2104 1561 2104 1562 2104 762 2105 1562 2105 1563 2105 762 2106 1563 2106 1564 2106 763 2107 762 2107 1564 2107 763 2108 1564 2108 1565 2108 763 2109 1565 2109 1566 2109 767 2110 763 2110 1566 2110 767 2111 1566 2111 1567 2111 767 2112 1567 2112 1568 2112 768 2113 1568 2113 1569 2113 768 2114 1569 2114 1570 2114 768 2115 1570 2115 1571 2115 768 2116 767 2116 1568 2116 772 2117 768 2117 1571 2117 772 2118 1571 2118 1572 2118 772 2119 1572 2119 1573 2119 773 2120 772 2120 1573 2120 773 2121 1573 2121 1574 2121 773 2122 1574 2122 1575 2122 777 2123 773 2123 1575 2123 777 2124 1575 2124 1576 2124 777 2125 1576 2125 1577 2125 778 2126 777 2126 1577 2126 778 2127 1577 2127 1578 2127 778 2128 1578 2128 1579 2128 782 2129 778 2129 1579 2129 782 2130 1579 2130 1580 2130 782 2131 1580 2131 1581 2131 1104 2132 1582 2132 1583 2132 1104 2133 1583 2133 1584 2133 1104 2134 1584 2134 1585 2134 1104 2135 1585 2135 1586 2135 1104 2136 1586 2136 1587 2136 1104 2137 1587 2137 1588 2137 1104 2138 1588 2138 1589 2138 1104 2139 1589 2139 1590 2139 1104 2140 1590 2140 1591 2140 1104 2141 1591 2141 1592 2141 1104 2142 1592 2142 1593 2142 1104 2143 1593 2143 1594 2143 1104 2144 1594 2144 1595 2144 1104 2145 1595 2145 1596 2145 1104 2146 1596 2146 1544 2146 1104 2147 1544 2147 1010 2147 1167 2148 1597 2148 1598 2148 1167 2149 1598 2149 1599 2149 1167 2150 1599 2150 1582 2150 1167 2151 1582 2151 1104 2151 1165 2152 1600 2152 1601 2152 1165 2153 1601 2153 1602 2153 1165 2154 1602 2154 1597 2154 1165 2155 1597 2155 1167 2155 1163 2156 1603 2156 1600 2156 1163 2157 1600 2157 1165 2157 1163 2158 1604 2158 1603 2158 1161 2159 1604 2159 1163 2159 1161 2160 1605 2160 1606 2160 1161 2161 1606 2161 1607 2161 1161 2162 1607 2162 1604 2162 1159 2163 782 2163 1581 2163 1159 2164 1605 2164 1161 2164 1159 2165 783 2165 782 2165 1159 2166 1581 2166 1605 2166 1157 2167 783 2167 1159 2167 1157 2168 787 2168 783 2168 1157 2169 788 2169 787 2169 1155 2170 792 2170 788 2170 1155 2171 788 2171 1157 2171 1153 2172 792 2172 1155 2172 1153 2173 793 2173 792 2173 1151 2174 793 2174 1153 2174 1151 2175 797 2175 793 2175 1151 2176 798 2176 797 2176 1149 2177 802 2177 798 2177 1149 2178 798 2178 1151 2178 1147 2179 803 2179 802 2179 1147 2180 802 2180 1149 2180 1145 2181 803 2181 1147 2181 1145 2182 807 2182 803 2182 1145 2183 808 2183 807 2183 1143 2184 808 2184 1145 2184 1143 2185 812 2185 808 2185 1141 2186 813 2186 812 2186 1141 2187 812 2187 1143 2187 1139 2188 813 2188 1141 2188 1139 2189 816 2189 813 2189 1139 2190 743 2190 816 2190 1137 2191 743 2191 1139 2191 1137 2192 737 2192 743 2192 1135 2193 737 2193 1137 2193 1133 2194 737 2194 1135 2194 1131 2195 737 2195 1133 2195 1129 2196 737 2196 1131 2196 1127 2197 737 2197 1129 2197 1125 2198 737 2198 1127 2198 1123 2199 737 2199 1125 2199 596 2200 602 2200 601 2200 614 2201 607 2201 602 2201 614 2202 608 2202 607 2202 614 2203 613 2203 608 2203 614 2204 602 2204 596 2204 620 2205 619 2205 614 2205 620 2206 614 2206 596 2206 625 2207 596 2207 595 2207 625 2208 620 2208 596 2208 578 2209 584 2209 583 2209 632 2210 631 2210 626 2210 637 2211 632 2211 626 2211 577 2212 589 2212 584 2212 577 2213 590 2213 589 2213 577 2214 595 2214 590 2214 577 2215 584 2215 578 2215 571 2216 626 2216 625 2216 571 2217 625 2217 595 2217 571 2218 595 2218 577 2218 568 2219 571 2219 570 2219 568 2220 626 2220 571 2220 568 2221 637 2221 626 2221 649 2222 644 2222 643 2222 567 2223 637 2223 568 2223 567 2224 638 2224 637 2224 660 2225 737 2225 1123 2225 562 2226 649 2226 643 2226 562 2227 643 2227 638 2227 562 2228 650 2228 649 2228 565 2229 567 2229 566 2229 565 2230 562 2230 638 2230 565 2231 638 2231 567 2231 662 2232 562 2232 565 2232 735 2233 562 2233 662 2233 1608 2234 731 2234 727 2234 1609 2235 731 2235 1608 2235 1610 2236 1608 2236 727 2236 1611 2237 732 2237 731 2237 1611 2238 731 2238 1609 2238 1612 2239 1610 2239 727 2239 1613 2240 732 2240 1611 2240 1614 2241 727 2241 726 2241 1614 2242 1612 2242 727 2242 1615 2243 735 2243 732 2243 1615 2244 732 2244 1613 2244 1616 2245 1614 2245 726 2245 1617 2246 735 2246 1615 2246 1617 2247 562 2247 735 2247 1618 2248 1616 2248 726 2248 1618 2249 726 2249 722 2249 1619 2250 562 2250 1617 2250 1620 2251 1618 2251 722 2251 1621 2252 562 2252 1619 2252 1622 2253 722 2253 721 2253 1622 2254 1620 2254 722 2254 1623 2255 562 2255 1621 2255 1624 2256 1622 2256 721 2256 1625 2257 562 2257 1623 2257 1626 2258 1624 2258 721 2258 1627 2259 562 2259 1625 2259 1628 2260 721 2260 717 2260 1628 2261 1626 2261 721 2261 471 2262 470 2262 469 2262 1629 2263 562 2263 1627 2263 1630 2264 1628 2264 717 2264 1631 2265 562 2265 1629 2265 1632 2266 717 2266 716 2266 1632 2267 1630 2267 717 2267 472 2268 471 2268 469 2268 1633 2269 562 2269 1631 2269 1634 2270 1632 2270 716 2270 1635 2271 562 2271 1633 2271 1636 2272 716 2272 712 2272 1636 2273 1634 2273 716 2273 474 2274 472 2274 469 2274 1637 2275 562 2275 1635 2275 1638 2276 1636 2276 712 2276 1639 2277 562 2277 1637 2277 475 2278 474 2278 469 2278 1640 2279 1638 2279 712 2279 1641 2280 562 2280 1639 2280 1642 2281 712 2281 711 2281 1642 2282 1640 2282 712 2282 1643 2283 562 2283 1641 2283 1643 2284 469 2284 562 2284 1644 2285 1642 2285 711 2285 1645 2286 469 2286 1643 2286 482 2287 481 2287 475 2287 1646 2288 711 2288 707 2288 1646 2289 1644 2289 711 2289 1647 2290 469 2290 1645 2290 1648 2291 1646 2291 707 2291 487 2292 475 2292 469 2292 487 2293 482 2293 475 2293 1649 2294 469 2294 1647 2294 1650 2295 707 2295 706 2295 1650 2296 1648 2296 707 2296 1651 2297 469 2297 1649 2297 488 2298 487 2298 469 2298 1652 2299 1650 2299 706 2299 1653 2300 469 2300 1651 2300 1654 2301 706 2301 702 2301 1654 2302 1652 2302 706 2302 1655 2303 469 2303 1653 2303 1656 2304 1654 2304 702 2304 494 2305 493 2305 488 2305 494 2306 488 2306 469 2306 1657 2307 469 2307 1655 2307 1658 2308 702 2308 701 2308 1658 2309 1656 2309 702 2309 1659 2310 469 2310 1657 2310 1660 2311 1658 2311 701 2311 1661 2312 469 2312 1659 2312 1662 2313 1660 2313 701 2313 500 2314 499 2314 494 2314 1663 2315 469 2315 1661 2315 1664 2316 469 2316 1663 2316 505 2317 494 2317 469 2317 505 2318 500 2318 494 2318 1665 2319 469 2319 1664 2319 506 2320 505 2320 469 2320 1666 2321 469 2321 1665 2321 511 2322 506 2322 469 2322 1667 2323 469 2323 1666 2323 517 2324 511 2324 469 2324 517 2325 512 2325 511 2325 524 2326 518 2326 517 2326 524 2327 523 2327 518 2327 529 2328 517 2328 469 2328 529 2329 524 2329 517 2329 535 2330 530 2330 529 2330 536 2331 535 2331 529 2331 337 2332 658 2332 660 2332 335 2333 666 2333 658 2333 335 2334 667 2334 666 2334 335 2335 658 2335 337 2335 339 2336 337 2336 660 2336 341 2337 339 2337 660 2337 333 2338 667 2338 335 2338 333 2339 671 2339 667 2339 542 2340 541 2340 536 2340 343 2341 341 2341 660 2341 331 2342 672 2342 671 2342 331 2343 671 2343 333 2343 547 2344 536 2344 529 2344 547 2345 542 2345 536 2345 345 2346 343 2346 660 2346 329 2347 672 2347 331 2347 329 2348 676 2348 672 2348 329 2349 677 2349 676 2349 347 2350 345 2350 660 2350 327 2351 681 2351 677 2351 327 2352 677 2352 329 2352 554 2353 547 2353 529 2353 554 2354 529 2354 469 2354 554 2355 548 2355 547 2355 554 2356 553 2356 548 2356 349 2357 347 2357 660 2357 325 2358 681 2358 327 2358 325 2359 682 2359 681 2359 466 2360 554 2360 469 2360 466 2361 1667 2361 1668 2361 466 2362 1668 2362 1669 2362 466 2363 469 2363 1667 2363 466 2364 1669 2364 1670 2364 466 2365 1670 2365 1671 2365 466 2366 1671 2366 1672 2366 466 2367 1672 2367 1673 2367 466 2368 1673 2368 1674 2368 466 2369 1674 2369 1675 2369 466 2370 1675 2370 1676 2370 466 2371 1676 2371 1677 2371 466 2372 1677 2372 1678 2372 466 2373 1678 2373 1679 2373 466 2374 1679 2374 1680 2374 466 2375 1680 2375 1681 2375 466 2376 1681 2376 1682 2376 466 2377 1682 2377 1683 2377 351 2378 660 2378 1123 2378 351 2379 349 2379 660 2379 323 2380 682 2380 325 2380 323 2381 686 2381 682 2381 323 2382 687 2382 686 2382 353 2383 1123 2383 1121 2383 353 2384 351 2384 1123 2384 321 2385 691 2385 687 2385 321 2386 687 2386 323 2386 355 2387 1121 2387 1119 2387 355 2388 353 2388 1121 2388 319 2389 692 2389 691 2389 319 2390 691 2390 321 2390 357 2391 1119 2391 1117 2391 357 2392 355 2392 1119 2392 317 2393 696 2393 692 2393 317 2394 697 2394 696 2394 317 2395 692 2395 319 2395 359 2396 357 2396 1117 2396 359 2397 1115 2397 1113 2397 359 2398 1117 2398 1115 2398 315 2399 1684 2399 1662 2399 315 2400 701 2400 697 2400 315 2401 1662 2401 701 2401 315 2402 697 2402 317 2402 361 2403 359 2403 1113 2403 313 2404 1685 2404 1686 2404 313 2405 1686 2405 1687 2405 313 2406 1687 2406 1684 2406 313 2407 1684 2407 315 2407 363 2408 361 2408 1113 2408 363 2409 1113 2409 1111 2409 311 2410 1688 2410 1689 2410 311 2411 1689 2411 1685 2411 311 2412 1685 2412 313 2412 365 2413 363 2413 1111 2413 365 2414 1111 2414 1109 2414 309 2415 1690 2415 1691 2415 309 2416 1691 2416 1692 2416 309 2417 1692 2417 1688 2417 309 2418 1688 2418 311 2418 367 2419 365 2419 1109 2419 367 2420 1106 2420 1108 2420 367 2421 1109 2421 1106 2421 306 2422 1693 2422 1690 2422 306 2423 1690 2423 309 2423 306 2424 1694 2424 1695 2424 306 2425 1695 2425 1693 2425 304 2426 367 2426 1108 2426 308 2427 1694 2427 306 2427 308 2428 1696 2428 1697 2428 308 2429 1697 2429 1698 2429 308 2430 1698 2430 1699 2430 308 2431 1699 2431 1700 2431 308 2432 1700 2432 1701 2432 308 2433 1701 2433 1702 2433 308 2434 1702 2434 1703 2434 308 2435 1703 2435 1704 2435 308 2436 1704 2436 1705 2436 308 2437 1705 2437 1706 2437 308 2438 1706 2438 1707 2438 308 2439 1707 2439 1708 2439 308 2440 1708 2440 1709 2440 308 2441 1709 2441 1710 2441 308 2442 1710 2442 1694 2442 293 2443 1108 2443 1169 2443 293 2444 304 2444 1108 2444 370 2445 1696 2445 308 2445 370 2446 1711 2446 1712 2446 370 2447 1712 2447 1713 2447 370 2448 1713 2448 1714 2448 370 2449 1714 2449 1715 2449 370 2450 1715 2450 1716 2450 370 2451 1716 2451 1717 2451 370 2452 1717 2452 1718 2452 370 2453 1718 2453 1719 2453 370 2454 1719 2454 1696 2454 373 2455 1683 2455 1720 2455 373 2456 1720 2456 1721 2456 373 2457 1721 2457 1722 2457 373 2458 1722 2458 1723 2458 373 2459 1723 2459 1724 2459 373 2460 1724 2460 1725 2460 373 2461 1725 2461 1726 2461 373 2462 1726 2462 1727 2462 373 2463 1727 2463 1728 2463 373 2464 1728 2464 1729 2464 373 2465 1729 2465 1730 2465 373 2466 1730 2466 1731 2466 373 2467 1731 2467 1732 2467 373 2468 1732 2468 1733 2468 373 2469 1733 2469 1711 2469 373 2470 466 2470 1683 2470 373 2471 1711 2471 370 2471 457 2472 370 2472 458 2472 376 2473 375 2473 374 2473 378 2474 376 2474 374 2474 445 2475 451 2475 446 2475 440 2476 452 2476 451 2476 440 2477 457 2477 452 2477 440 2478 370 2478 457 2478 440 2479 451 2479 445 2479 392 2480 379 2480 378 2480 392 2481 385 2481 379 2481 392 2482 386 2482 385 2482 392 2483 391 2483 386 2483 397 2484 378 2484 374 2484 397 2485 392 2485 378 2485 433 2486 439 2486 434 2486 428 2487 439 2487 433 2487 428 2488 440 2488 439 2488 398 2489 397 2489 374 2489 398 2490 374 2490 373 2490 422 2491 440 2491 428 2491 422 2492 428 2492 427 2492 422 2493 370 2493 440 2493 409 2494 404 2494 403 2494 410 2495 409 2495 403 2495 410 2496 403 2496 398 2496 416 2497 422 2497 421 2497 415 2498 398 2498 373 2498 415 2499 370 2499 422 2499 415 2500 410 2500 398 2500 415 2501 422 2501 416 2501 415 2502 373 2502 370 2502 1242 2503 220 2503 238 2503 1250 2504 238 2504 237 2504 1250 2505 1242 2505 238 2505 1251 2506 237 2506 236 2506 1251 2507 1250 2507 237 2507 1247 2508 236 2508 244 2508 1247 2509 1251 2509 236 2509 1248 2510 244 2510 243 2510 1248 2511 1247 2511 244 2511 1244 2512 243 2512 250 2512 1244 2513 1248 2513 243 2513 1245 2514 250 2514 249 2514 1245 2515 1244 2515 250 2515 1239 2516 249 2516 256 2516 1239 2517 1245 2517 249 2517 1240 2518 256 2518 255 2518 1240 2519 1239 2519 256 2519 1235 2520 255 2520 263 2520 1235 2521 1240 2521 255 2521 1236 2522 263 2522 262 2522 1236 2523 1235 2523 263 2523 1229 2524 1236 2524 262 2524 1229 2525 262 2525 269 2525 1230 2526 1229 2526 269 2526 1230 2527 269 2527 268 2527 1223 2528 268 2528 274 2528 1223 2529 1230 2529 268 2529 1224 2530 1223 2530 274 2530 1224 2531 274 2531 273 2531 1217 2532 273 2532 280 2532 1217 2533 1224 2533 273 2533 1218 2534 280 2534 279 2534 1218 2535 1217 2535 280 2535 1211 2536 279 2536 287 2536 1211 2537 1218 2537 279 2537 1212 2538 287 2538 286 2538 1212 2539 1211 2539 287 2539 1205 2540 286 2540 291 2540 1205 2541 1212 2541 286 2541 1206 2542 291 2542 290 2542 1206 2543 1205 2543 291 2543 1199 2544 290 2544 296 2544 1199 2545 1206 2545 290 2545 1200 2546 296 2546 295 2546 1200 2547 1199 2547 296 2547 1193 2548 295 2548 299 2548 1193 2549 1200 2549 295 2549 1194 2550 299 2550 298 2550 1194 2551 1193 2551 299 2551 1186 2552 298 2552 302 2552 1186 2553 1194 2553 298 2553 1187 2554 302 2554 301 2554 1187 2555 1186 2555 302 2555 1188 2556 301 2556 293 2556 1188 2557 1187 2557 301 2557 1169 2558 1188 2558 293 2558 1242 2559 1255 2559 220 2559 220 2560 1255 2560 219 2560 219 2561 1252 2561 221 2561 1255 2562 1252 2562 219 2562 221 2563 1254 2563 214 2563 1252 2564 1254 2564 221 2564 214 2565 1260 2565 213 2565 1254 2566 1260 2566 214 2566 213 2567 1261 2567 209 2567 1260 2568 1261 2568 213 2568 1261 2569 1264 2569 209 2569 209 2570 1264 2570 208 2570 1264 2571 1266 2571 208 2571 208 2572 1266 2572 204 2572 1266 2573 1269 2573 204 2573 204 2574 1269 2574 203 2574 1269 2575 1271 2575 203 2575 203 2576 1271 2576 199 2576 1271 2577 1275 2577 199 2577 199 2578 1275 2578 198 2578 1275 2579 1276 2579 198 2579 198 2580 1276 2580 194 2580 1276 2581 1280 2581 194 2581 194 2582 1280 2582 191 2582 1280 2583 1282 2583 191 2583 191 2584 1282 2584 190 2584 1282 2585 1284 2585 190 2585 190 2586 1284 2586 186 2586 1284 2587 1287 2587 186 2587 186 2588 1287 2588 185 2588 1287 2589 1289 2589 185 2589 185 2590 1289 2590 181 2590 1289 2591 1292 2591 181 2591 181 2592 1292 2592 180 2592 1292 2593 1294 2593 180 2593 180 2594 1294 2594 176 2594 1294 2595 1297 2595 176 2595 176 2596 1297 2596 175 2596 1297 2597 1299 2597 175 2597 175 2598 1299 2598 170 2598 170 2599 1305 2599 169 2599 1299 2600 1305 2600 170 2600 169 2601 1302 2601 171 2601 1305 2602 1302 2602 169 2602 171 2603 1304 2603 168 2603 1302 2604 1304 2604 171 2604 168 2605 1349 2605 1310 2605 1310 2606 1349 2606 112 2606 1304 2607 1349 2607 168 2607 112 2608 1334 2608 113 2608 1349 2609 1334 2609 112 2609 113 2610 1338 2610 114 2610 1334 2611 1338 2611 113 2611 114 2612 1337 2612 115 2612 1338 2613 1337 2613 114 2613 1337 2614 1336 2614 115 2614 115 2615 1336 2615 116 2615 116 2616 1336 2616 100 2616 100 2617 1317 2617 101 2617 1336 2618 1317 2618 100 2618 101 2619 1316 2619 107 2619 1317 2620 1316 2620 101 2620 1316 2621 1332 2621 107 2621 107 2622 1330 2622 103 2622 1332 2623 1330 2623 107 2623 103 2624 1329 2624 104 2624 1330 2625 1329 2625 103 2625 1329 2626 1345 2626 104 2626 104 2627 1345 2627 105 2627 105 2628 1344 2628 132 2628 1345 2629 1344 2629 105 2629 1344 2630 1343 2630 132 2630 1343 2631 1341 2631 132 2631 132 2632 1341 2632 131 2632 1364 2633 1734 2633 1735 2633 1364 2634 1735 2634 1449 2634 1446 2635 1352 2635 1736 2635 1446 2636 1736 2636 1737 2636 1447 2637 1737 2637 1738 2637 1447 2638 1446 2638 1737 2638 1443 2639 1738 2639 1739 2639 1443 2640 1447 2640 1738 2640 1444 2641 1739 2641 1740 2641 1444 2642 1443 2642 1739 2642 1440 2643 1740 2643 1741 2643 1440 2644 1444 2644 1740 2644 1441 2645 1741 2645 1742 2645 1441 2646 1440 2646 1741 2646 1436 2647 1742 2647 1743 2647 1436 2648 1441 2648 1742 2648 1437 2649 1436 2649 1743 2649 1437 2650 1743 2650 1744 2650 1432 2651 1437 2651 1744 2651 1432 2652 1744 2652 1745 2652 1433 2653 1432 2653 1745 2653 1433 2654 1745 2654 1746 2654 1427 2655 1433 2655 1746 2655 1427 2656 1746 2656 1747 2656 1428 2657 1427 2657 1747 2657 1428 2658 1747 2658 1748 2658 1421 2659 1428 2659 1748 2659 1421 2660 1748 2660 1749 2660 1422 2661 1421 2661 1749 2661 1422 2662 1749 2662 1750 2662 1415 2663 1422 2663 1750 2663 1415 2664 1750 2664 1751 2664 1416 2665 1415 2665 1751 2665 1416 2666 1751 2666 1752 2666 1409 2667 1416 2667 1752 2667 1409 2668 1752 2668 1753 2668 1410 2669 1409 2669 1753 2669 1410 2670 1753 2670 1754 2670 1403 2671 1754 2671 1755 2671 1403 2672 1410 2672 1754 2672 1404 2673 1755 2673 1756 2673 1404 2674 1403 2674 1755 2674 1397 2675 1404 2675 1756 2675 1397 2676 1756 2676 1757 2676 1398 2677 1757 2677 1758 2677 1398 2678 1397 2678 1757 2678 1391 2679 1398 2679 1758 2679 1391 2680 1758 2680 1759 2680 1392 2681 1759 2681 1760 2681 1392 2682 1391 2682 1759 2682 1385 2683 1760 2683 1761 2683 1385 2684 1392 2684 1760 2684 1386 2685 1761 2685 1762 2685 1386 2686 1385 2686 1761 2686 1379 2687 1762 2687 1763 2687 1379 2688 1386 2688 1762 2688 1380 2689 1763 2689 1764 2689 1380 2690 1379 2690 1763 2690 1372 2691 1764 2691 1765 2691 1372 2692 1380 2692 1764 2692 1373 2693 1765 2693 1766 2693 1373 2694 1372 2694 1765 2694 1374 2695 1766 2695 1767 2695 1374 2696 1373 2696 1766 2696 1364 2697 1767 2697 1734 2697 1364 2698 1374 2698 1767 2698 1768 2699 1736 2699 1769 2699 1770 2700 1769 2700 1736 2700 1771 2701 1736 2701 1768 2701 1772 2702 1770 2702 1736 2702 1773 2703 1736 2703 1771 2703 1774 2704 1772 2704 1736 2704 1775 2705 1736 2705 1773 2705 1776 2706 1774 2706 1736 2706 1777 2707 1736 2707 1775 2707 1778 2708 1776 2708 1736 2708 1779 2709 1736 2709 1777 2709 1780 2710 1778 2710 1736 2710 1781 2711 1736 2711 1779 2711 1782 2712 1780 2712 1736 2712 1783 2713 1736 2713 1781 2713 1784 2714 1782 2714 1736 2714 1785 2715 1736 2715 1783 2715 1786 2716 1784 2716 1736 2716 1787 2717 1736 2717 1785 2717 1788 2718 1786 2718 1736 2718 1789 2719 1736 2719 1787 2719 1790 2720 1788 2720 1736 2720 1791 2721 1736 2721 1789 2721 1792 2722 1790 2722 1736 2722 1793 2723 1736 2723 1791 2723 1794 2724 1792 2724 1736 2724 1795 2725 1736 2725 1793 2725 1796 2726 1794 2726 1736 2726 1797 2727 1736 2727 1795 2727 1798 2728 1796 2728 1736 2728 1799 2729 1736 2729 1797 2729 1800 2730 1798 2730 1736 2730 1801 2731 1736 2731 1799 2731 1802 2732 1736 2732 1801 2732 1352 2733 1800 2733 1736 2733 1352 2734 1803 2734 1804 2734 1352 2735 1804 2735 1805 2735 1352 2736 1805 2736 1806 2736 1352 2737 1806 2737 1807 2737 1352 2738 1807 2738 1808 2738 1352 2739 1808 2739 1809 2739 1352 2740 1809 2740 1810 2740 1352 2741 1810 2741 1811 2741 1352 2742 1811 2742 1812 2742 1352 2743 1812 2743 1813 2743 1352 2744 1813 2744 1814 2744 1352 2745 1814 2745 1815 2745 1352 2746 1815 2746 1816 2746 1352 2747 1816 2747 1800 2747 1817 2748 1803 2748 1352 2748 1818 2749 1817 2749 1352 2749 1819 2750 1818 2750 1352 2750 1820 2751 1819 2751 1352 2751 1821 2752 1820 2752 1352 2752 1822 2753 1821 2753 1352 2753 1823 2754 1822 2754 1352 2754 1824 2755 1823 2755 1352 2755 1825 2756 1824 2756 1352 2756 1826 2757 1825 2757 1352 2757 1827 2758 1826 2758 1352 2758 1828 2759 1827 2759 1352 2759 1829 2760 1828 2760 1352 2760 1830 2761 1829 2761 1352 2761 1831 2762 1830 2762 1352 2762 1832 2763 1831 2763 1352 2763 1833 2764 1832 2764 1352 2764 1834 2765 1833 2765 1352 2765 1835 2766 1834 2766 1352 2766 1836 2767 1802 2767 1837 2767 1836 2768 1837 2768 1838 2768 1836 2769 1838 2769 1839 2769 1836 2770 1839 2770 1840 2770 1836 2771 1840 2771 1841 2771 1836 2772 1841 2772 1842 2772 1836 2773 1842 2773 1843 2773 1836 2774 1843 2774 1844 2774 1836 2775 1844 2775 1845 2775 1836 2776 1845 2776 1846 2776 1836 2777 1846 2777 1847 2777 1836 2778 1847 2778 1848 2778 1836 2779 1848 2779 1849 2779 1836 2780 1849 2780 1850 2780 1836 2781 1850 2781 1851 2781 1836 2782 1851 2782 1852 2782 1836 2783 1852 2783 1853 2783 1836 2784 1853 2784 1854 2784 1836 2785 1854 2785 1855 2785 1836 2786 1855 2786 1856 2786 1836 2787 1856 2787 1857 2787 1836 2788 1857 2788 1858 2788 1836 2789 1858 2789 1859 2789 1836 2790 1859 2790 1860 2790 1836 2791 1860 2791 1861 2791 1836 2792 1861 2792 1862 2792 1836 2793 1862 2793 1863 2793 1836 2794 1863 2794 1864 2794 1836 2795 1864 2795 1865 2795 1836 2796 1736 2796 1802 2796 1351 2797 1835 2797 1352 2797 1351 2798 1836 2798 1865 2798 1351 2799 1865 2799 1866 2799 1351 2800 1866 2800 1867 2800 1351 2801 1867 2801 1868 2801 1351 2802 1868 2802 1869 2802 1351 2803 1869 2803 1870 2803 1351 2804 1870 2804 1871 2804 1351 2805 1871 2805 1872 2805 1351 2806 1872 2806 1873 2806 1351 2807 1873 2807 1874 2807 1351 2808 1874 2808 1875 2808 1351 2809 1875 2809 1876 2809 1351 2810 1876 2810 1877 2810 1351 2811 1877 2811 1878 2811 1351 2812 1878 2812 1879 2812 1351 2813 1879 2813 1880 2813 1351 2814 1880 2814 1881 2814 1351 2815 1881 2815 1882 2815 1351 2816 1882 2816 1883 2816 1351 2817 1883 2817 1884 2817 1351 2818 1884 2818 1885 2818 1351 2819 1885 2819 1886 2819 1351 2820 1886 2820 1887 2820 1351 2821 1887 2821 1888 2821 1351 2822 1888 2822 1889 2822 1351 2823 1889 2823 1890 2823 1351 2824 1890 2824 1891 2824 1351 2825 1891 2825 1892 2825 1351 2826 1892 2826 1893 2826 1351 2827 1893 2827 1894 2827 1351 2828 1894 2828 1835 2828 1895 2829 1896 2829 1735 2829 1895 2830 1735 2830 1734 2830 1897 2831 1898 2831 1899 2831 1900 2832 1897 2832 1899 2832 1900 2833 1899 2833 1901 2833 1902 2834 1901 2834 1903 2834 1902 2835 1900 2835 1901 2835 1904 2836 1898 2836 1897 2836 1904 2837 1736 2837 1898 2837 1905 2838 1902 2838 1903 2838 1905 2839 1903 2839 1906 2839 1905 2840 1906 2840 1907 2840 1908 2841 1897 2841 1900 2841 1908 2842 1904 2842 1897 2842 1909 2843 1907 2843 1910 2843 1909 2844 1905 2844 1907 2844 1911 2845 1908 2845 1900 2845 1911 2846 1900 2846 1902 2846 1912 2847 1739 2847 1738 2847 1912 2848 1738 2848 1737 2848 1912 2849 1737 2849 1736 2849 1912 2850 1736 2850 1904 2850 1913 2851 1910 2851 1914 2851 1913 2852 1909 2852 1910 2852 1915 2853 1911 2853 1902 2853 1915 2854 1902 2854 1905 2854 1916 2855 1741 2855 1740 2855 1916 2856 1740 2856 1739 2856 1916 2857 1912 2857 1904 2857 1916 2858 1739 2858 1912 2858 1916 2859 1904 2859 1908 2859 1917 2860 1914 2860 1918 2860 1917 2861 1913 2861 1914 2861 1919 2862 1905 2862 1909 2862 1919 2863 1915 2863 1905 2863 1919 2864 1909 2864 1913 2864 1920 2865 1741 2865 1916 2865 1920 2866 1743 2866 1742 2866 1920 2867 1742 2867 1741 2867 1920 2868 1908 2868 1911 2868 1920 2869 1916 2869 1908 2869 1921 2870 1917 2870 1918 2870 1921 2871 1918 2871 1922 2871 1923 2872 1919 2872 1913 2872 1924 2873 1743 2873 1920 2873 1924 2874 1745 2874 1744 2874 1924 2875 1744 2875 1743 2875 1924 2876 1911 2876 1915 2876 1924 2877 1920 2877 1911 2877 1925 2878 1921 2878 1922 2878 1925 2879 1922 2879 1926 2879 1927 2880 1923 2880 1913 2880 1927 2881 1913 2881 1917 2881 1928 2882 1747 2882 1746 2882 1928 2883 1746 2883 1745 2883 1928 2884 1924 2884 1915 2884 1928 2885 1745 2885 1924 2885 1928 2886 1915 2886 1919 2886 1929 2887 1925 2887 1926 2887 1929 2888 1926 2888 1930 2888 1931 2889 1927 2889 1917 2889 1931 2890 1917 2890 1921 2890 1932 2891 1749 2891 1748 2891 1932 2892 1748 2892 1747 2892 1932 2893 1919 2893 1923 2893 1932 2894 1928 2894 1919 2894 1932 2895 1747 2895 1928 2895 1933 2896 1929 2896 1930 2896 1933 2897 1930 2897 1934 2897 1935 2898 1921 2898 1925 2898 1935 2899 1931 2899 1921 2899 1936 2900 1932 2900 1923 2900 1936 2901 1923 2901 1927 2901 1936 2902 1751 2902 1750 2902 1936 2903 1750 2903 1749 2903 1936 2904 1749 2904 1932 2904 1937 2905 1933 2905 1934 2905 1937 2906 1934 2906 1938 2906 1939 2907 1925 2907 1929 2907 1939 2908 1929 2908 1933 2908 1939 2909 1935 2909 1925 2909 1940 2910 1751 2910 1936 2910 1940 2911 1753 2911 1752 2911 1940 2912 1752 2912 1751 2912 1940 2913 1936 2913 1927 2913 1940 2914 1927 2914 1931 2914 1941 2915 1938 2915 1942 2915 1941 2916 1937 2916 1938 2916 1943 2917 1939 2917 1933 2917 1944 2918 1755 2918 1754 2918 1944 2919 1754 2919 1753 2919 1944 2920 1753 2920 1940 2920 1944 2921 1931 2921 1935 2921 1944 2922 1940 2922 1931 2922 1945 2923 1942 2923 1946 2923 1945 2924 1941 2924 1942 2924 1947 2925 1933 2925 1937 2925 1947 2926 1943 2926 1933 2926 1948 2927 1757 2927 1756 2927 1948 2928 1756 2928 1755 2928 1948 2929 1935 2929 1939 2929 1948 2930 1755 2930 1944 2930 1948 2931 1939 2931 1943 2931 1948 2932 1944 2932 1935 2932 1949 2933 1946 2933 1895 2933 1949 2934 1945 2934 1946 2934 1950 2935 1937 2935 1941 2935 1950 2936 1947 2936 1937 2936 1951 2937 1948 2937 1943 2937 1951 2938 1759 2938 1758 2938 1951 2939 1758 2939 1757 2939 1951 2940 1757 2940 1948 2940 1952 2941 1950 2941 1941 2941 1952 2942 1941 2942 1945 2942 1953 2943 1761 2943 1760 2943 1953 2944 1759 2944 1951 2944 1953 2945 1760 2945 1759 2945 1953 2946 1951 2946 1943 2946 1953 2947 1943 2947 1947 2947 1954 2948 1895 2948 1734 2948 1954 2949 1952 2949 1945 2949 1954 2950 1949 2950 1895 2950 1954 2951 1945 2951 1949 2951 1955 2952 1763 2952 1762 2952 1955 2953 1762 2953 1761 2953 1955 2954 1947 2954 1950 2954 1955 2955 1761 2955 1953 2955 1955 2956 1953 2956 1947 2956 1956 2957 1765 2957 1764 2957 1956 2958 1764 2958 1763 2958 1956 2959 1950 2959 1952 2959 1956 2960 1955 2960 1950 2960 1956 2961 1763 2961 1955 2961 1957 2962 1734 2962 1767 2962 1957 2963 1767 2963 1766 2963 1957 2964 1765 2964 1956 2964 1957 2965 1766 2965 1765 2965 1957 2966 1952 2966 1954 2966 1957 2967 1956 2967 1952 2967 1957 2968 1954 2968 1734 2968 1958 2969 1898 2969 1736 2969 1836 2970 1958 2970 1736 2970 1959 2971 1960 2971 1961 2971 1962 2972 1960 2972 1959 2972 1963 2973 1960 2973 1962 2973 1960 2974 1964 2974 1961 2974 1965 2975 1964 2975 1966 2975 1961 2976 1964 2976 1965 2976 1967 2977 1968 2977 1963 2977 1963 2978 1968 2978 1960 2978 1969 2979 1970 2979 1971 2979 1966 2980 1970 2980 1969 2980 1964 2981 1970 2981 1966 2981 1968 2982 1972 2982 1960 2982 1960 2983 1972 2983 1964 2983 1973 2984 1974 2984 1967 2984 1975 2985 1974 2985 1973 2985 1976 2986 1974 2986 1975 2986 1967 2987 1974 2987 1968 2987 1977 2988 1978 2988 1979 2988 1971 2989 1978 2989 1977 2989 1970 2990 1978 2990 1971 2990 1972 2991 1980 2991 1964 2991 1964 2992 1980 2992 1970 2992 1981 2993 1982 2993 1976 2993 1983 2994 1982 2994 1981 2994 1974 2995 1982 2995 1968 2995 1968 2996 1982 2996 1972 2996 1976 2997 1982 2997 1974 2997 1978 2998 1984 2998 1979 2998 1985 2999 1984 2999 1986 2999 1979 3000 1984 3000 1985 3000 1970 3001 1987 3001 1978 3001 1980 3002 1987 3002 1970 3002 1988 3003 1989 3003 1983 3003 1990 3004 1989 3004 1988 3004 1972 3005 1989 3005 1980 3005 1983 3006 1989 3006 1982 3006 1982 3007 1989 3007 1972 3007 1984 3008 1991 3008 1986 3008 1992 3009 1991 3009 1993 3009 1986 3010 1991 3010 1992 3010 1987 3011 1994 3011 1978 3011 1978 3012 1994 3012 1984 3012 1980 3013 1995 3013 1987 3013 1990 3014 1995 3014 1989 3014 1989 3015 1995 3015 1980 3015 1996 3016 1995 3016 1990 3016 1997 3017 1995 3017 1996 3017 1998 3018 1999 3018 2000 3018 1993 3019 1999 3019 1998 3019 1991 3020 1999 3020 1993 3020 1984 3021 2001 3021 1991 3021 1991 3022 2001 3022 1999 3022 1994 3023 2001 3023 1984 3023 2002 3024 2003 3024 1997 3024 2004 3025 2003 3025 2002 3025 1997 3026 2003 3026 1995 3026 1995 3027 2003 3027 1987 3027 1987 3028 2003 3028 1994 3028 2005 3029 2006 3029 2007 3029 2000 3030 2006 3030 2005 3030 1999 3031 2006 3031 2000 3031 2001 3032 2008 3032 1999 3032 2004 3033 2009 3033 2003 3033 2010 3034 2009 3034 2004 3034 2011 3035 2009 3035 2010 3035 1994 3036 2009 3036 2001 3036 2003 3037 2009 3037 1994 3037 2012 3038 2013 3038 2014 3038 2007 3039 2013 3039 2012 3039 2006 3040 2013 3040 2007 3040 1999 3041 2015 3041 2006 3041 2008 3042 2015 3042 1999 3042 2006 3043 2015 3043 2013 3043 2016 3044 2017 3044 2011 3044 2018 3045 2017 3045 2016 3045 2009 3046 2017 3046 2001 3046 2011 3047 2017 3047 2009 3047 2001 3048 2017 3048 2008 3048 2019 3049 2020 3049 2021 3049 2014 3050 2020 3050 2019 3050 2013 3051 2020 3051 2014 3051 2015 3052 2022 3052 2013 3052 2023 3053 2024 3053 2018 3053 2025 3054 2024 3054 2023 3054 2008 3055 2024 3055 2015 3055 2017 3056 2024 3056 2008 3056 2018 3057 2024 3057 2017 3057 2020 3058 2026 3058 2021 3058 2027 3059 2026 3059 2028 3059 2021 3060 2026 3060 2027 3060 2013 3061 2029 3061 2020 3061 2022 3062 2029 3062 2013 3062 2015 3063 2030 3063 2022 3063 2031 3064 2030 3064 2025 3064 2032 3065 2030 3065 2031 3065 2024 3066 2030 3066 2015 3066 2025 3067 2030 3067 2024 3067 2022 3068 2030 3068 2029 3068 2026 3069 2033 3069 2028 3069 2034 3070 2033 3070 2035 3070 2028 3071 2033 3071 2034 3071 2029 3072 2036 3072 2020 3072 2020 3073 2036 3073 2026 3073 2030 3074 2037 3074 2029 3074 2038 3075 2037 3075 2032 3075 2039 3076 2037 3076 2038 3076 2032 3077 2037 3077 2030 3077 2033 3078 2040 3078 2035 3078 2041 3079 2040 3079 2042 3079 2035 3080 2040 3080 2041 3080 2026 3081 2043 3081 2033 3081 2036 3082 2043 3082 2026 3082 2037 3083 2044 3083 2029 3083 2045 3084 2044 3084 2039 3084 2029 3085 2044 3085 2036 3085 2046 3086 2044 3086 2045 3086 2039 3087 2044 3087 2037 3087 2040 3088 2047 3088 2042 3088 2048 3089 2047 3089 2049 3089 2042 3090 2047 3090 2048 3090 2043 3091 2050 3091 2033 3091 2033 3092 2050 3092 2040 3092 2043 3093 2051 3093 2050 3093 2052 3094 2051 3094 2046 3094 2053 3095 2051 3095 2052 3095 2046 3096 2051 3096 2044 3096 2036 3097 2051 3097 2043 3097 2044 3098 2051 3098 2036 3098 2054 3099 2055 3099 1836 3099 2056 3100 2055 3100 2054 3100 2049 3101 2055 3101 2056 3101 2047 3102 2055 3102 2049 3102 2050 3103 2057 3103 2040 3103 2040 3104 2057 3104 2047 3104 2058 3105 2059 3105 2053 3105 2060 3106 2059 3106 2058 3106 2051 3107 2059 3107 2050 3107 2053 3108 2059 3108 2051 3108 2055 3109 2061 3109 1836 3109 2047 3110 2061 3110 2055 3110 2057 3111 2061 3111 2047 3111 1836 3112 2061 3112 1958 3112 2062 3113 2063 3113 2060 3113 2064 3114 2063 3114 2062 3114 2059 3115 2063 3115 2050 3115 2050 3116 2063 3116 2057 3116 2060 3117 2063 3117 2059 3117 2064 3118 2065 3118 2063 3118 2066 3119 2065 3119 2064 3119 2067 3120 2065 3120 2066 3120 1958 3121 2065 3121 2067 3121 2061 3122 2065 3122 1958 3122 2057 3123 2065 3123 2061 3123 2063 3124 2065 3124 2057 3124 2068 3125 1967 3125 1963 3125 2068 3126 1963 3126 2069 3126 2070 3127 2069 3127 2071 3127 2070 3128 2071 3128 2072 3128 2073 3129 2072 3129 2074 3129 2073 3130 2070 3130 2072 3130 2075 3131 2074 3131 2076 3131 2075 3132 2073 3132 2074 3132 2077 3133 2068 3133 2069 3133 2077 3134 2069 3134 2070 3134 2078 3135 2076 3135 2079 3135 2078 3136 2075 3136 2076 3136 2080 3137 2077 3137 2070 3137 2080 3138 2070 3138 2073 3138 2081 3139 2079 3139 2082 3139 2081 3140 2078 3140 2079 3140 2083 3141 2080 3141 2073 3141 2083 3142 2073 3142 2075 3142 2084 3143 2085 3143 2086 3143 2084 3144 2086 3144 2087 3144 2084 3145 2087 3145 2068 3145 2084 3146 2068 3146 2077 3146 2088 3147 2082 3147 2089 3147 2088 3148 2081 3148 2082 3148 2090 3149 2075 3149 2078 3149 2090 3150 2083 3150 2075 3150 2091 3151 2085 3151 2084 3151 2091 3152 2092 3152 2093 3152 2091 3153 2093 3153 2085 3153 2091 3154 2077 3154 2080 3154 2091 3155 2084 3155 2077 3155 2094 3156 2089 3156 2095 3156 2094 3157 2088 3157 2089 3157 2096 3158 2090 3158 2078 3158 2096 3159 2078 3159 2081 3159 2097 3160 2098 3160 2099 3160 2097 3161 2099 3161 2092 3161 2097 3162 2091 3162 2080 3162 2097 3163 2080 3163 2083 3163 2097 3164 2092 3164 2091 3164 2100 3165 2095 3165 2101 3165 2100 3166 2094 3166 2095 3166 2102 3167 2081 3167 2088 3167 2102 3168 2096 3168 2081 3168 2103 3169 2083 3169 2090 3169 2103 3170 2104 3170 2105 3170 2103 3171 2105 3171 2098 3171 2103 3172 2097 3172 2083 3172 2103 3173 2098 3173 2097 3173 2106 3174 2100 3174 2101 3174 2106 3175 2101 3175 2107 3175 2108 3176 2102 3176 2088 3176 2108 3177 2088 3177 2094 3177 2109 3178 2110 3178 2111 3178 2109 3179 2111 3179 2104 3179 2109 3180 2104 3180 2103 3180 2109 3181 2103 3181 2090 3181 2109 3182 2090 3182 2096 3182 2112 3183 2106 3183 2107 3183 2112 3184 2107 3184 2113 3184 2114 3185 2094 3185 2100 3185 2114 3186 2108 3186 2094 3186 2115 3187 2116 3187 2117 3187 2115 3188 2117 3188 2110 3188 2115 3189 2096 3189 2102 3189 2115 3190 2110 3190 2109 3190 2115 3191 2109 3191 2096 3191 2118 3192 2113 3192 2119 3192 2118 3193 2112 3193 2113 3193 2120 3194 2100 3194 2106 3194 2120 3195 2114 3195 2100 3195 2121 3196 2122 3196 2123 3196 2121 3197 2123 3197 2116 3197 2121 3198 2115 3198 2102 3198 2121 3199 2102 3199 2108 3199 2121 3200 2116 3200 2115 3200 2124 3201 2120 3201 2106 3201 2124 3202 2106 3202 2112 3202 2125 3203 2126 3203 2127 3203 2125 3204 2127 3204 2122 3204 2125 3205 2108 3205 2114 3205 2125 3206 2122 3206 2121 3206 2125 3207 2114 3207 2120 3207 2125 3208 2121 3208 2108 3208 2128 3209 2119 3209 2129 3209 2128 3210 2118 3210 2119 3210 2128 3211 2112 3211 2118 3211 2128 3212 2124 3212 2112 3212 2130 3213 2131 3213 2132 3213 2130 3214 2132 3214 2126 3214 2130 3215 2126 3215 2125 3215 2130 3216 2125 3216 2120 3216 2133 3217 2134 3217 2135 3217 2133 3218 2135 3218 2131 3218 2133 3219 2120 3219 2124 3219 2133 3220 2131 3220 2130 3220 2133 3221 2130 3221 2120 3221 2136 3222 2129 3222 2137 3222 2136 3223 2137 3223 2138 3223 2136 3224 2138 3224 2134 3224 2136 3225 2128 3225 2129 3225 2136 3226 2134 3226 2133 3226 2136 3227 2124 3227 2128 3227 2136 3228 2133 3228 2124 3228 2139 3229 2140 3229 2141 3229 2139 3230 2141 3230 2142 3230 2139 3231 2142 3231 2143 3231 2139 3232 2143 3232 2129 3232 2139 3233 2129 3233 2119 3233 2144 3234 2145 3234 2140 3234 2144 3235 2119 3235 2146 3235 2144 3236 2146 3236 2145 3236 2144 3237 2140 3237 2139 3237 2144 3238 2139 3238 2119 3238 2147 3239 2148 3239 2149 3239 2150 3240 2151 3240 2152 3240 2150 3241 2152 3241 2148 3241 2150 3242 2148 3242 2147 3242 2153 3243 2154 3243 2151 3243 2153 3244 2151 3244 2150 3244 2155 3245 2156 3245 2157 3245 2158 3246 2156 3246 2155 3246 2158 3247 2159 3247 2156 3247 2160 3248 2159 3248 2158 3248 2160 3249 2161 3249 2159 3249 2162 3250 2163 3250 2164 3250 2165 3251 2163 3251 2162 3251 2165 3252 2166 3252 2163 3252 2167 3253 2166 3253 2165 3253 2168 3254 2169 3254 2170 3254 2168 3255 2170 3255 2171 3255 2172 3256 2173 3256 2174 3256 2175 3257 2173 3257 2172 3257 2176 3258 2177 3258 2178 3258 2179 3259 2180 3259 2177 3259 2179 3260 2177 3260 2176 3260 2181 3261 2180 3261 2179 3261 2182 3262 2183 3262 2184 3262 2185 3263 2183 3263 2182 3263 2186 3264 2183 3264 2185 3264 2186 3265 2187 3265 2183 3265 2188 3266 2187 3266 2186 3266 2189 3267 2187 3267 2188 3267 2189 3268 2190 3268 2187 3268 2191 3269 2190 3269 2189 3269 2192 3270 2155 3270 2157 3270 2192 3271 2157 3271 2193 3271 2192 3272 2193 3272 2194 3272 2192 3273 2194 3273 2195 3273 2196 3274 2155 3274 2192 3274 2196 3275 2153 3275 2197 3275 2196 3276 2197 3276 2198 3276 2196 3277 2198 3277 2155 3277 2196 3278 2192 3278 2195 3278 2196 3279 2195 3279 2154 3279 2196 3280 2154 3280 2153 3280 2199 3281 2161 3281 2160 3281 2199 3282 2162 3282 2164 3282 2199 3283 2164 3283 2200 3283 2199 3284 2200 3284 2201 3284 2199 3285 2201 3285 2202 3285 2199 3286 2202 3286 2161 3286 2203 3287 2160 3287 2204 3287 2203 3288 2204 3288 2205 3288 2203 3289 2205 3289 2162 3289 2203 3290 2199 3290 2160 3290 2203 3291 2162 3291 2199 3291 2206 3292 2207 3292 2208 3292 2206 3293 2208 3293 2209 3293 2206 3294 2209 3294 2166 3294 2210 3295 2206 3295 2166 3295 2210 3296 2167 3296 2211 3296 2210 3297 2211 3297 2212 3297 2210 3298 2166 3298 2167 3298 2213 3299 2207 3299 2206 3299 2213 3300 2170 3300 2214 3300 2213 3301 2214 3301 2215 3301 2213 3302 2215 3302 2207 3302 2216 3303 2212 3303 2217 3303 2216 3304 2206 3304 2210 3304 2216 3305 2217 3305 2218 3305 2216 3306 2218 3306 2219 3306 2216 3307 2219 3307 2171 3307 2216 3308 2170 3308 2213 3308 2216 3309 2171 3309 2170 3309 2216 3310 2213 3310 2206 3310 2216 3311 2210 3311 2212 3311 2220 3312 2174 3312 2221 3312 2220 3313 2221 3313 2169 3313 2220 3314 2169 3314 2168 3314 2220 3315 2172 3315 2174 3315 2222 3316 2220 3316 2168 3316 2222 3317 2168 3317 2223 3317 2222 3318 2223 3318 2224 3318 2222 3319 2224 3319 2225 3319 2222 3320 2225 3320 2172 3320 2222 3321 2172 3321 2220 3321 2226 3322 2177 3322 2227 3322 2226 3323 2227 3323 2228 3323 2226 3324 2228 3324 2173 3324 2226 3325 2178 3325 2177 3325 2229 3326 2226 3326 2173 3326 2229 3327 2175 3327 2230 3327 2229 3328 2230 3328 2231 3328 2229 3329 2231 3329 2178 3329 2229 3330 2178 3330 2226 3330 2229 3331 2173 3331 2175 3331 2232 3332 2180 3332 2181 3332 2232 3333 2182 3333 2184 3333 2232 3334 2184 3334 2233 3334 2232 3335 2233 3335 2180 3335 2234 3336 2232 3336 2181 3336 2234 3337 2181 3337 2235 3337 2234 3338 2182 3338 2232 3338 2234 3339 2235 3339 2236 3339 2234 3340 2236 3340 2237 3340 2234 3341 2237 3341 2182 3341 2238 3342 2239 3342 2240 3342 2238 3343 2241 3343 2239 3343 2190 3344 2191 3344 2242 3344 2190 3345 2242 3345 2243 3345 2244 3346 2245 3346 2246 3346 2244 3347 2246 3347 2241 3347 2244 3348 2241 3348 2238 3348 2247 3349 2238 3349 2248 3349 2247 3350 2248 3350 2249 3350 2247 3351 2244 3351 2238 3351 2250 3352 2242 3352 2251 3352 2250 3353 2251 3353 2245 3353 2250 3354 2245 3354 2244 3354 2252 3355 2249 3355 2253 3355 2252 3356 2253 3356 2243 3356 2252 3357 2242 3357 2250 3357 2252 3358 2244 3358 2247 3358 2252 3359 2247 3359 2249 3359 2252 3360 2243 3360 2242 3360 2252 3361 2250 3361 2244 3361 2254 3362 2240 3362 2239 3362 2254 3363 2239 3363 2140 3363 2254 3364 2140 3364 2145 3364 2255 3365 2145 3365 2240 3365 2255 3366 2254 3366 2145 3366 2255 3367 2240 3367 2254 3367 2256 3368 2257 3368 2258 3368 2258 3369 2257 3369 2259 3369 2259 3370 2260 3370 2261 3370 2257 3371 2260 3371 2259 3371 2261 3372 2262 3372 2263 3372 2260 3373 2262 3373 2261 3373 2263 3374 2264 3374 2265 3374 2262 3375 2264 3375 2263 3375 2265 3376 2266 3376 2267 3376 2264 3377 2266 3377 2265 3377 2267 3378 2268 3378 2269 3378 2266 3379 2268 3379 2267 3379 2269 3380 2270 3380 2271 3380 2268 3381 2270 3381 2269 3381 2271 3382 2272 3382 2273 3382 2270 3383 2272 3383 2271 3383 2273 3384 2274 3384 2275 3384 2272 3385 2274 3385 2273 3385 2275 3386 2276 3386 2277 3386 2274 3387 2276 3387 2275 3387 2277 3388 2278 3388 2279 3388 2276 3389 2278 3389 2277 3389 2279 3390 2280 3390 2281 3390 2278 3391 2280 3391 2279 3391 2281 3392 2282 3392 2283 3392 2280 3393 2282 3393 2281 3393 2284 3394 2285 3394 2286 3394 2283 3395 2285 3395 2284 3395 2282 3396 2285 3396 2283 3396 2285 3397 2287 3397 2286 3397 2258 3398 2288 3398 2289 3398 2256 3399 2258 3399 2289 3399 2290 3400 2291 3400 2292 3400 2290 3401 2292 3401 2293 3401 2290 3402 2293 3402 2294 3402 2290 3403 2294 3403 2295 3403 2296 3404 2295 3404 2297 3404 2296 3405 2297 3405 2298 3405 2296 3406 2290 3406 2295 3406 2299 3407 2300 3407 2301 3407 2299 3408 2301 3408 2302 3408 2299 3409 2302 3409 2291 3409 2299 3410 2291 3410 2290 3410 2303 3411 2296 3411 2298 3411 2303 3412 2298 3412 2304 3412 2303 3413 2304 3413 2305 3413 2306 3414 2290 3414 2296 3414 2306 3415 2307 3415 2308 3415 2306 3416 2308 3416 2300 3416 2306 3417 2300 3417 2299 3417 2306 3418 2296 3418 2303 3418 2306 3419 2299 3419 2290 3419 2309 3420 2303 3420 2305 3420 2309 3421 2305 3421 2310 3421 2309 3422 2310 3422 2311 3422 2312 3423 2313 3423 2314 3423 2312 3424 2314 3424 2307 3424 2312 3425 2307 3425 2306 3425 2312 3426 2306 3426 2303 3426 2315 3427 2311 3427 2316 3427 2315 3428 2316 3428 2317 3428 2315 3429 2309 3429 2311 3429 2318 3430 2312 3430 2303 3430 2318 3431 2319 3431 2320 3431 2318 3432 2320 3432 2313 3432 2318 3433 2303 3433 2309 3433 2318 3434 2313 3434 2312 3434 2321 3435 2317 3435 2322 3435 2321 3436 2322 3436 2323 3436 2321 3437 2315 3437 2317 3437 2324 3438 2309 3438 2315 3438 2324 3439 2325 3439 2326 3439 2324 3440 2326 3440 2319 3440 2324 3441 2319 3441 2318 3441 2324 3442 2318 3442 2309 3442 2327 3443 2321 3443 2323 3443 2327 3444 2323 3444 2328 3444 2327 3445 2328 3445 2329 3445 2330 3446 2331 3446 2332 3446 2330 3447 2332 3447 2325 3447 2330 3448 2321 3448 2327 3448 2330 3449 2324 3449 2315 3449 2330 3450 2325 3450 2324 3450 2330 3451 2315 3451 2321 3451 2333 3452 2329 3452 2334 3452 2333 3453 2334 3453 2335 3453 2333 3454 2327 3454 2329 3454 2336 3455 2337 3455 2338 3455 2336 3456 2338 3456 2331 3456 2336 3457 2331 3457 2330 3457 2336 3458 2330 3458 2327 3458 2339 3459 2333 3459 2335 3459 2339 3460 2335 3460 2340 3460 2339 3461 2340 3461 2341 3461 2342 3462 2343 3462 2344 3462 2342 3463 2344 3463 2337 3463 2342 3464 2337 3464 2336 3464 2342 3465 2333 3465 2339 3465 2342 3466 2327 3466 2333 3466 2342 3467 2336 3467 2327 3467 2345 3468 2339 3468 2341 3468 2345 3469 2341 3469 2346 3469 2345 3470 2346 3470 2347 3470 2348 3471 2349 3471 2350 3471 2348 3472 2350 3472 2343 3472 2348 3473 2342 3473 2339 3473 2348 3474 2343 3474 2342 3474 2351 3475 2347 3475 2352 3475 2351 3476 2352 3476 2353 3476 2351 3477 2345 3477 2347 3477 2354 3478 2355 3478 2356 3478 2354 3479 2356 3479 2349 3479 2354 3480 2348 3480 2339 3480 2354 3481 2339 3481 2345 3481 2354 3482 2349 3482 2348 3482 2357 3483 2353 3483 2358 3483 2357 3484 2358 3484 2359 3484 2357 3485 2351 3485 2353 3485 2360 3486 2351 3486 2357 3486 2360 3487 2361 3487 2362 3487 2360 3488 2362 3488 2355 3488 2360 3489 2355 3489 2354 3489 2360 3490 2345 3490 2351 3490 2360 3491 2354 3491 2345 3491 2363 3492 2357 3492 2359 3492 2363 3493 2359 3493 2364 3493 2363 3494 2364 3494 2365 3494 2366 3495 2367 3495 2368 3495 2366 3496 2368 3496 2361 3496 2366 3497 2360 3497 2357 3497 2366 3498 2361 3498 2360 3498 2369 3499 2365 3499 2370 3499 2369 3500 2370 3500 2371 3500 2369 3501 2363 3501 2365 3501 2372 3502 2366 3502 2357 3502 2372 3503 2363 3503 2369 3503 2372 3504 2373 3504 2374 3504 2372 3505 2374 3505 2367 3505 2372 3506 2367 3506 2366 3506 2372 3507 2357 3507 2363 3507 2375 3508 2371 3508 2376 3508 2375 3509 2376 3509 2377 3509 2375 3510 2377 3510 2289 3510 2375 3511 2369 3511 2371 3511 2378 3512 2372 3512 2369 3512 2378 3513 2379 3513 2380 3513 2378 3514 2373 3514 2372 3514 2378 3515 2380 3515 2373 3515 2381 3516 2289 3516 2288 3516 2381 3517 2288 3517 2382 3517 2381 3518 2382 3518 2383 3518 2381 3519 2383 3519 2379 3519 2381 3520 2369 3520 2375 3520 2381 3521 2379 3521 2378 3521 2381 3522 2378 3522 2369 3522 2381 3523 2375 3523 2289 3523 2384 3524 2292 3524 2291 3524 2384 3525 2291 3525 2385 3525 2386 3526 2387 3526 2388 3526 2386 3527 2388 3527 2389 3527 2386 3528 2389 3528 2390 3528 2386 3529 2390 3529 2391 3529 2392 3530 2391 3530 2393 3530 2392 3531 2393 3531 2394 3531 2392 3532 2386 3532 2391 3532 2395 3533 2396 3533 2397 3533 2395 3534 2397 3534 2398 3534 2395 3535 2398 3535 2387 3535 2395 3536 2387 3536 2386 3536 2399 3537 2392 3537 2394 3537 2399 3538 2394 3538 2400 3538 2399 3539 2400 3539 2401 3539 2402 3540 2386 3540 2392 3540 2402 3541 2403 3541 2404 3541 2402 3542 2404 3542 2396 3542 2402 3543 2396 3543 2395 3543 2402 3544 2395 3544 2386 3544 2405 3545 2399 3545 2401 3545 2405 3546 2401 3546 2406 3546 2405 3547 2406 3547 2407 3547 2408 3548 2409 3548 2410 3548 2408 3549 2410 3549 2403 3549 2408 3550 2402 3550 2392 3550 2408 3551 2403 3551 2402 3551 2408 3552 2392 3552 2399 3552 2411 3553 2407 3553 2412 3553 2411 3554 2412 3554 2413 3554 2411 3555 2405 3555 2407 3555 2414 3556 2415 3556 2416 3556 2414 3557 2416 3557 2409 3557 2414 3558 2399 3558 2405 3558 2414 3559 2408 3559 2399 3559 2414 3560 2409 3560 2408 3560 2417 3561 2413 3561 2418 3561 2417 3562 2418 3562 2419 3562 2417 3563 2411 3563 2413 3563 2420 3564 2405 3564 2411 3564 2420 3565 2414 3565 2405 3565 2420 3566 2421 3566 2422 3566 2420 3567 2422 3567 2415 3567 2420 3568 2415 3568 2414 3568 2423 3569 2419 3569 2424 3569 2423 3570 2424 3570 2425 3570 2423 3571 2417 3571 2419 3571 2426 3572 2411 3572 2417 3572 2426 3573 2421 3573 2420 3573 2426 3574 2427 3574 2428 3574 2426 3575 2428 3575 2421 3575 2426 3576 2417 3576 2423 3576 2426 3577 2420 3577 2411 3577 2429 3578 2425 3578 2430 3578 2429 3579 2430 3579 2431 3579 2429 3580 2423 3580 2425 3580 2432 3581 2433 3581 2434 3581 2432 3582 2434 3582 2427 3582 2432 3583 2427 3583 2426 3583 2432 3584 2426 3584 2423 3584 2435 3585 2429 3585 2431 3585 2435 3586 2431 3586 2436 3586 2435 3587 2436 3587 2437 3587 2438 3588 2439 3588 2440 3588 2438 3589 2440 3589 2433 3589 2438 3590 2432 3590 2423 3590 2438 3591 2433 3591 2432 3591 2438 3592 2423 3592 2429 3592 2441 3593 2437 3593 2442 3593 2441 3594 2442 3594 2443 3594 2441 3595 2435 3595 2437 3595 2444 3596 2445 3596 2446 3596 2444 3597 2446 3597 2439 3597 2444 3598 2439 3598 2438 3598 2444 3599 2429 3599 2435 3599 2444 3600 2438 3600 2429 3600 2447 3601 2443 3601 2448 3601 2447 3602 2448 3602 2449 3602 2447 3603 2441 3603 2443 3603 2450 3604 2445 3604 2444 3604 2450 3605 2451 3605 2452 3605 2450 3606 2452 3606 2445 3606 2450 3607 2444 3607 2435 3607 2450 3608 2441 3608 2447 3608 2450 3609 2435 3609 2441 3609 2453 3610 2447 3610 2449 3610 2453 3611 2449 3611 2454 3611 2453 3612 2454 3612 2455 3612 2456 3613 2451 3613 2450 3613 2456 3614 2457 3614 2458 3614 2456 3615 2458 3615 2451 3615 2456 3616 2450 3616 2447 3616 2459 3617 2453 3617 2455 3617 2459 3618 2455 3618 2460 3618 2459 3619 2460 3619 2461 3619 2462 3620 2463 3620 2464 3620 2462 3621 2464 3621 2457 3621 2462 3622 2456 3622 2447 3622 2462 3623 2457 3623 2456 3623 2462 3624 2447 3624 2453 3624 2465 3625 2461 3625 2466 3625 2465 3626 2466 3626 2467 3626 2465 3627 2459 3627 2461 3627 2468 3628 2462 3628 2453 3628 2468 3629 2469 3629 2470 3629 2468 3630 2470 3630 2463 3630 2468 3631 2463 3631 2462 3631 2468 3632 2453 3632 2459 3632 2468 3633 2459 3633 2465 3633 2471 3634 2465 3634 2467 3634 2471 3635 2467 3635 2472 3635 2471 3636 2472 3636 2473 3636 2471 3637 2473 3637 2384 3637 2474 3638 2475 3638 2476 3638 2474 3639 2476 3639 2469 3639 2474 3640 2468 3640 2465 3640 2474 3641 2469 3641 2468 3641 2477 3642 2384 3642 2385 3642 2477 3643 2385 3643 2478 3643 2477 3644 2478 3644 2479 3644 2477 3645 2479 3645 2475 3645 2477 3646 2474 3646 2465 3646 2477 3647 2475 3647 2474 3647 2477 3648 2471 3648 2384 3648 2477 3649 2465 3649 2471 3649 2480 3650 2388 3650 2387 3650 2480 3651 2481 3651 2388 3651 2482 3652 2483 3652 2484 3652 2482 3653 2484 3653 2485 3653 2482 3654 2485 3654 2486 3654 2487 3655 2486 3655 2488 3655 2487 3656 2488 3656 2489 3656 2487 3657 2482 3657 2486 3657 2490 3658 2491 3658 2492 3658 2490 3659 2492 3659 2493 3659 2490 3660 2493 3660 2494 3660 2490 3661 2494 3661 2483 3661 2490 3662 2483 3662 2482 3662 2495 3663 2487 3663 2489 3663 2495 3664 2489 3664 2496 3664 2495 3665 2496 3665 2497 3665 2498 3666 2482 3666 2487 3666 2498 3667 2499 3667 2500 3667 2498 3668 2500 3668 2491 3668 2498 3669 2491 3669 2490 3669 2498 3670 2490 3670 2482 3670 2501 3671 2495 3671 2497 3671 2501 3672 2497 3672 2502 3672 2501 3673 2502 3673 2503 3673 2504 3674 2505 3674 2506 3674 2504 3675 2506 3675 2499 3675 2504 3676 2498 3676 2487 3676 2504 3677 2499 3677 2498 3677 2504 3678 2487 3678 2495 3678 2507 3679 2503 3679 2508 3679 2507 3680 2508 3680 2509 3680 2507 3681 2501 3681 2503 3681 2510 3682 2504 3682 2495 3682 2510 3683 2511 3683 2512 3683 2510 3684 2512 3684 2505 3684 2510 3685 2495 3685 2501 3685 2510 3686 2505 3686 2504 3686 2513 3687 2509 3687 2514 3687 2513 3688 2514 3688 2515 3688 2513 3689 2507 3689 2509 3689 2516 3690 2510 3690 2501 3690 2516 3691 2517 3691 2518 3691 2516 3692 2518 3692 2511 3692 2516 3693 2511 3693 2510 3693 2516 3694 2501 3694 2507 3694 2519 3695 2515 3695 2520 3695 2519 3696 2520 3696 2521 3696 2519 3697 2513 3697 2515 3697 2522 3698 2507 3698 2513 3698 2522 3699 2517 3699 2516 3699 2522 3700 2523 3700 2524 3700 2522 3701 2524 3701 2517 3701 2522 3702 2516 3702 2507 3702 2525 3703 2521 3703 2526 3703 2525 3704 2526 3704 2527 3704 2525 3705 2519 3705 2521 3705 2528 3706 2529 3706 2530 3706 2528 3707 2513 3707 2519 3707 2528 3708 2530 3708 2523 3708 2528 3709 2522 3709 2513 3709 2528 3710 2523 3710 2522 3710 2531 3711 2525 3711 2527 3711 2531 3712 2527 3712 2532 3712 2531 3713 2532 3713 2533 3713 2534 3714 2535 3714 2536 3714 2534 3715 2536 3715 2529 3715 2534 3716 2525 3716 2531 3716 2534 3717 2519 3717 2525 3717 2534 3718 2529 3718 2528 3718 2534 3719 2528 3719 2519 3719 2537 3720 2533 3720 2538 3720 2537 3721 2538 3721 2539 3721 2537 3722 2531 3722 2533 3722 2540 3723 2541 3723 2542 3723 2540 3724 2542 3724 2535 3724 2540 3725 2535 3725 2534 3725 2540 3726 2534 3726 2531 3726 2543 3727 2539 3727 2544 3727 2543 3728 2544 3728 2545 3728 2543 3729 2537 3729 2539 3729 2546 3730 2541 3730 2540 3730 2546 3731 2547 3731 2548 3731 2546 3732 2548 3732 2541 3732 2546 3733 2531 3733 2537 3733 2546 3734 2537 3734 2543 3734 2546 3735 2540 3735 2531 3735 2549 3736 2545 3736 2550 3736 2549 3737 2550 3737 2551 3737 2549 3738 2543 3738 2545 3738 2552 3739 2553 3739 2554 3739 2552 3740 2554 3740 2547 3740 2552 3741 2547 3741 2546 3741 2552 3742 2546 3742 2543 3742 2555 3743 2551 3743 2556 3743 2555 3744 2556 3744 2557 3744 2555 3745 2549 3745 2551 3745 2558 3746 2559 3746 2560 3746 2558 3747 2560 3747 2553 3747 2558 3748 2543 3748 2549 3748 2558 3749 2552 3749 2543 3749 2558 3750 2553 3750 2552 3750 2561 3751 2555 3751 2557 3751 2561 3752 2557 3752 2562 3752 2561 3753 2562 3753 2563 3753 2564 3754 2558 3754 2549 3754 2564 3755 2565 3755 2566 3755 2564 3756 2566 3756 2559 3756 2564 3757 2559 3757 2558 3757 2564 3758 2555 3758 2561 3758 2564 3759 2549 3759 2555 3759 2567 3760 2561 3760 2563 3760 2567 3761 2563 3761 2568 3761 2567 3762 2568 3762 2569 3762 2567 3763 2569 3763 2481 3763 2570 3764 2571 3764 2572 3764 2570 3765 2572 3765 2565 3765 2570 3766 2564 3766 2561 3766 2570 3767 2565 3767 2564 3767 2570 3768 2561 3768 2567 3768 2573 3769 2481 3769 2480 3769 2573 3770 2480 3770 2574 3770 2573 3771 2574 3771 2575 3771 2573 3772 2575 3772 2571 3772 2573 3773 2571 3773 2570 3773 2573 3774 2567 3774 2481 3774 2573 3775 2570 3775 2567 3775 2576 3776 2577 3776 2578 3776 2578 3777 2577 3777 2579 3777 2580 3778 2483 3778 2494 3778 2581 3779 2483 3779 2580 3779 2582 3780 2583 3780 2577 3780 2584 3781 2583 3781 2582 3781 2585 3782 2583 3782 2586 3782 2579 3783 2583 3783 2585 3783 2577 3784 2583 3784 2579 3784 2587 3785 2588 3785 2584 3785 2589 3786 2588 3786 2587 3786 2590 3787 2588 3787 2591 3787 2586 3788 2588 3788 2590 3788 2584 3789 2588 3789 2583 3789 2583 3790 2588 3790 2586 3790 2592 3791 2593 3791 2589 3791 2594 3792 2593 3792 2592 3792 2589 3793 2593 3793 2588 3793 2588 3794 2593 3794 2591 3794 2595 3795 2593 3795 2596 3795 2591 3796 2593 3796 2595 3796 2597 3797 2598 3797 2594 3797 2599 3798 2598 3798 2597 3798 2593 3799 2598 3799 2596 3799 2594 3800 2598 3800 2593 3800 2600 3801 2598 3801 2601 3801 2596 3802 2598 3802 2600 3802 2602 3803 2603 3803 2599 3803 2604 3804 2603 3804 2602 3804 2605 3805 2603 3805 2606 3805 2601 3806 2603 3806 2605 3806 2599 3807 2603 3807 2598 3807 2598 3808 2603 3808 2601 3808 2607 3809 2608 3809 2604 3809 2609 3810 2608 3810 2607 3810 2610 3811 2608 3811 2611 3811 2606 3812 2608 3812 2610 3812 2604 3813 2608 3813 2603 3813 2603 3814 2608 3814 2606 3814 2612 3815 2613 3815 2609 3815 2614 3816 2613 3816 2612 3816 2615 3817 2613 3817 2616 3817 2611 3818 2613 3818 2615 3818 2608 3819 2613 3819 2611 3819 2609 3820 2613 3820 2608 3820 2617 3821 2618 3821 2614 3821 2619 3822 2618 3822 2617 3822 2613 3823 2618 3823 2616 3823 2614 3824 2618 3824 2613 3824 2620 3825 2618 3825 2621 3825 2616 3826 2618 3826 2620 3826 2619 3827 2622 3827 2618 3827 2623 3828 2622 3828 2619 3828 2624 3829 2622 3829 2623 3829 2625 3830 2622 3830 2626 3830 2621 3831 2622 3831 2625 3831 2618 3832 2622 3832 2621 3832 2627 3833 2628 3833 2624 3833 2629 3834 2628 3834 2627 3834 2630 3835 2628 3835 2631 3835 2626 3836 2628 3836 2630 3836 2622 3837 2628 3837 2626 3837 2624 3838 2628 3838 2622 3838 2632 3839 2633 3839 2629 3839 2634 3840 2633 3840 2632 3840 2629 3841 2633 3841 2628 3841 2635 3842 2633 3842 2636 3842 2631 3843 2633 3843 2635 3843 2628 3844 2633 3844 2631 3844 2637 3845 2638 3845 2634 3845 2639 3846 2638 3846 2637 3846 2640 3847 2638 3847 2641 3847 2636 3848 2638 3848 2640 3848 2633 3849 2638 3849 2636 3849 2634 3850 2638 3850 2633 3850 2638 3851 2642 3851 2641 3851 2643 3852 2642 3852 2639 3852 2644 3853 2642 3853 2643 3853 2645 3854 2642 3854 2646 3854 2641 3855 2642 3855 2645 3855 2639 3856 2642 3856 2638 3856 2642 3857 2647 3857 2646 3857 2644 3858 2647 3858 2642 3858 2648 3859 2647 3859 2644 3859 2649 3860 2647 3860 2648 3860 2650 3861 2647 3861 2651 3861 2646 3862 2647 3862 2650 3862 2647 3863 2652 3863 2651 3863 2649 3864 2652 3864 2647 3864 2653 3865 2652 3865 2649 3865 2581 3866 2652 3866 2653 3866 2654 3867 2652 3867 2580 3867 2651 3868 2652 3868 2654 3868 2580 3869 2652 3869 2581 3869 2655 3870 2576 3870 2578 3870 2655 3871 2656 3871 2576 3871 2657 3872 2658 3872 2659 3872 2659 3873 2658 3873 2660 3873 2661 3874 2656 3874 2655 3874 2662 3875 2656 3875 2661 3875 2663 3876 2664 3876 2658 3876 2665 3877 2664 3877 2663 3877 2666 3878 2664 3878 2667 3878 2660 3879 2664 3879 2666 3879 2658 3880 2664 3880 2660 3880 2668 3881 2669 3881 2665 3881 2670 3882 2669 3882 2668 3882 2671 3883 2669 3883 2672 3883 2667 3884 2669 3884 2671 3884 2665 3885 2669 3885 2664 3885 2664 3886 2669 3886 2667 3886 2673 3887 2674 3887 2670 3887 2675 3888 2674 3888 2673 3888 2670 3889 2674 3889 2669 3889 2669 3890 2674 3890 2672 3890 2676 3891 2674 3891 2677 3891 2672 3892 2674 3892 2676 3892 2678 3893 2679 3893 2675 3893 2680 3894 2679 3894 2678 3894 2674 3895 2679 3895 2677 3895 2675 3896 2679 3896 2674 3896 2681 3897 2679 3897 2682 3897 2677 3898 2679 3898 2681 3898 2683 3899 2684 3899 2680 3899 2685 3900 2684 3900 2683 3900 2686 3901 2684 3901 2687 3901 2682 3902 2684 3902 2686 3902 2680 3903 2684 3903 2679 3903 2679 3904 2684 3904 2682 3904 2688 3905 2689 3905 2685 3905 2690 3906 2689 3906 2688 3906 2691 3907 2689 3907 2692 3907 2687 3908 2689 3908 2691 3908 2685 3909 2689 3909 2684 3909 2684 3910 2689 3910 2687 3910 2693 3911 2694 3911 2690 3911 2695 3912 2694 3912 2693 3912 2696 3913 2694 3913 2697 3913 2692 3914 2694 3914 2696 3914 2689 3915 2694 3915 2692 3915 2690 3916 2694 3916 2689 3916 2698 3917 2699 3917 2695 3917 2700 3918 2699 3918 2698 3918 2694 3919 2699 3919 2697 3919 2695 3920 2699 3920 2694 3920 2701 3921 2699 3921 2702 3921 2697 3922 2699 3922 2701 3922 2700 3923 2703 3923 2699 3923 2704 3924 2703 3924 2700 3924 2705 3925 2703 3925 2704 3925 2706 3926 2703 3926 2707 3926 2702 3927 2703 3927 2706 3927 2699 3928 2703 3928 2702 3928 2708 3929 2709 3929 2705 3929 2710 3930 2709 3930 2708 3930 2711 3931 2709 3931 2712 3931 2707 3932 2709 3932 2711 3932 2703 3933 2709 3933 2707 3933 2705 3934 2709 3934 2703 3934 2713 3935 2714 3935 2710 3935 2715 3936 2714 3936 2713 3936 2710 3937 2714 3937 2709 3937 2716 3938 2714 3938 2717 3938 2712 3939 2714 3939 2716 3939 2709 3940 2714 3940 2712 3940 2718 3941 2719 3941 2715 3941 2720 3942 2719 3942 2718 3942 2721 3943 2719 3943 2722 3943 2717 3944 2719 3944 2721 3944 2714 3945 2719 3945 2717 3945 2715 3946 2719 3946 2714 3946 2719 3947 2723 3947 2722 3947 2724 3948 2723 3948 2720 3948 2725 3949 2723 3949 2724 3949 2726 3950 2723 3950 2727 3950 2722 3951 2723 3951 2726 3951 2720 3952 2723 3952 2719 3952 2723 3953 2728 3953 2727 3953 2725 3954 2728 3954 2723 3954 2729 3955 2728 3955 2725 3955 2730 3956 2728 3956 2729 3956 2731 3957 2728 3957 2732 3957 2727 3958 2728 3958 2731 3958 2728 3959 2733 3959 2732 3959 2730 3960 2733 3960 2728 3960 2734 3961 2733 3961 2730 3961 2662 3962 2733 3962 2734 3962 2735 3963 2733 3963 2661 3963 2732 3964 2733 3964 2735 3964 2661 3965 2733 3965 2662 3965 2736 3966 2737 3966 2738 3966 2736 3967 2738 3967 2739 3967 2736 3968 2739 3968 2740 3968 2741 3969 2740 3969 2742 3969 2741 3970 2742 3970 2743 3970 2741 3971 2736 3971 2740 3971 2744 3972 2745 3972 2746 3972 2744 3973 2746 3973 2747 3973 2744 3974 2747 3974 2748 3974 2744 3975 2748 3975 2737 3975 2744 3976 2737 3976 2736 3976 2749 3977 2741 3977 2743 3977 2749 3978 2743 3978 2750 3978 2749 3979 2750 3979 2751 3979 2752 3980 2736 3980 2741 3980 2752 3981 2753 3981 2754 3981 2752 3982 2754 3982 2745 3982 2752 3983 2745 3983 2744 3983 2752 3984 2744 3984 2736 3984 2755 3985 2749 3985 2751 3985 2755 3986 2751 3986 2756 3986 2755 3987 2756 3987 2757 3987 2758 3988 2759 3988 2760 3988 2758 3989 2760 3989 2753 3989 2758 3990 2752 3990 2741 3990 2758 3991 2753 3991 2752 3991 2758 3992 2741 3992 2749 3992 2761 3993 2757 3993 2762 3993 2761 3994 2762 3994 2763 3994 2761 3995 2755 3995 2757 3995 2764 3996 2765 3996 2766 3996 2764 3997 2766 3997 2759 3997 2764 3998 2749 3998 2755 3998 2764 3999 2758 3999 2749 3999 2764 4000 2759 4000 2758 4000 2767 4001 2761 4001 2763 4001 2767 4002 2763 4002 2768 4002 2767 4003 2768 4003 2769 4003 2770 4004 2764 4004 2755 4004 2770 4005 2771 4005 2772 4005 2770 4006 2772 4006 2765 4006 2770 4007 2765 4007 2764 4007 2770 4008 2755 4008 2761 4008 2773 4009 2769 4009 2774 4009 2773 4010 2774 4010 2775 4010 2773 4011 2767 4011 2769 4011 2776 4012 2777 4012 2778 4012 2776 4013 2778 4013 2771 4013 2776 4014 2770 4014 2761 4014 2776 4015 2761 4015 2767 4015 2776 4016 2771 4016 2770 4016 2779 4017 2775 4017 2780 4017 2779 4018 2780 4018 2781 4018 2779 4019 2773 4019 2775 4019 2782 4020 2783 4020 2784 4020 2782 4021 2784 4021 2777 4021 2782 4022 2777 4022 2776 4022 2782 4023 2767 4023 2773 4023 2782 4024 2776 4024 2767 4024 2785 4025 2779 4025 2781 4025 2785 4026 2781 4026 2786 4026 2785 4027 2786 4027 2787 4027 2788 4028 2789 4028 2790 4028 2788 4029 2790 4029 2783 4029 2788 4030 2782 4030 2773 4030 2788 4031 2773 4031 2779 4031 2788 4032 2783 4032 2782 4032 2791 4033 2787 4033 2792 4033 2791 4034 2792 4034 2793 4034 2791 4035 2785 4035 2787 4035 2794 4036 2795 4036 2796 4036 2794 4037 2796 4037 2789 4037 2794 4038 2788 4038 2779 4038 2794 4039 2779 4039 2785 4039 2794 4040 2789 4040 2788 4040 2797 4041 2793 4041 2798 4041 2797 4042 2798 4042 2799 4042 2797 4043 2791 4043 2793 4043 2800 4044 2795 4044 2794 4044 2800 4045 2801 4045 2802 4045 2800 4046 2802 4046 2795 4046 2800 4047 2785 4047 2791 4047 2800 4048 2794 4048 2785 4048 2803 4049 2797 4049 2799 4049 2803 4050 2799 4050 2804 4050 2803 4051 2804 4051 2805 4051 2806 4052 2807 4052 2808 4052 2806 4053 2801 4053 2800 4053 2806 4054 2808 4054 2801 4054 2806 4055 2791 4055 2797 4055 2806 4056 2800 4056 2791 4056 2809 4057 2805 4057 2810 4057 2809 4058 2810 4058 2811 4058 2809 4059 2803 4059 2805 4059 2812 4060 2813 4060 2814 4060 2812 4061 2814 4061 2807 4061 2812 4062 2797 4062 2803 4062 2812 4063 2806 4063 2797 4063 2812 4064 2807 4064 2806 4064 2815 4065 2811 4065 2816 4065 2815 4066 2816 4066 2817 4066 2815 4067 2809 4067 2811 4067 2818 4068 2812 4068 2803 4068 2818 4069 2819 4069 2820 4069 2818 4070 2820 4070 2813 4070 2818 4071 2813 4071 2812 4071 2818 4072 2803 4072 2809 4072 2821 4073 2657 4073 2659 4073 2821 4074 2817 4074 2822 4074 2821 4075 2822 4075 2823 4075 2821 4076 2823 4076 2657 4076 2821 4077 2815 4077 2817 4077 2824 4078 2825 4078 2826 4078 2824 4079 2809 4079 2815 4079 2824 4080 2819 4080 2818 4080 2824 4081 2826 4081 2819 4081 2824 4082 2818 4082 2809 4082 2827 4083 2659 4083 2828 4083 2827 4084 2828 4084 2829 4084 2827 4085 2821 4085 2659 4085 2827 4086 2829 4086 2825 4086 2827 4087 2824 4087 2815 4087 2827 4088 2825 4088 2824 4088 2827 4089 2815 4089 2821 4089 2830 4090 2737 4090 2748 4090 2830 4091 2831 4091 2737 4091 2832 4092 2833 4092 2834 4092 2832 4093 2834 4093 2835 4093 2832 4094 2835 4094 2836 4094 2832 4095 2836 4095 2837 4095 2838 4096 2837 4096 2839 4096 2838 4097 2839 4097 2840 4097 2838 4098 2832 4098 2837 4098 2841 4099 2842 4099 2843 4099 2841 4100 2843 4100 2844 4100 2841 4101 2844 4101 2833 4101 2841 4102 2833 4102 2832 4102 2845 4103 2838 4103 2840 4103 2845 4104 2840 4104 2846 4104 2845 4105 2846 4105 2847 4105 2848 4106 2832 4106 2838 4106 2848 4107 2849 4107 2850 4107 2848 4108 2850 4108 2842 4108 2848 4109 2842 4109 2841 4109 2848 4110 2841 4110 2832 4110 2851 4111 2845 4111 2847 4111 2851 4112 2847 4112 2852 4112 2851 4113 2852 4113 2853 4113 2854 4114 2855 4114 2856 4114 2854 4115 2856 4115 2849 4115 2854 4116 2848 4116 2838 4116 2854 4117 2849 4117 2848 4117 2854 4118 2838 4118 2845 4118 2857 4119 2853 4119 2858 4119 2857 4120 2858 4120 2859 4120 2857 4121 2851 4121 2853 4121 2860 4122 2861 4122 2862 4122 2860 4123 2862 4123 2855 4123 2860 4124 2845 4124 2851 4124 2860 4125 2854 4125 2845 4125 2860 4126 2855 4126 2854 4126 2863 4127 2859 4127 2864 4127 2863 4128 2864 4128 2865 4128 2863 4129 2857 4129 2859 4129 2866 4130 2857 4130 2863 4130 2866 4131 2851 4131 2857 4131 2866 4132 2860 4132 2851 4132 2866 4133 2867 4133 2868 4133 2866 4134 2868 4134 2861 4134 2866 4135 2861 4135 2860 4135 2869 4136 2865 4136 2870 4136 2869 4137 2870 4137 2871 4137 2869 4138 2863 4138 2865 4138 2872 4139 2867 4139 2866 4139 2872 4140 2873 4140 2874 4140 2872 4141 2874 4141 2867 4141 2872 4142 2866 4142 2863 4142 2875 4143 2871 4143 2876 4143 2875 4144 2876 4144 2877 4144 2875 4145 2869 4145 2871 4145 2878 4146 2879 4146 2880 4146 2878 4147 2880 4147 2873 4147 2878 4148 2873 4148 2872 4148 2878 4149 2863 4149 2869 4149 2878 4150 2872 4150 2863 4150 2881 4151 2875 4151 2877 4151 2881 4152 2877 4152 2882 4152 2881 4153 2882 4153 2883 4153 2884 4154 2885 4154 2886 4154 2884 4155 2886 4155 2879 4155 2884 4156 2878 4156 2869 4156 2884 4157 2869 4157 2875 4157 2884 4158 2879 4158 2878 4158 2887 4159 2883 4159 2888 4159 2887 4160 2888 4160 2889 4160 2887 4161 2881 4161 2883 4161 2890 4162 2891 4162 2892 4162 2890 4163 2892 4163 2885 4163 2890 4164 2875 4164 2881 4164 2890 4165 2881 4165 2887 4165 2890 4166 2884 4166 2875 4166 2890 4167 2885 4167 2884 4167 2893 4168 2889 4168 2894 4168 2893 4169 2894 4169 2895 4169 2893 4170 2887 4170 2889 4170 2896 4171 2891 4171 2890 4171 2896 4172 2897 4172 2898 4172 2896 4173 2890 4173 2887 4173 2896 4174 2898 4174 2891 4174 2899 4175 2893 4175 2895 4175 2899 4176 2895 4176 2900 4176 2899 4177 2900 4177 2901 4177 2902 4178 2896 4178 2887 4178 2902 4179 2903 4179 2904 4179 2902 4180 2904 4180 2897 4180 2902 4181 2893 4181 2899 4181 2902 4182 2897 4182 2896 4182 2902 4183 2887 4183 2893 4183 2905 4184 2901 4184 2906 4184 2905 4185 2906 4185 2907 4185 2905 4186 2899 4186 2901 4186 2908 4187 2909 4187 2910 4187 2908 4188 2910 4188 2903 4188 2908 4189 2902 4189 2899 4189 2908 4190 2899 4190 2905 4190 2908 4191 2903 4191 2902 4191 2911 4192 2907 4192 2912 4192 2911 4193 2912 4193 2913 4193 2911 4194 2905 4194 2907 4194 2914 4195 2908 4195 2905 4195 2914 4196 2915 4196 2916 4196 2914 4197 2916 4197 2909 4197 2914 4198 2909 4198 2908 4198 2917 4199 2913 4199 2918 4199 2917 4200 2918 4200 2919 4200 2917 4201 2919 4201 2831 4201 2917 4202 2911 4202 2913 4202 2920 4203 2921 4203 2922 4203 2920 4204 2905 4204 2911 4204 2920 4205 2915 4205 2914 4205 2920 4206 2922 4206 2915 4206 2920 4207 2914 4207 2905 4207 2923 4208 2831 4208 2830 4208 2923 4209 2830 4209 2924 4209 2923 4210 2924 4210 2925 4210 2923 4211 2925 4211 2921 4211 2923 4212 2911 4212 2917 4212 2923 4213 2921 4213 2920 4213 2923 4214 2920 4214 2911 4214 2923 4215 2917 4215 2831 4215 2833 4216 2926 4216 2927 4216 2833 4217 2927 4217 2834 4217 2928 4218 2929 4218 2930 4218 2928 4219 2930 4219 2931 4219 2928 4220 2931 4220 2932 4220 2933 4221 2932 4221 2934 4221 2933 4222 2934 4222 2935 4222 2933 4223 2928 4223 2932 4223 2936 4224 2937 4224 2938 4224 2936 4225 2938 4225 2939 4225 2936 4226 2939 4226 2940 4226 2936 4227 2940 4227 2929 4227 2936 4228 2929 4228 2928 4228 2941 4229 2933 4229 2935 4229 2941 4230 2935 4230 2942 4230 2941 4231 2942 4231 2943 4231 2944 4232 2928 4232 2933 4232 2944 4233 2945 4233 2946 4233 2944 4234 2946 4234 2937 4234 2944 4235 2937 4235 2936 4235 2944 4236 2936 4236 2928 4236 2947 4237 2941 4237 2943 4237 2947 4238 2943 4238 2948 4238 2947 4239 2948 4239 2949 4239 2950 4240 2951 4240 2952 4240 2950 4241 2952 4241 2945 4241 2950 4242 2944 4242 2933 4242 2950 4243 2945 4243 2944 4243 2950 4244 2933 4244 2941 4244 2953 4245 2949 4245 2954 4245 2953 4246 2954 4246 2955 4246 2953 4247 2947 4247 2949 4247 2956 4248 2957 4248 2958 4248 2956 4249 2958 4249 2951 4249 2956 4250 2941 4250 2947 4250 2956 4251 2950 4251 2941 4251 2956 4252 2951 4252 2950 4252 2959 4253 2953 4253 2955 4253 2959 4254 2955 4254 2960 4254 2959 4255 2960 4255 2961 4255 2962 4256 2963 4256 2964 4256 2962 4257 2964 4257 2957 4257 2962 4258 2956 4258 2947 4258 2962 4259 2957 4259 2956 4259 2962 4260 2947 4260 2953 4260 2965 4261 2961 4261 2966 4261 2965 4262 2966 4262 2967 4262 2965 4263 2959 4263 2961 4263 2968 4264 2969 4264 2970 4264 2968 4265 2970 4265 2963 4265 2968 4266 2962 4266 2953 4266 2968 4267 2953 4267 2959 4267 2968 4268 2963 4268 2962 4268 2968 4269 2959 4269 2965 4269 2971 4270 2967 4270 2972 4270 2971 4271 2972 4271 2973 4271 2971 4272 2965 4272 2967 4272 2974 4273 2975 4273 2976 4273 2974 4274 2976 4274 2969 4274 2974 4275 2969 4275 2968 4275 2974 4276 2968 4276 2965 4276 2977 4277 2971 4277 2973 4277 2977 4278 2973 4278 2978 4278 2977 4279 2978 4279 2979 4279 2980 4280 2981 4280 2982 4280 2980 4281 2982 4281 2975 4281 2980 4282 2974 4282 2965 4282 2980 4283 2965 4283 2971 4283 2980 4284 2975 4284 2974 4284 2983 4285 2979 4285 2984 4285 2983 4286 2984 4286 2985 4286 2983 4287 2977 4287 2979 4287 2986 4288 2987 4288 2988 4288 2986 4289 2988 4289 2981 4289 2986 4290 2971 4290 2977 4290 2986 4291 2980 4291 2971 4291 2986 4292 2981 4292 2980 4292 2989 4293 2985 4293 2990 4293 2989 4294 2990 4294 2991 4294 2989 4295 2983 4295 2985 4295 2992 4296 2987 4296 2986 4296 2992 4297 2986 4297 2977 4297 2992 4298 2993 4298 2994 4298 2992 4299 2994 4299 2987 4299 2992 4300 2977 4300 2983 4300 2995 4301 2989 4301 2991 4301 2995 4302 2991 4302 2996 4302 2995 4303 2996 4303 2997 4303 2998 4304 2999 4304 3000 4304 2998 4305 3000 4305 2993 4305 2998 4306 2993 4306 2992 4306 2998 4307 2983 4307 2989 4307 2998 4308 2992 4308 2983 4308 3001 4309 2997 4309 3002 4309 3001 4310 3002 4310 3003 4310 3001 4311 2995 4311 2997 4311 3004 4312 3005 4312 3006 4312 3004 4313 3006 4313 2999 4313 3004 4314 2998 4314 2989 4314 3004 4315 2989 4315 2995 4315 3004 4316 2995 4316 3001 4316 3004 4317 2999 4317 2998 4317 3007 4318 3003 4318 3008 4318 3007 4319 3008 4319 3009 4319 3007 4320 3001 4320 3003 4320 3010 4321 3011 4321 3012 4321 3010 4322 3012 4322 3005 4322 3010 4323 3005 4323 3004 4323 3010 4324 3004 4324 3001 4324 3010 4325 3001 4325 3007 4325 3013 4326 3007 4326 3009 4326 3013 4327 3009 4327 3014 4327 3013 4328 3014 4328 3015 4328 3013 4329 3015 4329 2927 4329 3016 4330 3017 4330 3018 4330 3016 4331 3018 4331 3011 4331 3016 4332 3010 4332 3007 4332 3016 4333 3011 4333 3010 4333 3019 4334 2927 4334 2926 4334 3019 4335 2926 4335 3020 4335 3019 4336 3020 4336 3021 4336 3019 4337 3021 4337 3017 4337 3019 4338 3016 4338 3007 4338 3019 4339 3017 4339 3016 4339 3019 4340 3007 4340 3013 4340 3019 4341 3013 4341 2927 4341 2940 4342 3022 4342 3023 4342 2929 4343 2940 4343 3023 4343 3024 4344 3025 4344 3026 4344 3026 4345 3027 4345 3028 4345 3025 4346 3027 4346 3026 4346 3028 4347 3029 4347 3030 4347 3027 4348 3029 4348 3028 4348 3030 4349 3031 4349 3032 4349 3029 4350 3031 4350 3030 4350 3032 4351 3033 4351 3034 4351 3031 4352 3033 4352 3032 4352 3034 4353 3035 4353 3036 4353 3033 4354 3035 4354 3034 4354 3036 4355 3037 4355 3038 4355 3035 4356 3037 4356 3036 4356 3038 4357 3039 4357 3040 4357 3037 4358 3039 4358 3038 4358 3040 4359 3041 4359 3042 4359 3039 4360 3041 4360 3040 4360 3042 4361 3043 4361 3044 4361 3041 4362 3043 4362 3042 4362 3044 4363 3045 4363 3046 4363 3043 4364 3045 4364 3044 4364 3046 4365 3047 4365 3048 4365 3045 4366 3047 4366 3046 4366 3048 4367 3049 4367 3050 4367 3047 4368 3049 4368 3048 4368 3049 4369 3051 4369 3050 4369 3050 4370 3052 4370 3053 4370 3051 4371 3052 4371 3050 4371 3053 4372 3023 4372 3022 4372 3052 4373 3023 4373 3053 4373 3054 4374 3055 4374 3056 4374 3054 4375 3056 4375 2147 4375 3054 4376 2147 4376 2149 4376 3057 4377 2287 4377 3055 4377 3057 4378 3055 4378 3054 4378 3058 4379 2149 4379 3059 4379 3058 4380 3054 4380 2149 4380 3060 4381 2286 4381 2287 4381 3060 4382 3059 4382 3061 4382 3060 4383 3061 4383 2286 4383 3060 4384 2287 4384 3057 4384 3060 4385 3054 4385 3058 4385 3060 4386 3058 4386 3059 4386 3060 4387 3057 4387 3054 4387 3062 4388 3063 4388 3064 4388 3065 4389 3066 4389 3067 4389 3065 4390 3067 4390 3063 4390 3065 4391 3063 4391 3062 4391 3068 4392 3069 4392 3066 4392 3068 4393 3066 4393 3065 4393 3070 4394 3071 4394 3072 4394 3070 4395 3072 4395 3073 4395 3074 4396 3071 4396 3070 4396 3074 4397 3075 4397 3071 4397 3076 4398 3077 4398 3078 4398 3079 4399 3077 4399 3076 4399 3079 4400 3080 4400 3077 4400 3081 4401 3080 4401 3079 4401 3082 4402 3083 4402 3084 4402 3085 4403 3083 4403 3082 4403 3085 4404 3086 4404 3083 4404 3087 4405 3086 4405 3085 4405 3088 4406 3089 4406 3090 4406 3088 4407 3090 4407 3091 4407 3092 4408 3093 4408 3089 4408 3092 4409 3089 4409 3088 4409 3094 4410 3095 4410 3096 4410 3097 4411 3095 4411 3094 4411 3098 4412 3099 4412 3095 4412 3098 4413 3095 4413 3097 4413 3100 4414 3101 4414 3102 4414 3100 4415 3102 4415 3103 4415 3104 4416 3105 4416 3101 4416 3104 4417 3101 4417 3100 4417 3106 4418 3105 4418 3104 4418 3107 4419 3105 4419 3106 4419 3107 4420 3108 4420 3105 4420 3109 4421 3108 4421 3107 4421 3110 4422 3072 4422 3111 4422 3110 4423 3111 4423 3112 4423 3110 4424 3112 4424 3069 4424 3110 4425 3073 4425 3072 4425 3113 4426 3110 4426 3069 4426 3113 4427 3068 4427 3114 4427 3113 4428 3114 4428 3115 4428 3113 4429 3115 4429 3073 4429 3113 4430 3069 4430 3068 4430 3113 4431 3073 4431 3110 4431 3116 4432 3076 4432 3078 4432 3116 4433 3078 4433 3117 4433 3116 4434 3117 4434 3075 4434 3118 4435 3074 4435 3119 4435 3118 4436 3119 4436 3120 4436 3118 4437 3120 4437 3076 4437 3118 4438 3075 4438 3074 4438 3118 4439 3076 4439 3116 4439 3118 4440 3116 4440 3075 4440 3121 4441 3080 4441 3081 4441 3121 4442 3084 4442 3122 4442 3121 4443 3122 4443 3123 4443 3121 4444 3123 4444 3080 4444 3124 4445 3084 4445 3121 4445 3124 4446 3081 4446 3125 4446 3124 4447 3125 4447 3126 4447 3124 4448 3126 4448 3082 4448 3124 4449 3082 4449 3084 4449 3124 4450 3121 4450 3081 4450 3127 4451 3090 4451 3128 4451 3127 4452 3091 4452 3090 4452 3127 4453 3128 4453 3129 4453 3127 4454 3129 4454 3086 4454 3130 4455 3087 4455 3131 4455 3130 4456 3131 4456 3132 4456 3130 4457 3132 4457 3091 4457 3130 4458 3086 4458 3087 4458 3130 4459 3127 4459 3086 4459 3130 4460 3091 4460 3127 4460 3133 4461 3096 4461 3134 4461 3133 4462 3134 4462 3093 4462 3133 4463 3093 4463 3092 4463 3133 4464 3094 4464 3096 4464 3135 4465 3092 4465 3136 4465 3135 4466 3136 4466 3137 4466 3135 4467 3137 4467 3094 4467 3135 4468 3133 4468 3092 4468 3135 4469 3094 4469 3133 4469 3138 4470 3102 4470 3139 4470 3138 4471 3139 4471 3099 4471 3138 4472 3103 4472 3102 4472 3140 4473 3098 4473 3141 4473 3140 4474 3141 4474 3142 4474 3140 4475 3142 4475 3103 4475 3140 4476 3103 4476 3138 4476 3140 4477 3099 4477 3098 4477 3140 4478 3138 4478 3099 4478 3143 4479 3144 4479 3145 4479 3143 4480 3145 4480 3025 4480 3143 4481 3025 4481 3024 4481 3146 4482 3062 4482 3064 4482 3146 4483 3064 4483 3144 4483 3146 4484 3144 4484 3143 4484 3147 4485 3024 4485 3148 4485 3147 4486 3143 4486 3024 4486 3149 4487 3148 4487 3150 4487 3149 4488 3150 4488 3062 4488 3149 4489 3062 4489 3146 4489 3149 4490 3143 4490 3147 4490 3149 4491 3147 4491 3148 4491 3149 4492 3146 4492 3143 4492 3109 4493 3151 4493 3108 4493 3152 4494 3151 4494 3109 4494 3153 4495 3154 4495 3155 4495 3156 4496 3154 4496 3153 4496 3157 4497 3158 4497 3159 4497 3157 4498 3159 4498 3151 4498 3160 4499 3152 4499 3161 4499 3160 4500 3161 4500 3162 4500 3160 4501 3151 4501 3152 4501 3160 4502 3157 4502 3151 4502 3163 4503 3155 4503 3164 4503 3163 4504 3164 4504 3158 4504 3163 4505 3158 4505 3157 4505 3165 4506 3162 4506 3166 4506 3165 4507 3166 4507 3153 4507 3165 4508 3155 4508 3163 4508 3165 4509 3160 4509 3162 4509 3165 4510 3153 4510 3155 4510 3165 4511 3157 4511 3160 4511 3165 4512 3163 4512 3157 4512 3167 4513 3168 4513 3169 4513 3170 4514 3169 4514 3171 4514 3170 4515 3167 4515 3169 4515 3172 4516 3171 4516 3173 4516 3172 4517 3170 4517 3171 4517 3174 4518 3175 4518 3168 4518 3174 4519 3168 4519 3167 4519 3176 4520 3173 4520 3177 4520 3176 4521 3172 4521 3173 4521 3178 4522 3174 4522 3167 4522 3178 4523 3167 4523 3170 4523 3179 4524 3177 4524 3180 4524 3179 4525 3176 4525 3177 4525 3181 4526 3178 4526 3170 4526 3181 4527 3170 4527 3172 4527 3182 4528 3183 4528 3184 4528 3182 4529 3184 4529 3185 4529 3182 4530 3185 4530 3175 4530 3182 4531 3175 4531 3174 4531 3186 4532 3180 4532 3187 4532 3186 4533 3179 4533 3180 4533 3188 4534 3181 4534 3172 4534 3188 4535 3172 4535 3176 4535 3189 4536 3190 4536 3191 4536 3189 4537 3191 4537 3183 4537 3189 4538 3174 4538 3178 4538 3189 4539 3182 4539 3174 4539 3189 4540 3183 4540 3182 4540 3192 4541 3187 4541 3193 4541 3192 4542 3186 4542 3187 4542 3194 4543 3176 4543 3179 4543 3194 4544 3188 4544 3176 4544 3195 4545 3190 4545 3189 4545 3195 4546 3196 4546 3197 4546 3195 4547 3197 4547 3190 4547 3195 4548 3189 4548 3178 4548 3195 4549 3178 4549 3181 4549 3198 4550 3193 4550 3199 4550 3198 4551 3192 4551 3193 4551 3200 4552 3179 4552 3186 4552 3200 4553 3194 4553 3179 4553 3201 4554 3181 4554 3188 4554 3201 4555 3202 4555 3203 4555 3201 4556 3203 4556 3196 4556 3201 4557 3196 4557 3195 4557 3201 4558 3195 4558 3181 4558 3204 4559 3198 4559 3199 4559 3204 4560 3199 4560 3205 4560 3206 4561 3200 4561 3186 4561 3206 4562 3186 4562 3192 4562 3207 4563 3208 4563 3209 4563 3207 4564 3209 4564 3202 4564 3207 4565 3201 4565 3188 4565 3207 4566 3202 4566 3201 4566 3207 4567 3188 4567 3194 4567 3210 4568 3204 4568 3205 4568 3210 4569 3205 4569 3211 4569 3212 4570 3206 4570 3192 4570 3212 4571 3192 4571 3198 4571 3213 4572 3214 4572 3215 4572 3213 4573 3215 4573 3208 4573 3213 4574 3208 4574 3207 4574 3213 4575 3207 4575 3194 4575 3213 4576 3194 4576 3200 4576 3216 4577 3211 4577 3217 4577 3216 4578 3210 4578 3211 4578 3216 4579 3217 4579 3218 4579 3219 4580 3212 4580 3198 4580 3219 4581 3198 4581 3204 4581 3220 4582 3214 4582 3213 4582 3220 4583 3221 4583 3222 4583 3220 4584 3222 4584 3214 4584 3220 4585 3213 4585 3200 4585 3220 4586 3200 4586 3206 4586 3223 4587 3204 4587 3210 4587 3223 4588 3219 4588 3204 4588 3224 4589 3221 4589 3220 4589 3224 4590 3225 4590 3226 4590 3224 4591 3226 4591 3221 4591 3224 4592 3206 4592 3212 4592 3224 4593 3212 4593 3219 4593 3224 4594 3220 4594 3206 4594 3227 4595 3218 4595 3228 4595 3227 4596 3210 4596 3216 4596 3227 4597 3223 4597 3210 4597 3227 4598 3216 4598 3218 4598 3229 4599 3230 4599 3231 4599 3229 4600 3231 4600 3225 4600 3229 4601 3225 4601 3224 4601 3229 4602 3224 4602 3219 4602 3232 4603 3233 4603 3234 4603 3232 4604 3234 4604 3230 4604 3232 4605 3230 4605 3229 4605 3232 4606 3219 4606 3223 4606 3232 4607 3229 4607 3219 4607 3235 4608 3228 4608 3236 4608 3235 4609 3236 4609 3237 4609 3235 4610 3237 4610 3233 4610 3235 4611 3233 4611 3232 4611 3235 4612 3227 4612 3228 4612 3235 4613 3223 4613 3227 4613 3235 4614 3232 4614 3223 4614 3218 4615 3238 4615 3239 4615 3218 4616 3239 4616 3228 4616 3240 4617 3241 4617 3242 4617 3243 4618 3241 4618 3240 4618 3244 4619 3241 4619 3243 4619 3241 4620 3245 4620 3242 4620 3246 4621 3245 4621 3247 4621 3242 4622 3245 4622 3246 4622 3248 4623 3249 4623 3244 4623 3244 4624 3249 4624 3241 4624 3250 4625 3251 4625 3252 4625 3247 4626 3251 4626 3250 4626 3245 4627 3251 4627 3247 4627 3249 4628 3253 4628 3241 4628 3241 4629 3253 4629 3245 4629 3254 4630 3255 4630 3248 4630 3256 4631 3255 4631 3254 4631 3257 4632 3255 4632 3256 4632 3248 4633 3255 4633 3249 4633 3258 4634 3259 4634 3260 4634 3252 4635 3259 4635 3258 4635 3251 4636 3259 4636 3252 4636 3253 4637 3261 4637 3245 4637 3245 4638 3261 4638 3251 4638 3262 4639 3263 4639 3257 4639 3264 4640 3263 4640 3262 4640 3255 4641 3263 4641 3249 4641 3249 4642 3263 4642 3253 4642 3257 4643 3263 4643 3255 4643 3259 4644 3265 4644 3260 4644 3266 4645 3265 4645 3267 4645 3260 4646 3265 4646 3266 4646 3251 4647 3268 4647 3259 4647 3261 4648 3268 4648 3251 4648 3269 4649 3270 4649 3264 4649 3271 4650 3270 4650 3269 4650 3253 4651 3270 4651 3261 4651 3264 4652 3270 4652 3263 4652 3263 4653 3270 4653 3253 4653 3265 4654 3272 4654 3267 4654 3273 4655 3272 4655 3274 4655 3267 4656 3272 4656 3273 4656 3268 4657 3275 4657 3259 4657 3259 4658 3275 4658 3265 4658 3261 4659 3276 4659 3268 4659 3271 4660 3276 4660 3270 4660 3270 4661 3276 4661 3261 4661 3277 4662 3276 4662 3271 4662 3278 4663 3276 4663 3277 4663 3279 4664 3280 4664 3281 4664 3274 4665 3280 4665 3279 4665 3272 4666 3280 4666 3274 4666 3265 4667 3282 4667 3272 4667 3275 4668 3282 4668 3265 4668 3283 4669 3284 4669 3278 4669 3285 4670 3284 4670 3283 4670 3278 4671 3284 4671 3276 4671 3268 4672 3284 4672 3275 4672 3276 4673 3284 4673 3268 4673 3286 4674 3287 4674 3288 4674 3281 4675 3287 4675 3286 4675 3280 4676 3287 4676 3281 4676 3282 4677 3289 4677 3272 4677 3272 4678 3289 4678 3280 4678 3285 4679 3290 4679 3284 4679 3291 4680 3290 4680 3285 4680 3292 4681 3290 4681 3291 4681 3275 4682 3290 4682 3282 4682 3284 4683 3290 4683 3275 4683 3293 4684 3294 4684 3295 4684 3288 4685 3294 4685 3293 4685 3287 4686 3294 4686 3288 4686 3280 4687 3296 4687 3287 4687 3289 4688 3296 4688 3280 4688 3297 4689 3298 4689 3292 4689 3299 4690 3298 4690 3297 4690 3289 4691 3298 4691 3296 4691 3290 4692 3298 4692 3282 4692 3292 4693 3298 4693 3290 4693 3282 4694 3298 4694 3289 4694 3300 4695 3301 4695 3302 4695 3295 4696 3301 4696 3300 4696 3294 4697 3301 4697 3295 4697 3287 4698 3303 4698 3294 4698 3296 4699 3303 4699 3287 4699 3304 4700 3305 4700 3299 4700 3306 4701 3305 4701 3304 4701 3298 4702 3305 4702 3296 4702 3299 4703 3305 4703 3298 4703 3301 4704 3307 4704 3302 4704 3308 4705 3307 4705 3309 4705 3302 4706 3307 4706 3308 4706 3294 4707 3310 4707 3301 4707 3303 4708 3310 4708 3294 4708 3301 4709 3310 4709 3307 4709 3296 4710 3311 4710 3303 4710 3312 4711 3311 4711 3306 4711 3313 4712 3311 4712 3312 4712 3305 4713 3311 4713 3296 4713 3306 4714 3311 4714 3305 4714 3307 4715 3314 4715 3309 4715 3315 4716 3314 4716 3316 4716 3309 4717 3314 4717 3315 4717 3310 4718 3317 4718 3307 4718 3313 4719 3318 4719 3311 4719 3319 4720 3318 4720 3313 4720 3320 4721 3318 4721 3319 4721 3310 4722 3318 4722 3317 4722 3303 4723 3318 4723 3310 4723 3311 4724 3318 4724 3303 4724 3314 4725 3321 4725 3316 4725 3322 4726 3321 4726 3323 4726 3316 4727 3321 4727 3322 4727 3307 4728 3324 4728 3314 4728 3317 4729 3324 4729 3307 4729 3314 4730 3324 4730 3321 4730 3325 4731 3326 4731 3320 4731 3327 4732 3326 4732 3325 4732 3318 4733 3326 4733 3317 4733 3320 4734 3326 4734 3318 4734 3321 4735 3328 4735 3323 4735 3329 4736 3328 4736 3330 4736 3323 4737 3328 4737 3329 4737 3324 4738 3331 4738 3321 4738 3327 4739 3332 4739 3326 4739 3333 4740 3332 4740 3327 4740 3334 4741 3332 4741 3333 4741 3326 4742 3332 4742 3317 4742 3317 4743 3332 4743 3324 4743 3335 4744 3336 4744 3238 4744 3337 4745 3336 4745 3335 4745 3330 4746 3336 4746 3337 4746 3328 4747 3336 4747 3330 4747 3321 4748 3338 4748 3328 4748 3331 4749 3338 4749 3321 4749 3324 4750 3339 4750 3331 4750 3334 4751 3339 4751 3332 4751 3340 4752 3339 4752 3334 4752 3341 4753 3339 4753 3340 4753 3332 4754 3339 4754 3324 4754 3336 4755 3342 4755 3238 4755 3328 4756 3342 4756 3336 4756 3338 4757 3342 4757 3328 4757 3238 4758 3342 4758 3239 4758 3343 4759 3344 4759 3341 4759 3345 4760 3344 4760 3343 4760 3341 4761 3344 4761 3339 4761 3331 4762 3344 4762 3338 4762 3339 4763 3344 4763 3331 4763 3346 4764 3347 4764 3345 4764 3348 4765 3347 4765 3346 4765 3239 4766 3347 4766 3348 4766 3345 4767 3347 4767 3344 4767 3342 4768 3347 4768 3239 4768 3338 4769 3347 4769 3342 4769 3344 4770 3347 4770 3338 4770 3349 4771 3248 4771 3244 4771 3350 4772 3349 4772 3244 4772 3351 4773 3352 4773 3353 4773 3351 4774 3353 4774 3354 4774 3355 4775 3351 4775 3354 4775 3355 4776 3354 4776 3356 4776 3357 4777 3356 4777 3358 4777 3357 4778 3355 4778 3356 4778 3359 4779 3352 4779 3351 4779 3359 4780 3360 4780 3352 4780 3361 4781 3357 4781 3358 4781 3361 4782 3358 4782 3362 4782 3363 4783 3351 4783 3355 4783 3363 4784 3359 4784 3351 4784 3364 4785 3362 4785 3365 4785 3364 4786 3361 4786 3362 4786 3366 4787 3363 4787 3355 4787 3366 4788 3355 4788 3357 4788 3367 4789 3368 4789 3369 4789 3367 4790 3369 4790 3370 4790 3367 4791 3370 4791 3360 4791 3367 4792 3360 4792 3359 4792 3371 4793 3365 4793 3372 4793 3371 4794 3364 4794 3365 4794 3373 4795 3366 4795 3357 4795 3373 4796 3357 4796 3361 4796 3374 4797 3375 4797 3376 4797 3374 4798 3376 4798 3368 4798 3374 4799 3367 4799 3359 4799 3374 4800 3368 4800 3367 4800 3374 4801 3359 4801 3363 4801 3377 4802 3372 4802 3378 4802 3377 4803 3371 4803 3372 4803 3379 4804 3373 4804 3361 4804 3379 4805 3361 4805 3364 4805 3380 4806 3381 4806 3382 4806 3380 4807 3382 4807 3375 4807 3380 4808 3375 4808 3374 4808 3380 4809 3374 4809 3363 4809 3380 4810 3363 4810 3366 4810 3383 4811 3377 4811 3378 4811 3383 4812 3378 4812 3384 4812 3385 4813 3379 4813 3364 4813 3385 4814 3364 4814 3371 4814 3386 4815 3381 4815 3380 4815 3386 4816 3387 4816 3388 4816 3386 4817 3388 4817 3381 4817 3386 4818 3366 4818 3373 4818 3386 4819 3380 4819 3366 4819 3389 4820 3383 4820 3384 4820 3389 4821 3384 4821 3390 4821 3391 4822 3371 4822 3377 4822 3391 4823 3385 4823 3371 4823 3391 4824 3377 4824 3383 4824 3392 4825 3393 4825 3394 4825 3392 4826 3394 4826 3387 4826 3392 4827 3373 4827 3379 4827 3392 4828 3386 4828 3373 4828 3392 4829 3387 4829 3386 4829 3395 4830 3389 4830 3390 4830 3395 4831 3390 4831 3396 4831 3397 4832 3391 4832 3383 4832 3398 4833 3399 4833 3400 4833 3398 4834 3400 4834 3393 4834 3398 4835 3379 4835 3385 4835 3398 4836 3392 4836 3379 4836 3398 4837 3393 4837 3392 4837 3401 4838 3396 4838 3402 4838 3401 4839 3395 4839 3396 4839 3403 4840 3383 4840 3389 4840 3403 4841 3397 4841 3383 4841 3404 4842 3405 4842 3406 4842 3404 4843 3406 4843 3399 4843 3404 4844 3391 4844 3397 4844 3404 4845 3399 4845 3398 4845 3404 4846 3398 4846 3385 4846 3404 4847 3385 4847 3391 4847 3407 4848 3402 4848 3408 4848 3407 4849 3401 4849 3402 4849 3409 4850 3389 4850 3395 4850 3409 4851 3395 4851 3401 4851 3409 4852 3403 4852 3389 4852 3410 4853 3411 4853 3412 4853 3410 4854 3412 4854 3405 4854 3410 4855 3404 4855 3397 4855 3410 4856 3405 4856 3404 4856 3413 4857 3408 4857 3414 4857 3413 4858 3407 4858 3408 4858 3415 4859 3409 4859 3401 4859 3416 4860 3411 4860 3410 4860 3416 4861 3417 4861 3418 4861 3416 4862 3418 4862 3411 4862 3416 4863 3397 4863 3403 4863 3416 4864 3410 4864 3397 4864 3419 4865 3414 4865 3420 4865 3419 4866 3413 4866 3414 4866 3421 4867 3401 4867 3407 4867 3421 4868 3415 4868 3401 4868 3422 4869 3423 4869 3424 4869 3422 4870 3424 4870 3417 4870 3422 4871 3409 4871 3415 4871 3422 4872 3417 4872 3416 4872 3422 4873 3403 4873 3409 4873 3422 4874 3416 4874 3403 4874 3425 4875 3420 4875 3349 4875 3425 4876 3419 4876 3420 4876 3426 4877 3421 4877 3407 4877 3426 4878 3407 4878 3413 4878 3427 4879 3428 4879 3429 4879 3427 4880 3429 4880 3423 4880 3427 4881 3423 4881 3422 4881 3427 4882 3422 4882 3415 4882 3430 4883 3426 4883 3413 4883 3430 4884 3413 4884 3419 4884 3431 4885 3432 4885 3433 4885 3431 4886 3433 4886 3428 4886 3431 4887 3427 4887 3415 4887 3431 4888 3428 4888 3427 4888 3431 4889 3415 4889 3421 4889 3434 4890 3349 4890 3350 4890 3434 4891 3419 4891 3425 4891 3434 4892 3430 4892 3419 4892 3434 4893 3425 4893 3349 4893 3435 4894 3421 4894 3426 4894 3435 4895 3436 4895 3437 4895 3435 4896 3437 4896 3432 4896 3435 4897 3432 4897 3431 4897 3435 4898 3431 4898 3421 4898 3438 4899 3436 4899 3435 4899 3438 4900 3439 4900 3440 4900 3438 4901 3440 4901 3436 4901 3438 4902 3426 4902 3430 4902 3438 4903 3430 4903 3434 4903 3438 4904 3435 4904 3426 4904 3441 4905 3350 4905 3442 4905 3441 4906 3442 4906 3443 4906 3441 4907 3443 4907 3439 4907 3441 4908 3439 4908 3438 4908 3441 4909 3438 4909 3434 4909 3441 4910 3434 4910 3350 4910 3360 4911 3444 4911 3445 4911 3360 4912 3445 4912 3352 4912 3446 4913 3175 4913 3447 4913 3446 4914 3447 4914 3448 4914 3446 4915 3448 4915 3449 4915 3446 4916 3449 4916 3450 4916 3451 4917 3450 4917 3452 4917 3451 4918 3452 4918 3453 4918 3451 4919 3453 4919 3168 4919 3451 4920 3168 4920 3175 4920 3451 4921 3446 4921 3450 4921 3451 4922 3175 4922 3446 4922 3454 4923 3452 4923 3450 4923 3454 4924 3450 4924 3154 4924 3455 4925 3154 4925 3156 4925 3455 4926 3156 4926 3452 4926 3455 4927 3452 4927 3454 4927 3455 4928 3454 4928 3154 4928 2347 4929 2346 4929 2341 4929 2317 4930 2323 4930 2322 4930 2311 4931 2317 4931 2316 4931 2359 4932 2358 4932 2353 4932 2305 4933 2311 4933 2310 4933 2305 4934 2323 4934 2317 4934 2305 4935 2317 4935 2311 4935 2364 4936 2352 4936 2347 4936 2364 4937 2353 4937 2352 4937 2364 4938 2359 4938 2353 4938 2295 4939 2298 4939 2297 4939 2295 4940 2304 4940 2298 4940 2295 4941 2305 4941 2304 4941 2295 4942 2328 4942 2323 4942 2295 4943 2329 4943 2328 4943 2295 4944 2334 4944 2329 4944 2295 4945 2335 4945 2334 4945 2295 4946 2340 4946 2335 4946 2295 4947 2341 4947 2340 4947 2295 4948 2347 4948 2341 4948 2295 4949 2323 4949 2305 4949 2376 4950 2365 4950 2364 4950 2376 4951 2370 4951 2365 4951 2376 4952 2371 4952 2370 4952 2293 4953 2295 4953 2294 4953 2289 4954 2347 4954 2295 4954 2289 4955 2295 4955 2293 4955 2289 4956 2293 4956 2292 4956 2289 4957 2377 4957 2376 4957 2289 4958 2364 4958 2347 4958 2289 4959 2376 4959 2364 4959 3456 4960 2289 4960 2292 4960 3457 4961 2289 4961 3456 4961 3458 4962 3456 4962 2292 4962 3459 4963 2289 4963 3457 4963 3460 4964 3458 4964 2292 4964 3461 4965 2289 4965 3459 4965 3462 4966 3460 4966 2292 4966 3463 4967 2289 4967 3461 4967 3464 4968 3462 4968 2292 4968 3465 4969 2289 4969 3463 4969 3466 4970 3464 4970 2292 4970 3467 4971 2289 4971 3465 4971 3468 4972 3466 4972 2292 4972 3469 4973 2289 4973 3467 4973 3470 4974 3468 4974 2292 4974 3471 4975 2289 4975 3469 4975 3472 4976 3470 4976 2292 4976 3473 4977 2256 4977 2289 4977 3473 4978 2289 4978 3471 4978 3474 4979 3472 4979 2292 4979 3475 4980 2256 4980 3473 4980 3476 4981 3474 4981 2292 4981 3477 4982 2256 4982 3475 4982 3478 4983 3476 4983 2292 4983 3479 4984 2256 4984 3477 4984 3480 4985 3478 4985 2292 4985 3481 4986 2256 4986 3479 4986 3482 4987 3480 4987 2292 4987 3483 4988 2256 4988 3481 4988 3484 4989 3482 4989 2292 4989 3485 4990 2256 4990 3483 4990 3486 4991 3484 4991 2292 4991 3487 4992 2256 4992 3485 4992 3488 4993 2256 4993 3487 4993 3489 4994 2256 4994 3488 4994 3490 4995 2256 4995 3489 4995 3491 4996 2256 4996 3490 4996 2384 4997 3486 4997 2292 4997 2384 4998 3492 4998 3493 4998 2384 4999 3493 4999 3494 4999 2384 5000 3494 5000 3495 5000 2384 5001 3495 5001 3486 5001 3496 5002 3492 5002 2384 5002 3497 5003 2256 5003 3491 5003 3498 5004 3496 5004 2384 5004 3499 5005 2256 5005 3497 5005 2467 5006 2473 5006 2472 5006 2467 5007 2384 5007 2473 5007 3500 5008 3498 5008 2384 5008 3501 5009 2257 5009 2256 5009 3501 5010 2256 5010 3499 5010 3502 5011 3500 5011 2384 5011 2461 5012 2467 5012 2466 5012 3503 5013 2257 5013 3501 5013 3504 5014 3502 5014 2384 5014 3505 5015 2260 5015 2257 5015 3505 5016 2257 5016 3503 5016 2455 5017 2467 5017 2461 5017 2455 5018 2461 5018 2460 5018 3506 5019 3504 5019 2384 5019 3507 5020 2260 5020 3505 5020 2449 5021 2467 5021 2455 5021 2449 5022 2455 5022 2454 5022 3508 5023 3506 5023 2384 5023 3509 5024 2260 5024 3507 5024 2448 5025 2384 5025 2467 5025 2448 5026 2467 5026 2449 5026 3510 5027 3508 5027 2384 5027 2443 5028 2384 5028 2448 5028 3511 5029 2262 5029 2260 5029 3511 5030 2260 5030 3509 5030 3512 5031 3510 5031 2384 5031 2442 5032 2384 5032 2443 5032 3513 5033 2262 5033 3511 5033 3514 5034 3512 5034 2384 5034 3515 5035 2264 5035 2262 5035 3515 5036 2262 5036 3513 5036 2436 5037 2442 5037 2437 5037 3516 5038 3514 5038 2384 5038 2431 5039 2384 5039 2442 5039 2431 5040 2442 5040 2436 5040 3517 5041 2264 5041 3515 5041 3518 5042 3516 5042 2384 5042 2430 5043 2384 5043 2431 5043 3519 5044 2264 5044 3517 5044 2425 5045 2384 5045 2430 5045 3520 5046 2266 5046 2264 5046 3520 5047 2264 5047 3519 5047 3521 5048 2266 5048 3520 5048 2418 5049 2424 5049 2419 5049 3522 5050 2268 5050 2266 5050 3522 5051 2266 5051 3521 5051 2413 5052 2384 5052 2425 5052 2413 5053 2424 5053 2418 5053 2413 5054 2425 5054 2424 5054 3523 5055 2268 5055 3522 5055 2401 5056 2407 5056 2406 5056 2401 5057 2412 5057 2407 5057 2401 5058 2413 5058 2412 5058 2394 5059 2401 5059 2400 5059 2391 5060 2413 5060 2401 5060 2391 5061 2401 5061 2394 5061 2391 5062 2394 5062 2393 5062 2388 5063 3518 5063 2384 5063 2388 5064 2384 5064 2413 5064 2388 5065 2390 5065 2389 5065 2388 5066 2391 5066 2390 5066 2388 5067 3524 5067 3525 5067 2388 5068 2413 5068 2391 5068 2388 5069 3525 5069 3526 5069 2388 5070 3526 5070 3527 5070 2388 5071 3527 5071 3528 5071 2388 5072 3528 5072 3529 5072 2388 5073 3529 5073 3530 5073 2388 5074 3530 5074 3531 5074 2388 5075 3531 5075 3532 5075 2388 5076 3532 5076 3533 5076 2388 5077 3533 5077 3534 5077 2388 5078 3534 5078 3518 5078 3535 5079 3524 5079 2388 5079 3536 5080 3535 5080 2388 5080 3537 5081 3536 5081 2388 5081 2617 5082 3538 5082 3539 5082 2617 5083 3539 5083 3540 5083 2619 5084 2617 5084 3540 5084 2619 5085 3540 5085 3541 5085 2614 5086 3542 5086 3543 5086 2614 5087 3543 5087 3538 5087 2614 5088 3538 5088 2617 5088 2623 5089 2619 5089 3541 5089 2623 5090 3541 5090 3544 5090 2623 5091 3544 5091 3545 5091 2612 5092 2270 5092 2268 5092 2612 5093 3523 5093 3542 5093 2612 5094 3542 5094 2614 5094 2612 5095 2268 5095 3523 5095 2624 5096 2623 5096 3545 5096 2624 5097 3545 5097 3546 5097 2624 5098 3546 5098 3547 5098 2609 5099 2270 5099 2612 5099 2627 5100 3547 5100 3548 5100 2627 5101 3548 5101 3549 5101 2627 5102 2624 5102 3547 5102 2607 5103 2272 5103 2270 5103 2607 5104 2270 5104 2609 5104 2629 5105 3549 5105 3550 5105 2629 5106 3550 5106 3551 5106 2629 5107 2627 5107 3549 5107 2604 5108 2274 5108 2272 5108 2604 5109 2272 5109 2607 5109 2632 5110 3551 5110 3552 5110 2632 5111 3552 5111 3553 5111 2632 5112 2629 5112 3551 5112 2602 5113 2276 5113 2274 5113 2602 5114 2274 5114 2604 5114 2634 5115 3553 5115 3554 5115 2634 5116 3554 5116 3555 5116 2634 5117 2632 5117 3553 5117 2599 5118 2276 5118 2602 5118 2637 5119 3555 5119 3556 5119 2637 5120 3556 5120 3557 5120 2637 5121 2634 5121 3555 5121 2597 5122 2278 5122 2276 5122 2597 5123 2276 5123 2599 5123 2639 5124 3557 5124 3558 5124 2639 5125 3558 5125 3559 5125 2639 5126 2637 5126 3557 5126 2594 5127 2280 5127 2278 5127 2594 5128 2278 5128 2597 5128 2643 5129 3559 5129 3560 5129 2643 5130 3560 5130 3561 5130 2643 5131 2639 5131 3559 5131 2592 5132 2282 5132 2280 5132 2592 5133 2280 5133 2594 5133 2644 5134 2643 5134 3561 5134 2644 5135 3561 5135 3562 5135 2589 5136 2282 5136 2592 5136 2648 5137 2644 5137 3562 5137 2648 5138 3562 5138 3563 5138 2648 5139 3563 5139 3564 5139 2587 5140 2285 5140 2282 5140 2587 5141 2282 5141 2589 5141 2649 5142 2648 5142 3564 5142 2649 5143 3564 5143 3565 5143 2649 5144 3565 5144 3566 5144 2584 5145 2285 5145 2587 5145 2584 5146 2287 5146 2285 5146 2653 5147 2649 5147 3566 5147 2653 5148 3566 5148 3567 5148 2653 5149 3567 5149 3568 5149 2582 5150 3055 5150 2287 5150 2582 5151 2287 5151 2584 5151 2577 5152 3056 5152 3055 5152 2577 5153 2147 5153 3056 5153 2577 5154 3055 5154 2582 5154 2481 5155 2653 5155 3568 5155 2481 5156 2581 5156 2653 5156 2481 5157 2483 5157 2581 5157 2481 5158 3568 5158 3569 5158 2481 5159 3569 5159 3570 5159 2481 5160 3570 5160 3571 5160 2481 5161 3571 5161 3572 5161 2481 5162 3572 5162 3573 5162 2481 5163 3573 5163 3574 5163 2481 5164 3574 5164 3575 5164 2481 5165 3575 5165 3576 5165 2481 5166 3576 5166 3577 5166 2481 5167 3577 5167 3578 5167 2481 5168 3578 5168 3579 5168 2481 5169 3579 5169 3580 5169 2481 5170 3580 5170 3581 5170 2481 5171 3581 5171 3537 5171 2481 5172 3537 5172 2388 5172 2576 5173 2147 5173 2577 5173 2557 5174 2563 5174 2562 5174 2557 5175 2568 5175 2563 5175 2557 5176 2569 5176 2568 5176 2557 5177 2481 5177 2569 5177 2496 5178 2485 5178 2484 5178 2496 5179 2486 5179 2485 5179 2496 5180 2488 5180 2486 5180 2496 5181 2489 5181 2488 5181 2497 5182 2496 5182 2484 5182 2497 5183 2484 5183 2483 5183 2550 5184 2556 5184 2551 5184 2503 5185 2497 5185 2483 5185 2503 5186 2502 5186 2497 5186 2508 5187 2503 5187 2483 5187 2544 5188 2550 5188 2545 5188 2544 5189 2557 5189 2556 5189 2544 5190 2481 5190 2557 5190 2544 5191 2556 5191 2550 5191 2539 5192 2483 5192 2481 5192 2539 5193 2481 5193 2544 5193 2539 5194 2508 5194 2483 5194 2514 5195 2509 5195 2508 5195 2520 5196 2514 5196 2508 5196 2520 5197 2515 5197 2514 5197 2532 5198 2538 5198 2533 5198 2532 5199 2539 5199 2538 5199 2532 5200 2508 5200 2539 5200 2521 5201 2520 5201 2508 5201 2526 5202 2532 5202 2527 5202 2526 5203 2508 5203 2532 5203 2526 5204 2521 5204 2508 5204 2656 5205 2147 5205 2576 5205 2656 5206 3064 5206 2147 5206 2662 5207 3064 5207 2656 5207 2662 5208 3144 5208 3064 5208 2734 5209 3144 5209 2662 5209 2734 5210 3145 5210 3144 5210 2734 5211 3025 5211 3145 5211 2730 5212 3025 5212 2734 5212 2730 5213 3027 5213 3025 5213 2729 5214 3029 5214 3027 5214 2729 5215 3027 5215 2730 5215 2725 5216 3029 5216 2729 5216 2724 5217 3031 5217 3029 5217 2724 5218 3029 5218 2725 5218 2720 5219 3031 5219 2724 5219 2720 5220 3033 5220 3031 5220 2718 5221 3033 5221 2720 5221 2718 5222 3035 5222 3033 5222 2715 5223 3035 5223 2718 5223 2713 5224 3035 5224 2715 5224 2713 5225 3037 5225 3035 5225 2710 5226 3037 5226 2713 5226 2710 5227 3039 5227 3037 5227 2708 5228 3039 5228 2710 5228 2708 5229 3041 5229 3039 5229 2705 5230 3041 5230 2708 5230 2704 5231 3041 5231 2705 5231 2704 5232 3043 5232 3041 5232 3582 5233 3047 5233 3583 5233 3584 5234 3583 5234 3047 5234 3584 5235 3047 5235 3045 5235 3585 5236 3047 5236 3582 5236 3585 5237 3049 5237 3047 5237 3586 5238 3584 5238 3045 5238 3587 5239 3049 5239 3585 5239 3588 5240 3045 5240 3043 5240 3588 5241 3586 5241 3045 5241 3589 5242 3049 5242 3587 5242 3589 5243 3051 5243 3049 5243 3590 5244 3588 5244 3043 5244 3590 5245 3043 5245 2704 5245 3591 5246 3051 5246 3589 5246 3592 5247 2704 5247 2700 5247 3592 5248 3590 5248 2704 5248 3593 5249 3051 5249 3591 5249 3594 5250 3592 5250 2700 5250 3595 5251 3051 5251 3593 5251 3595 5252 3052 5252 3051 5252 3596 5253 3594 5253 2700 5253 3596 5254 2700 5254 2698 5254 3597 5255 3052 5255 3595 5255 3598 5256 3596 5256 2698 5256 3599 5257 3052 5257 3597 5257 3599 5258 3023 5258 3052 5258 3600 5259 2698 5259 2695 5259 3600 5260 3598 5260 2698 5260 3601 5261 3023 5261 3599 5261 3602 5262 3600 5262 2695 5262 3602 5263 2695 5263 2693 5263 3603 5264 3023 5264 3601 5264 3604 5265 3602 5265 2693 5265 3605 5266 3023 5266 3603 5266 3606 5267 2693 5267 2690 5267 3606 5268 3604 5268 2693 5268 3607 5269 3023 5269 3605 5269 3608 5270 3606 5270 2690 5270 3609 5271 3023 5271 3607 5271 3610 5272 3608 5272 2690 5272 3610 5273 2690 5273 2688 5273 3611 5274 3023 5274 3609 5274 3612 5275 3610 5275 2688 5275 3613 5276 3023 5276 3611 5276 3614 5277 3612 5277 2688 5277 3614 5278 2688 5278 2685 5278 3615 5279 3023 5279 3613 5279 3616 5280 3614 5280 2685 5280 3617 5281 3023 5281 3615 5281 3618 5282 3616 5282 2685 5282 3618 5283 2685 5283 2683 5283 3619 5284 3023 5284 3617 5284 3620 5285 3618 5285 2683 5285 3621 5286 3023 5286 3619 5286 3622 5287 2683 5287 2680 5287 3622 5288 3620 5288 2683 5288 3623 5289 3023 5289 3621 5289 3624 5290 3622 5290 2680 5290 2931 5291 2930 5291 2929 5291 3625 5292 3023 5292 3623 5292 3626 5293 2680 5293 2678 5293 3626 5294 3624 5294 2680 5294 2934 5295 2932 5295 2931 5295 3627 5296 2929 5296 3023 5296 3627 5297 3023 5297 3625 5297 3628 5298 3626 5298 2678 5298 2935 5299 2934 5299 2931 5299 3629 5300 2929 5300 3627 5300 2942 5301 2935 5301 2931 5301 3630 5302 3628 5302 2678 5302 3630 5303 2678 5303 2675 5303 3631 5304 2929 5304 3629 5304 2943 5305 2942 5305 2931 5305 3632 5306 3630 5306 2675 5306 2948 5307 2931 5307 2929 5307 2948 5308 2943 5308 2931 5308 3633 5309 2929 5309 3631 5309 2949 5310 2948 5310 2929 5310 3634 5311 3632 5311 2675 5311 3634 5312 2675 5312 2673 5312 3635 5313 2929 5313 3633 5313 3636 5314 3634 5314 2673 5314 3637 5315 2929 5315 3635 5315 3638 5316 3636 5316 2673 5316 3638 5317 2673 5317 2670 5317 3639 5318 2929 5318 3637 5318 2822 5319 2657 5319 2823 5319 2961 5320 2954 5320 2949 5320 2961 5321 2955 5321 2954 5321 2961 5322 2960 5322 2955 5322 2961 5323 2949 5323 2929 5323 3640 5324 3638 5324 2670 5324 3640 5325 2670 5325 2668 5325 3641 5326 2929 5326 3639 5326 2816 5327 2822 5327 2817 5327 2816 5328 2657 5328 2822 5328 3642 5329 3640 5329 2668 5329 2967 5330 2966 5330 2961 5330 3643 5331 2929 5331 3641 5331 3644 5332 3642 5332 2668 5332 3644 5333 2668 5333 2665 5333 3645 5334 2929 5334 3643 5334 2805 5335 2811 5335 2810 5335 3646 5336 3644 5336 2665 5336 2973 5337 2967 5337 2961 5337 2973 5338 2972 5338 2967 5338 2804 5339 2816 5339 2811 5339 2804 5340 2657 5340 2816 5340 2804 5341 2811 5341 2805 5341 2978 5342 2973 5342 2961 5342 3647 5343 3646 5343 2665 5343 3647 5344 2665 5344 2663 5344 2979 5345 2961 5345 2929 5345 2979 5346 2978 5346 2961 5346 3648 5347 3647 5347 2663 5347 2984 5348 2979 5348 2929 5348 2793 5349 2799 5349 2798 5349 2793 5350 2804 5350 2799 5350 2793 5351 2657 5351 2804 5351 3649 5352 3648 5352 2663 5352 2990 5353 2985 5353 2984 5353 2787 5354 2793 5354 2792 5354 2787 5355 2657 5355 2793 5355 2991 5356 2990 5356 2984 5356 2991 5357 2984 5357 2929 5357 2786 5358 2657 5358 2787 5358 2996 5359 2991 5359 2929 5359 2775 5360 2657 5360 2786 5360 2775 5361 2781 5361 2780 5361 2775 5362 2786 5362 2781 5362 3008 5363 2997 5363 2996 5363 3008 5364 3002 5364 2997 5364 3008 5365 3003 5365 3002 5365 2774 5366 2657 5366 2775 5366 3009 5367 2996 5367 2929 5367 3009 5368 3008 5368 2996 5368 2769 5369 2657 5369 2774 5369 3014 5370 3009 5370 2929 5370 3015 5371 3014 5371 2929 5371 2927 5372 2929 5372 3645 5372 2927 5373 3645 5373 3650 5373 2927 5374 3650 5374 3651 5374 2927 5375 3651 5375 3652 5375 2927 5376 3652 5376 3653 5376 2927 5377 3653 5377 3654 5377 2927 5378 3654 5378 3655 5378 2927 5379 3655 5379 3656 5379 2927 5380 3656 5380 3657 5380 2927 5381 3657 5381 3658 5381 2927 5382 3658 5382 3659 5382 2927 5383 3659 5383 3660 5383 2927 5384 3015 5384 2929 5384 2763 5385 2769 5385 2768 5385 2763 5386 2657 5386 2769 5386 3661 5387 2927 5387 3660 5387 2762 5388 2657 5388 2763 5388 3662 5389 2927 5389 3661 5389 3663 5390 2927 5390 3662 5390 2756 5391 2762 5391 2757 5391 3664 5392 2927 5392 3663 5392 2751 5393 2657 5393 2762 5393 2751 5394 2762 5394 2756 5394 3665 5395 2927 5395 3664 5395 2750 5396 2657 5396 2751 5396 2742 5397 2750 5397 2743 5397 2742 5398 2657 5398 2750 5398 2739 5399 2657 5399 2742 5399 2739 5400 2742 5400 2740 5400 2737 5401 2657 5401 2739 5401 2737 5402 2658 5402 2657 5402 2737 5403 2663 5403 2658 5403 2737 5404 2739 5404 2738 5404 2737 5405 3666 5405 3667 5405 2737 5406 3667 5406 3668 5406 2737 5407 3668 5407 3669 5407 2737 5408 3669 5408 3670 5408 2737 5409 3670 5409 3671 5409 2737 5410 3671 5410 3672 5410 2737 5411 3672 5411 3673 5411 2737 5412 3649 5412 2663 5412 2737 5413 3673 5413 3674 5413 2737 5414 3674 5414 3675 5414 2737 5415 3675 5415 3676 5415 2737 5416 3676 5416 3677 5416 2737 5417 3677 5417 3678 5417 2737 5418 3678 5418 3679 5418 2737 5419 3679 5419 3649 5419 2834 5420 3665 5420 3680 5420 2834 5421 3680 5421 3681 5421 2834 5422 3681 5422 3682 5422 2834 5423 3682 5423 3683 5423 2834 5424 3683 5424 3684 5424 2834 5425 3684 5425 3685 5425 2834 5426 3685 5426 3686 5426 2834 5427 3686 5427 3687 5427 2834 5428 3687 5428 3688 5428 2834 5429 3688 5429 3689 5429 2834 5430 3689 5430 3690 5430 2834 5431 3690 5431 3691 5431 2834 5432 3691 5432 3692 5432 2834 5433 3692 5433 3693 5433 2834 5434 3693 5434 3694 5434 2834 5435 2927 5435 3665 5435 2831 5436 2834 5436 3694 5436 2831 5437 3666 5437 2737 5437 2831 5438 3694 5438 3695 5438 2831 5439 3695 5439 3696 5439 2831 5440 3696 5440 3697 5440 2831 5441 3697 5441 3698 5441 2831 5442 3698 5442 3699 5442 2831 5443 3699 5443 3700 5443 2831 5444 3700 5444 3701 5444 2831 5445 3701 5445 3702 5445 2831 5446 3702 5446 3703 5446 2831 5447 3703 5447 3704 5447 2831 5448 3704 5448 3705 5448 2831 5449 3705 5449 3706 5449 2831 5450 3706 5450 3707 5450 2831 5451 3707 5451 3666 5451 2835 5452 2834 5452 2831 5452 2919 5453 2835 5453 2831 5453 2837 5454 2836 5454 2835 5454 2837 5455 2835 5455 2919 5455 2912 5456 2918 5456 2913 5456 2912 5457 2919 5457 2918 5457 2840 5458 2839 5458 2837 5458 2847 5459 2846 5459 2840 5459 2901 5460 2907 5460 2906 5460 2852 5461 2840 5461 2837 5461 2852 5462 2847 5462 2840 5462 2900 5463 2907 5463 2901 5463 2900 5464 2912 5464 2907 5464 2900 5465 2919 5465 2912 5465 2895 5466 2852 5466 2837 5466 2895 5467 2919 5467 2900 5467 2895 5468 2837 5468 2919 5468 2859 5469 2853 5469 2852 5469 2859 5470 2858 5470 2853 5470 2889 5471 2895 5471 2894 5471 2864 5472 2859 5472 2852 5472 2883 5473 2889 5473 2888 5473 2870 5474 2864 5474 2852 5474 2870 5475 2865 5475 2864 5475 2882 5476 2895 5476 2889 5476 2882 5477 2889 5477 2883 5477 2876 5478 2852 5478 2895 5478 2876 5479 2871 5479 2870 5479 2876 5480 2882 5480 2877 5480 2876 5481 2895 5481 2882 5481 2876 5482 2870 5482 2852 5482 3064 5483 3063 5483 2147 5483 2147 5484 3063 5484 2150 5484 3063 5485 3067 5485 2150 5485 2150 5486 3066 5486 2153 5486 3067 5487 3066 5487 2150 5487 3066 5488 3069 5488 2153 5488 2153 5489 3069 5489 2197 5489 3069 5490 3112 5490 2197 5490 2197 5491 3112 5491 2198 5491 3112 5492 3111 5492 2198 5492 2198 5493 3111 5493 2155 5493 3111 5494 3072 5494 2155 5494 2155 5495 3072 5495 2158 5495 3072 5496 3071 5496 2158 5496 2158 5497 3071 5497 2160 5497 3071 5498 3075 5498 2160 5498 2160 5499 3075 5499 2204 5499 3075 5500 3117 5500 2204 5500 2204 5501 3117 5501 2205 5501 3117 5502 3078 5502 2205 5502 2205 5503 3078 5503 2162 5503 3078 5504 3077 5504 2162 5504 2162 5505 3077 5505 2165 5505 3077 5506 3080 5506 2165 5506 2165 5507 3080 5507 2167 5507 3080 5508 3123 5508 2167 5508 2167 5509 3123 5509 2211 5509 3123 5510 3122 5510 2211 5510 2211 5511 3122 5511 2212 5511 3122 5512 3084 5512 2212 5512 2212 5513 3084 5513 2217 5513 2217 5514 3083 5514 2218 5514 2218 5515 3083 5515 2219 5515 3084 5516 3083 5516 2217 5516 2219 5517 3086 5517 2171 5517 3083 5518 3086 5518 2219 5518 2171 5519 3129 5519 2168 5519 3086 5520 3129 5520 2171 5520 2168 5521 3128 5521 2223 5521 2223 5522 3128 5522 2224 5522 3129 5523 3128 5523 2168 5523 2224 5524 3090 5524 2225 5524 3128 5525 3090 5525 2224 5525 2225 5526 3089 5526 2172 5526 3090 5527 3089 5527 2225 5527 2172 5528 3093 5528 2175 5528 2175 5529 3093 5529 2230 5529 3089 5530 3093 5530 2172 5530 2230 5531 3134 5531 2231 5531 3093 5532 3134 5532 2230 5532 2231 5533 3096 5533 2178 5533 3134 5534 3096 5534 2231 5534 2178 5535 3095 5535 2176 5535 2176 5536 3095 5536 2179 5536 3096 5537 3095 5537 2178 5537 3095 5538 3099 5538 2179 5538 2179 5539 3099 5539 2181 5539 2181 5540 3099 5540 2235 5540 3099 5541 3139 5541 2235 5541 2235 5542 3139 5542 2236 5542 3139 5543 3102 5543 2236 5543 2236 5544 3102 5544 2237 5544 2237 5545 3102 5545 2182 5545 3102 5546 3101 5546 2182 5546 2182 5547 3101 5547 2185 5547 2185 5548 3101 5548 2186 5548 3101 5549 3105 5549 2186 5549 2186 5550 3105 5550 2188 5550 2188 5551 3105 5551 2189 5551 3105 5552 3108 5552 2189 5552 2189 5553 3108 5553 2191 5553 3108 5554 3151 5554 2191 5554 2191 5555 3151 5555 2242 5555 2242 5556 3151 5556 2251 5556 3151 5557 3159 5557 2251 5557 3159 5558 3158 5558 2251 5558 2251 5559 3158 5559 2245 5559 2245 5560 3158 5560 2246 5560 3158 5561 3164 5561 2246 5561 3164 5562 3155 5562 2246 5562 2246 5563 3155 5563 2241 5563 3155 5564 3154 5564 2241 5564 2241 5565 3154 5565 2239 5565 2239 5566 3154 5566 2140 5566 3154 5567 3450 5567 2140 5567 3228 5568 2068 5568 2087 5568 3236 5569 2087 5569 2086 5569 3236 5570 3228 5570 2087 5570 3237 5571 2086 5571 2085 5571 3237 5572 3236 5572 2086 5572 3233 5573 2085 5573 2093 5573 3233 5574 3237 5574 2085 5574 3234 5575 2093 5575 2092 5575 3234 5576 3233 5576 2093 5576 3230 5577 2092 5577 2099 5577 3230 5578 3234 5578 2092 5578 3231 5579 2099 5579 2098 5579 3231 5580 3230 5580 2099 5580 3225 5581 2098 5581 2105 5581 3225 5582 3231 5582 2098 5582 3226 5583 2105 5583 2104 5583 3226 5584 3225 5584 2105 5584 3221 5585 2104 5585 2111 5585 3221 5586 3226 5586 2104 5586 3222 5587 2111 5587 2110 5587 3222 5588 3221 5588 2111 5588 3214 5589 3222 5589 2110 5589 3214 5590 2110 5590 2117 5590 3215 5591 2117 5591 2116 5591 3215 5592 3214 5592 2117 5592 3208 5593 3215 5593 2116 5593 3208 5594 2116 5594 2123 5594 3209 5595 2123 5595 2122 5595 3209 5596 3208 5596 2123 5596 3202 5597 2122 5597 2127 5597 3202 5598 3209 5598 2122 5598 3203 5599 2127 5599 2126 5599 3203 5600 3202 5600 2127 5600 3196 5601 2126 5601 2132 5601 3196 5602 3203 5602 2126 5602 3197 5603 2132 5603 2131 5603 3197 5604 3196 5604 2132 5604 3190 5605 2131 5605 2135 5605 3190 5606 3197 5606 2131 5606 3191 5607 2135 5607 2134 5607 3191 5608 3190 5608 2135 5608 3183 5609 2134 5609 2138 5609 3183 5610 3191 5610 2134 5610 3184 5611 2138 5611 2137 5611 3184 5612 3183 5612 2138 5612 3185 5613 2137 5613 2129 5613 3185 5614 3184 5614 2137 5614 3175 5615 3185 5615 2129 5615 3447 5616 2129 5616 2143 5616 3447 5617 3175 5617 2129 5617 3448 5618 2143 5618 2142 5618 3448 5619 3447 5619 2143 5619 3449 5620 2142 5620 2141 5620 3449 5621 3448 5621 2142 5621 3450 5622 2141 5622 2140 5622 3450 5623 3449 5623 2141 5623 3360 5624 1 5624 0 5624 3360 5625 0 5625 3444 5625 3442 5626 13 5626 23 5626 3442 5627 3350 5627 13 5627 3443 5628 23 5628 22 5628 3443 5629 3442 5629 23 5629 3439 5630 22 5630 21 5630 3439 5631 3443 5631 22 5631 3440 5632 21 5632 29 5632 3440 5633 3439 5633 21 5633 3436 5634 29 5634 28 5634 3436 5635 3440 5635 29 5635 3437 5636 28 5636 35 5636 3437 5637 3436 5637 28 5637 3432 5638 35 5638 34 5638 3432 5639 3437 5639 35 5639 3433 5640 3432 5640 34 5640 3433 5641 34 5641 41 5641 3428 5642 3433 5642 41 5642 3428 5643 41 5643 40 5643 3429 5644 3428 5644 40 5644 3429 5645 40 5645 47 5645 3423 5646 3429 5646 47 5646 3423 5647 47 5647 46 5647 3424 5648 46 5648 53 5648 3424 5649 3423 5649 46 5649 3417 5650 53 5650 52 5650 3417 5651 3424 5651 53 5651 3418 5652 52 5652 59 5652 3418 5653 3417 5653 52 5653 3411 5654 59 5654 58 5654 3411 5655 3418 5655 59 5655 3412 5656 58 5656 65 5656 3412 5657 3411 5657 58 5657 3405 5658 65 5658 64 5658 3405 5659 3412 5659 65 5659 3406 5660 64 5660 71 5660 3406 5661 3405 5661 64 5661 3399 5662 71 5662 70 5662 3399 5663 3406 5663 71 5663 3400 5664 70 5664 77 5664 3400 5665 3399 5665 70 5665 3393 5666 77 5666 76 5666 3393 5667 3400 5667 77 5667 3394 5668 76 5668 82 5668 3394 5669 3393 5669 76 5669 3387 5670 82 5670 81 5670 3387 5671 3394 5671 82 5671 3388 5672 81 5672 86 5672 3388 5673 3387 5673 81 5673 3381 5674 86 5674 85 5674 3381 5675 3388 5675 86 5675 3382 5676 85 5676 90 5676 3382 5677 3381 5677 85 5677 3375 5678 90 5678 89 5678 3375 5679 3382 5679 90 5679 3376 5680 89 5680 93 5680 3376 5681 3375 5681 89 5681 3368 5682 93 5682 92 5682 3368 5683 3376 5683 93 5683 3369 5684 92 5684 96 5684 3369 5685 3368 5685 92 5685 3370 5686 96 5686 95 5686 3370 5687 3369 5687 96 5687 3360 5688 95 5688 1 5688 3360 5689 3370 5689 95 5689 3708 5690 3244 5690 3709 5690 3710 5691 3709 5691 3244 5691 3711 5692 3244 5692 3708 5692 3712 5693 3710 5693 3244 5693 3713 5694 3244 5694 3711 5694 3714 5695 3712 5695 3244 5695 3715 5696 3244 5696 3713 5696 3716 5697 3714 5697 3244 5697 3717 5698 3244 5698 3715 5698 3718 5699 3716 5699 3244 5699 3719 5700 3244 5700 3717 5700 3720 5701 3718 5701 3244 5701 3721 5702 3244 5702 3719 5702 3722 5703 3720 5703 3244 5703 3723 5704 3244 5704 3721 5704 3724 5705 3722 5705 3244 5705 3725 5706 3244 5706 3723 5706 3726 5707 3724 5707 3244 5707 3727 5708 3244 5708 3725 5708 3728 5709 3726 5709 3244 5709 3729 5710 3244 5710 3727 5710 3730 5711 3728 5711 3244 5711 3731 5712 3244 5712 3729 5712 3732 5713 3730 5713 3244 5713 3733 5714 3244 5714 3731 5714 3734 5715 3732 5715 3244 5715 3735 5716 3244 5716 3733 5716 3736 5717 3734 5717 3244 5717 3737 5718 3736 5718 3244 5718 3738 5719 3244 5719 97 5719 3738 5720 3737 5720 3244 5720 3739 5721 3738 5721 97 5721 3740 5722 3739 5722 97 5722 3741 5723 3740 5723 97 5723 3742 5724 3741 5724 97 5724 3743 5725 3742 5725 97 5725 3744 5726 3743 5726 97 5726 3745 5727 3744 5727 97 5727 3746 5728 3745 5728 97 5728 3747 5729 3746 5729 97 5729 3748 5730 3747 5730 97 5730 3749 5731 3748 5731 97 5731 3750 5732 3749 5732 97 5732 3751 5733 3750 5733 97 5733 3752 5734 3751 5734 97 5734 3753 5735 3752 5735 97 5735 3754 5736 3753 5736 97 5736 3350 5737 3755 5737 3756 5737 3350 5738 3756 5738 3757 5738 3350 5739 3757 5739 3758 5739 3350 5740 3758 5740 3759 5740 3350 5741 3759 5741 3760 5741 3350 5742 3760 5742 3761 5742 3350 5743 3761 5743 3762 5743 3350 5744 3762 5744 3763 5744 3350 5745 3763 5745 3764 5745 3350 5746 3764 5746 3765 5746 3350 5747 3765 5747 3766 5747 3350 5748 3766 5748 3767 5748 3350 5749 3767 5749 3768 5749 3350 5750 3768 5750 3769 5750 3350 5751 3769 5751 3770 5751 3350 5752 3770 5752 3771 5752 3350 5753 3735 5753 3772 5753 3350 5754 3772 5754 3755 5754 3350 5755 3244 5755 3735 5755 3773 5756 3350 5756 3771 5756 3774 5757 3754 5757 97 5757 3775 5758 3350 5758 3773 5758 3776 5759 3774 5759 97 5759 3777 5760 3350 5760 3775 5760 3778 5761 3776 5761 97 5761 3779 5762 3350 5762 3777 5762 3780 5763 3778 5763 97 5763 3781 5764 3350 5764 3779 5764 3782 5765 3780 5765 97 5765 3783 5766 3350 5766 3781 5766 3784 5767 3782 5767 97 5767 3785 5768 3350 5768 3783 5768 3786 5769 3784 5769 97 5769 3787 5770 3350 5770 3785 5770 3788 5771 3786 5771 97 5771 3789 5772 3350 5772 3787 5772 3790 5773 3788 5773 97 5773 3791 5774 3350 5774 3789 5774 3792 5775 3790 5775 97 5775 3793 5776 3350 5776 3791 5776 3794 5777 3792 5777 97 5777 3795 5778 3350 5778 3793 5778 3796 5779 3794 5779 97 5779 3797 5780 3350 5780 3795 5780 3798 5781 3796 5781 97 5781 3799 5782 3350 5782 3797 5782 3800 5783 3350 5783 3799 5783 13 5784 3350 5784 3800 5784 13 5785 3800 5785 3801 5785 13 5786 3801 5786 3802 5786 13 5787 3802 5787 3803 5787 13 5788 3803 5788 3804 5788 13 5789 3804 5789 3805 5789 13 5790 3805 5790 3806 5790 13 5791 3806 5791 3807 5791 13 5792 3807 5792 3808 5792 13 5793 3808 5793 3809 5793 13 5794 3809 5794 3810 5794 13 5795 3810 5795 3811 5795 13 5796 3811 5796 3812 5796 13 5797 3812 5797 3813 5797 13 5798 3813 5798 3814 5798 13 5799 3814 5799 3815 5799 13 5800 3815 5800 3816 5800 13 5801 3816 5801 3817 5801 13 5802 3817 5802 3818 5802 13 5803 3818 5803 3819 5803 13 5804 3819 5804 3820 5804 13 5805 3820 5805 3821 5805 13 5806 3821 5806 3822 5806 13 5807 3822 5807 3823 5807 13 5808 3823 5808 3824 5808 13 5809 3824 5809 3825 5809 13 5810 3825 5810 3826 5810 13 5811 3826 5811 3827 5811 13 5812 3827 5812 3828 5812 13 5813 3828 5813 3829 5813 13 5814 3829 5814 3830 5814 13 5815 3830 5815 3831 5815 13 5816 3831 5816 3832 5816 13 5817 3832 5817 3833 5817 13 5818 3833 5818 3798 5818 13 5819 3798 5819 97 5819 3238 5820 124 5820 3335 5820 3335 5821 129 5821 3337 5821 3337 5822 129 5822 3330 5822 124 5823 129 5823 3335 5823 3330 5824 127 5824 3329 5824 3329 5825 127 5825 3323 5825 129 5826 127 5826 3330 5826 3323 5827 126 5827 3322 5827 127 5828 126 5828 3323 5828 3322 5829 121 5829 3316 5829 126 5830 121 5830 3322 5830 3316 5831 120 5831 3315 5831 3315 5832 120 5832 3309 5832 121 5833 120 5833 3316 5833 3309 5834 119 5834 3308 5834 3308 5835 119 5835 3302 5835 120 5836 119 5836 3309 5836 3302 5837 118 5837 3300 5837 119 5838 118 5838 3302 5838 3300 5839 110 5839 3295 5839 118 5840 110 5840 3300 5840 110 5841 109 5841 3295 5841 3295 5842 109 5842 3293 5842 3293 5843 109 5843 3288 5843 109 5844 135 5844 3288 5844 3288 5845 135 5845 3286 5845 3286 5846 135 5846 3281 5846 135 5847 162 5847 3281 5847 3281 5848 162 5848 3279 5848 3279 5849 162 5849 3274 5849 162 5850 159 5850 3274 5850 3274 5851 159 5851 3273 5851 3273 5852 159 5852 3267 5852 159 5853 158 5853 3267 5853 3267 5854 158 5854 3266 5854 3266 5855 149 5855 3260 5855 158 5856 149 5856 3266 5856 3260 5857 149 5857 3258 5857 3258 5858 148 5858 3252 5858 149 5859 148 5859 3258 5859 3252 5860 148 5860 3250 5860 3250 5861 147 5861 3247 5861 148 5862 147 5862 3250 5862 3247 5863 146 5863 3246 5863 147 5864 146 5864 3247 5864 3246 5865 145 5865 3242 5865 3242 5866 145 5866 3240 5866 146 5867 145 5867 3246 5867 3240 5868 155 5868 3243 5868 145 5869 155 5869 3240 5869 3243 5870 97 5870 3244 5870 155 5871 97 5871 3243 5871 2146 5872 2071 5872 2069 5872 2146 5873 2072 5873 2071 5873 2146 5874 2074 5874 2072 5874 2146 5875 2076 5875 2074 5875 2146 5876 2079 5876 2076 5876 2146 5877 2082 5877 2079 5877 2146 5878 2089 5878 2082 5878 2146 5879 2095 5879 2089 5879 2146 5880 2101 5880 2095 5880 2146 5881 2107 5881 2101 5881 2146 5882 2113 5882 2107 5882 2146 5883 2119 5883 2113 5883 2240 5884 2145 5884 2146 5884 2240 5885 2146 5885 2069 5885 2238 5886 2240 5886 2069 5886 2248 5887 2069 5887 1963 5887 2248 5888 2238 5888 2069 5888 2249 5889 2248 5889 1963 5889 2253 5890 2249 5890 1963 5890 2243 5891 2253 5891 1963 5891 1306 5892 2243 5892 1963 5892 1306 5893 1963 5893 1325 5893 1308 5894 2190 5894 2243 5894 1308 5895 2243 5895 1306 5895 1307 5896 2190 5896 1308 5896 1301 5897 2190 5897 1307 5897 1300 5898 2190 5898 1301 5898 1296 5899 2190 5899 1300 5899 1295 5900 2190 5900 1296 5900 1291 5901 2190 5901 1295 5901 1290 5902 2190 5902 1291 5902 1286 5903 2190 5903 1290 5903 1285 5904 2190 5904 1286 5904 1281 5905 2190 5905 1285 5905 1278 5906 2190 5906 1281 5906 1277 5907 2190 5907 1278 5907 1273 5908 2190 5908 1277 5908 1272 5909 2190 5909 1273 5909 1268 5910 2190 5910 1272 5910 1267 5911 2190 5911 1268 5911 1263 5912 2190 5912 1267 5912 1214 5913 1226 5913 1220 5913 1214 5914 1232 5914 1226 5914 1202 5915 1214 5915 1208 5915 1183 5916 1196 5916 1190 5916 1183 5917 1202 5917 1196 5917 1183 5918 1232 5918 1214 5918 1183 5919 1214 5919 1202 5919 1177 5920 1183 5920 1180 5920 1177 5921 1232 5921 1183 5921 1176 5922 1232 5922 1177 5922 1172 5923 1176 5923 1174 5923 1170 5924 1232 5924 1176 5924 1170 5925 1176 5925 1172 5925 1105 5926 1256 5926 1232 5926 1105 5927 1257 5927 1256 5927 1105 5928 1258 5928 1257 5928 1105 5929 1262 5929 1258 5929 1105 5930 1263 5930 1262 5930 1105 5931 1232 5931 1170 5931 1105 5932 2190 5932 1263 5932 2258 5933 2259 5933 1103 5933 1103 5934 2259 5934 1168 5934 1168 5935 2261 5935 1166 5935 2259 5936 2261 5936 1168 5936 2261 5937 2263 5937 1166 5937 1166 5938 2263 5938 1164 5938 2263 5939 2265 5939 1164 5939 1164 5940 2265 5940 1162 5940 2265 5941 2267 5941 1162 5941 1162 5942 2267 5942 1160 5942 2267 5943 2269 5943 1160 5943 1160 5944 2269 5944 1158 5944 2269 5945 2271 5945 1158 5945 1158 5946 2271 5946 1156 5946 2271 5947 2273 5947 1156 5947 1156 5948 2273 5948 1154 5948 2273 5949 2275 5949 1154 5949 1154 5950 2275 5950 1152 5950 2275 5951 2277 5951 1152 5951 1152 5952 2277 5952 1150 5952 2277 5953 2279 5953 1150 5953 1150 5954 2279 5954 1148 5954 2279 5955 2281 5955 1148 5955 1148 5956 2281 5956 1146 5956 2281 5957 2283 5957 1146 5957 1146 5958 2283 5958 1144 5958 2283 5959 2284 5959 1144 5959 1144 5960 2284 5960 1142 5960 2284 5961 2286 5961 1142 5961 1142 5962 2286 5962 1140 5962 2286 5963 3061 5963 1140 5963 3061 5964 3059 5964 1140 5964 1140 5965 3059 5965 1138 5965 3059 5966 2149 5966 1138 5966 2149 5967 2148 5967 1138 5967 1138 5968 2148 5968 1136 5968 2148 5969 2152 5969 1136 5969 2152 5970 2151 5970 1136 5970 1136 5971 2151 5971 1134 5971 2151 5972 2154 5972 1134 5972 2154 5973 2195 5973 1134 5973 1134 5974 2194 5974 1132 5974 2195 5975 2194 5975 1134 5975 2194 5976 2193 5976 1132 5976 1132 5977 2157 5977 1130 5977 2193 5978 2157 5978 1132 5978 2157 5979 2156 5979 1130 5979 1130 5980 2159 5980 1128 5980 2156 5981 2159 5981 1130 5981 2159 5982 2161 5982 1128 5982 1128 5983 2202 5983 1126 5983 2161 5984 2202 5984 1128 5984 2202 5985 2201 5985 1126 5985 2201 5986 2200 5986 1126 5986 2200 5987 2164 5987 1126 5987 1126 5988 2164 5988 1124 5988 2164 5989 2163 5989 1124 5989 2163 5990 2166 5990 1124 5990 1124 5991 2166 5991 1122 5991 2166 5992 2209 5992 1122 5992 2209 5993 2208 5993 1122 5993 1122 5994 2208 5994 1120 5994 2208 5995 2207 5995 1120 5995 2207 5996 2215 5996 1120 5996 1120 5997 2215 5997 1118 5997 2215 5998 2214 5998 1118 5998 2214 5999 2170 5999 1118 5999 1118 6000 2170 6000 1116 6000 2170 6001 2169 6001 1116 6001 2169 6002 2221 6002 1116 6002 1116 6003 2221 6003 1114 6003 2221 6004 2174 6004 1114 6004 2174 6005 2173 6005 1114 6005 1114 6006 2173 6006 1112 6006 2173 6007 2228 6007 1112 6007 2228 6008 2227 6008 1112 6008 1112 6009 2227 6009 1110 6009 2227 6010 2177 6010 1110 6010 2177 6011 2180 6011 1110 6011 1110 6012 2180 6012 1107 6012 2180 6013 2233 6013 1107 6013 2233 6014 2184 6014 1107 6014 2184 6015 2183 6015 1107 6015 1107 6016 2183 6016 1105 6016 2183 6017 2187 6017 1105 6017 2187 6018 2190 6018 1105 6018 3362 6019 3358 6019 3356 6019 3365 6020 3362 6020 3356 6020 3372 6021 3365 6021 3356 6021 3372 6022 3356 6022 3354 6022 3384 6023 3372 6023 3354 6023 3384 6024 3354 6024 3353 6024 3384 6025 3378 6025 3372 6025 3390 6026 3384 6026 3353 6026 3402 6027 3390 6027 3353 6027 3402 6028 3396 6028 3390 6028 3414 6029 3402 6029 3353 6029 3414 6030 3408 6030 3402 6030 3349 6031 3353 6031 3352 6031 3349 6032 3414 6032 3353 6032 3349 6033 3420 6033 3414 6033 3349 6034 3352 6034 3445 6034 3248 6035 3349 6035 3445 6035 3254 6036 3248 6036 3445 6036 3256 6037 3254 6037 3445 6037 3257 6038 3256 6038 3445 6038 3262 6039 3257 6039 3445 6039 3264 6040 3262 6040 3445 6040 3269 6041 3264 6041 3445 6041 2025 6042 3304 6042 3299 6042 2025 6043 2023 6043 3304 6043 2018 6044 3306 6044 3304 6044 2018 6045 3304 6045 2023 6045 2016 6046 3306 6046 2018 6046 2016 6047 3312 6047 3306 6047 2031 6048 2025 6048 3299 6048 2031 6049 3299 6049 3297 6049 2032 6050 3297 6050 3292 6050 2032 6051 2031 6051 3297 6051 2011 6052 3312 6052 2016 6052 2011 6053 3313 6053 3312 6053 2011 6054 3319 6054 3313 6054 2038 6055 3292 6055 3291 6055 2038 6056 2032 6056 3292 6056 2010 6057 3319 6057 2011 6057 2010 6058 3320 6058 3319 6058 2039 6059 3291 6059 3285 6059 2039 6060 2038 6060 3291 6060 2004 6061 3320 6061 2010 6061 2045 6062 3285 6062 3283 6062 2045 6063 2039 6063 3285 6063 2002 6064 3325 6064 3320 6064 2002 6065 3320 6065 2004 6065 2046 6066 3283 6066 3278 6066 2046 6067 2045 6067 3283 6067 1997 6068 3325 6068 2002 6068 1997 6069 3327 6069 3325 6069 2052 6070 3277 6070 3271 6070 2052 6071 3278 6071 3277 6071 2052 6072 2046 6072 3278 6072 1996 6073 3333 6073 3327 6073 1996 6074 3327 6074 1997 6074 2053 6075 2052 6075 3271 6075 1990 6076 3333 6076 1996 6076 1990 6077 3334 6077 3333 6077 1990 6078 3340 6078 3334 6078 2058 6079 3271 6079 3269 6079 2058 6080 3269 6080 3445 6080 2058 6081 2053 6081 3271 6081 1988 6082 3340 6082 1990 6082 1983 6083 3341 6083 3340 6083 1983 6084 3340 6084 1988 6084 1981 6085 3343 6085 3341 6085 1981 6086 3345 6086 3343 6086 1981 6087 3341 6087 1983 6087 1976 6088 3345 6088 1981 6088 1975 6089 3346 6089 3345 6089 1975 6090 3348 6090 3346 6090 1975 6091 3345 6091 1976 6091 1973 6092 3239 6092 3348 6092 1973 6093 3348 6093 1975 6093 1967 6094 3239 6094 1973 6094 2068 6095 3228 6095 3239 6095 2068 6096 3239 6096 1967 6096 1896 6097 2064 6097 2062 6097 1896 6098 2066 6098 2064 6098 1896 6099 2067 6099 2066 6099 1896 6100 1958 6100 2067 6100 1896 6101 2058 6101 3445 6101 1896 6102 2060 6102 2058 6102 1896 6103 2062 6103 2060 6103 1898 6104 1896 6104 1895 6104 1898 6105 1958 6105 1896 6105 1938 6106 1946 6106 1942 6106 1938 6107 1895 6107 1946 6107 1903 6108 1899 6108 1898 6108 1903 6109 1901 6109 1899 6109 1906 6110 1903 6110 1898 6110 1930 6111 1938 6111 1934 6111 1930 6112 1895 6112 1938 6112 1910 6113 1898 6113 1895 6113 1910 6114 1907 6114 1906 6114 1910 6115 1906 6115 1898 6115 1926 6116 1895 6116 1930 6116 1922 6117 1895 6117 1926 6117 1918 6118 1910 6118 1895 6118 1918 6119 1895 6119 1922 6119 1918 6120 1914 6120 1910 6120 3834 6121 3835 6121 3613 6121 3613 6122 3835 6122 3615 6122 3615 6123 3836 6123 3617 6123 3835 6124 3836 6124 3615 6124 3617 6125 3837 6125 3619 6125 3619 6126 3837 6126 3621 6126 3836 6127 3837 6127 3617 6127 3837 6128 3838 6128 3621 6128 3621 6129 3839 6129 3623 6129 3838 6130 3839 6130 3621 6130 3623 6131 3840 6131 3625 6131 3625 6132 3840 6132 3627 6132 3839 6133 3840 6133 3623 6133 3627 6134 3841 6134 3629 6134 3840 6135 3841 6135 3627 6135 3841 6136 3842 6136 3629 6136 3629 6137 3843 6137 3631 6137 3842 6138 3843 6138 3629 6138 3631 6139 3844 6139 3633 6139 3843 6140 3844 6140 3631 6140 3844 6141 3845 6141 3633 6141 3633 6142 3845 6142 3635 6142 3845 6143 3846 6143 3635 6143 3635 6144 3846 6144 3637 6144 3637 6145 3846 6145 3639 6145 3846 6146 3847 6146 3639 6146 3847 6147 3848 6147 3639 6147 3639 6148 3848 6148 3641 6148 3641 6149 3848 6149 3643 6149 3848 6150 3849 6150 3643 6150 3849 6151 3850 6151 3643 6151 3643 6152 3850 6152 3645 6152 3850 6153 3851 6153 3645 6153 3645 6154 3851 6154 3650 6154 3851 6155 3852 6155 3650 6155 3650 6156 3852 6156 3651 6156 3852 6157 3853 6157 3651 6157 3651 6158 3853 6158 3652 6158 3853 6159 3854 6159 3652 6159 3652 6160 3854 6160 3653 6160 3653 6161 3854 6161 3654 6161 3854 6162 3855 6162 3654 6162 3855 6163 3856 6163 3654 6163 3654 6164 3856 6164 3655 6164 3655 6165 3857 6165 3656 6165 3856 6166 3857 6166 3655 6166 3656 6167 3857 6167 3657 6167 3857 6168 3858 6168 3657 6168 3858 6169 3859 6169 3657 6169 3657 6170 3859 6170 3658 6170 3658 6171 3860 6171 3659 6171 3859 6172 3860 6172 3658 6172 3659 6173 3861 6173 3660 6173 3860 6174 3861 6174 3659 6174 3660 6175 3862 6175 3661 6175 3861 6176 3862 6176 3660 6176 3661 6177 3863 6177 3662 6177 3862 6178 3863 6178 3661 6178 3662 6179 3864 6179 3663 6179 3863 6180 3864 6180 3662 6180 3663 6181 3865 6181 3664 6181 3864 6182 3865 6182 3663 6182 3664 6183 3866 6183 3665 6183 3865 6184 3866 6184 3664 6184 3665 6185 3867 6185 3680 6185 3866 6186 3867 6186 3665 6186 3680 6187 3868 6187 3681 6187 3867 6188 3868 6188 3680 6188 3681 6189 3869 6189 3682 6189 3868 6190 3869 6190 3681 6190 3682 6191 3870 6191 3683 6191 3869 6192 3870 6192 3682 6192 3870 6193 3871 6193 3683 6193 3683 6194 3871 6194 3684 6194 3871 6195 3872 6195 3684 6195 3684 6196 3872 6196 3685 6196 3872 6197 3873 6197 3685 6197 3685 6198 3873 6198 3686 6198 3873 6199 3874 6199 3686 6199 3686 6200 3874 6200 3687 6200 3874 6201 3875 6201 3687 6201 3687 6202 3875 6202 3688 6202 3875 6203 3876 6203 3688 6203 3688 6204 3876 6204 3689 6204 3876 6205 3877 6205 3689 6205 3689 6206 3877 6206 3690 6206 3877 6207 3878 6207 3690 6207 3690 6208 3878 6208 3691 6208 3878 6209 3879 6209 3691 6209 3691 6210 3879 6210 3692 6210 3879 6211 3880 6211 3692 6211 3692 6212 3880 6212 3693 6212 3880 6213 3881 6213 3693 6213 3693 6214 3881 6214 3694 6214 3881 6215 3882 6215 3694 6215 3694 6216 3882 6216 3695 6216 3695 6217 3882 6217 3696 6217 3882 6218 3883 6218 3696 6218 3883 6219 3884 6219 3696 6219 3696 6220 3884 6220 3697 6220 3884 6221 3885 6221 3697 6221 3697 6222 3885 6222 3698 6222 3885 6223 3886 6223 3698 6223 3698 6224 3886 6224 3699 6224 3886 6225 3887 6225 3699 6225 3699 6226 3887 6226 3700 6226 3887 6227 3888 6227 3700 6227 3700 6228 3888 6228 3701 6228 3888 6229 3889 6229 3701 6229 3701 6230 3889 6230 3702 6230 3889 6231 3890 6231 3702 6231 3702 6232 3890 6232 3703 6232 3890 6233 3891 6233 3703 6233 3703 6234 3891 6234 3704 6234 3704 6235 3892 6235 3705 6235 3891 6236 3892 6236 3704 6236 3705 6237 3893 6237 3706 6237 3892 6238 3893 6238 3705 6238 3706 6239 3894 6239 3707 6239 3893 6240 3894 6240 3706 6240 3707 6241 3895 6241 3666 6241 3666 6242 3895 6242 3667 6242 3894 6243 3895 6243 3707 6243 3895 6244 3896 6244 3667 6244 3896 6245 3897 6245 3667 6245 3667 6246 3897 6246 3668 6246 3897 6247 3898 6247 3668 6247 3668 6248 3898 6248 3669 6248 3898 6249 3899 6249 3669 6249 3669 6250 3899 6250 3670 6250 3899 6251 3900 6251 3670 6251 3670 6252 3900 6252 3671 6252 3671 6253 3900 6253 3672 6253 3900 6254 3901 6254 3672 6254 3901 6255 3902 6255 3672 6255 3672 6256 3902 6256 3673 6256 3902 6257 3903 6257 3673 6257 3673 6258 3903 6258 3674 6258 3903 6259 3904 6259 3674 6259 3674 6260 3904 6260 3675 6260 3675 6261 3904 6261 3676 6261 3904 6262 3905 6262 3676 6262 3905 6263 3906 6263 3676 6263 3676 6264 3906 6264 3677 6264 3906 6265 3907 6265 3677 6265 3677 6266 3907 6266 3678 6266 3678 6267 3908 6267 3679 6267 3907 6268 3908 6268 3678 6268 3679 6269 3909 6269 3649 6269 3908 6270 3909 6270 3679 6270 3649 6271 3910 6271 3648 6271 3909 6272 3910 6272 3649 6272 3648 6273 3911 6273 3647 6273 3910 6274 3911 6274 3648 6274 3647 6275 3912 6275 3646 6275 3911 6276 3912 6276 3647 6276 3646 6277 3913 6277 3644 6277 3644 6278 3913 6278 3642 6278 3912 6279 3913 6279 3646 6279 3913 6280 3914 6280 3642 6280 3642 6281 3915 6281 3640 6281 3640 6282 3915 6282 3638 6282 3914 6283 3915 6283 3642 6283 3915 6284 3916 6284 3638 6284 3638 6285 3917 6285 3636 6285 3916 6286 3917 6286 3638 6286 3636 6287 3918 6287 3634 6287 3917 6288 3918 6288 3636 6288 3634 6289 3919 6289 3632 6289 3918 6290 3919 6290 3634 6290 3632 6291 3920 6291 3630 6291 3919 6292 3920 6292 3632 6292 3630 6293 3921 6293 3628 6293 3920 6294 3921 6294 3630 6294 3921 6295 3922 6295 3628 6295 3628 6296 3922 6296 3626 6296 3922 6297 3923 6297 3626 6297 3626 6298 3923 6298 3624 6298 3624 6299 3923 6299 3622 6299 3923 6300 3924 6300 3622 6300 3924 6301 3925 6301 3622 6301 3622 6302 3925 6302 3620 6302 3620 6303 3926 6303 3618 6303 3618 6304 3926 6304 3616 6304 3925 6305 3926 6305 3620 6305 3926 6306 3927 6306 3616 6306 3616 6307 3928 6307 3614 6307 3927 6308 3928 6308 3616 6308 3614 6309 3929 6309 3612 6309 3928 6310 3929 6310 3614 6310 3612 6311 3930 6311 3610 6311 3610 6312 3930 6312 3608 6312 3929 6313 3930 6313 3612 6313 3930 6314 3931 6314 3608 6314 3608 6315 3932 6315 3606 6315 3606 6316 3932 6316 3604 6316 3931 6317 3932 6317 3608 6317 3932 6318 3933 6318 3604 6318 3604 6319 3934 6319 3602 6319 3933 6320 3934 6320 3604 6320 3602 6321 3935 6321 3600 6321 3600 6322 3935 6322 3598 6322 3934 6323 3935 6323 3602 6323 3935 6324 3936 6324 3598 6324 3598 6325 3937 6325 3596 6325 3596 6326 3937 6326 3594 6326 3936 6327 3937 6327 3598 6327 3937 6328 3938 6328 3594 6328 3594 6329 3939 6329 3592 6329 3938 6330 3939 6330 3594 6330 3592 6331 3940 6331 3590 6331 3939 6332 3940 6332 3592 6332 3590 6333 3941 6333 3588 6333 3940 6334 3941 6334 3590 6334 3588 6335 3942 6335 3586 6335 3941 6336 3942 6336 3588 6336 3586 6337 3943 6337 3584 6337 3942 6338 3943 6338 3586 6338 3584 6339 3944 6339 3583 6339 3943 6340 3944 6340 3584 6340 3583 6341 3945 6341 3582 6341 3944 6342 3945 6342 3583 6342 3945 6343 3946 6343 3582 6343 3582 6344 3946 6344 3585 6344 3585 6345 3946 6345 3587 6345 3946 6346 3947 6346 3587 6346 3587 6347 3948 6347 3589 6347 3589 6348 3948 6348 3591 6348 3947 6349 3948 6349 3587 6349 3948 6350 3949 6350 3591 6350 3591 6351 3950 6351 3593 6351 3949 6352 3950 6352 3591 6352 3950 6353 3951 6353 3593 6353 3593 6354 3951 6354 3595 6354 3951 6355 3952 6355 3595 6355 3595 6356 3952 6356 3597 6356 3952 6357 3953 6357 3597 6357 3597 6358 3953 6358 3599 6358 3953 6359 3954 6359 3599 6359 3599 6360 3954 6360 3601 6360 3954 6361 3955 6361 3601 6361 3601 6362 3955 6362 3603 6362 3955 6363 3956 6363 3603 6363 3603 6364 3956 6364 3605 6364 3605 6365 3956 6365 3607 6365 3956 6366 3957 6366 3607 6366 3607 6367 3957 6367 3609 6367 3957 6368 3958 6368 3609 6368 3609 6369 3959 6369 3611 6369 3958 6370 3959 6370 3609 6370 3959 6371 3834 6371 3611 6371 3611 6372 3834 6372 3613 6372 3960 6373 3944 6373 3943 6373 3961 6374 3945 6374 3944 6374 3961 6375 3944 6375 3960 6375 3962 6376 3943 6376 3942 6376 3962 6377 3960 6377 3943 6377 3963 6378 3946 6378 3945 6378 3963 6379 3945 6379 3961 6379 3964 6380 3942 6380 3941 6380 3964 6381 3962 6381 3942 6381 3965 6382 3947 6382 3946 6382 3965 6383 3946 6383 3963 6383 3966 6384 3964 6384 3941 6384 3966 6385 3941 6385 3940 6385 3967 6386 3948 6386 3947 6386 3967 6387 3947 6387 3965 6387 3968 6388 3940 6388 3939 6388 3968 6389 3966 6389 3940 6389 3969 6390 3949 6390 3948 6390 3969 6391 3948 6391 3967 6391 3970 6392 3939 6392 3938 6392 3970 6393 3968 6393 3939 6393 3971 6394 3950 6394 3949 6394 3971 6395 3949 6395 3969 6395 3972 6396 3938 6396 3937 6396 3972 6397 3970 6397 3938 6397 3973 6398 3951 6398 3950 6398 3973 6399 3950 6399 3971 6399 3974 6400 3937 6400 3936 6400 3974 6401 3972 6401 3937 6401 3975 6402 3952 6402 3951 6402 3975 6403 3951 6403 3973 6403 3976 6404 3936 6404 3935 6404 3976 6405 3974 6405 3936 6405 3977 6406 3953 6406 3952 6406 3977 6407 3952 6407 3975 6407 3978 6408 3935 6408 3934 6408 3978 6409 3976 6409 3935 6409 3979 6410 3954 6410 3953 6410 3979 6411 3953 6411 3977 6411 3980 6412 3978 6412 3934 6412 3980 6413 3934 6413 3933 6413 3981 6414 3955 6414 3954 6414 3981 6415 3954 6415 3979 6415 3982 6416 3980 6416 3933 6416 3982 6417 3933 6417 3932 6417 3983 6418 3956 6418 3955 6418 3983 6419 3955 6419 3981 6419 3984 6420 3982 6420 3932 6420 3984 6421 3932 6421 3931 6421 3985 6422 3957 6422 3956 6422 3985 6423 3956 6423 3983 6423 3986 6424 3984 6424 3931 6424 3986 6425 3931 6425 3930 6425 3987 6426 3958 6426 3957 6426 3987 6427 3957 6427 3985 6427 3988 6428 3930 6428 3929 6428 3988 6429 3986 6429 3930 6429 3989 6430 3959 6430 3958 6430 3989 6431 3958 6431 3987 6431 3990 6432 3988 6432 3929 6432 3990 6433 3929 6433 3928 6433 3991 6434 3959 6434 3989 6434 3991 6435 3834 6435 3959 6435 3992 6436 3990 6436 3928 6436 3992 6437 3928 6437 3927 6437 3993 6438 3835 6438 3834 6438 3993 6439 3834 6439 3991 6439 3994 6440 3992 6440 3927 6440 3994 6441 3927 6441 3926 6441 3995 6442 3836 6442 3835 6442 3995 6443 3835 6443 3993 6443 3996 6444 3994 6444 3926 6444 3996 6445 3926 6445 3925 6445 3997 6446 3837 6446 3836 6446 3997 6447 3836 6447 3995 6447 3998 6448 3996 6448 3925 6448 3998 6449 3925 6449 3924 6449 3999 6450 3838 6450 3837 6450 3999 6451 3837 6451 3997 6451 4000 6452 3998 6452 3924 6452 4000 6453 3924 6453 3923 6453 4001 6454 3839 6454 3838 6454 4001 6455 3838 6455 3999 6455 4002 6456 4000 6456 3923 6456 4002 6457 3923 6457 3922 6457 4003 6458 3840 6458 3839 6458 4003 6459 3839 6459 4001 6459 4004 6460 4002 6460 3922 6460 4004 6461 3922 6461 3921 6461 4005 6462 3841 6462 3840 6462 4005 6463 3840 6463 4003 6463 4006 6464 4004 6464 3921 6464 4006 6465 3921 6465 3920 6465 4007 6466 3842 6466 3841 6466 4007 6467 3841 6467 4005 6467 4008 6468 4006 6468 3920 6468 4008 6469 3920 6469 3919 6469 4009 6470 3843 6470 3842 6470 4009 6471 3842 6471 4007 6471 4010 6472 4008 6472 3919 6472 4010 6473 3919 6473 3918 6473 4011 6474 3844 6474 3843 6474 4011 6475 3843 6475 4009 6475 4012 6476 4010 6476 3918 6476 4013 6477 3845 6477 3844 6477 4013 6478 3844 6478 4011 6478 4014 6479 4012 6479 3918 6479 4014 6480 3917 6480 3916 6480 4014 6481 3918 6481 3917 6481 4015 6482 3846 6482 3845 6482 4015 6483 3845 6483 4013 6483 4016 6484 4014 6484 3916 6484 4016 6485 3916 6485 3915 6485 4017 6486 3847 6486 3846 6486 4017 6487 3846 6487 4015 6487 4018 6488 4016 6488 3915 6488 3914 6489 4018 6489 3915 6489 4019 6490 3848 6490 3847 6490 4019 6491 3847 6491 4017 6491 4020 6492 4018 6492 3914 6492 4021 6493 3849 6493 3848 6493 4021 6494 3848 6494 4019 6494 3913 6495 4020 6495 3914 6495 4022 6496 4020 6496 3913 6496 3850 6497 4021 6497 4023 6497 3850 6498 3849 6498 4021 6498 4024 6499 3850 6499 4023 6499 3912 6500 4025 6500 4022 6500 3912 6501 4022 6501 3913 6501 3851 6502 3850 6502 4024 6502 4026 6503 3851 6503 4024 6503 3911 6504 4027 6504 4025 6504 3911 6505 4025 6505 3912 6505 3852 6506 3851 6506 4026 6506 3910 6507 4027 6507 3911 6507 3910 6508 4028 6508 4027 6508 3853 6509 3852 6509 4026 6509 3853 6510 4029 6510 4030 6510 3853 6511 4026 6511 4029 6511 3909 6512 4028 6512 3910 6512 3909 6513 4031 6513 4028 6513 3854 6514 3853 6514 4030 6514 3908 6515 4031 6515 3909 6515 3908 6516 4032 6516 4031 6516 3855 6517 3854 6517 4030 6517 3855 6518 4033 6518 4034 6518 3855 6519 4030 6519 4033 6519 3907 6520 4032 6520 3908 6520 3907 6521 4035 6521 4032 6521 3856 6522 3855 6522 4034 6522 3906 6523 4036 6523 4035 6523 3906 6524 4035 6524 3907 6524 3857 6525 3856 6525 4034 6525 3857 6526 4037 6526 4038 6526 3857 6527 4034 6527 4037 6527 3905 6528 4039 6528 4036 6528 3905 6529 4036 6529 3906 6529 3858 6530 4038 6530 4040 6530 3858 6531 3857 6531 4038 6531 3904 6532 4041 6532 4039 6532 3904 6533 4039 6533 3905 6533 3859 6534 4040 6534 4042 6534 3859 6535 3858 6535 4040 6535 3903 6536 4043 6536 4041 6536 3903 6537 4041 6537 3904 6537 3860 6538 3859 6538 4042 6538 3902 6539 4044 6539 4043 6539 3902 6540 4043 6540 3903 6540 3861 6541 4045 6541 4046 6541 3861 6542 4042 6542 4045 6542 3861 6543 3860 6543 4042 6543 3901 6544 4044 6544 3902 6544 3901 6545 4047 6545 4044 6545 3862 6546 3861 6546 4046 6546 3862 6547 4046 6547 4048 6547 3900 6548 4049 6548 4047 6548 3900 6549 4047 6549 3901 6549 3863 6550 4048 6550 4050 6550 3863 6551 3862 6551 4048 6551 3899 6552 4051 6552 4049 6552 3899 6553 4049 6553 3900 6553 3864 6554 3863 6554 4050 6554 3898 6555 4051 6555 3899 6555 3898 6556 4052 6556 4051 6556 3865 6557 4053 6557 4054 6557 3865 6558 4050 6558 4053 6558 3865 6559 3864 6559 4050 6559 3897 6560 4055 6560 4052 6560 3897 6561 4052 6561 3898 6561 3866 6562 4054 6562 4056 6562 3866 6563 3865 6563 4054 6563 3896 6564 4057 6564 4055 6564 3896 6565 4055 6565 3897 6565 3867 6566 3866 6566 4056 6566 3895 6567 4058 6567 4057 6567 3895 6568 4057 6568 3896 6568 3868 6569 4056 6569 4059 6569 3868 6570 3867 6570 4056 6570 3894 6571 4060 6571 4058 6571 3894 6572 4058 6572 3895 6572 3869 6573 4059 6573 4061 6573 3869 6574 3868 6574 4059 6574 3893 6575 4062 6575 4060 6575 3893 6576 4060 6576 3894 6576 3870 6577 4063 6577 4064 6577 3870 6578 4061 6578 4063 6578 3870 6579 3869 6579 4061 6579 3892 6580 4065 6580 4062 6580 3892 6581 4062 6581 3893 6581 3871 6582 3870 6582 4064 6582 3891 6583 4066 6583 4065 6583 3891 6584 4065 6584 3892 6584 3872 6585 3871 6585 4064 6585 3872 6586 4064 6586 4067 6586 3890 6587 4066 6587 3891 6587 3890 6588 4068 6588 4066 6588 3873 6589 3872 6589 4067 6589 3873 6590 4069 6590 4070 6590 3873 6591 4067 6591 4069 6591 3889 6592 4071 6592 4068 6592 3889 6593 4068 6593 3890 6593 3874 6594 3873 6594 4070 6594 3888 6595 4071 6595 3889 6595 3888 6596 4072 6596 4071 6596 3875 6597 3874 6597 4070 6597 3875 6598 4073 6598 4074 6598 3875 6599 4070 6599 4073 6599 3887 6600 4072 6600 3888 6600 3887 6601 4075 6601 4072 6601 3876 6602 3875 6602 4074 6602 3886 6603 4075 6603 3887 6603 3886 6604 4076 6604 4075 6604 3877 6605 3876 6605 4074 6605 3877 6606 4074 6606 4077 6606 3885 6607 4076 6607 3886 6607 3885 6608 4078 6608 4076 6608 3878 6609 3877 6609 4077 6609 3878 6610 4077 6610 4079 6610 3884 6611 4078 6611 3885 6611 3884 6612 4080 6612 4078 6612 3879 6613 3878 6613 4079 6613 3879 6614 4079 6614 4081 6614 3883 6615 4080 6615 3884 6615 3883 6616 4082 6616 4080 6616 3880 6617 4081 6617 4083 6617 3880 6618 3879 6618 4081 6618 3882 6619 4084 6619 4082 6619 3882 6620 4082 6620 3883 6620 3881 6621 4085 6621 4084 6621 3881 6622 4083 6622 4085 6622 3881 6623 4084 6623 3882 6623 3881 6624 3880 6624 4083 6624 4086 6625 4087 6625 3487 6625 3487 6626 4087 6626 3488 6626 3488 6627 4088 6627 3489 6627 4087 6628 4088 6628 3488 6628 3489 6629 4089 6629 3490 6629 3490 6630 4089 6630 3491 6630 4088 6631 4089 6631 3489 6631 4089 6632 4090 6632 3491 6632 3491 6633 4091 6633 3497 6633 4090 6634 4091 6634 3491 6634 3497 6635 4092 6635 3499 6635 3499 6636 4092 6636 3501 6636 4091 6637 4092 6637 3497 6637 3501 6638 4093 6638 3503 6638 4092 6639 4093 6639 3501 6639 4093 6640 4094 6640 3503 6640 3503 6641 4095 6641 3505 6641 4094 6642 4095 6642 3503 6642 3505 6643 4096 6643 3507 6643 4095 6644 4096 6644 3505 6644 4096 6645 4097 6645 3507 6645 3507 6646 4097 6646 3509 6646 4097 6647 4098 6647 3509 6647 3509 6648 4098 6648 3511 6648 3511 6649 4098 6649 3513 6649 4098 6650 4099 6650 3513 6650 4099 6651 4100 6651 3513 6651 3513 6652 4100 6652 3515 6652 3515 6653 4100 6653 3517 6653 4100 6654 4101 6654 3517 6654 4101 6655 4102 6655 3517 6655 3517 6656 4102 6656 3519 6656 4102 6657 4103 6657 3519 6657 3519 6658 4103 6658 3520 6658 4103 6659 4104 6659 3520 6659 3520 6660 4104 6660 3521 6660 4104 6661 4105 6661 3521 6661 3521 6662 4105 6662 3522 6662 4105 6663 4106 6663 3522 6663 3522 6664 4106 6664 3523 6664 3523 6665 4106 6665 3542 6665 4106 6666 4107 6666 3542 6666 4107 6667 4108 6667 3542 6667 3542 6668 4108 6668 3543 6668 3543 6669 4109 6669 3538 6669 4108 6670 4109 6670 3543 6670 3538 6671 4109 6671 3539 6671 4109 6672 4110 6672 3539 6672 4110 6673 4111 6673 3539 6673 3539 6674 4111 6674 3540 6674 3540 6675 4112 6675 3541 6675 4111 6676 4112 6676 3540 6676 3541 6677 4113 6677 3544 6677 4112 6678 4113 6678 3541 6678 3544 6679 4114 6679 3545 6679 4113 6680 4114 6680 3544 6680 3545 6681 4115 6681 3546 6681 4114 6682 4115 6682 3545 6682 3546 6683 4116 6683 3547 6683 4115 6684 4116 6684 3546 6684 3547 6685 4117 6685 3548 6685 4116 6686 4117 6686 3547 6686 3548 6687 4118 6687 3549 6687 4117 6688 4118 6688 3548 6688 3549 6689 4119 6689 3550 6689 4118 6690 4119 6690 3549 6690 3550 6691 4120 6691 3551 6691 4119 6692 4120 6692 3550 6692 3551 6693 4121 6693 3552 6693 4120 6694 4121 6694 3551 6694 3552 6695 4122 6695 3553 6695 4121 6696 4122 6696 3552 6696 4122 6697 4123 6697 3553 6697 3553 6698 4123 6698 3554 6698 4123 6699 4124 6699 3554 6699 3554 6700 4124 6700 3555 6700 4124 6701 4125 6701 3555 6701 3555 6702 4125 6702 3556 6702 4125 6703 4126 6703 3556 6703 3556 6704 4126 6704 3557 6704 4126 6705 4127 6705 3557 6705 3557 6706 4127 6706 3558 6706 4127 6707 4128 6707 3558 6707 3558 6708 4128 6708 3559 6708 4128 6709 4129 6709 3559 6709 3559 6710 4129 6710 3560 6710 4129 6711 4130 6711 3560 6711 3560 6712 4130 6712 3561 6712 4130 6713 4131 6713 3561 6713 3561 6714 4131 6714 3562 6714 4131 6715 4132 6715 3562 6715 3562 6716 4132 6716 3563 6716 4132 6717 4133 6717 3563 6717 3563 6718 4133 6718 3564 6718 4133 6719 4134 6719 3564 6719 3564 6720 4134 6720 3565 6720 3565 6721 4134 6721 3566 6721 4134 6722 4135 6722 3566 6722 4135 6723 4136 6723 3566 6723 3566 6724 4136 6724 3567 6724 4136 6725 4137 6725 3567 6725 3567 6726 4137 6726 3568 6726 4137 6727 4138 6727 3568 6727 3568 6728 4138 6728 3569 6728 4138 6729 4139 6729 3569 6729 3569 6730 4139 6730 3570 6730 4139 6731 4140 6731 3570 6731 3570 6732 4140 6732 3571 6732 4140 6733 4141 6733 3571 6733 3571 6734 4141 6734 3572 6734 4141 6735 4142 6735 3572 6735 3572 6736 4142 6736 3573 6736 4142 6737 4143 6737 3573 6737 3573 6738 4143 6738 3574 6738 3574 6739 4144 6739 3575 6739 4143 6740 4144 6740 3574 6740 3575 6741 4145 6741 3576 6741 4144 6742 4145 6742 3575 6742 3576 6743 4146 6743 3577 6743 4145 6744 4146 6744 3576 6744 3577 6745 4147 6745 3578 6745 3578 6746 4147 6746 3579 6746 4146 6747 4147 6747 3577 6747 4147 6748 4148 6748 3579 6748 4148 6749 4149 6749 3579 6749 3579 6750 4149 6750 3580 6750 4149 6751 4150 6751 3580 6751 3580 6752 4150 6752 3581 6752 4150 6753 4151 6753 3581 6753 3581 6754 4151 6754 3537 6754 4151 6755 4152 6755 3537 6755 3537 6756 4152 6756 3536 6756 3536 6757 4152 6757 3535 6757 4152 6758 4153 6758 3535 6758 4153 6759 4154 6759 3535 6759 3535 6760 4154 6760 3524 6760 4154 6761 4155 6761 3524 6761 3524 6762 4155 6762 3525 6762 4155 6763 4156 6763 3525 6763 3525 6764 4156 6764 3526 6764 3526 6765 4156 6765 3527 6765 4156 6766 4157 6766 3527 6766 4157 6767 4158 6767 3527 6767 3527 6768 4158 6768 3528 6768 4158 6769 4159 6769 3528 6769 3528 6770 4159 6770 3529 6770 3529 6771 4160 6771 3530 6771 4159 6772 4160 6772 3529 6772 3530 6773 4161 6773 3531 6773 4160 6774 4161 6774 3530 6774 3531 6775 4162 6775 3532 6775 4161 6776 4162 6776 3531 6776 3532 6777 4163 6777 3533 6777 4162 6778 4163 6778 3532 6778 3533 6779 4164 6779 3534 6779 4163 6780 4164 6780 3533 6780 3534 6781 4165 6781 3518 6781 3518 6782 4165 6782 3516 6782 4164 6783 4165 6783 3534 6783 4165 6784 4166 6784 3516 6784 3516 6785 4167 6785 3514 6785 3514 6786 4167 6786 3512 6786 4166 6787 4167 6787 3516 6787 4167 6788 4168 6788 3512 6788 3512 6789 4169 6789 3510 6789 4168 6790 4169 6790 3512 6790 3510 6791 4170 6791 3508 6791 4169 6792 4170 6792 3510 6792 3508 6793 4171 6793 3506 6793 4170 6794 4171 6794 3508 6794 3506 6795 4172 6795 3504 6795 4171 6796 4172 6796 3506 6796 3504 6797 4173 6797 3502 6797 4172 6798 4173 6798 3504 6798 4173 6799 4174 6799 3502 6799 3502 6800 4174 6800 3500 6800 4174 6801 4175 6801 3500 6801 3500 6802 4175 6802 3498 6802 3498 6803 4175 6803 3496 6803 4175 6804 4176 6804 3496 6804 4176 6805 4177 6805 3496 6805 3496 6806 4177 6806 3492 6806 3492 6807 4178 6807 3493 6807 3493 6808 4178 6808 3494 6808 4177 6809 4178 6809 3492 6809 4178 6810 4179 6810 3494 6810 3494 6811 4180 6811 3495 6811 4179 6812 4180 6812 3494 6812 3495 6813 4181 6813 3486 6813 4180 6814 4181 6814 3495 6814 3486 6815 4182 6815 3484 6815 3484 6816 4182 6816 3482 6816 4181 6817 4182 6817 3486 6817 4182 6818 4183 6818 3482 6818 3482 6819 4184 6819 3480 6819 3480 6820 4184 6820 3478 6820 4183 6821 4184 6821 3482 6821 4184 6822 4185 6822 3478 6822 3478 6823 4186 6823 3476 6823 4185 6824 4186 6824 3478 6824 3476 6825 4187 6825 3474 6825 3474 6826 4187 6826 3472 6826 4186 6827 4187 6827 3476 6827 4187 6828 4188 6828 3472 6828 3472 6829 4189 6829 3470 6829 3470 6830 4189 6830 3468 6830 4188 6831 4189 6831 3472 6831 4189 6832 4190 6832 3468 6832 3468 6833 4191 6833 3466 6833 4190 6834 4191 6834 3468 6834 3466 6835 4192 6835 3464 6835 4191 6836 4192 6836 3466 6836 3464 6837 4193 6837 3462 6837 4192 6838 4193 6838 3464 6838 3462 6839 4194 6839 3460 6839 4193 6840 4194 6840 3462 6840 3460 6841 4195 6841 3458 6841 4194 6842 4195 6842 3460 6842 3458 6843 4196 6843 3456 6843 4195 6844 4196 6844 3458 6844 3456 6845 4197 6845 3457 6845 4196 6846 4197 6846 3456 6846 4197 6847 4198 6847 3457 6847 3457 6848 4198 6848 3459 6848 3459 6849 4198 6849 3461 6849 4198 6850 4199 6850 3461 6850 3461 6851 4200 6851 3463 6851 3463 6852 4200 6852 3465 6852 4199 6853 4200 6853 3461 6853 4200 6854 4201 6854 3465 6854 3465 6855 4202 6855 3467 6855 4201 6856 4202 6856 3465 6856 4202 6857 4203 6857 3467 6857 3467 6858 4203 6858 3469 6858 4203 6859 4204 6859 3469 6859 3469 6860 4204 6860 3471 6860 4204 6861 4205 6861 3471 6861 3471 6862 4205 6862 3473 6862 4205 6863 4206 6863 3473 6863 3473 6864 4206 6864 3475 6864 4206 6865 4207 6865 3475 6865 3475 6866 4207 6866 3477 6866 4207 6867 4208 6867 3477 6867 3477 6868 4208 6868 3479 6868 3479 6869 4208 6869 3481 6869 4208 6870 4209 6870 3481 6870 3481 6871 4209 6871 3483 6871 4209 6872 4210 6872 3483 6872 3483 6873 4211 6873 3485 6873 4210 6874 4211 6874 3483 6874 4211 6875 4086 6875 3485 6875 3485 6876 4086 6876 3487 6876 4212 6877 4196 6877 4195 6877 4213 6878 4197 6878 4196 6878 4213 6879 4196 6879 4212 6879 4214 6880 4212 6880 4195 6880 4214 6881 4195 6881 4194 6881 4215 6882 4198 6882 4197 6882 4215 6883 4197 6883 4213 6883 4216 6884 4194 6884 4193 6884 4216 6885 4214 6885 4194 6885 4217 6886 4199 6886 4198 6886 4217 6887 4198 6887 4215 6887 4218 6888 4193 6888 4192 6888 4218 6889 4216 6889 4193 6889 4219 6890 4200 6890 4199 6890 4219 6891 4199 6891 4217 6891 4220 6892 4192 6892 4191 6892 4220 6893 4218 6893 4192 6893 4221 6894 4201 6894 4200 6894 4221 6895 4200 6895 4219 6895 4222 6896 4191 6896 4190 6896 4222 6897 4220 6897 4191 6897 4223 6898 4202 6898 4201 6898 4223 6899 4201 6899 4221 6899 4224 6900 4190 6900 4189 6900 4224 6901 4222 6901 4190 6901 4225 6902 4203 6902 4202 6902 4225 6903 4202 6903 4223 6903 4226 6904 4189 6904 4188 6904 4226 6905 4224 6905 4189 6905 4227 6906 4204 6906 4203 6906 4227 6907 4203 6907 4225 6907 4228 6908 4188 6908 4187 6908 4228 6909 4226 6909 4188 6909 4229 6910 4205 6910 4204 6910 4229 6911 4204 6911 4227 6911 4230 6912 4187 6912 4186 6912 4230 6913 4228 6913 4187 6913 4231 6914 4206 6914 4205 6914 4231 6915 4205 6915 4229 6915 4232 6916 4230 6916 4186 6916 4232 6917 4186 6917 4185 6917 4233 6918 4207 6918 4206 6918 4233 6919 4206 6919 4231 6919 4234 6920 4232 6920 4185 6920 4234 6921 4185 6921 4184 6921 4235 6922 4208 6922 4207 6922 4235 6923 4207 6923 4233 6923 4236 6924 4234 6924 4184 6924 4236 6925 4184 6925 4183 6925 4237 6926 4209 6926 4208 6926 4237 6927 4208 6927 4235 6927 4238 6928 4236 6928 4183 6928 4238 6929 4183 6929 4182 6929 4239 6930 4210 6930 4209 6930 4239 6931 4209 6931 4237 6931 4240 6932 4182 6932 4181 6932 4240 6933 4238 6933 4182 6933 4241 6934 4210 6934 4239 6934 4241 6935 4211 6935 4210 6935 4242 6936 4181 6936 4180 6936 4242 6937 4240 6937 4181 6937 4243 6938 4086 6938 4211 6938 4243 6939 4211 6939 4241 6939 4244 6940 4242 6940 4180 6940 4244 6941 4180 6941 4179 6941 4245 6942 4087 6942 4086 6942 4245 6943 4086 6943 4243 6943 4246 6944 4244 6944 4179 6944 4246 6945 4179 6945 4178 6945 4247 6946 4088 6946 4087 6946 4247 6947 4087 6947 4245 6947 4248 6948 4246 6948 4178 6948 4248 6949 4178 6949 4177 6949 4249 6950 4089 6950 4088 6950 4249 6951 4088 6951 4247 6951 4250 6952 4248 6952 4177 6952 4250 6953 4177 6953 4176 6953 4251 6954 4090 6954 4089 6954 4251 6955 4089 6955 4249 6955 4252 6956 4250 6956 4176 6956 4252 6957 4176 6957 4175 6957 4253 6958 4091 6958 4090 6958 4253 6959 4090 6959 4251 6959 4254 6960 4252 6960 4175 6960 4254 6961 4175 6961 4174 6961 4255 6962 4092 6962 4091 6962 4255 6963 4091 6963 4253 6963 4256 6964 4254 6964 4174 6964 4256 6965 4174 6965 4173 6965 4257 6966 4093 6966 4092 6966 4257 6967 4092 6967 4255 6967 4258 6968 4256 6968 4173 6968 4258 6969 4173 6969 4172 6969 4259 6970 4094 6970 4093 6970 4259 6971 4093 6971 4257 6971 4260 6972 4258 6972 4172 6972 4260 6973 4172 6973 4171 6973 4261 6974 4095 6974 4094 6974 4261 6975 4094 6975 4259 6975 4262 6976 4260 6976 4171 6976 4262 6977 4171 6977 4170 6977 4263 6978 4096 6978 4095 6978 4263 6979 4095 6979 4261 6979 4264 6980 4262 6980 4170 6980 4264 6981 4170 6981 4169 6981 4265 6982 4096 6982 4263 6982 4265 6983 4097 6983 4096 6983 4266 6984 4264 6984 4169 6984 4266 6985 4169 6985 4168 6985 4267 6986 4098 6986 4097 6986 4267 6987 4097 6987 4265 6987 4268 6988 4266 6988 4168 6988 4268 6989 4168 6989 4167 6989 4269 6990 4099 6990 4098 6990 4269 6991 4098 6991 4267 6991 4270 6992 4268 6992 4167 6992 4271 6993 4100 6993 4099 6993 4271 6994 4099 6994 4269 6994 4272 6995 4167 6995 4166 6995 4272 6996 4270 6996 4167 6996 4273 6997 4101 6997 4100 6997 4273 6998 4100 6998 4271 6998 4165 6999 4272 6999 4166 6999 4274 7000 4272 7000 4165 7000 4275 7001 4101 7001 4273 7001 4102 7002 4101 7002 4275 7002 4276 7003 4102 7003 4275 7003 4164 7004 4277 7004 4274 7004 4164 7005 4274 7005 4165 7005 4103 7006 4102 7006 4276 7006 4278 7007 4103 7007 4276 7007 4163 7008 4279 7008 4277 7008 4163 7009 4277 7009 4164 7009 4104 7010 4103 7010 4278 7010 4162 7011 4279 7011 4163 7011 4162 7012 4280 7012 4279 7012 4105 7013 4104 7013 4278 7013 4105 7014 4281 7014 4282 7014 4105 7015 4278 7015 4281 7015 4161 7016 4280 7016 4162 7016 4161 7017 4283 7017 4280 7017 4106 7018 4105 7018 4282 7018 4106 7019 4282 7019 4284 7019 4160 7020 4285 7020 4283 7020 4160 7021 4283 7021 4161 7021 4107 7022 4106 7022 4284 7022 4107 7023 4284 7023 4286 7023 4159 7024 4285 7024 4160 7024 4159 7025 4287 7025 4285 7025 4108 7026 4107 7026 4286 7026 4108 7027 4286 7027 4288 7027 4158 7028 4289 7028 4287 7028 4158 7029 4287 7029 4159 7029 4109 7030 4288 7030 4290 7030 4109 7031 4108 7031 4288 7031 4157 7032 4291 7032 4289 7032 4157 7033 4289 7033 4158 7033 4110 7034 4290 7034 4292 7034 4110 7035 4109 7035 4290 7035 4156 7036 4293 7036 4291 7036 4156 7037 4291 7037 4157 7037 4111 7038 4110 7038 4292 7038 4111 7039 4292 7039 4294 7039 4155 7040 4295 7040 4293 7040 4155 7041 4293 7041 4156 7041 4112 7042 4111 7042 4294 7042 4154 7043 4296 7043 4295 7043 4154 7044 4295 7044 4155 7044 4113 7045 4112 7045 4294 7045 4113 7046 4297 7046 4298 7046 4113 7047 4294 7047 4297 7047 4153 7048 4296 7048 4154 7048 4153 7049 4299 7049 4296 7049 4114 7050 4113 7050 4298 7050 4152 7051 4299 7051 4153 7051 4152 7052 4300 7052 4299 7052 4115 7053 4114 7053 4298 7053 4115 7054 4298 7054 4301 7054 4151 7055 4302 7055 4300 7055 4151 7056 4300 7056 4152 7056 4116 7057 4301 7057 4303 7057 4116 7058 4115 7058 4301 7058 4150 7059 4302 7059 4151 7059 4150 7060 4304 7060 4302 7060 4117 7061 4305 7061 4306 7061 4117 7062 4303 7062 4305 7062 4117 7063 4116 7063 4303 7063 4149 7064 4307 7064 4304 7064 4149 7065 4304 7065 4150 7065 4118 7066 4306 7066 4308 7066 4118 7067 4117 7067 4306 7067 4148 7068 4309 7068 4307 7068 4148 7069 4307 7069 4149 7069 4119 7070 4118 7070 4308 7070 4147 7071 4310 7071 4309 7071 4147 7072 4309 7072 4148 7072 4120 7073 4308 7073 4311 7073 4120 7074 4119 7074 4308 7074 4146 7075 4312 7075 4310 7075 4146 7076 4310 7076 4147 7076 4121 7077 4120 7077 4311 7077 4121 7078 4313 7078 4314 7078 4121 7079 4311 7079 4313 7079 4145 7080 4315 7080 4312 7080 4145 7081 4312 7081 4146 7081 4122 7082 4121 7082 4314 7082 4144 7083 4316 7083 4315 7083 4144 7084 4315 7084 4145 7084 4123 7085 4122 7085 4314 7085 4123 7086 4314 7086 4317 7086 4143 7087 4316 7087 4144 7087 4143 7088 4318 7088 4316 7088 4124 7089 4123 7089 4317 7089 4124 7090 4317 7090 4319 7090 4142 7091 4320 7091 4318 7091 4142 7092 4318 7092 4143 7092 4125 7093 4124 7093 4319 7093 4125 7094 4319 7094 4321 7094 4141 7095 4322 7095 4320 7095 4141 7096 4323 7096 4322 7096 4141 7097 4320 7097 4142 7097 4126 7098 4125 7098 4321 7098 4126 7099 4321 7099 4324 7099 4140 7100 4323 7100 4141 7100 4127 7101 4126 7101 4324 7101 4127 7102 4325 7102 4326 7102 4127 7103 4324 7103 4325 7103 4139 7104 4323 7104 4140 7104 4139 7105 4327 7105 4323 7105 4128 7106 4127 7106 4326 7106 4138 7107 4327 7107 4139 7107 4138 7108 4328 7108 4327 7108 4129 7109 4128 7109 4326 7109 4129 7110 4326 7110 4329 7110 4137 7111 4328 7111 4138 7111 4137 7112 4330 7112 4328 7112 4130 7113 4129 7113 4329 7113 4130 7114 4331 7114 4332 7114 4130 7115 4329 7115 4331 7115 4136 7116 4330 7116 4137 7116 4136 7117 4333 7117 4330 7117 4131 7118 4130 7118 4332 7118 4131 7119 4332 7119 4334 7119 4135 7120 4335 7120 4333 7120 4135 7121 4333 7121 4136 7121 4132 7122 4334 7122 4336 7122 4132 7123 4131 7123 4334 7123 4134 7124 4337 7124 4335 7124 4134 7125 4335 7125 4135 7125 4133 7126 4132 7126 4336 7126 4133 7127 4336 7127 4337 7127 4133 7128 4337 7128 4134 7128 2655 7129 657 7129 2661 7129 2661 7130 659 7130 2735 7130 657 7131 659 7131 2661 7131 2735 7132 663 7132 2732 7132 659 7133 663 7133 2735 7133 2732 7134 665 7134 2731 7134 663 7135 665 7135 2732 7135 2731 7136 668 7136 2727 7136 665 7137 668 7137 2731 7137 2727 7138 670 7138 2726 7138 668 7139 670 7139 2727 7139 2726 7140 673 7140 2722 7140 670 7141 673 7141 2726 7141 2722 7142 675 7142 2721 7142 673 7143 675 7143 2722 7143 675 7144 678 7144 2721 7144 2721 7145 678 7145 2717 7145 678 7146 680 7146 2717 7146 2717 7147 680 7147 2716 7147 2716 7148 684 7148 2712 7148 680 7149 684 7149 2716 7149 2712 7150 685 7150 2711 7150 684 7151 685 7151 2712 7151 2711 7152 688 7152 2707 7152 685 7153 688 7153 2711 7153 2707 7154 690 7154 2706 7154 688 7155 690 7155 2707 7155 2706 7156 693 7156 2702 7156 690 7157 693 7157 2706 7157 2702 7158 695 7158 2701 7158 693 7159 695 7159 2702 7159 2701 7160 698 7160 2697 7160 695 7161 698 7161 2701 7161 2697 7162 700 7162 2696 7162 698 7163 700 7163 2697 7163 2696 7164 703 7164 2692 7164 700 7165 703 7165 2696 7165 2692 7166 705 7166 2691 7166 703 7167 705 7167 2692 7167 2691 7168 708 7168 2687 7168 705 7169 708 7169 2691 7169 2687 7170 710 7170 2686 7170 708 7171 710 7171 2687 7171 2686 7172 713 7172 2682 7172 710 7173 713 7173 2686 7173 2682 7174 715 7174 2681 7174 713 7175 715 7175 2682 7175 715 7176 718 7176 2681 7176 2681 7177 720 7177 2677 7177 2677 7178 720 7178 2676 7178 718 7179 720 7179 2681 7179 2676 7180 724 7180 2672 7180 720 7181 724 7181 2676 7181 2672 7182 725 7182 2671 7182 724 7183 725 7183 2672 7183 2671 7184 729 7184 2667 7184 725 7185 729 7185 2671 7185 2667 7186 730 7186 2666 7186 729 7187 730 7187 2667 7187 730 7188 733 7188 2666 7188 2666 7189 661 7189 2660 7189 2660 7190 661 7190 2659 7190 733 7191 661 7191 2666 7191 661 7192 564 7192 2659 7192 736 7193 2655 7193 2578 7193 657 7194 2655 7194 736 7194 736 7195 2578 7195 742 7195 742 7196 2579 7196 814 7196 2578 7197 2579 7197 742 7197 814 7198 2585 7198 811 7198 2579 7199 2585 7199 814 7199 811 7200 2586 7200 810 7200 2585 7201 2586 7201 811 7201 810 7202 2590 7202 806 7202 2586 7203 2590 7203 810 7203 806 7204 2591 7204 805 7204 2590 7205 2591 7205 806 7205 805 7206 2595 7206 801 7206 2591 7207 2595 7207 805 7207 801 7208 2596 7208 799 7208 2595 7209 2596 7209 801 7209 2596 7210 2600 7210 799 7210 799 7211 2600 7211 796 7211 2600 7212 2601 7212 796 7212 796 7213 2601 7213 794 7213 2601 7214 2605 7214 794 7214 794 7215 2605 7215 791 7215 2605 7216 2606 7216 791 7216 791 7217 2606 7217 789 7217 2606 7218 2610 7218 789 7218 789 7219 2610 7219 786 7219 2610 7220 2611 7220 786 7220 786 7221 2611 7221 784 7221 2611 7222 2615 7222 784 7222 784 7223 2615 7223 781 7223 2615 7224 2616 7224 781 7224 781 7225 2616 7225 779 7225 2616 7226 2620 7226 779 7226 779 7227 2620 7227 776 7227 2620 7228 2621 7228 776 7228 776 7229 2621 7229 774 7229 2621 7230 2625 7230 774 7230 774 7231 2625 7231 771 7231 2625 7232 2626 7232 771 7232 771 7233 2626 7233 769 7233 2626 7234 2630 7234 769 7234 769 7235 2630 7235 766 7235 766 7236 2631 7236 765 7236 2630 7237 2631 7237 766 7237 765 7238 2635 7238 761 7238 2631 7239 2635 7239 765 7239 761 7240 2636 7240 759 7240 2635 7241 2636 7241 761 7241 759 7242 2640 7242 756 7242 2636 7243 2640 7243 759 7243 756 7244 2641 7244 754 7244 2640 7245 2641 7245 756 7245 754 7246 2645 7246 751 7246 2641 7247 2645 7247 754 7247 751 7248 2646 7248 749 7248 2645 7249 2646 7249 751 7249 749 7250 2650 7250 746 7250 2646 7251 2650 7251 749 7251 746 7252 2651 7252 744 7252 2650 7253 2651 7253 746 7253 744 7254 2654 7254 740 7254 2651 7255 2654 7255 744 7255 2654 7256 2580 7256 740 7256 740 7257 2494 7257 738 7257 2580 7258 2494 7258 740 7258 2574 7259 818 7259 829 7259 2574 7260 2480 7260 818 7260 2575 7261 829 7261 828 7261 2575 7262 2574 7262 829 7262 2571 7263 828 7263 827 7263 2571 7264 2575 7264 828 7264 2572 7265 827 7265 835 7265 2572 7266 2571 7266 827 7266 2565 7267 835 7267 834 7267 2565 7268 2572 7268 835 7268 2566 7269 834 7269 841 7269 2566 7270 2565 7270 834 7270 2559 7271 841 7271 840 7271 2559 7272 2566 7272 841 7272 2560 7273 2559 7273 840 7273 2560 7274 840 7274 847 7274 2553 7275 2560 7275 847 7275 2553 7276 847 7276 846 7276 2554 7277 2553 7277 846 7277 2554 7278 846 7278 853 7278 2547 7279 2554 7279 853 7279 2547 7280 853 7280 852 7280 2548 7281 852 7281 859 7281 2548 7282 2547 7282 852 7282 2541 7283 859 7283 858 7283 2541 7284 2548 7284 859 7284 2542 7285 858 7285 865 7285 2542 7286 2541 7286 858 7286 2535 7287 865 7287 864 7287 2535 7288 2542 7288 865 7288 2536 7289 864 7289 871 7289 2536 7290 2535 7290 864 7290 2529 7291 871 7291 870 7291 2529 7292 2536 7292 871 7292 2530 7293 870 7293 877 7293 2530 7294 2529 7294 870 7294 2523 7295 877 7295 876 7295 2523 7296 2530 7296 877 7296 2524 7297 876 7297 883 7297 2524 7298 2523 7298 876 7298 2517 7299 883 7299 882 7299 2517 7300 2524 7300 883 7300 2518 7301 882 7301 889 7301 2518 7302 2517 7302 882 7302 2511 7303 889 7303 888 7303 2511 7304 2518 7304 889 7304 2512 7305 888 7305 895 7305 2512 7306 2511 7306 888 7306 2505 7307 895 7307 894 7307 2505 7308 2512 7308 895 7308 2506 7309 894 7309 901 7309 2506 7310 2505 7310 894 7310 2499 7311 901 7311 900 7311 2499 7312 2506 7312 901 7312 2500 7313 900 7313 907 7313 2500 7314 2499 7314 900 7314 2491 7315 907 7315 906 7315 2491 7316 2500 7316 907 7316 2492 7317 906 7317 910 7317 2492 7318 2491 7318 906 7318 2493 7319 910 7319 909 7319 2493 7320 2492 7320 910 7320 2494 7321 909 7321 738 7321 2494 7322 2493 7322 909 7322 2480 7323 2387 7323 911 7323 818 7324 2480 7324 911 7324 2478 7325 922 7325 925 7325 2478 7326 2385 7326 922 7326 2479 7327 925 7327 924 7327 2479 7328 2478 7328 925 7328 2475 7329 924 7329 923 7329 2475 7330 2479 7330 924 7330 2476 7331 923 7331 931 7331 2476 7332 2475 7332 923 7332 2469 7333 931 7333 930 7333 2469 7334 2476 7334 931 7334 2470 7335 930 7335 937 7335 2470 7336 2469 7336 930 7336 2463 7337 937 7337 936 7337 2463 7338 2470 7338 937 7338 2464 7339 2463 7339 936 7339 2464 7340 936 7340 943 7340 2457 7341 2464 7341 943 7341 2457 7342 943 7342 942 7342 2458 7343 2457 7343 942 7343 2458 7344 942 7344 949 7344 2451 7345 2458 7345 949 7345 2451 7346 949 7346 948 7346 2452 7347 948 7347 955 7347 2452 7348 2451 7348 948 7348 2445 7349 955 7349 954 7349 2445 7350 2452 7350 955 7350 2446 7351 954 7351 961 7351 2446 7352 2445 7352 954 7352 2439 7353 961 7353 960 7353 2439 7354 2446 7354 961 7354 2440 7355 960 7355 967 7355 2440 7356 2439 7356 960 7356 2433 7357 967 7357 966 7357 2433 7358 2440 7358 967 7358 2434 7359 966 7359 973 7359 2434 7360 2433 7360 966 7360 2427 7361 973 7361 972 7361 2427 7362 2434 7362 973 7362 2428 7363 972 7363 979 7363 2428 7364 2427 7364 972 7364 2421 7365 979 7365 978 7365 2421 7366 2428 7366 979 7366 2422 7367 978 7367 985 7367 2422 7368 2421 7368 978 7368 2415 7369 985 7369 984 7369 2415 7370 2422 7370 985 7370 2416 7371 984 7371 991 7371 2416 7372 2415 7372 984 7372 2409 7373 991 7373 990 7373 2409 7374 2416 7374 991 7374 2410 7375 990 7375 997 7375 2410 7376 2409 7376 990 7376 2403 7377 997 7377 996 7377 2403 7378 2410 7378 997 7378 2404 7379 996 7379 1003 7379 2404 7380 2403 7380 996 7380 2396 7381 1003 7381 1002 7381 2396 7382 2404 7382 1003 7382 2397 7383 1002 7383 1006 7383 2397 7384 2396 7384 1002 7384 2398 7385 1006 7385 1005 7385 2398 7386 2397 7386 1006 7386 2387 7387 1005 7387 911 7387 2387 7388 2398 7388 1005 7388 2385 7389 2291 7389 1008 7389 922 7390 2385 7390 1008 7390 1101 7391 1008 7391 2291 7391 1101 7392 2291 7392 2302 7392 1102 7393 2302 7393 2301 7393 1102 7394 1101 7394 2302 7394 1098 7395 2301 7395 2300 7395 1098 7396 1102 7396 2301 7396 1099 7397 2300 7397 2308 7397 1099 7398 1098 7398 2300 7398 1092 7399 2308 7399 2307 7399 1092 7400 1099 7400 2308 7400 1093 7401 2307 7401 2314 7401 1093 7402 1092 7402 2307 7402 1086 7403 2314 7403 2313 7403 1086 7404 1093 7404 2314 7404 1087 7405 1086 7405 2313 7405 1087 7406 2313 7406 2320 7406 1080 7407 1087 7407 2320 7407 1080 7408 2320 7408 2319 7408 1081 7409 1080 7409 2319 7409 1081 7410 2319 7410 2326 7410 1074 7411 1081 7411 2326 7411 1074 7412 2326 7412 2325 7412 1075 7413 1074 7413 2325 7413 1075 7414 2325 7414 2332 7414 1068 7415 1075 7415 2332 7415 1068 7416 2332 7416 2331 7416 1069 7417 1068 7417 2331 7417 1069 7418 2331 7418 2338 7418 1062 7419 1069 7419 2338 7419 1062 7420 2338 7420 2337 7420 1063 7421 1062 7421 2337 7421 1063 7422 2337 7422 2344 7422 1056 7423 1063 7423 2344 7423 1056 7424 2344 7424 2343 7424 1057 7425 1056 7425 2343 7425 1057 7426 2343 7426 2350 7426 1050 7427 2350 7427 2349 7427 1050 7428 1057 7428 2350 7428 1051 7429 2349 7429 2356 7429 1051 7430 1050 7430 2349 7430 1044 7431 1051 7431 2356 7431 1044 7432 2356 7432 2355 7432 1045 7433 2355 7433 2362 7433 1045 7434 1044 7434 2355 7434 1038 7435 1045 7435 2362 7435 1038 7436 2362 7436 2361 7436 1039 7437 2361 7437 2368 7437 1039 7438 1038 7438 2361 7438 1032 7439 2368 7439 2367 7439 1032 7440 1039 7440 2368 7440 1033 7441 2367 7441 2374 7441 1033 7442 1032 7442 2367 7442 1026 7443 2374 7443 2373 7443 1026 7444 1033 7444 2374 7444 1027 7445 2373 7445 2380 7445 1027 7446 1026 7446 2373 7446 1019 7447 2380 7447 2379 7447 1019 7448 1027 7448 2380 7448 1020 7449 2379 7449 2383 7449 1020 7450 1019 7450 2379 7450 1021 7451 2383 7451 2382 7451 1021 7452 1020 7452 2383 7452 1018 7453 2382 7453 2288 7453 1018 7454 1021 7454 2382 7454 2288 7455 2258 7455 1103 7455 1018 7456 2288 7456 1103 7456 463 7457 369 7457 2940 7457 463 7458 2940 7458 2939 7458 464 7459 2939 7459 2938 7459 464 7460 463 7460 2939 7460 460 7461 2938 7461 2937 7461 460 7462 464 7462 2938 7462 461 7463 2937 7463 2946 7463 461 7464 460 7464 2937 7464 454 7465 2946 7465 2945 7465 454 7466 461 7466 2946 7466 455 7467 2945 7467 2952 7467 455 7468 454 7468 2945 7468 448 7469 2952 7469 2951 7469 448 7470 455 7470 2952 7470 449 7471 448 7471 2951 7471 449 7472 2951 7472 2958 7472 442 7473 449 7473 2958 7473 442 7474 2958 7474 2957 7474 443 7475 442 7475 2957 7475 443 7476 2957 7476 2964 7476 436 7477 443 7477 2964 7477 436 7478 2964 7478 2963 7478 437 7479 436 7479 2963 7479 437 7480 2963 7480 2970 7480 430 7481 437 7481 2970 7481 430 7482 2970 7482 2969 7482 431 7483 430 7483 2969 7483 431 7484 2969 7484 2976 7484 424 7485 431 7485 2976 7485 424 7486 2976 7486 2975 7486 425 7487 424 7487 2975 7487 425 7488 2975 7488 2982 7488 418 7489 425 7489 2982 7489 418 7490 2982 7490 2981 7490 419 7491 418 7491 2981 7491 419 7492 2981 7492 2988 7492 412 7493 2988 7493 2987 7493 412 7494 419 7494 2988 7494 413 7495 2987 7495 2994 7495 413 7496 412 7496 2987 7496 406 7497 413 7497 2994 7497 406 7498 2994 7498 2993 7498 407 7499 2993 7499 3000 7499 407 7500 406 7500 2993 7500 400 7501 407 7501 3000 7501 400 7502 3000 7502 2999 7502 401 7503 2999 7503 3006 7503 401 7504 400 7504 2999 7504 394 7505 3006 7505 3005 7505 394 7506 401 7506 3006 7506 395 7507 3005 7507 3012 7507 395 7508 394 7508 3005 7508 388 7509 3012 7509 3011 7509 388 7510 395 7510 3012 7510 389 7511 3011 7511 3018 7511 389 7512 388 7512 3011 7512 381 7513 3018 7513 3017 7513 381 7514 389 7514 3018 7514 382 7515 3017 7515 3021 7515 382 7516 381 7516 3017 7516 383 7517 3021 7517 3020 7517 383 7518 382 7518 3021 7518 372 7519 3020 7519 2926 7519 372 7520 383 7520 3020 7520 2940 7521 369 7521 3022 7521 3022 7522 369 7522 305 7522 1360 7523 1358 7523 1357 7523 1366 7524 1362 7524 1360 7524 1366 7525 1360 7525 1357 7525 1376 7526 1369 7526 1366 7526 1376 7527 1366 7527 1357 7527 1388 7528 1382 7528 1376 7528 1394 7529 1388 7529 1376 7529 1406 7530 1400 7530 1394 7530 1406 7531 1394 7531 1376 7531 1353 7532 1406 7532 1376 7532 1353 7533 1357 7533 1356 7533 1353 7534 1412 7534 1406 7534 1353 7535 1418 7535 1412 7535 1353 7536 1424 7536 1418 7536 1353 7537 1356 7537 1448 7537 1353 7538 1376 7538 1357 7538 1354 7539 1353 7539 1448 7539 1456 7540 1354 7540 1448 7540 1451 7541 1456 7541 1448 7541 1452 7542 1451 7542 1448 7542 1453 7543 1452 7543 1448 7543 1458 7544 1453 7544 1448 7544 134 7545 1475 7545 1474 7545 161 7546 1473 7546 1466 7546 161 7547 1474 7547 1473 7547 161 7548 134 7548 1474 7548 131 7549 1341 7549 1475 7549 131 7550 1475 7550 134 7550 157 7551 161 7551 1466 7551 157 7552 1466 7552 1465 7552 137 7553 1465 7553 1464 7553 137 7554 157 7554 1465 7554 138 7555 1464 7555 1463 7555 138 7556 137 7556 1464 7556 139 7557 1463 7557 1462 7557 139 7558 138 7558 1463 7558 140 7559 1462 7559 1461 7559 140 7560 139 7560 1462 7560 141 7561 1461 7561 1460 7561 141 7562 140 7562 1461 7562 142 7563 1460 7563 1459 7563 142 7564 141 7564 1460 7564 143 7565 1458 7565 1448 7565 143 7566 1459 7566 1458 7566 143 7567 142 7567 1459 7567 3 7568 151 7568 143 7568 3 7569 152 7569 151 7569 3 7570 153 7570 152 7570 3 7571 154 7571 153 7571 3 7572 98 7572 154 7572 3 7573 143 7573 1448 7573 5 7574 3 7574 2 7574 5 7575 98 7575 3 7575 61 7576 73 7576 67 7576 61 7577 2 7577 73 7577 10 7578 6 7578 5 7578 10 7579 8 7579 6 7579 10 7580 5 7580 2 7580 49 7581 61 7581 55 7581 49 7582 2 7582 61 7582 15 7583 11 7583 10 7583 18 7584 15 7584 10 7584 43 7585 2 7585 49 7585 37 7586 2 7586 43 7586 31 7587 18 7587 10 7587 31 7588 2 7588 37 7588 31 7589 25 7589 18 7589 31 7590 10 7590 2 7590 305 7591 3053 7591 3022 7591 3053 7592 307 7592 3050 7592 305 7593 307 7593 3053 7593 3050 7594 310 7594 3048 7594 307 7595 310 7595 3050 7595 310 7596 312 7596 3048 7596 3048 7597 312 7597 3046 7597 3046 7598 314 7598 3044 7598 312 7599 314 7599 3046 7599 314 7600 316 7600 3044 7600 3044 7601 316 7601 3042 7601 3042 7602 318 7602 3040 7602 316 7603 318 7603 3042 7603 3040 7604 320 7604 3038 7604 318 7605 320 7605 3040 7605 3038 7606 322 7606 3036 7606 320 7607 322 7607 3038 7607 3036 7608 324 7608 3034 7608 322 7609 324 7609 3036 7609 3034 7610 326 7610 3032 7610 324 7611 326 7611 3034 7611 3032 7612 328 7612 3030 7612 326 7613 328 7613 3032 7613 3030 7614 330 7614 3028 7614 328 7615 330 7615 3030 7615 3028 7616 332 7616 3026 7616 330 7617 332 7617 3028 7617 3026 7618 334 7618 3024 7618 332 7619 334 7619 3026 7619 3024 7620 336 7620 3148 7620 334 7621 336 7621 3024 7621 3148 7622 338 7622 3150 7622 3150 7623 338 7623 3062 7623 3062 7624 338 7624 3065 7624 336 7625 338 7625 3148 7625 3065 7626 340 7626 3068 7626 338 7627 340 7627 3065 7627 3068 7628 342 7628 3114 7628 340 7629 342 7629 3068 7629 3114 7630 344 7630 3115 7630 3115 7631 344 7631 3073 7631 342 7632 344 7632 3114 7632 3073 7633 346 7633 3070 7633 344 7634 346 7634 3073 7634 3070 7635 348 7635 3074 7635 3074 7636 348 7636 3119 7636 346 7637 348 7637 3070 7637 3119 7638 350 7638 3120 7638 3120 7639 350 7639 3076 7639 348 7640 350 7640 3119 7640 3076 7641 352 7641 3079 7641 350 7642 352 7642 3076 7642 3079 7643 354 7643 3081 7643 3081 7644 354 7644 3125 7644 352 7645 354 7645 3079 7645 354 7646 356 7646 3125 7646 3125 7647 356 7647 3126 7647 3126 7648 356 7648 3082 7648 356 7649 358 7649 3082 7649 3082 7650 358 7650 3085 7650 3085 7651 358 7651 3087 7651 3087 7652 358 7652 3131 7652 358 7653 360 7653 3131 7653 3131 7654 360 7654 3132 7654 3132 7655 360 7655 3091 7655 360 7656 362 7656 3091 7656 3091 7657 362 7657 3088 7657 3088 7658 362 7658 3092 7658 362 7659 364 7659 3092 7659 3092 7660 364 7660 3136 7660 3136 7661 364 7661 3137 7661 3137 7662 364 7662 3094 7662 3094 7663 366 7663 3097 7663 3097 7664 366 7664 3098 7664 3098 7665 366 7665 3141 7665 364 7666 366 7666 3094 7666 3141 7667 368 7667 3142 7667 3142 7668 368 7668 3103 7668 366 7669 368 7669 3141 7669 3103 7670 368 7670 3100 7670 368 7671 303 7671 3100 7671 3100 7672 303 7672 3104 7672 3104 7673 303 7673 3106 7673 3106 7674 303 7674 3107 7674 3107 7675 303 7675 3109 7675 2924 7676 468 7676 479 7676 2924 7677 2830 7677 468 7677 2925 7678 479 7678 478 7678 2925 7679 2924 7679 479 7679 2921 7680 478 7680 477 7680 2921 7681 2925 7681 478 7681 2922 7682 477 7682 485 7682 2922 7683 2921 7683 477 7683 2915 7684 485 7684 484 7684 2915 7685 2922 7685 485 7685 2916 7686 484 7686 491 7686 2916 7687 2915 7687 484 7687 2909 7688 491 7688 490 7688 2909 7689 2916 7689 491 7689 2910 7690 2909 7690 490 7690 2910 7691 490 7691 497 7691 2903 7692 2910 7692 497 7692 2903 7693 497 7693 496 7693 2904 7694 2903 7694 496 7694 2904 7695 496 7695 503 7695 2897 7696 2904 7696 503 7696 2897 7697 503 7697 502 7697 2898 7698 502 7698 509 7698 2898 7699 2897 7699 502 7699 2891 7700 509 7700 508 7700 2891 7701 2898 7701 509 7701 2892 7702 508 7702 515 7702 2892 7703 2891 7703 508 7703 2885 7704 515 7704 514 7704 2885 7705 2892 7705 515 7705 2886 7706 514 7706 521 7706 2886 7707 2885 7707 514 7707 2879 7708 521 7708 520 7708 2879 7709 2886 7709 521 7709 2880 7710 520 7710 527 7710 2880 7711 2879 7711 520 7711 2873 7712 527 7712 526 7712 2873 7713 2880 7713 527 7713 2874 7714 526 7714 533 7714 2874 7715 2873 7715 526 7715 2867 7716 533 7716 532 7716 2867 7717 2874 7717 533 7717 2868 7718 532 7718 539 7718 2868 7719 2867 7719 532 7719 2861 7720 539 7720 538 7720 2861 7721 2868 7721 539 7721 2862 7722 538 7722 545 7722 2862 7723 2861 7723 538 7723 2855 7724 545 7724 544 7724 2855 7725 2862 7725 545 7725 2856 7726 544 7726 551 7726 2856 7727 2855 7727 544 7727 2849 7728 551 7728 550 7728 2849 7729 2856 7729 551 7729 2850 7730 550 7730 557 7730 2850 7731 2849 7731 550 7731 2842 7732 557 7732 556 7732 2842 7733 2850 7733 557 7733 2843 7734 556 7734 560 7734 2843 7735 2842 7735 556 7735 2844 7736 560 7736 559 7736 2844 7737 2843 7737 560 7737 2833 7738 559 7738 465 7738 2833 7739 2844 7739 559 7739 468 7740 2830 7740 2748 7740 468 7741 2748 7741 561 7741 655 7742 561 7742 2748 7742 655 7743 2748 7743 2747 7743 656 7744 2747 7744 2746 7744 656 7745 655 7745 2747 7745 652 7746 2746 7746 2745 7746 652 7747 656 7747 2746 7747 653 7748 2745 7748 2754 7748 653 7749 652 7749 2745 7749 646 7750 2754 7750 2753 7750 646 7751 653 7751 2754 7751 647 7752 2753 7752 2760 7752 647 7753 646 7753 2753 7753 640 7754 2760 7754 2759 7754 640 7755 647 7755 2760 7755 641 7756 640 7756 2759 7756 641 7757 2759 7757 2766 7757 634 7758 641 7758 2766 7758 634 7759 2766 7759 2765 7759 635 7760 634 7760 2765 7760 635 7761 2765 7761 2772 7761 628 7762 635 7762 2772 7762 628 7763 2772 7763 2771 7763 629 7764 628 7764 2771 7764 629 7765 2771 7765 2778 7765 622 7766 629 7766 2778 7766 622 7767 2778 7767 2777 7767 623 7768 622 7768 2777 7768 623 7769 2777 7769 2784 7769 616 7770 623 7770 2784 7770 616 7771 2784 7771 2783 7771 617 7772 616 7772 2783 7772 617 7773 2783 7773 2790 7773 610 7774 617 7774 2790 7774 610 7775 2790 7775 2789 7775 611 7776 610 7776 2789 7776 611 7777 2789 7777 2796 7777 604 7778 2796 7778 2795 7778 604 7779 611 7779 2796 7779 605 7780 2795 7780 2802 7780 605 7781 604 7781 2795 7781 598 7782 605 7782 2802 7782 598 7783 2802 7783 2801 7783 599 7784 2801 7784 2808 7784 599 7785 598 7785 2801 7785 592 7786 599 7786 2808 7786 592 7787 2808 7787 2807 7787 593 7788 2807 7788 2814 7788 593 7789 592 7789 2807 7789 586 7790 2814 7790 2813 7790 586 7791 593 7791 2814 7791 587 7792 2813 7792 2820 7792 587 7793 586 7793 2813 7793 580 7794 2820 7794 2819 7794 580 7795 587 7795 2820 7795 581 7796 2819 7796 2826 7796 581 7797 580 7797 2819 7797 573 7798 2826 7798 2825 7798 573 7799 581 7799 2826 7799 574 7800 2825 7800 2829 7800 574 7801 573 7801 2825 7801 575 7802 2829 7802 2828 7802 575 7803 574 7803 2829 7803 564 7804 2828 7804 2659 7804 564 7805 575 7805 2828 7805 4055 7806 4057 7806 1639 7806 1639 7807 4057 7807 1641 7807 1641 7808 4057 7808 1643 7808 1643 7809 4058 7809 1645 7809 4057 7810 4058 7810 1643 7810 1645 7811 4060 7811 1647 7811 4058 7812 4060 7812 1645 7812 1647 7813 4062 7813 1649 7813 4060 7814 4062 7814 1647 7814 1649 7815 4065 7815 1651 7815 4062 7816 4065 7816 1649 7816 1651 7817 4066 7817 1653 7817 4065 7818 4066 7818 1651 7818 1653 7819 4068 7819 1655 7819 4066 7820 4068 7820 1653 7820 1655 7821 4071 7821 1657 7821 4068 7822 4071 7822 1655 7822 1657 7823 4072 7823 1659 7823 4071 7824 4072 7824 1657 7824 1659 7825 4075 7825 1661 7825 4072 7826 4075 7826 1659 7826 4075 7827 4076 7827 1661 7827 1661 7828 4076 7828 1663 7828 4076 7829 4078 7829 1663 7829 1663 7830 4078 7830 1664 7830 4078 7831 4080 7831 1664 7831 1664 7832 4080 7832 1665 7832 4080 7833 4082 7833 1665 7833 1665 7834 4082 7834 1666 7834 4082 7835 4084 7835 1666 7835 1666 7836 4084 7836 1667 7836 4084 7837 4085 7837 1667 7837 1667 7838 4085 7838 1668 7838 4085 7839 4083 7839 1668 7839 1668 7840 4083 7840 1669 7840 4083 7841 4081 7841 1669 7841 4081 7842 4079 7842 1669 7842 1669 7843 4079 7843 1670 7843 1670 7844 4079 7844 1671 7844 4079 7845 4077 7845 1671 7845 1671 7846 4077 7846 1672 7846 4077 7847 4074 7847 1672 7847 1672 7848 4074 7848 1673 7848 4074 7849 4073 7849 1673 7849 1673 7850 4073 7850 1674 7850 1674 7851 4070 7851 1675 7851 4073 7852 4070 7852 1674 7852 1675 7853 4069 7853 1676 7853 4070 7854 4069 7854 1675 7854 1676 7855 4067 7855 1677 7855 4069 7856 4067 7856 1676 7856 1677 7857 4064 7857 1678 7857 4067 7858 4064 7858 1677 7858 1678 7859 4063 7859 1679 7859 4064 7860 4063 7860 1678 7860 1679 7861 4061 7861 1680 7861 4063 7862 4061 7862 1679 7862 1680 7863 4059 7863 1681 7863 4061 7864 4059 7864 1680 7864 1681 7865 4056 7865 1682 7865 4059 7866 4056 7866 1681 7866 1682 7867 4054 7867 1683 7867 4056 7868 4054 7868 1682 7868 1683 7869 4053 7869 1720 7869 4054 7870 4053 7870 1683 7870 1720 7871 4050 7871 1721 7871 4053 7872 4050 7872 1720 7872 1721 7873 4048 7873 1722 7873 4050 7874 4048 7874 1721 7874 1722 7875 4046 7875 1723 7875 4048 7876 4046 7876 1722 7876 1723 7877 4045 7877 1724 7877 4046 7878 4045 7878 1723 7878 4045 7879 4042 7879 1724 7879 1724 7880 4042 7880 1725 7880 4042 7881 4040 7881 1725 7881 1725 7882 4040 7882 1726 7882 4040 7883 4038 7883 1726 7883 4038 7884 4037 7884 1726 7884 1726 7885 4037 7885 1727 7885 1727 7886 4037 7886 1728 7886 4037 7887 4034 7887 1728 7887 1728 7888 4034 7888 1729 7888 4034 7889 4033 7889 1729 7889 4033 7890 4030 7890 1729 7890 1729 7891 4030 7891 1730 7891 1730 7892 4030 7892 1731 7892 4030 7893 4029 7893 1731 7893 1731 7894 4029 7894 1732 7894 4029 7895 4026 7895 1732 7895 1732 7896 4026 7896 1733 7896 4026 7897 4024 7897 1733 7897 4024 7898 4023 7898 1733 7898 1733 7899 4023 7899 1711 7899 1711 7900 4023 7900 1712 7900 4023 7901 4021 7901 1712 7901 1712 7902 4021 7902 1713 7902 4021 7903 4019 7903 1713 7903 1713 7904 4019 7904 1714 7904 4019 7905 4017 7905 1714 7905 4017 7906 4015 7906 1714 7906 1714 7907 4015 7907 1715 7907 1715 7908 4015 7908 1716 7908 4015 7909 4013 7909 1716 7909 1716 7910 4013 7910 1717 7910 4013 7911 4011 7911 1717 7911 1717 7912 4011 7912 1718 7912 4011 7913 4009 7913 1718 7913 1718 7914 4009 7914 1719 7914 4009 7915 4007 7915 1719 7915 1719 7916 4007 7916 1696 7916 4007 7917 4005 7917 1696 7917 1696 7918 4005 7918 1697 7918 1697 7919 4003 7919 1698 7919 4005 7920 4003 7920 1697 7920 4003 7921 4001 7921 1698 7921 1698 7922 3999 7922 1699 7922 1699 7923 3999 7923 1700 7923 4001 7924 3999 7924 1698 7924 1700 7925 3997 7925 1701 7925 3999 7926 3997 7926 1700 7926 1701 7927 3995 7927 1702 7927 3997 7928 3995 7928 1701 7928 3995 7929 3993 7929 1702 7929 1702 7930 3993 7930 1703 7930 3993 7931 3991 7931 1703 7931 1703 7932 3991 7932 1704 7932 3991 7933 3989 7933 1704 7933 3989 7934 3987 7934 1704 7934 1704 7935 3987 7935 1705 7935 3987 7936 3985 7936 1705 7936 1705 7937 3985 7937 1706 7937 1706 7938 3985 7938 1707 7938 3985 7939 3983 7939 1707 7939 3983 7940 3981 7940 1707 7940 1707 7941 3981 7941 1708 7941 3981 7942 3979 7942 1708 7942 1708 7943 3979 7943 1709 7943 3979 7944 3977 7944 1709 7944 1709 7945 3977 7945 1710 7945 1710 7946 3977 7946 1694 7946 3977 7947 3975 7947 1694 7947 3975 7948 3973 7948 1694 7948 1694 7949 3973 7949 1695 7949 1693 7950 3971 7950 1690 7950 3973 7951 3971 7951 1695 7951 1695 7952 3971 7952 1693 7952 3971 7953 3969 7953 1690 7953 1690 7954 3967 7954 1691 7954 3969 7955 3967 7955 1690 7955 1691 7956 3965 7956 1692 7956 3967 7957 3965 7957 1691 7957 1692 7958 3963 7958 1688 7958 3965 7959 3963 7959 1692 7959 1688 7960 3961 7960 1689 7960 1689 7961 3961 7961 1685 7961 3963 7962 3961 7962 1688 7962 3961 7963 3960 7963 1685 7963 1685 7964 3962 7964 1686 7964 3960 7965 3962 7965 1685 7965 1686 7966 3964 7966 1687 7966 1687 7967 3964 7967 1684 7967 3962 7968 3964 7968 1686 7968 1684 7969 3966 7969 1662 7969 3964 7970 3966 7970 1684 7970 3966 7971 3968 7971 1662 7971 1662 7972 3970 7972 1660 7972 1660 7973 3970 7973 1658 7973 3968 7974 3970 7974 1662 7974 3970 7975 3972 7975 1658 7975 1658 7976 3974 7976 1656 7976 3972 7977 3974 7977 1658 7977 1656 7978 3976 7978 1654 7978 3974 7979 3976 7979 1656 7979 3976 7980 3978 7980 1654 7980 1654 7981 3978 7981 1652 7981 3978 7982 3980 7982 1652 7982 1652 7983 3980 7983 1650 7983 1650 7984 3980 7984 1648 7984 3980 7985 3982 7985 1648 7985 1648 7986 3982 7986 1646 7986 3982 7987 3984 7987 1646 7987 1646 7988 3986 7988 1644 7988 3984 7989 3986 7989 1646 7989 1644 7990 3988 7990 1642 7990 3986 7991 3988 7991 1644 7991 1642 7992 3990 7992 1640 7992 1640 7993 3990 7993 1638 7993 3988 7994 3990 7994 1642 7994 3990 7995 3992 7995 1638 7995 1638 7996 3994 7996 1636 7996 1636 7997 3994 7997 1634 7997 3992 7998 3994 7998 1638 7998 3994 7999 3996 7999 1634 7999 1634 8000 3998 8000 1632 8000 3996 8001 3998 8001 1634 8001 1632 8002 4000 8002 1630 8002 3998 8003 4000 8003 1632 8003 1630 8004 4002 8004 1628 8004 1628 8005 4002 8005 1626 8005 4000 8006 4002 8006 1630 8006 4002 8007 4004 8007 1626 8007 1626 8008 4006 8008 1624 8008 1624 8009 4006 8009 1622 8009 4004 8010 4006 8010 1626 8010 1622 8011 4008 8011 1620 8011 4006 8012 4008 8012 1622 8012 1620 8013 4010 8013 1618 8013 4008 8014 4010 8014 1620 8014 4010 8015 4012 8015 1618 8015 1618 8016 4014 8016 1616 8016 1616 8017 4014 8017 1614 8017 4012 8018 4014 8018 1618 8018 4014 8019 4016 8019 1614 8019 1614 8020 4018 8020 1612 8020 4016 8021 4018 8021 1614 8021 1612 8022 4020 8022 1610 8022 4018 8023 4020 8023 1612 8023 1610 8024 4022 8024 1608 8024 1608 8025 4022 8025 1609 8025 4020 8026 4022 8026 1610 8026 4022 8027 4025 8027 1609 8027 4025 8028 4027 8028 1609 8028 1609 8029 4027 8029 1611 8029 1611 8030 4027 8030 1613 8030 4027 8031 4028 8031 1613 8031 4028 8032 4031 8032 1613 8032 1613 8033 4031 8033 1615 8033 1615 8034 4031 8034 1617 8034 4031 8035 4032 8035 1617 8035 4032 8036 4035 8036 1617 8036 1617 8037 4035 8037 1619 8037 1619 8038 4035 8038 1621 8038 4035 8039 4036 8039 1621 8039 4036 8040 4039 8040 1621 8040 1621 8041 4039 8041 1623 8041 4039 8042 4041 8042 1623 8042 1623 8043 4041 8043 1625 8043 4041 8044 4043 8044 1625 8044 1625 8045 4043 8045 1627 8045 4043 8046 4044 8046 1627 8046 1627 8047 4044 8047 1629 8047 4044 8048 4047 8048 1629 8048 1629 8049 4047 8049 1631 8049 1631 8050 4047 8050 1633 8050 4047 8051 4049 8051 1633 8051 1633 8052 4049 8052 1635 8052 4049 8053 4051 8053 1635 8053 1635 8054 4052 8054 1637 8054 4051 8055 4052 8055 1635 8055 1637 8056 4055 8056 1639 8056 4052 8057 4055 8057 1637 8057 4307 8058 4309 8058 1513 8058 1513 8059 4309 8059 1515 8059 1515 8060 4309 8060 1517 8060 1517 8061 4310 8061 1519 8061 4309 8062 4310 8062 1517 8062 1519 8063 4312 8063 1521 8063 4310 8064 4312 8064 1519 8064 1521 8065 4315 8065 1523 8065 4312 8066 4315 8066 1521 8066 1523 8067 4316 8067 1525 8067 4315 8068 4316 8068 1523 8068 1525 8069 4318 8069 1527 8069 4316 8070 4318 8070 1525 8070 1527 8071 4320 8071 1529 8071 4318 8072 4320 8072 1527 8072 1529 8073 4322 8073 1531 8073 4320 8074 4322 8074 1529 8074 1531 8075 4323 8075 1533 8075 4322 8076 4323 8076 1531 8076 1533 8077 4327 8077 1535 8077 4323 8078 4327 8078 1533 8078 4327 8079 4328 8079 1535 8079 1535 8080 4328 8080 1541 8080 4328 8081 4330 8081 1541 8081 1541 8082 4330 8082 1542 8082 4330 8083 4333 8083 1542 8083 1542 8084 4333 8084 1543 8084 4333 8085 4335 8085 1543 8085 1543 8086 4335 8086 1553 8086 4335 8087 4337 8087 1553 8087 1553 8088 4337 8088 1554 8088 4337 8089 4336 8089 1554 8089 1554 8090 4336 8090 1555 8090 4336 8091 4334 8091 1555 8091 1555 8092 4334 8092 1556 8092 4334 8093 4332 8093 1556 8093 4332 8094 4331 8094 1556 8094 1556 8095 4331 8095 1557 8095 1557 8096 4331 8096 1558 8096 4331 8097 4329 8097 1558 8097 1558 8098 4329 8098 1559 8098 4329 8099 4326 8099 1559 8099 1559 8100 4326 8100 1560 8100 4326 8101 4325 8101 1560 8101 1560 8102 4325 8102 1561 8102 1561 8103 4324 8103 1562 8103 4325 8104 4324 8104 1561 8104 1562 8105 4321 8105 1563 8105 4324 8106 4321 8106 1562 8106 1563 8107 4319 8107 1564 8107 4321 8108 4319 8108 1563 8108 1564 8109 4317 8109 1565 8109 4319 8110 4317 8110 1564 8110 1565 8111 4314 8111 1566 8111 4317 8112 4314 8112 1565 8112 1566 8113 4313 8113 1567 8113 4314 8114 4313 8114 1566 8114 1567 8115 4311 8115 1568 8115 4313 8116 4311 8116 1567 8116 1568 8117 4308 8117 1569 8117 4311 8118 4308 8118 1568 8118 1569 8119 4306 8119 1570 8119 4308 8120 4306 8120 1569 8120 1570 8121 4305 8121 1571 8121 4306 8122 4305 8122 1570 8122 1571 8123 4303 8123 1572 8123 4305 8124 4303 8124 1571 8124 1572 8125 4301 8125 1573 8125 4303 8126 4301 8126 1572 8126 1573 8127 4298 8127 1574 8127 4301 8128 4298 8128 1573 8128 1574 8129 4297 8129 1575 8129 4298 8130 4297 8130 1574 8130 4297 8131 4294 8131 1575 8131 1575 8132 4294 8132 1576 8132 4294 8133 4292 8133 1576 8133 1576 8134 4292 8134 1577 8134 4292 8135 4290 8135 1577 8135 4290 8136 4288 8136 1577 8136 1577 8137 4288 8137 1578 8137 1578 8138 4288 8138 1579 8138 4288 8139 4286 8139 1579 8139 1579 8140 4286 8140 1580 8140 4286 8141 4284 8141 1580 8141 4284 8142 4282 8142 1580 8142 1580 8143 4282 8143 1581 8143 1581 8144 4282 8144 1605 8144 4282 8145 4281 8145 1605 8145 1605 8146 4281 8146 1606 8146 4281 8147 4278 8147 1606 8147 1606 8148 4278 8148 1607 8148 4278 8149 4276 8149 1607 8149 4276 8150 4275 8150 1607 8150 1607 8151 4275 8151 1604 8151 1604 8152 4275 8152 1603 8152 4275 8153 4273 8153 1603 8153 1603 8154 4273 8154 1600 8154 4273 8155 4271 8155 1600 8155 1600 8156 4271 8156 1601 8156 4271 8157 4269 8157 1601 8157 4269 8158 4267 8158 1601 8158 1601 8159 4267 8159 1602 8159 1602 8160 4267 8160 1597 8160 4267 8161 4265 8161 1597 8161 1597 8162 4265 8162 1598 8162 4265 8163 4263 8163 1598 8163 1598 8164 4263 8164 1599 8164 4263 8165 4261 8165 1599 8165 1599 8166 4261 8166 1582 8166 4261 8167 4259 8167 1582 8167 1582 8168 4259 8168 1583 8168 4259 8169 4257 8169 1583 8169 1583 8170 4257 8170 1584 8170 1584 8171 4255 8171 1585 8171 4257 8172 4255 8172 1584 8172 4255 8173 4253 8173 1585 8173 1585 8174 4251 8174 1586 8174 1586 8175 4251 8175 1587 8175 4253 8176 4251 8176 1585 8176 1587 8177 4249 8177 1588 8177 4251 8178 4249 8178 1587 8178 1588 8179 4247 8179 1589 8179 4249 8180 4247 8180 1588 8180 4247 8181 4245 8181 1589 8181 1589 8182 4245 8182 1590 8182 4245 8183 4243 8183 1590 8183 1590 8184 4243 8184 1591 8184 4243 8185 4241 8185 1591 8185 4241 8186 4239 8186 1591 8186 1591 8187 4239 8187 1592 8187 4239 8188 4237 8188 1592 8188 1592 8189 4237 8189 1593 8189 1593 8190 4237 8190 1594 8190 4237 8191 4235 8191 1594 8191 4235 8192 4233 8192 1594 8192 1594 8193 4233 8193 1595 8193 4233 8194 4231 8194 1595 8194 1595 8195 4231 8195 1596 8195 4231 8196 4229 8196 1596 8196 1596 8197 4229 8197 1544 8197 1544 8198 4229 8198 1545 8198 4229 8199 4227 8199 1545 8199 4227 8200 4225 8200 1545 8200 1545 8201 4225 8201 1546 8201 1547 8202 4223 8202 1548 8202 4225 8203 4223 8203 1546 8203 1546 8204 4223 8204 1547 8204 4223 8205 4221 8205 1548 8205 1548 8206 4219 8206 1549 8206 4221 8207 4219 8207 1548 8207 1549 8208 4217 8208 1550 8208 4219 8209 4217 8209 1549 8209 1550 8210 4215 8210 1551 8210 4217 8211 4215 8211 1550 8211 1551 8212 4213 8212 1552 8212 1552 8213 4213 8213 1540 8213 4215 8214 4213 8214 1551 8214 4213 8215 4212 8215 1540 8215 1540 8216 4214 8216 1539 8216 4212 8217 4214 8217 1540 8217 1539 8218 4216 8218 1538 8218 1538 8219 4216 8219 1537 8219 4214 8220 4216 8220 1539 8220 1537 8221 4218 8221 1536 8221 4216 8222 4218 8222 1537 8222 4218 8223 4220 8223 1536 8223 1536 8224 4222 8224 1534 8224 1534 8225 4222 8225 1532 8225 4220 8226 4222 8226 1536 8226 4222 8227 4224 8227 1532 8227 1532 8228 4226 8228 1530 8228 4224 8229 4226 8229 1532 8229 1530 8230 4228 8230 1528 8230 4226 8231 4228 8231 1530 8231 4228 8232 4230 8232 1528 8232 1528 8233 4230 8233 1526 8233 4230 8234 4232 8234 1526 8234 1526 8235 4232 8235 1524 8235 1524 8236 4232 8236 1522 8236 4232 8237 4234 8237 1522 8237 1522 8238 4234 8238 1520 8238 4234 8239 4236 8239 1520 8239 1520 8240 4238 8240 1518 8240 4236 8241 4238 8241 1520 8241 1518 8242 4240 8242 1516 8242 4238 8243 4240 8243 1518 8243 1516 8244 4242 8244 1514 8244 1514 8245 4242 8245 1512 8245 4240 8246 4242 8246 1516 8246 4242 8247 4244 8247 1512 8247 1512 8248 4246 8248 1510 8248 1510 8249 4246 8249 1508 8249 4244 8250 4246 8250 1512 8250 4246 8251 4248 8251 1508 8251 1508 8252 4250 8252 1506 8252 4248 8253 4250 8253 1508 8253 1506 8254 4252 8254 1504 8254 4250 8255 4252 8255 1506 8255 1504 8256 4254 8256 1502 8256 1502 8257 4254 8257 1500 8257 4252 8258 4254 8258 1504 8258 4254 8259 4256 8259 1500 8259 1500 8260 4258 8260 1498 8260 1498 8261 4258 8261 1496 8261 4256 8262 4258 8262 1500 8262 1496 8263 4260 8263 1494 8263 4258 8264 4260 8264 1496 8264 1494 8265 4262 8265 1492 8265 4260 8266 4262 8266 1494 8266 4262 8267 4264 8267 1492 8267 1492 8268 4266 8268 1490 8268 1490 8269 4266 8269 1488 8269 4264 8270 4266 8270 1492 8270 4266 8271 4268 8271 1488 8271 1488 8272 4270 8272 1486 8272 4268 8273 4270 8273 1488 8273 1486 8274 4272 8274 1484 8274 4270 8275 4272 8275 1486 8275 1484 8276 4274 8276 1482 8276 1482 8277 4274 8277 1483 8277 4272 8278 4274 8278 1484 8278 4274 8279 4277 8279 1483 8279 4277 8280 4279 8280 1483 8280 1483 8281 4279 8281 1485 8281 1485 8282 4279 8282 1487 8282 4279 8283 4280 8283 1487 8283 4280 8284 4283 8284 1487 8284 1487 8285 4283 8285 1489 8285 1489 8286 4283 8286 1491 8286 4283 8287 4285 8287 1491 8287 4285 8288 4287 8288 1491 8288 1491 8289 4287 8289 1493 8289 1493 8290 4287 8290 1495 8290 4287 8291 4289 8291 1495 8291 4289 8292 4291 8292 1495 8292 1495 8293 4291 8293 1497 8293 4291 8294 4293 8294 1497 8294 1497 8295 4293 8295 1499 8295 4293 8296 4295 8296 1499 8296 1499 8297 4295 8297 1501 8297 4295 8298 4296 8298 1501 8298 1501 8299 4296 8299 1503 8299 4296 8300 4299 8300 1503 8300 1503 8301 4299 8301 1505 8301 1505 8302 4299 8302 1507 8302 4299 8303 4300 8303 1507 8303 1507 8304 4300 8304 1509 8304 4300 8305 4302 8305 1509 8305 1509 8306 4304 8306 1511 8306 4302 8307 4304 8307 1509 8307 1511 8308 4307 8308 1513 8308 4304 8309 4307 8309 1511 8309 2926 8310 2833 8310 372 8310 2833 8311 465 8311 372 8311 4338 8312 4339 8312 4340 8312 4341 8313 4338 8313 4340 8313 4342 8314 4340 8314 4343 8314 4342 8315 4341 8315 4340 8315 4344 8316 4345 8316 4346 8316 4344 8317 4343 8317 4345 8317 4344 8318 4342 8318 4343 8318 4347 8319 4344 8319 4346 8319 4348 8320 4349 8320 4350 8320 4348 8321 4346 8321 4349 8321 4348 8322 4347 8322 4346 8322 4351 8323 4348 8323 4350 8323 4352 8324 4353 8324 4354 8324 4352 8325 4350 8325 4353 8325 4352 8326 4351 8326 4350 8326 4355 8327 4352 8327 4354 8327 4356 8328 4354 8328 4357 8328 4356 8329 4355 8329 4354 8329 4358 8330 4357 8330 4359 8330 4358 8331 4356 8331 4357 8331 4360 8332 4359 8332 4361 8332 4360 8333 4358 8333 4359 8333 4362 8334 4361 8334 4363 8334 4362 8335 4360 8335 4361 8335 4364 8336 4363 8336 4365 8336 4364 8337 4362 8337 4363 8337 4366 8338 4365 8338 4367 8338 4366 8339 4364 8339 4365 8339 4368 8340 4366 8340 4367 8340 4368 8341 4367 8341 4369 8341 4370 8342 4368 8342 4369 8342 4370 8343 4369 8343 4371 8343 4372 8344 4370 8344 4371 8344 4372 8345 4371 8345 4373 8345 4374 8346 4372 8346 4373 8346 4374 8347 4373 8347 4375 8347 4376 8348 4375 8348 4377 8348 4376 8349 4374 8349 4375 8349 4338 8350 4378 8350 4379 8350 4338 8351 4379 8351 4339 8351 4380 8352 4381 8352 4382 8352 4383 8353 4381 8353 4380 8353 4384 8354 4385 8354 4381 8354 4386 8355 4383 8355 4387 8355 4388 8356 4389 8356 4384 8356 4388 8357 4390 8357 4389 8357 4391 8358 4392 8358 4393 8358 4391 8359 4386 8359 4392 8359 4391 8360 4383 8360 4386 8360 4394 8361 4395 8361 4388 8361 4394 8362 4396 8362 4395 8362 4397 8363 4391 8363 4398 8363 4399 8364 4388 8364 4384 8364 4399 8365 4383 8365 4391 8365 4399 8366 4391 8366 4397 8366 4399 8367 4384 8367 4381 8367 4399 8368 4394 8368 4388 8368 4399 8369 4381 8369 4383 8369 4400 8370 4401 8370 4402 8370 4403 8371 4400 8371 4404 8371 4405 8372 4400 8372 4403 8372 4406 8373 4401 8373 4400 8373 4406 8374 4400 8374 4405 8374 4406 8375 4405 8375 4407 8375 4408 8376 4401 8376 4406 8376 4408 8377 4409 8377 4410 8377 4408 8378 4406 8378 4409 8378 4408 8379 4411 8379 4401 8379 4412 8380 4411 8380 4408 8380 4412 8381 4408 8381 4413 8381 4414 8382 4411 8382 4412 8382 4415 8383 4411 8383 4414 8383 4416 8384 4415 8384 4417 8384 4418 8385 4415 8385 4416 8385 4419 8386 4399 8386 4397 8386 4419 8387 4411 8387 4415 8387 4419 8388 4397 8388 4411 8388 4419 8389 4415 8389 4418 8389 4372 8390 4374 8390 4376 8390 4364 8391 4370 8391 4372 8391 4364 8392 4368 8392 4370 8392 4364 8393 4366 8393 4368 8393 4364 8394 4372 8394 4376 8394 4362 8395 4364 8395 4376 8395 4360 8396 4362 8396 4376 8396 4356 8397 4358 8397 4360 8397 4352 8398 4355 8398 4356 8398 4352 8399 4356 8399 4360 8399 4351 8400 4360 8400 4376 8400 4351 8401 4352 8401 4360 8401 4344 8402 4348 8402 4351 8402 4344 8403 4347 8403 4348 8403 4338 8404 4342 8404 4344 8404 4338 8405 4341 8405 4342 8405 4338 8406 4344 8406 4351 8406 4338 8407 4351 8407 4376 8407 4420 8408 4376 8408 4399 8408 4420 8409 4399 8409 4419 8409 4420 8410 4338 8410 4376 8410 4378 8411 4338 8411 4420 8411 4421 8412 4378 8412 4420 8412 4421 8413 4422 8413 4378 8413 4421 8414 4423 8414 4424 8414 4421 8415 4420 8415 4423 8415 4425 8416 4426 8416 4427 8416 4425 8417 4428 8417 4426 8417 4429 8418 4430 8418 4431 8418 4429 8419 4421 8419 4430 8419 4432 8420 4425 8420 4427 8420 4432 8421 4427 8421 4422 8421 4433 8422 4421 8422 4429 8422 4434 8423 4421 8423 4433 8423 4435 8424 4436 8424 4432 8424 4437 8425 4432 8425 4422 8425 4437 8426 4435 8426 4432 8426 4438 8427 4422 8427 4421 8427 4438 8428 4421 8428 4434 8428 4438 8429 4437 8429 4422 8429 4423 8430 4420 8430 4439 8430 4423 8431 4439 8431 4440 8431 4424 8432 4440 8432 4441 8432 4424 8433 4423 8433 4440 8433 4421 8434 4442 8434 4443 8434 4421 8435 4441 8435 4442 8435 4421 8436 4424 8436 4441 8436 4430 8437 4421 8437 4443 8437 4431 8438 4444 8438 4445 8438 4431 8439 4443 8439 4444 8439 4431 8440 4430 8440 4443 8440 4429 8441 4431 8441 4445 8441 4433 8442 4446 8442 4447 8442 4433 8443 4445 8443 4446 8443 4433 8444 4429 8444 4445 8444 4434 8445 4433 8445 4447 8445 4438 8446 4447 8446 4448 8446 4438 8447 4434 8447 4447 8447 4437 8448 4448 8448 4449 8448 4437 8449 4438 8449 4448 8449 4435 8450 4449 8450 4450 8450 4435 8451 4437 8451 4449 8451 4436 8452 4450 8452 4451 8452 4436 8453 4435 8453 4450 8453 4432 8454 4451 8454 4452 8454 4432 8455 4436 8455 4451 8455 4425 8456 4452 8456 4453 8456 4425 8457 4432 8457 4452 8457 4428 8458 4425 8458 4453 8458 4428 8459 4453 8459 4454 8459 4426 8460 4428 8460 4454 8460 4426 8461 4454 8461 4455 8461 4427 8462 4426 8462 4455 8462 4427 8463 4455 8463 4456 8463 4422 8464 4427 8464 4456 8464 4422 8465 4456 8465 4457 8465 4378 8466 4457 8466 4379 8466 4378 8467 4422 8467 4457 8467 4439 8468 4419 8468 4458 8468 4420 8469 4419 8469 4439 8469 4411 8470 4459 8470 4460 8470 4401 8471 4411 8471 4460 8471 4402 8472 4460 8472 4461 8472 4402 8473 4401 8473 4460 8473 4400 8474 4462 8474 4463 8474 4400 8475 4461 8475 4462 8475 4400 8476 4402 8476 4461 8476 4404 8477 4400 8477 4463 8477 4403 8478 4464 8478 4465 8478 4403 8479 4463 8479 4464 8479 4403 8480 4404 8480 4463 8480 4405 8481 4403 8481 4465 8481 4407 8482 4466 8482 4467 8482 4407 8483 4465 8483 4466 8483 4407 8484 4405 8484 4465 8484 4406 8485 4407 8485 4467 8485 4409 8486 4467 8486 4468 8486 4409 8487 4406 8487 4467 8487 4410 8488 4468 8488 4469 8488 4410 8489 4409 8489 4468 8489 4408 8490 4469 8490 4470 8490 4408 8491 4410 8491 4469 8491 4413 8492 4470 8492 4471 8492 4413 8493 4408 8493 4470 8493 4412 8494 4471 8494 4472 8494 4412 8495 4413 8495 4471 8495 4414 8496 4472 8496 4473 8496 4414 8497 4412 8497 4472 8497 4415 8498 4414 8498 4473 8498 4415 8499 4473 8499 4474 8499 4417 8500 4415 8500 4474 8500 4417 8501 4474 8501 4475 8501 4416 8502 4417 8502 4475 8502 4416 8503 4475 8503 4476 8503 4418 8504 4416 8504 4476 8504 4418 8505 4476 8505 4477 8505 4419 8506 4477 8506 4458 8506 4419 8507 4418 8507 4477 8507 4411 8508 4397 8508 4478 8508 4411 8509 4478 8509 4459 8509 4394 8510 4399 8510 4479 8510 4394 8511 4479 8511 4480 8511 4396 8512 4480 8512 4481 8512 4396 8513 4394 8513 4480 8513 4395 8514 4482 8514 4483 8514 4395 8515 4481 8515 4482 8515 4395 8516 4396 8516 4481 8516 4388 8517 4395 8517 4483 8517 4390 8518 4484 8518 4485 8518 4390 8519 4483 8519 4484 8519 4390 8520 4388 8520 4483 8520 4389 8521 4390 8521 4485 8521 4384 8522 4486 8522 4487 8522 4384 8523 4485 8523 4486 8523 4384 8524 4389 8524 4485 8524 4385 8525 4384 8525 4487 8525 4381 8526 4487 8526 4488 8526 4381 8527 4385 8527 4487 8527 4382 8528 4488 8528 4489 8528 4382 8529 4381 8529 4488 8529 4380 8530 4489 8530 4490 8530 4380 8531 4382 8531 4489 8531 4383 8532 4490 8532 4491 8532 4383 8533 4380 8533 4490 8533 4387 8534 4491 8534 4492 8534 4387 8535 4383 8535 4491 8535 4386 8536 4492 8536 4493 8536 4386 8537 4387 8537 4492 8537 4392 8538 4386 8538 4493 8538 4392 8539 4493 8539 4494 8539 4393 8540 4392 8540 4494 8540 4393 8541 4494 8541 4495 8541 4391 8542 4393 8542 4495 8542 4391 8543 4495 8543 4496 8543 4398 8544 4391 8544 4496 8544 4398 8545 4496 8545 4497 8545 4397 8546 4497 8546 4478 8546 4397 8547 4398 8547 4497 8547 4479 8548 4376 8548 4377 8548 4399 8549 4376 8549 4479 8549 1963 8550 1962 8550 1325 8550 1325 8551 1962 8551 1326 8551 1326 8552 1959 8552 1327 8552 1962 8553 1959 8553 1326 8553 1959 8554 1961 8554 1327 8554 1327 8555 1965 8555 1323 8555 1961 8556 1965 8556 1327 8556 1323 8557 1966 8557 1313 8557 1965 8558 1966 8558 1323 8558 1966 8559 1969 8559 1313 8559 1313 8560 1971 8560 1314 8560 1969 8561 1971 8561 1313 8561 1314 8562 1977 8562 1319 8562 1971 8563 1977 8563 1314 8563 1977 8564 1979 8564 1319 8564 1319 8565 1985 8565 1320 8565 1979 8566 1985 8566 1319 8566 1985 8567 1986 8567 1320 8567 1320 8568 1992 8568 1321 8568 1986 8569 1992 8569 1320 8569 1992 8570 1993 8570 1321 8570 1321 8571 1993 8571 1340 8571 1993 8572 1998 8572 1340 8572 1340 8573 2000 8573 1481 8573 1998 8574 2000 8574 1340 8574 2000 8575 2005 8575 1481 8575 1481 8576 2007 8576 1477 8576 2005 8577 2007 8577 1481 8577 1477 8578 2012 8578 1478 8578 2007 8579 2012 8579 1477 8579 1478 8580 2014 8580 1479 8580 2012 8581 2014 8581 1478 8581 2014 8582 2019 8582 1479 8582 1479 8583 2021 8583 1468 8583 2019 8584 2021 8584 1479 8584 1468 8585 2027 8585 1469 8585 2021 8586 2027 8586 1468 8586 2027 8587 2028 8587 1469 8587 1469 8588 2034 8588 1470 8588 2028 8589 2034 8589 1469 8589 1470 8590 2035 8590 1471 8590 2034 8591 2035 8591 1470 8591 1471 8592 2041 8592 1454 8592 2035 8593 2041 8593 1471 8593 2041 8594 2042 8594 1454 8594 1454 8595 2048 8595 1450 8595 2042 8596 2048 8596 1454 8596 1450 8597 2049 8597 1455 8597 2048 8598 2049 8598 1450 8598 2049 8599 2056 8599 1455 8599 1455 8600 2054 8600 1351 8600 2056 8601 2054 8601 1455 8601 2054 8602 1836 8602 1351 8602 227 8603 233 8603 230 8603 227 8604 240 8604 233 8604 265 8605 258 8605 252 8605 265 8606 259 8606 258 8606 218 8607 225 8607 223 8607 218 8608 227 8608 225 8608 218 8609 246 8609 240 8609 218 8610 252 8610 246 8610 218 8611 240 8611 227 8611 276 8612 265 8612 252 8612 282 8613 252 8613 218 8613 282 8614 276 8614 252 8614 283 8615 282 8615 218 8615 303 8616 218 8616 217 8616 303 8617 283 8617 218 8617 215 8618 303 8618 217 8618 212 8619 303 8619 215 8619 210 8620 303 8620 212 8620 207 8621 303 8621 210 8621 3238 8622 165 8622 124 8622 3109 8623 166 8623 163 8623 3109 8624 167 8624 166 8624 3109 8625 172 8625 167 8625 3109 8626 174 8626 172 8626 3109 8627 177 8627 174 8627 3109 8628 179 8628 177 8628 3109 8629 182 8629 179 8629 3109 8630 184 8630 182 8630 3109 8631 188 8631 184 8631 3109 8632 189 8632 188 8632 3109 8633 192 8633 189 8633 3109 8634 195 8634 192 8634 3109 8635 197 8635 195 8635 3109 8636 200 8636 197 8636 3109 8637 202 8637 200 8637 3109 8638 205 8638 202 8638 3109 8639 207 8639 205 8639 3152 8640 3109 8640 163 8640 3152 8641 165 8641 3238 8641 3152 8642 163 8642 165 8642 3161 8643 3152 8643 3238 8643 3162 8644 3161 8644 3238 8644 3166 8645 3162 8645 3238 8645 3218 8646 3153 8646 3166 8646 3218 8647 3166 8647 3238 8647 3156 8648 3153 8648 3218 8648 3453 8649 3217 8649 3211 8649 3453 8650 3218 8650 3217 8650 3453 8651 3452 8651 3156 8651 3453 8652 3156 8652 3218 8652 3205 8653 3453 8653 3211 8653 3199 8654 3453 8654 3205 8654 3169 8655 3168 8655 3453 8655 3193 8656 3453 8656 3199 8656 3171 8657 3169 8657 3453 8657 3187 8658 3453 8658 3193 8658 3173 8659 3171 8659 3453 8659 3180 8660 3453 8660 3187 8660 3177 8661 3173 8661 3453 8661 3177 8662 3453 8662 3180 8662 3109 8663 303 8663 207 8663 4498 8664 4499 8664 3755 8664 3755 8665 4499 8665 3756 8665 3756 8666 4500 8666 3757 8666 4499 8667 4500 8667 3756 8667 3757 8668 4501 8668 3758 8668 4500 8669 4501 8669 3757 8669 3758 8670 4502 8670 3759 8670 4501 8671 4502 8671 3758 8671 3759 8672 4503 8672 3760 8672 4502 8673 4503 8673 3759 8673 3760 8674 4504 8674 3761 8674 4503 8675 4504 8675 3760 8675 3761 8676 4505 8676 3762 8676 4504 8677 4505 8677 3761 8677 3762 8678 4506 8678 3763 8678 3763 8679 4506 8679 3764 8679 4505 8680 4506 8680 3762 8680 4506 8681 4507 8681 3764 8681 3764 8682 4508 8682 3765 8682 4507 8683 4508 8683 3764 8683 4508 8684 4509 8684 3765 8684 3765 8685 4509 8685 3766 8685 4509 8686 4510 8686 3766 8686 3766 8687 4510 8687 3767 8687 4510 8688 4511 8688 3767 8688 3767 8689 4511 8689 3768 8689 4511 8690 4512 8690 3768 8690 3768 8691 4512 8691 3769 8691 4512 8692 4513 8692 3769 8692 3769 8693 4513 8693 3770 8693 4513 8694 4514 8694 3770 8694 3770 8695 4514 8695 3771 8695 4514 8696 4515 8696 3771 8696 3771 8697 4515 8697 3773 8697 4515 8698 4516 8698 3773 8698 3773 8699 4516 8699 3775 8699 4516 8700 4517 8700 3775 8700 3775 8701 4517 8701 3777 8701 4517 8702 4518 8702 3777 8702 3777 8703 4518 8703 3779 8703 4518 8704 4519 8704 3779 8704 3779 8705 4519 8705 3781 8705 4519 8706 4520 8706 3781 8706 3781 8707 4520 8707 3783 8707 3783 8708 4521 8708 3785 8708 4520 8709 4521 8709 3783 8709 3785 8710 4522 8710 3787 8710 4521 8711 4522 8711 3785 8711 3787 8712 4523 8712 3789 8712 4522 8713 4523 8713 3787 8713 3789 8714 4524 8714 3791 8714 4523 8715 4524 8715 3789 8715 3791 8716 4525 8716 3793 8716 4524 8717 4525 8717 3791 8717 3793 8718 4526 8718 3795 8718 3795 8719 4526 8719 3797 8719 4525 8720 4526 8720 3793 8720 4526 8721 4527 8721 3797 8721 3797 8722 4528 8722 3799 8722 4527 8723 4528 8723 3797 8723 3799 8724 4529 8724 3800 8724 4528 8725 4529 8725 3799 8725 3800 8726 4530 8726 3801 8726 4529 8727 4530 8727 3800 8727 3801 8728 4531 8728 3802 8728 4530 8729 4531 8729 3801 8729 3802 8730 4532 8730 3803 8730 4531 8731 4532 8731 3802 8731 3803 8732 4533 8732 3804 8732 4532 8733 4533 8733 3803 8733 3804 8734 4534 8734 3805 8734 4533 8735 4534 8735 3804 8735 4534 8736 4535 8736 3805 8736 3805 8737 4535 8737 3806 8737 4535 8738 4536 8738 3806 8738 3806 8739 4536 8739 3807 8739 4536 8740 4537 8740 3807 8740 3807 8741 4537 8741 3808 8741 4537 8742 4538 8742 3808 8742 3808 8743 4538 8743 3809 8743 4538 8744 4539 8744 3809 8744 3809 8745 4539 8745 3810 8745 4539 8746 4540 8746 3810 8746 3810 8747 4540 8747 3811 8747 4540 8748 4541 8748 3811 8748 3811 8749 4541 8749 3812 8749 3812 8750 4541 8750 3813 8750 4541 8751 4542 8751 3813 8751 4542 8752 4543 8752 3813 8752 3813 8753 4543 8753 3814 8753 4543 8754 4544 8754 3814 8754 3814 8755 4544 8755 3815 8755 4544 8756 4545 8756 3815 8756 3815 8757 4545 8757 3816 8757 4545 8758 4546 8758 3816 8758 3816 8759 4546 8759 3817 8759 4546 8760 4547 8760 3817 8760 3817 8761 4547 8761 3818 8761 4547 8762 4548 8762 3818 8762 3818 8763 4548 8763 3819 8763 4548 8764 4549 8764 3819 8764 3819 8765 4549 8765 3820 8765 4549 8766 4550 8766 3820 8766 3820 8767 4550 8767 3821 8767 4550 8768 4551 8768 3821 8768 3821 8769 4551 8769 3822 8769 4551 8770 4552 8770 3822 8770 3822 8771 4552 8771 3823 8771 4552 8772 4553 8772 3823 8772 3823 8773 4553 8773 3824 8773 4553 8774 4554 8774 3824 8774 3824 8775 4554 8775 3825 8775 4554 8776 4555 8776 3825 8776 3825 8777 4555 8777 3826 8777 3826 8778 4556 8778 3827 8778 4555 8779 4556 8779 3826 8779 3827 8780 4557 8780 3828 8780 4556 8781 4557 8781 3827 8781 3828 8782 4558 8782 3829 8782 4557 8783 4558 8783 3828 8783 3829 8784 4559 8784 3830 8784 4558 8785 4559 8785 3829 8785 4559 8786 4560 8786 3830 8786 3830 8787 4560 8787 3831 8787 4560 8788 4561 8788 3831 8788 3831 8789 4561 8789 3832 8789 4561 8790 4562 8790 3832 8790 3832 8791 4562 8791 3833 8791 4562 8792 4563 8792 3833 8792 3833 8793 4563 8793 3798 8793 4563 8794 4564 8794 3798 8794 3798 8795 4564 8795 3796 8795 4564 8796 4565 8796 3796 8796 3796 8797 4565 8797 3794 8797 4565 8798 4566 8798 3794 8798 3794 8799 4566 8799 3792 8799 4566 8800 4567 8800 3792 8800 3792 8801 4567 8801 3790 8801 4567 8802 4568 8802 3790 8802 3790 8803 4568 8803 3788 8803 4568 8804 4569 8804 3788 8804 3788 8805 4569 8805 3786 8805 4569 8806 4570 8806 3786 8806 3786 8807 4570 8807 3784 8807 4570 8808 4571 8808 3784 8808 3784 8809 4571 8809 3782 8809 3782 8810 4572 8810 3780 8810 4571 8811 4572 8811 3782 8811 3780 8812 4573 8812 3778 8812 4572 8813 4573 8813 3780 8813 3778 8814 4574 8814 3776 8814 4573 8815 4574 8815 3778 8815 3776 8816 4575 8816 3774 8816 4574 8817 4575 8817 3776 8817 3774 8818 4576 8818 3754 8818 4575 8819 4576 8819 3774 8819 3754 8820 4577 8820 3753 8820 4576 8821 4577 8821 3754 8821 3753 8822 4578 8822 3752 8822 4577 8823 4578 8823 3753 8823 3752 8824 4579 8824 3751 8824 4578 8825 4579 8825 3752 8825 3751 8826 4580 8826 3750 8826 4579 8827 4580 8827 3751 8827 3750 8828 4581 8828 3749 8828 4580 8829 4581 8829 3750 8829 3749 8830 4582 8830 3748 8830 4581 8831 4582 8831 3749 8831 3748 8832 4583 8832 3747 8832 4582 8833 4583 8833 3748 8833 3747 8834 4584 8834 3746 8834 4583 8835 4584 8835 3747 8835 3746 8836 4585 8836 3745 8836 4584 8837 4585 8837 3746 8837 4585 8838 4586 8838 3745 8838 3745 8839 4586 8839 3744 8839 4586 8840 4587 8840 3744 8840 3744 8841 4587 8841 3743 8841 4587 8842 4588 8842 3743 8842 3743 8843 4588 8843 3742 8843 4588 8844 4589 8844 3742 8844 3742 8845 4589 8845 3741 8845 3741 8846 4590 8846 3740 8846 4589 8847 4590 8847 3741 8847 3740 8848 4591 8848 3739 8848 4590 8849 4591 8849 3740 8849 3739 8850 4592 8850 3738 8850 4591 8851 4592 8851 3739 8851 3738 8852 4593 8852 3737 8852 4592 8853 4593 8853 3738 8853 3737 8854 4594 8854 3736 8854 4593 8855 4594 8855 3737 8855 3736 8856 4595 8856 3734 8856 4594 8857 4595 8857 3736 8857 3734 8858 4596 8858 3732 8858 4595 8859 4596 8859 3734 8859 3732 8860 4597 8860 3730 8860 4596 8861 4597 8861 3732 8861 3730 8862 4598 8862 3728 8862 4597 8863 4598 8863 3730 8863 3728 8864 4599 8864 3726 8864 4598 8865 4599 8865 3728 8865 3726 8866 4600 8866 3724 8866 4599 8867 4600 8867 3726 8867 3724 8868 4601 8868 3722 8868 4600 8869 4601 8869 3724 8869 3722 8870 4602 8870 3720 8870 4601 8871 4602 8871 3722 8871 3720 8872 4603 8872 3718 8872 4602 8873 4603 8873 3720 8873 3718 8874 4604 8874 3716 8874 4603 8875 4604 8875 3718 8875 3716 8876 4605 8876 3714 8876 4604 8877 4605 8877 3716 8877 3714 8878 4606 8878 3712 8878 4605 8879 4606 8879 3714 8879 3712 8880 4607 8880 3710 8880 4606 8881 4607 8881 3712 8881 3710 8882 4608 8882 3709 8882 4607 8883 4608 8883 3710 8883 3709 8884 4609 8884 3708 8884 4608 8885 4609 8885 3709 8885 4609 8886 4610 8886 3708 8886 3708 8887 4610 8887 3711 8887 4610 8888 4611 8888 3711 8888 3711 8889 4611 8889 3713 8889 4611 8890 4612 8890 3713 8890 3713 8891 4612 8891 3715 8891 4612 8892 4613 8892 3715 8892 3715 8893 4613 8893 3717 8893 4613 8894 4614 8894 3717 8894 3717 8895 4614 8895 3719 8895 4614 8896 4615 8896 3719 8896 3719 8897 4615 8897 3721 8897 4615 8898 4616 8898 3721 8898 3721 8899 4616 8899 3723 8899 4616 8900 4617 8900 3723 8900 3723 8901 4617 8901 3725 8901 4617 8902 4618 8902 3725 8902 3725 8903 4618 8903 3727 8903 4618 8904 4619 8904 3727 8904 3727 8905 4619 8905 3729 8905 4619 8906 4620 8906 3729 8906 3729 8907 4620 8907 3731 8907 4620 8908 4621 8908 3731 8908 3731 8909 4621 8909 3733 8909 4621 8910 4622 8910 3733 8910 3733 8911 4622 8911 3735 8911 4622 8912 4623 8912 3735 8912 3735 8913 4623 8913 3772 8913 3772 8914 4498 8914 3755 8914 4623 8915 4498 8915 3772 8915 4624 8916 4609 8916 4608 8916 4625 8917 4624 8917 4608 8917 4625 8918 4608 8918 4607 8918 4626 8919 4610 8919 4609 8919 4626 8920 4609 8920 4624 8920 4627 8921 4607 8921 4606 8921 4627 8922 4625 8922 4607 8922 4628 8923 4611 8923 4610 8923 4628 8924 4610 8924 4626 8924 4629 8925 4627 8925 4606 8925 4629 8926 4606 8926 4605 8926 4630 8927 4612 8927 4611 8927 4630 8928 4611 8928 4628 8928 4631 8929 4605 8929 4604 8929 4631 8930 4629 8930 4605 8930 4632 8931 4613 8931 4612 8931 4632 8932 4612 8932 4630 8932 4633 8933 4604 8933 4603 8933 4633 8934 4631 8934 4604 8934 4634 8935 4613 8935 4632 8935 4634 8936 4614 8936 4613 8936 4635 8937 4603 8937 4602 8937 4635 8938 4633 8938 4603 8938 4636 8939 4615 8939 4614 8939 4636 8940 4614 8940 4634 8940 4637 8941 4602 8941 4601 8941 4637 8942 4635 8942 4602 8942 4638 8943 4616 8943 4615 8943 4638 8944 4615 8944 4636 8944 4639 8945 4601 8945 4600 8945 4639 8946 4637 8946 4601 8946 4640 8947 4616 8947 4638 8947 4640 8948 4617 8948 4616 8948 4641 8949 4600 8949 4599 8949 4641 8950 4639 8950 4600 8950 4642 8951 4618 8951 4617 8951 4642 8952 4617 8952 4640 8952 4643 8953 4599 8953 4598 8953 4643 8954 4641 8954 4599 8954 4644 8955 4619 8955 4618 8955 4644 8956 4618 8956 4642 8956 4645 8957 4643 8957 4598 8957 4645 8958 4598 8958 4597 8958 4646 8959 4620 8959 4619 8959 4646 8960 4619 8960 4644 8960 4647 8961 4645 8961 4597 8961 4647 8962 4597 8962 4596 8962 4648 8963 4621 8963 4620 8963 4648 8964 4620 8964 4646 8964 4649 8965 4647 8965 4596 8965 4649 8966 4596 8966 4595 8966 4650 8967 4622 8967 4621 8967 4650 8968 4621 8968 4648 8968 4651 8969 4649 8969 4595 8969 4651 8970 4595 8970 4594 8970 4652 8971 4623 8971 4622 8971 4652 8972 4622 8972 4650 8972 4653 8973 4594 8973 4593 8973 4653 8974 4651 8974 4594 8974 4654 8975 4498 8975 4623 8975 4654 8976 4623 8976 4652 8976 4655 8977 4653 8977 4593 8977 4655 8978 4593 8978 4592 8978 4656 8979 4498 8979 4654 8979 4656 8980 4499 8980 4498 8980 4657 8981 4655 8981 4592 8981 4657 8982 4592 8982 4591 8982 4658 8983 4500 8983 4499 8983 4658 8984 4499 8984 4656 8984 4659 8985 4657 8985 4591 8985 4659 8986 4591 8986 4590 8986 4660 8987 4501 8987 4500 8987 4660 8988 4500 8988 4658 8988 4661 8989 4659 8989 4590 8989 4661 8990 4590 8990 4589 8990 4662 8991 4502 8991 4501 8991 4662 8992 4501 8992 4660 8992 4663 8993 4661 8993 4589 8993 4663 8994 4589 8994 4588 8994 4664 8995 4503 8995 4502 8995 4664 8996 4502 8996 4662 8996 4665 8997 4663 8997 4588 8997 4665 8998 4588 8998 4587 8998 4666 8999 4504 8999 4503 8999 4666 9000 4503 9000 4664 9000 4667 9001 4665 9001 4587 9001 4667 9002 4587 9002 4586 9002 4668 9003 4505 9003 4504 9003 4668 9004 4504 9004 4666 9004 4669 9005 4667 9005 4586 9005 4669 9006 4586 9006 4585 9006 4670 9007 4506 9007 4505 9007 4670 9008 4505 9008 4668 9008 4671 9009 4669 9009 4585 9009 4671 9010 4585 9010 4584 9010 4672 9011 4507 9011 4506 9011 4672 9012 4506 9012 4670 9012 4673 9013 4671 9013 4584 9013 4673 9014 4584 9014 4583 9014 4674 9015 4508 9015 4507 9015 4674 9016 4507 9016 4672 9016 4675 9017 4673 9017 4583 9017 4675 9018 4583 9018 4582 9018 4676 9019 4509 9019 4508 9019 4676 9020 4508 9020 4674 9020 4677 9021 4675 9021 4582 9021 4677 9022 4582 9022 4581 9022 4678 9023 4510 9023 4509 9023 4678 9024 4509 9024 4676 9024 4679 9025 4677 9025 4581 9025 4679 9026 4581 9026 4580 9026 4680 9027 4511 9027 4510 9027 4680 9028 4510 9028 4678 9028 4681 9029 4580 9029 4579 9029 4681 9030 4679 9030 4580 9030 4682 9031 4512 9031 4511 9031 4682 9032 4511 9032 4680 9032 4683 9033 4681 9033 4579 9033 4683 9034 4579 9034 4578 9034 4684 9035 4513 9035 4512 9035 4684 9036 4512 9036 4682 9036 4685 9037 4683 9037 4578 9037 4577 9038 4685 9038 4578 9038 4686 9039 4513 9039 4684 9039 4687 9040 4685 9040 4577 9040 4514 9041 4513 9041 4686 9041 4688 9042 4514 9042 4686 9042 4576 9043 4689 9043 4687 9043 4576 9044 4687 9044 4577 9044 4515 9045 4514 9045 4688 9045 4515 9046 4688 9046 4690 9046 4575 9047 4689 9047 4576 9047 4575 9048 4691 9048 4689 9048 4516 9049 4515 9049 4690 9049 4516 9050 4690 9050 4692 9050 4574 9051 4693 9051 4691 9051 4574 9052 4691 9052 4575 9052 4517 9053 4516 9053 4692 9053 4517 9054 4692 9054 4694 9054 4573 9055 4695 9055 4693 9055 4573 9056 4693 9056 4574 9056 4518 9057 4694 9057 4696 9057 4518 9058 4517 9058 4694 9058 4572 9059 4697 9059 4695 9059 4572 9060 4695 9060 4573 9060 4519 9061 4696 9061 4698 9061 4519 9062 4518 9062 4696 9062 4571 9063 4699 9063 4697 9063 4571 9064 4697 9064 4572 9064 4520 9065 4698 9065 4700 9065 4520 9066 4519 9066 4698 9066 4570 9067 4701 9067 4699 9067 4570 9068 4699 9068 4571 9068 4521 9069 4700 9069 4702 9069 4521 9070 4520 9070 4700 9070 4569 9071 4703 9071 4701 9071 4569 9072 4701 9072 4570 9072 4522 9073 4702 9073 4704 9073 4522 9074 4521 9074 4702 9074 4568 9075 4705 9075 4703 9075 4568 9076 4703 9076 4569 9076 4523 9077 4704 9077 4706 9077 4523 9078 4522 9078 4704 9078 4567 9079 4707 9079 4705 9079 4567 9080 4705 9080 4568 9080 4524 9081 4706 9081 4708 9081 4524 9082 4523 9082 4706 9082 4566 9083 4709 9083 4707 9083 4566 9084 4707 9084 4567 9084 4525 9085 4708 9085 4710 9085 4525 9086 4524 9086 4708 9086 4565 9087 4711 9087 4709 9087 4565 9088 4709 9088 4566 9088 4526 9089 4710 9089 4712 9089 4526 9090 4525 9090 4710 9090 4564 9091 4713 9091 4711 9091 4564 9092 4711 9092 4565 9092 4527 9093 4712 9093 4714 9093 4527 9094 4526 9094 4712 9094 4563 9095 4715 9095 4713 9095 4563 9096 4713 9096 4564 9096 4528 9097 4527 9097 4714 9097 4528 9098 4714 9098 4716 9098 4562 9099 4717 9099 4715 9099 4562 9100 4715 9100 4563 9100 4529 9101 4716 9101 4718 9101 4529 9102 4528 9102 4716 9102 4561 9103 4719 9103 4717 9103 4561 9104 4717 9104 4562 9104 4530 9105 4529 9105 4718 9105 4530 9106 4718 9106 4720 9106 4560 9107 4721 9107 4719 9107 4560 9108 4719 9108 4561 9108 4531 9109 4720 9109 4722 9109 4531 9110 4530 9110 4720 9110 4559 9111 4723 9111 4721 9111 4559 9112 4721 9112 4560 9112 4532 9113 4531 9113 4722 9113 4532 9114 4722 9114 4724 9114 4558 9115 4725 9115 4723 9115 4558 9116 4723 9116 4559 9116 4533 9117 4532 9117 4724 9117 4533 9118 4724 9118 4726 9118 4557 9119 4725 9119 4558 9119 4557 9120 4727 9120 4725 9120 4534 9121 4533 9121 4726 9121 4534 9122 4726 9122 4728 9122 4556 9123 4727 9123 4557 9123 4556 9124 4729 9124 4727 9124 4535 9125 4534 9125 4728 9125 4535 9126 4728 9126 4730 9126 4555 9127 4731 9127 4729 9127 4555 9128 4729 9128 4556 9128 4536 9129 4535 9129 4730 9129 4536 9130 4730 9130 4732 9130 4554 9131 4731 9131 4555 9131 4554 9132 4733 9132 4731 9132 4537 9133 4536 9133 4732 9133 4537 9134 4732 9134 4734 9134 4553 9135 4735 9135 4733 9135 4553 9136 4733 9136 4554 9136 4538 9137 4537 9137 4734 9137 4538 9138 4734 9138 4736 9138 4552 9139 4737 9139 4735 9139 4552 9140 4735 9140 4553 9140 4539 9141 4538 9141 4736 9141 4539 9142 4736 9142 4738 9142 4551 9143 4737 9143 4552 9143 4551 9144 4739 9144 4737 9144 4540 9145 4539 9145 4738 9145 4540 9146 4738 9146 4740 9146 4550 9147 4741 9147 4739 9147 4550 9148 4739 9148 4551 9148 4541 9149 4540 9149 4740 9149 4541 9150 4740 9150 4742 9150 4549 9151 4741 9151 4550 9151 4549 9152 4743 9152 4741 9152 4542 9153 4541 9153 4742 9153 4542 9154 4742 9154 4744 9154 4548 9155 4743 9155 4549 9155 4548 9156 4745 9156 4743 9156 4543 9157 4744 9157 4746 9157 4543 9158 4542 9158 4744 9158 4547 9159 4747 9159 4745 9159 4547 9160 4745 9160 4548 9160 4544 9161 4746 9161 4748 9161 4544 9162 4543 9162 4746 9162 4546 9163 4749 9163 4747 9163 4546 9164 4747 9164 4547 9164 4545 9165 4544 9165 4748 9165 4545 9166 4748 9166 4749 9166 4545 9167 4749 9167 4546 9167 4750 9168 4751 9168 1799 9168 1799 9169 4751 9169 1801 9169 1801 9170 4752 9170 1802 9170 4751 9171 4752 9171 1801 9171 1802 9172 4753 9172 1837 9172 4752 9173 4753 9173 1802 9173 1837 9174 4754 9174 1838 9174 4753 9175 4754 9175 1837 9175 1838 9176 4755 9176 1839 9176 4754 9177 4755 9177 1838 9177 1839 9178 4756 9178 1840 9178 4755 9179 4756 9179 1839 9179 1840 9180 4757 9180 1841 9180 4756 9181 4757 9181 1840 9181 1841 9182 4758 9182 1842 9182 1842 9183 4758 9183 1843 9183 4757 9184 4758 9184 1841 9184 4758 9185 4759 9185 1843 9185 1843 9186 4760 9186 1844 9186 4759 9187 4760 9187 1843 9187 4760 9188 4761 9188 1844 9188 1844 9189 4761 9189 1845 9189 4761 9190 4762 9190 1845 9190 1845 9191 4762 9191 1846 9191 4762 9192 4763 9192 1846 9192 1846 9193 4763 9193 1847 9193 4763 9194 4764 9194 1847 9194 1847 9195 4764 9195 1848 9195 4764 9196 4765 9196 1848 9196 1848 9197 4765 9197 1849 9197 4765 9198 4766 9198 1849 9198 1849 9199 4766 9199 1850 9199 4766 9200 4767 9200 1850 9200 1850 9201 4767 9201 1851 9201 4767 9202 4768 9202 1851 9202 1851 9203 4768 9203 1852 9203 4768 9204 4769 9204 1852 9204 1852 9205 4769 9205 1853 9205 4769 9206 4770 9206 1853 9206 1853 9207 4770 9207 1854 9207 4770 9208 4771 9208 1854 9208 1854 9209 4771 9209 1855 9209 4771 9210 4772 9210 1855 9210 1855 9211 4772 9211 1856 9211 1856 9212 4773 9212 1857 9212 4772 9213 4773 9213 1856 9213 1857 9214 4774 9214 1858 9214 4773 9215 4774 9215 1857 9215 1858 9216 4775 9216 1859 9216 4774 9217 4775 9217 1858 9217 1859 9218 4776 9218 1860 9218 4775 9219 4776 9219 1859 9219 1860 9220 4777 9220 1861 9220 4776 9221 4777 9221 1860 9221 1861 9222 4778 9222 1862 9222 1862 9223 4778 9223 1863 9223 4777 9224 4778 9224 1861 9224 4778 9225 4779 9225 1863 9225 1863 9226 4780 9226 1864 9226 4779 9227 4780 9227 1863 9227 1864 9228 4781 9228 1865 9228 4780 9229 4781 9229 1864 9229 1865 9230 4782 9230 1866 9230 4781 9231 4782 9231 1865 9231 1866 9232 4783 9232 1867 9232 4782 9233 4783 9233 1866 9233 1867 9234 4784 9234 1868 9234 4783 9235 4784 9235 1867 9235 1868 9236 4785 9236 1869 9236 4784 9237 4785 9237 1868 9237 1869 9238 4786 9238 1870 9238 4785 9239 4786 9239 1869 9239 4786 9240 4787 9240 1870 9240 1870 9241 4787 9241 1871 9241 4787 9242 4788 9242 1871 9242 1871 9243 4788 9243 1872 9243 4788 9244 4789 9244 1872 9244 1872 9245 4789 9245 1873 9245 4789 9246 4790 9246 1873 9246 1873 9247 4790 9247 1874 9247 4790 9248 4791 9248 1874 9248 1874 9249 4791 9249 1875 9249 4791 9250 4792 9250 1875 9250 1875 9251 4792 9251 1876 9251 4792 9252 4793 9252 1876 9252 1876 9253 4793 9253 1877 9253 1877 9254 4793 9254 1878 9254 4793 9255 4794 9255 1878 9255 4794 9256 4795 9256 1878 9256 1878 9257 4795 9257 1879 9257 4795 9258 4796 9258 1879 9258 1879 9259 4796 9259 1880 9259 4796 9260 4797 9260 1880 9260 1880 9261 4797 9261 1881 9261 4797 9262 4798 9262 1881 9262 1881 9263 4798 9263 1882 9263 4798 9264 4799 9264 1882 9264 1882 9265 4799 9265 1883 9265 4799 9266 4800 9266 1883 9266 1883 9267 4800 9267 1884 9267 4800 9268 4801 9268 1884 9268 1884 9269 4801 9269 1885 9269 4801 9270 4802 9270 1885 9270 1885 9271 4802 9271 1886 9271 4802 9272 4803 9272 1886 9272 1886 9273 4803 9273 1887 9273 4803 9274 4804 9274 1887 9274 1887 9275 4804 9275 1888 9275 4804 9276 4805 9276 1888 9276 1888 9277 4805 9277 1889 9277 4805 9278 4806 9278 1889 9278 1889 9279 4806 9279 1890 9279 4806 9280 4807 9280 1890 9280 1890 9281 4807 9281 1891 9281 1891 9282 4808 9282 1892 9282 4807 9283 4808 9283 1891 9283 1892 9284 4809 9284 1893 9284 4808 9285 4809 9285 1892 9285 1893 9286 4810 9286 1894 9286 4809 9287 4810 9287 1893 9287 1894 9288 4811 9288 1835 9288 4810 9289 4811 9289 1894 9289 4811 9290 4812 9290 1835 9290 1835 9291 4812 9291 1834 9291 4812 9292 4813 9292 1834 9292 1834 9293 4813 9293 1833 9293 4813 9294 4814 9294 1833 9294 1833 9295 4814 9295 1832 9295 4814 9296 4815 9296 1832 9296 1832 9297 4815 9297 1831 9297 4815 9298 4816 9298 1831 9298 1831 9299 4816 9299 1830 9299 4816 9300 4817 9300 1830 9300 1830 9301 4817 9301 1829 9301 4817 9302 4818 9302 1829 9302 1829 9303 4818 9303 1828 9303 4818 9304 4819 9304 1828 9304 1828 9305 4819 9305 1827 9305 4819 9306 4820 9306 1827 9306 1827 9307 4820 9307 1826 9307 4820 9308 4821 9308 1826 9308 1826 9309 4821 9309 1825 9309 4821 9310 4822 9310 1825 9310 1825 9311 4822 9311 1824 9311 4822 9312 4823 9312 1824 9312 1824 9313 4823 9313 1823 9313 1823 9314 4824 9314 1822 9314 4823 9315 4824 9315 1823 9315 1822 9316 4825 9316 1821 9316 4824 9317 4825 9317 1822 9317 1821 9318 4826 9318 1820 9318 4825 9319 4826 9319 1821 9319 1820 9320 4827 9320 1819 9320 4826 9321 4827 9321 1820 9321 1819 9322 4828 9322 1818 9322 4827 9323 4828 9323 1819 9323 1818 9324 4829 9324 1817 9324 4828 9325 4829 9325 1818 9325 1817 9326 4830 9326 1803 9326 4829 9327 4830 9327 1817 9327 1803 9328 4831 9328 1804 9328 4830 9329 4831 9329 1803 9329 1804 9330 4832 9330 1805 9330 4831 9331 4832 9331 1804 9331 1805 9332 4833 9332 1806 9332 4832 9333 4833 9333 1805 9333 1806 9334 4834 9334 1807 9334 4833 9335 4834 9335 1806 9335 1807 9336 4835 9336 1808 9336 4834 9337 4835 9337 1807 9337 1808 9338 4836 9338 1809 9338 4835 9339 4836 9339 1808 9339 1809 9340 4837 9340 1810 9340 4836 9341 4837 9341 1809 9341 4837 9342 4838 9342 1810 9342 1810 9343 4838 9343 1811 9343 4838 9344 4839 9344 1811 9344 1811 9345 4839 9345 1812 9345 4839 9346 4840 9346 1812 9346 1812 9347 4840 9347 1813 9347 4840 9348 4841 9348 1813 9348 1813 9349 4841 9349 1814 9349 1814 9350 4842 9350 1815 9350 4841 9351 4842 9351 1814 9351 1815 9352 4843 9352 1816 9352 4842 9353 4843 9353 1815 9353 1816 9354 4844 9354 1800 9354 4843 9355 4844 9355 1816 9355 1800 9356 4845 9356 1798 9356 4844 9357 4845 9357 1800 9357 1798 9358 4846 9358 1796 9358 4845 9359 4846 9359 1798 9359 1796 9360 4847 9360 1794 9360 4846 9361 4847 9361 1796 9361 1794 9362 4848 9362 1792 9362 4847 9363 4848 9363 1794 9363 1792 9364 4849 9364 1790 9364 4848 9365 4849 9365 1792 9365 1790 9366 4850 9366 1788 9366 4849 9367 4850 9367 1790 9367 1788 9368 4851 9368 1786 9368 4850 9369 4851 9369 1788 9369 1786 9370 4852 9370 1784 9370 4851 9371 4852 9371 1786 9371 1784 9372 4853 9372 1782 9372 4852 9373 4853 9373 1784 9373 1782 9374 4854 9374 1780 9374 4853 9375 4854 9375 1782 9375 1780 9376 4855 9376 1778 9376 4854 9377 4855 9377 1780 9377 1778 9378 4856 9378 1776 9378 4855 9379 4856 9379 1778 9379 1776 9380 4857 9380 1774 9380 4856 9381 4857 9381 1776 9381 1774 9382 4858 9382 1772 9382 4857 9383 4858 9383 1774 9383 1772 9384 4859 9384 1770 9384 4858 9385 4859 9385 1772 9385 1770 9386 4860 9386 1769 9386 4859 9387 4860 9387 1770 9387 1769 9388 4861 9388 1768 9388 4860 9389 4861 9389 1769 9389 4861 9390 4862 9390 1768 9390 1768 9391 4862 9391 1771 9391 4862 9392 4863 9392 1771 9392 1771 9393 4863 9393 1773 9393 4863 9394 4864 9394 1773 9394 1773 9395 4864 9395 1775 9395 4864 9396 4865 9396 1775 9396 1775 9397 4865 9397 1777 9397 4865 9398 4866 9398 1777 9398 1777 9399 4866 9399 1779 9399 4866 9400 4867 9400 1779 9400 1779 9401 4867 9401 1781 9401 4867 9402 4868 9402 1781 9402 1781 9403 4868 9403 1783 9403 4868 9404 4869 9404 1783 9404 1783 9405 4869 9405 1785 9405 4869 9406 4870 9406 1785 9406 1785 9407 4870 9407 1787 9407 4870 9408 4871 9408 1787 9408 1787 9409 4871 9409 1789 9409 4871 9410 4872 9410 1789 9410 1789 9411 4872 9411 1791 9411 4872 9412 4873 9412 1791 9412 1791 9413 4873 9413 1793 9413 4873 9414 4874 9414 1793 9414 1793 9415 4874 9415 1795 9415 4874 9416 4875 9416 1795 9416 1795 9417 4875 9417 1797 9417 1797 9418 4750 9418 1799 9418 4875 9419 4750 9419 1797 9419 4876 9420 4861 9420 4860 9420 4877 9421 4876 9421 4860 9421 4877 9422 4860 9422 4859 9422 4878 9423 4862 9423 4861 9423 4878 9424 4861 9424 4876 9424 4879 9425 4859 9425 4858 9425 4879 9426 4877 9426 4859 9426 4880 9427 4863 9427 4862 9427 4880 9428 4862 9428 4878 9428 4881 9429 4879 9429 4858 9429 4881 9430 4858 9430 4857 9430 4882 9431 4864 9431 4863 9431 4882 9432 4863 9432 4880 9432 4883 9433 4857 9433 4856 9433 4883 9434 4881 9434 4857 9434 4884 9435 4865 9435 4864 9435 4884 9436 4864 9436 4882 9436 4885 9437 4856 9437 4855 9437 4885 9438 4883 9438 4856 9438 4886 9439 4865 9439 4884 9439 4886 9440 4866 9440 4865 9440 4887 9441 4855 9441 4854 9441 4887 9442 4885 9442 4855 9442 4888 9443 4867 9443 4866 9443 4888 9444 4866 9444 4886 9444 4889 9445 4854 9445 4853 9445 4889 9446 4887 9446 4854 9446 4890 9447 4868 9447 4867 9447 4890 9448 4867 9448 4888 9448 4891 9449 4853 9449 4852 9449 4891 9450 4889 9450 4853 9450 4892 9451 4868 9451 4890 9451 4892 9452 4869 9452 4868 9452 4893 9453 4852 9453 4851 9453 4893 9454 4891 9454 4852 9454 4894 9455 4870 9455 4869 9455 4894 9456 4869 9456 4892 9456 4895 9457 4851 9457 4850 9457 4895 9458 4893 9458 4851 9458 4896 9459 4871 9459 4870 9459 4896 9460 4870 9460 4894 9460 4897 9461 4895 9461 4850 9461 4897 9462 4850 9462 4849 9462 4898 9463 4872 9463 4871 9463 4898 9464 4871 9464 4896 9464 4899 9465 4897 9465 4849 9465 4899 9466 4849 9466 4848 9466 4900 9467 4873 9467 4872 9467 4900 9468 4872 9468 4898 9468 4901 9469 4899 9469 4848 9469 4901 9470 4848 9470 4847 9470 4902 9471 4874 9471 4873 9471 4902 9472 4873 9472 4900 9472 4903 9473 4901 9473 4847 9473 4903 9474 4847 9474 4846 9474 4904 9475 4875 9475 4874 9475 4904 9476 4874 9476 4902 9476 4905 9477 4846 9477 4845 9477 4905 9478 4903 9478 4846 9478 4906 9479 4750 9479 4875 9479 4906 9480 4875 9480 4904 9480 4907 9481 4905 9481 4845 9481 4907 9482 4845 9482 4844 9482 4908 9483 4750 9483 4906 9483 4908 9484 4751 9484 4750 9484 4909 9485 4907 9485 4844 9485 4909 9486 4844 9486 4843 9486 4910 9487 4752 9487 4751 9487 4910 9488 4751 9488 4908 9488 4911 9489 4909 9489 4843 9489 4911 9490 4843 9490 4842 9490 4912 9491 4753 9491 4752 9491 4912 9492 4752 9492 4910 9492 4913 9493 4911 9493 4842 9493 4913 9494 4842 9494 4841 9494 4914 9495 4754 9495 4753 9495 4914 9496 4753 9496 4912 9496 4915 9497 4913 9497 4841 9497 4915 9498 4841 9498 4840 9498 4916 9499 4755 9499 4754 9499 4916 9500 4754 9500 4914 9500 4917 9501 4915 9501 4840 9501 4917 9502 4840 9502 4839 9502 4918 9503 4756 9503 4755 9503 4918 9504 4755 9504 4916 9504 4919 9505 4917 9505 4839 9505 4919 9506 4839 9506 4838 9506 4920 9507 4757 9507 4756 9507 4920 9508 4756 9508 4918 9508 4921 9509 4919 9509 4838 9509 4921 9510 4838 9510 4837 9510 4922 9511 4758 9511 4757 9511 4922 9512 4757 9512 4920 9512 4923 9513 4921 9513 4837 9513 4923 9514 4837 9514 4836 9514 4924 9515 4759 9515 4758 9515 4924 9516 4758 9516 4922 9516 4925 9517 4923 9517 4836 9517 4925 9518 4836 9518 4835 9518 4926 9519 4760 9519 4759 9519 4926 9520 4759 9520 4924 9520 4927 9521 4925 9521 4835 9521 4927 9522 4835 9522 4834 9522 4928 9523 4761 9523 4760 9523 4928 9524 4760 9524 4926 9524 4929 9525 4927 9525 4834 9525 4929 9526 4834 9526 4833 9526 4930 9527 4762 9527 4761 9527 4930 9528 4761 9528 4928 9528 4931 9529 4929 9529 4833 9529 4931 9530 4833 9530 4832 9530 4932 9531 4763 9531 4762 9531 4932 9532 4762 9532 4930 9532 4933 9533 4832 9533 4831 9533 4933 9534 4931 9534 4832 9534 4934 9535 4764 9535 4763 9535 4934 9536 4763 9536 4932 9536 4935 9537 4933 9537 4831 9537 4935 9538 4831 9538 4830 9538 4936 9539 4765 9539 4764 9539 4936 9540 4764 9540 4934 9540 4937 9541 4935 9541 4830 9541 4829 9542 4937 9542 4830 9542 4938 9543 4765 9543 4936 9543 4939 9544 4937 9544 4829 9544 4766 9545 4765 9545 4938 9545 4940 9546 4766 9546 4938 9546 4828 9547 4941 9547 4939 9547 4828 9548 4939 9548 4829 9548 4767 9549 4766 9549 4940 9549 4767 9550 4940 9550 4942 9550 4827 9551 4941 9551 4828 9551 4827 9552 4943 9552 4941 9552 4768 9553 4767 9553 4942 9553 4768 9554 4942 9554 4944 9554 4826 9555 4945 9555 4943 9555 4826 9556 4943 9556 4827 9556 4769 9557 4768 9557 4944 9557 4769 9558 4944 9558 4946 9558 4825 9559 4947 9559 4945 9559 4825 9560 4945 9560 4826 9560 4770 9561 4946 9561 4948 9561 4770 9562 4769 9562 4946 9562 4824 9563 4949 9563 4947 9563 4824 9564 4947 9564 4825 9564 4771 9565 4948 9565 4950 9565 4771 9566 4770 9566 4948 9566 4823 9567 4951 9567 4949 9567 4823 9568 4949 9568 4824 9568 4772 9569 4950 9569 4952 9569 4772 9570 4771 9570 4950 9570 4822 9571 4953 9571 4951 9571 4822 9572 4951 9572 4823 9572 4773 9573 4952 9573 4954 9573 4773 9574 4772 9574 4952 9574 4821 9575 4955 9575 4953 9575 4821 9576 4953 9576 4822 9576 4774 9577 4954 9577 4956 9577 4774 9578 4773 9578 4954 9578 4820 9579 4957 9579 4955 9579 4820 9580 4955 9580 4821 9580 4775 9581 4956 9581 4958 9581 4775 9582 4774 9582 4956 9582 4819 9583 4959 9583 4957 9583 4819 9584 4957 9584 4820 9584 4776 9585 4958 9585 4960 9585 4776 9586 4775 9586 4958 9586 4818 9587 4961 9587 4959 9587 4818 9588 4959 9588 4819 9588 4777 9589 4960 9589 4962 9589 4777 9590 4776 9590 4960 9590 4817 9591 4963 9591 4961 9591 4817 9592 4961 9592 4818 9592 4778 9593 4962 9593 4964 9593 4778 9594 4777 9594 4962 9594 4816 9595 4965 9595 4963 9595 4816 9596 4963 9596 4817 9596 4779 9597 4964 9597 4966 9597 4779 9598 4778 9598 4964 9598 4815 9599 4967 9599 4965 9599 4815 9600 4965 9600 4816 9600 4780 9601 4779 9601 4966 9601 4780 9602 4966 9602 4968 9602 4814 9603 4969 9603 4967 9603 4814 9604 4967 9604 4815 9604 4781 9605 4968 9605 4970 9605 4781 9606 4780 9606 4968 9606 4813 9607 4971 9607 4969 9607 4813 9608 4969 9608 4814 9608 4782 9609 4781 9609 4970 9609 4782 9610 4970 9610 4972 9610 4812 9611 4973 9611 4971 9611 4812 9612 4971 9612 4813 9612 4783 9613 4972 9613 4974 9613 4783 9614 4782 9614 4972 9614 4811 9615 4975 9615 4973 9615 4811 9616 4973 9616 4812 9616 4784 9617 4783 9617 4974 9617 4784 9618 4974 9618 4976 9618 4810 9619 4977 9619 4975 9619 4810 9620 4975 9620 4811 9620 4785 9621 4784 9621 4976 9621 4785 9622 4976 9622 4978 9622 4809 9623 4977 9623 4810 9623 4809 9624 4979 9624 4977 9624 4786 9625 4785 9625 4978 9625 4786 9626 4978 9626 4980 9626 4808 9627 4979 9627 4809 9627 4808 9628 4981 9628 4979 9628 4787 9629 4786 9629 4980 9629 4787 9630 4980 9630 4982 9630 4807 9631 4983 9631 4981 9631 4807 9632 4981 9632 4808 9632 4788 9633 4787 9633 4982 9633 4788 9634 4982 9634 4984 9634 4806 9635 4983 9635 4807 9635 4806 9636 4985 9636 4983 9636 4789 9637 4788 9637 4984 9637 4789 9638 4984 9638 4986 9638 4805 9639 4987 9639 4985 9639 4805 9640 4985 9640 4806 9640 4790 9641 4789 9641 4986 9641 4790 9642 4986 9642 4988 9642 4804 9643 4989 9643 4987 9643 4804 9644 4987 9644 4805 9644 4791 9645 4790 9645 4988 9645 4791 9646 4988 9646 4990 9646 4803 9647 4989 9647 4804 9647 4803 9648 4991 9648 4989 9648 4792 9649 4791 9649 4990 9649 4792 9650 4990 9650 4992 9650 4802 9651 4993 9651 4991 9651 4802 9652 4991 9652 4803 9652 4793 9653 4792 9653 4992 9653 4793 9654 4992 9654 4994 9654 4801 9655 4993 9655 4802 9655 4801 9656 4995 9656 4993 9656 4794 9657 4793 9657 4994 9657 4794 9658 4994 9658 4996 9658 4800 9659 4995 9659 4801 9659 4800 9660 4997 9660 4995 9660 4795 9661 4996 9661 4998 9661 4795 9662 4794 9662 4996 9662 4799 9663 4999 9663 4997 9663 4799 9664 4997 9664 4800 9664 4796 9665 4998 9665 5000 9665 4796 9666 4795 9666 4998 9666 4798 9667 5001 9667 4999 9667 4798 9668 4999 9668 4799 9668 4797 9669 4796 9669 5000 9669 4797 9670 5000 9670 5001 9670 4797 9671 5001 9671 4798 9671 5002 9672 4970 9672 5003 9672 5003 9673 4968 9673 5004 9673 4970 9674 4968 9674 5003 9674 5004 9675 4966 9675 5005 9675 4968 9676 4966 9676 5004 9676 5005 9677 4964 9677 5006 9677 4966 9678 4964 9678 5005 9678 5006 9679 4962 9679 5007 9679 4964 9680 4962 9680 5006 9680 5007 9681 4960 9681 5008 9681 4962 9682 4960 9682 5007 9682 5008 9683 4958 9683 5009 9683 4960 9684 4958 9684 5008 9684 5009 9685 4956 9685 5010 9685 4958 9686 4956 9686 5009 9686 5010 9687 4954 9687 5011 9687 4956 9688 4954 9688 5010 9688 5011 9689 4952 9689 5012 9689 4954 9690 4952 9690 5011 9690 5012 9691 4950 9691 5013 9691 4952 9692 4950 9692 5012 9692 4950 9693 4948 9693 5013 9693 5013 9694 4948 9694 5014 9694 4948 9695 4946 9695 5014 9695 5014 9696 4946 9696 5015 9696 4946 9697 4944 9697 5015 9697 5015 9698 4944 9698 5016 9698 5016 9699 4942 9699 5017 9699 4944 9700 4942 9700 5016 9700 4942 9701 4940 9701 5017 9701 5017 9702 4940 9702 5018 9702 5018 9703 4938 9703 5019 9703 4940 9704 4938 9704 5018 9704 5019 9705 4936 9705 5020 9705 4938 9706 4936 9706 5019 9706 5020 9707 4934 9707 5021 9707 4936 9708 4934 9708 5020 9708 5021 9709 4932 9709 5022 9709 4934 9710 4932 9710 5021 9710 5022 9711 4930 9711 5023 9711 4932 9712 4930 9712 5022 9712 5023 9713 4928 9713 5024 9713 4930 9714 4928 9714 5023 9714 5024 9715 4926 9715 5025 9715 4928 9716 4926 9716 5024 9716 5025 9717 4924 9717 5026 9717 4926 9718 4924 9718 5025 9718 5026 9719 4922 9719 5027 9719 4924 9720 4922 9720 5026 9720 5027 9721 4920 9721 5028 9721 4922 9722 4920 9722 5027 9722 5028 9723 4918 9723 5029 9723 4920 9724 4918 9724 5028 9724 4918 9725 4916 9725 5029 9725 5029 9726 4916 9726 5030 9726 4916 9727 4914 9727 5030 9727 5030 9728 4914 9728 5031 9728 4914 9729 4912 9729 5031 9729 5031 9730 4912 9730 5032 9730 4912 9731 4910 9731 5032 9731 5032 9732 4910 9732 5033 9732 4910 9733 4908 9733 5033 9733 5033 9734 4908 9734 5034 9734 4908 9735 4906 9735 5034 9735 5034 9736 4906 9736 5035 9736 4906 9737 4904 9737 5035 9737 5035 9738 4904 9738 5036 9738 5036 9739 4902 9739 5037 9739 4904 9740 4902 9740 5036 9740 5037 9741 4900 9741 5038 9741 4902 9742 4900 9742 5037 9742 4900 9743 4898 9743 5038 9743 5038 9744 4898 9744 5039 9744 4898 9745 4896 9745 5039 9745 5039 9746 4896 9746 5040 9746 4896 9747 4894 9747 5040 9747 5040 9748 4894 9748 5041 9748 4894 9749 4892 9749 5041 9749 5041 9750 4892 9750 5042 9750 4892 9751 4890 9751 5042 9751 5042 9752 4890 9752 5043 9752 4890 9753 4888 9753 5043 9753 5043 9754 4888 9754 5044 9754 4888 9755 4886 9755 5044 9755 5044 9756 4886 9756 5045 9756 4886 9757 4884 9757 5045 9757 5045 9758 4884 9758 5046 9758 4884 9759 4882 9759 5046 9759 5046 9760 4882 9760 5047 9760 4882 9761 4880 9761 5047 9761 5047 9762 4880 9762 5048 9762 4880 9763 4878 9763 5048 9763 5048 9764 4878 9764 5049 9764 4878 9765 4876 9765 5049 9765 5049 9766 4876 9766 5050 9766 4876 9767 4877 9767 5050 9767 5050 9768 4877 9768 5051 9768 4877 9769 4879 9769 5051 9769 5051 9770 4879 9770 5052 9770 4879 9771 4881 9771 5052 9771 5052 9772 4881 9772 5053 9772 4881 9773 4883 9773 5053 9773 5053 9774 4883 9774 5054 9774 4883 9775 4885 9775 5054 9775 5054 9776 4885 9776 5055 9776 4885 9777 4887 9777 5055 9777 5055 9778 4887 9778 5056 9778 5056 9779 4889 9779 5057 9779 4887 9780 4889 9780 5056 9780 5057 9781 4891 9781 5058 9781 4889 9782 4891 9782 5057 9782 5058 9783 4893 9783 5059 9783 4891 9784 4893 9784 5058 9784 5059 9785 4895 9785 5060 9785 4893 9786 4895 9786 5059 9786 5060 9787 4897 9787 5061 9787 4895 9788 4897 9788 5060 9788 5061 9789 4899 9789 5062 9789 4897 9790 4899 9790 5061 9790 5062 9791 4901 9791 5063 9791 4899 9792 4901 9792 5062 9792 5063 9793 4903 9793 5064 9793 4901 9794 4903 9794 5063 9794 4903 9795 4905 9795 5064 9795 4905 9796 4907 9796 5064 9796 5065 9797 4907 9797 5066 9797 5064 9798 4907 9798 5065 9798 4907 9799 4909 9799 5066 9799 4909 9800 4911 9800 5066 9800 5067 9801 4911 9801 5068 9801 5066 9802 4911 9802 5067 9802 4911 9803 4913 9803 5068 9803 5068 9804 4913 9804 5069 9804 4913 9805 4915 9805 5069 9805 5069 9806 4915 9806 5070 9806 4915 9807 4917 9807 5070 9807 4917 9808 4919 9808 5070 9808 5070 9809 4919 9809 5071 9809 4919 9810 4921 9810 5071 9810 5072 9811 4921 9811 5073 9811 5071 9812 4921 9812 5072 9812 4921 9813 4923 9813 5073 9813 5073 9814 4923 9814 5074 9814 4923 9815 4925 9815 5074 9815 5074 9816 4925 9816 5075 9816 4925 9817 4927 9817 5075 9817 5075 9818 4927 9818 5076 9818 5076 9819 4929 9819 5077 9819 4927 9820 4929 9820 5076 9820 5077 9821 4931 9821 5078 9821 4929 9822 4931 9822 5077 9822 5078 9823 4933 9823 5079 9823 4931 9824 4933 9824 5078 9824 5079 9825 4935 9825 5080 9825 4933 9826 4935 9826 5079 9826 4935 9827 4937 9827 5080 9827 5081 9828 4939 9828 5082 9828 5080 9829 4939 9829 5081 9829 4937 9830 4939 9830 5080 9830 5082 9831 4941 9831 5083 9831 4939 9832 4941 9832 5082 9832 4941 9833 4943 9833 5083 9833 5084 9834 4945 9834 5085 9834 5083 9835 4945 9835 5084 9835 4943 9836 4945 9836 5083 9836 5085 9837 4947 9837 5086 9837 4945 9838 4947 9838 5085 9838 5086 9839 4949 9839 5087 9839 4947 9840 4949 9840 5086 9840 5087 9841 4951 9841 5088 9841 4949 9842 4951 9842 5087 9842 4951 9843 4953 9843 5088 9843 4953 9844 4955 9844 5088 9844 5089 9845 4955 9845 5090 9845 5088 9846 4955 9846 5089 9846 4955 9847 4957 9847 5090 9847 4957 9848 4959 9848 5090 9848 5090 9849 4959 9849 5091 9849 4959 9850 4961 9850 5091 9850 5092 9851 4961 9851 5093 9851 5091 9852 4961 9852 5092 9852 4961 9853 4963 9853 5093 9853 5093 9854 4963 9854 5094 9854 4963 9855 4965 9855 5094 9855 4965 9856 4967 9856 5094 9856 5095 9857 4967 9857 5096 9857 5094 9858 4967 9858 5095 9858 4967 9859 4969 9859 5096 9859 5096 9860 4969 9860 5097 9860 4969 9861 4971 9861 5097 9861 5098 9862 4973 9862 5099 9862 5097 9863 4973 9863 5098 9863 4971 9864 4973 9864 5097 9864 5099 9865 4975 9865 5100 9865 4973 9866 4975 9866 5099 9866 4975 9867 4977 9867 5100 9867 5101 9868 4979 9868 5102 9868 5100 9869 4979 9869 5101 9869 4977 9870 4979 9870 5100 9870 5102 9871 4981 9871 5103 9871 4979 9872 4981 9872 5102 9872 5103 9873 4983 9873 5104 9873 4981 9874 4983 9874 5103 9874 5104 9875 4985 9875 5105 9875 4983 9876 4985 9876 5104 9876 4985 9877 4987 9877 5105 9877 5106 9878 4989 9878 5107 9878 5105 9879 4989 9879 5106 9879 4987 9880 4989 9880 5105 9880 4989 9881 4991 9881 5107 9881 5107 9882 4993 9882 5108 9882 4991 9883 4993 9883 5107 9883 5109 9884 4995 9884 5110 9884 5108 9885 4995 9885 5109 9885 4993 9886 4995 9886 5108 9886 5110 9887 4997 9887 5111 9887 4995 9888 4997 9888 5110 9888 4997 9889 4999 9889 5111 9889 5111 9890 5001 9890 5112 9890 4999 9891 5001 9891 5111 9891 5112 9892 5000 9892 5113 9892 5001 9893 5000 9893 5112 9893 5114 9894 4998 9894 5115 9894 5113 9895 4998 9895 5114 9895 5000 9896 4998 9896 5113 9896 4998 9897 4996 9897 5115 9897 5115 9898 4996 9898 5116 9898 4996 9899 4994 9899 5116 9899 5116 9900 4994 9900 5117 9900 4994 9901 4992 9901 5117 9901 5117 9902 4992 9902 5118 9902 5118 9903 4990 9903 5119 9903 4992 9904 4990 9904 5118 9904 5119 9905 4988 9905 5120 9905 4990 9906 4988 9906 5119 9906 4988 9907 4986 9907 5120 9907 5121 9908 4984 9908 5122 9908 5120 9909 4984 9909 5121 9909 4986 9910 4984 9910 5120 9910 4984 9911 4982 9911 5122 9911 5122 9912 4980 9912 5123 9912 4982 9913 4980 9913 5122 9913 5124 9914 4978 9914 5125 9914 5123 9915 4978 9915 5124 9915 4980 9916 4978 9916 5123 9916 5125 9917 4976 9917 5126 9917 4978 9918 4976 9918 5125 9918 5126 9919 4974 9919 5127 9919 4976 9920 4974 9920 5126 9920 4974 9921 4972 9921 5127 9921 5127 9922 4970 9922 5002 9922 4972 9923 4970 9923 5127 9923 5128 9924 4718 9924 5129 9924 5129 9925 4716 9925 5130 9925 4718 9926 4716 9926 5129 9926 5130 9927 4714 9927 5131 9927 4716 9928 4714 9928 5130 9928 5131 9929 4712 9929 5132 9929 4714 9930 4712 9930 5131 9930 5132 9931 4710 9931 5133 9931 4712 9932 4710 9932 5132 9932 5133 9933 4708 9933 5134 9933 4710 9934 4708 9934 5133 9934 5134 9935 4706 9935 5135 9935 4708 9936 4706 9936 5134 9936 5135 9937 4704 9937 5136 9937 4706 9938 4704 9938 5135 9938 5136 9939 4702 9939 5137 9939 4704 9940 4702 9940 5136 9940 5137 9941 4700 9941 5138 9941 4702 9942 4700 9942 5137 9942 5138 9943 4698 9943 5139 9943 4700 9944 4698 9944 5138 9944 4698 9945 4696 9945 5139 9945 5139 9946 4696 9946 5140 9946 4696 9947 4694 9947 5140 9947 5140 9948 4694 9948 5141 9948 4694 9949 4692 9949 5141 9949 5141 9950 4692 9950 5142 9950 5142 9951 4690 9951 5143 9951 4692 9952 4690 9952 5142 9952 4690 9953 4688 9953 5143 9953 5143 9954 4688 9954 5144 9954 5144 9955 4686 9955 5145 9955 4688 9956 4686 9956 5144 9956 5145 9957 4684 9957 5146 9957 4686 9958 4684 9958 5145 9958 5146 9959 4682 9959 5147 9959 4684 9960 4682 9960 5146 9960 5147 9961 4680 9961 5148 9961 4682 9962 4680 9962 5147 9962 5148 9963 4678 9963 5149 9963 4680 9964 4678 9964 5148 9964 5149 9965 4676 9965 5150 9965 4678 9966 4676 9966 5149 9966 5150 9967 4674 9967 5151 9967 4676 9968 4674 9968 5150 9968 5151 9969 4672 9969 5152 9969 4674 9970 4672 9970 5151 9970 5152 9971 4670 9971 5153 9971 4672 9972 4670 9972 5152 9972 5153 9973 4668 9973 5154 9973 4670 9974 4668 9974 5153 9974 5154 9975 4666 9975 5155 9975 4668 9976 4666 9976 5154 9976 4666 9977 4664 9977 5155 9977 5155 9978 4664 9978 5156 9978 4664 9979 4662 9979 5156 9979 5156 9980 4662 9980 5157 9980 4662 9981 4660 9981 5157 9981 5157 9982 4660 9982 5158 9982 4660 9983 4658 9983 5158 9983 5158 9984 4658 9984 5159 9984 4658 9985 4656 9985 5159 9985 5159 9986 4656 9986 5160 9986 4656 9987 4654 9987 5160 9987 5160 9988 4654 9988 5161 9988 4654 9989 4652 9989 5161 9989 5161 9990 4652 9990 5162 9990 5162 9991 4650 9991 5163 9991 4652 9992 4650 9992 5162 9992 5163 9993 4648 9993 5164 9993 4650 9994 4648 9994 5163 9994 4648 9995 4646 9995 5164 9995 5164 9996 4646 9996 5165 9996 4646 9997 4644 9997 5165 9997 5165 9998 4644 9998 5166 9998 4644 9999 4642 9999 5166 9999 5166 10000 4642 10000 5167 10000 4642 10001 4640 10001 5167 10001 5167 10002 4640 10002 5168 10002 4640 10003 4638 10003 5168 10003 5168 10004 4638 10004 5169 10004 4638 10005 4636 10005 5169 10005 5169 10006 4636 10006 5170 10006 4636 10007 4634 10007 5170 10007 5170 10008 4634 10008 5171 10008 4634 10009 4632 10009 5171 10009 5171 10010 4632 10010 5172 10010 4632 10011 4630 10011 5172 10011 5172 10012 4630 10012 5173 10012 4630 10013 4628 10013 5173 10013 5173 10014 4628 10014 5174 10014 4628 10015 4626 10015 5174 10015 5174 10016 4626 10016 5175 10016 4626 10017 4624 10017 5175 10017 5175 10018 4624 10018 5176 10018 4624 10019 4625 10019 5176 10019 5176 10020 4625 10020 5177 10020 4625 10021 4627 10021 5177 10021 5177 10022 4627 10022 5178 10022 4627 10023 4629 10023 5178 10023 5178 10024 4629 10024 5179 10024 4629 10025 4631 10025 5179 10025 5179 10026 4631 10026 5180 10026 4631 10027 4633 10027 5180 10027 5180 10028 4633 10028 5181 10028 4633 10029 4635 10029 5181 10029 5181 10030 4635 10030 5182 10030 5182 10031 4637 10031 5183 10031 4635 10032 4637 10032 5182 10032 5183 10033 4639 10033 5184 10033 4637 10034 4639 10034 5183 10034 5184 10035 4641 10035 5185 10035 4639 10036 4641 10036 5184 10036 5185 10037 4643 10037 5186 10037 4641 10038 4643 10038 5185 10038 5186 10039 4645 10039 5187 10039 4643 10040 4645 10040 5186 10040 5187 10041 4647 10041 5188 10041 4645 10042 4647 10042 5187 10042 5188 10043 4649 10043 5189 10043 4647 10044 4649 10044 5188 10044 5189 10045 4651 10045 5190 10045 4649 10046 4651 10046 5189 10046 4651 10047 4653 10047 5190 10047 4653 10048 4655 10048 5190 10048 5191 10049 4655 10049 5192 10049 5190 10050 4655 10050 5191 10050 4655 10051 4657 10051 5192 10051 4657 10052 4659 10052 5192 10052 5193 10053 4659 10053 5194 10053 5192 10054 4659 10054 5193 10054 4659 10055 4661 10055 5194 10055 5194 10056 4661 10056 5195 10056 4661 10057 4663 10057 5195 10057 5195 10058 4663 10058 5196 10058 4663 10059 4665 10059 5196 10059 4665 10060 4667 10060 5196 10060 5196 10061 4667 10061 5197 10061 4667 10062 4669 10062 5197 10062 5198 10063 4669 10063 5199 10063 5197 10064 4669 10064 5198 10064 4669 10065 4671 10065 5199 10065 5199 10066 4671 10066 5200 10066 4671 10067 4673 10067 5200 10067 5200 10068 4673 10068 5201 10068 4673 10069 4675 10069 5201 10069 5201 10070 4675 10070 5202 10070 5202 10071 4677 10071 5203 10071 4675 10072 4677 10072 5202 10072 5203 10073 4679 10073 5204 10073 4677 10074 4679 10074 5203 10074 5204 10075 4681 10075 5205 10075 4679 10076 4681 10076 5204 10076 5205 10077 4683 10077 5206 10077 4681 10078 4683 10078 5205 10078 4683 10079 4685 10079 5206 10079 5207 10080 4687 10080 5208 10080 5206 10081 4687 10081 5207 10081 4685 10082 4687 10082 5206 10082 5208 10083 4689 10083 5209 10083 4687 10084 4689 10084 5208 10084 4689 10085 4691 10085 5209 10085 5210 10086 4693 10086 5211 10086 5209 10087 4693 10087 5210 10087 4691 10088 4693 10088 5209 10088 5211 10089 4695 10089 5212 10089 4693 10090 4695 10090 5211 10090 5212 10091 4697 10091 5213 10091 4695 10092 4697 10092 5212 10092 5213 10093 4699 10093 5214 10093 4697 10094 4699 10094 5213 10094 4699 10095 4701 10095 5214 10095 4701 10096 4703 10096 5214 10096 5215 10097 4703 10097 5216 10097 5214 10098 4703 10098 5215 10098 4703 10099 4705 10099 5216 10099 4705 10100 4707 10100 5216 10100 5216 10101 4707 10101 5217 10101 4707 10102 4709 10102 5217 10102 5218 10103 4709 10103 5219 10103 5217 10104 4709 10104 5218 10104 4709 10105 4711 10105 5219 10105 5219 10106 4711 10106 5220 10106 4711 10107 4713 10107 5220 10107 4713 10108 4715 10108 5220 10108 5221 10109 4715 10109 5222 10109 5220 10110 4715 10110 5221 10110 4715 10111 4717 10111 5222 10111 5222 10112 4717 10112 5223 10112 4717 10113 4719 10113 5223 10113 5224 10114 4721 10114 5225 10114 5223 10115 4721 10115 5224 10115 4719 10116 4721 10116 5223 10116 5225 10117 4723 10117 5226 10117 4721 10118 4723 10118 5225 10118 4723 10119 4725 10119 5226 10119 5227 10120 4727 10120 5228 10120 5226 10121 4727 10121 5227 10121 4725 10122 4727 10122 5226 10122 5228 10123 4729 10123 5229 10123 4727 10124 4729 10124 5228 10124 5229 10125 4731 10125 5230 10125 4729 10126 4731 10126 5229 10126 5230 10127 4733 10127 5231 10127 4731 10128 4733 10128 5230 10128 4733 10129 4735 10129 5231 10129 5232 10130 4737 10130 5233 10130 5231 10131 4737 10131 5232 10131 4735 10132 4737 10132 5231 10132 4737 10133 4739 10133 5233 10133 5233 10134 4741 10134 5234 10134 4739 10135 4741 10135 5233 10135 5235 10136 4743 10136 5236 10136 5234 10137 4743 10137 5235 10137 4741 10138 4743 10138 5234 10138 5236 10139 4745 10139 5237 10139 4743 10140 4745 10140 5236 10140 4745 10141 4747 10141 5237 10141 5237 10142 4749 10142 5238 10142 4747 10143 4749 10143 5237 10143 5238 10144 4748 10144 5239 10144 4749 10145 4748 10145 5238 10145 5240 10146 4746 10146 5241 10146 5239 10147 4746 10147 5240 10147 4748 10148 4746 10148 5239 10148 4746 10149 4744 10149 5241 10149 5241 10150 4744 10150 5242 10150 4744 10151 4742 10151 5242 10151 5242 10152 4742 10152 5243 10152 4742 10153 4740 10153 5243 10153 5243 10154 4740 10154 5244 10154 5244 10155 4738 10155 5245 10155 4740 10156 4738 10156 5244 10156 5245 10157 4736 10157 5246 10157 4738 10158 4736 10158 5245 10158 4736 10159 4734 10159 5246 10159 5247 10160 4732 10160 5248 10160 5246 10161 4732 10161 5247 10161 4734 10162 4732 10162 5246 10162 4732 10163 4730 10163 5248 10163 5248 10164 4728 10164 5249 10164 4730 10165 4728 10165 5248 10165 5250 10166 4726 10166 5251 10166 5249 10167 4726 10167 5250 10167 4728 10168 4726 10168 5249 10168 5251 10169 4724 10169 5252 10169 4726 10170 4724 10170 5251 10170 5252 10171 4722 10171 5253 10171 4724 10172 4722 10172 5252 10172 4722 10173 4720 10173 5253 10173 5253 10174 4718 10174 5128 10174 4720 10175 4718 10175 5253 10175 5049 10176 5050 10176 1896 10176 1896 10177 5048 10177 5049 10177 5050 10178 5051 10178 1896 10178 1896 10179 5047 10179 5048 10179 1896 10180 5052 10180 1735 10180 5051 10181 5052 10181 1896 10181 1896 10182 5046 10182 5047 10182 5052 10183 5053 10183 1735 10183 1896 10184 5045 10184 5046 10184 5053 10185 5054 10185 1735 10185 1896 10186 5044 10186 5045 10186 5054 10187 5055 10187 1735 10187 1896 10188 5043 10188 5044 10188 5055 10189 5056 10189 1735 10189 1896 10190 5042 10190 5043 10190 5056 10191 5057 10191 1735 10191 1896 10192 5041 10192 5042 10192 5057 10193 5058 10193 1735 10193 1896 10194 5040 10194 5041 10194 5058 10195 5059 10195 1735 10195 1896 10196 5039 10196 5040 10196 5059 10197 5060 10197 1735 10197 1896 10198 5038 10198 5039 10198 5060 10199 5061 10199 1735 10199 1896 10200 5037 10200 5038 10200 5061 10201 5062 10201 1735 10201 1896 10202 5036 10202 5037 10202 5062 10203 5063 10203 1735 10203 1896 10204 5035 10204 5036 10204 5063 10205 5064 10205 1735 10205 1896 10206 5034 10206 5035 10206 1735 10207 5065 10207 1449 10207 5064 10208 5065 10208 1735 10208 1896 10209 5033 10209 5034 10209 5065 10210 5066 10210 1449 10210 1896 10211 5032 10211 5033 10211 5066 10212 5067 10212 1449 10212 1896 10213 5031 10213 5032 10213 5067 10214 5068 10214 1449 10214 1896 10215 5030 10215 5031 10215 5068 10216 5069 10216 1449 10216 1896 10217 5029 10217 5030 10217 5069 10218 5070 10218 1449 10218 1896 10219 5028 10219 5029 10219 5070 10220 5071 10220 1449 10220 1896 10221 5027 10221 5028 10221 5071 10222 5072 10222 1449 10222 5072 10223 5073 10223 1449 10223 5073 10224 5074 10224 1449 10224 5074 10225 5075 10225 1449 10225 5075 10226 5076 10226 1449 10226 5076 10227 5077 10227 1449 10227 5077 10228 5078 10228 1449 10228 5078 10229 1448 10229 1449 10229 5078 10230 5079 10230 1448 10230 5079 10231 5080 10231 1448 10231 5080 10232 5081 10232 1448 10232 5081 10233 5082 10233 1448 10233 5082 10234 5083 10234 1448 10234 5083 10235 5084 10235 1448 10235 5084 10236 5085 10236 1448 10236 5085 10237 5086 10237 1448 10237 5086 10238 5087 10238 1448 10238 5087 10239 5088 10239 1448 10239 5088 10240 5089 10240 1448 10240 5089 10241 5090 10241 1448 10241 5090 10242 5091 10242 1448 10242 5091 10243 5092 10243 1448 10243 5092 10244 5093 10244 1448 10244 5093 10245 5094 10245 1448 10245 5094 10246 5095 10246 1448 10246 5095 10247 5096 10247 1448 10247 5096 10248 5097 10248 1448 10248 5097 10249 5098 10249 1448 10249 5098 10250 5099 10250 1448 10250 5099 10251 5100 10251 1448 10251 5100 10252 5101 10252 1448 10252 5101 10253 5102 10253 1448 10253 5102 10254 5103 10254 1448 10254 5021 10255 4469 10255 5020 10255 5020 10256 4468 10256 5019 10256 5019 10257 4468 10257 5018 10257 4469 10258 4468 10258 5020 10258 5018 10259 4467 10259 5017 10259 4468 10260 4467 10260 5018 10260 5023 10261 4470 10261 5022 10261 5022 10262 4470 10262 5021 10262 5021 10263 4470 10263 4469 10263 5017 10264 4466 10264 5016 10264 5016 10265 4466 10265 5015 10265 4467 10266 4466 10266 5017 10266 5024 10267 4471 10267 5023 10267 5023 10268 4471 10268 4470 10268 5024 10269 4472 10269 4471 10269 5026 10270 4472 10270 5025 10270 5025 10271 4472 10271 5024 10271 5015 10272 4465 10272 5014 10272 4466 10273 4465 10273 5015 10273 5014 10274 4464 10274 5013 10274 5013 10275 4464 10275 5012 10275 4465 10276 4464 10276 5014 10276 5027 10277 4473 10277 5026 10277 1896 10278 4473 10278 5027 10278 5026 10279 4473 10279 4472 10279 1896 10280 4474 10280 4473 10280 4464 10281 4463 10281 5012 10281 5012 10282 4463 10282 5011 10282 5011 10283 4463 10283 5010 10283 1896 10284 4475 10284 4474 10284 5010 10285 4462 10285 5009 10285 4463 10286 4462 10286 5010 10286 1896 10287 4476 10287 4475 10287 5009 10288 4461 10288 5008 10288 4462 10289 4461 10289 5009 10289 1896 10290 4477 10290 4476 10290 5008 10291 4460 10291 5007 10291 5007 10292 4460 10292 5006 10292 4461 10293 4460 10293 5008 10293 5006 10294 4459 10294 5005 10294 5005 10295 4459 10295 5004 10295 5004 10296 4459 10296 5003 10296 5003 10297 4459 10297 5002 10297 4460 10298 4459 10298 5006 10298 5002 10299 4478 10299 5127 10299 5127 10300 4478 10300 5126 10300 5126 10301 4478 10301 5125 10301 5125 10302 4478 10302 5124 10302 4459 10303 4478 10303 5002 10303 5124 10304 4497 10304 5123 10304 5123 10305 4497 10305 5122 10305 4478 10306 4497 10306 5124 10306 5122 10307 4496 10307 5121 10307 4497 10308 4496 10308 5122 10308 5121 10309 4495 10309 5120 10309 4496 10310 4495 10310 5121 10310 5120 10311 4494 10311 5119 10311 5119 10312 4494 10312 5118 10312 4495 10313 4494 10313 5120 10313 4494 10314 4493 10314 5118 10314 5118 10315 4493 10315 5117 10315 5117 10316 4493 10316 5116 10316 5116 10317 4492 10317 5115 10317 4493 10318 4492 10318 5116 10318 5115 10319 4491 10319 5114 10319 5114 10320 4491 10320 5113 10320 4492 10321 4491 10321 5115 10321 4491 10322 4490 10322 5113 10322 5113 10323 4490 10323 5112 10323 4490 10324 4489 10324 5112 10324 5112 10325 4489 10325 5111 10325 5111 10326 4489 10326 5110 10326 4489 10327 4488 10327 5110 10327 5110 10328 4488 10328 5109 10328 5109 10329 4487 10329 5108 10329 5108 10330 4487 10330 5107 10330 4488 10331 4487 10331 5109 10331 4487 10332 4486 10332 5107 10332 5107 10333 4486 10333 5106 10333 5106 10334 4485 10334 5105 10334 5105 10335 4485 10335 5104 10335 4486 10336 4485 10336 5106 10336 5104 10337 4484 10337 5103 10337 4485 10338 4484 10338 5104 10338 5103 10339 4484 10339 1448 10339 4484 10340 4483 10340 1448 10340 4483 10341 4482 10341 1448 10341 4482 10342 4481 10342 1448 10342 4481 10343 4480 10343 1448 10343 4449 10344 5175 10344 4450 10344 4450 10345 5176 10345 4451 10345 5175 10346 5176 10346 4450 10346 4449 10347 5174 10347 5175 10347 5176 10348 5177 10348 4451 10348 4449 10349 5173 10349 5174 10349 4448 10350 5173 10350 4449 10350 5177 10351 5178 10351 4451 10351 4451 10352 5178 10352 4452 10352 4447 10353 5172 10353 4448 10353 4448 10354 5172 10354 5173 10354 5178 10355 5179 10355 4452 10355 4452 10356 5179 10356 4453 10356 4447 10357 5171 10357 5172 10357 5179 10358 5180 10358 4453 10358 4447 10359 5170 10359 5171 10359 4446 10360 5170 10360 4447 10360 4453 10361 5181 10361 4454 10361 5180 10362 5181 10362 4453 10362 4446 10363 5169 10363 5170 10363 4445 10364 5169 10364 4446 10364 5181 10365 5182 10365 4454 10365 4445 10366 5168 10366 5169 10366 4454 10367 5183 10367 4455 10367 5182 10368 5183 10368 4454 10368 4445 10369 5167 10369 5168 10369 4444 10370 5167 10370 4445 10370 4455 10371 5184 10371 4456 10371 5183 10372 5184 10372 4455 10372 4444 10373 5166 10373 5167 10373 4456 10374 5185 10374 4457 10374 5184 10375 5185 10375 4456 10375 5185 10376 5186 10376 4457 10376 4457 10377 5187 10377 4379 10377 5186 10378 5187 10378 4457 10378 5187 10379 5188 10379 4379 10379 5188 10380 5189 10380 4379 10380 5189 10381 5190 10381 4379 10381 5190 10382 5191 10382 4379 10382 4379 10383 5191 10383 4339 10383 5191 10384 5192 10384 4339 10384 5192 10385 5193 10385 4339 10385 5193 10386 5194 10386 4339 10386 5194 10387 5195 10387 4339 10387 4339 10388 5195 10388 4340 10388 5195 10389 5196 10389 4340 10389 4340 10390 5197 10390 4343 10390 5196 10391 5197 10391 4340 10391 4343 10392 5198 10392 4345 10392 5197 10393 5198 10393 4343 10393 4345 10394 5199 10394 4346 10394 5198 10395 5199 10395 4345 10395 5199 10396 5200 10396 4346 10396 4346 10397 5201 10397 4349 10397 5200 10398 5201 10398 4346 10398 5201 10399 5202 10399 4349 10399 4349 10400 5203 10400 4350 10400 5202 10401 5203 10401 4349 10401 5203 10402 5204 10402 4350 10402 4350 10403 5204 10403 4353 10403 5204 10404 5205 10404 4353 10404 4353 10405 5206 10405 4354 10405 5205 10406 5206 10406 4353 10406 4354 10407 5207 10407 4357 10407 5206 10408 5207 10408 4354 10408 5207 10409 5208 10409 4357 10409 5166 10410 3445 10410 5165 10410 5165 10411 3445 10411 5164 10411 5164 10412 3445 10412 5163 10412 5163 10413 3445 10413 5162 10413 5162 10414 3445 10414 5161 10414 5161 10415 3445 10415 5160 10415 5160 10416 3445 10416 5159 10416 4444 10417 3445 10417 5166 10417 4443 10418 3445 10418 4444 10418 5159 10419 3445 10419 5158 10419 4442 10420 3445 10420 4443 10420 5158 10421 3445 10421 5157 10421 4441 10422 3445 10422 4442 10422 5157 10423 3445 10423 5156 10423 4440 10424 3445 10424 4441 10424 5156 10425 3445 10425 5155 10425 5155 10426 3445 10426 5154 10426 5154 10427 3445 10427 5153 10427 5153 10428 3445 10428 5152 10428 5152 10429 3445 10429 5151 10429 5151 10430 3445 10430 5150 10430 5150 10431 3445 10431 5149 10431 5149 10432 3445 10432 5148 10432 5148 10433 3445 10433 5147 10433 5147 10434 3445 10434 5146 10434 5146 10435 3445 10435 5145 10435 5145 10436 3445 10436 5144 10436 5144 10437 3445 10437 5143 10437 5143 10438 3445 10438 5142 10438 4357 10439 5209 10439 4359 10439 5208 10440 5209 10440 4357 10440 3445 10441 5141 10441 5142 10441 4359 10442 5210 10442 4361 10442 5209 10443 5210 10443 4359 10443 5210 10444 5211 10444 4361 10444 4361 10445 5212 10445 4363 10445 5211 10446 5212 10446 4361 10446 4363 10447 5213 10447 4365 10447 5212 10448 5213 10448 4363 10448 5213 10449 5214 10449 4365 10449 5214 10450 5215 10450 4365 10450 4365 10451 5215 10451 4367 10451 5215 10452 5216 10452 4367 10452 5141 10453 3444 10453 5140 10453 5140 10454 3444 10454 5139 10454 5139 10455 3444 10455 5138 10455 5138 10456 3444 10456 5137 10456 5137 10457 3444 10457 5136 10457 5136 10458 3444 10458 5135 10458 5135 10459 3444 10459 5134 10459 5134 10460 3444 10460 5133 10460 5133 10461 3444 10461 5132 10461 5132 10462 3444 10462 5131 10462 5131 10463 3444 10463 5130 10463 5130 10464 3444 10464 5129 10464 5129 10465 3444 10465 5128 10465 3445 10466 3444 10466 5141 10466 5242 10467 0 10467 5241 10467 3444 10468 0 10468 5128 10468 5128 10469 0 10469 5253 10469 5253 10470 0 10470 5252 10470 5252 10471 0 10471 5251 10471 5251 10472 0 10472 5250 10472 5250 10473 0 10473 5249 10473 5249 10474 0 10474 5248 10474 5248 10475 0 10475 5247 10475 5247 10476 0 10476 5246 10476 5246 10477 0 10477 5245 10477 5245 10478 0 10478 5244 10478 5244 10479 0 10479 5243 10479 5243 10480 0 10480 5242 10480 5241 10481 3 10481 5240 10481 5240 10482 3 10482 5239 10482 5239 10483 3 10483 5238 10483 5238 10484 3 10484 5237 10484 5237 10485 3 10485 5236 10485 5236 10486 3 10486 5235 10486 5235 10487 3 10487 5234 10487 5234 10488 3 10488 5233 10488 5216 10489 3 10489 4367 10489 5233 10490 3 10490 5232 10490 5232 10491 3 10491 5231 10491 4373 10492 3 10492 4375 10492 5231 10493 3 10493 5230 10493 4371 10494 3 10494 4373 10494 5230 10495 3 10495 5229 10495 4369 10496 3 10496 4371 10496 4367 10497 3 10497 4369 10497 5229 10498 3 10498 5228 10498 5228 10499 3 10499 5227 10499 5227 10500 3 10500 5226 10500 5226 10501 3 10501 5225 10501 5225 10502 3 10502 5224 10502 5224 10503 3 10503 5223 10503 5223 10504 3 10504 5222 10504 5222 10505 3 10505 5221 10505 5221 10506 3 10506 5220 10506 5220 10507 3 10507 5219 10507 5219 10508 3 10508 5218 10508 5218 10509 3 10509 5217 10509 5217 10510 3 10510 5216 10510 0 10511 3 10511 5241 10511 1896 10512 3445 10512 4458 10512 1896 10513 4458 10513 4477 10513 4458 10514 3445 10514 4439 10514 4439 10515 3445 10515 4440 10515 3 10516 1448 10516 4377 10516 3 10517 4377 10517 4375 10517 4377 10518 1448 10518 4479 10518 4479 10519 1448 10519 4480 10519</p>
        </triangles>
      </mesh>
    </geometry>
    <geometry id="geometry1" name="Part__Feature001">
      <mesh>
        <source id="cubeverts-array1">
          <float_array count="0" id="cubeverts-array1-array" />
          <technique_common>
            <accessor count="0" source="#cubeverts-array1-array" stride="3">
              <param type="float" name="X" />
              <param type="float" name="Y" />
              <param type="float" name="Z" />
            </accessor>
          </technique_common>
        </source>
        <source id="cubenormals-array1">
          <float_array count="0" id="cubenormals-array1-array" />
          <technique_common>
            <accessor count="0" source="#cubenormals-array1-array" stride="3">
              <param type="float" name="X" />
              <param type="float" name="Y" />
              <param type="float" name="Z" />
            </accessor>
          </technique_common>
        </source>
        <vertices id="cubeverts-array1-vertices">
          <input semantic="POSITION" source="#cubeverts-array1" />
        </vertices>
        <triangles count="0" material="ref_Part__Feature001">
          <input offset="0" semantic="VERTEX" source="#cubeverts-array1-vertices" />
          <input offset="1" semantic="NORMAL" source="#cubenormals-array1" />
          <p />
        </triangles>
      </mesh>
    </geometry>
  </library_geometries>
  <library_materials>
    <material id="mat_Part__Feature" name="Part__Feature">
      <instance_effect url="#effect_Part__Feature" />
    </material>
    <material id="mat_Part__Feature001" name="Part__Feature001">
      <instance_effect url="#effect_Part__Feature001" />
    </material>
  </library_materials>
  <library_visual_scenes>
    <visual_scene id="myscene">
      <node id="node0" name="node0">
        <instance_geometry url="#geometry0">
          <bind_material>
            <technique_common>
              <instance_material symbol="ref_Part__Feature" target="#mat_Part__Feature" />
            </technique_common>
          </bind_material>
        </instance_geometry>
      </node>
      <node id="node1" name="node1">
        <instance_geometry url="#geometry1">
          <bind_material>
            <technique_common>
              <instance_material symbol="ref_Part__Feature001" target="#mat_Part__Feature001" />
            </technique_common>
          </bind_material>
        </instance_geometry>
      </node>
    </visual_scene>
  </library_visual_scenes>
  <scene>
    <instance_visual_scene url="#myscene" />
  </scene>
</COLLADA>
